단지명,건축년도,거래금액(만원),계약년,계약월,계약일,전용면적(㎡),층,법정동,지번,시군구코드,거래유형,매수자구분,매도자구분
간석래미안자이,2008,37000,2020,2,1,59.91,18,간석동,939-1,28200,,,
광명(606-13),1985,13200,2020,2,1,57.89,3,간석동,606-13,28200,,,
광명아파트,1991,23500,2020,2,1,84.38,10,만수동,1042,28200,,,
구월아시아드선수촌5단지,2015,37300,2020,2,1,74.94,6,구월동,1513,28200,,,
구월아시아드선수촌8단지,2015,39500,2020,2,1,84.97,26,구월동,1554,28200,,,
구월유승한내들퍼스티지,2016,48000,2020,2,1,84.3455,15,구월동,1508,28200,,,
구월유승한내들퍼스티지,2016,47500,2020,2,1,84.3455,13,구월동,1508,28200,,,
구월힐스테이트1단지,2007,46500,2020,2,1,115.6671,28,구월동,23,28200,,,
구월힐스테이트1단지,2007,47700,2020,2,1,115.6671,6,구월동,23,28200,,,
구월힐스테이트1단지,2007,36500,2020,2,1,83.9829,4,구월동,23,28200,,,
구월힐스테이트1단지,2007,39900,2020,2,1,84.8114,7,구월동,23,28200,,,
구월힐스테이트1단지,2007,35000,2020,2,1,59.9,3,구월동,23,28200,,,
구월힐스테이트1단지,2007,35500,2020,2,1,75.3036,3,구월동,23,28200,,,
구월힐스테이트1단지,2007,39900,2020,2,1,83.9829,15,구월동,23,28200,,,
구월힐스테이트1단지,2007,37500,2020,2,1,75.3036,12,구월동,23,28200,,,
구월힐스테이트1단지,2007,37300,2020,2,1,83.9829,10,구월동,23,28200,,,
구월힐스테이트1단지,2007,39000,2020,2,1,83.8913,26,구월동,23,28200,,,
금호,1987,20700,2020,2,1,43.08,11,간석동,495-5,28200,,,
남동아파트,1992,18000,2020,2,1,60,8,만수동,1014,28200,,,
남동아파트,1992,20000,2020,2,1,60,7,만수동,1014,28200,,,
냇마을신영지웰(9단지),2007,38000,2020,2,1,96.5212,15,논현동,604-1,28200,,,
냇마을신영지웰(9단지),2007,42000,2020,2,1,131.8954,7,논현동,604-1,28200,,,
논현단풍마을트리플에듀,2006,27850,2020,2,1,84.77,4,논현동,602-1,28200,,,
논현유승한내들,2018,26700,2020,2,1,56.1574,11,논현동,764-4,28200,,,
다정한마을서해그랑블,2004,29700,2020,2,1,84.83,6,간석동,407,28200,,,
두드림,2006,26300,2020,2,1,83.1052,5,구월동,6-3,28200,,,
롯데캐슬골드,2007,38500,2020,2,1,84.8114,4,구월동,24,28200,,,
롯데캐슬골드,2007,38000,2020,2,1,83.9829,16,구월동,24,28200,,,
롯데캐슬골드,2007,37600,2020,2,1,83.8726,6,구월동,24,28200,,,
롯데캐슬골드,2007,37500,2020,2,1,75.3036,21,구월동,24,28200,,,
롯데캐슬골드,2007,38400,2020,2,1,83.8913,28,구월동,24,28200,,,
롯데캐슬골드,2007,39000,2020,2,1,83.8726,7,구월동,24,28200,,,
롯데캐슬골드,2007,43000,2020,2,1,84.8114,17,구월동,24,28200,,,
롯데캐슬골드,2007,46000,2020,2,1,115.6671,7,구월동,24,28200,,,
만수뉴서울아파트,1992,9900,2020,2,1,34.65,8,만수동,1044,28200,,,
만수주공3단지,1986,18000,2020,2,1,53.85,4,만수동,46,28200,,,
만수주공4단지,1987,15800,2020,2,1,54.9,2,만수동,13,28200,,,
만수주공6단지,1986,13000,2020,2,1,38.52,2,만수동,20,28200,,,
벽산블루밍,2008,28000,2020,2,1,84.85,13,도림동,654-2,28200,,,
삼환1단지,1989,11100,2020,2,1,43.55,1,만수동,983-1,28200,,,
서창베라체아파트(11단지),2012,31400,2020,2,1,84.72,6,서창동,715,28200,,,
서창센트럴푸르지오,2018,37800,2020,2,1,74.98,9,서창동,682,28200,,,
서창센트럴푸르지오,2018,36000,2020,2,1,74.98,25,서창동,682,28200,,,
서창센트럴푸르지오,2018,37800,2020,2,1,74.98,17,서창동,682,28200,,,
서창센트럴푸르지오,2018,36700,2020,2,1,74.98,21,서창동,682,28200,,,
신동아,1990,21000,2020,2,1,84.91,6,만수동,5-426,28200,,,
신한,1988,6500,2020,2,1,38.605,5,만수동,2-21,28200,,,
어울림마을,2005,30850,2020,2,1,59.87,7,간석동,938-1,28200,,,
에코메트로6,2010,37700,2020,2,1,84.992,16,논현동,756-1,28200,,,
에코메트로7,2010,40000,2020,2,1,84.992,16,논현동,757-1,28200,,,
이삭(1086-1),2000,26800,2020,2,1,78.227,11,만수동,1086-1,28200,,,
이편한세상서창,2017,40400,2020,2,1,84.92,22,서창동,685,28200,,,
주공1단지,1998,19500,2020,2,1,59.13,14,논현동,564-1,28200,,,
주공1단지,1998,18200,2020,2,1,59.13,18,논현동,564-1,28200,,,
진흥(1036),1991,14350,2020,2,1,57.69,2,만수동,1036,28200,,,
팬더,1991,23700,2020,2,1,84.92,7,구월동,258,28200,,,
풍림,2000,18500,2020,2,1,59.7,19,논현동,577,28200,,,
한진,1980,17900,2020,2,1,61.16,11,간석동,519-4,28200,,,
향촌휴먼시아2단지,2012,31000,2020,2,1,84.98,22,만수동,1116-1,28200,,,
간석한신더휴,2019,32500,2020,2,2,59.925,16,간석동,616-6,28200,,,
구월아시아드선수촌8단지,2015,39000,2020,2,2,84.97,29,구월동,1554,28200,,,
냇마을신영지웰(9단지),2007,41900,2020,2,2,131.8954,18,논현동,604-1,28200,,,
논현단풍마을트리플에듀,2006,30000,2020,2,2,84.77,18,논현동,602-1,28200,,,
논현단풍마을트리플에듀,2006,30000,2020,2,2,84.79,17,논현동,602-1,28200,,,
에코메트로6,2010,36900,2020,2,2,84.946,31,논현동,756-1,28200,,,
에코메트로7,2010,39700,2020,2,2,84.986,34,논현동,757-1,28200,,,
인천간석휴먼시아2단지,2014,34700,2020,2,2,84.87,13,간석동,941,28200,,,
포레시안,2011,19600,2020,2,2,46.89,16,만수동,1115-1,28200,,,
포레시안,2011,20000,2020,2,2,46.89,2,만수동,1115-1,28200,,,
해창(1-4동),1984,22600,2020,2,2,64.88,5,구월동,70-26,28200,,,
휴먼시아동산마을,2006,26800,2020,2,2,84.6,3,논현동,603-1,28200,,,
구월아시아드선수촌2단지,2015,33000,2020,2,3,59.99,17,구월동,1485,28200,,,
구월아시아드선수촌5단지,2015,38500,2020,2,3,74.93,27,구월동,1513,28200,,,
구월아시아드선수촌센트럴자이,2015,53700,2020,2,3,101.95,23,구월동,1510,28200,,,
구월힐스테이트1단지,2007,54000,2020,2,3,133.827,8,구월동,23,28200,,,
냇마을신영지웰(9단지),2007,44000,2020,2,3,152.5702,12,논현동,604-1,28200,,,
논현단풍마을트리플에듀,2006,28900,2020,2,3,84.79,19,논현동,602-1,28200,,,
논현신일해피트리,2007,37800,2020,2,3,134.894,2,논현동,618-1,28200,,,
논현힐스테이트,2010,50000,2020,2,3,117.2657,21,논현동,732-1,28200,,,
논현힐스테이트,2010,56200,2020,2,3,145.7525,14,논현동,732-1,28200,,,
담방마을,1994,15500,2020,2,3,49.72,1,만수동,1049,28200,,,
동아(260-5),1991,31800,2020,2,3,126.66,8,구월동,260-5,28200,,,
롯데캐슬골드,2007,40800,2020,2,3,83.9829,14,구월동,24,28200,,,
롯데캐슬골드,2007,39500,2020,2,3,83.8913,22,구월동,24,28200,,,
롯데캐슬골드,2007,38000,2020,2,3,83.9829,9,구월동,24,28200,,,
만수뉴서울아파트,1992,9500,2020,2,3,34.65,13,만수동,1044,28200,,,
만수주공1단지,1985,13500,2020,2,3,39.72,3,만수동,29,28200,,,
만수주공5단지,1987,8200,2020,2,3,32.39,9,만수동,17,28200,,,
만수주공6단지,1986,10600,2020,2,3,38.52,5,만수동,20,28200,,,
벽산,2000,24800,2020,2,3,84.93,9,만수동,1114,28200,,,
벽산,1989,8000,2020,2,3,53.58,4,구월동,1312-6,28200,,,
벽산블루밍,2008,26400,2020,2,3,84.85,13,도림동,654-2,28200,,,
삼용,1988,11750,2020,2,3,48,5,만수동,902,28200,,,
서창센트럴푸르지오,2018,40250,2020,2,3,84.98,14,서창동,682,28200,,,
신세계,1980,18100,2020,2,3,85.44,14,구월동,342-1,28200,,,
어진마을한화꿈에그린(6단지),2007,36500,2020,2,3,101.31,5,논현동,634-1,28200,,,
어진마을한화꿈에그린(6단지),2007,40000,2020,2,3,119.951,22,논현동,634-1,28200,,,
에코메트로11,2009,35000,2020,2,3,84.993,6,논현동,774-1,28200,,,
에코메트로6,2010,27000,2020,2,3,84.947,7,논현동,756-1,28200,,,
주공그린빌2차,2003,25300,2020,2,3,84.8,11,도림동,630-1,28200,,,
팬더,1991,24500,2020,2,3,84.92,12,구월동,258,28200,,,
풍림아이원,2004,37900,2020,2,3,84.956,20,간석동,935,28200,,,
한국,1992,20300,2020,2,3,84.23,2,만수동,1045,28200,,,
한진,1980,16250,2020,2,3,61.16,10,간석동,519-4,28200,,,
현대모닝사이드,2002,27300,2020,2,3,84.9767,4,서창동,545,28200,,,
현대홈타운(900-153),2003,38000,2020,2,3,142.0528,2,간석동,900-153,28200,,,
휴먼시아동산마을,2006,28900,2020,2,3,84.69,1,논현동,603-1,28200,,,
"희망(1동,2동)",1983,16000,2020,2,3,61.745,4,간석동,193-2,28200,,,
광명아파트,1991,21300,2020,2,4,84.38,15,만수동,1042,28200,,,
구월아시아드선수촌5단지,2015,37300,2020,2,4,74.92,2,구월동,1513,28200,,,
구월아시아드선수촌8단지,2015,36000,2020,2,4,74.91,9,구월동,1554,28200,,,
구월아시아드선수촌8단지,2015,35800,2020,2,4,74.93,11,구월동,1554,28200,,,
구월아시아드선수촌센트럴자이,2015,54000,2020,2,4,101.92,18,구월동,1510,28200,,,
구월아시아드선수촌센트럴자이,2015,53750,2020,2,4,101.92,9,구월동,1510,28200,,,
구월유승한내들퍼스티지,2016,44500,2020,2,4,84.3455,2,구월동,1508,28200,,,
구월힐스테이트1단지,2007,47500,2020,2,4,115.6671,11,구월동,23,28200,,,
극동,1989,25500,2020,2,4,50.93,7,간석동,501,28200,,,
금호,1987,20000,2020,2,4,43.08,4,간석동,495-5,28200,,,
냇마을신영지웰(9단지),2007,43800,2020,2,4,152.5702,1,논현동,604-1,28200,,,
냇마을신영지웰(9단지),2007,37800,2020,2,4,96.5212,25,논현동,604-1,28200,,,
논현단풍마을트리플에듀,2006,28000,2020,2,4,84.55,3,논현동,602-1,28200,,,
논현유승한내들,2018,29300,2020,2,4,56.1574,39,논현동,764-4,28200,,,
논현힐스테이트,2010,50800,2020,2,4,132.6151,12,논현동,732-1,28200,,,
롯데캐슬골드,2007,36500,2020,2,4,83.8726,18,구월동,24,28200,,,
롯데캐슬골드,2007,38000,2020,2,4,83.8726,25,구월동,24,28200,,,
롯데캐슬골드,2007,43500,2020,2,4,84.8114,12,구월동,24,28200,,,
만수주공2단지,1987,23800,2020,2,4,75.24,9,만수동,29,28200,,,
별빛마을웰카운티(10단지),2008,33000,2020,2,4,101.53,2,논현동,601-1,28200,,,
복음,1983,10500,2020,2,4,52.8,1,간석동,384-3,28200,,,
삼환2단지,1990,20000,2020,2,4,68.38,11,만수동,966,28200,,,
서창베라체아파트(11단지),2012,27800,2020,2,4,59.85,18,서창동,715,28200,,,
어울림마을,2005,38800,2020,2,4,84.96,17,간석동,938-1,28200,,,
어진마을한화꿈에그린(6단지),2007,38000,2020,2,4,119.877,23,논현동,634-1,28200,,,
에코메트로10,2010,48200,2020,2,4,117.992,10,논현동,773-1,28200,,,
에코메트로11,2009,44000,2020,2,4,115.069,4,논현동,774-1,28200,,,
에코메트로12,2009,46800,2020,2,4,122.579,10,논현동,755-4,28200,,,
에코메트로6,2010,37000,2020,2,4,84.946,23,논현동,756-1,28200,,,
에코메트로7,2010,36500,2020,2,4,84.992,35,논현동,757-1,28200,,,
이삭,1999,30000,2020,2,4,111.74,5,간석동,934,28200,,,
인천간석휴먼시아1단지,2014,27800,2020,2,4,59.93,18,간석동,940,28200,,,
임광그대가,2007,37000,2020,2,4,134.54,4,서창동,560-2,28200,,,
주공2단지,1998,17800,2020,2,4,59.23,5,논현동,563-3,28200,,,
팬더,1988,8150,2020,2,4,42.6,3,간석동,774-8,28200,,,
풍림,2000,17500,2020,2,4,59.7,1,논현동,577,28200,,,
풍림아이원,2004,34900,2020,2,4,84.956,21,간석동,935,28200,,,
해창(1-4동),1984,22500,2020,2,4,64.88,2,구월동,70-26,28200,,,
향촌휴먼시아2단지,2012,30700,2020,2,4,84.98,13,만수동,1116-1,28200,,,
향촌휴먼시아2단지,2012,31200,2020,2,4,84.98,21,만수동,1116-1,28200,,,
휴먼시아동산마을,2006,28500,2020,2,4,84.6,18,논현동,603-1,28200,,,
간석신동아파밀리에명품,2007,24700,2020,2,5,59.9114,1,간석동,616-7,28200,,,
구월아시아드선수촌8단지,2015,40000,2020,2,5,84.97,26,구월동,1554,28200,,,
구월유승한내들퍼스티지,2016,47900,2020,2,5,84.3455,16,구월동,1508,28200,,,
구월힐스테이트1단지,2007,41000,2020,2,5,83.8913,27,구월동,23,28200,,,
구월힐스테이트1단지,2007,54500,2020,2,5,133.827,18,구월동,23,28200,,,
냇마을신영지웰(9단지),2007,39000,2020,2,5,96.5212,10,논현동,604-1,28200,,,
논현유승한내들,2018,24000,2020,2,5,56.1574,26,논현동,764-4,28200,,,
논현푸르지오 더퍼스트,2019,30500,2020,2,5,61.9875,12,논현동,810,28200,,,
담방마을,1994,8000,2020,2,5,46.12,1,만수동,1049,28200,,,
동남,1991,17250,2020,2,5,62.73,3,구월동,287,28200,,,
롯데캐슬골드,2007,30800,2020,2,5,59.9,1,구월동,24,28200,,,
만수주공10단지,1994,13000,2020,2,5,49.77,2,만수동,1043,28200,,,
만수주공2단지,1987,23500,2020,2,5,75.24,11,만수동,29,28200,,,
벽산블루밍,2008,28000,2020,2,5,84.85,9,도림동,654-2,28200,,,
별빛마을웰카운티(10단지),2008,40000,2020,2,5,128.33,9,논현동,601-1,28200,,,
복음,1983,12000,2020,2,5,53.34,2,간석동,384-3,28200,,,
삼환2단지,1990,15000,2020,2,5,50.26,10,만수동,966,28200,,,
서창퍼스트뷰(7단지),2012,30800,2020,2,5,84.28,6,서창동,699,28200,,,
세종보라,2000,18900,2020,2,5,58.11,4,간석동,230-4,28200,,,
어울림마을,2005,31600,2020,2,5,59.87,13,간석동,938-1,28200,,,
어진마을한화꿈에그린(6단지),2007,38500,2020,2,5,101.31,16,논현동,634-1,28200,,,
에코메트로12,2009,32300,2020,2,5,84.997,4,논현동,755-4,28200,,,
에코메트로7,2010,35500,2020,2,5,84.946,6,논현동,757-1,28200,,,
우성,1990,25300,2020,2,5,72.94,12,간석동,893-1,28200,,,
이편한세상서창,2017,40800,2020,2,5,84.92,13,서창동,685,28200,,,
인천간석휴먼시아1단지,2014,28000,2020,2,5,59.94,14,간석동,940,28200,,,
주공11단지,1997,14000,2020,2,5,49.65,13,만수동,1113,28200,,,
주공그린빌2차,2003,25800,2020,2,5,76.28,6,도림동,630-1,28200,,,
주공그린빌2차,2003,26900,2020,2,5,76.28,19,도림동,630-1,28200,,,
주공그린빌2차,2003,25000,2020,2,5,84.8,5,도림동,630-1,28200,,,
주원무지개,1985,20660,2020,2,5,54.99,2,간석동,454,28200,,,
태평1차,1995,18200,2020,2,5,59.885,9,서창동,537,28200,,,
풍림아이원,2004,27900,2020,2,5,59.862,4,간석동,935,28200,,,
한진,1980,17500,2020,2,5,62.34,11,간석동,519-4,28200,,,
현대홈타운(900-153),2003,37400,2020,2,5,142.0528,21,간석동,900-153,28200,,,
호반베르디움,2017,45000,2020,2,5,84.7403,14,서창동,702,28200,,,
호반베르디움,2017,45900,2020,2,5,84.7403,12,서창동,702,28200,,,
효성상아,1985,23700,2020,2,5,84.725,4,만수동,905,28200,,,
간석래미안자이,2008,54500,2020,2,6,119.52,5,간석동,939-1,28200,,,
간석한신더휴,2019,41300,2020,2,6,84.7915,7,간석동,616-6,28200,,,
구월유승한내들퍼스티지,2016,46800,2020,2,6,84.3455,5,구월동,1508,28200,,,
구월힐스테이트1단지,2007,43300,2020,2,6,84.8114,11,구월동,23,28200,,,
논현유승한내들,2018,29000,2020,2,6,56.1574,26,논현동,764-4,28200,,,
다정한마을서해그랑블,2004,30000,2020,2,6,84.83,3,간석동,407,28200,,,
담방마을,1994,14000,2020,2,6,49.72,6,만수동,1049,28200,,,
동국,1982,22850,2020,2,6,65.23,2,간석동,899,28200,,,
동진,1988,11800,2020,2,6,33.54,2,간석동,156-8,28200,,,
롯데캐슬골드,2007,37000,2020,2,6,83.8726,9,구월동,24,28200,,,
롯데캐슬골드,2007,37000,2020,2,6,83.9829,4,구월동,24,28200,,,
롯데캐슬골드,2007,37900,2020,2,6,83.7769,37,구월동,24,28200,,,
롯데캐슬골드,2007,32800,2020,2,6,59.9,9,구월동,24,28200,,,
롯데캐슬골드,2007,39900,2020,2,6,83.8726,8,구월동,24,28200,,,
미래타운,2017,14500,2020,2,6,45.87,11,간석동,107-4,28200,,,
벽산블루밍,2008,26700,2020,2,6,84.85,6,도림동,654-2,28200,,,
서창베라체아파트(11단지),2012,33300,2020,2,6,84.93,12,서창동,715,28200,,,
서창센트럴푸르지오,2018,36000,2020,2,6,74.98,18,서창동,682,28200,,,
서창퍼스트뷰(7단지),2012,41000,2020,2,6,120.97,2,서창동,699,28200,,,
신세계,1980,17800,2020,2,6,73.61,8,구월동,342-1,28200,,,
어울림마을,2005,37500,2020,2,6,84.96,20,간석동,938-1,28200,,,
어울림마을,2005,34700,2020,2,6,84.96,1,간석동,938-1,28200,,,
어울림마을,2005,38800,2020,2,6,84.96,10,간석동,938-1,28200,,,
어진마을한화꿈에그린(6단지),2007,36900,2020,2,6,119.877,20,논현동,634-1,28200,,,
어진마을한화꿈에그린(6단지),2007,37000,2020,2,6,119.877,19,논현동,634-1,28200,,,
에코메트로11,2009,38500,2020,2,6,101.991,13,논현동,774-1,28200,,,
에코메트로12,2009,51500,2020,2,6,154.104,11,논현동,755-4,28200,,,
에코에비뉴,2014,31000,2020,2,6,74.95,16,서창동,695,28200,,,
영종,1989,10000,2020,2,6,43.32,1,만수동,876-1,28200,,,
우정개나리,1983,11100,2020,2,6,56.16,5,구월동,1188,28200,,,
이편한세상서창,2017,42000,2020,2,6,84.92,10,서창동,685,28200,,,
이편한세상서창,2017,37500,2020,2,6,84.95,4,서창동,685,28200,,,
인천 소래논현구역 C10블록 에코메트로 3차 더 타워,2013,43500,2020,2,6,95.69,38,논현동,751-1,28200,,,
주공13단지(푸르내마을),2006,20000,2020,2,6,51.86,4,논현동,600-9,28200,,,
주공1단지,1998,17100,2020,2,6,59.13,2,논현동,564-1,28200,,,
태평1차,1995,18400,2020,2,6,59.885,15,서창동,537,28200,,,
풍림,2000,18800,2020,2,6,59.7,4,논현동,577,28200,,,
풍림,2000,19400,2020,2,6,59.7,8,논현동,577,28200,,,
현대(893-0),1991,27000,2020,2,6,84.99,4,간석동,893,28200,,,
현대홈타운(900-153),2003,37500,2020,2,6,142.0528,2,간석동,900-153,28200,,,
The레지던스아파트,2017,22900,2020,2,7,58.896,9,간석동,169-5,28200,,,
간석래미안자이,2008,44500,2020,2,7,84.98,3,간석동,939-1,28200,,,
구월아시아드선수촌2단지,2015,33200,2020,2,7,59.57,23,구월동,1485,28200,,,
구월아시아드선수촌2단지,2015,33800,2020,2,7,59.57,11,구월동,1485,28200,,,
구월아시아드선수촌5단지,2015,40000,2020,2,7,74.93,26,구월동,1513,28200,,,
구월아시아드선수촌5단지,2015,40800,2020,2,7,84.97,20,구월동,1513,28200,,,
구월아시아드선수촌5단지,2015,40500,2020,2,7,84.94,18,구월동,1513,28200,,,
구월아시아드선수촌센트럴자이,2015,53750,2020,2,7,101.93,21,구월동,1510,28200,,,
구월힐스테이트1단지,2007,48300,2020,2,7,115.6671,15,구월동,23,28200,,,
구월힐스테이트1단지,2007,38000,2020,2,7,83.8726,9,구월동,23,28200,,,
구월힐스테이트1단지,2007,37900,2020,2,7,84.8114,2,구월동,23,28200,,,
구월힐스테이트1단지,2007,50800,2020,2,7,115.6671,10,구월동,23,28200,,,
금원,1985,9000,2020,2,7,50.04,5,만수동,922-13,28200,,,
금호,1987,20000,2020,2,7,43.08,9,간석동,495-5,28200,,,
냇마을신영지웰(9단지),2007,43000,2020,2,7,131.8954,23,논현동,604-1,28200,,,
논현단풍마을트리플에듀,2006,29000,2020,2,7,84.99,2,논현동,602-1,28200,,,
논현신일해피트리,2007,43000,2020,2,7,156.168,11,논현동,618-1,28200,,,
동진,1988,13200,2020,2,7,37.66,5,간석동,156-8,28200,,,
롯데캐슬골드,2007,34900,2020,2,7,59.9,20,구월동,24,28200,,,
롯데캐슬골드,2007,37000,2020,2,7,83.8726,4,구월동,24,28200,,,
만수뉴서울아파트,1992,8900,2020,2,7,34.65,7,만수동,1044,28200,,,
만수주공6단지,1986,12000,2020,2,7,38.52,4,만수동,20,28200,,,
메종야베스,2017,20000,2020,2,7,49.7,6,구월동,1133-3,28200,,,
삼성,1984,11000,2020,2,7,37.74,4,만수동,968-1,28200,,,
서창센트럴푸르지오,2018,39300,2020,2,7,84.98,5,서창동,682,28200,,,
서창센트럴푸르지오,2018,36500,2020,2,7,74.98,10,서창동,682,28200,,,
성신(5-373외),1985,10000,2020,2,7,49.2,5,만수동,5-6,28200,,,
성신(5-373외),1985,10000,2020,2,7,49.2,1,만수동,5-6,28200,,,
신세계,1980,23800,2020,2,7,103.6,8,구월동,342-1,28200,,,
아주(5-318),1988,8200,2020,2,7,43.83,1,만수동,5-318,28200,,,
어울림마을,2005,31000,2020,2,7,59.87,12,간석동,938-1,28200,,,
어진마을한화꿈에그린(6단지),2007,37000,2020,2,7,119.951,21,논현동,634-1,28200,,,
에코메트로11,2009,37950,2020,2,7,84.993,7,논현동,774-1,28200,,,
에코메트로5,2010,39000,2020,2,7,84.986,25,논현동,755-1,28200,,,
에코메트로9,2011,54750,2020,2,7,150.777,19,논현동,766-1,28200,,,
인천간석휴먼시아1단지,2014,27200,2020,2,7,59.94,6,간석동,940,28200,,,
인천간석휴먼시아1단지,2014,33700,2020,2,7,84.86,8,간석동,940,28200,,,
"태화아파트101동,102동,103동,105동",1994,19900,2020,2,7,59.93,8,간석동,918-5,28200,,,
포레시안,2011,22400,2020,2,7,46.89,6,만수동,1115-1,28200,,,
향촌휴먼시아2단지,2012,32500,2020,2,7,84.8,15,만수동,1116-1,28200,,,
효성상아,1985,30800,2020,2,7,121.21,11,만수동,905,28200,,,
간석래미안자이,2008,51800,2020,2,8,119.52,4,간석동,939-1,28200,,,
간석래미안자이,2008,51500,2020,2,8,119.52,15,간석동,939-1,28200,,,
간석신동아파밀리에명품,2007,31500,2020,2,8,84.4571,16,간석동,616-7,28200,,,
간석신동아파밀리에명품,2007,25100,2020,2,8,59.9427,1,간석동,616-7,28200,,,
구월아시아드선수촌2단지,2015,27500,2020,2,8,51.56,23,구월동,1485,28200,,,
구월아시아드선수촌2단지,2015,27450,2020,2,8,51.95,4,구월동,1485,28200,,,
구월아시아드선수촌5단지,2015,39000,2020,2,8,74.94,29,구월동,1513,28200,,,
구월아시아드선수촌5단지,2015,40900,2020,2,8,84.94,17,구월동,1513,28200,,,
구월아시아드선수촌5단지,2015,38500,2020,2,8,74.93,25,구월동,1513,28200,,,
구월아시아드선수촌5단지,2015,37500,2020,2,8,74.92,5,구월동,1513,28200,,,
구월아시아드선수촌5단지,2015,38500,2020,2,8,74.93,11,구월동,1513,28200,,,
구월아시아드선수촌5단지,2015,38400,2020,2,8,74.93,27,구월동,1513,28200,,,
구월아시아드선수촌5단지,2015,41000,2020,2,8,84.97,13,구월동,1513,28200,,,
구월아시아드선수촌5단지,2015,38000,2020,2,8,74.94,8,구월동,1513,28200,,,
구월아시아드선수촌8단지,2015,39500,2020,2,8,84.97,29,구월동,1554,28200,,,
구월아시아드선수촌8단지,2015,36000,2020,2,8,74.94,12,구월동,1554,28200,,,
구월아시아드선수촌8단지,2015,36000,2020,2,8,74.93,17,구월동,1554,28200,,,
구월아시아드선수촌8단지,2015,37500,2020,2,8,84.97,2,구월동,1554,28200,,,
구월아시아드선수촌8단지,2015,34900,2020,2,8,74.91,2,구월동,1554,28200,,,
구월아시아드선수촌센트럴자이,2015,53700,2020,2,8,101.92,9,구월동,1510,28200,,,
구월유승한내들퍼스티지,2016,48000,2020,2,8,84.2631,3,구월동,1508,28200,,,
구월유승한내들퍼스티지,2016,47500,2020,2,8,84.3455,17,구월동,1508,28200,,,
구월유승한내들퍼스티지,2016,48500,2020,2,8,84.3455,14,구월동,1508,28200,,,
구월힐스테이트1단지,2007,41500,2020,2,8,83.8913,29,구월동,23,28200,,,
구월힐스테이트1단지,2007,34900,2020,2,8,59.9,18,구월동,23,28200,,,
구월힐스테이트1단지,2007,45000,2020,2,8,115.6671,6,구월동,23,28200,,,
구월힐스테이트1단지,2007,49000,2020,2,8,115.6671,19,구월동,23,28200,,,
구월힐스테이트1단지,2007,51000,2020,2,8,133.827,3,구월동,23,28200,,,
구월힐스테이트1단지,2007,45000,2020,2,8,115.6671,3,구월동,23,28200,,,
구월힐스테이트1단지,2007,36000,2020,2,8,75.3036,2,구월동,23,28200,,,
구월힐스테이트1단지,2007,48000,2020,2,8,115.6671,6,구월동,23,28200,,,
구월힐스테이트1단지,2007,41000,2020,2,8,83.7769,16,구월동,23,28200,,,
금호,1987,30700,2020,2,8,77.2,4,간석동,495-5,28200,,,
금호타운,1992,28300,2020,2,8,124.05,15,만수동,1048,28200,,,
냇마을신영지웰(9단지),2007,37200,2020,2,8,96.5212,4,논현동,604-1,28200,,,
냇마을신영지웰(9단지),2007,37900,2020,2,8,96.5212,12,논현동,604-1,28200,,,
논현단풍마을트리플에듀,2006,28900,2020,2,8,84.79,4,논현동,602-1,28200,,,
논현단풍마을트리플에듀,2006,31300,2020,2,8,84.77,13,논현동,602-1,28200,,,
논현단풍마을트리플에듀,2006,29500,2020,2,8,84.79,16,논현동,602-1,28200,,,
논현단풍마을트리플에듀,2006,28900,2020,2,8,84.38,10,논현동,602-1,28200,,,
논현힐스테이트,2010,49500,2020,2,8,132.6151,7,논현동,732-1,28200,,,
논현힐스테이트,2010,40300,2020,2,8,84.9974,27,논현동,732-1,28200,,,
담방마을,1994,14450,2020,2,8,49.72,2,만수동,1049,28200,,,
동남,1984,16300,2020,2,8,72.72,3,만수동,904-18,28200,,,
동진,1988,10800,2020,2,8,33.54,5,간석동,156-8,28200,,,
두진,1994,18300,2020,2,8,76.68,12,간석동,917-2,28200,,,
롯데캐슬골드,2007,39000,2020,2,8,84.8114,3,구월동,24,28200,,,
롯데캐슬골드,2007,45800,2020,2,8,115.6671,4,구월동,24,28200,,,
롯데캐슬골드,2007,36000,2020,2,8,83.8726,3,구월동,24,28200,,,
롯데캐슬골드,2007,39800,2020,2,8,83.7769,33,구월동,24,28200,,,
롯데캐슬골드,2007,29000,2020,2,8,46.8778,13,구월동,24,28200,,,
롯데캐슬골드,2007,37000,2020,2,8,83.9829,6,구월동,24,28200,,,
만수뉴서울아파트,1992,9200,2020,2,8,34.65,13,만수동,1044,28200,,,
만수주공2단지,1987,24000,2020,2,8,75.24,9,만수동,29,28200,,,
만수주공2단지,1987,17800,2020,2,8,54.9,3,만수동,29,28200,,,
만수주공2단지,1987,19500,2020,2,8,64.62,14,만수동,29,28200,,,
벽산,2000,22000,2020,2,8,59.805,19,만수동,1114,28200,,,
벽산,2000,22800,2020,2,8,59.805,8,만수동,1114,28200,,,
"삼보(가,나동)",1984,10800,2020,2,8,66.06,5,구월동,1187,28200,,,
삼익세라믹,1992,29300,2020,2,8,132.81,5,만수동,1038,28200,,,
삼환1단지,1989,17900,2020,2,8,59.05,10,만수동,983-1,28200,,,
서창센트럴푸르지오,2018,36300,2020,2,8,74.99,16,서창동,682,28200,,,
서창센트럴푸르지오,2018,41500,2020,2,8,84.98,16,서창동,682,28200,,,
서창센트럴푸르지오,2018,38000,2020,2,8,74.98,21,서창동,682,28200,,,
서창센트럴푸르지오,2018,37000,2020,2,8,74.98,22,서창동,682,28200,,,
서창센트럴푸르지오,2018,35500,2020,2,8,74.99,11,서창동,682,28200,,,
서창퍼스트뷰(7단지),2012,25500,2020,2,8,59.9,1,서창동,699,28200,,,
어울림마을,2005,38000,2020,2,8,84.96,19,간석동,938-1,28200,,,
어울림마을,2005,38800,2020,2,8,84.96,14,간석동,938-1,28200,,,
어울림마을,2005,37800,2020,2,8,84.96,8,간석동,938-1,28200,,,
어울림마을,2005,30300,2020,2,8,59.87,20,간석동,938-1,28200,,,
어울림마을,2005,38300,2020,2,8,84.96,16,간석동,938-1,28200,,,
어울림마을,2005,37600,2020,2,8,84.96,5,간석동,938-1,28200,,,
어진마을한화꿈에그린(6단지),2007,43000,2020,2,8,119.951,29,논현동,634-1,28200,,,
에코메트로11,2009,40000,2020,2,8,101.991,7,논현동,774-1,28200,,,
에코메트로11,2009,36800,2020,2,8,84.993,6,논현동,774-1,28200,,,
에코메트로12,2009,47000,2020,2,8,115.069,19,논현동,755-4,28200,,,
에코메트로12,2009,37650,2020,2,8,84.993,18,논현동,755-4,28200,,,
에코메트로12,2009,35000,2020,2,8,84.997,6,논현동,755-4,28200,,,
에코메트로5,2010,43500,2020,2,8,101.957,9,논현동,755-1,28200,,,
에코메트로5,2010,38500,2020,2,8,84.947,7,논현동,755-1,28200,,,
에코메트로6,2010,37350,2020,2,8,84.992,19,논현동,756-1,28200,,,
에코메트로7,2010,39800,2020,2,8,84.986,21,논현동,757-1,28200,,,
에코메트로7,2010,37400,2020,2,8,84.992,19,논현동,757-1,28200,,,
에코메트로7,2010,37500,2020,2,8,84.992,17,논현동,757-1,28200,,,
에코메트로7,2010,37500,2020,2,8,84.986,21,논현동,757-1,28200,,,
에코메트로7,2010,36000,2020,2,8,84.992,4,논현동,757-1,28200,,,
에코에비뉴,2014,29000,2020,2,8,74.92,14,서창동,695,28200,,,
우성,1990,27000,2020,2,8,84.97,13,간석동,893-1,28200,,,
웰스하임,2014,7600,2020,2,8,18.97,14,간석동,214-15,28200,,,
이삭(1086-1),2000,23200,2020,2,8,84.93,3,만수동,1086-1,28200,,,
인천간석휴먼시아1단지,2014,28700,2020,2,8,59.94,12,간석동,940,28200,,,
인천간석휴먼시아1단지,2014,27100,2020,2,8,59.93,13,간석동,940,28200,,,
인천간석휴먼시아2단지,2014,33500,2020,2,8,84.86,5,간석동,941,28200,,,
임광그대가,2007,37700,2020,2,8,84.99,10,서창동,560-2,28200,,,
주공13단지(푸르내마을),2006,24250,2020,2,8,59.71,19,논현동,600-9,28200,,,
주공13단지(푸르내마을),2006,21250,2020,2,8,51.86,9,논현동,600-9,28200,,,
주공2단지,1998,16400,2020,2,8,48.45,19,논현동,563-3,28200,,,
주공2단지,1998,24200,2020,2,8,83.84,8,논현동,563-3,28200,,,
팬더,1988,7200,2020,2,8,42.6,6,간석동,774-8,28200,,,
포레시안,2011,25800,2020,2,8,59.76,2,만수동,1115-1,28200,,,
풍림,2000,24500,2020,2,8,85,4,논현동,577,28200,,,
한진,1980,17500,2020,2,8,61.42,8,간석동,519-4,28200,,,
한진,1980,16300,2020,2,8,61.16,4,간석동,519-4,28200,,,
한진,1980,17500,2020,2,8,62.34,10,간석동,519-4,28200,,,
한진,1980,17900,2020,2,8,60.59,9,간석동,519-4,28200,,,
향촌휴먼시아2단지,2012,30900,2020,2,8,84.98,15,만수동,1116-1,28200,,,
현대모닝사이드,2002,24900,2020,2,8,84.9767,18,서창동,545,28200,,,
호반베르디움,2017,42400,2020,2,8,84.8552,15,서창동,702,28200,,,
휴먼시아동산마을,2006,28800,2020,2,8,84.69,12,논현동,603-1,28200,,,
휴먼시아동산마을,2006,28800,2020,2,8,84.6,11,논현동,603-1,28200,,,
간석래미안자이,2008,48000,2020,2,9,84.97,9,간석동,939-1,28200,,,
간석신동아파밀리에명품,2007,29500,2020,2,9,84.4571,9,간석동,616-7,28200,,,
광명아파트,1991,23500,2020,2,9,84.38,6,만수동,1042,28200,,,
구월유승한내들퍼스티지,2016,51000,2020,2,9,94.026,5,구월동,1508,28200,,,
대준블루인,2019,26900,2020,2,9,54.7,3,간석동,123-19,28200,,,
어진마을한화꿈에그린(6단지),2007,37500,2020,2,9,101.31,13,논현동,634-1,28200,,,
어진마을한화꿈에그린(6단지),2007,35500,2020,2,9,119.877,12,논현동,634-1,28200,,,
에코메트로11,2009,47300,2020,2,9,131.261,21,논현동,774-1,28200,,,
에코메트로11,2009,34500,2020,2,9,84.997,20,논현동,774-1,28200,,,
에코메트로5,2010,40500,2020,2,9,84.986,20,논현동,755-1,28200,,,
주공1단지,1998,17300,2020,2,9,59.13,2,논현동,564-1,28200,,,
청광플러스원아파트,2017,36200,2020,2,9,84.9944,9,서창동,640,28200,,,
간석신동아파밀리에명품,2007,29500,2020,2,10,84.4571,21,간석동,616-7,28200,,,
구월아시아드선수촌2단지,2015,27000,2020,2,10,51.95,8,구월동,1485,28200,,,
구월아시아드선수촌2단지,2015,28000,2020,2,10,51.95,10,구월동,1485,28200,,,
구월아시아드선수촌5단지,2015,38000,2020,2,10,74.92,7,구월동,1513,28200,,,
구월아시아드선수촌8단지,2015,36000,2020,2,10,74.94,11,구월동,1554,28200,,,
구월아시아드선수촌센트럴자이,2015,53500,2020,2,10,101.92,13,구월동,1510,28200,,,
구월힐스테이트1단지,2007,44000,2020,2,10,84.8114,11,구월동,23,28200,,,
구월힐스테이트1단지,2007,38900,2020,2,10,83.8726,16,구월동,23,28200,,,
구월힐스테이트3단지,2007,35500,2020,2,10,83.9829,17,구월동,20,28200,,,
냇마을신영지웰(9단지),2007,47000,2020,2,10,152.5702,18,논현동,604-1,28200,,,
논현 파크 포레,2009,29000,2020,2,10,84.94,12,논현동,580-1,28200,,,
논현유승한내들,2018,29700,2020,2,10,56.1574,31,논현동,764-4,28200,,,
논현푸르지오 더퍼스트,2019,32390,2020,2,10,61.9875,28,논현동,810,28200,,,
논현힐스테이트,2010,40700,2020,2,10,84.9974,29,논현동,732-1,28200,,,
다정한마을서해그랑블,2004,33900,2020,2,10,84.83,9,간석동,407,28200,,,
담방마을,1994,12500,2020,2,10,46.12,14,만수동,1049,28200,,,
두진,1994,19000,2020,2,10,76.68,18,간석동,917-2,28200,,,
롯데캐슬골드,2007,35900,2020,2,10,83.9829,1,구월동,24,28200,,,
롯데캐슬골드,2007,30400,2020,2,10,46.8778,20,구월동,24,28200,,,
롯데캐슬골드,2007,42500,2020,2,10,83.7769,28,구월동,24,28200,,,
만수뉴서울아파트,1992,9200,2020,2,10,34.65,7,만수동,1044,28200,,,
벽산,2000,25400,2020,2,10,84.93,6,만수동,1114,28200,,,
서창베라체아파트(11단지),2012,31750,2020,2,10,84.93,2,서창동,715,28200,,,
서창센트럴푸르지오,2018,37700,2020,2,10,74.98,25,서창동,682,28200,,,
서창센트럴푸르지오,2018,34500,2020,2,10,74.98,2,서창동,682,28200,,,
서창센트럴푸르지오,2018,39000,2020,2,10,84.98,22,서창동,682,28200,,,
서창자이,2008,38800,2020,2,10,141.855,3,서창동,561-1,28200,,,
서창자이,2008,38300,2020,2,10,119.089,6,서창동,561-1,28200,,,
서창퍼스트뷰(7단지),2012,24900,2020,2,10,59.9,2,서창동,699,28200,,,
송정,1988,10000,2020,2,10,44.04,2,구월동,1160,28200,,,
어울림마을,2005,39000,2020,2,10,101.69,2,간석동,938-1,28200,,,
어진마을한화꿈에그린(6단지),2007,36350,2020,2,10,101.31,18,논현동,634-1,28200,,,
어진마을한화꿈에그린(6단지),2007,37000,2020,2,10,119.951,24,논현동,634-1,28200,,,
에코메트로11,2009,41000,2020,2,10,101.991,18,논현동,774-1,28200,,,
에코메트로11,2009,38000,2020,2,10,101.991,4,논현동,774-1,28200,,,
에코메트로12,2009,37800,2020,2,10,84.997,14,논현동,755-4,28200,,,
에코메트로12,2009,35000,2020,2,10,84.993,1,논현동,755-4,28200,,,
에코메트로12,2009,35500,2020,2,10,84.997,9,논현동,755-4,28200,,,
에코메트로6,2010,39000,2020,2,10,84.992,24,논현동,756-1,28200,,,
이편한세상서창,2017,37800,2020,2,10,84.92,3,서창동,685,28200,,,
이편한세상서창,2017,38500,2020,2,10,84.95,22,서창동,685,28200,,,
인천간석휴먼시아1단지,2014,17400,2020,2,10,39.17,16,간석동,940,28200,,,
주공1단지,1998,17000,2020,2,10,59.13,7,논현동,564-1,28200,,,
진흥(1036),1991,14650,2020,2,10,57.69,2,만수동,1036,28200,,,
팬더,1988,7400,2020,2,10,42.6,4,간석동,774-8,28200,,,
포레시안,2011,35300,2020,2,10,84.93,7,만수동,1115-1,28200,,,
포레시안,2011,35700,2020,2,10,84.93,9,만수동,1115-1,28200,,,
포레시안,2011,26800,2020,2,10,59.76,13,만수동,1115-1,28200,,,
풍림,2000,21000,2020,2,10,85,2,논현동,577,28200,,,
풍림아이원,2004,34800,2020,2,10,84.956,12,간석동,935,28200,,,
한진,1980,17550,2020,2,10,62.34,7,간석동,519-4,28200,,,
(구)현광,1984,9400,2020,2,11,59.4,4,구월동,산16-1,28200,,,
간석한신더휴,2019,38500,2020,2,11,84.7915,4,간석동,616-6,28200,,,
공작(3-73),1989,7400,2020,2,11,39.29,3,만수동,3,28200,,,
구월아시아드선수촌2단지,2015,34000,2020,2,11,59.57,24,구월동,1485,28200,,,
구월아시아드선수촌5단지,2015,40000,2020,2,11,84.94,2,구월동,1513,28200,,,
구월아시아드선수촌8단지,2015,34800,2020,2,11,74.94,3,구월동,1554,28200,,,
구월유승한내들퍼스티지,2016,47800,2020,2,11,84.3455,25,구월동,1508,28200,,,
구월힐스테이트1단지,2007,53000,2020,2,11,133.827,8,구월동,23,28200,,,
구월힐스테이트1단지,2007,53000,2020,2,11,115.6671,16,구월동,23,28200,,,
구월힐스테이트1단지,2007,49500,2020,2,11,115.6671,6,구월동,23,28200,,,
구월힐스테이트1단지,2007,58500,2020,2,11,133.827,13,구월동,23,28200,,,
구월힐스테이트1단지,2007,38000,2020,2,11,75.3036,8,구월동,23,28200,,,
극동,1989,25200,2020,2,11,50.93,9,간석동,501,28200,,,
금호,1987,26500,2020,2,11,59.28,9,간석동,495-5,28200,,,
남동아파트,1992,15400,2020,2,11,51.72,5,만수동,1014,28200,,,
냇마을신영지웰(9단지),2007,44000,2020,2,11,131.8954,4,논현동,604-1,28200,,,
냇마을신영지웰(9단지),2007,38000,2020,2,11,96.5212,21,논현동,604-1,28200,,,
논현 파크 포레,2009,30400,2020,2,11,84.88,10,논현동,580-1,28200,,,
논현단풍마을트리플에듀,2006,29000,2020,2,11,84.38,4,논현동,602-1,28200,,,
논현신일해피트리,2007,38500,2020,2,11,101.872,10,논현동,618-1,28200,,,
논현힐스테이트,2010,47200,2020,2,11,117.2657,5,논현동,732-1,28200,,,
동아(260-5),1991,29000,2020,2,11,113.19,9,구월동,260-5,28200,,,
동아(260-5),1991,32300,2020,2,11,126.66,12,구월동,260-5,28200,,,
두진,1994,24200,2020,2,11,84.99,15,간석동,917-2,28200,,,
롯데캐슬골드,2007,58000,2020,2,11,133.827,19,구월동,24,28200,,,
롯데캐슬골드,2007,39900,2020,2,11,83.8726,19,구월동,24,28200,,,
롯데캐슬골드,2007,38500,2020,2,11,83.9829,9,구월동,24,28200,,,
롯데캐슬골드,2007,34000,2020,2,11,59.9,13,구월동,24,28200,,,
롯데캐슬골드,2007,28500,2020,2,11,46.8778,16,구월동,24,28200,,,
만수주공10단지,1994,13500,2020,2,11,49.77,5,만수동,1043,28200,,,
만수주공10단지,1994,13900,2020,2,11,49.77,4,만수동,1043,28200,,,
"삼보(가,나동)",1984,12000,2020,2,11,66.96,5,구월동,1187,28200,,,
삼환1단지,1989,15700,2020,2,11,50.26,2,만수동,983-1,28200,,,
서창센트라스아파트,2014,34800,2020,2,11,84.96,8,서창동,692,28200,,,
서창센트럴푸르지오,2018,40500,2020,2,11,84.98,7,서창동,682,28200,,,
서창퍼스트뷰(7단지),2012,33500,2020,2,11,101.27,2,서창동,699,28200,,,
송정,1988,10600,2020,2,11,44.04,1,구월동,1160,28200,,,
어울림마을,2005,37900,2020,2,11,84.96,3,간석동,938-1,28200,,,
어울림마을,2005,29000,2020,2,11,59.87,2,간석동,938-1,28200,,,
어진마을한화꿈에그린(6단지),2007,37500,2020,2,11,119.951,4,논현동,634-1,28200,,,
어진마을한화꿈에그린(6단지),2007,39000,2020,2,11,119.951,15,논현동,634-1,28200,,,
어진마을한화꿈에그린(6단지),2007,37700,2020,2,11,119.877,10,논현동,634-1,28200,,,
에코메트로12,2009,39000,2020,2,11,84.997,11,논현동,755-4,28200,,,
에코메트로12,2009,42300,2020,2,11,122.579,2,논현동,755-4,28200,,,
에코메트로7,2010,39000,2020,2,11,84.992,32,논현동,757-1,28200,,,
주공13단지(푸르내마을),2006,23300,2020,2,11,59.57,13,논현동,600-9,28200,,,
주공13단지(푸르내마을),2006,22700,2020,2,11,59.57,7,논현동,600-9,28200,,,
주공13단지(푸르내마을),2006,22000,2020,2,11,51.86,18,논현동,600-9,28200,,,
청광플러스원아파트,2017,35800,2020,2,11,84.9944,7,서창동,640,28200,,,
청광플러스원아파트,2017,37000,2020,2,11,84.9944,11,서창동,640,28200,,,
"태화아파트101동,102동,103동,105동",1994,19100,2020,2,11,59.93,14,간석동,918-5,28200,,,
포레시안,2011,34300,2020,2,11,84.95,4,만수동,1115-1,28200,,,
풍림,2000,18700,2020,2,11,59.7,18,논현동,577,28200,,,
한국,1992,22500,2020,2,11,84.23,5,만수동,1045,28200,,,
한진,1980,17250,2020,2,11,61.16,4,간석동,519-4,28200,,,
현대홈타운(900-153),2003,36400,2020,2,11,105.1401,12,간석동,900-153,28200,,,
현대홈타운(900-153),2003,33000,2020,2,11,105.1401,1,간석동,900-153,28200,,,
호반베르디움,2017,42500,2020,2,11,84.8552,20,서창동,702,28200,,,
효성상아,1985,27500,2020,2,11,84.955,10,만수동,905,28200,,,
"희망(1동,2동)",1983,18800,2020,2,11,61.745,5,간석동,193-2,28200,,,
간석신동아파밀리에명품,2007,29000,2020,2,12,84.4571,5,간석동,616-7,28200,,,
광명아파트,1991,24100,2020,2,12,84.38,11,만수동,1042,28200,,,
구월동파라디아빌딩,2014,7100,2020,2,12,14.21,16,구월동,1143-34,28200,,,
구월아시아드선수촌2단지,2015,28300,2020,2,12,51.95,6,구월동,1485,28200,,,
구월아시아드선수촌5단지,2015,39000,2020,2,12,74.94,14,구월동,1513,28200,,,
구월아시아드선수촌8단지,2015,37000,2020,2,12,74.91,21,구월동,1554,28200,,,
구월아시아드선수촌센트럴자이,2015,54000,2020,2,12,101.93,17,구월동,1510,28200,,,
구월힐스테이트1단지,2007,59500,2020,2,12,133.827,20,구월동,23,28200,,,
구월힐스테이트1단지,2007,48000,2020,2,12,115.6671,6,구월동,23,28200,,,
구월힐스테이트1단지,2007,48900,2020,2,12,115.6671,9,구월동,23,28200,,,
구월힐스테이트1단지,2007,40500,2020,2,12,83.7769,21,구월동,23,28200,,,
구월힐스테이트3단지,2007,40700,2020,2,12,84.8114,7,구월동,20,28200,,,
논현 파크 포레,2009,30500,2020,2,12,84.93,16,논현동,580-1,28200,,,
논현 파크 포레,2009,32000,2020,2,12,84.88,21,논현동,580-1,28200,,,
논현단풍마을트리플에듀,2006,29500,2020,2,12,84.79,14,논현동,602-1,28200,,,
논현단풍마을트리플에듀,2006,29500,2020,2,12,84.55,12,논현동,602-1,28200,,,
논현단풍마을트리플에듀,2006,29000,2020,2,12,84.55,4,논현동,602-1,28200,,,
논현신일해피트리,2007,38200,2020,2,12,134.894,8,논현동,618-1,28200,,,
논현신일해피트리,2007,43000,2020,2,12,156.168,16,논현동,618-1,28200,,,
논현신일해피트리,2007,41300,2020,2,12,134.894,13,논현동,618-1,28200,,,
논현유승한내들,2018,31300,2020,2,12,56.1574,18,논현동,764-4,28200,,,
논현푸르지오 더퍼스트,2019,32000,2020,2,12,61.9875,9,논현동,810,28200,,,
두진,1994,16800,2020,2,12,59.43,16,간석동,917-2,28200,,,
롯데캐슬골드,2007,43800,2020,2,12,115.6671,1,구월동,24,28200,,,
롯데캐슬골드,2007,28900,2020,2,12,46.8778,22,구월동,24,28200,,,
롯데캐슬골드,2007,35000,2020,2,12,59.9,11,구월동,24,28200,,,
만수주공3단지,1986,20700,2020,2,12,61.77,4,만수동,46,28200,,,
만수주공5단지,1987,11500,2020,2,12,41.3,2,만수동,17,28200,,,
벽산,2000,24400,2020,2,12,84.93,17,만수동,1114,28200,,,
별빛마을웰카운티(10단지),2008,44000,2020,2,12,153.8,20,논현동,601-1,28200,,,
별빛마을웰카운티(10단지),2008,38000,2020,2,12,101.53,16,논현동,601-1,28200,,,
서창센트럴푸르지오,2018,35500,2020,2,12,74.99,7,서창동,682,28200,,,
서창센트럴푸르지오,2018,36200,2020,2,12,74.98,4,서창동,682,28200,,,
서창센트럴푸르지오,2018,36000,2020,2,12,74.98,8,서창동,682,28200,,,
서창퍼스트뷰(7단지),2012,34500,2020,2,12,101.95,15,서창동,699,28200,,,
서창퍼스트뷰(7단지),2012,33800,2020,2,12,84.95,12,서창동,699,28200,,,
성신(5-373외),1985,12000,2020,2,12,49.2,3,만수동,5-6,28200,,,
신동아,1990,19000,2020,2,12,74.92,13,만수동,5-426,28200,,,
어울림마을,2005,37500,2020,2,12,84.96,8,간석동,938-1,28200,,,
어울림마을,2005,36000,2020,2,12,78.9,5,간석동,938-1,28200,,,
어울림마을,2005,32900,2020,2,12,59.87,12,간석동,938-1,28200,,,
어울림마을,2005,36000,2020,2,12,78.9,11,간석동,938-1,28200,,,
어진마을한화꿈에그린(6단지),2007,37000,2020,2,12,119.951,4,논현동,634-1,28200,,,
에코메트로11,2009,38000,2020,2,12,101.991,3,논현동,774-1,28200,,,
에코메트로11,2009,47500,2020,2,12,115.069,10,논현동,774-1,28200,,,
에코메트로11,2009,38500,2020,2,12,84.993,18,논현동,774-1,28200,,,
에코메트로5,2010,42000,2020,2,12,84.946,15,논현동,755-1,28200,,,
에코메트로6,2010,39000,2020,2,12,84.946,22,논현동,756-1,28200,,,
에코메트로7,2010,40000,2020,2,12,84.992,9,논현동,757-1,28200,,,
에코메트로7,2010,38000,2020,2,12,84.992,20,논현동,757-1,28200,,,
이편한세상서창,2017,40000,2020,2,12,84.92,16,서창동,685,28200,,,
이편한세상서창,2017,43000,2020,2,12,84.92,22,서창동,685,28200,,,
인천 소래논현구역 C10블록 에코메트로 3차 더 타워,2013,47000,2020,2,12,105.047,22,논현동,751-1,28200,,,
인천 소래논현구역 C10블록 에코메트로 3차 더 타워,2013,42000,2020,2,12,95.69,15,논현동,751-1,28200,,,
인천간석휴먼시아2단지,2014,34400,2020,2,12,84.87,18,간석동,941,28200,,,
인천간석휴먼시아2단지,2014,34800,2020,2,12,84.76,16,간석동,941,28200,,,
주공8단지,1989,11000,2020,2,12,44.94,13,만수동,1005,28200,,,
주공8단지,1989,10200,2020,2,12,38.64,12,만수동,1005,28200,,,
청광플러스원아파트,2017,37400,2020,2,12,84.9944,20,서창동,640,28200,,,
포레시안,2011,18500,2020,2,12,46.42,1,만수동,1115-1,28200,,,
포레시안,2011,31500,2020,2,12,84.35,21,만수동,1115-1,28200,,,
풍림,2000,19500,2020,2,12,59.7,14,논현동,577,28200,,,
풍림아이원,2004,28400,2020,2,12,59.862,19,간석동,935,28200,,,
풍림아이원,2004,25000,2020,2,12,59.862,1,간석동,935,28200,,,
휴먼시아동산마을,2006,30000,2020,2,12,84.6,13,논현동,603-1,28200,,,
휴먼시아동산마을,2006,29000,2020,2,12,84.69,13,논현동,603-1,28200,,,
The레지던스아파트,2017,19500,2020,2,13,58.896,13,간석동,169-5,28200,,,
구월아시아드선수촌2단지,2015,28500,2020,2,13,51.95,9,구월동,1485,28200,,,
구월아시아드선수촌8단지,2015,36800,2020,2,13,74.91,4,구월동,1554,28200,,,
구월유승한내들퍼스티지,2016,52500,2020,2,13,94.026,14,구월동,1508,28200,,,
구월힐스테이트1단지,2007,50000,2020,2,13,115.6671,4,구월동,23,28200,,,
구월힐스테이트1단지,2007,46000,2020,2,13,115.6671,2,구월동,23,28200,,,
구월힐스테이트1단지,2007,40000,2020,2,13,83.8726,3,구월동,23,28200,,,
구월힐스테이트1단지,2007,48000,2020,2,13,84.8114,21,구월동,23,28200,,,
구월힐스테이트1단지,2007,46000,2020,2,13,115.6671,2,구월동,23,28200,,,
구월힐스테이트1단지,2007,42000,2020,2,13,84.8114,15,구월동,23,28200,,,
구월힐스테이트1단지,2007,36300,2020,2,13,83.8726,23,구월동,23,28200,,,
금호,1987,32500,2020,2,13,99.14,5,간석동,495-5,28200,,,
냇마을신영지웰(9단지),2007,40000,2020,2,13,96.5212,12,논현동,604-1,28200,,,
논현 파크 포레,2009,29800,2020,2,13,84.93,6,논현동,580-1,28200,,,
논현유승한내들,2018,30000,2020,2,13,56.1574,37,논현동,764-4,28200,,,
도림아이파크,2008,33600,2020,2,13,101.7261,7,도림동,651-1,28200,,,
동남,1991,13900,2020,2,13,59.94,5,구월동,287,28200,,,
만수주공3단지,1986,22000,2020,2,13,61.77,4,만수동,46,28200,,,
만수주공5단지,1987,12400,2020,2,13,41.3,7,만수동,17,28200,,,
별빛마을웰카운티(10단지),2008,38200,2020,2,13,101.42,7,논현동,601-1,28200,,,
별빛마을웰카운티(10단지),2008,40500,2020,2,13,101.42,18,논현동,601-1,28200,,,
별빛마을웰카운티(10단지),2008,36350,2020,2,13,101.53,17,논현동,601-1,28200,,,
삼환1단지,1989,17600,2020,2,13,59.05,5,만수동,983-1,28200,,,
신세계,1980,22000,2020,2,13,85.44,9,구월동,342-1,28200,,,
어울림마을,2005,37400,2020,2,13,84.96,5,간석동,938-1,28200,,,
어진마을한화꿈에그린(6단지),2007,39400,2020,2,13,119.951,21,논현동,634-1,28200,,,
어진마을한화꿈에그린(6단지),2007,37500,2020,2,13,101.31,21,논현동,634-1,28200,,,
어진마을한화꿈에그린(6단지),2007,38300,2020,2,13,119.877,18,논현동,634-1,28200,,,
에코메트로10,2010,57800,2020,2,13,143.265,8,논현동,773-1,28200,,,
에코메트로11,2009,34500,2020,2,13,84.997,13,논현동,774-1,28200,,,
에코메트로11,2009,35500,2020,2,13,84.993,4,논현동,774-1,28200,,,
에코메트로12,2009,36800,2020,2,13,84.993,23,논현동,755-4,28200,,,
에코메트로12,2009,46300,2020,2,13,115.069,5,논현동,755-4,28200,,,
에코메트로5,2010,39500,2020,2,13,84.947,34,논현동,755-1,28200,,,
에코메트로6,2010,40500,2020,2,13,84.986,15,논현동,756-1,28200,,,
에코에비뉴,2014,31900,2020,2,13,84.96,13,서창동,695,28200,,,
에코에비뉴,2014,33400,2020,2,13,84.92,20,서창동,695,28200,,,
에코에비뉴,2014,31900,2020,2,13,84.92,6,서창동,695,28200,,,
유호엔시티101-103동,2013,32000,2020,2,13,84.5507,25,논현동,66-24,28200,,,
인천 소래논현구역 C10블록 에코메트로 3차 더 타워,2013,51500,2020,2,13,105.047,43,논현동,751-1,28200,,,
인천 소래논현구역 C10블록 에코메트로 3차 더 타워,2013,43000,2020,2,13,95.69,20,논현동,751-1,28200,,,
인천간석휴먼시아1단지,2014,28500,2020,2,13,59.94,5,간석동,940,28200,,,
인천간석휴먼시아1단지,2014,34700,2020,2,13,84.87,12,간석동,940,28200,,,
인천간석휴먼시아2단지,2014,34500,2020,2,13,84.76,13,간석동,941,28200,,,
인천간석휴먼시아2단지,2014,34000,2020,2,13,84.76,6,간석동,941,28200,,,
인천간석휴먼시아2단지,2014,34500,2020,2,13,84.76,11,간석동,941,28200,,,
인천간석휴먼시아2단지,2014,34850,2020,2,13,84.99,13,간석동,941,28200,,,
인천간석휴먼시아2단지,2014,33900,2020,2,13,84.86,20,간석동,941,28200,,,
인천간석휴먼시아2단지,2014,34700,2020,2,13,84.99,24,간석동,941,28200,,,
주공11단지,1997,11500,2020,2,13,39.41,8,만수동,1113,28200,,,
주공13단지(푸르내마을),2006,23700,2020,2,13,59.57,14,논현동,600-9,28200,,,
팬더,1988,8500,2020,2,13,42.6,2,간석동,774-8,28200,,,
포레시안,2011,31250,2020,2,13,84.35,14,만수동,1115-1,28200,,,
포레시안,2011,41700,2020,2,13,114.64,12,만수동,1115-1,28200,,,
포레시안,2011,29500,2020,2,13,84.35,8,만수동,1115-1,28200,,,
한국,1992,23300,2020,2,13,84.69,15,만수동,1045,28200,,,
한진,1980,15900,2020,2,13,61.16,1,간석동,519-4,28200,,,
현대(893-0),1991,28000,2020,2,13,127.03,15,간석동,893,28200,,,
간석한신더휴,2019,39700,2020,2,14,84.7915,16,간석동,616-6,28200,,,
간석한신더휴,2019,39000,2020,2,14,84.879,4,간석동,616-6,28200,,,
구월동파라디아빌딩,2014,8200,2020,2,14,18.14,17,구월동,1143-34,28200,,,
구월아시아드선수촌2단지,2015,30000,2020,2,14,59.57,1,구월동,1485,28200,,,
구월아시아드선수촌5단지,2015,37000,2020,2,14,74.94,1,구월동,1513,28200,,,
구월아시아드선수촌5단지,2015,44500,2020,2,14,84.97,17,구월동,1513,28200,,,
구월아시아드선수촌8단지,2015,38750,2020,2,14,74.91,26,구월동,1554,28200,,,
구월아시아드선수촌센트럴자이,2015,50500,2020,2,14,84.94,18,구월동,1510,28200,,,
구월힐스테이트1단지,2007,34800,2020,2,14,83.8726,4,구월동,23,28200,,,
구월힐스테이트1단지,2007,41000,2020,2,14,83.7769,5,구월동,23,28200,,,
구월힐스테이트1단지,2007,40000,2020,2,14,83.9829,13,구월동,23,28200,,,
구월힐스테이트1단지,2007,40000,2020,2,14,84.8114,3,구월동,23,28200,,,
구월힐스테이트1단지,2007,39000,2020,2,14,75.3036,24,구월동,23,28200,,,
남촌풍림3차,1999,25900,2020,2,14,83.508,17,남촌동,649,28200,,,
냇마을신영지웰(9단지),2007,38000,2020,2,14,96.5212,4,논현동,604-1,28200,,,
논현 파크 포레,2009,31700,2020,2,14,84.93,6,논현동,580-1,28200,,,
논현단풍마을트리플에듀,2006,30500,2020,2,14,84.79,13,논현동,602-1,28200,,,
논현단풍마을트리플에듀,2006,31000,2020,2,14,84.77,12,논현동,602-1,28200,,,
논현단풍마을트리플에듀,2006,30400,2020,2,14,84.99,5,논현동,602-1,28200,,,
논현신일해피트리,2007,40300,2020,2,14,134.894,4,논현동,618-1,28200,,,
논현유승한내들,2018,23000,2020,2,14,56.1574,2,논현동,764-4,28200,,,
논현푸르지오 더퍼스트,2019,31500,2020,2,14,61.8677,19,논현동,810,28200,,,
논현힐스테이트,2010,50000,2020,2,14,115.3907,19,논현동,732-1,28200,,,
논현힐스테이트,2010,46800,2020,2,14,117.2657,7,논현동,732-1,28200,,,
대동(5-397),1989,10500,2020,2,14,56.56,3,만수동,5-397,28200,,,
롯데캐슬골드,2007,39000,2020,2,14,83.8726,3,구월동,24,28200,,,
롯데캐슬골드,2007,29500,2020,2,14,46.8778,15,구월동,24,28200,,,
롯데캐슬골드,2007,29200,2020,2,14,46.8778,21,구월동,24,28200,,,
만수주공4단지,1987,20000,2020,2,14,64.62,9,만수동,13,28200,,,
만수주공5단지,1987,15200,2020,2,14,49.94,4,만수동,17,28200,,,
만수주공6단지,1986,12500,2020,2,14,38.52,1,만수동,20,28200,,,
벽산,2000,27100,2020,2,14,84.93,13,만수동,1114,28200,,,
별빛마을웰카운티(10단지),2008,41000,2020,2,14,128.33,11,논현동,601-1,28200,,,
별빛마을웰카운티(10단지),2008,36300,2020,2,14,101.53,7,논현동,601-1,28200,,,
별빛마을웰카운티(10단지),2008,41700,2020,2,14,128.33,26,논현동,601-1,28200,,,
별빛마을웰카운티(10단지),2008,41800,2020,2,14,128.33,10,논현동,601-1,28200,,,
서창센트럴푸르지오,2018,37800,2020,2,14,74.99,17,서창동,682,28200,,,
서창센트럴푸르지오,2018,35200,2020,2,14,74.99,5,서창동,682,28200,,,
성신(5-373외),1985,12000,2020,2,14,50.76,5,만수동,5-6,28200,,,
신한,1988,7000,2020,2,14,38.605,6,만수동,2-21,28200,,,
어울림마을,2005,35000,2020,2,14,84.96,2,간석동,938-1,28200,,,
어울림마을,2005,38500,2020,2,14,84.96,24,간석동,938-1,28200,,,
어진마을한화꿈에그린(6단지),2007,35800,2020,2,14,119.951,6,논현동,634-1,28200,,,
에코메트로10,2010,55000,2020,2,14,117.992,18,논현동,773-1,28200,,,
에코메트로10,2010,48800,2020,2,14,117.992,25,논현동,773-1,28200,,,
에코메트로11,2009,38000,2020,2,14,84.997,30,논현동,774-1,28200,,,
에코메트로11,2009,36500,2020,2,14,84.993,14,논현동,774-1,28200,,,
에코메트로11,2009,38500,2020,2,14,101.991,2,논현동,774-1,28200,,,
에코메트로11,2009,38000,2020,2,14,84.993,12,논현동,774-1,28200,,,
에코메트로11,2009,37000,2020,2,14,84.993,7,논현동,774-1,28200,,,
에코메트로11,2009,45000,2020,2,14,115.069,3,논현동,774-1,28200,,,
에코메트로11,2009,40000,2020,2,14,84.993,11,논현동,774-1,28200,,,
에코메트로11,2009,42900,2020,2,14,101.991,9,논현동,774-1,28200,,,
에코메트로5,2010,46500,2020,2,14,101.957,6,논현동,755-1,28200,,,
에코메트로5,2010,47000,2020,2,14,84.992,15,논현동,755-1,28200,,,
에코메트로5,2010,46000,2020,2,14,101.957,19,논현동,755-1,28200,,,
에코메트로9,2011,49700,2020,2,14,123.812,37,논현동,766-1,28200,,,
우성늘푸른,2003,27000,2020,2,14,78.09,2,간석동,281-2,28200,,,
"우신아파트(다,라,마동)",1981,16200,2020,2,14,56.64,5,간석동,157-1,28200,,,
유호엔시티101-103동,2013,31000,2020,2,14,101.1212,5,논현동,66-24,28200,,,
이편한세상서창,2017,39000,2020,2,14,84.95,2,서창동,685,28200,,,
이편한세상서창,2017,37000,2020,2,14,84.95,1,서창동,685,28200,,,
인천간석휴먼시아1단지,2014,28500,2020,2,14,59.93,13,간석동,940,28200,,,
인천간석휴먼시아2단지,2014,33300,2020,2,14,74.74,8,간석동,941,28200,,,
인천간석휴먼시아2단지,2014,33500,2020,2,14,84.86,15,간석동,941,28200,,,
청광플러스원아파트,2017,35800,2020,2,14,84.9811,17,서창동,640,28200,,,
청광플러스원아파트,2017,37500,2020,2,14,84.9944,19,서창동,640,28200,,,
청광플러스원아파트,2017,35500,2020,2,14,84.9944,23,서창동,640,28200,,,
태평2차,1997,17000,2020,2,14,59.96,11,서창동,538,28200,,,
팬더,1991,22900,2020,2,14,84.92,2,구월동,258,28200,,,
풍림,2000,19000,2020,2,14,59.7,9,논현동,577,28200,,,
풍림,2000,19350,2020,2,14,59.7,5,논현동,577,28200,,,
풍림아이원,2004,30000,2020,2,14,59.862,24,간석동,935,28200,,,
풍림아이원,2004,34000,2020,2,14,84.956,24,간석동,935,28200,,,
현대홈타운(900-153),2003,37500,2020,2,14,142.0528,2,간석동,900-153,28200,,,
현대홈타운(900-153),2003,33900,2020,2,14,105.1401,2,간석동,900-153,28200,,,
간석래미안자이,2008,54000,2020,2,15,119.36,8,간석동,939-1,28200,,,
간석래미안자이,2008,48000,2020,2,15,84.97,21,간석동,939-1,28200,,,
간석래미안자이,2008,52700,2020,2,15,119.36,3,간석동,939-1,28200,,,
간석신동아파밀리에명품,2007,29000,2020,2,15,84.4511,13,간석동,616-7,28200,,,
간석한신더휴,2019,32300,2020,2,15,59.628,7,간석동,616-6,28200,,,
간석한신더휴,2019,38500,2020,2,15,84.879,5,간석동,616-6,28200,,,
고운웰리움,2006,21500,2020,2,15,59.9403,5,만수동,900-17,28200,,,
구월아시아드선수촌2단지,2015,31500,2020,2,15,59.99,1,구월동,1485,28200,,,
구월아시아드선수촌2단지,2015,32900,2020,2,15,59.99,3,구월동,1485,28200,,,
구월아시아드선수촌2단지,2015,29000,2020,2,15,51.95,3,구월동,1485,28200,,,
구월아시아드선수촌2단지,2015,27800,2020,2,15,51.95,4,구월동,1485,28200,,,
구월아시아드선수촌2단지,2015,27800,2020,2,15,51.95,2,구월동,1485,28200,,,
구월아시아드선수촌5단지,2015,36000,2020,2,15,74.92,4,구월동,1513,28200,,,
구월아시아드선수촌5단지,2015,41000,2020,2,15,84.94,7,구월동,1513,28200,,,
구월아시아드선수촌5단지,2015,37500,2020,2,15,74.94,2,구월동,1513,28200,,,
구월아시아드선수촌8단지,2015,39000,2020,2,15,84.97,13,구월동,1554,28200,,,
구월아시아드선수촌센트럴자이,2015,48500,2020,2,15,84.94,26,구월동,1510,28200,,,
구월아시아드선수촌센트럴자이,2015,48400,2020,2,15,84.93,25,구월동,1510,28200,,,
구월유승한내들퍼스티지,2016,48900,2020,2,15,84.2631,10,구월동,1508,28200,,,
구월유승한내들퍼스티지,2016,42750,2020,2,15,74.3558,27,구월동,1508,28200,,,
구월유승한내들퍼스티지,2016,49000,2020,2,15,84.2631,10,구월동,1508,28200,,,
구월유승한내들퍼스티지,2016,52000,2020,2,15,94.026,5,구월동,1508,28200,,,
구월힐스테이트1단지,2007,39500,2020,2,15,75.3036,16,구월동,23,28200,,,
구월힐스테이트1단지,2007,56000,2020,2,15,133.827,12,구월동,23,28200,,,
구월힐스테이트1단지,2007,39500,2020,2,15,84.8114,19,구월동,23,28200,,,
구월힐스테이트1단지,2007,57300,2020,2,15,133.827,5,구월동,23,28200,,,
구월힐스테이트1단지,2007,40000,2020,2,15,83.9829,7,구월동,23,28200,,,
구월힐스테이트1단지,2007,40000,2020,2,15,75.3036,23,구월동,23,28200,,,
구월힐스테이트1단지,2007,44200,2020,2,15,115.6671,4,구월동,23,28200,,,
극동,1989,29500,2020,2,15,70.8,4,간석동,501,28200,,,
금호,1987,32000,2020,2,15,77.2,9,간석동,495-5,28200,,,
냇마을신영지웰(9단지),2007,38900,2020,2,15,96.5212,18,논현동,604-1,28200,,,
냇마을신영지웰(9단지),2007,40200,2020,2,15,131.8954,1,논현동,604-1,28200,,,
냇마을신영지웰(9단지),2007,39500,2020,2,15,96.5212,18,논현동,604-1,28200,,,
논현 파크 포레,2009,29500,2020,2,15,84.94,22,논현동,580-1,28200,,,
논현 파크 포레,2009,30000,2020,2,15,84.94,9,논현동,580-1,28200,,,
논현 파크 포레,2009,31000,2020,2,15,84.93,10,논현동,580-1,28200,,,
논현 파크 포레,2009,28500,2020,2,15,84.88,12,논현동,580-1,28200,,,
논현 파크 포레,2009,29500,2020,2,15,84.88,6,논현동,580-1,28200,,,
논현 파크 포레,2009,29500,2020,2,15,84.88,19,논현동,580-1,28200,,,
논현 파크 포레,2009,29000,2020,2,15,84.88,14,논현동,580-1,28200,,,
논현단풍마을트리플에듀,2006,28700,2020,2,15,84.55,14,논현동,602-1,28200,,,
논현단풍마을트리플에듀,2006,29500,2020,2,15,84.99,18,논현동,602-1,28200,,,
논현단풍마을트리플에듀,2006,31000,2020,2,15,84.77,5,논현동,602-1,28200,,,
논현신일해피트리,2007,40340,2020,2,15,134.894,6,논현동,618-1,28200,,,
논현유승한내들,2018,26400,2020,2,15,56.1574,8,논현동,764-4,28200,,,
논현유승한내들,2018,30000,2020,2,15,56.1574,21,논현동,764-4,28200,,,
논현푸르지오 더퍼스트,2019,31900,2020,2,15,61.8677,17,논현동,810,28200,,,
논현힐스테이트,2010,40500,2020,2,15,84.9974,3,논현동,732-1,28200,,,
다정한마을서해그랑블,2004,32000,2020,2,15,84.83,8,간석동,407,28200,,,
다정한마을서해그랑블,2004,26900,2020,2,15,59.9,1,간석동,407,28200,,,
담방마을,1994,15000,2020,2,15,49.72,18,만수동,1049,28200,,,
대동,1992,21500,2020,2,15,84.55,14,만수동,1018,28200,,,
대동(5-328),1987,8500,2020,2,15,39.33,1,만수동,5-326,28200,,,
대성유니드별빛마을,2006,23000,2020,2,15,59.8957,3,만수동,844-1,28200,,,
대성유니드별빛마을,2006,27300,2020,2,15,84.3496,4,만수동,844-1,28200,,,
도림아이파크,2008,27750,2020,2,15,84.633,1,도림동,651-1,28200,,,
동국,1982,25850,2020,2,15,65.45,1,간석동,899,28200,,,
동남,1991,16700,2020,2,15,62.73,2,구월동,287,28200,,,
롯데캐슬골드,2007,39800,2020,2,15,83.9829,18,구월동,24,28200,,,
롯데캐슬골드,2007,36000,2020,2,15,83.8726,14,구월동,24,28200,,,
롯데캐슬골드,2007,38000,2020,2,15,83.8726,3,구월동,24,28200,,,
롯데캐슬골드,2007,42000,2020,2,15,83.9829,25,구월동,24,28200,,,
롯데캐슬골드,2007,37000,2020,2,15,83.9829,2,구월동,24,28200,,,
롯데캐슬골드,2007,40500,2020,2,15,83.8913,22,구월동,24,28200,,,
롯데캐슬골드,2007,45000,2020,2,15,83.7769,12,구월동,24,28200,,,
롯데캐슬골드,2007,36500,2020,2,15,83.8913,1,구월동,24,28200,,,
롯데캐슬골드,2007,38000,2020,2,15,75.3036,17,구월동,24,28200,,,
만수주공10단지,1994,14400,2020,2,15,49.77,7,만수동,1043,28200,,,
만수주공2단지,1987,20400,2020,2,15,66.38,7,만수동,29,28200,,,
만수주공2단지,1987,18000,2020,2,15,54.9,9,만수동,29,28200,,,
별빛마을웰카운티(10단지),2008,41000,2020,2,15,128.33,15,논현동,601-1,28200,,,
별빛마을웰카운티(10단지),2008,34500,2020,2,15,101.53,2,논현동,601-1,28200,,,
별빛마을웰카운티(10단지),2008,36700,2020,2,15,101.53,12,논현동,601-1,28200,,,
삼용,1988,10500,2020,2,15,45.96,5,만수동,902,28200,,,
삼환2단지,1990,14550,2020,2,15,50.26,3,만수동,966,28200,,,
서창베라체아파트(11단지),2012,27900,2020,2,15,59.85,14,서창동,715,28200,,,
서창센트라스아파트,2014,30600,2020,2,15,84.99,1,서창동,692,28200,,,
서창센트라스아파트,2014,35500,2020,2,15,84.96,11,서창동,692,28200,,,
서창센트럴푸르지오,2018,38300,2020,2,15,74.98,18,서창동,682,28200,,,
서창센트럴푸르지오,2018,43000,2020,2,15,84.98,12,서창동,682,28200,,,
서창센트럴푸르지오,2018,36000,2020,2,15,74.99,15,서창동,682,28200,,,
서창센트럴푸르지오,2018,41000,2020,2,15,84.98,5,서창동,682,28200,,,
서창센트럴푸르지오,2018,37000,2020,2,15,74.99,18,서창동,682,28200,,,
서창센트럴푸르지오,2018,38000,2020,2,15,74.98,10,서창동,682,28200,,,
서창자이,2008,40000,2020,2,15,141.855,3,서창동,561-1,28200,,,
송정,1988,8000,2020,2,15,40.2,2,구월동,1160,28200,,,
어울림마을,2005,37500,2020,2,15,84.96,4,간석동,938-1,28200,,,
어울림마을,2005,38500,2020,2,15,101.69,1,간석동,938-1,28200,,,
어진마을한화꿈에그린(6단지),2007,44000,2020,2,15,149.618,12,논현동,634-1,28200,,,
어진마을한화꿈에그린(6단지),2007,37500,2020,2,15,119.951,11,논현동,634-1,28200,,,
어진마을한화꿈에그린(6단지),2007,39000,2020,2,15,119.951,6,논현동,634-1,28200,,,
어진마을한화꿈에그린(6단지),2007,37800,2020,2,15,101.31,8,논현동,634-1,28200,,,
에코메트로10,2010,54000,2020,2,15,117.992,33,논현동,773-1,28200,,,
에코메트로10,2010,80000,2020,2,15,199.069,16,논현동,773-1,28200,,,
에코메트로11,2009,56000,2020,2,15,154.104,14,논현동,774-1,28200,,,
에코메트로11,2009,45000,2020,2,15,115.069,4,논현동,774-1,28200,,,
에코메트로11,2009,37300,2020,2,15,84.993,27,논현동,774-1,28200,,,
에코메트로11,2009,47000,2020,2,15,122.579,4,논현동,774-1,28200,,,
에코메트로11,2009,43000,2020,2,15,101.991,11,논현동,774-1,28200,,,
에코메트로11,2009,43000,2020,2,15,101.991,9,논현동,774-1,28200,,,
에코메트로12,2009,47500,2020,2,15,115.069,7,논현동,755-4,28200,,,
에코메트로12,2009,47000,2020,2,15,115.069,11,논현동,755-4,28200,,,
에코메트로12,2009,49000,2020,2,15,122.579,7,논현동,755-4,28200,,,
에코메트로12,2009,49000,2020,2,15,131.261,20,논현동,755-4,28200,,,
에코메트로12,2009,35800,2020,2,15,84.993,12,논현동,755-4,28200,,,
에코메트로12,2009,42000,2020,2,15,84.993,18,논현동,755-4,28200,,,
에코메트로5,2010,53000,2020,2,15,117.992,33,논현동,755-1,28200,,,
에코메트로5,2010,45000,2020,2,15,84.946,25,논현동,755-1,28200,,,
에코메트로5,2010,45000,2020,2,15,84.946,28,논현동,755-1,28200,,,
에코메트로6,2010,37000,2020,2,15,84.946,8,논현동,756-1,28200,,,
에코메트로6,2010,38250,2020,2,15,84.992,25,논현동,756-1,28200,,,
에코메트로6,2010,37500,2020,2,15,84.992,11,논현동,756-1,28200,,,
에코메트로7,2010,39500,2020,2,15,84.992,36,논현동,757-1,28200,,,
에코메트로9,2011,51000,2020,2,15,123.812,15,논현동,766-1,28200,,,
영종,1989,12000,2020,2,15,54.35,5,만수동,876-1,28200,,,
영풍(849),1998,20750,2020,2,15,59.86,8,만수동,849,28200,,,
유호엔시티101-103동,2013,30000,2020,2,15,84.8327,18,논현동,66-24,28200,,,
이편한세상서창,2017,40700,2020,2,15,84.92,17,서창동,685,28200,,,
이편한세상서창,2017,41000,2020,2,15,84.92,11,서창동,685,28200,,,
인천 소래논현구역 C10블록 에코메트로 3차 더 타워,2013,49500,2020,2,15,117.318,32,논현동,751-1,28200,,,
인천 소래논현구역 C10블록 에코메트로 3차 더 타워,2013,47000,2020,2,15,105.047,22,논현동,751-1,28200,,,
인천간석휴먼시아1단지,2014,34500,2020,2,15,84.86,10,간석동,940,28200,,,
인천간석휴먼시아2단지,2014,35000,2020,2,15,84.86,18,간석동,941,28200,,,
인천간석휴먼시아2단지,2014,34400,2020,2,15,84.86,14,간석동,941,28200,,,
인천간석휴먼시아2단지,2014,34900,2020,2,15,84.76,24,간석동,941,28200,,,
인천간석휴먼시아2단지,2014,34000,2020,2,15,84.86,20,간석동,941,28200,,,
인천간석휴먼시아2단지,2014,34300,2020,2,15,84.76,11,간석동,941,28200,,,
인향,1986,12800,2020,2,15,39.72,2,간석동,191-1,28200,,,
임광그대가,2007,28900,2020,2,15,84.99,9,서창동,560-2,28200,,,
주공13단지(푸르내마을),2006,22900,2020,2,15,59.29,4,논현동,600-9,28200,,,
주공13단지(푸르내마을),2006,23550,2020,2,15,59.57,9,논현동,600-9,28200,,,
주공13단지(푸르내마을),2006,23400,2020,2,15,59.57,15,논현동,600-9,28200,,,
주공13단지(푸르내마을),2006,24300,2020,2,15,59.57,13,논현동,600-9,28200,,,
주공13단지(푸르내마을),2006,25450,2020,2,15,59.71,12,논현동,600-9,28200,,,
주공13단지(푸르내마을),2006,23400,2020,2,15,59.57,8,논현동,600-9,28200,,,
포레시안,2011,22050,2020,2,15,46.89,10,만수동,1115-1,28200,,,
풍림,2000,20300,2020,2,15,59.7,10,논현동,577,28200,,,
풍림,2000,21400,2020,2,15,59.7,11,논현동,577,28200,,,
풍림아이원,2004,27400,2020,2,15,59.862,3,간석동,935,28200,,,
풍림아이원,2004,34000,2020,2,15,84.956,6,간석동,935,28200,,,
한국,1992,22550,2020,2,15,84.69,9,만수동,1045,28200,,,
한진,1980,17300,2020,2,15,61.16,7,간석동,519-4,28200,,,
한진,1980,17900,2020,2,15,61.42,6,간석동,519-4,28200,,,
향촌휴먼시아2단지,2012,31400,2020,2,15,84.98,19,만수동,1116-1,28200,,,
현광,1990,11000,2020,2,15,48.54,1,간석동,616-13,28200,,,
현대홈타운(900-153),2003,39000,2020,2,15,123.1034,8,간석동,900-153,28200,,,
호반베르디움,2017,42000,2020,2,15,84.7403,13,서창동,702,28200,,,
휴먼시아동산마을,2006,27500,2020,2,15,84.69,2,논현동,603-1,28200,,,
휴먼시아동산마을,2006,31000,2020,2,15,84.6,12,논현동,603-1,28200,,,
휴먼시아동산마을,2006,29600,2020,2,15,84.6,10,논현동,603-1,28200,,,
휴먼시아동산마을,2006,29000,2020,2,15,84.6,6,논현동,603-1,28200,,,
휴먼시아동산마을,2006,29200,2020,2,15,84.69,6,논현동,603-1,28200,,,
휴먼시아동산마을,2006,28300,2020,2,15,84.6,9,논현동,603-1,28200,,,
간석래미안자이,2008,37000,2020,2,16,59.91,23,간석동,939-1,28200,,,
간석신동아파밀리에명품,2007,29170,2020,2,16,84.4511,10,간석동,616-7,28200,,,
간석한신더휴,2019,40000,2020,2,16,84.879,19,간석동,616-6,28200,,,
간석한신더휴,2019,37900,2020,2,16,84.879,20,간석동,616-6,28200,,,
간석한신더휴,2019,39500,2020,2,16,84.879,18,간석동,616-6,28200,,,
구월힐스테이트1단지,2007,37800,2020,2,16,75.3036,13,구월동,23,28200,,,
구월힐스테이트1단지,2007,48500,2020,2,16,115.6671,29,구월동,23,28200,,,
금호,1987,33800,2020,2,16,99.14,2,간석동,495-5,28200,,,
논현단풍마을트리플에듀,2006,29300,2020,2,16,84.38,23,논현동,602-1,28200,,,
다정한마을서해그랑블,2004,33500,2020,2,16,84.83,14,간석동,407,28200,,,
어울림마을,2005,39000,2020,2,16,84.96,13,간석동,938-1,28200,,,
어진마을한화꿈에그린(6단지),2007,37000,2020,2,16,119.877,16,논현동,634-1,28200,,,
에코메트로12,2009,40000,2020,2,16,84.993,12,논현동,755-4,28200,,,
에코메트로5,2010,46200,2020,2,16,101.957,8,논현동,755-1,28200,,,
에코에비뉴,2014,32000,2020,2,16,84.99,17,서창동,695,28200,,,
인천간석휴먼시아1단지,2014,29200,2020,2,16,59.93,22,간석동,940,28200,,,
주공13단지(푸르내마을),2006,25200,2020,2,16,59.57,15,논현동,600-9,28200,,,
포레시안,2011,31400,2020,2,16,84.35,4,만수동,1115-1,28200,,,
포레시안,2011,31800,2020,2,16,84.35,16,만수동,1115-1,28200,,,
포레시안,2011,32500,2020,2,16,84.35,22,만수동,1115-1,28200,,,
포레시안,2011,33800,2020,2,16,84.93,18,만수동,1115-1,28200,,,
향촌휴먼시아2단지,2012,33500,2020,2,16,84.8,11,만수동,1116-1,28200,,,
휴먼시아동산마을,2006,30000,2020,2,16,84.6,10,논현동,603-1,28200,,,
휴먼시아동산마을,2006,30000,2020,2,16,84.6,16,논현동,603-1,28200,,,
휴먼시아동산마을,2006,30000,2020,2,16,84.6,12,논현동,603-1,28200,,,
휴먼시아동산마을,2006,29400,2020,2,16,84.6,7,논현동,603-1,28200,,,
TK리즈빌,2016,19500,2020,2,17,44.23,8,간석동,216-18,28200,,,
간석신동아파밀리에명품,2007,28400,2020,2,17,84.4571,3,간석동,616-7,28200,,,
광명아파트,1991,22300,2020,2,17,84.38,11,만수동,1042,28200,,,
구월아시아드선수촌2단지,2015,29000,2020,2,17,51.95,5,구월동,1485,28200,,,
구월유승한내들퍼스티지,2016,52000,2020,2,17,94.026,3,구월동,1508,28200,,,
구월힐스테이트1단지,2007,53000,2020,2,17,115.6671,15,구월동,23,28200,,,
구월힐스테이트3단지,2007,39000,2020,2,17,83.9829,5,구월동,20,28200,,,
극동,1989,22400,2020,2,17,40.63,11,간석동,501,28200,,,
극동,1989,24500,2020,2,17,46.74,4,간석동,501,28200,,,
금호타운,1992,25600,2020,2,17,101.88,18,만수동,1048,28200,,,
남촌풍림1차,1998,20000,2020,2,17,59.685,11,남촌동,320-2,28200,,,
남촌풍림2차,2000,20000,2020,2,17,59.685,9,남촌동,391-3,28200,,,
냇마을신영지웰(9단지),2007,47000,2020,2,17,152.5702,14,논현동,604-1,28200,,,
논현 파크 포레,2009,30500,2020,2,17,84.88,12,논현동,580-1,28200,,,
논현 파크 포레,2009,30800,2020,2,17,84.94,13,논현동,580-1,28200,,,
논현 파크 포레,2009,30800,2020,2,17,84.94,9,논현동,580-1,28200,,,
논현단풍마을트리플에듀,2006,31900,2020,2,17,84.99,8,논현동,602-1,28200,,,
논현단풍마을트리플에듀,2006,31000,2020,2,17,84.99,15,논현동,602-1,28200,,,
논현신일해피트리,2007,47000,2020,2,17,156.168,19,논현동,618-1,28200,,,
논현신일해피트리,2007,36000,2020,2,17,101.872,3,논현동,618-1,28200,,,
논현유승한내들,2018,30700,2020,2,17,56.1574,36,논현동,764-4,28200,,,
논현힐스테이트,2010,48000,2020,2,17,115.3907,4,논현동,732-1,28200,,,
다정한마을서해그랑블,2004,28500,2020,2,17,59.9,6,간석동,407,28200,,,
롯데캐슬골드,2007,43500,2020,2,17,83.8913,25,구월동,24,28200,,,
롯데캐슬골드,2007,52300,2020,2,17,115.6671,12,구월동,24,28200,,,
롯데캐슬골드,2007,36000,2020,2,17,83.7769,1,구월동,24,28200,,,
만수뉴서울아파트,1992,8100,2020,2,17,34.65,15,만수동,1044,28200,,,
만수주공1단지,1985,14800,2020,2,17,46.74,4,만수동,29,28200,,,
만수주공2단지,1987,18700,2020,2,17,54.9,5,만수동,29,28200,,,
만수주공4단지,1987,19500,2020,2,17,64.62,9,만수동,13,28200,,,
별빛마을웰카운티(10단지),2008,44800,2020,2,17,153.08,18,논현동,601-1,28200,,,
별빛마을웰카운티(10단지),2008,40500,2020,2,17,128.33,18,논현동,601-1,28200,,,
별빛마을웰카운티(10단지),2008,37000,2020,2,17,101.53,10,논현동,601-1,28200,,,
별빛마을웰카운티(10단지),2008,42000,2020,2,17,128.33,15,논현동,601-1,28200,,,
삼환1단지,1989,14500,2020,2,17,50.26,7,만수동,983-1,28200,,,
삼환1단지,1989,11800,2020,2,17,43.55,15,만수동,983-1,28200,,,
서창베라체아파트(11단지),2012,29400,2020,2,17,59.49,18,서창동,715,28200,,,
서창센트럴푸르지오,2018,36800,2020,2,17,74.98,4,서창동,682,28200,,,
서창센트럴푸르지오,2018,38000,2020,2,17,74.99,19,서창동,682,28200,,,
서창센트럴푸르지오,2018,35500,2020,2,17,74.99,6,서창동,682,28200,,,
서창센트럴푸르지오,2018,36700,2020,2,17,74.99,14,서창동,682,28200,,,
서창센트럴푸르지오,2018,33800,2020,2,17,74.99,1,서창동,682,28200,,,
서창퍼스트뷰(7단지),2012,32000,2020,2,17,84.55,5,서창동,699,28200,,,
서창퍼스트뷰(7단지),2012,31000,2020,2,17,84.99,14,서창동,699,28200,,,
신세계,1980,18700,2020,2,17,88.68,2,구월동,342-1,28200,,,
신한,1988,7000,2020,2,17,43.89,6,만수동,2-21,28200,,,
어울림마을,2005,41000,2020,2,17,84.96,25,간석동,938-1,28200,,,
어진마을한화꿈에그린(6단지),2007,37500,2020,2,17,119.877,4,논현동,634-1,28200,,,
어진마을한화꿈에그린(6단지),2007,44000,2020,2,17,149.618,8,논현동,634-1,28200,,,
에코메트로10,2010,52000,2020,2,17,117.992,7,논현동,773-1,28200,,,
에코메트로10,2010,55000,2020,2,17,143.265,28,논현동,773-1,28200,,,
에코메트로11,2009,43500,2020,2,17,122.579,3,논현동,774-1,28200,,,
에코메트로11,2009,38500,2020,2,17,84.993,13,논현동,774-1,28200,,,
에코메트로11,2009,38000,2020,2,17,84.993,2,논현동,774-1,28200,,,
에코메트로11,2009,46000,2020,2,17,122.579,10,논현동,774-1,28200,,,
에코메트로11,2009,40000,2020,2,17,84.997,15,논현동,774-1,28200,,,
에코메트로12,2009,37000,2020,2,17,84.993,7,논현동,755-4,28200,,,
에코메트로12,2009,39500,2020,2,17,84.993,16,논현동,755-4,28200,,,
에코메트로12,2009,39800,2020,2,17,84.993,13,논현동,755-4,28200,,,
에코메트로12,2009,38000,2020,2,17,84.993,4,논현동,755-4,28200,,,
에코메트로5,2010,50800,2020,2,17,117.992,13,논현동,755-1,28200,,,
에코메트로6,2010,38500,2020,2,17,84.992,10,논현동,756-1,28200,,,
에코메트로6,2010,39800,2020,2,17,84.947,3,논현동,756-1,28200,,,
에코메트로6,2010,42500,2020,2,17,84.947,9,논현동,756-1,28200,,,
에코메트로9,2011,48500,2020,2,17,123.812,23,논현동,766-1,28200,,,
에코에비뉴,2014,30300,2020,2,17,74.95,3,서창동,695,28200,,,
우성,1990,23800,2020,2,17,72.94,7,간석동,893-1,28200,,,
우성,1990,27600,2020,2,17,109.31,8,간석동,893-1,28200,,,
우성,1990,27200,2020,2,17,84.97,9,간석동,893-1,28200,,,
유호엔시티101-103동,2013,29700,2020,2,17,84.5507,26,논현동,66-24,28200,,,
이편한세상서창,2017,43500,2020,2,17,84.95,24,서창동,685,28200,,,
인천 소래논현구역 C10블록 에코메트로 3차 더 타워,2013,49000,2020,2,17,105.047,36,논현동,751-1,28200,,,
인천간석휴먼시아1단지,2014,35000,2020,2,17,84.87,11,간석동,940,28200,,,
인천간석휴먼시아1단지,2014,34500,2020,2,17,84.87,11,간석동,940,28200,,,
인천간석휴먼시아2단지,2014,35000,2020,2,17,84.86,5,간석동,941,28200,,,
인천간석휴먼시아2단지,2014,35800,2020,2,17,84.99,8,간석동,941,28200,,,
인천간석휴먼시아2단지,2014,29000,2020,2,17,59.93,5,간석동,941,28200,,,
임광그대가,2007,29150,2020,2,17,84.99,5,서창동,560-2,28200,,,
주공11단지,1997,23400,2020,2,17,84.8,15,만수동,1113,28200,,,
주공13단지(푸르내마을),2006,24000,2020,2,17,59.57,8,논현동,600-9,28200,,,
주공13단지(푸르내마을),2006,24500,2020,2,17,59.57,19,논현동,600-9,28200,,,
주공그린빌2차,2003,25500,2020,2,17,84.8,16,도림동,630-1,28200,,,
포레시안,2011,31500,2020,2,17,84.35,15,만수동,1115-1,28200,,,
포레시안,2011,42000,2020,2,17,114.04,5,만수동,1115-1,28200,,,
포레시안,2011,31800,2020,2,17,84.35,15,만수동,1115-1,28200,,,
포레시안,2011,22000,2020,2,17,46.89,23,만수동,1115-1,28200,,,
풍림,2000,19000,2020,2,17,59.7,10,논현동,577,28200,,,
풍림,2000,22000,2020,2,17,85,4,논현동,577,28200,,,
풍림,2000,21500,2020,2,17,85,4,논현동,577,28200,,,
풍림아이원,2004,31000,2020,2,17,84.956,1,간석동,935,28200,,,
풍림아이원,2004,29000,2020,2,17,59.862,13,간석동,935,28200,,,
한국,1992,22000,2020,2,17,84.23,11,만수동,1045,28200,,,
한국,1992,23830,2020,2,17,84.69,14,만수동,1045,28200,,,
한라,1996,13650,2020,2,17,59.7,3,논현동,549,28200,,,
한진,1980,16000,2020,2,17,62.54,1,간석동,519-4,28200,,,
향촌휴먼시아2단지,2012,31500,2020,2,17,84.98,11,만수동,1116-1,28200,,,
향촌휴먼시아2단지,2012,30400,2020,2,17,84.98,3,만수동,1116-1,28200,,,
휴먼시아동산마을,2006,27700,2020,2,17,84.69,2,논현동,603-1,28200,,,
휴먼시아동산마을,2006,32000,2020,2,17,84.6,5,논현동,603-1,28200,,,
휴먼시아동산마을,2006,31900,2020,2,17,84.6,13,논현동,603-1,28200,,,
간석래미안자이,2008,59000,2020,2,18,143.22,18,간석동,939-1,28200,,,
간석래미안자이,2008,37200,2020,2,18,59.91,19,간석동,939-1,28200,,,
간석한신더휴,2019,38700,2020,2,18,84.93,5,간석동,616-6,28200,,,
구월아시아드선수촌2단지,2015,28000,2020,2,18,51.95,8,구월동,1485,28200,,,
구월아시아드선수촌센트럴자이,2015,56000,2020,2,18,101.93,11,구월동,1510,28200,,,
구월유승한내들퍼스티지,2016,48000,2020,2,18,84.2631,23,구월동,1508,28200,,,
구월유승한내들퍼스티지,2016,52700,2020,2,18,94.026,22,구월동,1508,28200,,,
구월힐스테이트1단지,2007,39850,2020,2,18,75.3036,16,구월동,23,28200,,,
구월힐스테이트1단지,2007,42500,2020,2,18,83.7769,19,구월동,23,28200,,,
금호타운,1992,27700,2020,2,18,101.88,9,만수동,1048,28200,,,
남촌풍림3차,1999,25500,2020,2,18,83.508,12,남촌동,649,28200,,,
냇마을신영지웰(9단지),2007,44800,2020,2,18,131.8954,11,논현동,604-1,28200,,,
논현 파크 포레,2009,31000,2020,2,18,84.93,7,논현동,580-1,28200,,,
논현 파크 포레,2009,31000,2020,2,18,84.88,8,논현동,580-1,28200,,,
논현 파크 포레,2009,29500,2020,2,18,84.88,9,논현동,580-1,28200,,,
논현신일해피트리,2007,43000,2020,2,18,156.168,3,논현동,618-1,28200,,,
논현신일해피트리,2007,37000,2020,2,18,101.872,2,논현동,618-1,28200,,,
논현신일해피트리,2007,39200,2020,2,18,101.872,9,논현동,618-1,28200,,,
논현신일해피트리,2007,40000,2020,2,18,134.894,1,논현동,618-1,28200,,,
논현신일해피트리,2007,47000,2020,2,18,156.168,16,논현동,618-1,28200,,,
논현신일해피트리,2007,39400,2020,2,18,116.804,1,논현동,618-1,28200,,,
논현유승한내들,2018,30000,2020,2,18,56.1574,8,논현동,764-4,28200,,,
논현푸르지오 더퍼스트,2019,33600,2020,2,18,61.8677,4,논현동,810,28200,,,
논현푸르지오 더퍼스트,2019,30100,2020,2,18,61.8677,9,논현동,810,28200,,,
논현힐스테이트,2010,48000,2020,2,18,115.3907,3,논현동,732-1,28200,,,
논현힐스테이트,2010,49000,2020,2,18,115.3907,25,논현동,732-1,28200,,,
논현힐스테이트,2010,43500,2020,2,18,84.9974,13,논현동,732-1,28200,,,
다정한마을서해그랑블,2004,29650,2020,2,18,84.83,2,간석동,407,28200,,,
대동,1992,20700,2020,2,18,84.55,17,만수동,1018,28200,,,
롯데캐슬골드,2007,29000,2020,2,18,46.8778,18,구월동,24,28200,,,
롯데캐슬골드,2007,48000,2020,2,18,115.6671,4,구월동,24,28200,,,
롯데캐슬골드,2007,43000,2020,2,18,84.8114,8,구월동,24,28200,,,
롯데캐슬골드,2007,39700,2020,2,18,83.9829,10,구월동,24,28200,,,
만수주공2단지,1987,18600,2020,2,18,66.56,1,만수동,29,28200,,,
만수주공5단지,1987,11100,2020,2,18,41.3,9,만수동,17,28200,,,
벽산,2000,23700,2020,2,18,84.93,20,만수동,1114,28200,,,
벽산,1989,9600,2020,2,18,53.58,6,구월동,1312-6,28200,,,
별빛마을웰카운티(10단지),2008,36000,2020,2,18,101.53,23,논현동,601-1,28200,,,
별빛마을웰카운티(10단지),2008,40700,2020,2,18,128.33,9,논현동,601-1,28200,,,
별빛마을웰카운티(10단지),2008,43000,2020,2,18,128.33,20,논현동,601-1,28200,,,
삼익세라믹,1992,27300,2020,2,18,132.81,16,만수동,1038,28200,,,
서창베라체아파트(11단지),2012,33500,2020,2,18,84.86,4,서창동,715,28200,,,
서창센트라스아파트,2014,35500,2020,2,18,84.96,7,서창동,692,28200,,,
신동아,1990,21000,2020,2,18,84.91,6,만수동,5-426,28200,,,
어울림마을,2005,41000,2020,2,18,84.96,17,간석동,938-1,28200,,,
어진마을한화꿈에그린(6단지),2007,45000,2020,2,18,149.618,15,논현동,634-1,28200,,,
어진마을한화꿈에그린(6단지),2007,40000,2020,2,18,119.951,3,논현동,634-1,28200,,,
어진마을한화꿈에그린(6단지),2007,39000,2020,2,18,119.951,5,논현동,634-1,28200,,,
에코메트로10,2010,58000,2020,2,18,143.265,27,논현동,773-1,28200,,,
에코메트로11,2009,36500,2020,2,18,84.997,29,논현동,774-1,28200,,,
에코메트로12,2009,50000,2020,2,18,122.579,13,논현동,755-4,28200,,,
에코메트로6,2010,37300,2020,2,18,84.992,30,논현동,756-1,28200,,,
에코메트로6,2010,41000,2020,2,18,84.946,30,논현동,756-1,28200,,,
에코메트로7,2010,40000,2020,2,18,84.992,12,논현동,757-1,28200,,,
에코메트로9,2011,50000,2020,2,18,123.812,33,논현동,766-1,28200,,,
우성,1990,24500,2020,2,18,72.94,4,간석동,893-1,28200,,,
우성,1990,28500,2020,2,18,109.31,6,간석동,893-1,28200,,,
유호엔시티101-103동,2013,31800,2020,2,18,84.5507,28,논현동,66-24,28200,,,
이삭(1085-7)201동,1999,28000,2020,2,18,119.245,8,만수동,1085-7,28200,,,
이편한세상서창,2017,40000,2020,2,18,84.95,25,서창동,685,28200,,,
이편한세상서창,2017,42000,2020,2,18,84.92,9,서창동,685,28200,,,
이편한세상서창,2017,38000,2020,2,18,84.95,3,서창동,685,28200,,,
이화골드,2003,19600,2020,2,18,83.19,4,만수동,925-8,28200,,,
인천 소래논현구역 C10블록 에코메트로 3차 더 타워,2013,44000,2020,2,18,95.69,24,논현동,751-1,28200,,,
인천간석휴먼시아2단지,2014,35000,2020,2,18,84.86,9,간석동,941,28200,,,
인천간석휴먼시아2단지,2014,34000,2020,2,18,84.86,20,간석동,941,28200,,,
인천간석휴먼시아2단지,2014,29000,2020,2,18,59.93,9,간석동,941,28200,,,
인천간석휴먼시아2단지,2014,35800,2020,2,18,84.99,9,간석동,941,28200,,,
임광그대가,2007,29600,2020,2,18,84.99,4,서창동,560-2,28200,,,
주공13단지(푸르내마을),2006,24500,2020,2,18,59.57,8,논현동,600-9,28200,,,
주공13단지(푸르내마을),2006,21500,2020,2,18,59.57,2,논현동,600-9,28200,,,
주공13단지(푸르내마을),2006,22700,2020,2,18,59.57,4,논현동,600-9,28200,,,
주공13단지(푸르내마을),2006,24300,2020,2,18,59.57,19,논현동,600-9,28200,,,
주공13단지(푸르내마을),2006,23200,2020,2,18,59.57,7,논현동,600-9,28200,,,
주공13단지(푸르내마을),2006,19400,2020,2,18,51.86,2,논현동,600-9,28200,,,
주공1단지,1998,18500,2020,2,18,59.13,5,논현동,564-1,28200,,,
주공2단지,1998,23900,2020,2,18,83.84,13,논현동,563-3,28200,,,
청광플러스원아파트,2017,38000,2020,2,18,84.9944,18,서창동,640,28200,,,
포레시안,2011,39500,2020,2,18,114.04,12,만수동,1115-1,28200,,,
포레시안,2011,26800,2020,2,18,59.68,9,만수동,1115-1,28200,,,
포레시안,2011,35000,2020,2,18,84.93,16,만수동,1115-1,28200,,,
포레시안,2011,34500,2020,2,18,84.93,11,만수동,1115-1,28200,,,
포레시안,2011,30900,2020,2,18,84.35,12,만수동,1115-1,28200,,,
포레시안,2011,26250,2020,2,18,59.76,18,만수동,1115-1,28200,,,
포레시안,2011,32500,2020,2,18,74.91,22,만수동,1115-1,28200,,,
포레시안,2011,32500,2020,2,18,84.35,7,만수동,1115-1,28200,,,
포레시안,2011,21650,2020,2,18,46.89,16,만수동,1115-1,28200,,,
풍림,2000,23300,2020,2,18,85,20,논현동,577,28200,,,
한진,1980,17000,2020,2,18,61.16,4,간석동,519-4,28200,,,
한진,1980,15900,2020,2,18,60.59,2,간석동,519-4,28200,,,
향촌휴먼시아2단지,2012,32000,2020,2,18,84.98,23,만수동,1116-1,28200,,,
향촌휴먼시아2단지,2012,32000,2020,2,18,84.98,7,만수동,1116-1,28200,,,
현대,1992,30500,2020,2,18,125.88,15,만수동,1037,28200,,,
현대모닝사이드,2002,33000,2020,2,18,146.98,5,서창동,545,28200,,,
휴먼시아동산마을,2006,29800,2020,2,18,84.6,2,논현동,603-1,28200,,,
휴먼시아동산마을,2006,29000,2020,2,18,84.6,2,논현동,603-1,28200,,,
휴먼시아동산마을,2006,29600,2020,2,18,84.6,5,논현동,603-1,28200,,,
휴먼시아동산마을,2006,30500,2020,2,18,84.6,15,논현동,603-1,28200,,,
휴먼시아동산마을,2006,31000,2020,2,18,84.6,8,논현동,603-1,28200,,,
휴먼시아동산마을,2006,29000,2020,2,18,84.6,4,논현동,603-1,28200,,,
간석신동아파밀리에명품,2007,28950,2020,2,19,84.4571,21,간석동,616-7,28200,,,
광명아파트,1991,21900,2020,2,19,84.38,8,만수동,1042,28200,,,
구월유승한내들퍼스티지,2016,44800,2020,2,19,84.3455,1,구월동,1508,28200,,,
구월힐스테이트1단지,2007,27900,2020,2,19,46.8778,2,구월동,23,28200,,,
구월힐스테이트1단지,2007,43000,2020,2,19,83.8726,21,구월동,23,28200,,,
구월힐스테이트1단지,2007,39500,2020,2,19,75.3036,18,구월동,23,28200,,,
구월힐스테이트1단지,2007,41150,2020,2,19,83.9829,10,구월동,23,28200,,,
구월힐스테이트1단지,2007,43500,2020,2,19,83.8913,31,구월동,23,28200,,,
구월힐스테이트1단지,2007,42000,2020,2,19,83.7769,15,구월동,23,28200,,,
극동,1989,20700,2020,2,19,40.63,4,간석동,501,28200,,,
금호,1987,19800,2020,2,19,43.08,3,간석동,495-5,28200,,,
남동아파트,1992,14900,2020,2,19,51.72,10,만수동,1014,28200,,,
남촌풍림3차,1999,20500,2020,2,19,59.052,20,남촌동,649,28200,,,
남촌풍림3차,1999,25400,2020,2,19,83.508,16,남촌동,649,28200,,,
논현 파크 포레,2009,30500,2020,2,19,84.94,18,논현동,580-1,28200,,,
논현 파크 포레,2009,31500,2020,2,19,84.94,6,논현동,580-1,28200,,,
논현 파크 포레,2009,32700,2020,2,19,84.93,19,논현동,580-1,28200,,,
논현단풍마을트리플에듀,2006,29750,2020,2,19,84.99,4,논현동,602-1,28200,,,
논현단풍마을트리플에듀,2006,27700,2020,2,19,84.99,1,논현동,602-1,28200,,,
논현신일해피트리,2007,49000,2020,2,19,156.168,21,논현동,618-1,28200,,,
논현유승한내들,2018,30000,2020,2,19,56.8743,25,논현동,764-4,28200,,,
논현유승한내들,2018,28200,2020,2,19,56.1574,5,논현동,764-4,28200,,,
논현힐스테이트,2010,53500,2020,2,19,132.6151,16,논현동,732-1,28200,,,
롯데캐슬골드,2007,37000,2020,2,19,83.8726,4,구월동,24,28200,,,
롯데캐슬골드,2007,47700,2020,2,19,115.6671,1,구월동,24,28200,,,
롯데캐슬골드,2007,45000,2020,2,19,115.6671,10,구월동,24,28200,,,
만수뉴서울아파트,1992,9500,2020,2,19,34.65,6,만수동,1044,28200,,,
만수주공2단지,1987,24300,2020,2,19,75.24,7,만수동,29,28200,,,
만수주공2단지,1987,24800,2020,2,19,75.51,6,만수동,29,28200,,,
만수주공4단지,1987,20800,2020,2,19,64.62,11,만수동,13,28200,,,
만수주공4단지,1987,17500,2020,2,19,54.9,2,만수동,13,28200,,,
만수주공4단지,1987,16500,2020,2,19,54.9,1,만수동,13,28200,,,
별빛마을웰카운티(10단지),2008,40000,2020,2,19,128.33,7,논현동,601-1,28200,,,
별빛마을웰카운티(10단지),2008,36500,2020,2,19,101.53,7,논현동,601-1,28200,,,
삼마TOP-Class(간석탑클래스),2016,25000,2020,2,19,59.5002,15,간석동,517-1,28200,,,
서창베라체아파트(11단지),2012,26850,2020,2,19,59.85,5,서창동,715,28200,,,
서창베라체아파트(11단지),2012,29900,2020,2,19,84.99,2,서창동,715,28200,,,
서창센트럴푸르지오,2018,38500,2020,2,19,74.99,16,서창동,682,28200,,,
서창센트럴푸르지오,2018,38800,2020,2,19,74.98,18,서창동,682,28200,,,
서창센트럴푸르지오,2018,35500,2020,2,19,74.98,2,서창동,682,28200,,,
서창퍼스트뷰(7단지),2012,33700,2020,2,19,84.95,8,서창동,699,28200,,,
서해그랑블,2008,31000,2020,2,19,106.6026,9,서창동,540,28200,,,
신세계,1980,21000,2020,2,19,103.6,1,구월동,342-1,28200,,,
어진마을한화꿈에그린(6단지),2007,41000,2020,2,19,119.951,1,논현동,634-1,28200,,,
에코메트로10,2010,57000,2020,2,19,143.265,17,논현동,773-1,28200,,,
에코메트로11,2009,37500,2020,2,19,84.993,19,논현동,774-1,28200,,,
에코메트로11,2009,40000,2020,2,19,84.997,24,논현동,774-1,28200,,,
에코메트로11,2009,56000,2020,2,19,154.104,11,논현동,774-1,28200,,,
에코메트로11,2009,42000,2020,2,19,101.991,16,논현동,774-1,28200,,,
에코메트로11,2009,40000,2020,2,19,101.991,7,논현동,774-1,28200,,,
에코메트로12,2009,44000,2020,2,19,115.069,4,논현동,755-4,28200,,,
에코메트로6,2010,40700,2020,2,19,84.986,3,논현동,756-1,28200,,,
에코메트로6,2010,40500,2020,2,19,84.992,36,논현동,756-1,28200,,,
에코메트로6,2010,36700,2020,2,19,84.992,29,논현동,756-1,28200,,,
에코메트로9,2011,54000,2020,2,19,150.777,2,논현동,766-1,28200,,,
에코메트로9,2011,54000,2020,2,19,150.777,12,논현동,766-1,28200,,,
에코메트로9,2011,52000,2020,2,19,123.812,14,논현동,766-1,28200,,,
에코메트로9,2011,50000,2020,2,19,123.812,15,논현동,766-1,28200,,,
에코에비뉴,2014,30300,2020,2,19,74.95,4,서창동,695,28200,,,
에코에비뉴,2014,30850,2020,2,19,74.95,22,서창동,695,28200,,,
에코에비뉴,2014,30300,2020,2,19,84.94,22,서창동,695,28200,,,
에코에비뉴,2014,32700,2020,2,19,84.96,25,서창동,695,28200,,,
유호엔시티101-103동,2013,31500,2020,2,19,84.8327,24,논현동,66-24,28200,,,
유호엔시티201동,2013,29300,2020,2,19,84.9837,15,논현동,66-5,28200,,,
이편한세상서창,2017,41000,2020,2,19,84.95,19,서창동,685,28200,,,
인천간석휴먼시아1단지,2014,33500,2020,2,19,84.86,8,간석동,940,28200,,,
인천간석휴먼시아1단지,2014,30000,2020,2,19,59.94,8,간석동,940,28200,,,
인천간석휴먼시아1단지,2014,34500,2020,2,19,84.86,5,간석동,940,28200,,,
인천간석휴먼시아2단지,2014,33500,2020,2,19,84.99,4,간석동,941,28200,,,
인천간석휴먼시아2단지,2014,32900,2020,2,19,84.76,9,간석동,941,28200,,,
인천간석휴먼시아2단지,2014,34500,2020,2,19,84.76,11,간석동,941,28200,,,
인천간석휴먼시아2단지,2014,36000,2020,2,19,84.99,21,간석동,941,28200,,,
주공13단지(푸르내마을),2006,23000,2020,2,19,51.86,13,논현동,600-9,28200,,,
주공13단지(푸르내마을),2006,21600,2020,2,19,51.86,17,논현동,600-9,28200,,,
주공13단지(푸르내마을),2006,24000,2020,2,19,59.57,5,논현동,600-9,28200,,,
주공13단지(푸르내마을),2006,24000,2020,2,19,59.57,17,논현동,600-9,28200,,,
주공13단지(푸르내마을),2006,24100,2020,2,19,59.57,3,논현동,600-9,28200,,,
주공2단지,1998,18500,2020,2,19,59.13,2,논현동,563-3,28200,,,
태평2차,1997,18250,2020,2,19,59.96,6,서창동,538,28200,,,
포레시안,2011,34400,2020,2,19,84.95,3,만수동,1115-1,28200,,,
포레시안,2011,32000,2020,2,19,74.91,13,만수동,1115-1,28200,,,
포레시안,2011,31500,2020,2,19,84.35,6,만수동,1115-1,28200,,,
포레시안,2011,33000,2020,2,19,84.35,15,만수동,1115-1,28200,,,
풍림,2000,23500,2020,2,19,85,13,논현동,577,28200,,,
풍림아이원,2004,34500,2020,2,19,84.956,12,간석동,935,28200,,,
한진,1980,16300,2020,2,19,60.59,1,간석동,519-4,28200,,,
한진,1980,15700,2020,2,19,54.51,6,간석동,519-4,28200,,,
한진,1980,16000,2020,2,19,61.16,1,간석동,519-4,28200,,,
해창(1-4동),1984,22900,2020,2,19,63.89,5,구월동,70-26,28200,,,
현대모닝사이드,2002,27900,2020,2,19,84.9767,11,서창동,545,28200,,,
휴먼시아동산마을,2006,32000,2020,2,19,84.6,6,논현동,603-1,28200,,,
휴먼시아동산마을,2006,30000,2020,2,19,84.6,6,논현동,603-1,28200,,,
간석래미안자이,2008,57000,2020,2,20,119.52,8,간석동,939-1,28200,,,
구월아시아드선수촌2단지,2015,35500,2020,2,20,59.99,19,구월동,1485,28200,,,
구월아시아드선수촌2단지,2015,28000,2020,2,20,51.95,5,구월동,1485,28200,,,
구월유승한내들퍼스티지,2016,52000,2020,2,20,94.026,5,구월동,1508,28200,,,
구월힐스테이트1단지,2007,42000,2020,2,20,75.3036,28,구월동,23,28200,,,
구월힐스테이트3단지,2007,39000,2020,2,20,83.9829,4,구월동,20,28200,,,
구월힐스테이트3단지,2007,45000,2020,2,20,84.8114,12,구월동,20,28200,,,
남촌풍림3차,1999,25000,2020,2,20,83.508,18,남촌동,649,28200,,,
남촌풍림3차,1999,16120,2020,2,20,59.052,1,남촌동,649,28200,,,
냇마을신영지웰(9단지),2007,47500,2020,2,20,131.8954,6,논현동,604-1,28200,,,
논현 파크 포레,2009,31500,2020,2,20,84.88,8,논현동,580-1,28200,,,
논현 파크 포레,2009,31500,2020,2,20,84.88,12,논현동,580-1,28200,,,
논현 파크 포레,2009,31500,2020,2,20,84.88,10,논현동,580-1,28200,,,
논현단풍마을트리플에듀,2006,30000,2020,2,20,84.79,16,논현동,602-1,28200,,,
논현단풍마을트리플에듀,2006,29000,2020,2,20,84.77,3,논현동,602-1,28200,,,
논현단풍마을트리플에듀,2006,30500,2020,2,20,84.77,9,논현동,602-1,28200,,,
논현단풍마을트리플에듀,2006,29900,2020,2,20,84.79,6,논현동,602-1,28200,,,
논현신일해피트리,2007,40000,2020,2,20,134.894,6,논현동,618-1,28200,,,
논현유승한내들,2018,30000,2020,2,20,56.1574,12,논현동,764-4,28200,,,
논현힐스테이트,2010,59900,2020,2,20,145.7525,23,논현동,732-1,28200,,,
논현힐스테이트,2010,42000,2020,2,20,84.9974,25,논현동,732-1,28200,,,
다정한마을서해그랑블,2004,31000,2020,2,20,84.83,4,간석동,407,28200,,,
담방마을,1994,9000,2020,2,20,46.12,1,만수동,1049,28200,,,
담방마을,1994,13100,2020,2,20,49.72,8,만수동,1049,28200,,,
대동,1992,24500,2020,2,20,84.55,11,만수동,1018,28200,,,
대동,1992,22000,2020,2,20,84.55,13,만수동,1018,28200,,,
대동(5-397),1989,9500,2020,2,20,56.56,6,만수동,5-397,28200,,,
동남,1984,13000,2020,2,20,72.72,5,만수동,904-18,28200,,,
롯데캐슬골드,2007,36500,2020,2,20,83.9829,4,구월동,24,28200,,,
롯데캐슬골드,2007,45000,2020,2,20,115.6671,11,구월동,24,28200,,,
만수주공2단지,1987,21000,2020,2,20,64.62,14,만수동,29,28200,,,
만수주공2단지,1987,18500,2020,2,20,54.9,11,만수동,29,28200,,,
"삼보(가,나동)",1984,14200,2020,2,20,66.06,1,구월동,1187,28200,,,
삼환2단지,1990,12000,2020,2,20,59.05,2,만수동,966,28200,,,
삼환2단지,1990,11850,2020,2,20,43.55,10,만수동,966,28200,,,
서창베라체아파트(11단지),2012,32000,2020,2,20,84.99,12,서창동,715,28200,,,
서창센트라스아파트,2014,32500,2020,2,20,74.91,9,서창동,692,28200,,,
서해그랑블,2008,24450,2020,2,20,59.9945,11,서창동,540,28200,,,
서해그랑블,2008,27100,2020,2,20,84.7493,2,서창동,540,28200,,,
서해그랑블,2008,23200,2020,2,20,59.9945,4,서창동,540,28200,,,
세인트원,2019,19200,2020,2,20,49.11,9,간석동,318-1,28200,,,
어진마을한화꿈에그린(6단지),2007,44000,2020,2,20,149.618,9,논현동,634-1,28200,,,
에코메트로10,2010,51000,2020,2,20,117.992,6,논현동,773-1,28200,,,
에코메트로10,2010,58000,2020,2,20,143.265,13,논현동,773-1,28200,,,
에코메트로11,2009,40000,2020,2,20,84.997,20,논현동,774-1,28200,,,
에코메트로11,2009,44800,2020,2,20,101.991,20,논현동,774-1,28200,,,
에코메트로11,2009,45000,2020,2,20,101.991,17,논현동,774-1,28200,,,
에코메트로5,2010,55000,2020,2,20,143.265,36,논현동,755-1,28200,,,
에코메트로6,2010,41000,2020,2,20,84.947,25,논현동,756-1,28200,,,
에코메트로7,2010,45000,2020,2,20,84.947,5,논현동,757-1,28200,,,
에코메트로7,2010,38500,2020,2,20,84.947,3,논현동,757-1,28200,,,
유진펠리스,2017,20000,2020,2,20,59.974,2,간석동,103-3,28200,,,
유호엔시티101-103동,2013,32500,2020,2,20,84.5507,17,논현동,66-24,28200,,,
인천 소래논현구역 C10블록 에코메트로 3차 더 타워,2013,41500,2020,2,20,95.69,4,논현동,751-1,28200,,,
인천간석휴먼시아1단지,2014,16800,2020,2,20,39.17,12,간석동,940,28200,,,
인천간석휴먼시아2단지,2014,29000,2020,2,20,59.93,7,간석동,941,28200,,,
인천간석휴먼시아2단지,2014,35900,2020,2,20,84.76,9,간석동,941,28200,,,
인천간석휴먼시아2단지,2014,27000,2020,2,20,59.93,19,간석동,941,28200,,,
인천간석휴먼시아2단지,2014,31300,2020,2,20,84.99,1,간석동,941,28200,,,
인천간석휴먼시아2단지,2014,35900,2020,2,20,84.87,22,간석동,941,28200,,,
인천간석휴먼시아2단지,2014,35700,2020,2,20,84.76,5,간석동,941,28200,,,
주공13단지(푸르내마을),2006,20900,2020,2,20,59.57,1,논현동,600-9,28200,,,
주공13단지(푸르내마을),2006,26300,2020,2,20,59.57,14,논현동,600-9,28200,,,
주공13단지(푸르내마을),2006,24000,2020,2,20,59.57,11,논현동,600-9,28200,,,
주공13단지(푸르내마을),2006,24900,2020,2,20,59.57,11,논현동,600-9,28200,,,
주공13단지(푸르내마을),2006,26300,2020,2,20,59.57,15,논현동,600-9,28200,,,
주공13단지(푸르내마을),2006,22300,2020,2,20,51.86,8,논현동,600-9,28200,,,
주공13단지(푸르내마을),2006,24000,2020,2,20,59.71,11,논현동,600-9,28200,,,
주공1단지,1998,20500,2020,2,20,59.13,10,논현동,564-1,28200,,,
청광플러스원아파트,2017,39000,2020,2,20,84.9944,19,서창동,640,28200,,,
태평2차,1997,17079,2020,2,20,59.96,16,서창동,538,28200,,,
"태화아파트101동,102동,103동,105동",1994,17378,2020,2,20,59.93,13,간석동,918-5,28200,,,
포레시안,2011,33000,2020,2,20,84.35,17,만수동,1115-1,28200,,,
포레시안,2011,26500,2020,2,20,59.76,17,만수동,1115-1,28200,,,
포레시안,2011,31500,2020,2,20,84.35,5,만수동,1115-1,28200,,,
포레시안,2011,32000,2020,2,20,84.35,5,만수동,1115-1,28200,,,
포레시안,2011,27000,2020,2,20,59.57,12,만수동,1115-1,28200,,,
포레시안,2011,33400,2020,2,20,84.35,14,만수동,1115-1,28200,,,
풍림,2000,24000,2020,2,20,85,9,논현동,577,28200,,,
풍림,2000,25000,2020,2,20,85,13,논현동,577,28200,,,
풍림,2000,20000,2020,2,20,59.7,17,논현동,577,28200,,,
풍림,2000,20000,2020,2,20,59.7,6,논현동,577,28200,,,
풍림,2000,20000,2020,2,20,59.7,3,논현동,577,28200,,,
한진,1980,17100,2020,2,20,61.16,1,간석동,519-4,28200,,,
향촌휴먼시아2단지,2012,32000,2020,2,20,84.98,17,만수동,1116-1,28200,,,
현대,1992,33500,2020,2,20,163.71,8,만수동,1037,28200,,,
간석래미안자이,2008,48500,2020,2,21,84.98,15,간석동,939-1,28200,,,
간석래미안자이,2008,49000,2020,2,21,84.97,20,간석동,939-1,28200,,,
광명아파트,1991,21500,2020,2,21,84.38,15,만수동,1042,28200,,,
구월아시아드선수촌5단지,2015,43500,2020,2,21,84.94,8,구월동,1513,28200,,,
구월아시아드선수촌5단지,2015,40000,2020,2,21,84.94,1,구월동,1513,28200,,,
구월아시아드선수촌5단지,2015,41200,2020,2,21,74.92,11,구월동,1513,28200,,,
구월아시아드선수촌8단지,2015,35000,2020,2,21,74.91,6,구월동,1554,28200,,,
구월아시아드선수촌센트럴자이,2015,50500,2020,2,21,84.93,14,구월동,1510,28200,,,
구월힐스테이트1단지,2007,45000,2020,2,21,84.8114,21,구월동,23,28200,,,
구월힐스테이트1단지,2007,51700,2020,2,21,115.6671,16,구월동,23,28200,,,
극동,1989,20700,2020,2,21,40.63,6,간석동,501,28200,,,
극동,1989,23400,2020,2,21,50.93,1,간석동,501,28200,,,
극동,1989,26500,2020,2,21,50.93,3,간석동,501,28200,,,
금호,1987,26500,2020,2,21,59.28,3,간석동,495-5,28200,,,
냇마을신영지웰(9단지),2007,78800,2020,2,21,192.3978,26,논현동,604-1,28200,,,
냇마을신영지웰(9단지),2007,78800,2020,2,21,192.3978,26,논현동,604-1,28200,,,
논현 파크 포레,2009,31000,2020,2,21,84.88,6,논현동,580-1,28200,,,
논현 파크 포레,2009,31500,2020,2,21,84.94,12,논현동,580-1,28200,,,
논현 파크 포레,2009,29700,2020,2,21,84.88,13,논현동,580-1,28200,,,
논현 파크 포레,2009,30500,2020,2,21,84.88,10,논현동,580-1,28200,,,
논현 파크 포레,2009,31000,2020,2,21,84.88,6,논현동,580-1,28200,,,
논현 파크 포레,2009,30900,2020,2,21,84.88,15,논현동,580-1,28200,,,
논현 파크 포레,2009,30000,2020,2,21,84.94,23,논현동,580-1,28200,,,
논현 파크 포레,2009,30000,2020,2,21,84.94,16,논현동,580-1,28200,,,
논현단풍마을트리플에듀,2006,30000,2020,2,21,84.99,6,논현동,602-1,28200,,,
논현신일해피트리,2007,38800,2020,2,21,134.894,2,논현동,618-1,28200,,,
논현신일해피트리,2007,42000,2020,2,21,134.894,2,논현동,618-1,28200,,,
논현힐스테이트,2010,54000,2020,2,21,145.7525,4,논현동,732-1,28200,,,
다정한마을서해그랑블,2004,33000,2020,2,21,84.83,13,간석동,407,28200,,,
동남,1984,17700,2020,2,21,82.5,4,만수동,904-18,28200,,,
롯데캐슬골드,2007,45000,2020,2,21,83.8726,11,구월동,24,28200,,,
롯데캐슬골드,2007,45000,2020,2,21,83.9829,22,구월동,24,28200,,,
만수주공2단지,1987,16600,2020,2,21,54.9,2,만수동,29,28200,,,
만수주공2단지,1987,20500,2020,2,21,64.62,3,만수동,29,28200,,,
만수주공3단지,1986,20000,2020,2,21,61.77,4,만수동,46,28200,,,
만수주공4단지,1987,19300,2020,2,21,64.62,12,만수동,13,28200,,,
만수주공5단지,1987,12450,2020,2,21,41.3,8,만수동,17,28200,,,
만수주공5단지,1987,8000,2020,2,21,32.39,3,만수동,17,28200,,,
베네시안,2015,17700,2020,2,21,44.9756,10,간석동,216-1,28200,,,
벽산,2000,21700,2020,2,21,59.805,4,만수동,1114,28200,,,
벽산,2000,26900,2020,2,21,84.93,24,만수동,1114,28200,,,
별빛마을웰카운티(10단지),2008,42000,2020,2,21,128.33,10,논현동,601-1,28200,,,
별빛마을웰카운티(10단지),2008,42000,2020,2,21,128.33,16,논현동,601-1,28200,,,
별빛마을웰카운티(10단지),2008,41000,2020,2,21,101.53,24,논현동,601-1,28200,,,
서창베라체아파트(11단지),2012,35800,2020,2,21,84.86,6,서창동,715,28200,,,
서창베라체아파트(11단지),2012,28000,2020,2,21,59.85,9,서창동,715,28200,,,
서창베라체아파트(11단지),2012,27000,2020,2,21,59.81,7,서창동,715,28200,,,
서창센트라스아파트,2014,33400,2020,2,21,84.94,8,서창동,692,28200,,,
서창퍼스트뷰(7단지),2012,30000,2020,2,21,84.99,4,서창동,699,28200,,,
서창퍼스트뷰(7단지),2012,31900,2020,2,21,84.99,12,서창동,699,28200,,,
서해그랑블,2008,22700,2020,2,21,59.9699,12,서창동,540,28200,,,
성신(5-373외),1985,10800,2020,2,21,50.76,2,만수동,5-6,28200,,,
신세계,1980,20900,2020,2,21,88.68,7,구월동,342-1,28200,,,
신세계,1980,20900,2020,2,21,88.68,7,구월동,342-1,28200,,,
어진마을한화꿈에그린(6단지),2007,37000,2020,2,21,119.877,13,논현동,634-1,28200,,,
어진마을한화꿈에그린(6단지),2007,43200,2020,2,21,119.877,15,논현동,634-1,28200,,,
어진마을한화꿈에그린(6단지),2007,45000,2020,2,21,149.618,17,논현동,634-1,28200,,,
에코메트로10,2010,60000,2020,2,21,143.265,14,논현동,773-1,28200,,,
에코메트로10,2010,80000,2020,2,21,199.069,29,논현동,773-1,28200,,,
에코메트로11,2009,48000,2020,2,21,115.069,11,논현동,774-1,28200,,,
에코메트로11,2009,43000,2020,2,21,101.991,3,논현동,774-1,28200,,,
에코메트로12,2009,52000,2020,2,21,131.261,14,논현동,755-4,28200,,,
에코메트로12,2009,45000,2020,2,21,84.997,31,논현동,755-4,28200,,,
에코메트로5,2010,51000,2020,2,21,101.957,38,논현동,755-1,28200,,,
에코메트로6,2010,45800,2020,2,21,84.947,15,논현동,756-1,28200,,,
에코에비뉴,2014,33000,2020,2,21,84.96,7,서창동,695,28200,,,
유호엔시티101-103동,2013,30900,2020,2,21,84.5507,14,논현동,66-24,28200,,,
유호엔시티101-103동,2013,30000,2020,2,21,84.5507,12,논현동,66-24,28200,,,
은하,1985,21000,2020,2,21,87.57,2,간석동,292-1,28200,,,
이편한세상서창,2017,45000,2020,2,21,84.95,11,서창동,685,28200,,,
인천간석휴먼시아1단지,2014,30500,2020,2,21,84.86,1,간석동,940,28200,,,
인천간석휴먼시아1단지,2014,36500,2020,2,21,84.87,8,간석동,940,28200,,,
인천간석휴먼시아1단지,2014,31300,2020,2,21,84.86,1,간석동,940,28200,,,
인천간석휴먼시아2단지,2014,35700,2020,2,21,84.87,12,간석동,941,28200,,,
인천간석휴먼시아2단지,2014,32400,2020,2,21,84.99,2,간석동,941,28200,,,
인천간석휴먼시아2단지,2014,29200,2020,2,21,59.93,9,간석동,941,28200,,,
인천간석휴먼시아2단지,2014,35150,2020,2,21,84.86,26,간석동,941,28200,,,
인천간석휴먼시아2단지,2014,33900,2020,2,21,84.86,5,간석동,941,28200,,,
인천간석휴먼시아2단지,2014,34850,2020,2,21,84.86,23,간석동,941,28200,,,
주공13단지(푸르내마을),2006,22300,2020,2,21,51.86,16,논현동,600-9,28200,,,
주공1단지,1998,16800,2020,2,21,59.13,3,논현동,564-1,28200,,,
주공2단지,1998,13300,2020,2,21,38.95,7,논현동,563-3,28200,,,
청광플러스원아파트,2017,36500,2020,2,21,84.9944,2,서창동,640,28200,,,
청광플러스원아파트,2017,40700,2020,2,21,84.9944,17,서창동,640,28200,,,
청광플러스원아파트,2017,35500,2020,2,21,84.9944,3,서창동,640,28200,,,
태평2차,1997,17600,2020,2,21,59.96,16,서창동,538,28200,,,
포레시안,2011,33500,2020,2,21,84.95,4,만수동,1115-1,28200,,,
포레시안,2011,36900,2020,2,21,84.93,11,만수동,1115-1,28200,,,
포레시안,2011,32000,2020,2,21,84.35,6,만수동,1115-1,28200,,,
포레시안,2011,26800,2020,2,21,59.76,9,만수동,1115-1,28200,,,
포레시안,2011,27500,2020,2,21,59.68,18,만수동,1115-1,28200,,,
포레시안,2011,32000,2020,2,21,84.35,7,만수동,1115-1,28200,,,
풍림,2000,24800,2020,2,21,85,15,논현동,577,28200,,,
풍림,2000,23300,2020,2,21,85,7,논현동,577,28200,,,
풍림,2000,26000,2020,2,21,85,19,논현동,577,28200,,,
풍림,2000,21800,2020,2,21,59.7,3,논현동,577,28200,,,
풍림,2000,26000,2020,2,21,85,19,논현동,577,28200,,,
풍림,2000,20000,2020,2,21,59.7,9,논현동,577,28200,,,
풍림,2000,24000,2020,2,21,85,10,논현동,577,28200,,,
풍림,2000,21000,2020,2,21,59.7,13,논현동,577,28200,,,
풍림,2000,25500,2020,2,21,124.725,1,논현동,577,28200,,,
풍림아이원,2004,28500,2020,2,21,59.862,5,간석동,935,28200,,,
한라,1996,15000,2020,2,21,59.7,16,논현동,549,28200,,,
향촌휴먼시아2단지,2012,32500,2020,2,21,84.98,11,만수동,1116-1,28200,,,
향촌휴먼시아2단지,2012,30800,2020,2,21,84.98,6,만수동,1116-1,28200,,,
향촌휴먼시아2단지,2012,32500,2020,2,21,84.98,12,만수동,1116-1,28200,,,
향촌휴먼시아2단지,2012,33000,2020,2,21,84.8,4,만수동,1116-1,28200,,,
현대모닝사이드,2002,23000,2020,2,21,84.9767,2,서창동,545,28200,,,
효성상아,1985,30500,2020,2,21,121.21,2,만수동,905,28200,,,
휴먼시아동산마을,2006,29500,2020,2,21,84.6,2,논현동,603-1,28200,,,
간석래미안자이,2008,48000,2020,2,22,84.97,10,간석동,939-1,28200,,,
간석래미안자이,2008,39500,2020,2,22,59.91,19,간석동,939-1,28200,,,
간석래미안자이,2008,37950,2020,2,22,59.91,19,간석동,939-1,28200,,,
간석래미안자이,2008,39000,2020,2,22,59.91,22,간석동,939-1,28200,,,
간석신동아파밀리에명품,2007,29500,2020,2,22,84.4571,9,간석동,616-7,28200,,,
간석한신더휴,2019,37800,2020,2,22,74.694,23,간석동,616-6,28200,,,
간석한신더휴,2019,30000,2020,2,22,59.628,13,간석동,616-6,28200,,,
구월아시아드선수촌2단지,2015,30000,2020,2,22,51.56,17,구월동,1485,28200,,,
구월아시아드선수촌8단지,2015,40000,2020,2,22,74.91,9,구월동,1554,28200,,,
구월아시아드선수촌8단지,2015,40000,2020,2,22,74.91,9,구월동,1554,28200,,,
구월아시아드선수촌8단지,2015,39000,2020,2,22,74.93,17,구월동,1554,28200,,,
구월아시아드선수촌센트럴자이,2015,55000,2020,2,22,101.93,9,구월동,1510,28200,,,
구월아시아드선수촌센트럴자이,2015,50500,2020,2,22,84.93,21,구월동,1510,28200,,,
구월힐스테이트1단지,2007,38000,2020,2,22,83.9829,2,구월동,23,28200,,,
구월힐스테이트1단지,2007,36000,2020,2,22,75.3036,1,구월동,23,28200,,,
구월힐스테이트1단지,2007,50500,2020,2,22,115.6671,9,구월동,23,28200,,,
구월힐스테이트1단지,2007,42500,2020,2,22,83.8913,12,구월동,23,28200,,,
구월힐스테이트1단지,2007,51000,2020,2,22,115.6671,7,구월동,23,28200,,,
구월힐스테이트1단지,2007,52500,2020,2,22,115.6671,10,구월동,23,28200,,,
구월힐스테이트1단지,2007,45000,2020,2,22,84.8114,8,구월동,23,28200,,,
극동,1989,22500,2020,2,22,50.93,1,간석동,501,28200,,,
극동,1989,25500,2020,2,22,70.8,1,간석동,501,28200,,,
극동,1989,31000,2020,2,22,70.8,6,간석동,501,28200,,,
극동,1989,21600,2020,2,22,40.63,3,간석동,501,28200,,,
냇마을신영지웰(9단지),2007,38000,2020,2,22,96.5212,14,논현동,604-1,28200,,,
냇마을신영지웰(9단지),2007,44000,2020,2,22,131.8954,2,논현동,604-1,28200,,,
냇마을신영지웰(9단지),2007,44500,2020,2,22,152.5702,3,논현동,604-1,28200,,,
논현 파크 포레,2009,29500,2020,2,22,84.94,17,논현동,580-1,28200,,,
논현 파크 포레,2009,32000,2020,2,22,84.88,9,논현동,580-1,28200,,,
논현 파크 포레,2009,30500,2020,2,22,84.88,8,논현동,580-1,28200,,,
논현단풍마을트리플에듀,2006,29100,2020,2,22,84.79,4,논현동,602-1,28200,,,
논현단풍마을트리플에듀,2006,27900,2020,2,22,84.55,2,논현동,602-1,28200,,,
논현단풍마을트리플에듀,2006,32900,2020,2,22,84.99,20,논현동,602-1,28200,,,
논현단풍마을트리플에듀,2006,30000,2020,2,22,84.77,4,논현동,602-1,28200,,,
논현단풍마을트리플에듀,2006,27400,2020,2,22,84.38,1,논현동,602-1,28200,,,
논현신일해피트리,2007,41000,2020,2,22,101.872,20,논현동,618-1,28200,,,
논현푸르지오 더퍼스트,2019,35000,2020,2,22,61.8717,27,논현동,810,28200,,,
논현힐스테이트,2010,49000,2020,2,22,117.2657,14,논현동,732-1,28200,,,
담방마을,1994,11200,2020,2,22,46.12,10,만수동,1049,28200,,,
대동,1992,20500,2020,2,22,84.55,1,만수동,1018,28200,,,
대동(5-328),1987,7350,2020,2,22,39.33,5,만수동,5-326,28200,,,
도림아이파크,2008,41900,2020,2,22,123.9258,19,도림동,651-1,28200,,,
동남,1984,15300,2020,2,22,76.02,5,만수동,904-18,28200,,,
롯데캐슬골드,2007,43500,2020,2,22,84.8114,22,구월동,24,28200,,,
롯데캐슬골드,2007,41800,2020,2,22,84.8114,3,구월동,24,28200,,,
롯데캐슬골드,2007,40000,2020,2,22,83.9829,4,구월동,24,28200,,,
롯데캐슬골드,2007,48000,2020,2,22,115.6671,24,구월동,24,28200,,,
롯데캐슬골드,2007,50000,2020,2,22,115.6671,4,구월동,24,28200,,,
롯데캐슬골드,2007,38800,2020,2,22,83.8726,2,구월동,24,28200,,,
롯데캐슬골드,2007,42500,2020,2,22,83.8726,11,구월동,24,28200,,,
만수주공2단지,1987,19000,2020,2,22,61.52,5,만수동,29,28200,,,
만수주공3단지,1986,17800,2020,2,22,53.85,3,만수동,46,28200,,,
만수주공3단지,1986,19200,2020,2,22,53.85,1,만수동,46,28200,,,
만수주공3단지,1986,18800,2020,2,22,53.85,4,만수동,46,28200,,,
만수주공4단지,1987,19900,2020,2,22,64.62,5,만수동,13,28200,,,
만수주공4단지,1987,19000,2020,2,22,67.28,8,만수동,13,28200,,,
만수주공5단지,1987,14500,2020,2,22,49.94,2,만수동,17,28200,,,
만수주공5단지,1987,15000,2020,2,22,49.94,5,만수동,17,28200,,,
벽산,2000,24250,2020,2,22,84.93,16,만수동,1114,28200,,,
벽산,2000,24500,2020,2,22,84.93,18,만수동,1114,28200,,,
벽산,2000,25000,2020,2,22,84.93,25,만수동,1114,28200,,,
벽산,2000,26250,2020,2,22,84.93,9,만수동,1114,28200,,,
벽산,2000,25000,2020,2,22,84.93,5,만수동,1114,28200,,,
별빛마을웰카운티(10단지),2008,39500,2020,2,22,101.53,23,논현동,601-1,28200,,,
별빛마을웰카운티(10단지),2008,46500,2020,2,22,153.08,4,논현동,601-1,28200,,,
별빛마을웰카운티(10단지),2008,38000,2020,2,22,101.53,18,논현동,601-1,28200,,,
삼용,1987,10000,2020,2,22,45,4,간석동,293-2,28200,,,
삼용,1987,10000,2020,2,22,45,4,간석동,293-2,28200,,,
삼익세라믹,1992,27800,2020,2,22,132.81,14,만수동,1038,28200,,,
서창베라체아파트(11단지),2012,28000,2020,2,22,59.85,14,서창동,715,28200,,,
서창베라체아파트(11단지),2012,27500,2020,2,22,59.49,3,서창동,715,28200,,,
서창베라체아파트(11단지),2012,27300,2020,2,22,59.85,4,서창동,715,28200,,,
서창센트라스아파트,2014,32300,2020,2,22,74.92,10,서창동,692,28200,,,
서창센트라스아파트,2014,36500,2020,2,22,84.96,17,서창동,692,28200,,,
서창센트럴푸르지오,2018,39800,2020,2,22,74.98,8,서창동,682,28200,,,
서창센트럴푸르지오,2018,40000,2020,2,22,74.98,12,서창동,682,28200,,,
서창센트럴푸르지오,2018,39000,2020,2,22,74.98,5,서창동,682,28200,,,
서창센트럴푸르지오,2018,40000,2020,2,22,74.98,23,서창동,682,28200,,,
송정,1988,9500,2020,2,22,44.04,4,구월동,1160,28200,,,
신세계,1980,20900,2020,2,22,103.6,12,구월동,342-1,28200,,,
신세계,1980,19800,2020,2,22,85.44,4,구월동,342-1,28200,,,
신세계,1980,19800,2020,2,22,85.44,4,구월동,342-1,28200,,,
어울림마을,2005,32500,2020,2,22,59.87,5,간석동,938-1,28200,,,
어울림마을,2005,32000,2020,2,22,59.87,9,간석동,938-1,28200,,,
어진마을한화꿈에그린(6단지),2007,40800,2020,2,22,101.31,2,논현동,634-1,28200,,,
어진마을한화꿈에그린(6단지),2007,40000,2020,2,22,126.926,4,논현동,634-1,28200,,,
어진마을한화꿈에그린(6단지),2007,41000,2020,2,22,119.951,21,논현동,634-1,28200,,,
에코메트로11,2009,40000,2020,2,22,84.993,3,논현동,774-1,28200,,,
에코메트로11,2009,39200,2020,2,22,84.993,12,논현동,774-1,28200,,,
에코메트로11,2009,45500,2020,2,22,101.991,2,논현동,774-1,28200,,,
에코메트로11,2009,38500,2020,2,22,84.993,12,논현동,774-1,28200,,,
에코메트로11,2009,37300,2020,2,22,84.993,6,논현동,774-1,28200,,,
에코메트로12,2009,45000,2020,2,22,84.997,15,논현동,755-4,28200,,,
에코메트로12,2009,45000,2020,2,22,101.991,18,논현동,755-4,28200,,,
에코메트로12,2009,44000,2020,2,22,101.991,20,논현동,755-4,28200,,,
에코메트로5,2010,52000,2020,2,22,117.992,11,논현동,755-1,28200,,,
에코메트로5,2010,48000,2020,2,22,101.957,27,논현동,755-1,28200,,,
에코메트로5,2010,42000,2020,2,22,101.957,22,논현동,755-1,28200,,,
에코메트로5,2010,50700,2020,2,22,143.265,29,논현동,755-1,28200,,,
에코메트로6,2010,39500,2020,2,22,84.946,4,논현동,756-1,28200,,,
에코메트로6,2010,40500,2020,2,22,84.946,3,논현동,756-1,28200,,,
에코메트로7,2010,43300,2020,2,22,84.986,6,논현동,757-1,28200,,,
에코메트로7,2010,40500,2020,2,22,84.946,4,논현동,757-1,28200,,,
에코메트로7,2010,40500,2020,2,22,84.946,4,논현동,757-1,28200,,,
에코에비뉴,2014,34000,2020,2,22,84.92,12,서창동,695,28200,,,
에코에비뉴,2014,33000,2020,2,22,84.96,24,서창동,695,28200,,,
에코에비뉴,2014,33500,2020,2,22,84.96,10,서창동,695,28200,,,
에코에비뉴,2014,29600,2020,2,22,74.95,1,서창동,695,28200,,,
이편한세상서창,2017,44000,2020,2,22,84.92,11,서창동,685,28200,,,
이편한세상서창,2017,40000,2020,2,22,84.92,8,서창동,685,28200,,,
인천 소래논현구역 C10블록 에코메트로 3차 더 타워,2013,40800,2020,2,22,95.69,10,논현동,751-1,28200,,,
인천 소래논현구역 C10블록 에코메트로 3차 더 타워,2013,45000,2020,2,22,95.69,32,논현동,751-1,28200,,,
인천 소래논현구역 C10블록 에코메트로 3차 더 타워,2013,45000,2020,2,22,95.69,32,논현동,751-1,28200,,,
인천 소래논현구역 C10블록 에코메트로 3차 더 타워,2013,47800,2020,2,22,105.047,17,논현동,751-1,28200,,,
인천 소래논현구역 C10블록 에코메트로 3차 더 타워,2013,42500,2020,2,22,95.69,11,논현동,751-1,28200,,,
인천간석휴먼시아1단지,2014,33800,2020,2,22,84.87,4,간석동,940,28200,,,
인천간석휴먼시아2단지,2014,36000,2020,2,22,84.76,8,간석동,941,28200,,,
인천간석휴먼시아2단지,2014,36000,2020,2,22,84.76,8,간석동,941,28200,,,
인천간석휴먼시아2단지,2014,34000,2020,2,22,84.86,10,간석동,941,28200,,,
인천간석휴먼시아2단지,2014,36000,2020,2,22,84.87,20,간석동,941,28200,,,
인천간석휴먼시아2단지,2014,32000,2020,2,22,84.86,1,간석동,941,28200,,,
인천간석휴먼시아2단지,2014,33500,2020,2,22,84.86,28,간석동,941,28200,,,
인천간석휴먼시아2단지,2014,34000,2020,2,22,84.76,21,간석동,941,28200,,,
인천간석휴먼시아2단지,2014,34500,2020,2,22,84.87,16,간석동,941,28200,,,
주공13단지(푸르내마을),2006,21500,2020,2,22,51.86,6,논현동,600-9,28200,,,
주공13단지(푸르내마을),2006,21500,2020,2,22,51.86,6,논현동,600-9,28200,,,
주공13단지(푸르내마을),2006,22100,2020,2,22,51.86,15,논현동,600-9,28200,,,
주공13단지(푸르내마을),2006,25000,2020,2,22,59.57,19,논현동,600-9,28200,,,
주공13단지(푸르내마을),2006,26500,2020,2,22,59.57,15,논현동,600-9,28200,,,
주공13단지(푸르내마을),2006,24100,2020,2,22,59.57,19,논현동,600-9,28200,,,
주공13단지(푸르내마을),2006,24800,2020,2,22,59.57,7,논현동,600-9,28200,,,
주공1단지,1998,18000,2020,2,22,59.13,10,논현동,564-1,28200,,,
주공1단지,1998,18500,2020,2,22,59.13,16,논현동,564-1,28200,,,
주공2단지,1998,16500,2020,2,22,48.45,19,논현동,563-3,28200,,,
주공2단지,1998,24800,2020,2,22,83.84,17,논현동,563-3,28200,,,
주공8단지,1989,10500,2020,2,22,44.94,13,만수동,1005,28200,,,
청광플러스원아파트,2017,38000,2020,2,22,84.9944,12,서창동,640,28200,,,
"태화아파트101동,102동,103동,105동",1994,21100,2020,2,22,84.56,10,간석동,918-5,28200,,,
팬더,1991,26300,2020,2,22,84.92,5,구월동,258,28200,,,
포레시안,2011,35500,2020,2,22,84.93,5,만수동,1115-1,28200,,,
포레시안,2011,32000,2020,2,22,84.35,9,만수동,1115-1,28200,,,
포레시안,2011,35500,2020,2,22,84.93,15,만수동,1115-1,28200,,,
포레시안,2011,30950,2020,2,22,84.35,22,만수동,1115-1,28200,,,
포레시안,2011,20500,2020,2,22,46.89,22,만수동,1115-1,28200,,,
포레시안,2011,35000,2020,2,22,84.95,4,만수동,1115-1,28200,,,
포레시안,2011,27300,2020,2,22,59.68,14,만수동,1115-1,28200,,,
포레시안,2011,27300,2020,2,22,59.68,14,만수동,1115-1,28200,,,
풍림,2000,22000,2020,2,22,85,1,논현동,577,28200,,,
풍림,2000,22950,2020,2,22,85,3,논현동,577,28200,,,
풍림,2000,22000,2020,2,22,85,1,논현동,577,28200,,,
풍림,2000,22700,2020,2,22,85,19,논현동,577,28200,,,
풍림,2000,20700,2020,2,22,59.7,13,논현동,577,28200,,,
풍림,2000,24000,2020,2,22,85,17,논현동,577,28200,,,
풍림,2000,25400,2020,2,22,101.02,3,논현동,577,28200,,,
풍림,2000,22700,2020,2,22,85,8,논현동,577,28200,,,
풍림아이원,2004,28900,2020,2,22,59.862,2,간석동,935,28200,,,
풍림아이원,2004,28500,2020,2,22,59.862,6,간석동,935,28200,,,
풍림아이원,2004,32300,2020,2,22,84.956,2,간석동,935,28200,,,
풍림아이원,2004,28100,2020,2,22,59.862,7,간석동,935,28200,,,
한진,1980,17000,2020,2,22,61.19,12,간석동,519-4,28200,,,
해창(1-4동),1984,32200,2020,2,22,64.88,5,구월동,70-26,28200,,,
해창(1-4동),1984,31750,2020,2,22,63.89,3,구월동,70-26,28200,,,
향촌휴먼시아2단지,2012,25500,2020,2,22,59.95,4,만수동,1116-1,28200,,,
향촌휴먼시아2단지,2012,16800,2020,2,22,39.82,20,만수동,1116-1,28200,,,
향촌휴먼시아2단지,2012,17400,2020,2,22,39.82,4,만수동,1116-1,28200,,,
현대(893-0),1991,26000,2020,2,22,84.99,15,간석동,893,28200,,,
현대(893-0),1991,31000,2020,2,22,127.03,4,간석동,893,28200,,,
현대모닝사이드,2002,27500,2020,2,22,84.9767,13,서창동,545,28200,,,
효성상아,1985,25500,2020,2,22,78.1,6,만수동,905,28200,,,
효성상아,1985,25000,2020,2,22,84.725,14,만수동,905,28200,,,
휴먼시아동산마을,2006,31000,2020,2,22,84.6,18,논현동,603-1,28200,,,
휴먼시아동산마을,2006,32000,2020,2,22,84.6,18,논현동,603-1,28200,,,
휴먼시아동산마을,2006,34000,2020,2,22,84.6,18,논현동,603-1,28200,,,
휴먼시아동산마을,2006,30000,2020,2,22,84.6,13,논현동,603-1,28200,,,
휴먼시아동산마을,2006,32000,2020,2,22,84.6,15,논현동,603-1,28200,,,
휴먼시아동산마을,2006,31500,2020,2,22,84.6,16,논현동,603-1,28200,,,
휴먼시아동산마을,2006,29500,2020,2,22,84.6,3,논현동,603-1,28200,,,
간석한신더휴,2019,38000,2020,2,23,84.879,5,간석동,616-6,28200,,,
구월아시아드선수촌센트럴자이,2015,54500,2020,2,23,101.95,5,구월동,1510,28200,,,
구월힐스테이트1단지,2007,43100,2020,2,23,115.6671,1,구월동,23,28200,,,
금호,1987,20000,2020,2,23,43.08,8,간석동,495-5,28200,,,
논현단풍마을트리플에듀,2006,31000,2020,2,23,84.55,16,논현동,602-1,28200,,,
두진,1994,18100,2020,2,23,76.68,17,간석동,917-2,28200,,,
만수주공4단지,1987,16800,2020,2,23,54.9,10,만수동,13,28200,,,
만수주공4단지,1987,16800,2020,2,23,54.9,10,만수동,13,28200,,,
만수주공4단지,1987,19000,2020,2,23,66.56,7,만수동,13,28200,,,
만수주공4단지,1987,17950,2020,2,23,64.62,1,만수동,13,28200,,,
만수주공6단지,1986,13000,2020,2,23,38.52,3,만수동,20,28200,,,
별빛마을웰카운티(10단지),2008,41000,2020,2,23,101.42,15,논현동,601-1,28200,,,
별빛마을웰카운티(10단지),2008,40000,2020,2,23,101.53,22,논현동,601-1,28200,,,
별빛마을웰카운티(10단지),2008,44300,2020,2,23,153.08,7,논현동,601-1,28200,,,
삼익플라주,2008,24000,2020,2,23,84.992,2,만수동,869-21,28200,,,
서창센트라스아파트,2014,35500,2020,2,23,84.94,21,서창동,692,28200,,,
서창센트럴푸르지오,2018,39500,2020,2,23,74.98,6,서창동,682,28200,,,
서창센트럴푸르지오,2018,40000,2020,2,23,84.98,1,서창동,682,28200,,,
신동아,1990,19500,2020,2,23,74.92,12,만수동,5-426,28200,,,
어울림마을,2005,29000,2020,2,23,59.87,2,간석동,938-1,28200,,,
에코메트로11,2009,42500,2020,2,23,84.993,14,논현동,774-1,28200,,,
에코메트로12,2009,36500,2020,2,23,84.993,4,논현동,755-4,28200,,,
에코메트로9,2011,49000,2020,2,23,123.812,5,논현동,766-1,28200,,,
에코에비뉴,2014,32000,2020,2,23,84.96,9,서창동,695,28200,,,
유호엔시티101-103동,2013,29500,2020,2,23,84.5507,7,논현동,66-24,28200,,,
인천간석휴먼시아2단지,2014,29200,2020,2,23,59.93,21,간석동,941,28200,,,
인천간석휴먼시아2단지,2014,35800,2020,2,23,84.76,17,간석동,941,28200,,,
주공13단지(푸르내마을),2006,21300,2020,2,23,51.83,12,논현동,600-9,28200,,,
주공13단지(푸르내마을),2006,21200,2020,2,23,51.86,6,논현동,600-9,28200,,,
주공13단지(푸르내마을),2006,24500,2020,2,23,59.57,12,논현동,600-9,28200,,,
주공13단지(푸르내마을),2006,21300,2020,2,23,51.83,12,논현동,600-9,28200,,,
주공13단지(푸르내마을),2006,21200,2020,2,23,59.57,1,논현동,600-9,28200,,,
주공13단지(푸르내마을),2006,24700,2020,2,23,59.57,5,논현동,600-9,28200,,,
주공13단지(푸르내마을),2006,19500,2020,2,23,51.86,1,논현동,600-9,28200,,,
주공13단지(푸르내마을),2006,24300,2020,2,23,59.57,13,논현동,600-9,28200,,,
주공13단지(푸르내마을),2006,23000,2020,2,23,59.71,20,논현동,600-9,28200,,,
주공13단지(푸르내마을),2006,22500,2020,2,23,51.86,4,논현동,600-9,28200,,,
주공1단지,1998,18200,2020,2,23,59.13,15,논현동,564-1,28200,,,
청광플러스원아파트,2017,39000,2020,2,23,84.9944,20,서창동,640,28200,,,
포레시안,2011,36500,2020,2,23,84.93,4,만수동,1115-1,28200,,,
포레시안,2011,20500,2020,2,23,46.89,12,만수동,1115-1,28200,,,
포레시안,2011,33000,2020,2,23,84.35,9,만수동,1115-1,28200,,,
포레시안,2011,25000,2020,2,23,59.76,25,만수동,1115-1,28200,,,
포레시안,2011,32000,2020,2,23,84.35,19,만수동,1115-1,28200,,,
포레시안,2011,30900,2020,2,23,84.35,16,만수동,1115-1,28200,,,
풍림,2000,24000,2020,2,23,85,17,논현동,577,28200,,,
효성상아,1985,28400,2020,2,23,84.725,7,만수동,905,28200,,,
간석신동아파밀리에명품,2007,29500,2020,2,24,84.4571,21,간석동,616-7,28200,,,
간석신동아파밀리에명품,2007,29200,2020,2,24,84.4571,3,간석동,616-7,28200,,,
구월아시아드선수촌2단지,2015,28800,2020,2,24,51.95,7,구월동,1485,28200,,,
구월아시아드선수촌2단지,2015,31000,2020,2,24,51.56,9,구월동,1485,28200,,,
구월아시아드선수촌8단지,2015,40000,2020,2,24,74.94,15,구월동,1554,28200,,,
구월아시아드선수촌센트럴자이,2015,55000,2020,2,24,101.95,5,구월동,1510,28200,,,
구월아시아드선수촌센트럴자이,2015,55000,2020,2,24,101.95,5,구월동,1510,28200,,,
구월아시아드선수촌센트럴자이,2015,51500,2020,2,24,101.95,3,구월동,1510,28200,,,
구월힐스테이트1단지,2007,36800,2020,2,24,59.9,2,구월동,23,28200,,,
구월힐스테이트1단지,2007,45800,2020,2,24,84.8114,6,구월동,23,28200,,,
구월힐스테이트1단지,2007,36800,2020,2,24,59.9,2,구월동,23,28200,,,
극동,1989,24200,2020,2,24,50.93,13,간석동,501,28200,,,
금호타운,1992,29550,2020,2,24,141.78,2,만수동,1048,28200,,,
남동아파트,1992,18500,2020,2,24,60,7,만수동,1014,28200,,,
논현 파크 포레,2009,31000,2020,2,24,84.94,2,논현동,580-1,28200,,,
논현 파크 포레,2009,31000,2020,2,24,84.88,17,논현동,580-1,28200,,,
논현 파크 포레,2009,29000,2020,2,24,84.94,3,논현동,580-1,28200,,,
논현 파크 포레,2009,30800,2020,2,24,84.88,14,논현동,580-1,28200,,,
논현 파크 포레,2009,31300,2020,2,24,84.94,14,논현동,580-1,28200,,,
논현 파크 포레,2009,29800,2020,2,24,84.94,16,논현동,580-1,28200,,,
논현 파크 포레,2009,29500,2020,2,24,84.94,4,논현동,580-1,28200,,,
논현단풍마을트리플에듀,2006,28000,2020,2,24,84.99,10,논현동,602-1,28200,,,
논현단풍마을트리플에듀,2006,31000,2020,2,24,84.38,10,논현동,602-1,28200,,,
논현신일해피트리,2007,45000,2020,2,24,134.894,8,논현동,618-1,28200,,,
논현힐스테이트,2010,55000,2020,2,24,117.2657,23,논현동,732-1,28200,,,
담방마을,1994,14500,2020,2,24,49.72,5,만수동,1049,28200,,,
담방마을,1994,10500,2020,2,24,45.76,13,만수동,1049,28200,,,
대성유니드별빛마을,2006,21700,2020,2,24,59.8957,2,만수동,844-1,28200,,,
롯데캐슬골드,2007,46000,2020,2,24,83.8913,21,구월동,24,28200,,,
롯데캐슬골드,2007,40000,2020,2,24,59.9,7,구월동,24,28200,,,
롯데캐슬골드,2007,44000,2020,2,24,83.8913,13,구월동,24,28200,,,
만수주공2단지,1987,20000,2020,2,24,66.38,14,만수동,29,28200,,,
만수주공2단지,1987,19800,2020,2,24,64.62,2,만수동,29,28200,,,
만수주공2단지,1987,20500,2020,2,24,61.52,13,만수동,29,28200,,,
만수주공3단지,1986,18000,2020,2,24,53.85,1,만수동,46,28200,,,
만수주공5단지,1987,15700,2020,2,24,49.94,14,만수동,17,28200,,,
벽산블루밍,2008,27700,2020,2,24,84.85,8,도림동,654-2,28200,,,
벽산블루밍,2008,26900,2020,2,24,84.85,2,도림동,654-2,28200,,,
별빛마을웰카운티(10단지),2008,46000,2020,2,24,153.08,10,논현동,601-1,28200,,,
별빛마을웰카운티(10단지),2008,43000,2020,2,24,128.33,16,논현동,601-1,28200,,,
"삼보(가,나동)",1984,11500,2020,2,24,66.06,5,구월동,1187,28200,,,
삼용,1988,11900,2020,2,24,45.96,1,만수동,902,28200,,,
삼환1단지,1989,15000,2020,2,24,50.26,9,만수동,983-1,28200,,,
서창센트라스아파트,2014,31300,2020,2,24,74.91,1,서창동,692,28200,,,
서창센트라스아파트,2014,34700,2020,2,24,84.96,4,서창동,692,28200,,,
서창퍼스트뷰(7단지),2012,36500,2020,2,24,101.29,12,서창동,699,28200,,,
서창퍼스트뷰(7단지),2012,27300,2020,2,24,59.94,5,서창동,699,28200,,,
서해그랑블,2008,29000,2020,2,24,84.7493,11,서창동,540,28200,,,
신동아,1990,20000,2020,2,24,84.91,14,만수동,5-426,28200,,,
신동아,1990,20200,2020,2,24,84.91,6,만수동,5-426,28200,,,
어울림마을,2005,31900,2020,2,24,59.87,7,간석동,938-1,28200,,,
에코메트로10,2010,53000,2020,2,24,117.992,27,논현동,773-1,28200,,,
에코메트로5,2010,46000,2020,2,24,84.946,8,논현동,755-1,28200,,,
에코메트로5,2010,42000,2020,2,24,84.947,13,논현동,755-1,28200,,,
에코메트로7,2010,43000,2020,2,24,84.946,16,논현동,757-1,28200,,,
에코에비뉴,2014,31000,2020,2,24,74.92,10,서창동,695,28200,,,
에코에비뉴,2014,34000,2020,2,24,84.96,18,서창동,695,28200,,,
에코에비뉴,2014,31000,2020,2,24,74.92,10,서창동,695,28200,,,
에코에비뉴,2014,34000,2020,2,24,84.96,18,서창동,695,28200,,,
유호엔시티101-103동,2013,32000,2020,2,24,84.8327,29,논현동,66-24,28200,,,
유호엔시티201동,2013,30300,2020,2,24,84.9837,20,논현동,66-5,28200,,,
인천 소래논현구역 C10블록 에코메트로 3차 더 타워,2013,47000,2020,2,24,95.69,28,논현동,751-1,28200,,,
인천간석휴먼시아1단지,2014,16100,2020,2,24,39.17,23,간석동,940,28200,,,
인천간석휴먼시아1단지,2014,30000,2020,2,24,59.94,18,간석동,940,28200,,,
인천간석휴먼시아2단지,2014,34800,2020,2,24,84.76,8,간석동,941,28200,,,
인천간석휴먼시아2단지,2014,31000,2020,2,24,59.93,13,간석동,941,28200,,,
주공1단지,1998,18900,2020,2,24,59.13,17,논현동,564-1,28200,,,
청광플러스원아파트,2017,36900,2020,2,24,84.9944,4,서창동,640,28200,,,
태평2차,1997,18500,2020,2,24,59.96,1,서창동,538,28200,,,
팬더,1991,26000,2020,2,24,84.92,15,구월동,258,28200,,,
팬더,1991,25900,2020,2,24,84.92,4,구월동,258,28200,,,
포레시안,2011,26700,2020,2,24,59.76,25,만수동,1115-1,28200,,,
포레시안,2011,31700,2020,2,24,84.35,11,만수동,1115-1,28200,,,
포레시안,2011,40500,2020,2,24,114.04,13,만수동,1115-1,28200,,,
포레시안,2011,31300,2020,2,24,84.35,3,만수동,1115-1,28200,,,
포레시안,2011,31700,2020,2,24,84.35,11,만수동,1115-1,28200,,,
풍림,2000,26300,2020,2,24,101.02,4,논현동,577,28200,,,
향촌휴먼시아2단지,2012,27000,2020,2,24,59.9,8,만수동,1116-1,28200,,,
현대모닝사이드,2002,27000,2020,2,24,84.9767,10,서창동,545,28200,,,
현대홈타운(900-153),2003,28000,2020,2,24,105.1401,13,간석동,900-153,28200,,,
효성상아,1985,23000,2020,2,24,69.075,7,만수동,905,28200,,,
휴먼시아동산마을,2006,31300,2020,2,24,84.6,8,논현동,603-1,28200,,,
휴먼시아동산마을,2006,32000,2020,2,24,84.69,6,논현동,603-1,28200,,,
간석래미안자이,2008,38500,2020,2,25,59.91,10,간석동,939-1,28200,,,
광명아파트,1991,22400,2020,2,25,84.38,8,만수동,1042,28200,,,
구월아시아드선수촌5단지,2015,37300,2020,2,25,74.92,8,구월동,1513,28200,,,
구월아시아드선수촌5단지,2015,42500,2020,2,25,74.93,22,구월동,1513,28200,,,
구월아시아드선수촌8단지,2015,39500,2020,2,25,74.93,4,구월동,1554,28200,,,
구월아시아드선수촌8단지,2015,40500,2020,2,25,74.91,19,구월동,1554,28200,,,
구월프라움아트,2016,8900,2020,2,25,15.01,17,구월동,1131-18,28200,,,
구월힐스테이트1단지,2007,38000,2020,2,25,59.9,28,구월동,23,28200,,,
구월힐스테이트1단지,2007,45000,2020,2,25,83.7769,5,구월동,23,28200,,,
구월힐스테이트1단지,2007,37000,2020,2,25,83.7769,2,구월동,23,28200,,,
극동,1989,23300,2020,2,25,50.93,1,간석동,501,28200,,,
금호,1987,20700,2020,2,25,43.08,11,간석동,495-5,28200,,,
남동아파트,1992,19400,2020,2,25,60,14,만수동,1014,28200,,,
논현 파크 포레,2009,30800,2020,2,25,84.93,13,논현동,580-1,28200,,,
논현단풍마을트리플에듀,2006,33000,2020,2,25,84.99,13,논현동,602-1,28200,,,
담방마을,1994,10500,2020,2,25,45.76,2,만수동,1049,28200,,,
롯데캐슬골드,2007,38000,2020,2,25,83.8913,22,구월동,24,28200,,,
만수주공2단지,1987,26500,2020,2,25,75.24,6,만수동,29,28200,,,
만수주공2단지,1987,19900,2020,2,25,64.62,6,만수동,29,28200,,,
만수주공5단지,1987,8000,2020,2,25,32.39,4,만수동,17,28200,,,
별빛마을웰카운티(10단지),2008,40000,2020,2,25,128.33,2,논현동,601-1,28200,,,
삼호,2001,14700,2020,2,25,51.657,10,남촌동,651,28200,,,
삼환1단지,1989,17100,2020,2,25,59.05,12,만수동,983-1,28200,,,
삼환1단지,1989,12800,2020,2,25,43.55,9,만수동,983-1,28200,,,
서창센트라스아파트,2014,37000,2020,2,25,84.96,15,서창동,692,28200,,,
서창센트라스아파트,2014,34800,2020,2,25,84.94,2,서창동,692,28200,,,
서창센트라스아파트,2014,37000,2020,2,25,84.96,15,서창동,692,28200,,,
서창센트라스아파트,2014,34000,2020,2,25,74.92,11,서창동,692,28200,,,
서창센트럴푸르지오,2018,38800,2020,2,25,74.98,1,서창동,682,28200,,,
서창센트럴푸르지오,2018,44000,2020,2,25,84.98,16,서창동,682,28200,,,
서창센트럴푸르지오,2018,44000,2020,2,25,84.98,4,서창동,682,28200,,,
서창자이,2008,32800,2020,2,25,84.798,8,서창동,561-1,28200,,,
서창자이,2008,32800,2020,2,25,84.798,8,서창동,561-1,28200,,,
서창퍼스트뷰(7단지),2012,37000,2020,2,25,101.27,4,서창동,699,28200,,,
서창퍼스트뷰(7단지),2012,34500,2020,2,25,101.29,4,서창동,699,28200,,,
신세계,1980,19400,2020,2,25,88.68,2,구월동,342-1,28200,,,
아주(5-318),1988,9000,2020,2,25,43.83,5,만수동,5-318,28200,,,
어진마을한화꿈에그린(6단지),2007,49000,2020,2,25,149.618,15,논현동,634-1,28200,,,
에코메트로11,2009,34000,2020,2,25,84.993,2,논현동,774-1,28200,,,
에코메트로5,2010,51000,2020,2,25,101.957,30,논현동,755-1,28200,,,
에코에비뉴,2014,32500,2020,2,25,84.92,10,서창동,695,28200,,,
에코에비뉴,2014,31800,2020,2,25,74.95,16,서창동,695,28200,,,
에코에비뉴,2014,31400,2020,2,25,84.94,9,서창동,695,28200,,,
에코에비뉴,2014,32000,2020,2,25,74.95,19,서창동,695,28200,,,
유호엔시티101-103동,2013,35000,2020,2,25,101.1212,36,논현동,66-24,28200,,,
이편한세상서창,2017,45000,2020,2,25,84.92,5,서창동,685,28200,,,
이편한세상서창,2017,39300,2020,2,25,84.95,1,서창동,685,28200,,,
이편한세상서창,2017,45200,2020,2,25,84.95,4,서창동,685,28200,,,
임광그대가,2007,28200,2020,2,25,84.99,3,서창동,560-2,28200,,,
주공13단지(푸르내마을),2006,23000,2020,2,25,59.29,1,논현동,600-9,28200,,,
주공13단지(푸르내마을),2006,23000,2020,2,25,59.29,1,논현동,600-9,28200,,,
주공1단지,1998,17800,2020,2,25,59.13,10,논현동,564-1,28200,,,
주공8단지,1989,9400,2020,2,25,38.64,7,만수동,1005,28200,,,
태평1차,1995,16700,2020,2,25,59.885,4,서창동,537,28200,,,
태평2차,1997,18800,2020,2,25,59.96,10,서창동,538,28200,,,
팬더,1991,26500,2020,2,25,84.92,4,구월동,258,28200,,,
포레시안,2011,31500,2020,2,25,84.35,10,만수동,1115-1,28200,,,
포레시안,2011,27800,2020,2,25,59.68,14,만수동,1115-1,28200,,,
포레시안,2011,33500,2020,2,25,84.35,24,만수동,1115-1,28200,,,
포레시안,2011,33000,2020,2,25,74.91,15,만수동,1115-1,28200,,,
풍림,2000,20900,2020,2,25,59.7,5,논현동,577,28200,,,
풍림,2000,24500,2020,2,25,85,13,논현동,577,28200,,,
풍림,2000,22500,2020,2,25,85,7,논현동,577,28200,,,
풍림아이원,2004,43500,2020,2,25,116.728,18,간석동,935,28200,,,
한진,1980,16000,2020,2,25,60.23,1,간석동,519-4,28200,,,
향촌휴먼시아2단지,2012,32000,2020,2,25,84.98,17,만수동,1116-1,28200,,,
향촌휴먼시아2단지,2012,26300,2020,2,25,59.95,17,만수동,1116-1,28200,,,
향촌휴먼시아2단지,2012,31300,2020,2,25,84.98,7,만수동,1116-1,28200,,,
간석래미안자이,2008,59900,2020,2,26,143.22,21,간석동,939-1,28200,,,
간석신동아파밀리에명품,2007,32000,2020,2,26,106.901,1,간석동,616-7,28200,,,
광명(894-1),1989,11000,2020,2,26,59.76,6,간석동,894-1,28200,,,
구월힐스테이트1단지,2007,55000,2020,2,26,115.6671,12,구월동,23,28200,,,
구월힐스테이트1단지,2007,40000,2020,2,26,83.8726,5,구월동,23,28200,,,
금호타운,1992,30300,2020,2,26,124.05,9,만수동,1048,28200,,,
논현 파크 포레,2009,31000,2020,2,26,84.94,5,논현동,580-1,28200,,,
논현단풍마을트리플에듀,2006,30000,2020,2,26,84.77,2,논현동,602-1,28200,,,
논현신일해피트리,2007,41000,2020,2,26,116.804,2,논현동,618-1,28200,,,
논현유승한내들,2018,28000,2020,2,26,56.8743,19,논현동,764-4,28200,,,
담방마을,1994,13800,2020,2,26,49.72,3,만수동,1049,28200,,,
대동,1992,20500,2020,2,26,84.55,6,만수동,1018,28200,,,
도림아이파크,2008,28400,2020,2,26,84.633,4,도림동,651-1,28200,,,
롯데캐슬골드,2007,29700,2020,2,26,46.8778,1,구월동,24,28200,,,
롯데캐슬골드,2007,46000,2020,2,26,83.7769,27,구월동,24,28200,,,
만수뉴서울아파트,1992,8350,2020,2,26,34.65,8,만수동,1044,28200,,,
만수주공1단지,1985,14000,2020,2,26,39.72,1,만수동,29,28200,,,
만수주공2단지,1987,23000,2020,2,26,67.28,11,만수동,29,28200,,,
만수주공3단지,1986,19900,2020,2,26,61.77,5,만수동,46,28200,,,
벽산,2000,25000,2020,2,26,84.93,5,만수동,1114,28200,,,
벽산,2000,27000,2020,2,26,84.93,8,만수동,1114,28200,,,
벽산블루밍,2008,28300,2020,2,26,84.85,13,도림동,654-2,28200,,,
벽산블루밍,2008,28300,2020,2,26,84.85,11,도림동,654-2,28200,,,
별빛마을웰카운티(10단지),2008,36200,2020,2,26,101.53,2,논현동,601-1,28200,,,
별빛마을웰카운티(10단지),2008,48000,2020,2,26,153.08,3,논현동,601-1,28200,,,
서창베라체아파트(11단지),2012,35700,2020,2,26,84.86,18,서창동,715,28200,,,
서창센트럴푸르지오,2018,37000,2020,2,26,74.98,12,서창동,682,28200,,,
서창퍼스트뷰(7단지),2012,34000,2020,2,26,84.95,11,서창동,699,28200,,,
서해그랑블,2008,26900,2020,2,26,84.7493,2,서창동,540,28200,,,
서해그랑블,2008,23700,2020,2,26,59.9945,12,서창동,540,28200,,,
서해그랑블,2008,27700,2020,2,26,84.7493,2,서창동,540,28200,,,
신세계,1980,18000,2020,2,26,73.61,5,구월동,342-1,28200,,,
어울림마을,2005,40000,2020,2,26,84.96,8,간석동,938-1,28200,,,
에코메트로10,2010,60000,2020,2,26,143.265,26,논현동,773-1,28200,,,
에코메트로11,2009,39000,2020,2,26,84.993,27,논현동,774-1,28200,,,
에코메트로11,2009,41000,2020,2,26,84.997,3,논현동,774-1,28200,,,
에코메트로11,2009,41000,2020,2,26,84.997,3,논현동,774-1,28200,,,
에코메트로12,2009,40000,2020,2,26,84.997,19,논현동,755-4,28200,,,
에코메트로12,2009,42000,2020,2,26,84.993,11,논현동,755-4,28200,,,
에코에비뉴,2014,31000,2020,2,26,74.92,7,서창동,695,28200,,,
에코에비뉴,2014,31000,2020,2,26,74.95,11,서창동,695,28200,,,
에코에비뉴,2014,30000,2020,2,26,84.96,1,서창동,695,28200,,,
유호엔시티101-103동,2013,30400,2020,2,26,84.5507,23,논현동,66-24,28200,,,
인천 소래논현구역 C10블록 에코메트로 3차 더 타워,2013,47000,2020,2,26,105.047,7,논현동,751-1,28200,,,
인천간석휴먼시아1단지,2014,36000,2020,2,26,84.86,24,간석동,940,28200,,,
인천간석휴먼시아1단지,2014,32300,2020,2,26,84.86,1,간석동,940,28200,,,
인천간석휴먼시아1단지,2014,36000,2020,2,26,84.86,24,간석동,940,28200,,,
인천간석휴먼시아1단지,2014,34000,2020,2,26,84.86,21,간석동,940,28200,,,
인천간석휴먼시아1단지,2014,33500,2020,2,26,84.86,12,간석동,940,28200,,,
인천간석휴먼시아2단지,2014,33800,2020,2,26,84.76,4,간석동,941,28200,,,
인천간석휴먼시아2단지,2014,36700,2020,2,26,84.86,14,간석동,941,28200,,,
인천간석휴먼시아2단지,2014,34000,2020,2,26,74.97,8,간석동,941,28200,,,
인천간석휴먼시아2단지,2014,35900,2020,2,26,84.87,21,간석동,941,28200,,,
인천간석휴먼시아2단지,2014,34000,2020,2,26,84.86,3,간석동,941,28200,,,
임광그대가,2007,28500,2020,2,26,84.99,2,서창동,560-2,28200,,,
주공13단지(푸르내마을),2006,22000,2020,2,26,51.86,17,논현동,600-9,28200,,,
주공1단지,1998,18900,2020,2,26,59.13,4,논현동,564-1,28200,,,
주공1단지,1998,18000,2020,2,26,59.13,13,논현동,564-1,28200,,,
주공그린빌2차,2003,26800,2020,2,26,76.28,16,도림동,630-1,28200,,,
청광플러스원아파트,2017,38900,2020,2,26,84.9944,22,서창동,640,28200,,,
청광플러스원아파트,2017,40000,2020,2,26,84.9944,20,서창동,640,28200,,,
팬더,1991,25000,2020,2,26,84.92,5,구월동,258,28200,,,
포레시안,2011,39500,2020,2,26,114.04,14,만수동,1115-1,28200,,,
포레시안,2011,33800,2020,2,26,74.91,13,만수동,1115-1,28200,,,
포레시안,2011,26500,2020,2,26,59.71,5,만수동,1115-1,28200,,,
포레시안,2011,38000,2020,2,26,114.04,1,만수동,1115-1,28200,,,
포레시안,2011,27500,2020,2,26,59.57,25,만수동,1115-1,28200,,,
풍림,2000,22300,2020,2,26,59.7,18,논현동,577,28200,,,
향촌휴먼시아2단지,2012,31400,2020,2,26,84.98,9,만수동,1116-1,28200,,,
휴먼시아동산마을,2006,31500,2020,2,26,84.6,1,논현동,603-1,28200,,,
휴먼시아동산마을,2006,31500,2020,2,26,84.6,18,논현동,603-1,28200,,,
휴먼시아동산마을,2006,31500,2020,2,26,84.6,1,논현동,603-1,28200,,,
휴먼시아동산마을,2006,31500,2020,2,26,84.6,18,논현동,603-1,28200,,,
간석신동아파밀리에명품,2007,29200,2020,2,27,84.4571,5,간석동,616-7,28200,,,
간석신동아파밀리에명품,2007,29200,2020,2,27,84.4571,5,간석동,616-7,28200,,,
간석신동아파밀리에명품,2007,25800,2020,2,27,59.9427,12,간석동,616-7,28200,,,
구월아시아드선수촌5단지,2015,43000,2020,2,27,84.94,2,구월동,1513,28200,,,
구월아시아드선수촌8단지,2015,41500,2020,2,27,84.97,6,구월동,1554,28200,,,
구월아시아드선수촌센트럴자이,2015,55700,2020,2,27,101.95,21,구월동,1510,28200,,,
구월아시아드선수촌센트럴자이,2015,56000,2020,2,27,101.93,26,구월동,1510,28200,,,
극동,1989,24900,2020,2,27,46.74,7,간석동,501,28200,,,
금호,1987,23000,2020,2,27,43.08,13,간석동,495-5,28200,,,
금호,1987,25000,2020,2,27,59.28,1,간석동,495-5,28200,,,
논현 파크 포레,2009,30000,2020,2,27,84.88,3,논현동,580-1,28200,,,
논현 파크 포레,2009,32000,2020,2,27,84.88,13,논현동,580-1,28200,,,
논현푸르지오 더퍼스트,2019,30000,2020,2,27,61.9875,8,논현동,810,28200,,,
동보,1999,25200,2020,2,27,109.86,3,논현동,563-2,28200,,,
동아(260-5),1991,26700,2020,2,27,84.95,14,구월동,260-5,28200,,,
동아(260-5),1991,21900,2020,2,27,84.95,1,구월동,260-5,28200,,,
롯데캐슬골드,2007,39000,2020,2,27,59.9,19,구월동,24,28200,,,
롯데캐슬골드,2007,37000,2020,2,27,59.9,9,구월동,24,28200,,,
롯데캐슬골드,2007,36500,2020,2,27,59.9,21,구월동,24,28200,,,
만수주공2단지,1987,21500,2020,2,27,64.62,11,만수동,29,28200,,,
만수주공5단지,1987,8700,2020,2,27,32.39,13,만수동,17,28200,,,
만수주공5단지,1987,11500,2020,2,27,41.3,5,만수동,17,28200,,,
만수주공6단지,1986,13700,2020,2,27,38.52,2,만수동,20,28200,,,
벽산,2000,25400,2020,2,27,84.93,4,만수동,1114,28200,,,
삼익세라믹,1992,29000,2020,2,27,132.81,11,만수동,1038,28200,,,
삼환1단지,1989,14500,2020,2,27,50.26,9,만수동,983-1,28200,,,
서창센트라스아파트,2014,37500,2020,2,27,84.94,16,서창동,692,28200,,,
서창센트라스아파트,2014,38000,2020,2,27,84.94,14,서창동,692,28200,,,
서창자이,2008,40900,2020,2,27,119.913,16,서창동,561-1,28200,,,
서창자이,2008,37000,2020,2,27,119.913,24,서창동,561-1,28200,,,
서창퍼스트뷰(7단지),2012,35800,2020,2,27,101.27,3,서창동,699,28200,,,
서창퍼스트뷰(7단지),2012,35800,2020,2,27,101.27,3,서창동,699,28200,,,
서창퍼스트뷰(7단지),2012,35000,2020,2,27,101.29,4,서창동,699,28200,,,
서창퍼스트뷰(7단지),2012,27000,2020,2,27,59.94,3,서창동,699,28200,,,
서창퍼스트뷰(7단지),2012,37800,2020,2,27,101.95,19,서창동,699,28200,,,
서해그랑블,2008,24000,2020,2,27,59.9945,7,서창동,540,28200,,,
신세계,1980,17500,2020,2,27,73.61,4,구월동,342-1,28200,,,
에코메트로11,2009,38000,2020,2,27,84.993,5,논현동,774-1,28200,,,
에코메트로7,2010,43000,2020,2,27,84.992,30,논현동,757-1,28200,,,
에코메트로7,2010,39500,2020,2,27,84.992,12,논현동,757-1,28200,,,
에코메트로7,2010,39500,2020,2,27,84.992,12,논현동,757-1,28200,,,
에코메트로9,2011,50500,2020,2,27,123.812,26,논현동,766-1,28200,,,
영풍(849),1998,20750,2020,2,27,59.86,11,만수동,849,28200,,,
유호엔시티101-103동,2013,28500,2020,2,27,84.8327,2,논현동,66-24,28200,,,
유호엔시티101-103동,2013,33000,2020,2,27,84.8327,32,논현동,66-24,28200,,,
인천 소래논현구역 C10블록 에코메트로 3차 더 타워,2013,61770,2020,2,27,117.318,29,논현동,751-1,28200,,,
인천 소래논현구역 C10블록 에코메트로 3차 더 타워,2013,47000,2020,2,27,105.047,8,논현동,751-1,28200,,,
인천간석휴먼시아1단지,2014,33500,2020,2,27,84.87,1,간석동,940,28200,,,
주공13단지(푸르내마을),2006,25700,2020,2,27,59.57,5,논현동,600-9,28200,,,
주공13단지(푸르내마을),2006,25000,2020,2,27,59.57,7,논현동,600-9,28200,,,
주공13단지(푸르내마을),2006,25700,2020,2,27,59.57,5,논현동,600-9,28200,,,
주공13단지(푸르내마을),2006,26000,2020,2,27,59.57,16,논현동,600-9,28200,,,
주공13단지(푸르내마을),2006,22000,2020,2,27,51.83,10,논현동,600-9,28200,,,
주공1단지,1998,18500,2020,2,27,59.13,13,논현동,564-1,28200,,,
주공2단지,1998,13300,2020,2,27,48.45,1,논현동,563-3,28200,,,
주공2단지,1998,23800,2020,2,27,83.84,16,논현동,563-3,28200,,,
청광플러스원아파트,2017,40500,2020,2,27,84.9944,16,서창동,640,28200,,,
포레시안,2011,33800,2020,2,27,84.95,1,만수동,1115-1,28200,,,
포레시안,2011,27200,2020,2,27,59.68,5,만수동,1115-1,28200,,,
포레시안,2011,21000,2020,2,27,46.89,7,만수동,1115-1,28200,,,
풍림,2000,25000,2020,2,27,85,10,논현동,577,28200,,,
한진,1980,17500,2020,2,27,60.59,3,간석동,519-4,28200,,,
한진,1980,16900,2020,2,27,61.16,10,간석동,519-4,28200,,,
현대(893-0),1991,29200,2020,2,27,127.03,3,간석동,893,28200,,,
"희망(3동,5동)",1983,18350,2020,2,27,65.66,2,간석동,158-1,28200,,,
간석한신더휴,2019,33000,2020,2,28,59.925,11,간석동,616-6,28200,,,
구월아시아드선수촌2단지,2015,30000,2020,2,28,51.56,22,구월동,1485,28200,,,
구월아시아드선수촌5단지,2015,40000,2020,2,28,74.93,5,구월동,1513,28200,,,
구월아시아드선수촌5단지,2015,45000,2020,2,28,74.92,20,구월동,1513,28200,,,
구월아시아드선수촌센트럴자이,2015,52800,2020,2,28,101.93,2,구월동,1510,28200,,,
구월힐스테이트1단지,2007,49000,2020,2,28,84.8114,22,구월동,23,28200,,,
구월힐스테이트1단지,2007,40500,2020,2,28,75.3036,23,구월동,23,28200,,,
도림아이파크,2008,36300,2020,2,28,123.9258,18,도림동,651-1,28200,,,
도림아이파크,2008,37000,2020,2,28,123.9258,17,도림동,651-1,28200,,,
도림아이파크,2008,28500,2020,2,28,84.633,3,도림동,651-1,28200,,,
롯데캐슬골드,2007,43800,2020,2,28,84.8114,9,구월동,24,28200,,,
롯데캐슬골드,2007,45000,2020,2,28,83.7769,16,구월동,24,28200,,,
만수뉴서울아파트,1992,8800,2020,2,28,34.65,12,만수동,1044,28200,,,
만수주공3단지,1986,17500,2020,2,28,53.85,4,만수동,46,28200,,,
별빛마을웰카운티(10단지),2008,41000,2020,2,28,101.53,16,논현동,601-1,28200,,,
삼환2단지,1990,18000,2020,2,28,59.05,13,만수동,966,28200,,,
서창베라체아파트(11단지),2012,27400,2020,2,28,59.81,3,서창동,715,28200,,,
서창베라체아파트(11단지),2012,28500,2020,2,28,59.49,4,서창동,715,28200,,,
서창베라체아파트(11단지),2012,33150,2020,2,28,84.72,11,서창동,715,28200,,,
서창베라체아파트(11단지),2012,34500,2020,2,28,84.99,13,서창동,715,28200,,,
서창베라체아파트(11단지),2012,28300,2020,2,28,59.85,5,서창동,715,28200,,,
서창센트라스아파트,2014,32000,2020,2,28,74.92,3,서창동,692,28200,,,
서창센트라스아파트,2014,37000,2020,2,28,84.92,16,서창동,692,28200,,,
서해그랑블,2008,29300,2020,2,28,106.6026,2,서창동,540,28200,,,
에코메트로7,2010,47000,2020,2,28,84.992,34,논현동,757-1,28200,,,
에코메트로9,2011,56000,2020,2,28,150.777,36,논현동,766-1,28200,,,
에코메트로9,2011,56000,2020,2,28,150.777,36,논현동,766-1,28200,,,
영남,1988,11500,2020,2,28,53.97,4,간석동,617-31,28200,,,
인천 소래논현구역 C10블록 에코메트로 3차 더 타워,2013,48000,2020,2,28,95.69,23,논현동,751-1,28200,,,
인천간석휴먼시아2단지,2014,30800,2020,2,28,59.93,14,간석동,941,28200,,,
인천간석휴먼시아2단지,2014,34800,2020,2,28,84.76,26,간석동,941,28200,,,
인천간석휴먼시아2단지,2014,35900,2020,2,28,84.76,19,간석동,941,28200,,,
주공13단지(푸르내마을),2006,25700,2020,2,28,59.57,14,논현동,600-9,28200,,,
주공13단지(푸르내마을),2006,24000,2020,2,28,59.57,10,논현동,600-9,28200,,,
주공2단지,1998,21000,2020,2,28,59.23,9,논현동,563-3,28200,,,
포레시안,2011,32250,2020,2,28,84.35,21,만수동,1115-1,28200,,,
포레시안,2011,33000,2020,2,28,84.35,11,만수동,1115-1,28200,,,
포레시안,2011,33000,2020,2,28,74.91,12,만수동,1115-1,28200,,,
포레시안,2011,32700,2020,2,28,84.35,4,만수동,1115-1,28200,,,
포레시안,2011,32250,2020,2,28,84.35,21,만수동,1115-1,28200,,,
포레시안,2011,33700,2020,2,28,84.93,1,만수동,1115-1,28200,,,
포레시안,2011,27500,2020,2,28,59.71,20,만수동,1115-1,28200,,,
포레시안,2011,32000,2020,2,28,84.35,8,만수동,1115-1,28200,,,
포레시안,2011,32700,2020,2,28,84.35,4,만수동,1115-1,28200,,,
풍림,2000,22850,2020,2,28,59.7,13,논현동,577,28200,,,
풍림,2000,22850,2020,2,28,59.7,13,논현동,577,28200,,,
풍림,2000,22000,2020,2,28,85,3,논현동,577,28200,,,
한진,1980,16000,2020,2,28,60.59,1,간석동,519-4,28200,,,
현대(893-0),1991,25650,2020,2,28,84.99,5,간석동,893,28200,,,
현대홈타운(900-153),2003,43000,2020,2,28,142.0528,16,간석동,900-153,28200,,,
호반베르디움,2017,49000,2020,2,28,84.7403,7,서창동,702,28200,,,
호반베르디움,2017,50000,2020,2,28,84.7403,20,서창동,702,28200,,,
휴먼시아동산마을,2006,30900,2020,2,28,84.6,8,논현동,603-1,28200,,,
간석래미안자이,2008,42000,2020,2,29,59.91,20,간석동,939-1,28200,,,
간석래미안자이,2008,58000,2020,2,29,119.36,23,간석동,939-1,28200,,,
간석래미안자이,2008,40800,2020,2,29,59.91,9,간석동,939-1,28200,,,
간석한신더휴,2019,41000,2020,2,29,84.879,25,간석동,616-6,28200,,,
간석한신더휴,2019,36000,2020,2,29,74.694,13,간석동,616-6,28200,,,
구월아시아드선수촌2단지,2015,34000,2020,2,29,59.99,28,구월동,1485,28200,,,
구월아시아드선수촌2단지,2015,35500,2020,2,29,59.57,7,구월동,1485,28200,,,
구월유승한내들퍼스티지,2016,47000,2020,2,29,84.3455,4,구월동,1508,28200,,,
구월유승한내들퍼스티지,2016,54000,2020,2,29,94.026,10,구월동,1508,28200,,,
구월힐스테이트1단지,2007,38500,2020,2,29,59.9,10,구월동,23,28200,,,
구월힐스테이트1단지,2007,45000,2020,2,29,83.8726,13,구월동,23,28200,,,
구월힐스테이트1단지,2007,47000,2020,2,29,83.7769,25,구월동,23,28200,,,
구월힐스테이트1단지,2007,52000,2020,2,29,115.6671,28,구월동,23,28200,,,
구월힐스테이트1단지,2007,40000,2020,2,29,83.9829,8,구월동,23,28200,,,
구월힐스테이트3단지,2007,47000,2020,2,29,84.8114,16,구월동,20,28200,,,
극동,1989,31700,2020,2,29,70.8,7,간석동,501,28200,,,
극동,1989,25000,2020,2,29,46.74,5,간석동,501,28200,,,
극동,1989,26000,2020,2,29,56.37,4,간석동,501,28200,,,
금원,1985,12800,2020,2,29,50.04,1,만수동,922-13,28200,,,
금호,1987,22000,2020,2,29,43.08,5,간석동,495-5,28200,,,
금호,1987,35000,2020,2,29,99.14,9,간석동,495-5,28200,,,
남촌풍림3차,1999,20300,2020,2,29,59.484,6,남촌동,649,28200,,,
논현 파크 포레,2009,33000,2020,2,29,84.88,7,논현동,580-1,28200,,,
논현 파크 포레,2009,31500,2020,2,29,84.94,14,논현동,580-1,28200,,,
논현 파크 포레,2009,33000,2020,2,29,84.88,7,논현동,580-1,28200,,,
논현 파크 포레,2009,31500,2020,2,29,84.93,3,논현동,580-1,28200,,,
논현단풍마을트리플에듀,2006,33000,2020,2,29,84.99,5,논현동,602-1,28200,,,
논현유승한내들,2018,29500,2020,2,29,56.8743,39,논현동,764-4,28200,,,
논현힐스테이트,2010,53300,2020,2,29,115.3907,17,논현동,732-1,28200,,,
다정한마을서해그랑블,2004,33500,2020,2,29,84.83,7,간석동,407,28200,,,
담방마을,1994,13500,2020,2,29,49.72,10,만수동,1049,28200,,,
동보,1999,27500,2020,2,29,128.85,14,논현동,563-2,28200,,,
동아(260-5),1991,24000,2020,2,29,83.495,14,구월동,260-5,28200,,,
롯데캐슬골드,2007,38000,2020,2,29,59.9,6,구월동,24,28200,,,
롯데캐슬골드,2007,50000,2020,2,29,115.6671,27,구월동,24,28200,,,
롯데캐슬골드,2007,43500,2020,2,29,83.8726,21,구월동,24,28200,,,
만수주공2단지,1987,19000,2020,2,29,54.9,13,만수동,29,28200,,,
만수주공2단지,1987,24500,2020,2,29,75.24,14,만수동,29,28200,,,
만수주공2단지,1987,22000,2020,2,29,64.62,5,만수동,29,28200,,,
만수주공2단지,1987,19900,2020,2,29,66.38,3,만수동,29,28200,,,
만수주공2단지,1987,24500,2020,2,29,75.24,14,만수동,29,28200,,,
만수주공2단지,1987,24500,2020,2,29,75.24,14,만수동,29,28200,,,
만수주공2단지,1987,20300,2020,2,29,66.38,15,만수동,29,28200,,,
만수주공2단지,1987,18000,2020,2,29,54.9,1,만수동,29,28200,,,
만수주공4단지,1987,20000,2020,2,29,64.62,10,만수동,13,28200,,,
만수주공4단지,1987,20000,2020,2,29,64.62,10,만수동,13,28200,,,
만수주공4단지,1987,19200,2020,2,29,61.52,14,만수동,13,28200,,,
만수주공5단지,1987,15300,2020,2,29,49.94,11,만수동,17,28200,,,
만수주공5단지,1987,13500,2020,2,29,41.3,7,만수동,17,28200,,,
만수주공5단지,1987,12500,2020,2,29,41.3,9,만수동,17,28200,,,
만수주공6단지,1986,12000,2020,2,29,38.52,5,만수동,20,28200,,,
만수주공6단지,1986,10600,2020,2,29,38.52,5,만수동,20,28200,,,
벽산,2000,22700,2020,2,29,59.805,17,만수동,1114,28200,,,
벽산,2000,21500,2020,2,29,59.805,13,만수동,1114,28200,,,
벽산,2000,23900,2020,2,29,59.805,8,만수동,1114,28200,,,
벽산,2000,24600,2020,2,29,84.93,23,만수동,1114,28200,,,
벽산,2000,26900,2020,2,29,84.93,15,만수동,1114,28200,,,
벽산,2000,23600,2020,2,29,84.93,11,만수동,1114,28200,,,
벽산블루밍,2008,28300,2020,2,29,84.85,5,도림동,654-2,28200,,,
벽산블루밍,2008,29000,2020,2,29,84.85,13,도림동,654-2,28200,,,
벽산블루밍,2008,28850,2020,2,29,84.85,4,도림동,654-2,28200,,,
별빛마을웰카운티(10단지),2008,45000,2020,2,29,153.08,16,논현동,601-1,28200,,,
서창베라체아파트(11단지),2012,28400,2020,2,29,59.52,9,서창동,715,28200,,,
서창센트럴푸르지오,2018,42000,2020,2,29,84.98,17,서창동,682,28200,,,
서창센트럴푸르지오,2018,42000,2020,2,29,84.98,17,서창동,682,28200,,,
서창자이,2008,32500,2020,2,29,84.798,8,서창동,561-1,28200,,,
서창자이,2008,33800,2020,2,29,84.798,11,서창동,561-1,28200,,,
서창퍼스트뷰(7단지),2012,37000,2020,2,29,101.29,12,서창동,699,28200,,,
서창퍼스트뷰(7단지),2012,35500,2020,2,29,84.41,15,서창동,699,28200,,,
서창퍼스트뷰(7단지),2012,35500,2020,2,29,84.55,6,서창동,699,28200,,,
서해그랑블,2008,32000,2020,2,29,107.7441,2,서창동,540,28200,,,
어울림마을,2005,33800,2020,2,29,59.87,5,간석동,938-1,28200,,,
어울림마을,2005,39800,2020,2,29,84.96,25,간석동,938-1,28200,,,
어울림마을,2005,31500,2020,2,29,59.87,9,간석동,938-1,28200,,,
에코메트로11,2009,36500,2020,2,29,84.993,25,논현동,774-1,28200,,,
에코메트로11,2009,40000,2020,2,29,84.997,31,논현동,774-1,28200,,,
에코메트로12,2009,43000,2020,2,29,101.991,12,논현동,755-4,28200,,,
에코메트로5,2010,48000,2020,2,29,84.986,8,논현동,755-1,28200,,,
에코메트로6,2010,45000,2020,2,29,84.946,5,논현동,756-1,28200,,,
에코메트로7,2010,45000,2020,2,29,84.946,23,논현동,757-1,28200,,,
에코메트로9,2011,55000,2020,2,29,123.812,34,논현동,766-1,28200,,,
에코에비뉴,2014,29250,2020,2,29,84.94,1,서창동,695,28200,,,
에코에비뉴,2014,33400,2020,2,29,84.96,4,서창동,695,28200,,,
에코에비뉴,2014,29850,2020,2,29,74.92,6,서창동,695,28200,,,
에코에비뉴,2014,31300,2020,2,29,74.92,25,서창동,695,28200,,,
영풍(849),1998,30500,2020,2,29,122.22,16,만수동,849,28200,,,
우성,1990,26300,2020,2,29,84.97,3,간석동,893-1,28200,,,
유호엔시티101-103동,2013,28100,2020,2,29,84.8327,3,논현동,66-24,28200,,,
이편한세상서창,2017,46500,2020,2,29,84.92,19,서창동,685,28200,,,
인천간석휴먼시아1단지,2014,28800,2020,2,29,59.93,5,간석동,940,28200,,,
인천간석휴먼시아2단지,2014,30000,2020,2,29,59.93,18,간석동,941,28200,,,
인천간석휴먼시아2단지,2014,31900,2020,2,29,84.87,1,간석동,941,28200,,,
임광그대가,2007,29500,2020,2,29,84.99,8,서창동,560-2,28200,,,
임광그대가,2007,28000,2020,2,29,84.99,3,서창동,560-2,28200,,,
임광그대가,2007,29500,2020,2,29,84.99,8,서창동,560-2,28200,,,
주공11단지,1997,17800,2020,2,29,59.99,14,만수동,1113,28200,,,
주공11단지,1997,18500,2020,2,29,59.96,11,만수동,1113,28200,,,
주공13단지(푸르내마을),2006,20400,2020,2,29,51.86,2,논현동,600-9,28200,,,
주공1단지,1998,18300,2020,2,29,59.13,4,논현동,564-1,28200,,,
주공1단지,1998,18300,2020,2,29,59.13,4,논현동,564-1,28200,,,
주공2단지,1998,15000,2020,2,29,48.45,7,논현동,563-3,28200,,,
청광플러스원아파트,2017,37000,2020,2,29,84.9944,2,서창동,640,28200,,,
"태화아파트101동,102동,103동,105동",1994,23000,2020,2,29,84.56,3,간석동,918-5,28200,,,
포레시안,2011,26000,2020,2,29,59.76,8,만수동,1115-1,28200,,,
포레시안,2011,26000,2020,2,29,59.76,8,만수동,1115-1,28200,,,
포레시안,2011,28700,2020,2,29,59.71,7,만수동,1115-1,28200,,,
포레시안,2011,34400,2020,2,29,84.77,10,만수동,1115-1,28200,,,
포레시안,2011,31000,2020,2,29,84.35,2,만수동,1115-1,28200,,,
포레시안,2011,31000,2020,2,29,84.35,19,만수동,1115-1,28200,,,
풍림,2000,20000,2020,2,29,59.7,12,논현동,577,28200,,,
풍림,2000,20000,2020,2,29,59.7,11,논현동,577,28200,,,
풍림,2000,26000,2020,2,29,85,8,논현동,577,28200,,,
풍림,2000,20500,2020,2,29,59.7,15,논현동,577,28200,,,
풍림,2000,20500,2020,2,29,59.7,9,논현동,577,28200,,,
풍림,2000,20000,2020,2,29,59.7,12,논현동,577,28200,,,
풍림,2000,19800,2020,2,29,59.7,20,논현동,577,28200,,,
풍림,2000,19700,2020,2,29,59.7,12,논현동,577,28200,,,
풍림,2000,29000,2020,2,29,101.02,12,논현동,577,28200,,,
풍림,2000,20500,2020,2,29,59.7,4,논현동,577,28200,,,
풍림아이원,2004,33000,2020,2,29,84.956,5,간석동,935,28200,,,
한라,1996,15000,2020,2,29,59.7,14,논현동,549,28200,,,
한라,1996,13700,2020,2,29,59.7,3,논현동,549,28200,,,
한라,1996,15000,2020,2,29,59.7,14,논현동,549,28200,,,
한진,1980,17800,2020,2,29,61.16,7,간석동,519-4,28200,,,
한진,1980,16900,2020,2,29,61.16,1,간석동,519-4,28200,,,
한진,1980,16000,2020,2,29,54.51,8,간석동,519-4,28200,,,
향촌휴먼시아2단지,2012,33000,2020,2,29,84.98,10,만수동,1116-1,28200,,,
현대모닝사이드,2002,25500,2020,2,29,84.9767,9,서창동,545,28200,,,
현대모닝사이드,2002,24500,2020,2,29,84.9767,6,서창동,545,28200,,,
현대홈타운(900-153),2003,34500,2020,2,29,84.8638,12,간석동,900-153,28200,,,
호반베르디움,2017,48000,2020,2,29,84.7403,7,서창동,702,28200,,,
호반베르디움,2017,48000,2020,2,29,84.7403,4,서창동,702,28200,,,
효성상아,1985,19200,2020,2,29,60.33,6,만수동,905,28200,,,
효성상아,1985,27700,2020,2,29,84.955,11,만수동,905,28200,,,
