도시,지역,연월,중앙값_만원_m2
광주,광주_광산구,2006-01,100.65833335582661
광주,광주_광산구,2006-02,100.33050047214353
광주,광주_광산구,2006-03,94.26092759426093
광주,광주_광산구,2006-04,86.09160815780675
광주,광주_광산구,2006-05,103.65135453474676
광주,광주_광산구,2006-06,104.79213418784411
광주,광주_광산구,2006-07,97.581317764804
광주,광주_광산구,2006-08,122.8654163622094
광주,광주_광산구,2006-09,101.51085930122757
광주,광주_광산구,2006-10,114.23860558238135
광주,광주_광산구,2006-11,125.37167317940444
광주,광주_광산구,2006-12,100.0
광주,광주_광산구,2007-01,108.24404111086815
광주,광주_광산구,2007-02,103.20982667481351
광주,광주_광산구,2007-03,100.38783067769558
광주,광주_광산구,2007-04,91.31045554886614
광주,광주_광산구,2007-05,104.25982584137444
광주,광주_광산구,2007-06,89.90567930965283
광주,광주_광산구,2007-07,102.15565171956432
광주,광주_광산구,2007-08,107.9314514939681
광주,광주_광산구,2007-09,106.13809987316758
광주,광주_광산구,2007-10,105.9751510173678
광주,광주_광산구,2007-11,105.96820123398196
광주,광주_광산구,2007-12,106.95456289401028
광주,광주_광산구,2008-01,104.91916064671483
광주,광주_광산구,2008-02,102.69121813031161
광주,광주_광산구,2008-03,106.85865495106879
광주,광주_광산구,2008-04,126.6973771302877
광주,광주_광산구,2008-05,107.37017859641843
광주,광주_광산구,2008-06,107.9733818469601
광주,광주_광산구,2008-07,112.10114118961731
광주,광주_광산구,2008-08,105.56210228611832
광주,광주_광산구,2008-09,105.20353982300885
광주,광주_광산구,2008-10,105.24446549070676
광주,광주_광산구,2008-11,110.12705158242078
광주,광주_광산구,2008-12,108.5872823987372
광주,광주_광산구,2009-01,113.59754751625597
광주,광주_광산구,2009-02,106.46036072936822
광주,광주_광산구,2009-03,107.53004949328306
광주,광주_광산구,2009-04,117.73498652961125
광주,광주_광산구,2009-05,187.11923411662315
광주,광주_광산구,2009-06,134.93000505987519
광주,광주_광산구,2009-07,123.56386427745149
광주,광주_광산구,2009-08,124.70350014463408
광주,광주_광산구,2009-09,120.16021361815754
광주,광주_광산구,2009-10,131.67171364236356
광주,광주_광산구,2009-11,132.01335507415172
광주,광주_광산구,2009-12,122.98884213943711
광주,광주_광산구,2010-01,129.23424914487475
광주,광주_광산구,2010-02,136.9048740065539
광주,광주_광산구,2010-03,123.56386427745149
광주,광주_광산구,2010-04,120.03123799424841
광주,광주_광산구,2010-05,125.90738629209808
광주,광주_광산구,2010-06,138.03660991564954
광주,광주_광산구,2010-07,118.03931884351479
광주,광주_광산구,2010-08,113.7884872824632
광주,광주_광산구,2010-09,115.60693641618498
광주,광주_광산구,2010-10,121.12200745109178
광주,광주_광산구,2010-11,136.2593145090103
광주,광주_광산구,2010-12,158.94261335117952
광주,광주_광산구,2011-01,134.05362144857943
광주,광주_광산구,2011-02,141.67375035418436
광주,광주_광산구,2011-03,195.70902077109355
광주,광주_광산구,2011-04,155.80736543909347
광주,광주_광산구,2011-05,133.78228583540957
광주,광주_광산구,2011-06,178.40174110290286
광주,광주_광산구,2011-07,164.9049983320461
광주,광주_광산구,2011-08,167.7723653257204
광주,광주_광산구,2011-09,176.7080006314366
광주,광주_광산구,2011-10,167.81333572645676
광주,광주_광산구,2011-11,189.42714173268183
광주,광주_광산구,2011-12,189.42714173268183
광주,광주_광산구,2012-01,166.7980036774363
광주,광주_광산구,2012-02,169.39062669120034
광주,광주_광산구,2012-03,172.10892372981257
광주,광주_광산구,2012-04,177.50838835371795
광주,광주_광산구,2012-05,181.92693018222363
광주,광주_광산구,2012-06,178.04964443027058
광주,광주_광산구,2012-07,170.93009548508783
광주,광주_광산구,2012-08,184.45793169106273
광주,광주_광산구,2012-09,182.96305096827848
광주,광주_광산구,2012-10,182.59826731915115
광주,광주_광산구,2012-11,182.54563640910226
광주,광주_광산구,2012-12,171.79300120019766
광주,광주_광산구,2013-01,180.18951697432357
광주,광주_광산구,2013-02,176.519806110645
광주,광주_광산구,2013-03,173.50684017350684
광주,광주_광산구,2013-04,178.91654789084185
광주,광주_광산구,2013-05,182.02546820076805
광주,광주_광산구,2013-06,167.54138070246265
광주,광주_광산구,2013-07,183.7822070420347
광주,광주_광산구,2013-08,186.0826706186138
광주,광주_광산구,2013-09,186.6136957109079
광주,광주_광산구,2013-10,191.7840653486445
광주,광주_광산구,2013-11,197.1170369771344
광주,광주_광산구,2013-12,203.83540467808146
광주,광주_광산구,2014-01,196.42249086602988
광주,광주_광산구,2014-02,194.84740082536808
광주,광주_광산구,2014-03,197.9949874686717
광주,광주_광산구,2014-04,191.5243914044805
광주,광주_광산구,2014-05,200.4249007896741
광주,광주_광산구,2014-06,209.6749637409219
광주,광주_광산구,2014-07,207.64119601328903
광주,광주_광산구,2014-08,215.57143548097807
광주,광주_광산구,2014-09,212.1878851513942
광주,광주_광산구,2014-10,202.3414324007952
광주,광주_광산구,2014-11,204.60990882963134
광주,광주_광산구,2014-12,202.8652217411417
광주,광주_광산구,2015-01,203.55170213234163
광주,광주_광산구,2015-02,205.99042092268525
광주,광주_광산구,2015-03,203.55170213234163
광주,광주_광산구,2015-04,212.3169104929216
광주,광주_광산구,2015-05,221.26420373436878
광주,광주_광산구,2015-06,219.13429471453583
광주,광주_광산구,2015-07,215.1769798828622
광주,광주_광산구,2015-08,223.34450055836126
광주,광주_광산구,2015-09,240.00868041222523
광주,광주_광산구,2015-10,242.77020833075363
광주,광주_광산구,2015-11,235.01532088240765
광주,광주_광산구,2015-12,235.55333224296737
광주,광주_광산구,2016-01,235.88076698990193
광주,광주_광산구,2016-02,239.79747995464862
광주,광주_광산구,2016-03,234.03950340109873
광주,광주_광산구,2016-04,235.35638551258825
광주,광주_광산구,2016-05,221.67406001682093
광주,광주_광산구,2016-06,215.27075257161988
광주,광주_광산구,2016-07,216.84737281067555
광주,광주_광산구,2016-08,217.68893233140847
광주,광주_광산구,2016-09,228.5424496747858
광주,광주_광산구,2016-10,249.66540711489793
광주,광주_광산구,2016-11,233.2467309998287
광주,광주_광산구,2016-12,240.06001500375092
광주,광주_광산구,2017-01,251.20158089528243
광주,광주_광산구,2017-02,238.8097024256064
광주,광주_광산구,2017-03,243.55618724466223
광주,광주_광산구,2017-04,237.80918886784764
광주,광주_광산구,2017-05,248.7874370154438
광주,광주_광산구,2017-06,254.67618165893646
광주,광주_광산구,2017-07,262.37423979123014
광주,광주_광산구,2017-08,262.8130185548348
광주,광주_광산구,2017-09,266.9672520170859
광주,광주_광산구,2017-10,272.7741744043152
광주,광주_광산구,2017-11,267.96631478386996
광주,광주_광산구,2017-12,271.1631010683826
광주,광주_광산구,2018-01,264.05848545496815
광주,광주_광산구,2018-02,269.8562337968419
광주,광주_광산구,2018-03,255.80589922352576
광주,광주_광산구,2018-04,246.37561812708424
광주,광주_광산구,2018-05,253.62746254571195
광주,광주_광산구,2018-06,253.70642826185843
광주,광주_광산구,2018-07,259.1345583254386
광주,광주_광산구,2018-08,263.6419954506978
광주,광주_광산구,2018-09,265.99894117894337
광주,광주_광산구,2018-10,240.7997020870163
광주,광주_광산구,2018-11,247.12772855490297
광주,광주_광산구,2018-12,238.5752688172043
광주,광주_광산구,2019-01,242.24476708746369
광주,광주_광산구,2019-02,241.21251057510943
광주,광주_광산구,2019-03,239.2904953145917
광주,광주_광산구,2019-04,239.43753945277638
광주,광주_광산구,2019-05,247.67480533939704
광주,광주_광산구,2019-06,253.346000633365
광주,광주_광산구,2019-07,246.49540150444753
광주,광주_광산구,2019-08,256.6666666666667
광주,광주_광산구,2019-09,266.16229304704007
광주,광주_광산구,2019-10,262.34585103689756
광주,광주_광산구,2019-11,281.6803796429479
광주,광주_광산구,2019-12,271.5374450136674
광주,광주_광산구,2020-01,267.6583109689945
광주,광주_광산구,2020-02,269.4546238413451
광주,광주_광산구,2020-03,274.83484771803285
광주,광주_광산구,2020-04,269.4546238413451
광주,광주_광산구,2020-05,282.0424257215023
광주,광주_광산구,2020-06,287.4903973494328
광주,광주_광산구,2020-07,287.0493991989319
광주,광주_광산구,2020-08,294.1415244296302
광주,광주_광산구,2020-09,300.67435569572615
광주,광주_광산구,2020-10,327.4563941161504
광주,광주_광산구,2020-11,324.3591276668611
광주,광주_광산구,2020-12,301.59343223241484
광주,광주_광산구,2021-01,273.0454377677784
광주,광주_광산구,2021-02,288.0672193679212
광주,광주_광산구,2021-03,276.46104941154897
광주,광주_광산구,2021-04,294.8509587373774
광주,광주_광산구,2021-05,298.4254122438067
광주,광주_광산구,2021-06,308.6099682500505
광주,광주_광산구,2021-07,313.4923902619263
광주,광주_광산구,2021-08,320.38476043957684
광주,광주_광산구,2021-09,329.99612464837355
광주,광주_광산구,2021-10,329.8666135281712
광주,광주_광산구,2021-11,325.35031529592584
광주,광주_광산구,2021-12,311.6574090977849
광주,광주_광산구,2022-01,305.8893147856884
광주,광주_광산구,2022-02,304.7514157997724
광주,광주_광산구,2022-03,337.3150390362133
광주,광주_광산구,2022-04,328.23756595551345
광주,광주_광산구,2022-05,287.5718929732433
광주,광주_광산구,2022-06,309.776859920415
광주,광주_광산구,2022-07,310.84610159340605
광주,광주_광산구,2022-08,312.09943373330543
광주,광주_광산구,2022-09,324.40721953521296
광주,광주_광산구,2022-10,295.46850325393405
광주,광주_광산구,2022-11,307.5768942235559
광주,광주_광산구,2022-12,317.73565099916095
광주,광주_광산구,2023-01,317.8172088115757
광주,광주_광산구,2023-02,344.67468627557935
광주,광주_광산구,2023-03,345.0809787974815
광주,광주_광산구,2023-04,341.204168338371
광주,광주_광산구,2023-05,331.23691208096585
광주,광주_광산구,2023-06,345.0622631966884
광주,광주_광산구,2023-07,353.69100139354254
광주,광주_광산구,2023-08,349.80250384950125
광주,광주_광산구,2023-09,335.4121018034721
광주,광주_광산구,2023-10,332.46954130993
광주,광주_광산구,2023-11,345.32214968038585
광주,광주_광산구,2023-12,342.6049389347098
광주,광주_광산구,2024-01,333.0039514432989
광주,광주_광산구,2024-02,335.3028911641351
광주,광주_광산구,2024-03,329.46813000562184
광주,광주_광산구,2024-04,334.98545644127495
광주,광주_광산구,2024-05,334.8274813192203
광주,광주_광산구,2024-06,338.85103614293394
광주,광주_광산구,2024-07,339.69520443383124
광주,광주_광산구,2024-08,334.73923813349404
광주,광주_광산구,2024-09,344.2592413563814
광주,광주_광산구,2024-10,337.9442611567204
광주,광주_광산구,2024-11,328.9727786421795
광주,광주_광산구,2024-12,328.99073480081444
광주,광주_광산구,2025-01,347.06435185711007
광주,광주_광산구,2025-02,346.2712188367542
광주,광주_광산구,2025-03,337.1658593698543
광주,광주_광산구,2025-04,340.0558544703126
광주,광주_광산구,2025-05,338.15640333774826
광주,광주_광산구,2025-06,335.89298163607464
광주,광주_광산구,2025-07,347.9266940056908
광주,광주_광산구,2025-08,353.10972526546436
광주,광주_광산구,2025-09,351.47620004016875
광주,광주_광산구,2025-10,343.10771908683137
광주,광주_광산구,2025-11,356.20083532034096
광주,광주_광산구,2025-12,330.1723375432512
광주,광주_남구,2006-01,110.0917706881377
광주,광주_남구,2006-02,104.8927511798799
광주,광주_남구,2006-03,106.48367250354946
광주,광주_남구,2006-04,100.72703225667604
광주,광주_남구,2006-05,99.70015216604935
광주,광주_남구,2006-06,100.13422513422515
광주,광주_남구,2006-07,105.72139303482588
광주,광주_남구,2006-08,105.72139303482588
광주,광주_남구,2006-09,105.97111004216066
광주,광주_남구,2006-10,108.04943219772879
광주,광주_남구,2006-11,106.99949602835017
광주,광주_남구,2006-12,117.48958953004166
광주,광주_남구,2007-01,117.68661735036987
광주,광주_남구,2007-02,107.27611940298509
광주,광주_남구,2007-03,107.27611940298509
광주,광주_남구,2007-04,104.98749289959896
광주,광주_남구,2007-05,107.27611940298509
광주,광주_남구,2007-06,107.39997639560958
광주,광주_남구,2007-07,108.31777813839265
광주,광주_남구,2007-08,108.58019591644046
광주,광주_남구,2007-09,108.42572445676063
광주,광주_남구,2007-10,109.12906610703044
광주,광주_남구,2007-11,112.17948717948718
광주,광주_남구,2007-12,117.17308857038707
광주,광주_남구,2008-01,116.25162280184114
광주,광주_남구,2008-02,122.48995983935744
광주,광주_남구,2008-03,113.63636363636364
광주,광주_남구,2008-04,112.99435028248588
광주,광주_남구,2008-05,117.93353496410265
광주,광주_남구,2008-06,115.34161165112668
광주,광주_남구,2008-07,116.79370543398082
광주,광주_남구,2008-08,118.84550084889644
광주,광주_남구,2008-09,123.82864792503347
광주,광주_남구,2008-10,112.64449162538334
광주,광주_남구,2008-11,170.7891637220259
광주,광주_남구,2008-12,125.60495164978465
광주,광주_남구,2009-01,136.0103626943005
광주,광주_남구,2009-02,131.82674199623352
광주,광주_남구,2009-03,117.47660492201976
광주,광주_남구,2009-04,126.31315657828915
광주,광주_남구,2009-05,125.72181380890795
광주,광주_남구,2009-06,129.857227351158
광주,광주_남구,2009-07,128.91927951967978
광주,광주_남구,2009-08,123.76237623762376
광주,광주_남구,2009-09,121.23352165725048
광주,광주_남구,2009-10,119.32649048298725
광주,광주_남구,2009-11,123.67497342954636
광주,광주_남구,2009-12,225.2692167061793
광주,광주_남구,2010-01,126.26262626262627
광주,광주_남구,2010-02,125.10428487288375
광주,광주_남구,2010-03,189.92035172981252
광주,광주_남구,2010-04,137.71186440677968
광주,광주_남구,2010-05,131.87175471853624
광주,광주_남구,2010-06,136.9621414276184
광주,광주_남구,2010-07,130.10053222945004
광주,광주_남구,2010-08,135.0396482688231
광주,광주_남구,2010-09,143.3309642264866
광주,광주_남구,2010-10,144.05900631455978
광주,광주_남구,2010-11,142.73274946402623
광주,광주_남구,2010-12,150.89001532476718
광주,광주_남구,2011-01,148.67107244597483
광주,광주_남구,2011-02,142.45014245014247
광주,광주_남구,2011-03,157.4642126789366
광주,광주_남구,2011-04,151.38575165754912
광주,광주_남구,2011-05,158.96921017402946
광주,광주_남구,2011-06,194.41498762813714
광주,광주_남구,2011-07,155.3672316384181
광주,광주_남구,2011-08,158.9976266022677
광주,광주_남구,2011-09,158.58152324689524
광주,광주_남구,2011-10,157.26225764700757
광주,광주_남구,2011-11,160.36827317554008
광주,광주_남구,2011-12,157.54024276227426
광주,광주_남구,2012-01,161.01131071190952
광주,광주_남구,2012-02,162.42937853107347
광주,광주_남구,2012-03,155.39163429195855
광주,광주_남구,2012-04,156.4889987057301
광주,광주_남구,2012-05,164.76403436507002
광주,광주_남구,2012-06,166.333998669328
광주,광주_남구,2012-07,153.70406574219513
광주,광주_남구,2012-08,160.25930422817584
광주,광주_남구,2012-09,171.32046674440295
광주,광주_남구,2012-10,165.04214470083906
광주,광주_남구,2012-11,166.31578947368422
광주,광주_남구,2012-12,194.2203009685594
광주,광주_남구,2013-01,177.93214070773595
광주,광주_남구,2013-02,168.5580774365821
광주,광주_남구,2013-03,172.55892255892257
광주,광주_남구,2013-04,169.8717948717949
광주,광주_남구,2013-05,178.21314764546204
광주,광주_남구,2013-06,180.9117933435619
광주,광주_남구,2013-07,180.3666469544648
광주,광주_남구,2013-08,182.5912264689391
광주,광주_남구,2013-09,173.79372599729368
광주,광주_남구,2013-10,183.81053375751148
광주,광주_남구,2013-11,185.1851851851852
광주,광주_남구,2013-12,196.09619034397997
광주,광주_남구,2014-01,175.05154311939657
광주,광주_남구,2014-02,184.73683117941502
광주,광주_남구,2014-03,179.96704213583718
광주,광주_남구,2014-04,191.8745320769905
광주,광주_남구,2014-05,182.84862413102252
광주,광주_남구,2014-06,202.4482109227872
광주,광주_남구,2014-07,201.13907513924005
광주,광주_남구,2014-08,215.492664864466
광주,광주_남구,2014-09,221.74058019339782
광주,광주_남구,2014-10,209.86211247485622
광주,광주_남구,2014-11,219.59858323494686
광주,광주_남구,2014-12,211.30104463437797
광주,광주_남구,2015-01,209.2416835556349
광주,광주_남구,2015-02,208.33333333333334
광주,광주_남구,2015-03,210.5263157894737
광주,광주_남구,2015-04,194.39974829580163
광주,광주_남구,2015-05,201.3979386328634
광주,광주_남구,2015-06,207.61895736298752
광주,광주_남구,2015-07,209.21769060911117
광주,광주_남구,2015-08,211.3341204250295
광주,광주_남구,2015-09,216.773276474769
광주,광주_남구,2015-10,208.94987761507167
광주,광주_남구,2015-11,223.8761985215675
광주,광주_남구,2015-12,215.187860554776
광주,광주_남구,2016-01,225.6427856340843
광주,광주_남구,2016-02,237.37307134379535
광주,광주_남구,2016-03,220.35676810073454
광주,광주_남구,2016-04,212.06467661691545
광주,광주_남구,2016-05,213.21961620469082
광주,광주_남구,2016-06,231.39626643222437
광주,광주_남구,2016-07,239.79107312440647
광주,광주_남구,2016-08,220.8835341365462
광주,광주_남구,2016-09,254.05291982501427
광주,광주_남구,2016-10,247.4809969948736
광주,광주_남구,2016-11,253.37321308901795
광주,광주_남구,2016-12,251.88916876574308
광주,광주_남구,2017-01,248.1240620310155
광주,광주_남구,2017-02,228.56558041158863
광주,광주_남구,2017-03,235.4048964218456
광주,광주_남구,2017-04,233.86023667791056
광주,광주_남구,2017-05,243.90243902439022
광주,광주_남구,2017-06,239.36868439882423
광주,광주_남구,2017-07,241.80911680911683
광주,광주_남구,2017-08,254.7675958692908
광주,광주_남구,2017-09,266.52452025586354
광주,광주_남구,2017-10,248.95879815558533
광주,광주_남구,2017-11,271.3725068960815
광주,광주_남구,2017-12,282.84376289151305
광주,광주_남구,2018-01,261.7248124305511
광주,광주_남구,2018-02,268.4228076025342
광주,광주_남구,2018-03,262.36034899808936
광주,광주_남구,2018-04,258.16218535787107
광주,광주_남구,2018-05,241.58693044000495
광주,광주_남구,2018-06,273.4881527761405
광주,광주_남구,2018-07,243.45506086376523
광주,광주_남구,2018-08,258.9453860640302
광주,광주_남구,2018-09,305.88379239431714
광주,광주_남구,2018-10,259.4859818595709
광주,광주_남구,2018-11,240.22609514837492
광주,광주_남구,2018-12,257.29499793732134
광주,광주_남구,2019-01,256.7362097759167
광주,광주_남구,2019-02,251.42273915422325
광주,광주_남구,2019-03,242.46704331450096
광주,광주_남구,2019-04,245.91530510170057
광주,광주_남구,2019-05,242.3244363650999
광주,광주_남구,2019-06,307.6468502541071
광주,광주_남구,2019-07,267.009867009867
광주,광주_남구,2019-08,246.24157594608607
광주,광주_남구,2019-09,309.76366539242196
광주,광주_남구,2019-10,280.76664425016816
광주,광주_남구,2019-11,261.9047619047619
광주,광주_남구,2019-12,305.20894690466685
광주,광주_남구,2020-01,331.6001083558825
광주,광주_남구,2020-02,256.417277963302
광주,광주_남구,2020-03,273.02772801283913
광주,광주_남구,2020-04,252.69575182783484
광주,광주_남구,2020-05,264.00731927295436
광주,광주_남구,2020-06,316.7723840711448
광주,광주_남구,2020-07,292.79811097992916
광주,광주_남구,2020-08,301.20738412584365
광주,광주_남구,2020-09,336.1292809911197
광주,광주_남구,2020-10,354.8534798534799
광주,광주_남구,2020-11,377.8040141676505
광주,광주_남구,2020-12,353.02424099788186
광주,광주_남구,2021-01,315.57783394977184
광주,광주_남구,2021-02,244.83772936318684
광주,광주_남구,2021-03,288.97302525270396
광주,광주_남구,2021-04,286.99959563582297
광주,광주_남구,2021-05,323.22993132843953
광주,광주_남구,2021-06,335.67610583322187
광주,광주_남구,2021-07,317.01582437323333
광주,광주_남구,2021-08,365.79975719171136
광주,광주_남구,2021-09,307.0761014686248
광주,광주_남구,2021-10,385.8964268108602
광주,광주_남구,2021-11,316.22418879056045
광주,광주_남구,2021-12,305.0108932461874
광주,광주_남구,2022-01,301.3490551770524
광주,광주_남구,2022-02,300.4259565218481
광주,광주_남구,2022-03,311.3050426228487
광주,광주_남구,2022-04,311.3050426228487
광주,광주_남구,2022-05,300.40053404539384
광주,광주_남구,2022-06,316.825088015774
광주,광주_남구,2022-07,282.5108148671316
광주,광주_남구,2022-08,284.5456685499058
광주,광주_남구,2022-09,306.0263653483993
광주,광주_남구,2022-10,292.75970619097586
광주,광주_남구,2022-11,326.59685059605397
광주,광주_남구,2022-12,270.1589170100059
광주,광주_남구,2023-01,406.3845953788601
광주,광주_남구,2023-02,374.0230559491218
광주,광주_남구,2023-03,395.1423420355413
광주,광주_남구,2023-04,375.84209904266635
광주,광주_남구,2023-05,388.8257307248715
광주,광주_남구,2023-06,391.7276142106108
광주,광주_남구,2023-07,406.20325462654597
광주,광주_남구,2023-08,391.3606403013183
광주,광주_남구,2023-09,385.93178331169594
광주,광주_남구,2023-10,371.97891161918295
광주,광주_남구,2023-11,318.460068645837
광주,광주_남구,2023-12,312.09038137444605
광주,광주_남구,2024-01,334.23775370485805
광주,광주_남구,2024-02,341.25732213265934
광주,광주_남구,2024-03,381.0812314013958
광주,광주_남구,2024-04,390.2092940759135
광주,광주_남구,2024-05,335.7713079293867
광주,광주_남구,2024-06,392.584800653467
광주,광주_남구,2024-07,435.4262671340623
광주,광주_남구,2024-08,396.94349124516555
광주,광주_남구,2024-09,369.68446136149845
광주,광주_남구,2024-10,356.9318047512114
광주,광주_남구,2024-11,373.4596263047525
광주,광주_남구,2024-12,366.91127418278853
광주,광주_남구,2025-01,456.74390627763796
광주,광주_남구,2025-02,426.0572870508008
광주,광주_남구,2025-03,368.4954085236638
광주,광주_남구,2025-04,371.2957479298151
광주,광주_남구,2025-05,424.42820089601514
광주,광주_남구,2025-06,415.6810249510904
광주,광주_남구,2025-07,376.7484956550303
광주,광주_남구,2025-08,406.08348370192766
광주,광주_남구,2025-09,396.67934573558614
광주,광주_남구,2025-10,365.27794169715565
광주,광주_남구,2025-11,414.48782007484846
광주,광주_남구,2025-12,383.1425944701133
광주,광주_동구,2006-01,110.07122255577139
광주,광주_동구,2006-02,101.77108115252446
광주,광주_동구,2006-03,111.84730686904388
광주,광주_동구,2006-04,110.07122255577139
광주,광주_동구,2006-05,108.87444192057649
광주,광주_동구,2006-06,110.67938302131166
광주,광주_동구,2006-07,116.9004676018704
광주,광주_동구,2006-08,121.91048764195057
광주,광주_동구,2006-09,122.23667100130038
광주,광주_동구,2006-10,111.26810314376544
광주,광주_동구,2006-11,129.48793407886993
광주,광주_동구,2006-12,120.1281366791244
광주,광주_동구,2007-01,130.9192200557103
광주,광주_동구,2007-02,126.1501929355892
광주,광주_동구,2007-03,129.5184269398328
광주,광주_동구,2007-04,111.66666666666667
광주,광주_동구,2007-05,116.30365827870585
광주,광주_동구,2007-06,124.24920504063127
광주,광주_동구,2007-07,128.61617387860093
광주,광주_동구,2007-08,126.87671812222457
광주,광주_동구,2007-09,126.87671812222457
광주,광주_동구,2007-10,141.62282960013152
광주,광주_동구,2007-11,131.29396509134742
광주,광주_동구,2007-12,151.19872104067875
광주,광주_동구,2008-01,125.250501002004
광주,광주_동구,2008-02,141.45782949452
광주,광주_동구,2008-03,123.82864792503347
광주,광주_동구,2008-04,125.37541616029918
광주,광주_동구,2008-05,117.8238804909281
광주,광주_동구,2008-06,141.15034891097483
광주,광주_동구,2008-07,127.71392081736909
광주,광주_동구,2008-08,117.73201718713675
광주,광주_동구,2008-09,125.30431046828011
광주,광주_동구,2008-10,130.26052104208415
광주,광주_동구,2008-11,141.62282960013152
광주,광주_동구,2008-12,132.16324804398394
광주,광주_동구,2009-01,163.52015653075966
광주,광주_동구,2009-02,125.29377675476704
광주,광주_동구,2009-03,135.7733175914994
광주,광주_동구,2009-04,131.65362272997507
광주,광주_동구,2009-05,139.22244265775643
광주,광주_동구,2009-06,118.06375442739079
광주,광주_동구,2009-07,125.98610620511008
광주,광주_동구,2009-08,121.46267162935453
광주,광주_동구,2009-09,124.73684210526315
광주,광주_동구,2009-10,126.54805078051697
광주,광주_동구,2009-11,137.4497779657433
광주,광주_동구,2009-12,139.8095226456992
광주,광주_동구,2010-01,151.4536666767107
광주,광주_동구,2010-02,139.56438993444704
광주,광주_동구,2010-03,140.83333333333334
광주,광주_동구,2010-04,133.4303736050461
광주,광주_동구,2010-05,136.8220557153813
광주,광주_동구,2010-06,121.95121951219511
광주,광주_동구,2010-07,131.40161725067387
광주,광주_동구,2010-08,137.4497779657433
광주,광주_동구,2010-09,140.63656550703183
광주,광주_동구,2010-10,143.252076013391
광주,광주_동구,2010-11,128.1975725310287
광주,광주_동구,2010-12,140.28056112224448
광주,광주_동구,2011-01,151.0868801222534
광주,광주_동구,2011-02,151.93021910004893
광주,광주_동구,2011-03,149.0959077931691
광주,광주_동구,2011-04,151.54099469656674
광주,광주_동구,2011-05,144.86623665010046
광주,광주_동구,2011-06,151.66666666666666
광주,광주_동구,2011-07,141.9505678022712
광주,광주_동구,2011-08,117.85237306958243
광주,광주_동구,2011-09,162.74492075933748
광주,광주_동구,2011-10,169.16895749629944
광주,광주_동구,2011-11,159.05163411446517
광주,광주_동구,2011-12,160.77738515901058
광주,광주_동구,2012-01,174.4554874180588
광주,광주_동구,2012-02,168.94775701999623
광주,광주_동구,2012-03,155.56056321432777
광주,광주_동구,2012-04,167.02750676513386
광주,광주_동구,2012-05,180.0211893024901
광주,광주_동구,2012-06,169.60342403798154
광주,광주_동구,2012-07,163.7798986685519
광주,광주_동구,2012-08,172.35609103078983
광주,광주_동구,2012-09,170.26466255919667
광주,광주_동구,2012-10,163.43294680588065
광주,광주_동구,2012-11,181.15577889447235
광주,광주_동구,2012-12,184.92462311557787
광주,광주_동구,2013-01,192.8604723676993
광주,광주_동구,2013-02,187.8683116534911
광주,광주_동구,2013-03,186.67374808289048
광주,광주_동구,2013-04,176.82672521935294
광주,광주_동구,2013-05,165.48463356973997
광주,광주_동구,2013-06,178.7036057946495
광주,광주_동구,2013-07,180.240367348051
광주,광주_동구,2013-08,180.80150141183643
광주,광주_동구,2013-09,206.04660119391488
광주,광주_동구,2013-10,211.82360870402465
광주,광주_동구,2013-11,201.07901686097995
광주,광주_동구,2013-12,198.78403439118864
광주,광주_동구,2014-01,199.35631437632975
광주,광주_동구,2014-02,213.76171352074968
광주,광주_동구,2014-03,187.2951914514693
광주,광주_동구,2014-04,198.28807556080284
광주,광주_동구,2014-05,202.58236865538737
광주,광주_동구,2014-06,185.90422402635605
광주,광주_동구,2014-07,188.1720430107527
광주,광주_동구,2014-08,188.30175356008004
광주,광주_동구,2014-09,199.03427158167472
광주,광주_동구,2014-10,210.31744931575446
광주,광주_동구,2014-11,191.95459856451345
광주,광주_동구,2014-12,201.5604681404421
광주,광주_동구,2015-01,208.64630278751463
광주,광주_동구,2015-02,204.38142916672052
광주,광주_동구,2015-03,218.41794569067295
광주,광주_동구,2015-04,209.39567782318505
광주,광주_동구,2015-05,200.40080160320642
광주,광주_동구,2015-06,192.96387810330629
광주,광주_동구,2015-07,196.76768609578386
광주,광주_동구,2015-08,203.0242148672941
광주,광주_동구,2015-09,206.10057994026943
광주,광주_동구,2015-10,218.79332168042916
광주,광주_동구,2015-11,212.08907741251323
광주,광주_동구,2015-12,211.7896223085069
광주,광주_동구,2016-01,231.02135758088392
광주,광주_동구,2016-02,262.17739072071817
광주,광주_동구,2016-03,251.53435959352046
광주,광주_동구,2016-04,225.2206656409426
광주,광주_동구,2016-05,239.70910929081026
광주,광주_동구,2016-06,207.3078234426605
광주,광주_동구,2016-07,259.92438563327033
광주,광주_동구,2016-08,244.0076877361556
광주,광주_동구,2016-09,251.52094411871306
광주,광주_동구,2016-10,240.03869423751107
광주,광주_동구,2016-11,233.76623376623377
광주,광주_동구,2016-12,254.3715568992834
광주,광주_동구,2017-01,225.53641733482016
광주,광주_동구,2017-02,236.29489603024575
광주,광주_동구,2017-03,213.66933921266696
광주,광주_동구,2017-04,233.8009352037408
광주,광주_동구,2017-05,263.45056692126997
광주,광주_동구,2017-06,238.56189774909095
광주,광주_동구,2017-07,224.32113341204249
광주,광주_동구,2017-08,252.40387558129154
광주,광주_동구,2017-09,251.3754825552811
광주,광주_동구,2017-10,239.81949582725343
광주,광주_동구,2017-11,205.12945744479515
광주,광주_동구,2017-12,253.14965265512774
광주,광주_동구,2018-01,267.71266251094227
광주,광주_동구,2018-02,256.1207166765622
광주,광주_동구,2018-03,275.349661676251
광주,광주_동구,2018-04,270.6457947824125
광주,광주_동구,2018-05,252.04062894938662
광주,광주_동구,2018-06,263.70254250746666
광주,광주_동구,2018-07,268.1947069943289
광주,광주_동구,2018-08,270.23242789134696
광주,광주_동구,2018-09,259.1882419842756
광주,광주_동구,2018-10,266.4347967050655
광주,광주_동구,2018-11,281.3928948294055
광주,광주_동구,2018-12,292.85222108311336
광주,광주_동구,2019-01,309.8273399472406
광주,광주_동구,2019-02,270.7624789129004
광주,광주_동구,2019-03,290.01037521036886
광주,광주_동구,2019-04,265.6512330592646
광주,광주_동구,2019-05,258.0415963053244
광주,광주_동구,2019-06,252.98828188479894
광주,광주_동구,2019-07,267.8681612020309
광주,광주_동구,2019-08,384.2454038436806
광주,광주_동구,2019-09,280.0094517958412
광주,광주_동구,2019-10,262.21188411926414
광주,광주_동구,2019-11,306.0793239884961
광주,광주_동구,2019-12,366.6892791722156
광주,광주_동구,2020-01,375.33592565345987
광주,광주_동구,2020-02,357.14683955651844
광주,광주_동구,2020-03,326.14618932775977
광주,광주_동구,2020-04,308.50263355906696
광주,광주_동구,2020-05,322.3992565095437
광주,광주_동구,2020-06,380.81380763634536
광주,광주_동구,2020-07,358.90797834784655
광주,광주_동구,2020-08,328.50582832921225
광주,광주_동구,2020-09,377.9203637870073
광주,광주_동구,2020-10,400.6131522864763
광주,광주_동구,2020-11,400.0861361916742
광주,광주_동구,2020-12,393.19540153040623
광주,광주_동구,2021-01,315.6495636507019
광주,광주_동구,2021-02,370.26639016004685
광주,광주_동구,2021-03,268.1992337164751
광주,광주_동구,2021-04,361.1111111111111
광주,광주_동구,2021-05,333.3333333333333
광주,광주_동구,2021-06,409.1680814940577
광주,광주_동구,2021-07,361.1111111111111
광주,광주_동구,2021-08,452.3415590803687
광주,광주_동구,2021-09,428.2554924425731
광주,광주_동구,2021-10,451.90332236624675
광주,광주_동구,2021-11,364.0136576938909
광주,광주_동구,2021-12,676.3815092326075
광주,광주_동구,2022-01,459.4374573532309
광주,광주_동구,2022-02,388.2658986061254
광주,광주_동구,2022-03,348.5349716446125
광주,광주_동구,2022-04,376.2680232383131
광주,광주_동구,2022-05,235.37719195010004
광주,광주_동구,2022-06,263.7076645314596
광주,광주_동구,2022-07,330.35437407312327
광주,광주_동구,2022-08,343.0411649397928
광주,광주_동구,2022-09,370.92530881210695
광주,광주_동구,2022-10,292.49031781719486
광주,광주_동구,2022-11,430.1769553535334
광주,광주_동구,2022-12,445.28715845080467
광주,광주_동구,2023-01,506.53146157073286
광주,광주_동구,2023-02,523.7290449536058
광주,광주_동구,2023-03,506.2534069088284
광주,광주_동구,2023-04,541.798582843359
광주,광주_동구,2023-05,538.2373852177483
광주,광주_동구,2023-06,320.1209005251106
광주,광주_동구,2023-07,570.7332679236563
광주,광주_동구,2023-08,536.0545866286977
광주,광주_동구,2023-09,677.2824418289636
광주,광주_동구,2023-10,566.8234878316334
광주,광주_동구,2023-11,465.08875995560913
광주,광주_동구,2023-12,531.6913377073513
광주,광주_동구,2024-01,422.0613254527916
광주,광주_동구,2024-02,589.5768601610545
광주,광주_동구,2024-03,592.208899715345
광주,광주_동구,2024-04,403.54290250666196
광주,광주_동구,2024-05,412.3517006562283
광주,광주_동구,2024-06,531.3012944951074
광주,광주_동구,2024-07,553.4982673322875
광주,광주_동구,2024-08,583.24437275743
광주,광주_동구,2024-09,576.5862948710148
광주,광주_동구,2024-10,612.5537960551536
광주,광주_동구,2024-11,573.4104906224138
광주,광주_동구,2024-12,511.63055529401925
광주,광주_동구,2025-01,504.1082466455601
광주,광주_동구,2025-02,541.798582843359
광주,광주_동구,2025-03,496.3488674869324
광주,광주_동구,2025-04,480.35206981116744
광주,광주_동구,2025-05,515.1425227646315
광주,광주_동구,2025-06,413.9280517786363
광주,광주_동구,2025-07,508.5302416578086
광주,광주_동구,2025-08,532.7401647059937
광주,광주_동구,2025-09,508.6453570631512
광주,광주_동구,2025-10,496.2400091677133
광주,광주_동구,2025-11,531.0474351350874
광주,광주_동구,2025-12,514.7072866202595
광주,광주_북구,2006-01,100.25451363726577
광주,광주_북구,2006-02,99.66976264189886
광주,광주_북구,2006-03,100.35842293906809
광주,광주_북구,2006-04,101.51617711789488
광주,광주_북구,2006-05,96.93644261545496
광주,광주_북구,2006-06,92.02830776461715
광주,광주_북구,2006-07,85.71411198820485
광주,광주_북구,2006-08,99.66976264189886
광주,광주_북구,2006-09,90.35592231391182
광주,광주_북구,2006-10,109.2267689422834
광주,광주_북구,2006-11,96.18719816430534
광주,광주_북구,2006-12,100.35842293906809
광주,광주_북구,2007-01,99.3643030904982
광주,광주_북구,2007-02,100.05419619673924
광주,광주_북구,2007-03,100.75668174749916
광주,광주_북구,2007-04,101.98501724183743
광주,광주_북구,2007-05,101.33144809708966
광주,광주_북구,2007-06,100.15217351227047
광주,광주_북구,2007-07,102.15398200324623
광주,광주_북구,2007-08,121.29380053908356
광주,광주_북구,2007-09,100.41693659395193
광주,광주_북구,2007-10,94.39491650811459
광주,광주_북구,2007-11,102.30224198474868
광주,광주_북구,2007-12,102.42524134683306
광주,광주_북구,2008-01,109.49515212303578
광주,광주_북구,2008-02,104.6594982078853
광주,광주_북구,2008-03,108.61020053132012
광주,광주_북구,2008-04,123.94656144790169
광주,광주_북구,2008-05,110.68702290076337
광주,광주_북구,2008-06,114.7361235664795
광주,광주_북구,2008-07,110.37405484443235
광주,광주_북구,2008-08,113.72152498383862
광주,광주_북구,2008-09,111.06512787829654
광주,광주_북구,2008-10,108.42368640533778
광주,광주_북구,2008-11,107.93325693479304
광주,광주_북구,2008-12,110.95395253811094
광주,광주_북구,2009-01,113.74852945107074
광주,광주_북구,2009-02,114.34794743735569
광주,광주_북구,2009-03,133.0664228307212
광주,광주_북구,2009-04,116.22477905619476
광주,광주_북구,2009-05,113.30437991174999
광주,광주_북구,2009-06,119.63591467731102
광주,광주_북구,2009-07,117.33154542406973
광주,광주_북구,2009-08,113.35222537089514
광주,광주_북구,2009-09,118.48144255088005
광주,광주_북구,2009-10,114.25206124852767
광주,광주_북구,2009-11,116.68611435239207
광주,광주_북구,2009-12,113.44678011344678
광주,광주_북구,2010-01,112.50234048760521
광주,광주_북구,2010-02,116.82701991629635
광주,광주_북구,2010-03,115.0191698616436
광주,광주_북구,2010-04,114.50381679389314
광주,광주_북구,2010-05,113.7301119622864
광주,광주_북구,2010-06,115.48432712703276
광주,광주_북구,2010-07,107.21901788173824
광주,광주_북구,2010-08,115.25945191395033
광주,광주_북구,2010-09,120.44262459089026
광주,광주_북구,2010-10,121.44655767935343
광주,광주_북구,2010-11,111.77785621837864
광주,광주_북구,2010-12,120.5808735703117
광주,광주_북구,2011-01,129.5872507245969
광주,광주_북구,2011-02,131.74351705161342
광주,광주_북구,2011-03,141.3261099988223
광주,광주_북구,2011-04,139.337048987973
광주,광주_북구,2011-05,143.36917562724014
광주,광주_북구,2011-06,143.36917562724014
광주,광주_북구,2011-07,156.96770600932626
광주,광주_북구,2011-08,156.08826469692815
광주,광주_북구,2011-09,159.0599637263245
광주,광주_북구,2011-10,154.7987616099071
광주,광주_북구,2011-11,150.4737894481582
광주,광주_북구,2011-12,155.35699860117262
광주,광주_북구,2012-01,142.37632513594937
광주,광주_북구,2012-02,158.73015873015873
광주,광주_북구,2012-03,148.57588175707437
광주,광주_북구,2012-04,157.86315493489724
광주,광주_북구,2012-05,161.70709344002668
광주,광주_북구,2012-06,162.50944822373395
광주,광주_북구,2012-07,159.41954084842132
광주,광주_북구,2012-08,162.59484699407986
광주,광주_북구,2012-09,165.11867905056758
광주,광주_북구,2012-10,164.2624864504294
광주,광주_북구,2012-11,162.9889669007021
광주,광주_북구,2012-12,160.16016016016016
광주,광주_북구,2013-01,165.4964894684052
광주,광주_북구,2013-02,172.99205648720212
광주,광주_북구,2013-03,170.9099481376709
광주,광주_북구,2013-04,171.56518070594853
광주,광주_북구,2013-05,168.73011386066048
광주,광주_북구,2013-06,168.28548908796452
광주,광주_북구,2013-07,174.90663251170486
광주,광주_북구,2013-08,171.51699123694456
광주,광주_북구,2013-09,170.54548489579565
광주,광주_북구,2013-10,177.36392485786524
광주,광주_북구,2013-11,183.36389398233038
광주,광주_북구,2013-12,184.18418418418418
광주,광주_북구,2014-01,186.5076197572348
광주,광주_북구,2014-02,180.56879578235055
광주,광주_북구,2014-03,188.38042844044344
광주,광주_북구,2014-04,188.67924528301887
광주,광주_북구,2014-05,191.71459531549553
광주,광주_북구,2014-06,187.118934585244
광주,광주_북구,2014-07,195.6656346749226
광주,광주_북구,2014-08,193.15907217708698
광주,광주_북구,2014-09,195.03250541756958
광주,광주_북구,2014-10,194.54975169128846
광주,광주_북구,2014-11,195.7800770947454
광주,광주_북구,2014-12,198.3118011479795
광주,광주_북구,2015-01,201.38979374234953
광주,광주_북구,2015-02,211.74578631678054
광주,광주_북구,2015-03,200.09304351046038
광주,광주_북구,2015-04,191.77853748019677
광주,광주_북구,2015-05,198.7107457566976
광주,광주_북구,2015-06,206.39834881320948
광주,광주_북구,2015-07,202.2703818369453
광주,광주_북구,2015-08,206.39834881320948
광주,광주_북구,2015-09,204.93104445092985
광주,광주_북구,2015-10,208.08240428493593
광주,광주_북구,2015-11,207.76303589973196
광주,광주_북구,2015-12,211.5871633729421
광주,광주_북구,2016-01,208.3506973384453
광주,광주_북구,2016-02,212.78018846111195
광주,광주_북구,2016-03,206.20196017863037
광주,광주_북구,2016-04,206.72658142686925
광주,광주_북구,2016-05,206.7888674005626
광주,광주_북구,2016-06,208.82897171556965
광주,광주_북구,2016-07,211.47237642083005
광주,광주_북구,2016-08,212.59029927760577
광주,광주_북구,2016-09,208.64630278751463
광주,광주_북구,2016-10,213.45785041274075
광주,광주_북구,2016-11,213.50236531314383
광주,광주_북구,2016-12,208.61148197596796
광주,광주_북구,2017-01,220.41385910953403
광주,광주_북구,2017-02,214.53775176591392
광주,광주_북구,2017-03,217.71109828141962
광주,광주_북구,2017-04,221.7220971909644
광주,광주_북구,2017-05,221.7036172695449
광주,광주_북구,2017-06,222.9585401814171
광주,광주_북구,2017-07,219.40259053661117
광주,광주_북구,2017-08,229.11051212938006
광주,광주_북구,2017-09,229.08932811611652
광주,광주_북구,2017-10,225.82313394242374
광주,광주_북구,2017-11,225.74495836259658
광주,광주_북구,2017-12,220.17614091273018
광주,광주_북구,2018-01,230.04792705094093
광주,광주_북구,2018-02,220.23967430327852
광주,광주_북구,2018-03,223.93882528587207
광주,광주_북구,2018-04,218.12426541409155
광주,광주_북구,2018-05,228.4475571118893
광주,광주_북구,2018-06,213.52313167259788
광주,광주_북구,2018-07,233.442399863917
광주,광주_북구,2018-08,235.70613529057624
광주,광주_북구,2018-09,240.44298083292276
광주,광주_북구,2018-10,223.16899979711908
광주,광주_북구,2018-11,216.70278379729953
광주,광주_북구,2018-12,214.77988411455146
광주,광주_북구,2019-01,217.0370027164115
광주,광주_북구,2019-02,206.1552098891358
광주,광주_북구,2019-03,211.425612702796
광주,광주_북구,2019-04,216.41804462123218
광주,광주_북구,2019-05,210.76933398286633
광주,광주_북구,2019-06,213.8196915776987
광주,광주_북구,2019-07,224.7323910343604
광주,광주_북구,2019-08,229.18430305988784
광주,광주_북구,2019-09,248.37472912152023
광주,광주_북구,2019-10,223.17685762261146
광주,광주_북구,2019-11,224.0566037735849
광주,광주_북구,2019-12,221.28060263653487
광주,광주_북구,2020-01,243.55253061088314
광주,광주_북구,2020-02,237.52207643839287
광주,광주_북구,2020-03,216.70278379729953
광주,광주_북구,2020-04,224.53080672374713
광주,광주_북구,2020-05,217.85209609043807
광주,광주_북구,2020-06,228.37139523253876
광주,광주_북구,2020-07,233.19128787878788
광주,광주_북구,2020-08,232.18776194467728
광주,광주_북구,2020-09,250.44431768360812
광주,광주_북구,2020-10,241.7472490830277
광주,광주_북구,2020-11,274.71761197508783
광주,광주_북구,2020-12,236.37887678122382
광주,광주_북구,2021-01,221.4502822405558
광주,광주_북구,2021-02,221.97392923649906
광주,광주_북구,2021-03,222.31566297187828
광주,광주_북구,2021-04,223.898185246288
광주,광주_북구,2021-05,223.95096652522395
광주,광주_북구,2021-06,219.6234234041238
광주,광주_북구,2021-07,209.0709829708312
광주,광주_북구,2021-08,217.72390255384255
광주,광주_북구,2021-09,221.64860259988325
광주,광주_북구,2021-10,227.0196892188303
광주,광주_북구,2021-11,233.4500583625146
광주,광주_북구,2021-12,234.49275175630243
광주,광주_북구,2022-01,214.65428276573786
광주,광주_북구,2022-02,227.03818369453043
광주,광주_북구,2022-03,237.3581011351909
광주,광주_북구,2022-04,241.59650963499075
광주,광주_북구,2022-05,235.32180582282336
광주,광주_북구,2022-06,235.2941176470588
광주,광주_북구,2022-07,251.35252024950432
광주,광주_북구,2022-08,233.41114353364935
광주,광주_북구,2022-09,234.0354396522902
광주,광주_북구,2022-10,235.30796010603325
광주,광주_북구,2022-11,228.5848945445976
광주,광주_북구,2022-12,240.9157363967065
광주,광주_북구,2023-01,290.5591345255906
광주,광주_북구,2023-02,256.98903380059613
광주,광주_북구,2023-03,247.7757992421364
광주,광주_북구,2023-04,268.499904339603
광주,광주_북구,2023-05,246.75921208525165
광주,광주_북구,2023-06,283.616950283617
광주,광주_북구,2023-07,271.88201288158723
광주,광주_북구,2023-08,304.2890063990453
광주,광주_북구,2023-09,300.05000833472246
광주,광주_북구,2023-10,268.91459739515653
광주,광주_북구,2023-11,247.08789269325806
광주,광주_북구,2023-12,258.6782376502003
광주,광주_북구,2024-01,265.13256628314156
광주,광주_북구,2024-02,261.66902404526166
광주,광주_북구,2024-03,256.0240963855422
광주,광주_북구,2024-04,266.5003689688433
광주,광주_북구,2024-05,270.02700270027003
광주,광주_북구,2024-06,272.56433370706804
광주,광주_북구,2024-07,276.9924720538463
광주,광주_북구,2024-08,281.0829102574535
광주,광주_북구,2024-09,268.2612817008324
광주,광주_북구,2024-10,283.22333859714246
광주,광주_북구,2024-11,293.5363444171853
광주,광주_북구,2024-12,279.3342811742076
광주,광주_북구,2025-01,280.2267879993894
광주,광주_북구,2025-02,267.8350456383152
광주,광주_북구,2025-03,289.4352600387561
광주,광주_북구,2025-04,276.5324013603041
광주,광주_북구,2025-05,268.105017651575
광주,광주_북구,2025-06,328.4717032825521
광주,광주_북구,2025-07,271.6254008553429
광주,광주_북구,2025-08,300.42058882435407
광주,광주_북구,2025-09,284.35226227314547
광주,광주_북구,2025-10,289.0826069397532
광주,광주_북구,2025-11,269.7215483555627
광주,광주_북구,2025-12,300.6894632516205
광주,광주_서구,2006-01,133.3777925975325
광주,광주_서구,2006-02,123.49064646252148
광주,광주_서구,2006-03,126.94379643663322
광주,광주_서구,2006-04,128.849147654063
광주,광주_서구,2006-05,123.94195888754535
광주,광주_서구,2006-06,110.38635223281486
광주,광주_서구,2006-07,129.19515547663573
광주,광주_서구,2006-08,130.19529293940911
광주,광주_서구,2006-09,128.48323401282903
광주,광주_서구,2006-10,137.82379757571474
광주,광주_서구,2006-11,125.07685678736208
광주,광주_서구,2006-12,147.9344879238416
광주,광주_서구,2007-01,140.66711590296495
광주,광주_서구,2007-02,138.303975869532
광주,광주_서구,2007-03,135.70856685348278
광주,광주_서구,2007-04,111.89044756179024
광주,광주_서구,2007-05,131.79849814742124
광주,광주_서구,2007-06,134.49357441605503
광주,광주_서구,2007-07,129.9781470227179
광주,광주_서구,2007-08,124.09927942353883
광주,광주_서구,2007-09,135.4226770058294
광주,광주_서구,2007-10,133.40003335000833
광주,광주_서구,2007-11,135.20828430218876
광주,광주_서구,2007-12,127.8973045997015
광주,광주_서구,2008-01,110.02750687671919
광주,광주_서구,2008-02,112.33226983856878
광주,광주_서구,2008-03,135.06753376688346
광주,광주_서구,2008-04,125.10088781275222
광주,광주_서구,2008-05,115.13528895810576
광주,광주_서구,2008-06,133.4445371142619
광주,광주_서구,2008-07,125.10088781275222
광주,광주_서구,2008-08,141.63715892522393
광주,광주_서구,2008-09,133.4222852321351
광주,광주_서구,2008-10,135.33139225817305
광주,광주_서구,2008-11,141.122144868125
광주,광주_서구,2008-12,129.73798015772067
광주,광주_서구,2009-01,112.5
광주,광주_서구,2009-02,135.64305556863195
광주,광주_서구,2009-03,126.87980225065135
광주,광주_서구,2009-04,135.77926312014228
광주,광주_서구,2009-05,133.18993456533173
광주,광주_서구,2009-06,135.98650152951038
광주,광주_서구,2009-07,140.25808296641628
광주,광주_서구,2009-08,140.10507880910683
광주,광주_서구,2009-09,140.7035175879397
광주,광주_서구,2009-10,141.1930815390046
광주,광주_서구,2009-11,141.6955368507402
광주,광주_서구,2009-12,142.69829503335805
광주,광주_서구,2010-01,146.31685166498485
광주,광주_서구,2010-02,142.50369623260644
광주,광주_서구,2010-03,141.20613030974874
광주,광주_서구,2010-04,142.07585304957794
광주,광주_서구,2010-05,146.06280826463706
광주,광주_서구,2010-06,143.45287739783151
광주,광주_서구,2010-07,146.05255844296417
광주,광주_서구,2010-08,145.1754933156651
광주,광주_서구,2010-09,146.73175028443498
광주,광주_서구,2010-10,155.13123678260644
광주,광주_서구,2010-11,157.61821366024517
광주,광주_서구,2010-12,155.1958987642364
광주,광주_서구,2011-01,163.8247881841342
광주,광주_서구,2011-02,168.8347001265629
광주,광주_서구,2011-03,172.96152488528062
광주,광주_서구,2011-04,176.76767676767676
광주,광주_서구,2011-05,179.55801104972375
광주,광주_서구,2011-06,184.74009349539878
광주,광주_서구,2011-07,184.06961178045515
광주,광주_서구,2011-08,185.1087661380652
광주,광주_서구,2011-09,193.8968108122337
광주,광주_서구,2011-10,197.0408947153133
광주,광주_서구,2011-11,197.98216689603987
광주,광주_서구,2011-12,192.63869719754658
광주,광주_서구,2012-01,213.00059307826888
광주,광주_서구,2012-02,197.72885115890577
광주,광주_서구,2012-03,199.65116710580025
광주,광주_서구,2012-04,200.16617291094587
광주,광주_서구,2012-05,184.71872376154494
광주,광주_서구,2012-06,199.31891025641025
광주,광주_서구,2012-07,202.73694880892043
광주,광주_서구,2012-08,203.52813915899048
광주,광주_서구,2012-09,207.80537252914345
광주,광주_서구,2012-10,210.60310139539263
광주,광주_서구,2012-11,211.8020827204801
광주,광주_서구,2012-12,206.68670170607828
광주,광주_서구,2013-01,210.33653846153845
광주,광주_서구,2013-02,213.4433962264151
광주,광주_서구,2013-03,208.33333333333334
광주,광주_서구,2013-04,209.98189260945983
광주,광주_서구,2013-05,210.0023879870206
광주,광주_서구,2013-06,213.2531202298644
광주,광주_서구,2013-07,214.67230008244024
광주,광주_서구,2013-08,218.36455002284148
광주,광주_서구,2013-09,217.5368139223561
광주,광주_서구,2013-10,225.4509018036072
광주,광주_서구,2013-11,229.39606272939608
광주,광주_서구,2013-12,225.22522522522524
광주,광주_서구,2014-01,226.46080988993592
광주,광주_서구,2014-02,230.1726294721041
광주,광주_서구,2014-03,230.58361768379262
광주,광주_서구,2014-04,232.0887991927346
광주,광주_서구,2014-05,231.18389121297884
광주,광주_서구,2014-06,229.01991854318575
광주,광주_서구,2014-07,233.93541990973048
광주,광주_서구,2014-08,228.19780434594708
광주,광주_서구,2014-09,236.51761350197864
광주,광주_서구,2014-10,229.4657566486232
광주,광주_서구,2014-11,240.2643445300921
광주,광주_서구,2014-12,238.45408547744643
광주,광주_서구,2015-01,249.91241085504356
광주,광주_서구,2015-02,242.14003399540064
광주,광주_서구,2015-03,241.82988466504474
광주,광주_서구,2015-04,253.23910482921082
광주,광주_서구,2015-05,249.47046363850316
광주,광주_서구,2015-06,254.6789860222696
광주,광주_서구,2015-07,260.54311396392666
광주,광주_서구,2015-08,263.1458179006329
광주,광주_서구,2015-09,261.18873524396173
광주,광주_서구,2015-10,260.64060075385885
광주,광주_서구,2015-11,256.40393618967977
광주,광주_서구,2015-12,264.93341650689933
광주,광주_서구,2016-01,256.92695214105794
광주,광주_서구,2016-02,258.32165264984644
광주,광주_서구,2016-03,256.86507654565355
광주,광주_서구,2016-04,257.72802653294184
광주,광주_서구,2016-05,259.2406756982773
광주,광주_서구,2016-06,258.84599919581825
광주,광주_서구,2016-07,256.0760058027298
광주,광주_서구,2016-08,255.48087187583303
광주,광주_서구,2016-09,263.5115496589315
광주,광주_서구,2016-10,257.2659130709852
광주,광주_서구,2016-11,260.14255123784596
광주,광주_서구,2016-12,266.20903051635327
광주,광주_서구,2017-01,265.39809714571857
광주,광주_서구,2017-02,265.23817706387126
광주,광주_서구,2017-03,271.8446597197098
광주,광주_서구,2017-04,269.62392890002826
광주,광주_서구,2017-05,268.947643831699
광주,광주_서구,2017-06,265.26526526526527
광주,광주_서구,2017-07,267.2456990145315
광주,광주_서구,2017-08,268.2069521682339
광주,광주_서구,2017-09,273.0439694943979
광주,광주_서구,2017-10,270.15759380691014
광주,광주_서구,2017-11,270.49399198931906
광주,광주_서구,2017-12,280.3738317757009
광주,광주_서구,2018-01,268.68178001679263
광주,광주_서구,2018-02,275.44690487051645
광주,광주_서구,2018-03,271.96677331865556
광주,광주_서구,2018-04,280.6444817343368
광주,광주_서구,2018-05,272.0527672884791
광주,광주_서구,2018-06,278.4725696181424
광주,광주_서구,2018-07,268.3990800459977
광주,광주_서구,2018-08,279.3079269029663
광주,광주_서구,2018-09,284.27831003612374
광주,광주_서구,2018-10,281.7676334019691
광주,광주_서구,2018-11,290.51217464315704
광주,광주_서구,2018-12,279.7044632086851
광주,광주_서구,2019-01,288.51365888097916
광주,광주_서구,2019-02,285.2139104328246
광주,광주_서구,2019-03,279.87949614365084
광주,광주_서구,2019-04,292.1048239025205
광주,광주_서구,2019-05,279.513595676406
광주,광주_서구,2019-06,281.3342318059299
광주,광주_서구,2019-07,281.9486152819486
광주,광주_서구,2019-08,278.89447236180905
광주,광주_서구,2019-09,285.2578081191979
광주,광주_서구,2019-10,279.6460067489575
광주,광주_서구,2019-11,282.96261861691914
광주,광주_서구,2019-12,303.6437246963563
광주,광주_서구,2020-01,293.77918328410976
광주,광주_서구,2020-02,293.8706968933669
광주,광주_서구,2020-03,286.4451333796989
광주,광주_서구,2020-04,279.53080111918996
광주,광주_서구,2020-05,297.7086469309249
광주,광주_서구,2020-06,317.58933788303034
광주,광주_서구,2020-07,300.9316593372789
광주,광주_서구,2020-08,305.9431816443505
광주,광주_서구,2020-09,317.34026265265334
광주,광주_서구,2020-10,347.09367923504203
광주,광주_서구,2020-11,350.35035035035037
광주,광주_서구,2020-12,300.1412429378531
광주,광주_서구,2021-01,286.38814016172506
광주,광주_서구,2021-02,291.2405513561583
광주,광주_서구,2021-03,283.5459928279543
광주,광주_서구,2021-04,280.27698955395175
광주,광주_서구,2021-05,287.2411489645958
광주,광주_서구,2021-06,281.58875545549404
광주,광주_서구,2021-07,290.5728908700677
광주,광주_서구,2021-08,290.73648297856556
광주,광주_서구,2021-09,302.6032782021805
광주,광주_서구,2021-10,320.08002000500124
광주,광주_서구,2021-11,308.86482150020055
광주,광주_서구,2021-12,318.9712758851035
광주,광주_서구,2022-01,321.58186528661014
광주,광주_서구,2022-02,310.8704372242278
광주,광주_서구,2022-03,324.18576598311216
광주,광주_서구,2022-04,334.9101464932111
광주,광주_서구,2022-05,337.38191632928476
광주,광주_서구,2022-06,350.48204991418913
광주,광주_서구,2022-07,321.0001689474573
광주,광주_서구,2022-08,344.41745248838515
광주,광주_서구,2022-09,337.89491468153403
광주,광주_서구,2022-10,331.06047600654256
광주,광주_서구,2022-11,320.8985158443642
광주,광주_서구,2022-12,331.58590303229767
광주,광주_서구,2023-01,347.43857638925095
광주,광주_서구,2023-02,350.4424778761062
광주,광주_서구,2023-03,352.53198137121973
광주,광주_서구,2023-04,330.4799816427723
광주,광주_서구,2023-05,320.64423154300437
광주,광주_서구,2023-06,367.2174929060257
광주,광주_서구,2023-07,336.2973602508272
광주,광주_서구,2023-08,350.2626970227671
광주,광주_서구,2023-09,318.0090389392715
광주,광주_서구,2023-10,317.3812715542102
광주,광주_서구,2023-11,311.69699690192294
광주,광주_서구,2023-12,304.60123279084166
광주,광주_서구,2024-01,312.0297476209203
광주,광주_서구,2024-02,317.46031746031747
광주,광주_서구,2024-03,319.9829374621353
광주,광주_서구,2024-04,337.8378378378378
광주,광주_서구,2024-05,309.1190108191654
광주,광주_서구,2024-06,319.4585440615173
광주,광주_서구,2024-07,349.94697773064684
광주,광주_서구,2024-08,342.1606857372088
광주,광주_서구,2024-09,359.97627197478096
광주,광주_서구,2024-10,313.646980313647
광주,광주_서구,2024-11,338.8960702579967
광주,광주_서구,2024-12,343.12938702636666
광주,광주_서구,2025-01,347.5904324260634
광주,광주_서구,2025-02,335.69500674763833
광주,광주_서구,2025-03,335.297311788475
광주,광주_서구,2025-04,320.3844613536244
광주,광주_서구,2025-05,325.2439329497123
광주,광주_서구,2025-06,336.5374998087855
광주,광주_서구,2025-07,344.2485306465156
광주,광주_서구,2025-08,308.60336610482557
광주,광주_서구,2025-09,331.8306816296417
광주,광주_서구,2025-10,346.9050259247406
광주,광주_서구,2025-11,329.98324958123953
광주,광주_서구,2025-12,333.6323588261573
대구,대구_군위군,2006-01,36.91275167785235
대구,대구_군위군,2006-02,49.800796812749006
대구,대구_군위군,2006-04,31.12549800796813
대구,대구_군위군,2006-06,41.08565737051793
대구,대구_군위군,2006-07,46.97986577181208
대구,대구_군위군,2006-11,46.06573705179283
대구,대구_군위군,2006-12,50.42330677290837
대구,대구_군위군,2007-02,48.65771812080537
대구,대구_군위군,2007-10,33.615537848605584
대구,대구_군위군,2008-01,34.16185652020261
대구,대구_군위군,2008-03,41.946308724832214
대구,대구_군위군,2008-07,123.54394634662903
대구,대구_군위군,2008-08,35.94311611189248
대구,대구_군위군,2008-10,123.54394634662903
대구,대구_군위군,2008-11,117.66090128250383
대구,대구_군위군,2009-02,41.946308724832214
대구,대구_군위군,2011-01,39.06860446944835
대구,대구_군위군,2011-10,108.24802917990353
대구,대구_군위군,2011-11,81.07680079512954
대구,대구_군위군,2012-02,67.95302013422818
대구,대구_군위군,2012-04,65.43624161073825
대구,대구_군위군,2012-05,55.936232694728005
대구,대구_군위군,2012-09,74.4698073498462
대구,대구_군위군,2013-03,56.23721881390593
대구,대구_군위군,2013-05,70.46979865771812
대구,대구_군위군,2013-06,74.66442953020135
대구,대구_군위군,2013-07,203.62732105156348
대구,대구_군위군,2013-08,199.96670355692265
대구,대구_군위군,2013-09,195.741164378796
대구,대구_군위군,2013-10,193.31119544592033
대구,대구_군위군,2013-11,139.47574518925478
대구,대구_군위군,2013-12,204.25029515938607
대구,대구_군위군,2014-01,195.7992168031328
대구,대구_군위군,2014-02,193.4258929630948
대구,대구_군위군,2014-03,201.88902007083826
대구,대구_군위군,2014-04,201.88902007083826
대구,대구_군위군,2014-05,191.53225806451616
대구,대구_군위군,2014-06,197.05603038936374
대구,대구_군위군,2014-07,191.7392078562343
대구,대구_군위군,2014-08,187.85961611295838
대구,대구_군위군,2015-02,58.89975262103899
대구,대구_군위군,2015-05,77.81374501992032
대구,대구_군위군,2015-10,82.21476510067114
대구,대구_군위군,2016-05,242.66805086945237
대구,대구_군위군,2016-06,233.8556505223172
대구,대구_군위군,2016-09,254.16715923868068
대구,대구_군위군,2016-10,254.16715923868068
대구,대구_군위군,2016-11,254.16715923868068
대구,대구_군위군,2016-12,254.16715923868068
대구,대구_군위군,2017-01,254.16715923868068
대구,대구_군위군,2017-02,236.43456673365645
대구,대구_군위군,2017-03,236.43456673365645
대구,대구_군위군,2017-04,242.34543090199787
대구,대구_군위군,2017-05,181.33919723635307
대구,대구_군위군,2017-09,184.67344698025337
대구,대구_군위군,2017-10,184.67344698025337
대구,대구_군위군,2017-11,219.53312261988145
대구,대구_군위군,2017-12,285.4044180603916
대구,대구_군위군,2018-01,259.8850736320707
대구,대구_군위군,2018-03,267.2867294480495
대구,대구_군위군,2018-04,263.19128785260796
대구,대구_군위군,2018-06,275.58299346726983
대구,대구_군위군,2018-07,272.0498781664074
대구,대구_군위군,2018-08,276.76069856755726
대구,대구_군위군,2018-09,276.7606985675573
대구,대구_군위군,2018-10,264.98364756468254
대구,대구_군위군,2018-11,271.97481495505616
대구,대구_군위군,2018-12,278.97137886228154
대구,대구_군위군,2019-01,244.5394112060779
대구,대구_군위군,2019-02,264.98364756468254
대구,대구_군위군,2019-03,281.1771321814875
대구,대구_군위군,2019-04,269.6944679658324
대구,대구_군위군,2019-05,267.3390577652575
대구,대구_군위군,2019-06,273.5026311061054
대구,대구_군위군,2019-07,276.4712387558559
대구,대구_군위군,2019-08,260.2728271635326
대구,대구_군위군,2019-10,276.4712387558559
대구,대구_군위군,2019-11,276.4712387558559
대구,대구_군위군,2019-12,269.6944679658324
대구,대구_군위군,2020-01,264.98364756468254
대구,대구_군위군,2020-02,260.2728271635326
대구,대구_군위군,2020-03,260.2728271635326
대구,대구_군위군,2020-04,280.2938138684197
대구,대구_군위군,2020-05,264.98364756468254
대구,대구_군위군,2020-06,292.25477240498964
대구,대구_군위군,2020-07,289.91534656613055
대구,대구_군위군,2020-08,297.38340662689734
대구,대구_군위군,2020-09,285.4044180603916
대구,대구_군위군,2020-10,300.78806472959155
대구,대구_군위군,2020-11,300.78806472959155
대구,대구_군위군,2021-01,332.5759238987753
대구,대구_군위군,2021-03,284.90028490028493
대구,대구_군위군,2021-04,142.61744966442953
대구,대구_군위군,2021-06,300.78806472959155
대구,대구_군위군,2021-07,213.207325926248
대구,대구_군위군,2021-08,300.78806472959155
대구,대구_군위군,2021-10,215.4108108882857
대구,대구_군위군,2021-11,294.7723034349997
대구,대구_군위군,2021-12,353.31153008624335
대구,대구_군위군,2022-01,309.6962523812208
대구,대구_군위군,2022-02,143.00599631933085
대구,대구_군위군,2022-03,236.91741186610116
대구,대구_군위군,2022-04,326.4482431149098
대구,대구_군위군,2022-05,330.8668712025507
대구,대구_군위군,2022-06,330.8668712025507
대구,대구_군위군,2023-03,213.02569707520283
대구,대구_군위군,2023-04,149.402390438247
대구,대구_군위군,2023-06,312.81958731877523
대구,대구_군위군,2023-10,194.26906265177269
대구,대구_군위군,2023-11,309.32703659976386
대구,대구_군위군,2024-05,338.00136378250613
대구,대구_군위군,2024-06,110.7315349275533
대구,대구_군위군,2024-07,141.4645744174988
대구,대구_군위군,2024-11,313.3903133903134
대구,대구_군위군,2025-03,285.4044180603916
대구,대구_군위군,2025-04,295.159386068477
대구,대구_군위군,2025-09,240.08339651905624
대구,대구_군위군,2025-10,294.77230343499974
대구,대구_군위군,2025-11,253.44157342950595
대구,대구_남구,2006-01,141.83537398472544
대구,대구_남구,2006-02,147.23203769140164
대구,대구_남구,2006-03,147.11104347384975
대구,대구_남구,2006-04,155.77978403257214
대구,대구_남구,2006-05,142.14214214214212
대구,대구_남구,2006-06,142.90524175923392
대구,대구_남구,2006-07,153.64523315664132
대구,대구_남구,2006-08,153.41948427450285
대구,대구_남구,2006-09,143.76579245447417
대구,대구_남구,2006-10,152.25407398596408
대구,대구_남구,2006-11,151.53351921445025
대구,대구_남구,2006-12,153.64523315664132
대구,대구_남구,2007-01,153.17544479792622
대구,대구_남구,2007-02,151.26231582961412
대구,대구_남구,2007-03,153.16867700555238
대구,대구_남구,2007-04,153.04024543315634
대구,대구_남구,2007-05,148.99363945281868
대구,대구_남구,2007-06,161.7045742571305
대구,대구_남구,2007-07,149.61398039237727
대구,대구_남구,2007-08,156.8555083963831
대구,대구_남구,2007-09,146.32434231186585
대구,대구_남구,2007-10,153.64523315664132
대구,대구_남구,2007-11,144.33839990573819
대구,대구_남구,2007-12,188.32103557737466
대구,대구_남구,2008-01,154.6578509676586
대구,대구_남구,2008-02,147.10042432814708
대구,대구_남구,2008-03,150.09429514380008
대구,대구_남구,2008-04,150.39675216829673
대구,대구_남구,2008-05,150.09429514380008
대구,대구_남구,2008-06,149.43741209563993
대구,대구_남구,2008-07,155.55249367239387
대구,대구_남구,2008-08,145.60321195985227
대구,대구_남구,2008-09,139.06680564933973
대구,대구_남구,2008-10,141.34695331987172
대구,대구_남구,2008-11,174.75253448586855
대구,대구_남구,2008-12,157.05931495405179
대구,대구_남구,2009-01,153.71762740183792
대구,대구_남구,2009-02,141.26791886137508
대구,대구_남구,2009-03,137.92742577401646
대구,대구_남구,2009-04,151.78256265442994
대구,대구_남구,2009-05,198.33398044544845
대구,대구_남구,2009-06,178.56777299140498
대구,대구_남구,2009-07,138.6726236552404
대구,대구_남구,2009-08,151.0591845164336
대구,대구_남구,2009-09,169.4852942613507
대구,대구_남구,2009-10,167.25559481743227
대구,대구_남구,2009-11,159.01060070671377
대구,대구_남구,2009-12,173.88680377495083
대구,대구_남구,2010-01,179.39931465430357
대구,대구_남구,2010-02,150.01459239377454
대구,대구_남구,2010-03,149.8041023277253
대구,대구_남구,2010-04,145.09033043152672
대구,대구_남구,2010-05,153.7645811240721
대구,대구_남구,2010-06,154.44015444015446
대구,대구_남구,2010-07,153.1213191990577
대구,대구_남구,2010-08,158.88944639571835
대구,대구_남구,2010-09,147.1571906354515
대구,대구_남구,2010-10,147.5090793548527
대구,대구_남구,2010-11,150.5016722408027
대구,대구_남구,2010-12,157.76977506854388
대구,대구_남구,2011-01,167.3049788349123
대구,대구_남구,2011-02,156.8555083963831
대구,대구_남구,2011-03,156.95993391160678
대구,대구_남구,2011-04,158.8628762541806
대구,대구_남구,2011-05,148.89594796547726
대구,대구_남구,2011-06,163.47549659821493
대구,대구_남구,2011-07,154.2214864511632
대구,대구_남구,2011-08,167.96093658077422
대구,대구_남구,2011-09,169.11372457247438
대구,대구_남구,2011-10,160.5003835487107
대구,대구_남구,2011-11,172.2408026755853
대구,대구_남구,2011-12,172.64577173842355
대구,대구_남구,2012-01,186.5297582988587
대구,대구_남구,2012-02,170.79368831629336
대구,대구_남구,2012-03,165.37407699630586
대구,대구_남구,2012-04,172.0826611354383
대구,대구_남구,2012-05,195.29006318207928
대구,대구_남구,2012-06,179.43287445581834
대구,대구_남구,2012-07,177.36786094359704
대구,대구_남구,2012-08,181.72163549471944
대구,대구_남구,2012-09,215.34556606642354
대구,대구_남구,2012-10,235.89327306373482
대구,대구_남구,2012-11,202.84995048163313
대구,대구_남구,2012-12,203.06964512723417
대구,대구_남구,2013-01,190.07196899797012
대구,대구_남구,2013-02,193.2367149758454
대구,대구_남구,2013-03,193.3746359607165
대구,대구_남구,2013-04,182.9112304937324
대구,대구_남구,2013-05,198.99665551839465
대구,대구_남구,2013-06,187.84796359675778
대구,대구_남구,2013-07,194.163332548835
대구,대구_남구,2013-08,194.04276359025056
대구,대구_남구,2013-09,210.27993452697544
대구,대구_남구,2013-10,193.76268684259088
대구,대구_남구,2013-11,210.838662862219
대구,대구_남구,2013-12,201.24054371242966
대구,대구_남구,2014-01,208.8355325204634
대구,대구_남구,2014-02,214.07809670898922
대구,대구_남구,2014-03,212.44578373068111
대구,대구_남구,2014-04,217.31494558584427
대구,대구_남구,2014-05,219.76090014064695
대구,대구_남구,2014-06,227.3655332408054
대구,대구_남구,2014-07,225.05007658772237
대구,대구_남구,2014-08,217.5368139223561
대구,대구_남구,2014-09,230.9759402047025
대구,대구_남구,2014-10,233.62743879706724
대구,대구_남구,2014-11,236.43262221985412
대구,대구_남구,2014-12,257.34489460650843
대구,대구_남구,2015-01,242.0065729280899
대구,대구_남구,2015-02,235.32180256500766
대구,대구_남구,2015-03,251.59406929400018
대구,대구_남구,2015-04,263.7870115060819
대구,대구_남구,2015-05,264.73538261844357
대구,대구_남구,2015-06,261.64212551290836
대구,대구_남구,2015-07,274.1498999882339
대구,대구_남구,2015-08,261.1288136681685
대구,대구_남구,2015-09,280.1539098418644
대구,대구_남구,2015-10,293.81025595780574
대구,대구_남구,2015-11,259.6138332986011
대구,대구_남구,2015-12,294.57065845206006
대구,대구_남구,2016-01,264.43891131634643
대구,대구_남구,2016-02,312.27044693672894
대구,대구_남구,2016-03,279.8397549192883
대구,대구_남구,2016-04,285.76633601120204
대구,대구_남구,2016-05,274.2567411846048
대구,대구_남구,2016-06,280.64728010987045
대구,대구_남구,2016-07,303.29799764428736
대구,대구_남구,2016-08,295.6925183017386
대구,대구_남구,2016-09,307.55105127013087
대구,대구_남구,2016-10,319.3274911114024
대구,대구_남구,2016-11,297.56412622255027
대구,대구_남구,2016-12,275.7158006362672
대구,대구_남구,2017-01,294.7147043775743
대구,대구_남구,2017-02,281.35451505016727
대구,대구_남구,2017-03,266.0642570281125
대구,대구_남구,2017-04,304.5770064010296
대구,대구_남구,2017-05,311.4978665829296
대구,대구_남구,2017-06,271.7726991970352
대구,대구_남구,2017-07,272.98881592108535
대구,대구_남구,2017-08,293.8573198796247
대구,대구_남구,2017-09,312.3526638378123
대구,대구_남구,2017-10,275.9197324414716
대구,대구_남구,2017-11,270.8831536477061
대구,대구_남구,2017-12,297.6588628762542
대구,대구_남구,2018-01,294.61606812466266
대구,대구_남구,2018-02,275.7205298169624
대구,대구_남구,2018-03,318.02120141342755
대구,대구_남구,2018-04,306.00613060235275
대구,대구_남구,2018-05,299.96655004849333
대구,대구_남구,2018-06,273.4113712374582
대구,대구_남구,2018-07,294.61606812466266
대구,대구_남구,2018-08,293.20569639296247
대구,대구_남구,2018-09,293.89282862709405
대구,대구_남구,2018-10,295.0181587097054
대구,대구_남구,2018-11,296.65220397406733
대구,대구_남구,2018-12,290.13377926421407
대구,대구_남구,2019-01,280.9364548494983
대구,대구_남구,2019-02,279.4775241233231
대구,대구_남구,2019-03,296.1870822799085
대구,대구_남구,2019-04,318.6404673393521
대구,대구_남구,2019-05,301.5825619587937
대구,대구_남구,2019-06,313.28200986469744
대구,대구_남구,2019-07,295.32404989873845
대구,대구_남구,2019-08,274.27427427427426
대구,대구_남구,2019-09,324.3837766916407
대구,대구_남구,2019-10,314.03805549111786
대구,대구_남구,2019-11,345.27332519739343
대구,대구_남구,2019-12,339.811542991755
대구,대구_남구,2020-01,341.39140062742206
대구,대구_남구,2020-02,330.2067381316998
대구,대구_남구,2020-03,292.5897175613543
대구,대구_남구,2020-04,324.06487946868754
대구,대구_남구,2020-05,311.1814345991561
대구,대구_남구,2020-06,362.7797408716136
대구,대구_남구,2020-07,369.74789915966386
대구,대구_남구,2020-08,356.0126582278481
대구,대구_남구,2020-09,363.8498292605491
대구,대구_남구,2020-10,363.77560788818687
대구,대구_남구,2020-11,418.06020066889636
대구,대구_남구,2020-12,396.286570144445
대구,대구_남구,2021-01,398.2385602144362
대구,대구_남구,2021-02,433.6593467429415
대구,대구_남구,2021-03,420.4204204204204
대구,대구_남구,2021-04,414.4546893918226
대구,대구_남구,2021-05,443.4589800443459
대구,대구_남구,2021-06,441.5039958076772
대구,대구_남구,2021-07,448.0183802412407
대구,대구_남구,2021-08,459.34123400255817
대구,대구_남구,2021-09,486.82222595266074
대구,대구_남구,2021-10,448.1605351170569
대구,대구_남구,2021-11,416.9446297531688
대구,대구_남구,2021-12,439.48588600587703
대구,대구_남구,2022-01,399.86171929015904
대구,대구_남구,2022-02,402.7318956237704
대구,대구_남구,2022-03,455.98957835091574
대구,대구_남구,2022-04,377.1876885938443
대구,대구_남구,2022-05,402.3913543343297
대구,대구_남구,2022-06,435.19985986788697
대구,대구_남구,2022-07,376.5591903977406
대구,대구_남구,2022-08,392.2986050550443
대구,대구_남구,2022-09,378.40634636631523
대구,대구_남구,2022-10,346.59096604815653
대구,대구_남구,2022-11,416.42072336612523
대구,대구_남구,2022-12,431.4977368499324
대구,대구_남구,2023-01,406.13951969586526
대구,대구_남구,2023-02,417.78608237867587
대구,대구_남구,2023-03,407.55518492589056
대구,대구_남구,2023-04,359.24617196702
대구,대구_남구,2023-05,450.44366368894
대구,대구_남구,2023-06,418.39052398923184
대구,대구_남구,2023-07,408.82405800227355
대구,대구_남구,2023-08,434.21113016096405
대구,대구_남구,2023-09,394.4938727547423
대구,대구_남구,2023-10,402.1447721179625
대구,대구_남구,2023-11,459.0292825372314
대구,대구_남구,2023-12,353.15847280150024
대구,대구_남구,2024-01,428.24059533708976
대구,대구_남구,2024-02,384.74435678862005
대구,대구_남구,2024-03,394.44248204403624
대구,대구_남구,2024-04,403.43631769556646
대구,대구_남구,2024-05,442.82034070332804
대구,대구_남구,2024-06,426.1363636363636
대구,대구_남구,2024-07,423.62061479118444
대구,대구_남구,2024-08,467.3044216228906
대구,대구_남구,2024-09,400.0329438894968
대구,대구_남구,2024-10,416.4785351590518
대구,대구_남구,2024-11,447.67014697131515
대구,대구_남구,2024-12,309.3696608885791
대구,대구_남구,2025-01,437.5584004098108
대구,대구_남구,2025-02,423.62061479118444
대구,대구_남구,2025-03,393.7372468278479
대구,대구_남구,2025-04,375.12504168056023
대구,대구_남구,2025-05,429.88414757439625
대구,대구_남구,2025-06,424.24363840771935
대구,대구_남구,2025-07,437.0581511174191
대구,대구_남구,2025-08,395.44235924932974
대구,대구_남구,2025-09,372.1761898606428
대구,대구_남구,2025-10,482.92744730231925
대구,대구_남구,2025-11,393.4262131845302
대구,대구_남구,2025-12,467.57688903789256
대구,대구_달서구,2006-01,167.35563506447687
대구,대구_달서구,2006-02,172.5169531984111
대구,대구_달서구,2006-03,171.89612857543898
대구,대구_달서구,2006-04,168.36139356559426
대구,대구_달서구,2006-05,163.41504085376022
대구,대구_달서구,2006-06,165.02750458409736
대구,대구_달서구,2006-07,167.63969974979148
대구,대구_달서구,2006-08,170.09044690787636
대구,대구_달서구,2006-09,168.28872668288727
대구,대구_달서구,2006-10,169.0919481737914
대구,대구_달서구,2006-11,169.96240369766963
대구,대구_달서구,2006-12,169.45163567898328
대구,대구_달서구,2007-01,167.8194340921077
대구,대구_달서구,2007-02,164.6610789495965
대구,대구_달서구,2007-03,165.33066132264528
대구,대구_달서구,2007-04,160.18378301768612
대구,대구_달서구,2007-05,158.3597266211035
대구,대구_달서구,2007-06,161.19543475703026
대구,대구_달서구,2007-07,165.76801474969682
대구,대구_달서구,2007-08,160.24036054081122
대구,대구_달서구,2007-09,160.40601615173742
대구,대구_달서구,2007-10,158.34348355663826
대구,대구_달서구,2007-11,161.78013329731624
대구,대구_달서구,2007-12,160.0227484280286
대구,대구_달서구,2008-01,157.79557230334433
대구,대구_달서구,2008-02,162.78425237975762
대구,대구_달서구,2008-03,162.4102714434915
대구,대구_달서구,2008-04,162.52708784797466
대구,대구_달서구,2008-05,162.20735785953178
대구,대구_달서구,2008-06,175.98171008621745
대구,대구_달서구,2008-07,253.78380350824327
대구,대구_달서구,2008-08,160.93014325882518
대구,대구_달서구,2008-09,156.39663783972279
대구,대구_달서구,2008-10,158.5711901185111
대구,대구_달서구,2008-11,154.13168453614793
대구,대구_달서구,2008-12,168.26518593303047
대구,대구_달서구,2009-01,162.79707531898683
대구,대구_달서구,2009-02,158.00158032243905
대구,대구_달서구,2009-03,158.56060353172882
대구,대구_달서구,2009-04,161.0215053763441
대구,대구_달서구,2009-05,157.52625437572928
대구,대구_달서구,2009-06,159.98197386210006
대구,대구_달서구,2009-07,160.03344481605353
대구,대구_달서구,2009-08,191.83241143933154
대구,대구_달서구,2009-09,167.64705882352942
대구,대구_달서구,2009-10,187.16892289582105
대구,대구_달서구,2009-11,167.66053063693718
대구,대구_달서구,2009-12,175.23364485981307
대구,대구_달서구,2010-01,172.72324216310727
대구,대구_달서구,2010-02,165.02750458409736
대구,대구_달서구,2010-03,164.2000592546282
대구,대구_달서구,2010-04,165.4387392398183
대구,대구_달서구,2010-05,163.94819526910487
대구,대구_달서구,2010-06,166.02767127854642
대구,대구_달서구,2010-07,167.5271469764732
대구,대구_달서구,2010-08,167.53663792892087
대구,대구_달서구,2010-09,188.53759419008497
대구,대구_달서구,2010-10,238.5179924242424
대구,대구_달서구,2010-11,217.7809330280844
대구,대구_달서구,2010-12,204.3969102792632
대구,대구_달서구,2011-01,200.21198916499824
대구,대구_달서구,2011-02,201.1324511259793
대구,대구_달서구,2011-03,203.3841807912745
대구,대구_달서구,2011-04,207.43726475162953
대구,대구_달서구,2011-05,215.2941176470588
대구,대구_달서구,2011-06,209.62602716753312
대구,대구_달서구,2011-07,211.08575673227665
대구,대구_달서구,2011-08,209.29062552406506
대구,대구_달서구,2011-09,218.96325833095983
대구,대구_달서구,2011-10,212.47072181303156
대구,대구_달서구,2011-11,216.6799874173551
대구,대구_달서구,2011-12,217.77880212772016
대구,대구_달서구,2012-01,218.0557049795829
대구,대구_달서구,2012-02,216.56870836785106
대구,대구_달서구,2012-03,217.74952919020717
대구,대구_달서구,2012-04,218.10761789600969
대구,대구_달서구,2012-05,224.5684598625775
대구,대구_달서구,2012-06,222.85151983030042
대구,대구_달서구,2012-07,220.29372496662216
대구,대구_달서구,2012-08,222.5100101478855
대구,대구_달서구,2012-09,230.0383397232872
대구,대구_달서구,2012-10,225.3971071079954
대구,대구_달서구,2012-11,232.48969982342555
대구,대구_달서구,2012-12,234.11371237458195
대구,대구_달서구,2013-01,233.4111370456819
대구,대구_달서구,2013-02,233.32547725665802
대구,대구_달서구,2013-03,236.29964806435393
대구,대구_달서구,2013-04,241.27440062025372
대구,대구_달서구,2013-05,243.00318417965477
대구,대구_달서구,2013-06,248.4575897484165
대구,대구_달서구,2013-07,250.91697232410806
대구,대구_달서구,2013-08,260.2462166436542
대구,대구_달서구,2013-09,267.5183621135426
대구,대구_달서구,2013-10,264.30421473981636
대구,대구_달서구,2013-11,270.0
대구,대구_달서구,2013-12,265.6519241815049
대구,대구_달서구,2014-01,273.3788964827471
대구,대구_달서구,2014-02,273.3788964827471
대구,대구_달서구,2014-03,276.47058823529414
대구,대구_달서구,2014-04,269.36026936026934
대구,대구_달서구,2014-05,273.9208463209597
대구,대구_달서구,2014-06,270.633913156802
대구,대구_달서구,2014-07,278.32900411663536
대구,대구_달서구,2014-08,286.71445240873476
대구,대구_달서구,2014-09,288.30313014827016
대구,대구_달서구,2014-10,294.3040589363751
대구,대구_달서구,2014-11,295.04917486247706
대구,대구_달서구,2014-12,295.89320040176256
대구,대구_달서구,2015-01,297.02411535465285
대구,대구_달서구,2015-02,299.30823973355757
대구,대구_달서구,2015-03,306.48156862000377
대구,대구_달서구,2015-04,302.2569318500962
대구,대구_달서구,2015-05,297.3881163536336
대구,대구_달서구,2015-06,298.0807945010171
대구,대구_달서구,2015-07,297.668958577897
대구,대구_달서구,2015-08,304.9033004649616
대구,대구_달서구,2015-09,311.74460498334696
대구,대구_달서구,2015-10,310.10336778926313
대구,대구_달서구,2015-11,306.6143708345543
대구,대구_달서구,2015-12,295.9444271276084
대구,대구_달서구,2016-01,292.54875812635436
대구,대구_달서구,2016-02,294.2647817418293
대구,대구_달서구,2016-03,282.5523899222981
대구,대구_달서구,2016-04,291.8125729531432
대구,대구_달서구,2016-05,278.9699570815451
대구,대구_달서구,2016-06,287.1912693854107
대구,대구_달서구,2016-07,283.9011356045424
대구,대구_달서구,2016-08,288.6087878430911
대구,대구_달서구,2016-09,311.5063007890708
대구,대구_달서구,2016-10,305.85937661286664
대구,대구_달서구,2016-11,293.3822303717286
대구,대구_달서구,2016-12,277.33846370705726
대구,대구_달서구,2017-01,288.1326210131595
대구,대구_달서구,2017-02,291.0377358490566
대구,대구_달서구,2017-03,301.84276048646745
대구,대구_달서구,2017-04,285.23525981968686
대구,대구_달서구,2017-05,300.06876693150076
대구,대구_달서구,2017-06,316.4684270501788
대구,대구_달서구,2017-07,323.8914091675257
대구,대구_달서구,2017-08,315.4425612052731
대구,대구_달서구,2017-09,321.2836828004225
대구,대구_달서구,2017-10,304.7865101881946
대구,대구_달서구,2017-11,317.7863712239541
대구,대구_달서구,2017-12,311.0209601081812
대구,대구_달서구,2018-01,329.13382285562
대구,대구_달서구,2018-02,320.3380588876772
대구,대구_달서구,2018-03,316.8858460435134
대구,대구_달서구,2018-04,315.4578630455015
대구,대구_달서구,2018-05,317.79661016949154
대구,대구_달서구,2018-06,318.33299413527675
대구,대구_달서구,2018-07,305.8542334858124
대구,대구_달서구,2018-08,316.7265879130286
대구,대구_달서구,2018-09,332.07741495177606
대구,대구_달서구,2018-10,332.5046938475974
대구,대구_달서구,2018-11,308.5904920767306
대구,대구_달서구,2018-12,313.7331025014805
대구,대구_달서구,2019-01,291.81856767451427
대구,대구_달서구,2019-02,286.7622540846949
대구,대구_달서구,2019-03,293.1135962330783
대구,대구_달서구,2019-04,296.7438716811605
대구,대구_달서구,2019-05,304.0173724212812
대구,대구_달서구,2019-06,321.2520593080725
대구,대구_달서구,2019-07,317.2770604580517
대구,대구_달서구,2019-08,330.16508254127064
대구,대구_달서구,2019-09,329.48076185365875
대구,대구_달서구,2019-10,330.6885876754026
대구,대구_달서구,2019-11,340.68136272545087
대구,대구_달서구,2019-12,335.64951124720295
대구,대구_달서구,2020-01,339.3665158371041
대구,대구_달서구,2020-02,319.167022665946
대구,대구_달서구,2020-03,308.90269151138716
대구,대구_달서구,2020-04,354.3124417111505
대구,대구_달서구,2020-05,320.8020050125313
대구,대구_달서구,2020-06,349.2581735458934
대구,대구_달서구,2020-07,367.37952424351613
대구,대구_달서구,2020-08,376.5370476777271
대구,대구_달서구,2020-09,399.4019649722341
대구,대구_달서구,2020-10,424.7963237166031
대구,대구_달서구,2020-11,380.6684765481641
대구,대구_달서구,2020-12,340.0782179901377
대구,대구_달서구,2021-01,341.6478772678778
대구,대구_달서구,2021-02,347.2630959387875
대구,대구_달서구,2021-03,345.62574798053845
대구,대구_달서구,2021-04,363.9550905793542
대구,대구_달서구,2021-05,363.1512636181724
대구,대구_달서구,2021-06,365.0608434739123
대구,대구_달서구,2021-07,394.62834256096124
대구,대구_달서구,2021-08,372.5981620718463
대구,대구_달서구,2021-09,400.0666777796299
대구,대구_달서구,2021-10,376.4517420905086
대구,대구_달서구,2021-11,439.3229166666667
대구,대구_달서구,2021-12,353.19048740287263
대구,대구_달서구,2022-01,364.54849498327764
대구,대구_달서구,2022-02,417.8191019831695
대구,대구_달서구,2022-03,385.68268920537616
대구,대구_달서구,2022-04,365.0924508302909
대구,대구_달서구,2022-05,375.18759379689845
대구,대구_달서구,2022-06,364.87758945386065
대구,대구_달서구,2022-07,422.40263560418873
대구,대구_달서구,2022-08,435.5104097276993
대구,대구_달서구,2022-09,357.5389911545125
대구,대구_달서구,2022-10,364.47065920136595
대구,대구_달서구,2022-11,381.17782007872995
대구,대구_달서구,2022-12,420.6861348318029
대구,대구_달서구,2023-01,376.61549003670405
대구,대구_달서구,2023-02,382.1550765705896
대구,대구_달서구,2023-03,373.0855825372409
대구,대구_달서구,2023-04,374.64655984919887
대구,대구_달서구,2023-05,370.51609722071726
대구,대구_달서구,2023-06,395.61510278351534
대구,대구_달서구,2023-07,376.64783427495297
대구,대구_달서구,2023-08,366.1754089872734
대구,대구_달서구,2023-09,376.80316732068326
대구,대구_달서구,2023-10,361.43977895998387
대구,대구_달서구,2023-11,380.93013429404436
대구,대구_달서구,2023-12,360.7275465386441
대구,대구_달서구,2024-01,373.4705973093879
대구,대구_달서구,2024-02,346.21089536138084
대구,대구_달서구,2024-03,359.20386291367333
대구,대구_달서구,2024-04,342.0618070299599
대구,대구_달서구,2024-05,372.8842856654805
대구,대구_달서구,2024-06,365.6022530533685
대구,대구_달서구,2024-07,406.21738023148544
대구,대구_달서구,2024-08,413.28055273624693
대구,대구_달서구,2024-09,370.3712114837292
대구,대구_달서구,2024-10,382.55930504510525
대구,대구_달서구,2024-11,390.647062145829
대구,대구_달서구,2024-12,363.9513469839352
대구,대구_달서구,2025-01,392.9379724400622
대구,대구_달서구,2025-02,370.37361200492813
대구,대구_달서구,2025-03,353.75466456700485
대구,대구_달서구,2025-04,331.6721622610422
대구,대구_달서구,2025-05,376.96463364927683
대구,대구_달서구,2025-06,400.1180289170847
대구,대구_달서구,2025-07,360.1348008714726
대구,대구_달서구,2025-08,364.7136056998854
대구,대구_달서구,2025-09,358.6886340424552
대구,대구_달서구,2025-10,380.0471251483051
대구,대구_달서구,2025-11,523.7758945386064
대구,대구_달서구,2025-12,375.9353128293068
대구,대구_달성군,2006-01,141.2970334697826
대구,대구_달성군,2006-02,138.32658569500674
대구,대구_달성군,2006-03,137.17465937650445
대구,대구_달성군,2006-04,139.53488372093022
대구,대구_달성군,2006-05,133.7787915472308
대구,대구_달성군,2006-06,134.70129186356894
대구,대구_달성군,2006-07,133.35308934656987
대구,대구_달성군,2006-08,133.21536893880716
대구,대구_달성군,2006-09,139.17539807887306
대구,대구_달성군,2006-10,137.14650223261748
대구,대구_달성군,2006-11,64.32659932659932
대구,대구_달성군,2006-12,131.74015483002356
대구,대구_달성군,2007-01,130.4274654998317
대구,대구_달성군,2007-02,131.74015483002356
대구,대구_달성군,2007-03,130.4274654998317
대구,대구_달성군,2007-04,129.65582272512964
대구,대구_달성군,2007-05,130.4274654998317
대구,대구_달성군,2007-06,111.49878487257965
대구,대구_달성군,2007-07,130.4274654998317
대구,대구_달성군,2007-08,131.74015483002356
대구,대구_달성군,2007-09,129.78585334198573
대구,대구_달성군,2007-10,129.08919745822547
대구,대구_달성군,2007-11,127.57814161173718
대구,대구_달성군,2007-12,127.37351102724377
대구,대구_달성군,2008-01,121.70723574524843
대구,대구_달성군,2008-02,123.55848434925865
대구,대구_달성군,2008-03,152.1895833898637
대구,대구_달성군,2008-04,124.12028150991682
대구,대구_달성군,2008-05,129.67630069198609
대구,대구_달성군,2008-06,131.74015483002356
대구,대구_달성군,2008-07,130.4274654998317
대구,대구_달성군,2008-08,130.3718165610997
대구,대구_달성군,2008-09,186.35425661828202
대구,대구_달성군,2008-10,122.52042007001167
대구,대구_달성군,2008-11,123.35389231538589
대구,대구_달성군,2008-12,118.56089066498703
대구,대구_달성군,2009-01,130.87670074337402
대구,대구_달성군,2009-02,123.6235710911707
대구,대구_달성군,2009-03,254.80390691477783
대구,대구_달성군,2009-04,165.87934293185705
대구,대구_달성군,2009-05,133.7332461361837
대구,대구_달성군,2009-06,161.83129297333556
대구,대구_달성군,2009-07,146.415348367553
대구,대구_달성군,2009-08,149.01236219330266
대구,대구_달성군,2009-09,131.86888539567857
대구,대구_달성군,2009-10,136.44279229742602
대구,대구_달성군,2009-11,127.57814161173718
대구,대구_달성군,2009-12,133.91730070915517
대구,대구_달성군,2010-01,136.80347013680347
대구,대구_달성군,2010-02,132.82602791137225
대구,대구_달성군,2010-03,128.47713342762847
대구,대구_달성군,2010-04,131.86446336170923
대구,대구_달성군,2010-05,125.68455871849926
대구,대구_달성군,2010-06,130.5194805194805
대구,대구_달성군,2010-07,135.5860534211394
대구,대구_달성군,2010-08,140.9037852259463
대구,대구_달성군,2010-09,136.7868705192938
대구,대구_달성군,2010-10,138.8022359440467
대구,대구_달성군,2010-11,141.34275618374556
대구,대구_달성군,2010-12,147.206034152424
대구,대구_달성군,2011-01,153.06973640306973
대구,대구_달성군,2011-02,170.598170575585
대구,대구_달성군,2011-03,160.9022776748605
대구,대구_달성군,2011-04,158.47781469216685
대구,대구_달성군,2011-05,176.66587621531895
대구,대구_달성군,2011-06,182.2054282178398
대구,대구_달성군,2011-07,175.26289434151226
대구,대구_달성군,2011-08,177.7549995503337
대구,대구_달성군,2011-09,188.52185518852187
대구,대구_달성군,2011-10,168.65196367496165
대구,대구_달성군,2011-11,171.63486138119742
대구,대구_달성군,2011-12,174.73357738560765
대구,대구_달성군,2012-01,173.86231038506418
대구,대구_달성군,2012-02,183.45563709139427
대구,대구_달성군,2012-03,175.05835278426142
대구,대구_달성군,2012-04,177.48917748917748
대구,대구_달성군,2012-05,186.85352018685353
대구,대구_달성군,2012-06,192.67822736030828
대구,대구_달성군,2012-07,175.61344509935918
대구,대구_달성군,2012-08,183.51685018351685
대구,대구_달성군,2012-09,205.10255127563784
대구,대구_달성군,2012-10,223.07181257537042
대구,대구_달성군,2012-11,208.50709504256315
대구,대구_달성군,2012-12,206.55649142599725
대구,대구_달성군,2013-01,211.6886937996921
대구,대구_달성군,2013-02,209.9649690025401
대구,대구_달성군,2013-03,212.09084836339343
대구,대구_달성군,2013-04,217.91735100938865
대구,대구_달성군,2013-05,220.36489471352843
대구,대구_달성군,2013-06,246.00764897732114
대구,대구_달성군,2013-07,211.77452300389504
대구,대구_달성군,2013-08,211.8893466745144
대구,대구_달성군,2013-09,224.24200740144144
대구,대구_달성군,2013-10,226.8178785857238
대구,대구_달성군,2013-11,237.1026228875454
대구,대구_달성군,2013-12,241.49353739733579
대구,대구_달성군,2014-01,253.58692025358692
대구,대구_달성군,2014-02,233.72287145242072
대구,대구_달성군,2014-03,231.82121414276185
대구,대구_달성군,2014-04,233.48899266177452
대구,대구_달성군,2014-05,233.48899266177452
대구,대구_달성군,2014-06,241.49764814514083
대구,대구_달성군,2014-07,247.06056748635874
대구,대구_달성군,2014-08,251.10875106594227
대구,대구_달성군,2014-09,251.31942699170645
대구,대구_달성군,2014-10,253.12063939868972
대구,대구_달성군,2014-11,246.87422581109013
대구,대구_달성군,2014-12,247.08876809243802
대구,대구_달성군,2015-01,256.46845211075805
대구,대구_달성군,2015-02,249.54032046230628
대구,대구_달성군,2015-03,258.39031987179703
대구,대구_달성군,2015-04,260.03059183433345
대구,대구_달성군,2015-05,253.04957176226316
대구,대구_달성군,2015-06,252.65922186031054
대구,대구_달성군,2015-07,261.7448098668756
대구,대구_달성군,2015-08,258.46256461564116
대구,대구_달성군,2015-09,255.25525525525526
대구,대구_달성군,2015-10,254.75125772751488
대구,대구_달성군,2015-11,251.4718250630782
대구,대구_달성군,2015-12,249.17902728170242
대구,대구_달성군,2016-01,220.1712871979525
대구,대구_달성군,2016-02,235.3190337800473
대구,대구_달성군,2016-03,255.95936846957957
대구,대구_달성군,2016-04,210.1096071784114
대구,대구_달성군,2016-05,211.1324376199616
대구,대구_달성군,2016-06,220.22297576296
대구,대구_달성군,2016-07,231.81925158860906
대구,대구_달성군,2016-08,235.1197732630806
대구,대구_달성군,2016-09,245.9947016525798
대구,대구_달성군,2016-10,269.92662257865163
대구,대구_달성군,2016-11,244.44176063739044
대구,대구_달성군,2016-12,228.79091516366066
대구,대구_달성군,2017-01,233.6448858429938
대구,대구_달성군,2017-02,241.78756044689013
대구,대구_달성군,2017-03,236.0694027360694
대구,대구_달성군,2017-04,249.65955515206537
대구,대구_달성군,2017-05,262.0954052201121
대구,대구_달성군,2017-06,266.755585195065
대구,대구_달성군,2017-07,264.8632422792365
대구,대구_달성군,2017-08,279.62050152791335
대구,대구_달성군,2017-09,280.58945396423775
대구,대구_달성군,2017-10,279.284658893687
대구,대구_달성군,2017-11,294.973544973545
대구,대구_달성군,2017-12,323.09398091803416
대구,대구_달성군,2018-01,289.12718089968985
대구,대구_달성군,2018-02,302.9096065041824
대구,대구_달성군,2018-03,303.71888778279634
대구,대구_달성군,2018-04,299.8527837780016
대구,대구_달성군,2018-05,273.81707683574314
대구,대구_달성군,2018-06,256.1263396279354
대구,대구_달성군,2018-07,292.00734189888203
대구,대구_달성군,2018-08,278.9082355726945
대구,대구_달성군,2018-09,287.7818916189835
대구,대구_달성군,2018-10,308.3136022034898
대구,대구_달성군,2018-11,291.1477616963985
대구,대구_달성군,2018-12,306.4022754838898
대구,대구_달성군,2019-01,290.5997245170736
대구,대구_달성군,2019-02,278.73001293669563
대구,대구_달성군,2019-03,288.59737638748743
대구,대구_달성군,2019-04,287.4740230961852
대구,대구_달성군,2019-05,294.22021439344775
대구,대구_달성군,2019-06,324.2234653405484
대구,대구_달성군,2019-07,320.68222173394065
대구,대구_달성군,2019-08,311.8343262669871
대구,대구_달성군,2019-09,306.93807559909635
대구,대구_달성군,2019-10,312.27904784350693
대구,대구_달성군,2019-11,323.6267328890621
대구,대구_달성군,2019-12,313.2842382322309
대구,대구_달성군,2020-01,313.1272108723418
대구,대구_달성군,2020-02,300.17834124980135
대구,대구_달성군,2020-03,249.5942946063282
대구,대구_달성군,2020-04,307.5494690786368
대구,대구_달성군,2020-05,308.38331811034004
대구,대구_달성군,2020-06,313.6500747934794
대구,대구_달성군,2020-07,310.2964891136911
대구,대구_달성군,2020-08,317.8358907350838
대구,대구_달성군,2020-09,321.9971756764801
대구,대구_달성군,2020-10,325.924301291701
대구,대구_달성군,2020-11,337.30158730158735
대구,대구_달성군,2020-12,331.5958650701149
대구,대구_달성군,2021-01,302.82428885547836
대구,대구_달성군,2021-02,297.4414673563612
대구,대구_달성군,2021-03,300.4392941177887
대구,대구_달성군,2021-04,314.31266629598673
대구,대구_달성군,2021-05,305.62800372120597
대구,대구_달성군,2021-06,299.6058858466107
대구,대구_달성군,2021-07,319.98184830242354
대구,대구_달성군,2021-08,365.54118718598295
대구,대구_달성군,2021-09,318.162371817814
대구,대구_달성군,2021-10,346.00795106336926
대구,대구_달성군,2021-11,363.51509087877275
대구,대구_달성군,2021-12,374.5509508836003
대구,대구_달성군,2022-01,326.0920771276133
대구,대구_달성군,2022-02,318.94711880483754
대구,대구_달성군,2022-03,330.95399474709825
대구,대구_달성군,2022-04,344.7387126799823
대구,대구_달성군,2022-05,329.57260123120363
대구,대구_달성군,2022-06,334.5194040435715
대구,대구_달성군,2022-07,331.7307578389163
대구,대구_달성군,2022-08,333.38500800957485
대구,대구_달성군,2022-09,332.59398647592036
대구,대구_달성군,2022-10,308.9912016712693
대구,대구_달성군,2022-11,322.9406692996148
대구,대구_달성군,2022-12,306.107792327055
대구,대구_달성군,2023-01,310.88974597588106
대구,대구_달성군,2023-02,317.10197117674545
대구,대구_달성군,2023-03,321.842070595141
대구,대구_달성군,2023-04,318.1681531215553
대구,대구_달성군,2023-05,327.39199540831885
대구,대구_달성군,2023-06,317.72682228596943
대구,대구_달성군,2023-07,326.84479708107585
대구,대구_달성군,2023-08,324.2139445986349
대구,대구_달성군,2023-09,317.2843288985221
대구,대구_달성군,2023-10,325.26986927685374
대구,대구_달성군,2023-11,320.6611042866487
대구,대구_달성군,2023-12,324.5406338984103
대구,대구_달성군,2024-01,310.783014190497
대구,대구_달성군,2024-02,317.92766162664003
대구,대구_달성군,2024-03,325.104049759584
대구,대구_달성군,2024-04,312.36823820750516
대구,대구_달성군,2024-05,329.56995828585957
대구,대구_달성군,2024-06,321.8068420858397
대구,대구_달성군,2024-07,320.3539449676746
대구,대구_달성군,2024-08,321.92513260370407
대구,대구_달성군,2024-09,313.3441383036196
대구,대구_달성군,2024-10,320.70233778090426
대구,대구_달성군,2024-11,322.5537589598266
대구,대구_달성군,2024-12,311.09675506227234
대구,대구_달성군,2025-01,330.9908077685934
대구,대구_달성군,2025-02,303.13215420421466
대구,대구_달성군,2025-03,306.15479804950826
대구,대구_달성군,2025-04,318.9562940268653
대구,대구_달성군,2025-05,297.7868785752596
대구,대구_달성군,2025-06,301.049616066045
대구,대구_달성군,2025-07,305.2058731000934
대구,대구_달성군,2025-08,317.4841402240861
대구,대구_달성군,2025-09,315.81857754720875
대구,대구_달성군,2025-10,317.07624873360203
대구,대구_달성군,2025-11,311.8248278014381
대구,대구_달성군,2025-12,311.45890707054116
대구,대구_동구,2006-01,151.5151515151515
대구,대구_동구,2006-02,157.57575757575756
대구,대구_동구,2006-03,154.8522782792778
대구,대구_동구,2006-04,151.44232372074092
대구,대구_동구,2006-05,152.55530129672007
대구,대구_동구,2006-06,145.4407487036803
대구,대구_동구,2006-07,146.98680647577345
대구,대구_동구,2006-08,153.35889314885813
대구,대구_동구,2006-09,152.9831718510964
대구,대구_동구,2006-10,145.29252227818677
대구,대구_동구,2006-11,154.28589507055747
대구,대구_동구,2006-12,136.90363755806703
대구,대구_동구,2007-01,134.0791450993488
대구,대구_동구,2007-02,147.3833516222943
대구,대구_동구,2007-03,152.5254209034839
대구,대구_동구,2007-04,146.69303019809297
대구,대구_동구,2007-05,153.24039587102266
대구,대구_동구,2007-06,149.73596642823227
대구,대구_동구,2007-07,160.75264834432178
대구,대구_동구,2007-08,153.72947791152671
대구,대구_동구,2007-09,162.98801919951623
대구,대구_동구,2007-10,159.01060070671377
대구,대구_동구,2007-11,158.67713378987807
대구,대구_동구,2007-12,158.7750916687495
대구,대구_동구,2008-01,165.34018260255897
대구,대구_동구,2008-02,159.2314118629908
대구,대구_동구,2008-03,162.72762495156917
대구,대구_동구,2008-04,160.97709149521447
대구,대구_동구,2008-05,158.5711901185111
대구,대구_동구,2008-06,160.8848667672197
대구,대구_동구,2008-07,156.12236722477218
대구,대구_동구,2008-08,154.26283560998587
대구,대구_동구,2008-09,127.65254479102528
대구,대구_동구,2008-10,151.89450842931063
대구,대구_동구,2008-11,200.02965145421558
대구,대구_동구,2008-12,157.39965842778324
대구,대구_동구,2009-01,150.60240963855424
대구,대구_동구,2009-02,152.97717109908214
대구,대구_동구,2009-03,161.4233533639684
대구,대구_동구,2009-04,165.04907919446703
대구,대구_동구,2009-05,162.26542137844342
대구,대구_동구,2009-06,162.39115085902566
대구,대구_동구,2009-07,166.80205433410117
대구,대구_동구,2009-08,175.53881634666615
대구,대구_동구,2009-09,175.75365049458313
대구,대구_동구,2009-10,204.8755273206276
대구,대구_동구,2009-11,171.36672479105286
대구,대구_동구,2009-12,187.2286052634894
대구,대구_동구,2010-01,172.09690893901418
대구,대구_동구,2010-02,174.02471479373577
대구,대구_동구,2010-03,171.73177600414857
대구,대구_동구,2010-04,204.88759140657208
대구,대구_동구,2010-05,195.45176038699628
대구,대구_동구,2010-06,225.9053910581574
대구,대구_동구,2010-07,212.3109640831758
대구,대구_동구,2010-08,212.3109640831758
대구,대구_동구,2010-09,211.56505136871658
대구,대구_동구,2010-10,183.65703109987925
대구,대구_동구,2010-11,183.18503224647486
대구,대구_동구,2010-12,182.4499717794057
대구,대구_동구,2011-01,186.6094712574171
대구,대구_동구,2011-02,176.8780359195906
대구,대구_동구,2011-03,174.3510267338241
대구,대구_동구,2011-04,170.25189070278356
대구,대구_동구,2011-05,173.0867284156288
대구,대구_동구,2011-06,188.09049152276174
대구,대구_동구,2011-07,195.5611400800629
대구,대구_동구,2011-08,191.80584551148226
대구,대구_동구,2011-09,195.78313253012047
대구,대구_동구,2011-10,187.10284772887738
대구,대구_동구,2011-11,192.07887132415433
대구,대구_동구,2011-12,198.58187134502924
대구,대구_동구,2012-01,196.74642048196944
대구,대구_동구,2012-02,216.19282242492844
대구,대구_동구,2012-03,212.19224638447113
대구,대구_동구,2012-04,207.05636922812226
대구,대구_동구,2012-05,207.15877802543596
대구,대구_동구,2012-06,207.2782418080804
대구,대구_동구,2012-07,212.7310051894547
대구,대구_동구,2012-08,216.43375127622568
대구,대구_동구,2012-09,216.21978683724603
대구,대구_동구,2012-10,210.8615391408569
대구,대구_동구,2012-11,203.36307673679968
대구,대구_동구,2012-12,187.98441313749842
대구,대구_동구,2013-01,223.819510819904
대구,대구_동구,2013-02,222.22717136280934
대구,대구_동구,2013-03,219.82203869576983
대구,대구_동구,2013-04,223.5820192986585
대구,대구_동구,2013-05,222.7818674932197
대구,대구_동구,2013-06,219.34434297895584
대구,대구_동구,2013-07,234.23817863397548
대구,대구_동구,2013-08,236.29115206142376
대구,대구_동구,2013-09,243.89149249782682
대구,대구_동구,2013-10,246.20600885380227
대구,대구_동구,2013-11,243.0041418172338
대구,대구_동구,2013-12,240.68184949152084
대구,대구_동구,2014-01,240.0
대구,대구_동구,2014-02,239.43627171251646
대구,대구_동구,2014-03,248.02524660795947
대구,대구_동구,2014-04,243.7637113607825
대구,대구_동구,2014-05,252.86109879174012
대구,대구_동구,2014-06,253.23910482921082
대구,대구_동구,2014-07,256.51585662715956
대구,대구_동구,2014-08,262.2064178798671
대구,대구_동구,2014-09,266.9558974196983
대구,대구_동구,2014-10,274.00884387165047
대구,대구_동구,2014-11,273.91659199844116
대구,대구_동구,2014-12,283.25717254134656
대구,대구_동구,2015-01,282.0255760258683
대구,대구_동구,2015-02,267.00210041652326
대구,대구_동구,2015-03,300.73987928920644
대구,대구_동구,2015-04,270.3751303377871
대구,대구_동구,2015-05,298.6321730974754
대구,대구_동구,2015-06,300.2191599867904
대구,대구_동구,2015-07,316.20162398378534
대구,대구_동구,2015-08,305.8225839594241
대구,대구_동구,2015-09,322.14989150392256
대구,대구_동구,2015-10,318.91080369288784
대구,대구_동구,2015-11,303.7487035116314
대구,대구_동구,2015-12,313.34643874908556
대구,대구_동구,2016-01,300.06030659146097
대구,대구_동구,2016-02,304.3385802305087
대구,대구_동구,2016-03,298.7997333342714
대구,대구_동구,2016-04,304.0732448959134
대구,대구_동구,2016-05,310.9380068031171
대구,대구_동구,2016-06,308.6091305735873
대구,대구_동구,2016-07,308.89927402669537
대구,대구_동구,2016-08,305.9353117705902
대구,대구_동구,2016-09,310.9588223359657
대구,대구_동구,2016-10,312.4477861319967
대구,대구_동구,2016-11,332.28069698678394
대구,대구_동구,2016-12,318.7639198218263
대구,대구_동구,2017-01,318.2607111293049
대구,대구_동구,2017-02,309.8602593467134
대구,대구_동구,2017-03,314.4362901174343
대구,대구_동구,2017-04,308.68647235789956
대구,대구_동구,2017-05,311.4089313970313
대구,대구_동구,2017-06,321.8295774682613
대구,대구_동구,2017-07,333.7649399611596
대구,대구_동구,2017-08,341.4708037438897
대구,대구_동구,2017-09,329.1140967950179
대구,대구_동구,2017-10,321.96894619049635
대구,대구_동구,2017-11,329.58702745459937
대구,대구_동구,2017-12,333.7321432445105
대구,대구_동구,2018-01,337.5483447004764
대구,대구_동구,2018-02,336.1497880605757
대구,대구_동구,2018-03,325.0263934208908
대구,대구_동구,2018-04,323.0530597934361
대구,대구_동구,2018-05,333.9590548889465
대구,대구_동구,2018-06,330.34873881096195
대구,대구_동구,2018-07,340.54487179487177
대구,대구_동구,2018-08,329.6349895481589
대구,대구_동구,2018-09,331.5909723269191
대구,대구_동구,2018-10,337.8611824764249
대구,대구_동구,2018-11,314.7982886814169
대구,대구_동구,2018-12,321.2388913811906
대구,대구_동구,2019-01,317.6851810452548
대구,대구_동구,2019-02,314.3302979778547
대구,대구_동구,2019-03,315.68398196091533
대구,대구_동구,2019-04,297.0567442859791
대구,대구_동구,2019-05,314.01805664113806
대구,대구_동구,2019-06,328.9729796110705
대구,대구_동구,2019-07,321.02883012645464
대구,대구_동구,2019-08,336.0036098601082
대구,대구_동구,2019-09,332.10071366323575
대구,대구_동구,2019-10,315.3683219581078
대구,대구_동구,2019-11,335.3284394991017
대구,대구_동구,2019-12,324.13955681282414
대구,대구_동구,2020-01,343.4343434343434
대구,대구_동구,2020-02,347.4095027686771
대구,대구_동구,2020-03,342.3271966988619
대구,대구_동구,2020-04,336.32286995515693
대구,대구_동구,2020-05,319.12752126823574
대구,대구_동구,2020-06,347.8342785203798
대구,대구_동구,2020-07,346.98262107652727
대구,대구_동구,2020-08,330.4565046610872
대구,대구_동구,2020-09,355.51826857413846
대구,대구_동구,2020-10,369.50757575757575
대구,대구_동구,2020-11,382.37903292224644
대구,대구_동구,2020-12,349.48491300514013
대구,대구_동구,2021-01,336.71120986591774
대구,대구_동구,2021-02,349.59858112041263
대구,대구_동구,2021-03,351.6334588737408
대구,대구_동구,2021-04,362.93544785454765
대구,대구_동구,2021-05,369.25647451963243
대구,대구_동구,2021-06,375.56334501752633
대구,대구_동구,2021-07,378.4056508577195
대구,대구_동구,2021-08,372.4371795188359
대구,대구_동구,2021-09,370.3703703703704
대구,대구_동구,2021-10,376.1211817734286
대구,대구_동구,2021-11,375.4486611500743
대구,대구_동구,2021-12,370.305166677382
대구,대구_동구,2022-01,363.5112677395922
대구,대구_동구,2022-02,330.08594165300144
대구,대구_동구,2022-03,350.34072371475156
대구,대구_동구,2022-04,371.49489545932835
대구,대구_동구,2022-05,381.4951312272604
대구,대구_동구,2022-06,359.2864288096032
대구,대구_동구,2022-07,350.1754702015973
대구,대구_동구,2022-08,354.41368672655983
대구,대구_동구,2022-09,359.4455817066947
대구,대구_동구,2022-10,333.75171426761085
대구,대구_동구,2022-11,379.24757281553394
대구,대구_동구,2022-12,403.6110836545748
대구,대구_동구,2023-01,410.06834472412066
대구,대구_동구,2023-02,368.2008368200837
대구,대구_동구,2023-03,372.3532329602345
대구,대구_동구,2023-04,353.0302647989936
대구,대구_동구,2023-05,322.95271049596306
대구,대구_동구,2023-06,319.0208667736757
대구,대구_동구,2023-07,365.6799722853074
대구,대구_동구,2023-08,377.2268485367437
대구,대구_동구,2023-09,371.29798677801756
대구,대구_동구,2023-10,366.71556207494336
대구,대구_동구,2023-11,353.2362326178337
대구,대구_동구,2023-12,366.92078691118263
대구,대구_동구,2024-01,370.0605652759085
대구,대구_동구,2024-02,371.41266659562007
대구,대구_동구,2024-03,382.7582145801437
대구,대구_동구,2024-04,374.2048331203661
대구,대구_동구,2024-05,386.46929871445514
대구,대구_동구,2024-06,381.71356402655977
대구,대구_동구,2024-07,382.9502487161089
대구,대구_동구,2024-08,388.63258042025694
대구,대구_동구,2024-09,366.2570888468809
대구,대구_동구,2024-10,376.206255671191
대구,대구_동구,2024-11,408.6651262525764
대구,대구_동구,2024-12,370.6632400909361
대구,대구_동구,2025-01,351.7233361839486
대구,대구_동구,2025-02,347.1127280942452
대구,대구_동구,2025-03,354.4423440453686
대구,대구_동구,2025-04,385.15560130367174
대구,대구_동구,2025-05,398.7476370510397
대구,대구_동구,2025-06,394.3032015065914
대구,대구_동구,2025-07,389.77148617854823
대구,대구_동구,2025-08,416.68819555677044
대구,대구_동구,2025-09,398.2561564746082
대구,대구_동구,2025-10,383.1304880058382
대구,대구_동구,2025-11,389.66867413218097
대구,대구_동구,2025-12,409.50135110941255
대구,대구_북구,2006-01,151.09179343889062
대구,대구_북구,2006-02,145.64831261101241
대구,대구_북구,2006-03,141.25956444967628
대구,대구_북구,2006-04,145.98296308668782
대구,대구_북구,2006-05,147.05882352941177
대구,대구_북구,2006-06,145.69199781953967
대구,대구_북구,2006-07,140.5413721587443
대구,대구_북구,2006-08,143.75273328431442
대구,대구_북구,2006-09,141.7007558300715
대구,대구_북구,2006-10,145.13888077650665
대구,대구_북구,2006-11,145.95103578154428
대구,대구_북구,2006-12,147.75636989463965
대구,대구_북구,2007-01,146.71557185728577
대구,대구_북구,2007-02,147.12806026365348
대구,대구_북구,2007-03,147.9379584657781
대구,대구_북구,2007-04,147.22700157148296
대구,대구_북구,2007-05,145.25812332828963
대구,대구_북구,2007-06,118.61942169480194
대구,대구_북구,2007-07,149.43541955253326
대구,대구_북구,2007-08,122.48036102289821
대구,대구_북구,2007-09,146.6330285964459
대구,대구_북구,2007-10,152.19976218787158
대구,대구_북구,2007-11,150.49442872804977
대구,대구_북구,2007-12,117.26660250240616
대구,대구_북구,2008-01,126.69585878097757
대구,대구_북구,2008-02,151.69194865810968
대구,대구_북구,2008-03,150.10441643662335
대구,대구_북구,2008-04,149.53779227841218
대구,대구_북구,2008-05,171.69923031379514
대구,대구_북구,2008-06,158.9419175772278
대구,대구_북구,2008-07,156.27942007154962
대구,대구_북구,2008-08,159.31158184615333
대구,대구_북구,2008-09,136.66591523895403
대구,대구_북구,2008-10,135.5812308417826
대구,대구_북구,2008-11,143.79525172587978
대구,대구_북구,2008-12,127.81540925623143
대구,대구_북구,2009-01,134.180790960452
대구,대구_북구,2009-02,127.12621875916842
대구,대구_북구,2009-03,127.67205911451049
대구,대구_북구,2009-04,146.87709259178723
대구,대구_북구,2009-05,134.55517316585403
대구,대구_북구,2009-06,135.67980230937985
대구,대구_북구,2009-07,150.67390867028766
대구,대구_북구,2009-08,146.20575352196047
대구,대구_북구,2009-09,135.0222614257661
대구,대구_북구,2009-10,144.77401129943505
대구,대구_북구,2009-11,145.36632313429843
대구,대구_북구,2009-12,151.85853373293918
대구,대구_북구,2010-01,152.4112867819517
대구,대구_북구,2010-02,138.99105799549758
대구,대구_북구,2010-03,156.9100784550392
대구,대구_북구,2010-04,153.4034034034034
대구,대구_북구,2010-05,151.66666666666666
대구,대구_북구,2010-06,157.40721371575694
대구,대구_북구,2010-07,156.4983718131346
대구,대구_북구,2010-08,153.05101307997506
대구,대구_북구,2010-09,152.23135707892345
대구,대구_북구,2010-10,157.57223401798723
대구,대구_북구,2010-11,158.05539959707667
대구,대구_북구,2010-12,162.01274463740685
대구,대구_북구,2011-01,168.08130181032408
대구,대구_북구,2011-02,174.87888455630392
대구,대구_북구,2011-03,174.20055807844093
대구,대구_북구,2011-04,187.1657754010695
대구,대구_북구,2011-05,196.38977101788402
대구,대구_북구,2011-06,191.10856206685446
대구,대구_북구,2011-07,196.5025279231457
대구,대구_북구,2011-08,200.133422281521
대구,대구_북구,2011-09,203.33333333333334
대구,대구_북구,2011-10,203.6727879799666
대구,대구_북구,2011-11,203.2725651026588
대구,대구_북구,2011-12,209.3765615080198
대구,대구_북구,2012-01,208.50718206553594
대구,대구_북구,2012-02,207.40042422814048
대구,대구_북구,2012-03,207.3618104074591
대구,대구_북구,2012-04,206.51404295492094
대구,대구_북구,2012-05,208.657274327733
대구,대구_북구,2012-06,215.85177706167934
대구,대구_북구,2012-07,222.4743458812091
대구,대구_북구,2012-08,208.22800808897875
대구,대구_북구,2012-09,213.43780407384875
대구,대구_북구,2012-10,220.37656117219123
대구,대구_북구,2012-11,228.0356817823692
대구,대구_북구,2012-12,220.24367385192127
대구,대구_북구,2013-01,234.00478860539528
대구,대구_북구,2013-02,230.8806777164653
대구,대구_북구,2013-03,225.22522522522524
대구,대구_북구,2013-04,235.6929753186873
대구,대구_북구,2013-05,241.91645031862168
대구,대구_북구,2013-06,240.87347891315218
대구,대구_북구,2013-07,248.30699774266367
대구,대구_북구,2013-08,250.0
대구,대구_북구,2013-09,256.6666666666667
대구,대구_북구,2013-10,252.79341212664426
대구,대구_북구,2013-11,258.9911118959327
대구,대구_북구,2013-12,257.64175479734763
대구,대구_북구,2014-01,267.142797637929
대구,대구_북구,2014-02,255.32053222456665
대구,대구_북구,2014-03,255.92177287668932
대구,대구_북구,2014-04,252.30122756008635
대구,대구_북구,2014-05,255.45187765644167
대구,대구_북구,2014-06,266.80006670001666
대구,대구_북구,2014-07,259.7214062906161
대구,대구_북구,2014-08,266.02788445167516
대구,대구_북구,2014-09,266.0497397339503
대구,대구_북구,2014-10,266.4405571225632
대구,대구_북구,2014-11,275.4420845456958
대구,대구_북구,2014-12,278.51901267511676
대구,대구_북구,2015-01,273.78981488540944
대구,대구_북구,2015-02,279.8720967859865
대구,대구_북구,2015-03,288.97549138436784
대구,대구_북구,2015-04,282.3521708732669
대구,대구_북구,2015-05,288.2692081421344
대구,대구_북구,2015-06,297.14507671392505
대구,대구_북구,2015-07,299.23556628444976
대구,대구_북구,2015-08,306.5061028535954
대구,대구_북구,2015-09,308.6053412462908
대구,대구_북구,2015-10,303.84644277750476
대구,대구_북구,2015-11,287.31604765241764
대구,대구_북구,2015-12,283.4278092697566
대구,대구_북구,2016-01,291.00529100529104
대구,대구_북구,2016-02,298.6608049506015
대구,대구_북구,2016-03,282.4675897864427
대구,대구_북구,2016-04,285.3717026378897
대구,대구_북구,2016-05,278.8563360395341
대구,대구_북구,2016-06,286.1589203533176
대구,대구_북구,2016-07,295.4853140267232
대구,대구_북구,2016-08,294.4372306638512
대구,대구_북구,2016-09,298.08014887414845
대구,대구_북구,2016-10,301.20481927710847
대구,대구_북구,2016-11,299.0388456262523
대구,대구_북구,2016-12,291.5329775737419
대구,대구_북구,2017-01,287.6684771675719
대구,대구_북구,2017-02,295.5098864783141
대구,대구_북구,2017-03,291.90185162458204
대구,대구_북구,2017-04,287.3930316068588
대구,대구_북구,2017-05,289.9279369867605
대구,대구_북구,2017-06,298.3638113570741
대구,대구_북구,2017-07,314.92407224814383
대구,대구_북구,2017-08,312.3827791572863
대구,대구_북구,2017-09,316.27576403695804
대구,대구_북구,2017-10,308.83350421335126
대구,대구_북구,2017-11,308.04826312679035
대구,대구_북구,2017-12,303.030303030303
대구,대구_북구,2018-01,313.9421410235849
대구,대구_북구,2018-02,320.2314102410989
대구,대구_북구,2018-03,320.1130781949573
대구,대구_북구,2018-04,317.68319731044903
대구,대구_북구,2018-05,312.35431235431236
대구,대구_북구,2018-06,312.96397266483507
대구,대구_북구,2018-07,300.3661150998453
대구,대구_북구,2018-08,319.71580817051506
대구,대구_북구,2018-09,326.99008308764405
대구,대구_북구,2018-10,312.16790648246547
대구,대구_북구,2018-11,306.47012405684677
대구,대구_북구,2018-12,312.5632262474368
대구,대구_북구,2019-01,296.86457638425617
대구,대구_북구,2019-02,289.576786227292
대구,대구_북구,2019-03,292.58929825382705
대구,대구_북구,2019-04,289.05597326649956
대구,대구_북구,2019-05,283.63104605309394
대구,대구_북구,2019-06,306.9498160662256
대구,대구_북구,2019-07,305.43785310734467
대구,대구_북구,2019-08,288.8934334337787
대구,대구_북구,2019-09,299.18101286979777
대구,대구_북구,2019-10,307.1394339769629
대구,대구_북구,2019-11,298.23501150587185
대구,대구_북구,2019-12,305.99035377328175
대구,대구_북구,2020-01,325.4300325430032
대구,대구_북구,2020-02,327.1758370052348
대구,대구_북구,2020-03,297.4829936614289
대구,대구_북구,2020-04,293.38919099636337
대구,대구_북구,2020-05,301.71029735091014
대구,대구_북구,2020-06,328.82008393215676
대구,대구_북구,2020-07,309.0751591022552
대구,대구_북구,2020-08,315.534423975302
대구,대구_북구,2020-09,317.905079457787
대구,대구_북구,2020-10,317.5664382416848
대구,대구_북구,2020-11,371.2461574840388
대구,대구_북구,2020-12,322.41612785788817
대구,대구_북구,2021-01,293.6999589527768
대구,대구_북구,2021-02,309.92222484091445
대구,대구_북구,2021-03,301.7501508750754
대구,대구_북구,2021-04,307.0761014686248
대구,대구_북구,2021-05,295.7151478575739
대구,대구_북구,2021-06,296.59096927576485
대구,대구_북구,2021-07,300.85241517633295
대구,대구_북구,2021-08,282.13166144200625
대구,대구_북구,2021-09,311.90059211074976
대구,대구_북구,2021-10,314.20441071852025
대구,대구_북구,2021-11,305.97650814514293
대구,대구_북구,2021-12,312.79931447662796
대구,대구_북구,2022-01,316.06405760573466
대구,대구_북구,2022-02,315.75156481141494
대구,대구_북구,2022-03,301.30128302570415
대구,대구_북구,2022-04,306.5487542991031
대구,대구_북구,2022-05,311.80848923757793
대구,대구_북구,2022-06,317.5030874159636
대구,대구_북구,2022-07,304.60076513239625
대구,대구_북구,2022-08,309.79682156507744
대구,대구_북구,2022-09,309.0022633788536
대구,대구_북구,2022-10,328.55436081242533
대구,대구_북구,2022-11,313.14197552777625
대구,대구_북구,2022-12,387.4234573716439
대구,대구_북구,2023-01,341.8945963975984
대구,대구_북구,2023-02,341.2475303680884
대구,대구_북구,2023-03,348.25031613751594
대구,대구_북구,2023-04,345.9841368355874
대구,대구_북구,2023-05,359.3854375417502
대구,대구_북구,2023-06,365.4107233548687
대구,대구_북구,2023-07,363.605127185308
대구,대구_북구,2023-08,350.2626994587996
대구,대구_북구,2023-09,352.32915582880116
대구,대구_북구,2023-10,342.23706176961605
대구,대구_북구,2023-11,324.15019181671147
대구,대구_북구,2023-12,326.88222799150344
대구,대구_북구,2024-01,338.66096669847263
대구,대구_북구,2024-02,335.1388746376181
대구,대구_북구,2024-03,344.012871952009
대구,대구_북구,2024-04,342.17993657152397
대구,대구_북구,2024-05,341.97820171377913
대구,대구_북구,2024-06,370.75357820313843
대구,대구_북구,2024-07,324.1136142844405
대구,대구_북구,2024-08,345.4182129603197
대구,대구_북구,2024-09,342.6822411180165
대구,대구_북구,2024-10,330.0408753446216
대구,대구_북구,2024-11,332.1042122890635
대구,대구_북구,2024-12,342.8670810148569
대구,대구_북구,2025-01,344.735435595938
대구,대구_북구,2025-02,330.48735733793444
대구,대구_북구,2025-03,330.32540591683585
대구,대구_북구,2025-04,307.28122912491654
대구,대구_북구,2025-05,326.30522088353416
대구,대구_북구,2025-06,337.57989390822496
대구,대구_북구,2025-07,313.79514505624627
대구,대구_북구,2025-08,316.36060100166947
대구,대구_북구,2025-09,294.1275876750643
대구,대구_북구,2025-10,325.837884974409
대구,대구_북구,2025-11,340.4603801205032
대구,대구_북구,2025-12,353.31943610217996
대구,대구_서구,2006-01,150.0987992096063
대구,대구_서구,2006-02,151.48236312486475
대구,대구_서구,2006-03,140.37433155080214
대구,대구_서구,2006-04,148.84104012236736
대구,대구_서구,2006-05,144.18723221533872
대구,대구_서구,2006-06,151.9987840097279
대구,대구_서구,2006-07,134.45254388265084
대구,대구_서구,2006-08,149.3183293659381
대구,대구_서구,2006-09,151.04570100697134
대구,대구_서구,2006-10,140.66219433023156
대구,대구_서구,2006-11,166.32629779899585
대구,대구_서구,2006-12,157.5862503556525
대구,대구_서구,2007-01,148.6455425511603
대구,대구_서구,2007-02,144.12943946066162
대구,대구_서구,2007-03,147.04779053192289
대구,대구_서구,2007-04,148.70508920015718
대구,대구_서구,2007-05,147.26881152890945
대구,대구_서구,2007-06,150.1413668714049
대구,대구_서구,2007-07,142.64308599416026
대구,대구_서구,2007-08,134.13342746205436
대구,대구_서구,2007-09,148.90016920473772
대구,대구_서구,2007-10,143.96279053642382
대구,대구_서구,2007-11,144.56797927263472
대구,대구_서구,2007-12,143.82402707275804
대구,대구_서구,2008-01,150.71602838257348
대구,대구_서구,2008-02,145.62138440055855
대구,대구_서구,2008-03,143.70186506191337
대구,대구_서구,2008-04,140.68080399703126
대구,대구_서구,2008-05,147.78823165582293
대구,대구_서구,2008-06,148.35592419310234
대구,대구_서구,2008-07,137.4903175832688
대구,대구_서구,2008-08,137.4670956420006
대구,대구_서구,2008-09,140.66219433023156
대구,대구_서구,2008-10,149.95386035066133
대구,대구_서구,2008-11,145.4915578972578
대구,대구_서구,2008-12,133.65769574890382
대구,대구_서구,2009-01,150.19854894712688
대구,대구_서구,2009-02,141.01196824268277
대구,대구_서구,2009-03,136.49215170127718
대구,대구_서구,2009-04,140.13188883655204
대구,대구_서구,2009-05,138.9543099387659
대구,대구_서구,2009-06,150.2755050926699
대구,대구_서구,2009-07,138.79510841023333
대구,대구_서구,2009-08,132.0094181195514
대구,대구_서구,2009-09,135.5197181189863
대구,대구_서구,2009-10,147.79080629644605
대구,대구_서구,2009-11,136.49215170127718
대구,대구_서구,2009-12,137.642330877428
대구,대구_서구,2010-01,177.7202377449538
대구,대구_서구,2010-02,170.6283831489762
대구,대구_서구,2010-03,159.95078437403876
대구,대구_서구,2010-04,154.6298288820346
대구,대구_서구,2010-05,153.48682015348683
대구,대구_서구,2010-06,167.64072593048294
대구,대구_서구,2010-07,147.18687206965842
대구,대구_서구,2010-08,149.30863820463065
대구,대구_서구,2010-09,164.4461362771222
대구,대구_서구,2010-10,148.53090883095743
대구,대구_서구,2010-11,160.18418862582257
대구,대구_서구,2010-12,164.4071915403781
대구,대구_서구,2011-01,169.58660027651138
대구,대구_서구,2011-02,186.43571602564995
대구,대구_서구,2011-03,166.55450874831763
대구,대구_서구,2011-04,170.60830685963055
대구,대구_서구,2011-05,171.13251947298363
대구,대구_서구,2011-06,200.08238686517979
대구,대구_서구,2011-07,186.0150735450752
대구,대구_서구,2011-08,177.5101577970301
대구,대구_서구,2011-09,192.5925925925926
대구,대구_서구,2011-10,168.0520419226599
대구,대구_서구,2011-11,176.3687513525211
대구,대구_서구,2011-12,223.38592774636925
대구,대구_서구,2012-01,224.57536213075113
대구,대구_서구,2012-02,222.54034931590903
대구,대구_서구,2012-03,218.0333035806514
대구,대구_서구,2012-04,221.3528906452094
대구,대구_서구,2012-05,230.8946727029748
대구,대구_서구,2012-06,207.71045815431674
대구,대구_서구,2012-07,210.2110851253365
대구,대구_서구,2012-08,197.75466384379993
대구,대구_서구,2012-09,205.64101368071678
대구,대구_서구,2012-10,192.63122476446839
대구,대구_서구,2012-11,202.90932870029042
대구,대구_서구,2012-12,204.6969863642962
대구,대구_서구,2013-01,204.07857677635565
대구,대구_서구,2013-02,204.78100969575394
대구,대구_서구,2013-03,202.6882199136234
대구,대구_서구,2013-04,204.24319148373638
대구,대구_서구,2013-05,203.81198453756065
대구,대구_서구,2013-06,207.21195055181826
대구,대구_서구,2013-07,206.85617488180532
대구,대구_서구,2013-08,224.2804597690237
대구,대구_서구,2013-09,214.94568646118904
대구,대구_서구,2013-10,194.57810940708197
대구,대구_서구,2013-11,205.44840415482074
대구,대구_서구,2013-12,218.36034086318048
대구,대구_서구,2014-01,251.23558484349257
대구,대구_서구,2014-02,236.80191796951715
대구,대구_서구,2014-03,229.788596425673
대구,대구_서구,2014-04,249.46543121881683
대구,대구_서구,2014-05,233.1299926527052
대구,대구_서구,2014-06,250.85043177279218
대구,대구_서구,2014-07,246.05395547047178
대구,대구_서구,2014-08,257.0416016053564
대구,대구_서구,2014-09,261.39523172420564
대구,대구_서구,2014-10,261.37399079481014
대구,대구_서구,2014-11,262.0166245030719
대구,대구_서구,2014-12,259.68405107119673
대구,대구_서구,2015-01,262.58930575635975
대구,대구_서구,2015-02,283.11872134183216
대구,대구_서구,2015-03,273.15212607563143
대구,대구_서구,2015-04,240.76080414108586
대구,대구_서구,2015-05,270.1986154540617
대구,대구_서구,2015-06,256.60666411336655
대구,대구_서구,2015-07,252.49517638931897
대구,대구_서구,2015-08,249.4528916936885
대구,대구_서구,2015-09,279.16035490153644
대구,대구_서구,2015-10,274.9719416386083
대구,대구_서구,2015-11,268.30662330498853
대구,대구_서구,2015-12,261.74689141258364
대구,대구_서구,2016-01,309.2611166833835
대구,대구_서구,2016-02,261.84808483012336
대구,대구_서구,2016-03,274.613506916192
대구,대구_서구,2016-04,284.7324496809033
대구,대구_서구,2016-05,288.9380255234761
대구,대구_서구,2016-06,279.26401843853034
대구,대구_서구,2016-07,301.8622811152575
대구,대구_서구,2016-08,291.013779347258
대구,대구_서구,2016-09,305.47294406098325
대구,대구_서구,2016-10,298.9197041890607
대구,대구_서구,2016-11,284.1858910063524
대구,대구_서구,2016-12,270.80169074446917
대구,대구_서구,2017-01,274.51959071624657
대구,대구_서구,2017-02,284.78437754271766
대구,대구_서구,2017-03,277.1930414439264
대구,대구_서구,2017-04,262.066934390919
대구,대구_서구,2017-05,303.9822579151107
대구,대구_서구,2017-06,291.833372558249
대구,대구_서구,2017-07,292.3455381653535
대구,대구_서구,2017-08,292.52296706666027
대구,대구_서구,2017-09,298.0498413490677
대구,대구_서구,2017-10,287.0022230126825
대구,대구_서구,2017-11,301.41318977119784
대구,대구_서구,2017-12,286.3050483783151
대구,대구_서구,2018-01,279.038554655382
대구,대구_서구,2018-02,310.5994787141616
대구,대구_서구,2018-03,291.04979811574697
대구,대구_서구,2018-04,284.6680841011103
대구,대구_서구,2018-05,302.8263795423957
대구,대구_서구,2018-06,293.0186823992134
대구,대구_서구,2018-07,303.30976534480993
대구,대구_서구,2018-08,304.56110909147776
대구,대구_서구,2018-09,318.0339718106252
대구,대구_서구,2018-10,328.87603903144196
대구,대구_서구,2018-11,325.74704516712166
대구,대구_서구,2018-12,306.75359411568036
대구,대구_서구,2019-01,291.0979888954465
대구,대구_서구,2019-02,286.8020304568528
대구,대구_서구,2019-03,285.399759692549
대구,대구_서구,2019-04,275.39878367303896
대구,대구_서구,2019-05,289.52052375543485
대구,대구_서구,2019-06,292.8438274046338
대구,대구_서구,2019-07,293.43822474187766
대구,대구_서구,2019-08,307.43484054916786
대구,대구_서구,2019-09,317.7797786134209
대구,대구_서구,2019-10,316.60281647040824
대구,대구_서구,2019-11,326.95049908331634
대구,대구_서구,2019-12,333.2612101995612
대구,대구_서구,2020-01,312.5827212499824
대구,대구_서구,2020-02,324.68356381129956
대구,대구_서구,2020-03,342.9803306259391
대구,대구_서구,2020-04,310.1339265679794
대구,대구_서구,2020-05,303.2553711329563
대구,대구_서구,2020-06,372.78468119779996
대구,대구_서구,2020-07,351.24395698990844
대구,대구_서구,2020-08,366.5061761477089
대구,대구_서구,2020-09,377.71697826417386
대구,대구_서구,2020-10,394.1136558411215
대구,대구_서구,2020-11,406.845063333613
대구,대구_서구,2020-12,361.8453591486774
대구,대구_서구,2021-01,353.02424099788186
대구,대구_서구,2021-02,393.55133584873977
대구,대구_서구,2021-03,407.89688366780877
대구,대구_서구,2021-04,414.0494041285233
대구,대구_서구,2021-05,348.0899337647322
대구,대구_서구,2021-06,427.436524301851
대구,대구_서구,2021-07,439.6007333469138
대구,대구_서구,2021-08,417.27140783744557
대구,대구_서구,2021-09,411.82141380912253
대구,대구_서구,2021-10,399.94451914688597
대구,대구_서구,2021-11,400.40040040040043
대구,대구_서구,2021-12,423.12567027395926
대구,대구_서구,2022-01,391.30061806605363
대구,대구_서구,2022-02,370.4786974748952
대구,대구_서구,2022-03,353.44015080113104
대구,대구_서구,2022-04,386.36431182571994
대구,대구_서구,2022-05,382.66807959496055
대구,대구_서구,2022-06,373.3931957304728
대구,대구_서구,2022-07,381.8914268209211
대구,대구_서구,2022-08,403.31934767069833
대구,대구_서구,2022-09,388.9806114775213
대구,대구_서구,2022-10,368.3046220465029
대구,대구_서구,2022-11,426.5554003152703
대구,대구_서구,2022-12,361.4189501607814
대구,대구_서구,2023-01,324.6894103896502
대구,대구_서구,2023-02,337.9639497269793
대구,대구_서구,2023-03,336.65686819734645
대구,대구_서구,2023-04,341.0400188438821
대구,대구_서구,2023-05,353.12756258245577
대구,대구_서구,2023-06,290.4545185107126
대구,대구_서구,2023-07,338.1576304137431
대구,대구_서구,2023-08,347.38454762877666
대구,대구_서구,2023-09,328.4725163587957
대구,대구_서구,2023-10,325.51541961412624
대구,대구_서구,2023-11,353.09113635320415
대구,대구_서구,2023-12,315.9478435305918
대구,대구_서구,2024-01,347.88390108196904
대구,대구_서구,2024-02,337.56315728703646
대구,대구_서구,2024-03,334.89618218352314
대구,대구_서구,2024-04,367.48543108156036
대구,대구_서구,2024-05,410.21828635915364
대구,대구_서구,2024-06,354.1343886801027
대구,대구_서구,2024-07,353.72244307914707
대구,대구_서구,2024-08,365.0481686946466
대구,대구_서구,2024-09,363.1868475992949
대구,대구_서구,2024-10,329.55172726299054
대구,대구_서구,2024-11,388.59966344914
대구,대구_서구,2024-12,358.9713411404696
대구,대구_서구,2025-01,335.87881280347096
대구,대구_서구,2025-02,376.51488410401225
대구,대구_서구,2025-03,350.44068241970956
대구,대구_서구,2025-04,408.6184339904593
대구,대구_서구,2025-05,407.44085925273464
대구,대구_서구,2025-06,388.59966344913994
대구,대구_서구,2025-07,386.83330134255294
대구,대구_서구,2025-08,560.8682240107687
대구,대구_서구,2025-09,607.213158509325
대구,대구_서구,2025-10,598.0260116187911
대구,대구_서구,2025-11,610.6957078967138
대구,대구_서구,2025-12,580.0671112696541
대구,대구_수성구,2006-01,186.71716522977914
대구,대구_수성구,2006-02,181.41159262721112
대구,대구_수성구,2006-03,181.53759094599778
대구,대구_수성구,2006-04,182.23499975736036
대구,대구_수성구,2006-05,168.7116564417178
대구,대구_수성구,2006-06,177.25347852389592
대구,대구_수성구,2006-07,168.27488820899035
대구,대구_수성구,2006-08,176.97132616487457
대구,대구_수성구,2006-09,174.73118279569894
대구,대구_수성구,2006-10,177.12133694245028
대구,대구_수성구,2006-11,195.8210261459359
대구,대구_수성구,2006-12,189.50780264599373
대구,대구_수성구,2007-01,176.69611601933656
대구,대구_수성구,2007-02,169.5056780227121
대구,대구_수성구,2007-03,171.1756847027388
대구,대구_수성구,2007-04,174.4322694499162
대구,대구_수성구,2007-05,174.76756502294927
대구,대구_수성구,2007-06,178.9680537714619
대구,대구_수성구,2007-07,182.28953678729
대구,대구_수성구,2007-08,181.75809649702578
대구,대구_수성구,2007-09,183.3791781278653
대구,대구_수성구,2007-10,180.18018018018017
대구,대구_수성구,2007-11,183.26515730259047
대구,대구_수성구,2007-12,187.05882352941177
대구,대구_수성구,2008-01,192.32685600398605
대구,대구_수성구,2008-02,191.15358968659703
대구,대구_수성구,2008-03,182.936778131568
대구,대구_수성구,2008-04,189.69655886541238
대구,대구_수성구,2008-05,222.45263591433277
대구,대구_수성구,2008-06,177.6788319793657
대구,대구_수성구,2008-07,184.92343934040045
대구,대구_수성구,2008-08,186.6977829638273
대구,대구_수성구,2008-09,182.0962894030314
대구,대구_수성구,2008-10,190.22379269729092
대구,대구_수성구,2008-11,192.89264782253878
대구,대구_수성구,2008-12,233.20384775138768
대구,대구_수성구,2009-01,223.55466029104466
대구,대구_수성구,2009-02,221.46381086557724
대구,대구_수성구,2009-03,194.6285288135058
대구,대구_수성구,2009-04,205.9308072487644
대구,대구_수성구,2009-05,201.22381736879265
대구,대구_수성구,2009-06,266.101495349111
대구,대구_수성구,2009-07,215.5688622754491
대구,대구_수성구,2009-08,240.28834601521828
대구,대구_수성구,2009-09,205.30619448202833
대구,대구_수성구,2009-10,212.63474610194922
대구,대구_수성구,2009-11,208.74825638060426
대구,대구_수성구,2009-12,210.5123708052747
대구,대구_수성구,2010-01,201.20014119308155
대구,대구_수성구,2010-02,193.67822981826316
대구,대구_수성구,2010-03,198.81466711349233
대구,대구_수성구,2010-04,187.2791519434629
대구,대구_수성구,2010-05,192.688505245415
대구,대구_수성구,2010-06,221.88472366276488
대구,대구_수성구,2010-07,208.77853823661863
대구,대구_수성구,2010-08,197.55566716892685
대구,대구_수성구,2010-09,193.689652534615
대구,대구_수성구,2010-10,200.03577110259715
대구,대구_수성구,2010-11,208.43146490814885
대구,대구_수성구,2010-12,207.44806243542286
대구,대구_수성구,2011-01,210.24304095534438
대구,대구_수성구,2011-02,205.9065772443817
대구,대구_수성구,2011-03,216.56944581762028
대구,대구_수성구,2011-04,222.7795720435783
대구,대구_수성구,2011-05,240.56254626202812
대구,대구_수성구,2011-06,242.46622791825425
대구,대구_수성구,2011-07,249.80206361908148
대구,대구_수성구,2011-08,252.0652002073902
대구,대구_수성구,2011-09,281.3214338682757
대구,대구_수성구,2011-10,280.9438850657399
대구,대구_수성구,2011-11,280.84861671963495
대구,대구_수성구,2011-12,282.52369069552304
대구,대구_수성구,2012-01,285.199881045849
대구,대구_수성구,2012-02,264.4733834305657
대구,대구_수성구,2012-03,263.3333333333333
대구,대구_수성구,2012-04,255.22299599940735
대구,대구_수성구,2012-05,270.078672350126
대구,대구_수성구,2012-06,255.98587691498858
대구,대구_수성구,2012-07,276.24309392265195
대구,대구_수성구,2012-08,278.97761853261557
대구,대구_수성구,2012-09,275.07151859483463
대구,대구_수성구,2012-10,264.55314952177326
대구,대구_수성구,2012-11,274.66050339376534
대구,대구_수성구,2012-12,276.5404302826605
대구,대구_수성구,2013-01,270.67548833388645
대구,대구_수성구,2013-02,256.0702423371621
대구,대구_수성구,2013-03,261.69388831789684
대구,대구_수성구,2013-04,266.6462881658648
대구,대구_수성구,2013-05,264.84611792630744
대구,대구_수성구,2013-06,276.0193182966327
대구,대구_수성구,2013-07,274.1122266733588
대구,대구_수성구,2013-08,283.60704585928573
대구,대구_수성구,2013-09,291.25619995588215
대구,대구_수성구,2013-10,294.18686749823485
대구,대구_수성구,2013-11,297.73901221228977
대구,대구_수성구,2013-12,297.7823038005635
대구,대구_수성구,2014-01,299.0636951289638
대구,대구_수성구,2014-02,288.9316935842347
대구,대구_수성구,2014-03,298.89150523041326
대구,대구_수성구,2014-04,300.0426533025536
대구,대구_수성구,2014-05,300.3529531156127
대구,대구_수성구,2014-06,317.8158100301211
대구,대구_수성구,2014-07,333.3549840073354
대구,대구_수성구,2014-08,331.69708811895345
대구,대구_수성구,2014-09,332.5357630613087
대구,대구_수성구,2014-10,334.30057714109216
대구,대구_수성구,2014-11,339.62492818658325
대구,대구_수성구,2014-12,357.85959981608113
대구,대구_수성구,2015-01,354.60632605089495
대구,대구_수성구,2015-02,374.05488450898713
대구,대구_수성구,2015-03,368.2017667579453
대구,대구_수성구,2015-04,382.5273331186944
대구,대구_수성구,2015-05,393.73666534537455
대구,대구_수성구,2015-06,418.38391407518424
대구,대구_수성구,2015-07,408.02527425127363
대구,대구_수성구,2015-08,396.7506475158936
대구,대구_수성구,2015-09,436.85372371325667
대구,대구_수성구,2015-10,402.4002823861631
대구,대구_수성구,2015-11,382.06172062619595
대구,대구_수성구,2015-12,372.963115477381
대구,대구_수성구,2016-01,392.6289413074701
대구,대구_수성구,2016-02,386.4187520294775
대구,대구_수성구,2016-03,376.5641140273222
대구,대구_수성구,2016-04,344.00104695811876
대구,대구_수성구,2016-05,351.51256923732427
대구,대구_수성구,2016-06,377.74037545846363
대구,대구_수성구,2016-07,365.17137612909113
대구,대구_수성구,2016-08,400.0
대구,대구_수성구,2016-09,435.6272443633367
대구,대구_수성구,2016-10,406.0132325008297
대구,대구_수성구,2016-11,386.0701005253005
대구,대구_수성구,2016-12,399.60765793584477
대구,대구_수성구,2017-01,374.8465662088599
대구,대구_수성구,2017-02,385.06613092248455
대구,대구_수성구,2017-03,372.6949517409877
대구,대구_수성구,2017-04,386.84719535783364
대구,대구_수성구,2017-05,411.33812405135143
대구,대구_수성구,2017-06,429.8223714889989
대구,대구_수성구,2017-07,459.25577013659915
대구,대구_수성구,2017-08,410.2203469292077
대구,대구_수성구,2017-09,416.6666666666667
대구,대구_수성구,2017-10,406.0548068061848
대구,대구_수성구,2017-11,440.3147497070149
대구,대구_수성구,2017-12,462.2931967903196
대구,대구_수성구,2018-01,466.74445740956827
대구,대구_수성구,2018-02,504.6939376371361
대구,대구_수성구,2018-03,462.68853729526506
대구,대구_수성구,2018-04,446.064739924674
대구,대구_수성구,2018-05,421.1769660905484
대구,대구_수성구,2018-06,431.6666666666667
대구,대구_수성구,2018-07,435.5885078776645
대구,대구_수성구,2018-08,483.5526982800235
대구,대구_수성구,2018-09,481.90762047690515
대구,대구_수성구,2018-10,426.24387926879524
대구,대구_수성구,2018-11,401.3202192132334
대구,대구_수성구,2018-12,400.04706436051305
대구,대구_수성구,2019-01,371.05384238622247
대구,대구_수성구,2019-02,367.37823485423974
대구,대구_수성구,2019-03,423.05658381808564
대구,대구_수성구,2019-04,366.22799247210094
대구,대구_수성구,2019-05,375.5100688358855
대구,대구_수성구,2019-06,441.24447414836874
대구,대구_수성구,2019-07,411.7943146225024
대구,대구_수성구,2019-08,401.80813661476645
대구,대구_수성구,2019-09,452.9549469939118
대구,대구_수성구,2019-10,480.14449011167136
대구,대구_수성구,2019-11,481.04832880730294
대구,대구_수성구,2019-12,486.03989810806024
대구,대구_수성구,2020-01,433.3165035791168
대구,대구_수성구,2020-02,445.52273122414465
대구,대구_수성구,2020-03,400.13337779259757
대구,대구_수성구,2020-04,333.2412440224916
대구,대구_수성구,2020-05,379.53164396895147
대구,대구_수성구,2020-06,476.25973667246546
대구,대구_수성구,2020-07,532.4005529496616
대구,대구_수성구,2020-08,541.6225126574826
대구,대구_수성구,2020-09,529.0070569257077
대구,대구_수성구,2020-10,511.5089514066496
대구,대구_수성구,2020-11,445.7533555900584
대구,대구_수성구,2020-12,434.5891574955994
대구,대구_수성구,2021-01,414.66346153846155
대구,대구_수성구,2021-02,440.1595570430694
대구,대구_수성구,2021-03,448.8746140394609
대구,대구_수성구,2021-04,450.7211538461538
대구,대구_수성구,2021-05,474.20188933718293
대구,대구_수성구,2021-06,470.6513579468305
대구,대구_수성구,2021-07,469.1151919866444
대구,대구_수성구,2021-08,461.230733027415
대구,대구_수성구,2021-09,474.6170021027335
대구,대구_수성구,2021-10,468.2109413504189
대구,대구_수성구,2021-11,454.11983843475514
대구,대구_수성구,2021-12,454.22025188714537
대구,대구_수성구,2022-01,443.3283903426286
대구,대구_수성구,2022-02,451.89998473770413
대구,대구_수성구,2022-03,462.91752008393485
대구,대구_수성구,2022-04,537.2708145476405
대구,대구_수성구,2022-05,479.22921932025673
대구,대구_수성구,2022-06,450.45928676361456
대구,대구_수성구,2022-07,612.0801071611019
대구,대구_수성구,2022-08,527.2070936907046
대구,대구_수성구,2022-09,466.74445740956827
대구,대구_수성구,2022-10,587.8545368953748
대구,대구_수성구,2022-11,588.3737349964697
대구,대구_수성구,2022-12,564.9052606802401
대구,대구_수성구,2023-01,603.5500034707067
대구,대구_수성구,2023-02,632.4722747228715
대구,대구_수성구,2023-03,589.6195439028213
대구,대구_수성구,2023-04,606.5860601248987
대구,대구_수성구,2023-05,617.4572693647626
대구,대구_수성구,2023-06,602.590369323791
대구,대구_수성구,2023-07,624.2023343330716
대구,대구_수성구,2023-08,590.7245186811455
대구,대구_수성구,2023-09,582.3958070332728
대구,대구_수성구,2023-10,509.8316260449782
대구,대구_수성구,2023-11,529.7035265413571
대구,대구_수성구,2023-12,518.7611050098882
대구,대구_수성구,2024-01,522.8166750135101
대구,대구_수성구,2024-02,502.87942377123835
대구,대구_수성구,2024-03,523.0162932364378
대구,대구_수성구,2024-04,665.1840322867379
대구,대구_수성구,2024-05,679.7121007670664
대구,대구_수성구,2024-06,667.6643605156497
대구,대구_수성구,2024-07,645.9435588872545
대구,대구_수성구,2024-08,654.2451713516871
대구,대구_수성구,2024-09,544.7335163637948
대구,대구_수성구,2024-10,588.2505194252087
대구,대구_수성구,2024-11,576.4855090367045
대구,대구_수성구,2024-12,549.2448963686338
대구,대구_수성구,2025-01,494.37239424550535
대구,대구_수성구,2025-02,500.43628945598937
대구,대구_수성구,2025-03,564.9052606802401
대구,대구_수성구,2025-04,601.1879729900681
대구,대구_수성구,2025-05,597.8121758342427
대구,대구_수성구,2025-06,645.5810229206286
대구,대구_수성구,2025-07,672.1669664932069
대구,대구_수성구,2025-08,619.2483013675067
대구,대구_수성구,2025-09,645.5874628326784
대구,대구_수성구,2025-10,609.6915123558674
대구,대구_수성구,2025-11,695.7683521618758
대구,대구_수성구,2025-12,613.0729445336186
대구,대구_중구,2006-01,150.37593984962407
대구,대구_중구,2006-02,130.15514532600156
대구,대구_중구,2006-03,155.0258376396066
대구,대구_중구,2006-04,132.18665392578436
대구,대구_중구,2006-05,134.4989912575656
대구,대구_중구,2006-06,139.0533003255447
대구,대구_중구,2006-07,141.84397163120568
대구,대구_중구,2006-08,139.78270144513203
대구,대구_중구,2006-09,157.89473684210526
대구,대구_중구,2006-10,144.25116673737804
대구,대구_중구,2006-11,153.15607764314262
대구,대구_중구,2006-12,191.21021356710008
대구,대구_중구,2007-01,188.07090297438253
대구,대구_중구,2007-02,155.5489081663177
대구,대구_중구,2007-03,162.53310859619552
대구,대구_중구,2007-04,129.19896640826872
대구,대구_중구,2007-05,138.5411450509097
대구,대구_중구,2007-06,167.1276407932678
대구,대구_중구,2007-07,194.00314716216508
대구,대구_중구,2007-08,152.62515262515262
대구,대구_중구,2007-09,175.23364485981307
대구,대구_중구,2007-10,149.1989071766443
대구,대구_중구,2007-11,267.63809382202066
대구,대구_중구,2007-12,196.39824774441402
대구,대구_중구,2008-01,183.49340204575623
대구,대구_중구,2008-02,236.76833824320272
대구,대구_중구,2008-03,231.72937866136206
대구,대구_중구,2008-04,173.78790876855732
대구,대구_중구,2008-05,212.63989466754444
대구,대구_중구,2008-06,227.20188913515784
대구,대구_중구,2008-07,170.66295413724973
대구,대구_중구,2008-08,200.18265031049955
대구,대구_중구,2008-09,161.1081059275523
대구,대구_중구,2008-10,245.93699453131015
대구,대구_중구,2008-11,158.43895930620414
대구,대구_중구,2008-12,166.7778519012675
대구,대구_중구,2009-01,168.26498793904807
대구,대구_중구,2009-02,192.55950088577367
대구,대구_중구,2009-03,172.088900744458
대구,대구_중구,2009-04,205.8337814878094
대구,대구_중구,2009-05,194.561641739584
대구,대구_중구,2009-06,263.8269436428001
대구,대구_중구,2009-07,202.92506434085035
대구,대구_중구,2009-08,217.75029808250264
대구,대구_중구,2009-09,172.61507671781186
대구,대구_중구,2009-10,165.59722184667112
대구,대구_중구,2009-11,204.16617001967313
대구,대구_중구,2009-12,205.16413130504404
대구,대구_중구,2010-01,177.83621823198465
대구,대구_중구,2010-02,158.89081081412044
대구,대구_중구,2010-03,163.26410543037008
대구,대구_중구,2010-04,161.5315584804068
대구,대구_중구,2010-05,159.74865612285592
대구,대구_중구,2010-06,160.1067378252168
대구,대구_중구,2010-07,175.91339648173206
대구,대구_중구,2010-08,180.12008005336892
대구,대구_중구,2010-09,191.7008957247066
대구,대구_중구,2010-10,222.77455583172238
대구,대구_중구,2010-11,218.29980338065656
대구,대구_중구,2010-12,222.45841263563784
대구,대구_중구,2011-01,228.34355582705683
대구,대구_중구,2011-02,226.5011445900458
대구,대구_중구,2011-03,215.57108473274366
대구,대구_중구,2011-04,228.04929866748589
대구,대구_중구,2011-05,189.12529550827423
대구,대구_중구,2011-06,192.5851217723926
대구,대구_중구,2011-07,193.64410088232998
대구,대구_중구,2011-08,203.4537479334146
대구,대구_중구,2011-09,220.98065376917944
대구,대구_중구,2011-10,236.21911321527827
대구,대구_중구,2011-11,237.95812888764092
대구,대구_중구,2011-12,180.76301017981163
대구,대구_중구,2012-01,223.48232154769846
대구,대구_중구,2012-02,223.5688650938401
대구,대구_중구,2012-03,220.98065376917944
대구,대구_중구,2012-04,223.36902102749747
대구,대구_중구,2012-05,206.35057819039054
대구,대구_중구,2012-06,190.78924237044905
대구,대구_중구,2012-07,222.59178202809164
대구,대구_중구,2012-08,200.4762328375879
대구,대구_중구,2012-09,230.12949799905354
대구,대구_중구,2012-10,240.76178846941826
대구,대구_중구,2012-11,248.01984154056342
대구,대구_중구,2012-12,242.94213852159473
대구,대구_중구,2013-01,245.59345108844238
대구,대구_중구,2013-02,239.28861267790109
대구,대구_중구,2013-03,217.21784666764992
대구,대구_중구,2013-04,294.2571595709495
대구,대구_중구,2013-05,333.4697959355039
대구,대구_중구,2013-06,279.0515897229583
대구,대구_중구,2013-07,267.9267342166797
대구,대구_중구,2013-08,258.706965572458
대구,대구_중구,2013-09,250.25319350517825
대구,대구_중구,2013-10,231.34328358208955
대구,대구_중구,2013-11,242.2972091208514
대구,대구_중구,2013-12,256.30225053127396
대구,대구_중구,2014-01,241.08449510898865
대구,대구_중구,2014-02,272.1424347025473
대구,대구_중구,2014-03,284.0167570270088
대구,대구_중구,2014-04,258.6074090962254
대구,대구_중구,2014-05,257.052245034218
대구,대구_중구,2014-06,264.19957654423274
대구,대구_중구,2014-07,266.01500748973774
대구,대구_중구,2014-08,279.7053946265511
대구,대구_중구,2014-09,294.73618777549206
대구,대구_중구,2014-10,292.67261110277946
대구,대구_중구,2014-11,288.8392513286605
대구,대구_중구,2014-12,316.77047199323215
대구,대구_중구,2015-01,327.5183865783513
대구,대구_중구,2015-02,326.3834762275916
대구,대구_중구,2015-03,347.2234482937204
대구,대구_중구,2015-04,318.0961357210179
대구,대구_중구,2015-05,329.9241174529858
대구,대구_중구,2015-06,338.27061649319455
대구,대구_중구,2015-07,316.15554852987674
대구,대구_중구,2015-08,320.61649700313956
대구,대구_중구,2015-09,362.63843967460554
대구,대구_중구,2015-10,353.83338069685675
대구,대구_중구,2015-11,359.94613789595553
대구,대구_중구,2015-12,305.94846546540487
대구,대구_중구,2016-01,331.6152935522176
대구,대구_중구,2016-02,315.3409790024151
대구,대구_중구,2016-03,369.38734807027566
대구,대구_중구,2016-04,355.89328592504046
대구,대구_중구,2016-05,358.7004051247463
대구,대구_중구,2016-06,350.98824010927035
대구,대구_중구,2016-07,424.13017968981944
대구,대구_중구,2016-08,419.36498915332095
대구,대구_중구,2016-09,392.7500408714197
대구,대구_중구,2016-10,376.6491642508154
대구,대구_중구,2016-11,391.10882769019787
대구,대구_중구,2016-12,406.0256561139226
대구,대구_중구,2017-01,423.1594332728259
대구,대구_중구,2017-02,426.32473594958736
대구,대구_중구,2017-03,402.1430468043811
대구,대구_중구,2017-04,424.7803500148698
대구,대구_중구,2017-05,387.04183922282
대구,대구_중구,2017-06,438.12922565340233
대구,대구_중구,2017-07,431.6744829387791
대구,대구_중구,2017-08,376.6491642508154
대구,대구_중구,2017-09,399.3932938670024
대구,대구_중구,2017-10,402.92367070532845
대구,대구_중구,2017-11,390.8462266979502
대구,대구_중구,2017-12,378.0202650038971
대구,대구_중구,2018-01,413.61925456096196
대구,대구_중구,2018-02,464.34208530787936
대구,대구_중구,2018-03,440.1046588027526
대구,대구_중구,2018-04,427.0149195420468
대구,대구_중구,2018-05,432.4919399229378
대구,대구_중구,2018-06,455.09492149761326
대구,대구_중구,2018-07,449.5818584207132
대구,대구_중구,2018-08,513.0536433303026
대구,대구_중구,2018-09,477.6283001707445
대구,대구_중구,2018-10,457.82387789822735
대구,대구_중구,2018-11,435.1044026285689
대구,대구_중구,2018-12,486.7849325361822
대구,대구_중구,2019-01,458.3131212082731
대구,대구_중구,2019-02,402.26068417900376
대구,대구_중구,2019-03,428.52390430384605
대구,대구_중구,2019-04,428.79707602451083
대구,대구_중구,2019-05,428.5799550149808
대구,대구_중구,2019-06,428.0227286100946
대구,대구_중구,2019-07,445.21363984097724
대구,대구_중구,2019-08,547.8348154326834
대구,대구_중구,2019-09,515.7880325346107
대구,대구_중구,2019-10,561.8809472744117
대구,대구_중구,2019-11,581.2226723855258
대구,대구_중구,2019-12,578.9081320052314
대구,대구_중구,2020-01,562.0498317707907
대구,대구_중구,2020-02,537.493235082828
대구,대구_중구,2020-03,527.6009094161423
대구,대구_중구,2020-04,457.472068341713
대구,대구_중구,2020-05,514.4032921810699
대구,대구_중구,2020-06,572.8219220497735
대구,대구_중구,2020-07,608.136259195086
대구,대구_중구,2020-08,593.8323204560204
대구,대구_중구,2020-09,611.9727766264059
대구,대구_중구,2020-10,636.507225535727
대구,대구_중구,2020-11,644.3139295715312
대구,대구_중구,2020-12,671.8687380654895
대구,대구_중구,2021-01,494.59824442943955
대구,대구_중구,2021-02,604.248823304923
대구,대구_중구,2021-03,593.2605600379686
대구,대구_중구,2021-04,630.851959454641
대구,대구_중구,2021-05,560.6081709953625
대구,대구_중구,2021-06,675.786678904753
대구,대구_중구,2021-07,572.6604317694216
대구,대구_중구,2021-08,729.5371913071526
대구,대구_중구,2021-09,647.5974722504483
대구,대구_중구,2021-10,507.79770504354894
대구,대구_중구,2021-11,711.53291150269
대구,대구_중구,2021-12,654.1716467994593
대구,대구_중구,2022-01,504.15399256544544
대구,대구_중구,2022-02,634.7987835483776
대구,대구_중구,2022-03,620.7324643078833
대구,대구_중구,2022-04,637.094390858178
대구,대구_중구,2022-05,411.1137614596823
대구,대구_중구,2022-06,610.807151523887
대구,대구_중구,2022-07,603.6635559525407
대구,대구_중구,2022-08,559.4730890341573
대구,대구_중구,2022-09,534.448549306219
대구,대구_중구,2022-10,501.390318566142
대구,대구_중구,2022-11,525.7430994741387
대구,대구_중구,2022-12,510.3787375456134
대구,대구_중구,2023-01,512.1143181946117
대구,대구_중구,2023-02,547.3435256356111
대구,대구_중구,2023-03,549.9844030718657
대구,대구_중구,2023-04,545.4373267281344
대구,대구_중구,2023-05,542.7993078891286
대구,대구_중구,2023-06,559.0122782633666
대구,대구_중구,2023-07,565.2365084471259
대구,대구_중구,2023-08,579.3749608330703
대구,대구_중구,2023-09,584.8153578420195
대구,대구_중구,2023-10,551.014136809275
대구,대구_중구,2023-11,570.9941718050511
대구,대구_중구,2023-12,601.6950080705351
대구,대구_중구,2024-01,624.4030879587224
대구,대구_중구,2024-02,589.3571527920205
대구,대구_중구,2024-03,653.5017068111625
대구,대구_중구,2024-04,625.5376688095505
대구,대구_중구,2024-05,620.0372284208943
대구,대구_중구,2024-06,659.4962024477231
대구,대구_중구,2024-07,632.3541572421576
대구,대구_중구,2024-08,638.2840059993487
대구,대구_중구,2024-09,625.8120317087486
대구,대구_중구,2024-10,647.4366218405092
대구,대구_중구,2024-11,626.2477869439108
대구,대구_중구,2024-12,627.4411446534566
대구,대구_중구,2025-01,644.1635957149365
대구,대구_중구,2025-02,582.8194948897711
대구,대구_중구,2025-03,614.6782164888266
대구,대구_중구,2025-04,606.0434892100723
대구,대구_중구,2025-05,618.0352374731852
대구,대구_중구,2025-06,636.5057250153823
대구,대구_중구,2025-07,636.056821076016
대구,대구_중구,2025-08,666.9157730311822
대구,대구_중구,2025-09,655.4741262846792
대구,대구_중구,2025-10,694.2893244967202
대구,대구_중구,2025-11,698.2521243956785
대구,대구_중구,2025-12,694.2515967786726
대전,대전_대덕구,2006-01,141.25956444967628
대전,대전_대덕구,2006-02,145.8819912675366
대전,대전_대덕구,2006-03,119.24616410940627
대전,대전_대덕구,2006-04,135.3100364748794
대전,대전_대덕구,2006-05,123.4316372555092
대전,대전_대덕구,2006-06,116.13936724068883
대전,대전_대덕구,2006-07,123.83599704118373
대전,대전_대덕구,2006-08,118.41326228537596
대전,대전_대덕구,2006-09,127.31071510608197
대전,대전_대덕구,2006-10,141.7335130490547
대전,대전_대덕구,2006-11,150.18489624252297
대전,대전_대덕구,2006-12,120.30310902431671
대전,대전_대덕구,2007-01,138.00424628450105
대전,대전_대덕구,2007-02,118.895966029724
대전,대전_대덕구,2007-03,120.29123140234252
대전,대전_대덕구,2007-04,123.28807861496608
대전,대전_대덕구,2007-05,112.96213898456075
대전,대전_대덕구,2007-06,132.58839226150766
대전,대전_대덕구,2007-07,124.89806193217936
대전,대전_대덕구,2007-08,127.08472314876585
대전,대전_대덕구,2007-09,122.15528781793843
대전,대전_대덕구,2007-10,134.57356635300079
대전,대전_대덕구,2007-11,126.14238093971598
대전,대전_대덕구,2007-12,139.87192450286483
대전,대전_대덕구,2008-01,126.39029322548028
대전,대전_대덕구,2008-02,128.40264141543912
대전,대전_대덕구,2008-03,130.08672448298864
대전,대전_대덕구,2008-04,133.42210953929413
대전,대전_대덕구,2008-05,149.2537313432836
대전,대전_대덕구,2008-06,139.52384461594505
대전,대전_대덕구,2008-07,127.29995721009841
대전,대전_대덕구,2008-08,132.0350837387213
대전,대전_대덕구,2008-09,132.08161296313497
대전,대전_대덕구,2008-10,127.43708276155917
대전,대전_대덕구,2008-11,133.89585826091172
대전,대전_대덕구,2008-12,142.82800652653805
대전,대전_대덕구,2009-01,130.75881433393408
대전,대전_대덕구,2009-02,135.65891472868216
대전,대전_대덕구,2009-03,126.16638191615192
대전,대전_대덕구,2009-04,134.28714859437753
대전,대전_대덕구,2009-05,136.6131445871338
대전,대전_대덕구,2009-06,144.92753623188406
대전,대전_대덕구,2009-07,132.16151461910968
대전,대전_대덕구,2009-08,135.3100364748794
대전,대전_대덕구,2009-09,135.56174558960075
대전,대전_대덕구,2009-10,128.0470103275735
대전,대전_대덕구,2009-11,137.47300531829467
대전,대전_대덕구,2009-12,139.34837092731829
대전,대전_대덕구,2010-01,151.2753147981302
대전,대전_대덕구,2010-02,145.4090311084951
대전,대전_대덕구,2010-03,145.87024862219863
대전,대전_대덕구,2010-04,135.89834098129194
대전,대전_대덕구,2010-05,140.0933955970647
대전,대전_대덕구,2010-06,138.42561707805203
대전,대전_대덕구,2010-07,147.0834029750961
대전,대전_대덕구,2010-08,153.2194728769349
대전,대전_대덕구,2010-09,160.09437141894168
대전,대전_대덕구,2010-10,151.06268633516734
대전,대전_대덕구,2010-11,157.12386649575086
대전,대전_대덕구,2010-12,168.5923131336949
대전,대전_대덕구,2011-01,176.47058823529412
대전,대전_대덕구,2011-02,163.87644423485028
대전,대전_대덕구,2011-03,162.33856262277828
대전,대전_대덕구,2011-04,172.95151686986108
대전,대전_대덕구,2011-05,198.0314728590794
대전,대전_대덕구,2011-06,200.08003201280513
대전,대전_대덕구,2011-07,196.79786524349566
대전,대전_대덕구,2011-08,197.6061744966336
대전,대전_대덕구,2011-09,208.62153917622942
대전,대전_대덕구,2011-10,191.27205199628597
대전,대전_대덕구,2011-11,219.83851004891852
대전,대전_대덕구,2011-12,202.5985133822265
대전,대전_대덕구,2012-01,221.240973155024
대전,대전_대덕구,2012-02,190.6106600776562
대전,대전_대덕구,2012-03,186.1745183746155
대전,대전_대덕구,2012-04,204.51298705127718
대전,대전_대덕구,2012-05,186.2980769230769
대전,대전_대덕구,2012-06,181.9834067880651
대전,대전_대덕구,2012-07,186.4406779661017
대전,대전_대덕구,2012-08,193.64318948858528
대전,대전_대덕구,2012-09,199.71116906282214
대전,대전_대덕구,2012-10,194.64990823647184
대전,대전_대덕구,2012-11,200.133422281521
대전,대전_대덕구,2012-12,208.96528479946073
대전,대전_대덕구,2013-01,200.133422281521
대전,대전_대덕구,2013-02,193.44971675619985
대전,대전_대덕구,2013-03,186.8791187174191
대전,대전_대덕구,2013-04,209.97399007494715
대전,대전_대덕구,2013-05,190.99344236850786
대전,대전_대덕구,2013-06,193.83197221578158
대전,대전_대덕구,2013-07,186.7828126308736
대전,대전_대덕구,2013-08,209.42590473483955
대전,대전_대덕구,2013-09,239.7226339515288
대전,대전_대덕구,2013-10,241.54589371980677
대전,대전_대덕구,2013-11,244.3378653047173
대전,대전_대덕구,2013-12,232.37553584313056
대전,대전_대덕구,2014-01,242.93677404750787
대전,대전_대덕구,2014-02,219.24034752649516
대전,대전_대덕구,2014-03,228.67920080155596
대전,대전_대덕구,2014-04,201.26787408965484
대전,대전_대덕구,2014-05,200.02353218025652
대전,대전_대덕구,2014-06,193.27731092436974
대전,대전_대덕구,2014-07,197.02162270060995
대전,대전_대덕구,2014-08,231.76718588628097
대전,대전_대덕구,2014-09,226.5856004979981
대전,대전_대덕구,2014-10,213.4108625836481
대전,대전_대덕구,2014-11,212.06409048067863
대전,대전_대덕구,2014-12,219.1434397504349
대전,대전_대덕구,2015-01,205.11791493180388
대전,대전_대덕구,2015-02,196.078431372549
대전,대전_대덕구,2015-03,214.8905522556071
대전,대전_대덕구,2015-04,196.69062876374886
대전,대전_대덕구,2015-05,201.49253731343282
대전,대전_대덕구,2015-06,212.88515406162463
대전,대전_대덕구,2015-07,205.60142463979278
대전,대전_대덕구,2015-08,211.88621875253818
대전,대전_대덕구,2015-09,199.3579996621051
대전,대전_대덕구,2015-10,202.05229392059485
대전,대전_대덕구,2015-11,225.8604691770114
대전,대전_대덕구,2015-12,229.6819029490769
대전,대전_대덕구,2016-01,203.16114929262795
대전,대전_대덕구,2016-02,222.4469160768453
대전,대전_대덕구,2016-03,205.91995193830442
대전,대전_대덕구,2016-04,208.37643503306154
대전,대전_대덕구,2016-05,202.42914979757083
대전,대전_대덕구,2016-06,201.72624160598434
대전,대전_대덕구,2016-07,225.60931354448235
대전,대전_대덕구,2016-08,239.1742195367573
대전,대전_대덕구,2016-09,211.03724807428512
대전,대전_대덕구,2016-10,225.90361445783134
대전,대전_대덕구,2016-11,210.37215262975994
대전,대전_대덕구,2016-12,205.8252427184466
대전,대전_대덕구,2017-01,229.31954636424283
대전,대전_대덕구,2017-02,199.79116203973376
대전,대전_대덕구,2017-03,209.5959595959596
대전,대전_대덕구,2017-04,212.21410044800757
대전,대전_대덕구,2017-05,199.26919337680252
대전,대전_대덕구,2017-06,219.7834593966018
대전,대전_대덕구,2017-07,217.4757281553398
대전,대전_대덕구,2017-08,230.53740029057317
대전,대전_대덕구,2017-09,225.15010006671113
대전,대전_대덕구,2017-10,205.66550252231275
대전,대전_대덕구,2017-11,209.44309927360777
대전,대전_대덕구,2017-12,225.29252455688518
대전,대전_대덕구,2018-01,233.43127140424934
대전,대전_대덕구,2018-02,221.31967743834247
대전,대전_대덕구,2018-03,217.94544991078257
대전,대전_대덕구,2018-04,210.71309780768047
대전,대전_대덕구,2018-05,209.93494973388528
대전,대전_대덕구,2018-06,246.54533198517018
대전,대전_대덕구,2018-07,197.87969564989424
대전,대전_대덕구,2018-08,218.57344007794507
대전,대전_대덕구,2018-09,215.61089754303862
대전,대전_대덕구,2018-10,218.62524316693447
대전,대전_대덕구,2018-11,205.82329317269077
대전,대전_대덕구,2018-12,244.74397485451118
대전,대전_대덕구,2019-01,201.75658993861975
대전,대전_대덕구,2019-02,206.44511581067474
대전,대전_대덕구,2019-03,226.64723976040148
대전,대전_대덕구,2019-04,222.84122562674094
대전,대전_대덕구,2019-05,227.5025278058645
대전,대전_대덕구,2019-06,218.28429095608894
대전,대전_대덕구,2019-07,224.39379023954194
대전,대전_대덕구,2019-08,224.82892293929498
대전,대전_대덕구,2019-09,251.6114961031861
대전,대전_대덕구,2019-10,255.3553695559654
대전,대전_대덕구,2019-11,256.93035835023665
대전,대전_대덕구,2019-12,262.26323457989315
대전,대전_대덕구,2020-01,253.88341406380493
대전,대전_대덕구,2020-02,271.1289082794973
대전,대전_대덕구,2020-03,239.298955173576
대전,대전_대덕구,2020-04,219.39364101961186
대전,대전_대덕구,2020-05,235.24402449075708
대전,대전_대덕구,2020-06,252.78058645096056
대전,대전_대덕구,2020-07,269.0953129624652
대전,대전_대덕구,2020-08,241.60282852091927
대전,대전_대덕구,2020-09,243.219631425664
대전,대전_대덕구,2020-10,241.72781271837874
대전,대전_대덕구,2020-11,267.73761713520753
대전,대전_대덕구,2020-12,282.8520919269299
대전,대전_대덕구,2021-01,317.8842598674927
대전,대전_대덕구,2021-02,290.4039063053262
대전,대전_대덕구,2021-03,247.85639412997904
대전,대전_대덕구,2021-04,255.0
대전,대전_대덕구,2021-05,272.7576974564926
대전,대전_대덕구,2021-06,271.0843373493976
대전,대전_대덕구,2021-07,255.8922558922559
대전,대전_대덕구,2021-08,273.3328324520287
대전,대전_대덕구,2021-09,257.96760710553815
대전,대전_대덕구,2021-10,263.8424377554812
대전,대전_대덕구,2021-11,275.4008065309334
대전,대전_대덕구,2021-12,289.15259903058666
대전,대전_대덕구,2022-01,240.67388688327316
대전,대전_대덕구,2022-02,258.1171331212001
대전,대전_대덕구,2022-03,250.22104034250884
대전,대전_대덕구,2022-04,268.2680414801654
대전,대전_대덕구,2022-05,267.2129194745082
대전,대전_대덕구,2022-06,288.49424675363093
대전,대전_대덕구,2022-07,255.10043010983404
대전,대전_대덕구,2022-08,263.75427320333404
대전,대전_대덕구,2022-09,268.4714611787084
대전,대전_대덕구,2022-10,267.76059653794164
대전,대전_대덕구,2022-11,312.24129176829496
대전,대전_대덕구,2022-12,259.9292152302064
대전,대전_대덕구,2023-01,305.91834333451
대전,대전_대덕구,2023-02,309.2094267090089
대전,대전_대덕구,2023-03,306.2426383981154
대전,대전_대덕구,2023-04,321.96501775609283
대전,대전_대덕구,2023-05,328.684075077315
대전,대전_대덕구,2023-06,343.885910791949
대전,대전_대덕구,2023-07,350.69410919897075
대전,대전_대덕구,2023-08,292.495403643657
대전,대전_대덕구,2023-09,352.9905951539098
대전,대전_대덕구,2023-10,324.54361054766736
대전,대전_대덕구,2023-11,312.18402426693626
대전,대전_대덕구,2023-12,303.850091941208
대전,대전_대덕구,2024-01,334.33634236041456
대전,대전_대덕구,2024-02,294.9244260398567
대전,대전_대덕구,2024-03,306.82355897598006
대전,대전_대덕구,2024-04,334.0605272852479
대전,대전_대덕구,2024-05,354.11905385468447
대전,대전_대덕구,2024-06,309.3248217883772
대전,대전_대덕구,2024-07,334.7536775169019
대전,대전_대덕구,2024-08,327.0933977455717
대전,대전_대덕구,2024-09,282.413350449294
대전,대전_대덕구,2024-10,316.8183350185372
대전,대전_대덕구,2024-11,302.6345354454556
대전,대전_대덕구,2024-12,327.2910372608258
대전,대전_대덕구,2025-01,340.6183237325531
대전,대전_대덕구,2025-02,353.5284696902579
대전,대전_대덕구,2025-03,322.32472736922625
대전,대전_대덕구,2025-04,342.4085518623685
대전,대전_대덕구,2025-05,310.9346781613112
대전,대전_대덕구,2025-06,321.3987087216035
대전,대전_대덕구,2025-07,297.4983096686951
대전,대전_대덕구,2025-08,299.96629592180653
대전,대전_대덕구,2025-09,341.7133329327874
대전,대전_대덕구,2025-10,328.90984280748415
대전,대전_대덕구,2025-11,344.13423124599433
대전,대전_대덕구,2025-12,338.1265583462965
대전,대전_동구,2006-01,137.71442377385844
대전,대전_동구,2006-02,135.3295325673731
대전,대전_동구,2006-03,115.01016769756271
대전,대전_동구,2006-04,150.93073956062383
대전,대전_동구,2006-05,116.85040985851472
대전,대전_동구,2006-06,97.44069623170009
대전,대전_동구,2006-07,115.99887028023085
대전,대전_동구,2006-08,124.94920763917108
대전,대전_동구,2006-09,117.20844628820643
대전,대전_동구,2006-10,134.80075713503828
대전,대전_동구,2006-11,130.21129622104837
대전,대전_동구,2006-12,118.14632098271355
대전,대전_동구,2007-01,104.60523134738708
대전,대전_동구,2007-02,106.43330179754021
대전,대전_동구,2007-03,107.68660670427309
대전,대전_동구,2007-04,141.4177125684992
대전,대전_동구,2007-05,118.01498790346373
대전,대전_동구,2007-06,132.70739139522348
대전,대전_동구,2007-07,106.49458628223752
대전,대전_동구,2007-08,179.9202219980625
대전,대전_동구,2007-09,135.80137572698018
대전,대전_동구,2007-10,130.718954248366
대전,대전_동구,2007-11,143.6203054951545
대전,대전_동구,2007-12,128.8458784585834
대전,대전_동구,2008-01,113.91880695940348
대전,대전_동구,2008-02,113.63266951562309
대전,대전_동구,2008-03,136.73145941371146
대전,대전_동구,2008-04,115.40685444331413
대전,대전_동구,2008-05,119.80692983968282
대전,대전_동구,2008-06,129.14151576123407
대전,대전_동구,2008-07,111.34251088363338
대전,대전_동구,2008-08,111.24449779911966
대전,대전_동구,2008-09,111.87098085727277
대전,대전_동구,2008-10,119.73999315771468
대전,대전_동구,2008-11,112.2248899559824
대전,대전_동구,2008-12,150.74309978768576
대전,대전_동구,2009-01,120.14417300760914
대전,대전_동구,2009-02,116.0928929040579
대전,대전_동구,2009-03,125.3218694017865
대전,대전_동구,2009-04,124.39348635033744
대전,대전_동구,2009-05,140.60827814125332
대전,대전_동구,2009-06,112.2396139814052
대전,대전_동구,2009-07,142.1337205046857
대전,대전_동구,2009-08,204.20648693161831
대전,대전_동구,2009-09,149.3396993092239
대전,대전_동구,2009-10,140.48338368580062
대전,대전_동구,2009-11,139.43355119825708
대전,대전_동구,2009-12,155.5594838253491
대전,대전_동구,2010-01,159.36739346775965
대전,대전_동구,2010-02,191.78726909048123
대전,대전_동구,2010-03,151.4551707093027
대전,대전_동구,2010-04,151.04454859832484
대전,대전_동구,2010-05,151.05740181268882
대전,대전_동구,2010-06,160.19650771613178
대전,대전_동구,2010-07,155.70051810689648
대전,대전_동구,2010-08,165.91251885369533
대전,대전_동구,2010-09,159.28072761556123
대전,대전_동구,2010-10,184.15112272781275
대전,대전_동구,2010-11,188.86852422634178
대전,대전_동구,2010-12,195.2394194827758
대전,대전_동구,2011-01,209.4766279706922
대전,대전_동구,2011-02,190.23838834139178
대전,대전_동구,2011-03,188.52406863218718
대전,대전_동구,2011-04,183.70903182777698
대전,대전_동구,2011-05,190.11406844106463
대전,대전_동구,2011-06,184.73677040033454
대전,대전_동구,2011-07,196.15883115352892
대전,대전_동구,2011-08,203.0256619664537
대전,대전_동구,2011-09,200.92499004563692
대전,대전_동구,2011-10,206.14007356212193
대전,대전_동구,2011-11,207.9497438024664
대전,대전_동구,2011-12,188.30175356008004
대전,대전_동구,2012-01,211.21711835211107
대전,대전_동구,2012-02,211.91429244172357
대전,대전_동구,2012-03,193.01097114993905
대전,대전_동구,2012-04,223.5643930167897
대전,대전_동구,2012-05,196.0840553817382
대전,대전_동구,2012-06,203.16944331572532
대전,대전_동구,2012-07,183.93643497462347
대전,대전_동구,2012-08,222.9170987207944
대전,대전_동구,2012-09,226.0904361744698
대전,대전_동구,2012-10,216.5775306137665
대전,대전_동구,2012-11,229.29813812377418
대전,대전_동구,2012-12,213.02707929222936
대전,대전_동구,2013-01,223.56092634066692
대전,대전_동구,2013-02,204.0472175379427
대전,대전_동구,2013-03,217.8436236280773
대전,대전_동구,2013-04,205.13210125170195
대전,대전_동구,2013-05,211.85606922881482
대전,대전_동구,2013-06,238.10122175386948
대전,대전_동구,2013-07,239.2327581533588
대전,대전_동구,2013-08,256.7098011023245
대전,대전_동구,2013-09,240.01828461256858
대전,대전_동구,2013-10,247.58454106280195
대전,대전_동구,2013-11,233.48788241561022
대전,대전_동구,2013-12,247.52779029345027
대전,대전_동구,2014-01,230.63789027520042
대전,대전_동구,2014-02,221.97109250453366
대전,대전_동구,2014-03,213.29248173462173
대전,대전_동구,2014-04,218.50393114751222
대전,대전_동구,2014-05,209.5974198375745
대전,대전_동구,2014-06,205.87521003586176
대전,대전_동구,2014-07,220.81873017504682
대전,대전_동구,2014-08,218.37264936328137
대전,대전_동구,2014-09,217.38410723040698
대전,대전_동구,2014-10,231.80776044634854
대전,대전_동구,2014-11,229.76585459016627
대전,대전_동구,2014-12,217.1008684034736
대전,대전_동구,2015-01,229.76316719688936
대전,대전_동구,2015-02,228.0790674100355
대전,대전_동구,2015-03,205.16084564076127
대전,대전_동구,2015-04,226.89936712984124
대전,대전_동구,2015-05,222.59696458684655
대전,대전_동구,2015-06,213.41937145906695
대전,대전_동구,2015-07,228.40679577046453
대전,대전_동구,2015-08,225.661429950369
대전,대전_동구,2015-09,239.93000157128546
대전,대전_동구,2015-10,223.55733473698245
대전,대전_동구,2015-11,234.36404032057072
대전,대전_동구,2015-12,244.27433205217784
대전,대전_동구,2016-01,235.76641223700045
대전,대전_동구,2016-02,236.50759471776172
대전,대전_동구,2016-03,223.5643930167897
대전,대전_동구,2016-04,233.27514573137384
대전,대전_동구,2016-05,213.32791548151158
대전,대전_동구,2016-06,229.4476665172315
대전,대전_동구,2016-07,237.0959220678059
대전,대전_동구,2016-08,240.04151306167068
대전,대전_동구,2016-09,241.27170382463478
대전,대전_동구,2016-10,235.2634145479276
대전,대전_동구,2016-11,239.91507430997876
대전,대전_동구,2016-12,234.64759408875256
대전,대전_동구,2017-01,245.92083231846865
대전,대전_동구,2017-02,228.78547208790292
대전,대전_동구,2017-03,206.65426741062203
대전,대전_동구,2017-04,231.5133555937828
대전,대전_동구,2017-05,243.16508937960043
대전,대전_동구,2017-06,241.78416273562812
대전,대전_동구,2017-07,242.23088739217772
대전,대전_동구,2017-08,186.7637416021991
대전,대전_동구,2017-09,227.08619630142505
대전,대전_동구,2017-10,244.7441776183803
대전,대전_동구,2017-11,218.0662329982259
대전,대전_동구,2017-12,245.9466503698686
대전,대전_동구,2018-01,222.9102472210112
대전,대전_동구,2018-02,226.59930095124014
대전,대전_동구,2018-03,239.73994311255586
대전,대전_동구,2018-04,225.13998259078477
대전,대전_동구,2018-05,234.3246428791798
대전,대전_동구,2018-06,215.85701289514122
대전,대전_동구,2018-07,218.44255461063867
대전,대전_동구,2018-08,221.1987172715281
대전,대전_동구,2018-09,236.7315769377625
대전,대전_동구,2018-10,243.26625404350278
대전,대전_동구,2018-11,215.4763384017571
대전,대전_동구,2018-12,240.09603841536617
대전,대전_동구,2019-01,252.35531628532976
대전,대전_동구,2019-02,224.33359725521245
대전,대전_동구,2019-03,248.23269116615404
대전,대전_동구,2019-04,245.0980392156863
대전,대전_동구,2019-05,252.97093775738324
대전,대전_동구,2019-06,241.21818714530633
대전,대전_동구,2019-07,273.45881792711145
대전,대전_동구,2019-08,291.0676408201744
대전,대전_동구,2019-09,281.0764547408553
대전,대전_동구,2019-10,244.29448210065
대전,대전_동구,2019-11,259.21998350418284
대전,대전_동구,2019-12,254.4490113768295
대전,대전_동구,2020-01,262.3224728487886
대전,대전_동구,2020-02,252.98076051899886
대전,대전_동구,2020-03,264.2383836741331
대전,대전_동구,2020-04,263.4829630687461
대전,대전_동구,2020-05,277.82789103373625
대전,대전_동구,2020-06,274.16054512058946
대전,대전_동구,2020-07,250.10004001600643
대전,대전_동구,2020-08,249.90453123408747
대전,대전_동구,2020-09,234.43404559190117
대전,대전_동구,2020-10,260.10404161664667
대전,대전_동구,2020-11,287.21067747930397
대전,대전_동구,2020-12,312.6285479226655
대전,대전_동구,2021-01,296.1184473789516
대전,대전_동구,2021-02,281.9547919912521
대전,대전_동구,2021-03,300.6012024048096
대전,대전_동구,2021-04,275.6738570609081
대전,대전_동구,2021-05,323.58118475426653
대전,대전_동구,2021-06,316.78404087539957
대전,대전_동구,2021-07,269.6556956511623
대전,대전_동구,2021-08,348.3600507779057
대전,대전_동구,2021-09,312.45394507369673
대전,대전_동구,2021-10,335.6124200192264
대전,대전_동구,2021-11,320.03962917643366
대전,대전_동구,2021-12,297.6038637484482
대전,대전_동구,2022-01,288.8435119552183
대전,대전_동구,2022-02,297.6038637484482
대전,대전_동구,2022-03,288.04936696916354
대전,대전_동구,2022-04,260.9056289420445
대전,대전_동구,2022-05,308.13268226974236
대전,대전_동구,2022-06,280.8520766392955
대전,대전_동구,2022-07,371.3880546071324
대전,대전_동구,2022-08,276.3464449092733
대전,대전_동구,2022-09,370.0268619640447
대전,대전_동구,2022-10,286.7468405433797
대전,대전_동구,2022-11,317.6881714104178
대전,대전_동구,2022-12,295.5715985250977
대전,대전_동구,2023-01,325.10692405502255
대전,대전_동구,2023-02,351.80128906439677
대전,대전_동구,2023-03,363.67177820706115
대전,대전_동구,2023-04,341.14882581812674
대전,대전_동구,2023-05,329.48270039314343
대전,대전_동구,2023-06,346.0707605461803
대전,대전_동구,2023-07,329.91673137400744
대전,대전_동구,2023-08,364.8346475226551
대전,대전_동구,2023-09,353.61054042298895
대전,대전_동구,2023-10,378.24595145904317
대전,대전_동구,2023-11,352.9827038475115
대전,대전_동구,2023-12,341.84102057211976
대전,대전_동구,2024-01,317.8918061247605
대전,대전_동구,2024-02,376.6316638854396
대전,대전_동구,2024-03,327.7255844439589
대전,대전_동구,2024-04,352.28256502430554
대전,대전_동구,2024-05,319.71580817051506
대전,대전_동구,2024-06,336.032233591676
대전,대전_동구,2024-07,371.89515684619994
대전,대전_동구,2024-08,401.2017827268744
대전,대전_동구,2024-09,385.7243983679165
대전,대전_동구,2024-10,353.06578792515006
대전,대전_동구,2024-11,482.2636619057218
대전,대전_동구,2024-12,353.86164837986985
대전,대전_동구,2025-01,400.12967648644906
대전,대전_동구,2025-02,353.35172605762205
대전,대전_동구,2025-03,378.53297442799465
대전,대전_동구,2025-04,404.8964218455744
대전,대전_동구,2025-05,369.34799700376715
대전,대전_동구,2025-06,378.88850762905656
대전,대전_동구,2025-07,354.52682971791194
대전,대전_동구,2025-08,386.38237719401576
대전,대전_동구,2025-09,374.381916647045
대전,대전_동구,2025-10,378.12719984534976
대전,대전_동구,2025-11,408.84438881935756
대전,대전_동구,2025-12,388.34951456310677
대전,대전_서구,2006-01,194.8681565566986
대전,대전_서구,2006-02,188.03301687551541
대전,대전_서구,2006-03,192.18265479643895
대전,대전_서구,2006-04,182.48175182481754
대전,대전_서구,2006-05,171.74871102592377
대전,대전_서구,2006-06,176.9763765567982
대전,대전_서구,2006-07,162.19239373601792
대전,대전_서구,2006-08,160.32064128256513
대전,대전_서구,2006-09,174.13813389810568
대전,대전_서구,2006-10,169.31896933630458
대전,대전_서구,2006-11,182.7369351666045
대전,대전_서구,2006-12,181.49710585696064
대전,대전_서구,2007-01,159.16823157739367
대전,대전_서구,2007-02,159.19659850617927
대전,대전_서구,2007-03,155.91089163256433
대전,대전_서구,2007-04,162.8256513026052
대전,대전_서구,2007-05,151.8361581920904
대전,대전_서구,2007-06,167.4323057264342
대전,대전_서구,2007-07,170.78653816967673
대전,대전_서구,2007-08,158.0628888515218
대전,대전_서구,2007-09,175.29215358931552
대전,대전_서구,2007-10,175.48445418026824
대전,대전_서구,2007-11,170.08520935775584
대전,대전_서구,2007-12,174.55391776570985
대전,대전_서구,2008-01,178.78787878787878
대전,대전_서구,2008-02,167.9370963738951
대전,대전_서구,2008-03,163.96027116506386
대전,대전_서구,2008-04,164.7574145373496
대전,대전_서구,2008-05,175.04551463219914
대전,대전_서구,2008-06,167.33601070950468
대전,대전_서구,2008-07,163.90103439201636
대전,대전_서구,2008-08,157.06188001889464
대전,대전_서구,2008-09,151.82632951021296
대전,대전_서구,2008-10,153.32467017677612
대전,대전_서구,2008-11,158.9364295363169
대전,대전_서구,2008-12,158.18675481053006
대전,대전_서구,2009-01,171.0697018061809
대전,대전_서구,2009-02,178.66087827684086
대전,대전_서구,2009-03,174.9418164708037
대전,대전_서구,2009-04,184.08501509524848
대전,대전_서구,2009-05,187.96942513334088
대전,대전_서구,2009-06,182.43252928367866
대전,대전_서구,2009-07,190.98654658813572
대전,대전_서구,2009-08,195.7831325301205
대전,대전_서구,2009-09,129.0709949854843
대전,대전_서구,2009-10,192.86749570479435
대전,대전_서구,2009-11,195.73835480673935
대전,대전_서구,2009-12,205.50372032597141
대전,대전_서구,2010-01,203.77920544710759
대전,대전_서구,2010-02,203.2868306244673
대전,대전_서구,2010-03,185.14156493905364
대전,대전_서구,2010-04,193.3748108289894
대전,대전_서구,2010-05,189.89098539445857
대전,대전_서구,2010-06,202.3260974559125
대전,대전_서구,2010-07,221.3393379357077
대전,대전_서구,2010-08,214.04043903532363
대전,대전_서구,2010-09,215.90459668969055
대전,대전_서구,2010-10,218.9965123878997
대전,대전_서구,2010-11,230.06134969325151
대전,대전_서구,2010-12,239.8203079093852
대전,대전_서구,2011-01,245.18970375499626
대전,대전_서구,2011-02,259.70959745012397
대전,대전_서구,2011-03,277.9408287537245
대전,대전_서구,2011-04,257.27972428228145
대전,대전_서구,2011-05,270.683770742615
대전,대전_서구,2011-06,265.99163461253227
대전,대전_서구,2011-07,255.2250803858521
대전,대전_서구,2011-08,252.2280141247688
대전,대전_서구,2011-09,245.58748281771335
대전,대전_서구,2011-10,265.60443072970395
대전,대전_서구,2011-11,272.2159899452188
대전,대전_서구,2011-12,253.84101536406143
대전,대전_서구,2012-01,264.9942972827047
대전,대전_서구,2012-02,260.7871028923661
대전,대전_서구,2012-03,259.00635742877324
대전,대전_서구,2012-04,240.15273311897107
대전,대전_서구,2012-05,247.50355958581085
대전,대전_서구,2012-06,247.20412138711177
대전,대전_서구,2012-07,226.99366168430157
대전,대전_서구,2012-08,238.7758533714478
대전,대전_서구,2012-09,246.8953709586389
대전,대전_서구,2012-10,257.82905580409704
대전,대전_서구,2012-11,250.60144346431434
대전,대전_서구,2012-12,245.98219277236052
대전,대전_서구,2013-01,239.1489507861785
대전,대전_서구,2013-02,246.11708482676224
대전,대전_서구,2013-03,243.62443553088374
대전,대전_서구,2013-04,245.32165758471737
대전,대전_서구,2013-05,249.16573971078978
대전,대전_서구,2013-06,247.6673758877987
대전,대전_서구,2013-07,241.41187581159252
대전,대전_서구,2013-08,240.6997826601642
대전,대전_서구,2013-09,248.33608935391422
대전,대전_서구,2013-10,255.98247514721078
대전,대전_서구,2013-11,239.88040015374392
대전,대전_서구,2013-12,260.6356145955944
대전,대전_서구,2014-01,264.31675764475074
대전,대전_서구,2014-02,255.48668118612835
대전,대전_서구,2014-03,256.596624327276
대전,대전_서구,2014-04,255.27736867943054
대전,대전_서구,2014-05,257.18102872411487
대전,대전_서구,2014-06,253.0438825170216
대전,대전_서구,2014-07,258.20798799169506
대전,대전_서구,2014-08,250.0
대전,대전_서구,2014-09,258.0709696780002
대전,대전_서구,2014-10,259.0368538796656
대전,대전_서구,2014-11,252.57577273181954
대전,대전_서구,2014-12,256.7726737338045
대전,대전_서구,2015-01,265.0629100767267
대전,대전_서구,2015-02,255.31914893617022
대전,대전_서구,2015-03,248.84823620405558
대전,대전_서구,2015-04,248.84823620405558
대전,대전_서구,2015-05,250.58885571543226
대전,대전_서구,2015-06,250.04468954019922
대전,대전_서구,2015-07,248.45756211439053
대전,대전_서구,2015-08,248.49397590361446
대전,대전_서구,2015-09,247.94772993801308
대전,대전_서구,2015-10,258.05649969492345
대전,대전_서구,2015-11,258.6656953210372
대전,대전_서구,2015-12,254.8120705267856
대전,대전_서구,2016-01,250.27964205816556
대전,대전_서구,2016-02,247.1460070401849
대전,대전_서구,2016-03,249.0448563746993
대전,대전_서구,2016-04,249.58794443136333
대전,대전_서구,2016-05,242.79973208305427
대전,대전_서구,2016-06,261.9724988146041
대전,대전_서구,2016-07,258.7334773482363
대전,대전_서구,2016-08,262.8635346756152
대전,대전_서구,2016-09,270.3751617076326
대전,대전_서구,2016-10,274.854948409667
대전,대전_서구,2016-11,275.64515637572606
대전,대전_서구,2016-12,267.73761713520753
대전,대전_서구,2017-01,277.25342142520054
대전,대전_서구,2017-02,270.8158422563821
대전,대전_서구,2017-03,265.6903289849386
대전,대전_서구,2017-04,258.9802259651013
대전,대전_서구,2017-05,267.3203152831368
대전,대전_서구,2017-06,271.8965977238856
대전,대전_서구,2017-07,274.76394456515277
대전,대전_서구,2017-08,293.04460397787454
대전,대전_서구,2017-09,280.21119617851065
대전,대전_서구,2017-10,275.5210173083716
대전,대전_서구,2017-11,277.03088079524156
대전,대전_서구,2017-12,290.23124115148653
대전,대전_서구,2018-01,292.735614315781
대전,대전_서구,2018-02,284.51886300389447
대전,대전_서구,2018-03,283.3333030502398
대전,대전_서구,2018-04,277.25342142520054
대전,대전_서구,2018-05,270.85590465872156
대전,대전_서구,2018-06,286.78087531125243
대전,대전_서구,2018-07,287.2954197574473
대전,대전_서구,2018-08,312.02166490050627
대전,대전_서구,2018-09,309.5574773918381
대전,대전_서구,2018-10,303.5426247966088
대전,대전_서구,2018-11,294.15225320625956
대전,대전_서구,2018-12,292.8380187416332
대전,대전_서구,2019-01,276.97262479871176
대전,대전_서구,2019-02,287.09259912930935
대전,대전_서구,2019-03,271.4672281629848
대전,대전_서구,2019-04,298.96139754336696
대전,대전_서구,2019-05,302.41520548546964
대전,대전_서구,2019-06,311.92985493654334
대전,대전_서구,2019-07,316.5078244499353
대전,대전_서구,2019-08,328.46715328467155
대전,대전_서구,2019-09,328.8121660501439
대전,대전_서구,2019-10,328.3935981031417
대전,대전_서구,2019-11,356.2131798876559
대전,대전_서구,2019-12,344.21693246833195
대전,대전_서구,2020-01,316.9466361953058
대전,대전_서구,2020-02,294.15225320625956
대전,대전_서구,2020-03,319.7060892675682
대전,대전_서구,2020-04,302.2499322309569
대전,대전_서구,2020-05,337.4899823376535
대전,대전_서구,2020-06,421.2837490136883
대전,대전_서구,2020-07,380.7975391318234
대전,대전_서구,2020-08,385.54440728353774
대전,대전_서구,2020-09,392.7852559552573
대전,대전_서구,2020-10,385.51465164062535
대전,대전_서구,2020-11,440.0517707965643
대전,대전_서구,2020-12,437.0336531140551
대전,대전_서구,2021-01,406.07535817023626
대전,대전_서구,2021-02,409.56300215559475
대전,대전_서구,2021-03,378.3420211871532
대전,대전_서구,2021-04,409.56243142241647
대전,대전_서구,2021-05,436.0648288647818
대전,대전_서구,2021-06,421.5065695351339
대전,대전_서구,2021-07,469.8382717506788
대전,대전_서구,2021-08,423.4724742891712
대전,대전_서구,2021-09,460.1417692094576
대전,대전_서구,2021-10,437.1952244829326
대전,대전_서구,2021-11,420.38002354128133
대전,대전_서구,2021-12,371.65126769912797
대전,대전_서구,2022-01,388.3030743412157
대전,대전_서구,2022-02,374.3155081592041
대전,대전_서구,2022-03,359.8808092674403
대전,대전_서구,2022-04,357.84505046703805
대전,대전_서구,2022-05,337.84666218497534
대전,대전_서구,2022-06,380.86430132840087
대전,대전_서구,2022-07,378.4570596797671
대전,대전_서구,2022-08,400.48794469960075
대전,대전_서구,2022-09,356.60912634286075
대전,대전_서구,2022-10,428.87305357614144
대전,대전_서구,2022-11,391.6658442711931
대전,대전_서구,2022-12,374.8326639892905
대전,대전_서구,2023-01,435.5887810230482
대전,대전_서구,2023-02,456.0530679933665
대전,대전_서구,2023-03,419.2748316995394
대전,대전_서구,2023-04,434.4151473688687
대전,대전_서구,2023-05,433.7450377315613
대전,대전_서구,2023-06,442.97816452922126
대전,대전_서구,2023-07,440.4362416107383
대전,대전_서구,2023-08,445.04450445044506
대전,대전_서구,2023-09,447.41235392320533
대전,대전_서구,2023-10,417.87126964976187
대전,대전_서구,2023-11,447.3645211835659
대전,대전_서구,2023-12,427.20960338943155
대전,대전_서구,2024-01,415.1722140403814
대전,대전_서구,2024-02,405.283253064798
대전,대전_서구,2024-03,413.7511408579252
대전,대전_서구,2024-04,417.50167000668
대전,대전_서구,2024-05,448.2030629759566
대전,대전_서구,2024-06,454.5758923718459
대전,대전_서구,2024-07,453.2611255003532
대전,대전_서구,2024-08,476.8632991875662
대전,대전_서구,2024-09,472.5787999214145
대전,대전_서구,2024-10,457.1723735704179
대전,대전_서구,2024-11,447.60278350800854
대전,대전_서구,2024-12,452.87014662485814
대전,대전_서구,2025-01,447.37461737697197
대전,대전_서구,2025-02,426.7425320056899
대전,대전_서구,2025-03,430.48372376026776
대전,대전_서구,2025-04,445.7547169811321
대전,대전_서구,2025-05,449.7197447477371
대전,대전_서구,2025-06,442.6190725820544
대전,대전_서구,2025-07,456.0434344590714
대전,대전_서구,2025-08,435.8717434869739
대전,대전_서구,2025-09,462.35921754593954
대전,대전_서구,2025-10,487.1227857541108
대전,대전_서구,2025-11,472.5498185975409
대전,대전_서구,2025-12,478.04532577903683
대전,대전_유성구,2006-01,186.52061825050788
대전,대전_유성구,2006-02,182.72651191647492
대전,대전_유성구,2006-03,189.96068393334485
대전,대전_유성구,2006-04,210.88595664467485
대전,대전_유성구,2006-05,192.23022372558862
대전,대전_유성구,2006-06,176.97026899480886
대전,대전_유성구,2006-07,165.58575962467228
대전,대전_유성구,2006-08,171.05580524598378
대전,대전_유성구,2006-09,176.97026899480886
대전,대전_유성구,2006-10,172.08639924044624
대전,대전_유성구,2006-11,172.78942228232287
대전,대전_유성구,2006-12,171.91307540808492
대전,대전_유성구,2007-01,171.86560109993985
대전,대전_유성구,2007-02,173.55146206431507
대전,대전_유성구,2007-03,166.0857300027509
대전,대전_유성구,2007-04,159.77534147554124
대전,대전_유성구,2007-05,157.52385284755678
대전,대전_유성구,2007-06,167.19212763924716
대전,대전_유성구,2007-07,164.2778117432022
대전,대전_유성구,2007-08,115.16834022445363
대전,대전_유성구,2007-09,160.3839711071246
대전,대전_유성구,2007-10,164.84163428705992
대전,대전_유성구,2007-11,166.36543886316448
대전,대전_유성구,2007-12,163.56778048536236
대전,대전_유성구,2008-01,170.79021659186128
대전,대전_유성구,2008-02,169.78438885132596
대전,대전_유성구,2008-03,166.84419314661415
대전,대전_유성구,2008-04,178.91762683482938
대전,대전_유성구,2008-05,177.3306620060531
대전,대전_유성구,2008-06,173.5406806400721
대전,대전_유성구,2008-07,174.8286196086948
대전,대전_유성구,2008-08,182.2601237862841
대전,대전_유성구,2008-09,164.94546416664326
대전,대전_유성구,2008-10,158.89830508474577
대전,대전_유성구,2008-11,156.55090974148112
대전,대전_유성구,2008-12,181.3565469713457
대전,대전_유성구,2009-01,181.4326107445806
대전,대전_유성구,2009-02,182.36251529587872
대전,대전_유성구,2009-03,247.10402903812167
대전,대전_유성구,2009-04,194.27764040974918
대전,대전_유성구,2009-05,193.03201506591338
대전,대전_유성구,2009-06,197.89579158316633
대전,대전_유성구,2009-07,187.63029881862403
대전,대전_유성구,2009-08,194.0773949976404
대전,대전_유성구,2009-09,196.63252089956433
대전,대전_유성구,2009-10,215.92274172653399
대전,대전_유성구,2009-11,215.92274172653399
대전,대전_유성구,2009-12,211.81878197139739
대전,대전_유성구,2010-01,210.49222797927462
대전,대전_유성구,2010-02,206.17342130065975
대전,대전_유성구,2010-03,203.73242513422198
대전,대전_유성구,2010-04,208.63237306806423
대전,대전_유성구,2010-05,203.1530300690245
대전,대전_유성구,2010-06,209.6719648292188
대전,대전_유성구,2010-07,217.47623467397545
대전,대전_유성구,2010-08,213.63955002169777
대전,대전_유성구,2010-09,219.37321937321937
대전,대전_유성구,2010-10,232.7506899724011
대전,대전_유성구,2010-11,241.34370758090017
대전,대전_유성구,2010-12,267.8943304501221
대전,대전_유성구,2011-01,264.75571872352447
대전,대전_유성구,2011-02,278.8794160681249
대전,대전_유성구,2011-03,308.144138178706
대전,대전_유성구,2011-04,256.34948126783695
대전,대전_유성구,2011-05,273.246765589916
대전,대전_유성구,2011-06,302.4066628306911
대전,대전_유성구,2011-07,278.2464762769242
대전,대전_유성구,2011-08,283.44525890057395
대전,대전_유성구,2011-09,271.8653920298953
대전,대전_유성구,2011-10,273.64016736401675
대전,대전_유성구,2011-11,269.07353732569226
대전,대전_유성구,2011-12,278.331507327013
대전,대전_유성구,2012-01,267.98893149881883
대전,대전_유성구,2012-02,262.08252873997014
대전,대전_유성구,2012-03,256.0878171518011
대전,대전_유성구,2012-04,246.94627963478572
대전,대전_유성구,2012-05,252.3714953776843
대전,대전_유성구,2012-06,257.86961311212735
대전,대전_유성구,2012-07,249.74824706895154
대전,대전_유성구,2012-08,243.30016247029562
대전,대전_유성구,2012-09,249.95466963115194
대전,대전_유성구,2012-10,256.1375865126779
대전,대전_유성구,2012-11,257.07904285231814
대전,대전_유성구,2012-12,272.91549030679465
대전,대전_유성구,2013-01,257.07904285231814
대전,대전_유성구,2013-02,293.9040407060213
대전,대전_유성구,2013-03,262.3082115755369
대전,대전_유성구,2013-04,247.75073108601012
대전,대전_유성구,2013-05,281.1747553376754
대전,대전_유성구,2013-06,261.3054879996353
대전,대전_유성구,2013-07,261.3764556089815
대전,대전_유성구,2013-08,279.04019591682953
대전,대전_유성구,2013-09,283.2123344647183
대전,대전_유성구,2013-10,283.93903033039095
대전,대전_유성구,2013-11,312.2308481721535
대전,대전_유성구,2013-12,296.21019535900757
대전,대전_유성구,2014-01,286.7563324866072
대전,대전_유성구,2014-02,275.39473244984475
대전,대전_유성구,2014-03,272.33813771906046
대전,대전_유성구,2014-04,280.44871794871796
대전,대전_유성구,2014-05,284.61409676879293
대전,대전_유성구,2014-06,297.7165382847864
대전,대전_유성구,2014-07,293.85508108912364
대전,대전_유성구,2014-08,295.98056333486716
대전,대전_유성구,2014-09,305.2589739583508
대전,대전_유성구,2014-10,297.3742287093902
대전,대전_유성구,2014-11,314.39152788253097
대전,대전_유성구,2014-12,311.178441156233
대전,대전_유성구,2015-01,295.425495102528
대전,대전_유성구,2015-02,290.52812380078024
대전,대전_유성구,2015-03,283.55101073308174
대전,대전_유성구,2015-04,278.3834837172802
대전,대전_유성구,2015-05,277.5340923254891
대전,대전_유성구,2015-06,270.5444707473791
대전,대전_유성구,2015-07,290.92022661154493
대전,대전_유성구,2015-08,290.6904496725849
대전,대전_유성구,2015-09,281.4745024143211
대전,대전_유성구,2015-10,282.6522199976446
대전,대전_유성구,2015-11,292.1451926589468
대전,대전_유성구,2015-12,296.40426278277374
대전,대전_유성구,2016-01,288.3635310761727
대전,대전_유성구,2016-02,296.67416700058567
대전,대전_유성구,2016-03,282.6472296508782
대전,대전_유성구,2016-04,286.7544834944875
대전,대전_유성구,2016-05,296.8556480549511
대전,대전_유성구,2016-06,291.25999381985594
대전,대전_유성구,2016-07,279.1644962265621
대전,대전_유성구,2016-08,300.1596142890101
대전,대전_유성구,2016-09,308.6266570887481
대전,대전_유성구,2016-10,286.25811219229416
대전,대전_유성구,2016-11,296.3219336309986
대전,대전_유성구,2016-12,294.6677543525529
대전,대전_유성구,2017-01,311.5858192843449
대전,대전_유성구,2017-02,285.2615669048805
대전,대전_유성구,2017-03,290.92022661154493
대전,대전_유성구,2017-04,288.96834448108996
대전,대전_유성구,2017-05,284.09778438512456
대전,대전_유성구,2017-06,297.3837756446452
대전,대전_유성구,2017-07,298.1307369645421
대전,대전_유성구,2017-08,334.3727538622869
대전,대전_유성구,2017-09,342.5591574427407
대전,대전_유성구,2017-10,325.6364712847839
대전,대전_유성구,2017-11,319.25453099574526
대전,대전_유성구,2017-12,329.4206784418873
대전,대전_유성구,2018-01,314.4718333454234
대전,대전_유성구,2018-02,309.11536374147573
대전,대전_유성구,2018-03,311.18120977023744
대전,대전_유성구,2018-04,323.7140915676268
대전,대전_유성구,2018-05,311.8050571250397
대전,대전_유성구,2018-06,316.27942106704177
대전,대전_유성구,2018-07,317.6359036985665
대전,대전_유성구,2018-08,350.6421563710454
대전,대전_유성구,2018-09,327.5436379965223
대전,대전_유성구,2018-10,321.9425097803079
대전,대전_유성구,2018-11,316.6939231108688
대전,대전_유성구,2018-12,317.87144306840787
대전,대전_유성구,2019-01,319.46048301003384
대전,대전_유성구,2019-02,313.9740659731675
대전,대전_유성구,2019-03,301.6082459659799
대전,대전_유성구,2019-04,318.24627833295733
대전,대전_유성구,2019-05,323.3013539500066
대전,대전_유성구,2019-06,314.4526463293097
대전,대전_유성구,2019-07,314.19873216502106
대전,대전_유성구,2019-08,323.5447380833863
대전,대전_유성구,2019-09,329.66676805198273
대전,대전_유성구,2019-10,342.04853500982085
대전,대전_유성구,2019-11,349.7761901031538
대전,대전_유성구,2019-12,367.0840217081062
대전,대전_유성구,2020-01,376.08507282750656
대전,대전_유성구,2020-02,389.20405778999805
대전,대전_유성구,2020-03,373.3357562767087
대전,대전_유성구,2020-04,349.5554713314087
대전,대전_유성구,2020-05,376.1331555363734
대전,대전_유성구,2020-06,379.5884202121083
대전,대전_유성구,2020-07,412.9171393185156
대전,대전_유성구,2020-08,454.1911046736117
대전,대전_유성구,2020-09,448.8565439350814
대전,대전_유성구,2020-10,452.1370540445072
대전,대전_유성구,2020-11,470.59211075855916
대전,대전_유성구,2020-12,447.9494524407351
대전,대전_유성구,2021-01,452.9567597084893
대전,대전_유성구,2021-02,388.69717227162823
대전,대전_유성구,2021-03,412.0548954994737
대전,대전_유성구,2021-04,418.96669824732334
대전,대전_유성구,2021-05,412.65056176038286
대전,대전_유성구,2021-06,446.5767512283961
대전,대전_유성구,2021-07,498.59015520403995
대전,대전_유성구,2021-08,498.15019836930196
대전,대전_유성구,2021-09,541.5454251535726
대전,대전_유성구,2021-10,489.8219595550205
대전,대전_유성구,2021-11,504.4231131187653
대전,대전_유성구,2021-12,470.1307882644044
대전,대전_유성구,2022-01,468.2963379226374
대전,대전_유성구,2022-02,401.2611063341932
대전,대전_유성구,2022-03,463.4378993214909
대전,대전_유성구,2022-04,443.8369646731676
대전,대전_유성구,2022-05,471.0467156432078
대전,대전_유성구,2022-06,463.33147208724887
대전,대전_유성구,2022-07,370.53109456888205
대전,대전_유성구,2022-08,407.0877841911838
대전,대전_유성구,2022-09,479.57877096024026
대전,대전_유성구,2022-10,420.1274926485049
대전,대전_유성구,2022-11,426.8943436499467
대전,대전_유성구,2022-12,458.69074349076664
대전,대전_유성구,2023-01,446.3586530931872
대전,대전_유성구,2023-02,452.0918819874043
대전,대전_유성구,2023-03,429.9023591628093
대전,대전_유성구,2023-04,433.8692010151907
대전,대전_유성구,2023-05,423.48287206806117
대전,대전_유성구,2023-06,447.3619865909166
대전,대전_유성구,2023-07,452.12820638379117
대전,대전_유성구,2023-08,441.1801038361492
대전,대전_유성구,2023-09,475.43581616481777
대전,대전_유성구,2023-10,437.61188719544174
대전,대전_유성구,2023-11,461.9311539658377
대전,대전_유성구,2023-12,420.4919756114654
대전,대전_유성구,2024-01,431.70281024397167
대전,대전_유성구,2024-02,459.0935844614479
대전,대전_유성구,2024-03,430.3767753041981
대전,대전_유성구,2024-04,461.8048874350587
대전,대전_유성구,2024-05,459.3141630698809
대전,대전_유성구,2024-06,489.62436771590114
대전,대전_유성구,2024-07,500.06471425713914
대전,대전_유성구,2024-08,494.69964664310953
대전,대전_유성구,2024-09,539.3570898036032
대전,대전_유성구,2024-10,483.55145063032955
대전,대전_유성구,2024-11,458.82730798959517
대전,대전_유성구,2024-12,479.37474969356424
대전,대전_유성구,2025-01,458.8262283895788
대전,대전_유성구,2025-02,437.42238433976826
대전,대전_유성구,2025-03,492.97703353026327
대전,대전_유성구,2025-04,515.3571134199665
대전,대전_유성구,2025-05,500.26602381501687
대전,대전_유성구,2025-06,494.38054118189905
대전,대전_유성구,2025-07,495.8356254793529
대전,대전_유성구,2025-08,461.6894927629221
대전,대전_유성구,2025-09,480.54839051623617
대전,대전_유성구,2025-10,518.0420786344199
대전,대전_유성구,2025-11,515.867641083322
대전,대전_유성구,2025-12,506.0585803997628
대전,대전_중구,2006-01,152.959171667255
대전,대전_중구,2006-02,150.55225148683093
대전,대전_중구,2006-03,129.50317871438662
대전,대전_중구,2006-04,130.2705619363293
대전,대전_중구,2006-05,131.57821844748835
대전,대전_중구,2006-06,141.11736019588412
대전,대전_중구,2006-07,147.82684257803845
대전,대전_중구,2006-08,149.73434229592658
대전,대전_중구,2006-09,148.15460396774674
대전,대전_중구,2006-10,143.62234386956266
대전,대전_중구,2006-11,149.3520755545794
대전,대전_중구,2006-12,137.27194710031648
대전,대전_중구,2007-01,128.80136518297792
대전,대전_중구,2007-02,127.33886075631031
대전,대전_중구,2007-03,132.08697419223734
대전,대전_중구,2007-04,121.25492966036849
대전,대전_중구,2007-05,133.26499231163504
대전,대전_중구,2007-06,135.43884551691505
대전,대전_중구,2007-07,134.67656415694591
대전,대전_중구,2007-08,123.61667059100542
대전,대전_중구,2007-09,125.02083680613435
대전,대전_중구,2007-10,132.20247289839278
대전,대전_중구,2007-11,138.25567424329708
대전,대전_중구,2007-12,134.4054761434702
대전,대전_중구,2008-01,137.13713713713713
대전,대전_중구,2008-02,136.60302830809744
대전,대전_중구,2008-03,137.23383683879098
대전,대전_중구,2008-04,139.84356482578812
대전,대전_중구,2008-05,137.93716018685114
대전,대전_중구,2008-06,143.2317934234416
대전,대전_중구,2008-07,138.01184062783113
대전,대전_중구,2008-08,133.35111348179757
대전,대전_중구,2008-09,138.446009003212
대전,대전_중구,2008-10,145.58232931726906
대전,대전_중구,2008-11,148.34383255435887
대전,대전_중구,2008-12,133.0272529283654
대전,대전_중구,2009-01,158.67766944179965
대전,대전_중구,2009-02,146.3117252590937
대전,대전_중구,2009-03,137.04414302963858
대전,대전_중구,2009-04,145.89951759030475
대전,대전_중구,2009-05,163.37945245805122
대전,대전_중구,2009-06,162.50588789448892
대전,대전_중구,2009-07,155.13247701840584
대전,대전_중구,2009-08,164.67621096357837
대전,대전_중구,2009-09,156.902019696211
대전,대전_중구,2009-10,153.86124578750298
대전,대전_중구,2009-11,155.50344873616882
대전,대전_중구,2009-12,165.8702918013869
대전,대전_중구,2010-01,170.682781354057
대전,대전_중구,2010-02,170.3844364060339
대전,대전_중구,2010-03,174.4023982684463
대전,대전_중구,2010-04,175.50938067379462
대전,대전_중구,2010-05,173.00978037820076
대전,대전_중구,2010-06,170.67259139567764
대전,대전_중구,2010-07,163.02282376332556
대전,대전_중구,2010-08,166.04548624504739
대전,대전_중구,2010-09,180.8575492786019
대전,대전_중구,2010-10,188.32823967174312
대전,대전_중구,2010-11,205.99144217847913
대전,대전_중구,2010-12,199.44909563407109
대전,대전_중구,2011-01,198.13046128835603
대전,대전_중구,2011-02,199.19539357136213
대전,대전_중구,2011-03,197.1144076407234
대전,대전_중구,2011-04,197.37547402774516
대전,대전_중구,2011-05,205.21192779851785
대전,대전_중구,2011-06,209.53674969486997
대전,대전_중구,2011-07,203.1919609871435
대전,대전_중구,2011-08,202.5728227118143
대전,대전_중구,2011-09,190.25132196402225
대전,대전_중구,2011-10,195.81383926499964
대전,대전_중구,2011-11,200.92425155716293
대전,대전_중구,2011-12,273.6667160508447
대전,대전_중구,2012-01,189.51384784705252
대전,대전_중구,2012-02,211.38004322176397
대전,대전_중구,2012-03,194.23243910241763
대전,대전_중구,2012-04,194.23243910241763
대전,대전_중구,2012-05,192.5188596913832
대전,대전_중구,2012-06,225.33227114585725
대전,대전_중구,2012-07,209.97608399259758
대전,대전_중구,2012-08,210.43301763651357
대전,대전_중구,2012-09,220.72721174862224
대전,대전_중구,2012-10,223.5437574579641
대전,대전_중구,2012-11,214.60748469407952
대전,대전_중구,2012-12,226.99335135503173
대전,대전_중구,2013-01,221.2065156379181
대전,대전_중구,2013-02,225.77835666597502
대전,대전_중구,2013-03,216.99819168173596
대전,대전_중구,2013-04,228.55881842972212
대전,대전_중구,2013-05,217.71519087149625
대전,대전_중구,2013-06,240.62304007117604
대전,대전_중구,2013-07,226.8946403309398
대전,대전_중구,2013-08,241.1399342345634
대전,대전_중구,2013-09,229.62812436496645
대전,대전_중구,2013-10,219.19431279620852
대전,대전_중구,2013-11,270.5118179351729
대전,대전_중구,2013-12,229.87305870328947
대전,대전_중구,2014-01,235.77701412752958
대전,대전_중구,2014-02,232.10849306614222
대전,대전_중구,2014-03,234.9736080367785
대전,대전_중구,2014-04,247.17517206192397
대전,대전_중구,2014-05,236.98024568442577
대전,대전_중구,2014-06,238.1861260878158
대전,대전_중구,2014-07,236.3158957786306
대전,대전_중구,2014-08,240.81488459726802
대전,대전_중구,2014-09,237.05791901588927
대전,대전_중구,2014-10,244.16135881104034
대전,대전_중구,2014-11,235.06270686261894
대전,대전_중구,2014-12,242.83458329124338
대전,대전_중구,2015-01,259.20383523969895
대전,대전_중구,2015-02,254.35073627844713
대전,대전_중구,2015-03,223.15120113047573
대전,대전_중구,2015-04,215.01416755361734
대전,대전_중구,2015-05,221.66395744052016
대전,대전_중구,2015-06,228.2397349805611
대전,대전_중구,2015-07,228.1299466401299
대전,대전_중구,2015-08,235.40739014419879
대전,대전_중구,2015-09,242.07011686143574
대전,대전_중구,2015-10,246.43099932019032
대전,대전_중구,2015-11,243.78817652097263
대전,대전_중구,2015-12,255.46413539473093
대전,대전_중구,2016-01,235.32180256500766
대전,대전_중구,2016-02,264.92405510420343
대전,대전_중구,2016-03,217.54051754355055
대전,대전_중구,2016-04,226.6305627501766
대전,대전_중구,2016-05,241.5746461859548
대전,대전_중구,2016-06,237.72145165428242
대전,대전_중구,2016-07,233.31302941012143
대전,대전_중구,2016-08,236.4415546032215
대전,대전_중구,2016-09,233.69233895549684
대전,대전_중구,2016-10,253.75626043405677
대전,대전_중구,2016-11,254.01341190814875
대전,대전_중구,2016-12,267.2025185535738
대전,대전_중구,2017-01,250.73926292686272
대전,대전_중구,2017-02,245.958630279854
대전,대전_중구,2017-03,237.04432092695524
대전,대전_중구,2017-04,236.0374596710883
대전,대전_중구,2017-05,260.94276094276097
대전,대전_중구,2017-06,253.0629444050137
대전,대전_중구,2017-07,250.49664153837534
대전,대전_중구,2017-08,244.92736222835873
대전,대전_중구,2017-09,275.5210173083716
대전,대전_중구,2017-10,238.35088931040184
대전,대전_중구,2017-11,247.06255759683768
대전,대전_중구,2017-12,269.49382840274967
대전,대전_중구,2018-01,255.32415578303332
대전,대전_중구,2018-02,247.1777596514087
대전,대전_중구,2018-03,264.97695852534565
대전,대전_중구,2018-04,242.313705054716
대전,대전_중구,2018-05,246.6664279369187
대전,대전_중구,2018-06,235.4464653599388
대전,대전_중구,2018-07,251.8859074542927
대전,대전_중구,2018-08,262.1035058430718
대전,대전_중구,2018-09,276.76248781228094
대전,대전_중구,2018-10,306.53147842489983
대전,대전_중구,2018-11,268.2381629750051
대전,대전_중구,2018-12,274.83103762423514
대전,대전_중구,2019-01,257.9584095328006
대전,대전_중구,2019-02,229.18861959957852
대전,대전_중구,2019-03,232.9746144189255
대전,대전_중구,2019-04,274.343577063464
대전,대전_중구,2019-05,284.9740932642487
대전,대전_중구,2019-06,272.62044653349
대전,대전_중구,2019-07,274.08828605927715
대전,대전_중구,2019-08,280.2637776731041
대전,대전_중구,2019-09,273.1661368185564
대전,대전_중구,2019-10,254.87971169651587
대전,대전_중구,2019-11,292.383871728366
대전,대전_중구,2019-12,291.8839784060756
대전,대전_중구,2020-01,275.96014351757674
대전,대전_중구,2020-02,293.0505163271002
대전,대전_중구,2020-03,303.6198117402201
대전,대전_중구,2020-04,280.3742533818882
대전,대전_중구,2020-05,316.9331025655557
대전,대전_중구,2020-06,352.9827038475115
대전,대전_중구,2020-07,288.17158960986524
대전,대전_중구,2020-08,408.678047453981
대전,대전_중구,2020-09,328.13789726909425
대전,대전_중구,2020-10,337.4870197300104
대전,대전_중구,2020-11,372.5541002116113
대전,대전_중구,2020-12,353.4279297283922
대전,대전_중구,2021-01,352.2423025435074
대전,대전_중구,2021-02,350.35050637357693
대전,대전_중구,2021-03,343.0388219544846
대전,대전_중구,2021-04,343.7157021340482
대전,대전_중구,2021-05,351.96548220367725
대전,대전_중구,2021-06,387.9119255209103
대전,대전_중구,2021-07,368.1392235609103
대전,대전_중구,2021-08,372.81539272919053
대전,대전_중구,2021-09,413.4920650904693
대전,대전_중구,2021-10,411.7982888997243
대전,대전_중구,2021-11,409.9732262382865
대전,대전_중구,2021-12,389.91746652962206
대전,대전_중구,2022-01,362.2068246434005
대전,대전_중구,2022-02,372.9041094032856
대전,대전_중구,2022-03,344.90459293814047
대전,대전_중구,2022-04,385.1099973427493
대전,대전_중구,2022-05,321.4788024914607
대전,대전_중구,2022-06,360.82474226804123
대전,대전_중구,2022-07,363.1191432396252
대전,대전_중구,2022-08,285.2091472631465
대전,대전_중구,2022-09,353.1073446327684
대전,대전_중구,2022-10,353.2320734722713
대전,대전_중구,2022-11,359.1192746968091
대전,대전_중구,2022-12,334.67202141900935
대전,대전_중구,2023-01,353.07620094370986
대전,대전_중구,2023-02,400.2968707643099
대전,대전_중구,2023-03,358.7743100574563
대전,대전_중구,2023-04,350.87514398712074
대전,대전_중구,2023-05,356.30567276136895
대전,대전_중구,2023-06,377.269511907569
대전,대전_중구,2023-07,370.38957575577996
대전,대전_중구,2023-08,333.889816360601
대전,대전_중구,2023-09,360.43833119099
대전,대전_중구,2023-10,361.642211353194
대전,대전_중구,2023-11,376.5226022272748
대전,대전_중구,2023-12,360.5242420579201
대전,대전_중구,2024-01,356.25359751693657
대전,대전_중구,2024-02,425.1417139046349
대전,대전_중구,2024-03,384.12861313565645
대전,대전_중구,2024-04,382.66807959496055
대전,대전_중구,2024-05,338.75338753387535
대전,대전_중구,2024-06,384.8728246318608
대전,대전_중구,2024-07,362.77895376130977
대전,대전_중구,2024-08,391.4037494284408
대전,대전_중구,2024-09,406.21688449311193
대전,대전_중구,2024-10,340.1636787583672
대전,대전_중구,2024-11,406.21688449311193
대전,대전_중구,2024-12,358.43528360961557
대전,대전_중구,2025-01,333.8031303315778
대전,대전_중구,2025-02,376.82524729156853
대전,대전_중구,2025-03,373.0093594132225
대전,대전_중구,2025-04,339.84181908057343
대전,대전_중구,2025-05,353.87791212031846
대전,대전_중구,2025-06,366.79433546420626
대전,대전_중구,2025-07,385.9840952959278
대전,대전_중구,2025-08,350.9482314497597
대전,대전_중구,2025-09,380.12670890296766
대전,대전_중구,2025-10,353.2320734722713
대전,대전_중구,2025-11,401.2582274030822
대전,대전_중구,2025-12,393.23962516733604
부산,부산_강서구,2006-03,188.122073460552
부산,부산_강서구,2006-04,188.122073460552
부산,부산_강서구,2006-05,188.122073460552
부산,부산_강서구,2006-06,184.59257864890938
부산,부산_강서구,2006-07,188.122073460552
부산,부산_강서구,2006-08,188.122073460552
부산,부산_강서구,2006-09,188.03701585891224
부산,부산_강서구,2006-11,188.122073460552
부산,부산_강서구,2006-12,188.122073460552
부산,부산_강서구,2007-01,188.122073460552
부산,부산_강서구,2007-02,188.122073460552
부산,부산_강서구,2007-05,169.3098661144968
부산,부산_강서구,2007-06,170.53342431586623
부산,부산_강서구,2007-07,188.122073460552
부산,부산_강서구,2007-09,188.23972328760675
부산,부산_강서구,2007-10,171.76874749994116
부산,부산_강서구,2007-11,169.41575095884608
부산,부산_강서구,2008-01,188.122073460552
부산,부산_강서구,2008-03,189.9852119618797
부산,부산_강서구,2008-05,185.37437617029278
부산,부산_강서구,2008-07,188.122073460552
부산,부산_강서구,2008-08,188.122073460552
부산,부산_강서구,2008-09,189.00229535663158
부산,부산_강서구,2008-10,187.95195825727248
부산,부산_강서구,2008-11,189.88251725271112
부산,부산_강서구,2008-12,184.59257864890938
부산,부산_강서구,2009-01,277.66875981161695
부산,부산_강서구,2009-02,228.6084294796327
부산,부산_강서구,2009-03,228.6084294796327
부산,부산_강서구,2009-04,235.37719195010004
부산,부산_강서구,2009-05,248.12286689419795
부산,부산_강서구,2009-06,248.12286689419795
부산,부산_강서구,2009-07,257.9498646581146
부산,부산_강서구,2009-08,266.1828167908984
부산,부산_강서구,2009-09,263.34379905808476
부산,부산_강서구,2009-10,269.9799109092497
부산,부산_강서구,2009-11,248.1172047143069
부산,부산_강서구,2009-12,266.1828167908984
부산,부산_강서구,2010-01,266.1828167908984
부산,부산_강서구,2010-02,264.9365097310904
부산,부산_강서구,2010-03,226.00732600732601
부산,부산_강서구,2010-04,183.8492368039567
부산,부산_강서구,2010-05,250.15887960456632
부산,부산_강서구,2010-06,276.2721893491124
부산,부산_강서구,2010-07,244.38420742486744
부산,부산_강서구,2010-08,259.2810842663524
부산,부산_강서구,2010-09,250.15887960456632
부산,부산_강서구,2010-10,265.9814210844868
부산,부산_강서구,2010-11,277.2706306962517
부산,부산_강서구,2010-12,276.6984575532791
부산,부산_강서구,2011-01,282.5523899222981
부산,부산_강서구,2011-02,290.14462290285496
부산,부산_강서구,2011-03,294.2907755822589
부산,부산_강서구,2011-04,269.41810395538715
부산,부산_강서구,2011-05,306.8538038679732
부산,부산_강서구,2011-06,311.87477933388254
부산,부산_강서구,2011-07,307.80929925017654
부산,부산_강서구,2011-08,312.3526638378123
부산,부산_강서구,2011-09,315.59336934086684
부산,부산_강서구,2011-10,320.83987441130296
부산,부산_강서구,2011-11,325.99741085088857
부산,부산_강서구,2011-12,311.2558969506532
부산,부산_강서구,2012-01,314.08138801105576
부산,부산_강서구,2012-02,311.87477933388254
부산,부산_강서구,2012-03,303.9566774390777
부산,부산_강서구,2012-04,316.29682006535694
부산,부산_강서구,2012-05,300.8144088302969
부산,부산_강서구,2012-06,291.8343195266272
부산,부산_강서구,2012-07,286.00538239569096
부산,부산_강서구,2012-08,309.52100741438153
부산,부산_강서구,2012-09,302.75846602377214
부산,부산_강서구,2012-10,304.4397311984146
부산,부산_강서구,2012-11,291.86771801812404
부산,부산_강서구,2012-12,297.51607589112587
부산,부산_강서구,2013-01,300.3440792717961
부산,부산_강서구,2013-02,302.1978021978022
부산,부산_강서구,2013-03,291.49107253512204
부산,부산_강서구,2013-04,274.87686451792206
부산,부산_강서구,2013-05,278.5541843557684
부산,부산_강서구,2013-06,266.94600256808815
부산,부산_강서구,2013-07,283.0184611728996
부산,부산_강서구,2013-08,276.6515621273551
부산,부산_강서구,2013-09,287.69984735277575
부산,부산_강서구,2013-10,263.2910618131101
부산,부산_강서구,2013-11,260.5257822531594
부산,부산_강서구,2013-12,276.8523131092245
부산,부산_강서구,2014-01,276.65897715973085
부산,부산_강서구,2014-02,275.7315672095695
부산,부산_강서구,2014-03,295.28294834417284
부산,부산_강서구,2014-04,290.2886609717574
부산,부산_강서구,2014-05,294.22148993762505
부산,부산_강서구,2014-06,295.85798816568047
부산,부산_강서구,2014-07,301.41373895087884
부산,부산_강서구,2014-08,321.556995474261
부산,부산_강서구,2014-09,303.8386889647388
부산,부산_강서구,2014-10,307.28450814843904
부산,부산_강서구,2014-11,315.36832632512215
부산,부산_강서구,2014-12,328.28811650240846
부산,부산_강서구,2015-01,333.8863395693611
부산,부산_강서구,2015-02,323.9734645656224
부산,부산_강서구,2015-03,321.5679845636614
부산,부산_강서구,2015-04,317.1004095937635
부산,부산_강서구,2015-05,313.2238387897346
부산,부산_강서구,2015-06,314.22855125338356
부산,부산_강서구,2015-07,317.7218212976977
부산,부산_강서구,2015-08,319.3678328908619
부산,부산_강서구,2015-09,314.9603539450007
부산,부산_강서구,2015-10,317.0396544954849
부산,부산_강서구,2015-11,316.2714668184033
부산,부산_강서구,2015-12,317.652184344247
부산,부산_강서구,2016-01,325.3679953212906
부산,부산_강서구,2016-02,317.19075094411596
부산,부산_강서구,2016-03,322.9228049499116
부산,부산_강서구,2016-04,328.3511827703895
부산,부산_강서구,2016-05,323.4197094621123
부산,부산_강서구,2016-06,332.78334278824724
부산,부산_강서구,2016-07,334.70830878020035
부산,부산_강서구,2016-08,334.8060966995083
부산,부산_강서구,2016-09,344.9976195334285
부산,부산_강서구,2016-10,355.5896648759274
부산,부산_강서구,2016-11,364.96661581390254
부산,부산_강서구,2016-12,355.33592187316157
부산,부산_강서구,2017-01,364.86720905106336
부산,부산_강서구,2017-02,366.7014909807102
부산,부산_강서구,2017-03,372.7543999134795
부산,부산_강서구,2017-04,376.8698148447
부산,부산_강서구,2017-05,369.6259583259831
부산,부산_강서구,2017-06,376.82550333662607
부산,부산_강서구,2017-07,374.9557835160948
부산,부산_강서구,2017-08,370.6754581806473
부산,부산_강서구,2017-09,381.65680473372777
부산,부산_강서구,2017-10,366.951796815834
부산,부산_강서구,2017-11,382.43437720267497
부산,부산_강서구,2017-12,388.3093013021305
부산,부산_강서구,2018-01,389.5943667375388
부산,부산_강서구,2018-02,375.3780256763277
부산,부산_강서구,2018-03,377.4717343516956
부산,부산_강서구,2018-04,357.8448199311612
부산,부산_강서구,2018-05,391.8108012707378
부산,부산_강서구,2018-06,353.5651149086624
부산,부산_강서구,2018-07,353.7673272288815
부산,부산_강서구,2018-08,353.29654736479154
부산,부산_강서구,2018-09,382.41142763010816
부산,부산_강서구,2018-10,352.9827038475115
부산,부산_강서구,2018-11,347.13641872889235
부산,부산_강서구,2018-12,332.162854702477
부산,부산_강서구,2019-01,351.6406382144418
부산,부산_강서구,2019-02,394.2036169335611
부산,부산_강서구,2019-03,388.39179794526115
부산,부산_강서구,2019-04,348.3234180736089
부산,부산_강서구,2019-05,383.2453933221139
부산,부산_강서구,2019-06,357.439446366782
부산,부산_강서구,2019-07,368.04138104654174
부산,부산_강서구,2019-08,386.6450582610655
부산,부산_강서구,2019-09,383.89483063070986
부산,부산_강서구,2019-10,389.20138077097636
부산,부산_강서구,2019-11,422.5230033398966
부산,부산_강서구,2019-12,428.66648216735655
부산,부산_강서구,2020-01,405.03652179482657
부산,부산_강서구,2020-02,420.0994235302355
부산,부산_강서구,2020-03,373.70242214532874
부산,부산_강서구,2020-04,400.0946890764148
부산,부산_강서구,2020-05,446.1107656606719
부산,부산_강서구,2020-06,465.06538976603895
부산,부산_강서구,2020-07,437.97543776772585
부산,부산_강서구,2020-08,446.6605567887119
부산,부산_강서구,2020-09,457.09882639876326
부산,부산_강서구,2020-10,441.7712191885413
부산,부산_강서구,2020-11,462.28489938489713
부산,부산_강서구,2020-12,419.5446796013563
부산,부산_강서구,2021-01,490.7614452159586
부산,부산_강서구,2021-02,478.57634495174307
부산,부산_강서구,2021-03,490.58084772370484
부산,부산_강서구,2021-04,435.39297746429486
부산,부산_강서구,2021-05,482.9496615795489
부산,부산_강서구,2021-06,481.79415025155623
부산,부산_강서구,2021-07,565.6505520234068
부산,부산_강서구,2021-08,358.6482932030506
부산,부산_강서구,2021-09,470.97609796302834
부산,부산_강서구,2021-10,480.35056547927564
부산,부산_강서구,2021-11,509.74908667572106
부산,부산_강서구,2021-12,547.5468511683537
부산,부산_강서구,2022-01,573.2901731575636
부산,부산_강서구,2022-02,314.1250382361938
부산,부산_강서구,2022-03,495.049504950495
부산,부산_강서구,2022-04,501.85566353113234
부산,부산_강서구,2022-05,489.58989907168467
부산,부산_강서구,2022-06,542.4063116370809
부산,부산_강서구,2022-07,449.0029616063224
부산,부산_강서구,2022-08,467.8845020624632
부산,부산_강서구,2022-09,536.8904138104234
부산,부산_강서구,2022-10,533.8043265137155
부산,부산_강서구,2022-11,527.0898288134596
부산,부산_강서구,2022-12,494.68461038101725
부산,부산_강서구,2023-01,508.2176353281128
부산,부산_강서구,2023-02,532.3226782844731
부산,부산_강서구,2023-03,539.7918773171554
부산,부산_강서구,2023-04,555.4412030210156
부산,부산_강서구,2023-05,526.3434071723464
부산,부산_강서구,2023-06,536.593658816998
부산,부산_강서구,2023-07,546.9030593920397
부산,부산_강서구,2023-08,562.8517823639775
부산,부산_강서구,2023-09,512.8008625410978
부산,부산_강서구,2023-10,443.7869822485207
부산,부산_강서구,2023-11,502.54120837908715
부산,부산_강서구,2023-12,500.05883045064127
부산,부산_강서구,2024-01,546.8860958699489
부산,부산_강서구,2024-02,506.3403011896235
부산,부산_강서구,2024-03,525.083666471592
부산,부산_강서구,2024-04,528.1817609935989
부산,부산_강서구,2024-05,509.5324032984521
부산,부산_강서구,2024-06,523.7208561359166
부산,부산_강서구,2024-07,541.5015989143039
부산,부산_강서구,2024-08,525.0297516859289
부산,부산_강서구,2024-09,515.5464884839803
부산,부산_강서구,2024-10,525.0430535303896
부산,부산_강서구,2024-11,526.6262217728345
부산,부산_강서구,2024-12,523.0677488789588
부산,부산_강서구,2025-01,541.208306370963
부산,부산_강서구,2025-02,554.7967462491777
부산,부산_강서구,2025-03,532.1772998124428
부산,부산_강서구,2025-04,483.3248329537315
부산,부산_강서구,2025-05,505.1195449589736
부산,부산_강서구,2025-06,524.2276214462025
부산,부산_강서구,2025-07,518.4676046821476
부산,부산_강서구,2025-08,505.21891135428984
부산,부산_강서구,2025-09,506.7866061634587
부산,부산_강서구,2025-10,516.6506822893289
부산,부산_강서구,2025-11,517.7091839256004
부산,부산_강서구,2025-12,492.52840346027904
부산,부산_금정구,2006-01,157.49027809290197
부산,부산_금정구,2006-02,158.03122261383527
부산,부산_금정구,2006-03,152.95018677216171
부산,부산_금정구,2006-04,153.1213191990577
부산,부산_금정구,2006-05,154.68113740997148
부산,부산_금정구,2006-06,147.128062301946
부산,부산_금정구,2006-07,141.57373796948542
부산,부산_금정구,2006-08,150.10155500916946
부산,부산_금정구,2006-09,159.07839197657665
부산,부산_금정구,2006-10,153.02218874734115
부산,부산_금정구,2006-11,167.68369414961057
부산,부산_금정구,2006-12,151.3717626567709
부산,부산_금정구,2007-01,160.02667111185198
부산,부산_금정구,2007-02,147.43381283144396
부산,부산_금정구,2007-03,159.32728688894406
부산,부산_금정구,2007-04,153.3923303834808
부산,부산_금정구,2007-05,157.4848288299453
부산,부산_금정구,2007-06,169.50113378684807
부산,부산_금정구,2007-07,164.22010219452403
부산,부산_금정구,2007-08,168.80868349204235
부산,부산_금정구,2007-09,228.75950190141435
부산,부산_금정구,2007-10,158.43238687774954
부산,부산_금정구,2007-11,161.69361560260043
부산,부산_금정구,2007-12,157.8543755329171
부산,부산_금정구,2008-01,166.31768469983317
부산,부산_금정구,2008-02,155.8625575628764
부산,부산_금정구,2008-03,164.48830799324264
부산,부산_금정구,2008-04,195.58258346825588
부산,부산_금정구,2008-05,156.56991448873902
부산,부산_금정구,2008-06,160.481444332999
부산,부산_금정구,2008-07,176.1168384879725
부산,부산_금정구,2008-08,168.29469224432154
부산,부산_금정구,2008-09,160.22477152521176
부산,부산_금정구,2008-10,150.03512313737818
부산,부산_금정구,2008-11,175.61465127947818
부산,부산_금정구,2008-12,185.85498995761606
부산,부산_금정구,2009-01,156.48510382184773
부산,부산_금정구,2009-02,164.99707425004465
부산,부산_금정구,2009-03,180.03000500083346
부산,부산_금정구,2009-04,166.82896021119717
부산,부산_금정구,2009-05,199.49821712611336
부산,부산_금정구,2009-06,164.1494920742394
부산,부산_금정구,2009-07,164.82224801518134
부산,부산_금정구,2009-08,186.93167518871323
부산,부산_금정구,2009-09,183.36389398233038
부산,부산_금정구,2009-10,187.05882352941177
부산,부산_금정구,2009-11,186.19893090502222
부산,부산_금정구,2009-12,188.40579710144928
부산,부산_금정구,2010-01,182.67602225985968
부산,부산_금정구,2010-02,183.51685018351685
부산,부산_금정구,2010-03,181.6618612568173
부산,부산_금정구,2010-04,182.1524064171123
부산,부산_금정구,2010-05,181.42206377500494
부산,부산_금정구,2010-06,195.31751946750276
부산,부산_금정구,2010-07,244.60112927159912
부산,부산_금정구,2010-08,191.92443326000551
부산,부산_금정구,2010-09,202.47977389392355
부산,부산_금정구,2010-10,193.05940025680326
부산,부산_금정구,2010-11,208.88653727737005
부산,부산_금정구,2010-12,198.2641225991852
부산,부산_금정구,2011-01,225.81629539212696
부산,부산_금정구,2011-02,219.9567989041673
부산,부산_금정구,2011-03,221.20423640071738
부산,부산_금정구,2011-04,221.94229500329914
부산,부산_금정구,2011-05,240.6731787689773
부산,부산_금정구,2011-06,229.23907416993274
부산,부산_금정구,2011-07,191.52232079988732
부산,부산_금정구,2011-08,241.46517904343227
부산,부산_금정구,2011-09,245.45019157088123
부산,부산_금정구,2011-10,236.69078928440405
부산,부산_금정구,2011-11,242.39535303974773
부산,부산_금정구,2011-12,238.21506458647877
부산,부산_금정구,2012-01,237.20750835690407
부산,부산_금정구,2012-02,250.67497184191888
부산,부산_금정구,2012-03,236.01356985359627
부산,부산_금정구,2012-04,236.78346082981525
부산,부산_금정구,2012-05,241.7761853237655
부산,부산_금정구,2012-06,243.8525530636964
부산,부산_금정구,2012-07,236.804778073192
부산,부산_금정구,2012-08,241.47969106828683
부산,부산_금정구,2012-09,262.1742199603309
부산,부산_금정구,2012-10,253.04184813212348
부산,부산_금정구,2012-11,240.831964969896
부산,부산_금정구,2012-12,249.93920276037485
부산,부산_금정구,2013-01,246.60718528988264
부산,부산_금정구,2013-02,252.71752857777628
부산,부산_금정구,2013-03,262.10887321998433
부산,부산_금정구,2013-04,246.29250776838026
부산,부산_금정구,2013-05,248.7482428300219
부산,부산_금정구,2013-06,246.08199161449397
부산,부산_금정구,2013-07,247.57727093011323
부산,부산_금정구,2013-08,255.41431261770248
부산,부산_금정구,2013-09,238.6934673366834
부산,부산_금정구,2013-10,257.05882200059017
부산,부산_금정구,2013-11,265.882054370755
부산,부산_금정구,2013-12,266.8614433769493
부산,부산_금정구,2014-01,267.22369697346016
부산,부산_금정구,2014-02,267.8221147386806
부산,부산_금정구,2014-03,269.8630890706311
부산,부산_금정구,2014-04,264.2073778664008
부산,부산_금정구,2014-05,260.6165927809192
부산,부산_금정구,2014-06,263.3996088633687
부산,부산_금정구,2014-07,286.76492506272575
부산,부산_금정구,2014-08,285.38010381846584
부산,부산_금정구,2014-09,254.41423366292634
부산,부산_금정구,2014-10,273.78964941569285
부산,부산_금정구,2014-11,273.7140160453044
부산,부산_금정구,2014-12,298.74750404135705
부산,부산_금정구,2015-01,287.37679610497565
부산,부산_금정구,2015-02,291.8154353199671
부산,부산_금정구,2015-03,287.4713300274142
부산,부산_금정구,2015-04,295.2952952952953
부산,부산_금정구,2015-05,283.13655670172943
부산,부산_금정구,2015-06,274.24670433145013
부산,부산_금정구,2015-07,283.4658212162211
부산,부산_금정구,2015-08,284.99052293852446
부산,부산_금정구,2015-09,297.3830293417922
부산,부산_금정구,2015-10,293.62571430099297
부산,부산_금정구,2015-11,297.09974062721056
부산,부산_금정구,2015-12,312.02166490050627
부산,부산_금정구,2016-01,321.7102226486297
부산,부산_금정구,2016-02,330.73664069974035
부산,부산_금정구,2016-03,303.3849046672789
부산,부산_금정구,2016-04,334.4407068737956
부산,부산_금정구,2016-05,349.31774635255624
부산,부산_금정구,2016-06,365.006475921347
부산,부산_금정구,2016-07,363.43264305656317
부산,부산_금정구,2016-08,367.4091992506541
부산,부산_금정구,2016-09,385.618708019364
부산,부산_금정구,2016-10,376.78087837042267
부산,부산_금정구,2016-11,356.459501236449
부산,부산_금정구,2016-12,343.0755200416902
부산,부산_금정구,2017-01,372.2621418059042
부산,부산_금정구,2017-02,361.9254433586681
부산,부산_금정구,2017-03,382.92482563828986
부산,부산_금정구,2017-04,359.7029499055293
부산,부산_금정구,2017-05,372.79462347327797
부산,부산_금정구,2017-06,369.0167413345909
부산,부산_금정구,2017-07,382.3265335422676
부산,부산_금정구,2017-08,370.76312792113424
부산,부산_금정구,2017-09,389.9782135076253
부산,부산_금정구,2017-10,398.28034800511335
부산,부산_금정구,2017-11,387.70777012324044
부산,부산_금정구,2017-12,360.36036036036035
부산,부산_금정구,2018-01,361.16394774270964
부산,부산_금정구,2018-02,372.5780253522362
부산,부산_금정구,2018-03,363.1207635910914
부산,부산_금정구,2018-04,389.95235374303485
부산,부산_금정구,2018-05,413.4974043453182
부산,부산_금정구,2018-06,387.8301571380809
부산,부산_금정구,2018-07,319.11848883800803
부산,부산_금정구,2018-08,398.43075260320927
부산,부산_금정구,2018-09,398.73761368263877
부산,부산_금정구,2018-10,383.9034339773325
부산,부산_금정구,2018-11,388.3617963314358
부산,부산_금정구,2018-12,384.260682446972
부산,부산_금정구,2019-01,363.1207635910914
부산,부산_금정구,2019-02,415.2798682448652
부산,부산_금정구,2019-03,383.25098890262564
부산,부산_금정구,2019-04,389.56397426733383
부산,부산_금정구,2019-05,356.0830860534125
부산,부산_금정구,2019-06,411.8291450309284
부산,부산_금정구,2019-07,450.22772679216763
부산,부산_금정구,2019-08,446.09680726060844
부산,부산_금정구,2019-09,423.030821728507
부산,부산_금정구,2019-10,408.7420754087421
부산,부산_금정구,2019-11,470.9243398685144
부산,부산_금정구,2019-12,410.45121838228476
부산,부산_금정구,2020-01,422.1360819898394
부산,부산_금정구,2020-02,408.5300546583382
부산,부산_금정구,2020-03,388.25858963302505
부산,부산_금정구,2020-04,348.74065873235537
부산,부산_금정구,2020-05,393.9197330614515
부산,부산_금정구,2020-06,376.910216173408
부산,부산_금정구,2020-07,404.8493342096693
부산,부산_금정구,2020-08,392.1679880780932
부산,부산_금정구,2020-09,428.87885731350286
부산,부산_금정구,2020-10,451.9558063498131
부산,부산_금정구,2020-11,374.2103817632519
부산,부산_금정구,2020-12,359.41156803744565
부산,부산_금정구,2021-01,372.14583070518484
부산,부산_금정구,2021-02,377.3152231434116
부산,부산_금정구,2021-03,347.8842615822044
부산,부산_금정구,2021-04,360.59896098604463
부산,부산_금정구,2021-05,412.4077343638935
부산,부산_금정구,2021-06,383.3169558318772
부산,부산_금정구,2021-07,354.52611675726774
부산,부산_금정구,2021-08,415.7051717116872
부산,부산_금정구,2021-09,370.3703703703704
부산,부산_금정구,2021-10,361.6166390924131
부산,부산_금정구,2021-11,353.2320734722713
부산,부산_금정구,2021-12,375.1577476283518
부산,부산_금정구,2022-01,376.9890105244284
부산,부산_금정구,2022-02,386.2601738170782
부산,부산_금정구,2022-03,399.30732402974434
부산,부산_금정구,2022-04,401.51652355564113
부산,부산_금정구,2022-05,401.1326097215668
부산,부산_금정구,2022-06,365.9771209310154
부산,부산_금정구,2022-07,361.6206611777071
부산,부산_금정구,2022-08,353.4498965971047
부산,부산_금정구,2022-09,416.8358174331613
부산,부산_금정구,2022-10,467.7191433321973
부산,부산_금정구,2022-11,471.2119612094153
부산,부산_금정구,2022-12,371.6322934949145
부산,부산_금정구,2023-01,467.7041921544014
부산,부산_금정구,2023-02,574.3649548520333
부산,부산_금정구,2023-03,469.6933357889483
부산,부산_금정구,2023-04,530.0307872168689
부산,부산_금정구,2023-05,415.55214309334224
부산,부산_금정구,2023-06,467.75059957904
부산,부산_금정구,2023-07,539.1308128683415
부산,부산_금정구,2023-08,469.74256101638247
부산,부산_금정구,2023-09,512.4132100125541
부산,부산_금정구,2023-10,523.7635648878322
부산,부산_금정구,2023-11,501.5275398661416
부산,부산_금정구,2023-12,546.1922596754058
부산,부산_금정구,2024-01,467.90377549295624
부산,부산_금정구,2024-02,482.4641917430372
부산,부산_금정구,2024-03,452.5754292382063
부산,부산_금정구,2024-04,449.5070746283904
부산,부산_금정구,2024-05,482.36561069729873
부산,부산_금정구,2024-06,534.4249246688272
부산,부산_금정구,2024-07,518.0737077593312
부산,부산_금정구,2024-08,453.3582154728291
부산,부산_금정구,2024-09,438.40949114839185
부산,부산_금정구,2024-10,471.61706275278175
부산,부산_금정구,2024-11,496.39799876853874
부산,부산_금정구,2024-12,433.9817724510798
부산,부산_금정구,2025-01,500.1176747469993
부산,부산_금정구,2025-02,467.10189659628384
부산,부산_금정구,2025-03,425.9931394491977
부산,부산_금정구,2025-04,412.0265046986706
부산,부산_금정구,2025-05,441.27027841897524
부산,부산_금정구,2025-06,459.6464483074381
부산,부산_금정구,2025-07,436.5765353132973
부산,부산_금정구,2025-08,479.8395192025121
부산,부산_금정구,2025-09,467.84432110864327
부산,부산_금정구,2025-10,479.3554248059196
부산,부산_금정구,2025-11,461.2520764447596
부산,부산_금정구,2025-12,449.03463833754154
부산,부산_기장군,2006-01,99.34280910897141
부산,부산_기장군,2006-02,95.07350869158877
부산,부산_기장군,2006-03,101.78266752956404
부산,부산_기장군,2006-04,92.46861924686192
부산,부산_기장군,2006-05,94.3474642214735
부산,부산_기장군,2006-06,98.69976359338062
부산,부산_기장군,2006-07,103.49977621311297
부산,부산_기장군,2006-08,96.33611182977322
부산,부산_기장군,2006-09,114.69162627444426
부산,부산_기장군,2006-10,114.77238189556658
부산,부산_기장군,2006-11,118.08457295671069
부산,부산_기장군,2006-12,114.02597402597402
부산,부산_기장군,2007-01,102.9466182688119
부산,부산_기장군,2007-02,114.96518197345947
부산,부산_기장군,2007-03,119.71388729516325
부산,부산_기장군,2007-04,107.0903206825537
부산,부산_기장군,2007-05,116.36363636363636
부산,부산_기장군,2007-06,99.4889906002706
부산,부산_기장군,2007-07,121.21340011986317
부산,부산_기장군,2007-08,131.73063116582807
부산,부산_기장군,2007-09,112.52653927813164
부산,부산_기장군,2007-10,115.90280637759605
부산,부산_기장군,2007-11,105.31270224157204
부산,부산_기장군,2007-12,117.71285675610761
부산,부산_기장군,2008-01,112.78195488721805
부산,부산_기장군,2008-02,130.06503251625813
부산,부산_기장군,2008-03,113.85701676963814
부산,부산_기장군,2008-04,121.72096908939014
부산,부산_기장군,2008-05,129.43460610696005
부산,부산_기장군,2008-06,120.8239632313412
부산,부산_기장군,2008-07,123.59849959391298
부산,부산_기장군,2008-08,125.1821930713308
부산,부산_기장군,2008-09,125.31328320802005
부산,부산_기장군,2008-10,127.65957446808511
부산,부산_기장군,2008-11,127.26942982579027
부산,부산_기장군,2008-12,123.42914022645266
부산,부산_기장군,2009-01,130.57975452325263
부산,부산_기장군,2009-02,125.1082251082251
부산,부산_기장군,2009-03,128.84160756501183
부산,부산_기장군,2009-04,151.81023254270474
부산,부산_기장군,2009-05,128.36970474967907
부산,부산_기장군,2009-06,146.1791826697506
부산,부산_기장군,2009-07,155.3672316384181
부산,부산_기장군,2009-08,157.20390720390722
부산,부산_기장군,2009-09,161.46787109737923
부산,부산_기장군,2009-10,157.37198456583005
부산,부산_기장군,2009-11,180.07896980630807
부산,부산_기장군,2009-12,120.84859459237006
부산,부산_기장군,2010-01,120.84859459237006
부산,부산_기장군,2010-02,194.84712668209903
부산,부산_기장군,2010-03,173.00129046147774
부산,부산_기장군,2010-04,154.2952460383653
부산,부산_기장군,2010-05,158.36447834740832
부산,부산_기장군,2010-06,180.34827564603688
부산,부산_기장군,2010-07,167.54850088183423
부산,부산_기장군,2010-08,179.72207631356207
부산,부산_기장군,2010-09,174.1405926427953
부산,부산_기장군,2010-10,185.5583747660662
부산,부산_기장군,2010-11,201.53262752302237
부산,부산_기장군,2010-12,189.0740039399647
부산,부산_기장군,2011-01,189.66067398739784
부산,부산_기장군,2011-02,194.32988816537986
부산,부산_기장군,2011-03,198.84973078805677
부산,부산_기장군,2011-04,200.10105300925645
부산,부산_기장군,2011-05,209.3055665134689
부산,부산_기장군,2011-06,193.4893035609081
부산,부산_기장군,2011-07,212.76595744680853
부산,부산_기장군,2011-08,205.67375886524823
부산,부산_기장군,2011-09,211.74921999161086
부산,부산_기장군,2011-10,218.8621521444961
부산,부산_기장군,2011-11,217.207505557281
부산,부산_기장군,2011-12,217.28785226070013
부산,부산_기장군,2012-01,220.1136463688021
부산,부산_기장군,2012-02,233.44587916347479
부산,부산_기장군,2012-03,220.63994464128177
부산,부산_기장군,2012-04,232.0100777534536
부산,부산_기장군,2012-05,180.3429236465783
부산,부산_기장군,2012-06,223.6515991974507
부산,부산_기장군,2012-07,149.37106918238993
부산,부산_기장군,2012-08,194.73360942589568
부산,부산_기장군,2012-09,223.04009321937608
부산,부산_기장군,2012-10,212.43951374955742
부산,부산_기장군,2012-11,209.20502092050208
부산,부산_기장군,2012-12,212.76595744680853
부산,부산_기장군,2013-01,207.9754208922514
부산,부산_기장군,2013-02,215.34715142271094
부산,부산_기장군,2013-03,224.94062414845763
부산,부산_기장군,2013-04,228.84069748995597
부산,부산_기장군,2013-05,233.80079688974195
부산,부산_기장군,2013-06,209.88518046010125
부산,부산_기장군,2013-07,233.54344379859592
부산,부산_기장군,2013-08,222.83272283272285
부산,부산_기장군,2013-09,213.511259382819
부산,부산_기장군,2013-10,141.09347442680775
부산,부산_기장군,2013-11,232.68905986113717
부산,부산_기장군,2013-12,230.9866924084672
부산,부산_기장군,2014-01,242.8739555137107
부산,부산_기장군,2014-02,245.1494458260583
부산,부산_기장군,2014-03,241.66012598819066
부산,부산_기장군,2014-04,239.32337119721151
부산,부산_기장군,2014-05,248.74970511913187
부산,부산_기장군,2014-06,246.50861052134937
부산,부산_기장군,2014-07,247.84609937448363
부산,부산_기장군,2014-08,257.7136777396855
부산,부산_기장군,2014-09,249.7539054923903
부산,부산_기장군,2014-10,250.73364401412118
부산,부산_기장군,2014-11,263.38513240937385
부산,부산_기장군,2014-12,260.73209914040746
부산,부산_기장군,2015-01,257.1857366318373
부산,부산_기장군,2015-02,268.2974760032619
부산,부산_기장군,2015-03,265.91363689845866
부산,부산_기장군,2015-04,266.4236631367496
부산,부산_기장군,2015-05,272.47548571898307
부산,부산_기장군,2015-06,275.1375687843922
부산,부산_기장군,2015-07,279.470070592786
부산,부산_기장군,2015-08,274.24626140455746
부산,부산_기장군,2015-09,278.7710997837626
부산,부산_기장군,2015-10,290.74979240582775
부산,부산_기장군,2015-11,289.01338227841165
부산,부산_기장군,2015-12,278.63576879578767
부산,부산_기장군,2016-01,278.4725696181424
부산,부산_기장군,2016-02,277.45236606559297
부산,부산_기장군,2016-03,262.2340041369183
부산,부산_기장군,2016-04,300.61642672515984
부산,부산_기장군,2016-05,287.76832202526134
부산,부산_기장군,2016-06,285.04029880086495
부산,부산_기장군,2016-07,292.6944411660569
부산,부산_기장군,2016-08,303.1820537485776
부산,부산_기장군,2016-09,305.71192154209245
부산,부산_기장군,2016-10,318.3478929093874
부산,부산_기장군,2016-11,313.6754900921469
부산,부산_기장군,2016-12,314.3070198115572
부산,부산_기장군,2017-01,306.4747148108489
부산,부산_기장군,2017-02,309.4980661168771
부산,부산_기장군,2017-03,315.26354436037417
부산,부산_기장군,2017-04,318.1910079970139
부산,부산_기장군,2017-05,314.6958510827729
부산,부산_기장군,2017-06,306.92243536280233
부산,부산_기장군,2017-07,326.09271631156525
부산,부산_기장군,2017-08,318.29762230333984
부산,부산_기장군,2017-09,320.08002000500124
부산,부산_기장군,2017-10,312.90241055203205
부산,부산_기장군,2017-11,308.9153176507876
부산,부산_기장군,2017-12,313.94825335754024
부산,부산_기장군,2018-01,304.0153410818269
부산,부산_기장군,2018-02,342.36310529250386
부산,부산_기장군,2018-03,312.87407442008663
부산,부산_기장군,2018-04,313.2387706855792
부산,부산_기장군,2018-05,318.32226569736144
부산,부산_기장군,2018-06,300.44749002632153
부산,부산_기장군,2018-07,302.0003770833438
부산,부산_기장군,2018-08,295.32633560083895
부산,부산_기장군,2018-09,297.68628336910274
부산,부산_기장군,2018-10,299.29865611114815
부산,부산_기장군,2018-11,306.4230995875074
부산,부산_기장군,2018-12,286.34788431911414
부산,부산_기장군,2019-01,291.8180725144949
부산,부산_기장군,2019-02,297.24838618503884
부산,부산_기장군,2019-03,285.07215324336
부산,부산_기장군,2019-04,293.3408670092914
부산,부산_기장군,2019-05,295.5082742316785
부산,부산_기장군,2019-06,284.47394152538897
부산,부산_기장군,2019-07,283.3890665164149
부산,부산_기장군,2019-08,280.1173197244964
부산,부산_기장군,2019-09,275.3042111533244
부산,부산_기장군,2019-10,280.20544482981717
부산,부산_기장군,2019-11,286.9837837477079
부산,부산_기장군,2019-12,284.84687626817765
부산,부산_기장군,2020-01,284.47394152538897
부산,부산_기장군,2020-02,281.52292827408513
부산,부산_기장군,2020-03,282.57064266066516
부산,부산_기장군,2020-04,282.45263034012004
부산,부산_기장군,2020-05,279.10611775292045
부산,부산_기장군,2020-06,290.1087594330136
부산,부산_기장군,2020-07,283.97037353797015
부산,부산_기장군,2020-08,287.7070405420717
부산,부산_기장군,2020-09,288.245128363203
부산,부산_기장군,2020-10,292.52026926930193
부산,부산_기장군,2020-11,308.5904920767306
부산,부산_기장군,2020-12,333.6113427856547
부산,부산_기장군,2021-01,347.5765080696661
부산,부산_기장군,2021-02,340.1424596654599
부산,부산_기장군,2021-03,346.9766108581104
부산,부산_기장군,2021-04,349.98302813055193
부산,부산_기장군,2021-05,362.77814689661636
부산,부산_기장군,2021-06,359.11857636086415
부산,부산_기장군,2021-07,359.56398486994794
부산,부산_기장군,2021-08,380.0250203690432
부산,부산_기장군,2021-09,389.7642459424239
부산,부산_기장군,2021-10,326.9311648348076
부산,부산_기장군,2021-11,388.394592892216
부산,부산_기장군,2021-12,392.380151048712
부산,부산_기장군,2022-01,388.8093080363668
부산,부산_기장군,2022-02,353.8147623681427
부산,부산_기장군,2022-03,377.9168206461559
부산,부산_기장군,2022-04,396.0751229638565
부산,부산_기장군,2022-05,381.2066106181773
부산,부산_기장군,2022-06,386.8203948135953
부산,부산_기장군,2022-07,372.7307276288479
부산,부산_기장군,2022-08,374.51931115198124
부산,부산_기장군,2022-09,375.07376450701975
부산,부산_기장군,2022-10,376.6035071201601
부산,부산_기장군,2022-11,370.6914160884841
부산,부산_기장군,2022-12,378.8879456798088
부산,부산_기장군,2023-01,384.4212454579794
부산,부산_기장군,2023-02,377.1990705814901
부산,부산_기장군,2023-03,396.1842700582153
부산,부산_기장군,2023-04,366.7355685007486
부산,부산_기장군,2023-05,381.91542704328936
부산,부산_기장군,2023-06,375.6348228506175
부산,부산_기장군,2023-07,365.40243160566655
부산,부산_기장군,2023-08,366.4968980458169
부산,부산_기장군,2023-09,376.55475929913746
부산,부산_기장군,2023-10,370.71907732140755
부산,부산_기장군,2023-11,359.97397335639016
부산,부산_기장군,2023-12,363.23144988894643
부산,부산_기장군,2024-01,366.11231837778075
부산,부산_기장군,2024-02,371.14101709133837
부산,부산_기장군,2024-03,369.10023795953
부산,부산_기장군,2024-04,366.4081305161808
부산,부산_기장군,2024-05,368.3268126549664
부산,부산_기장군,2024-06,390.3216951370488
부산,부산_기장군,2024-07,382.3317759587717
부산,부산_기장군,2024-08,364.0729901036399
부산,부산_기장군,2024-09,366.9724770642202
부산,부산_기장군,2024-10,361.76859622479395
부산,부산_기장군,2024-11,352.35108619969725
부산,부산_기장군,2024-12,355.5184726791522
부산,부산_기장군,2025-01,354.97835497835496
부산,부산_기장군,2025-02,363.69928006907764
부산,부산_기장군,2025-03,346.68400086671
부산,부산_기장군,2025-04,345.4387637563137
부산,부산_기장군,2025-05,347.3421675285027
부산,부산_기장군,2025-06,374.0045348977632
부산,부산_기장군,2025-07,350.6962917760448
부산,부산_기장군,2025-08,362.0712829547307
부산,부산_기장군,2025-09,358.9399418350345
부산,부산_기장군,2025-10,382.48793691891257
부산,부산_기장군,2025-11,366.8257582678338
부산,부산_기장군,2025-12,364.78678546550543
부산,부산_남구,2006-01,134.3690007760698
부산,부산_남구,2006-02,138.5643355795934
부산,부산_남구,2006-03,140.39505784213426
부산,부산_남구,2006-04,139.25950633755838
부산,부산_남구,2006-05,134.29475199642707
부산,부산_남구,2006-06,127.69212663292927
부산,부산_남구,2006-07,139.24561562936074
부산,부산_남구,2006-08,153.35250239613285
부산,부산_남구,2006-09,137.7755511022044
부산,부산_남구,2006-10,129.79929161747344
부산,부산_남구,2006-11,131.19391527890144
부산,부산_남구,2006-12,150.13614525139081
부산,부산_남구,2007-01,140.4897060504276
부산,부산_남구,2007-02,145.1553161883215
부산,부산_남구,2007-03,147.26316050215837
부산,부산_남구,2007-04,198.52596410469434
부산,부산_남구,2007-05,143.67934612232256
부산,부산_남구,2007-06,162.24711997529332
부산,부산_남구,2007-07,154.8635526536079
부산,부산_남구,2007-08,146.86078858724343
부산,부산_남구,2007-09,149.1681009753299
부산,부산_남구,2007-10,174.02320309374585
부산,부산_남구,2007-11,159.2873366567358
부산,부산_남구,2007-12,182.35294117647058
부산,부산_남구,2008-01,179.2201454170695
부산,부산_남구,2008-02,156.96056006532126
부산,부산_남구,2008-03,155.0258376396066
부산,부산_남구,2008-04,198.53813188941965
부산,부산_남구,2008-05,170.4949088325835
부산,부산_남구,2008-06,191.56510303687168
부산,부산_남구,2008-07,147.8179794272328
부산,부산_남구,2008-08,157.77699281761448
부산,부산_남구,2008-09,150.35081857667893
부산,부산_남구,2008-10,149.74495524813696
부산,부산_남구,2008-11,146.01773595451118
부산,부산_남구,2008-12,176.6392271071994
부산,부산_남구,2009-01,178.13616339363847
부산,부산_남구,2009-02,194.9398101250913
부산,부산_남구,2009-03,216.70276322148302
부산,부산_남구,2009-04,185.5683128286928
부산,부산_남구,2009-05,172.03186258081678
부산,부산_남구,2009-06,198.8235294117647
부산,부산_남구,2009-07,208.44184326175662
부산,부산_남구,2009-08,204.83808037456106
부산,부산_남구,2009-09,218.88790820829658
부산,부산_남구,2009-10,200.05701896078443
부산,부산_남구,2009-11,243.83247274813542
부산,부산_남구,2009-12,247.37021983965286
부산,부산_남구,2010-01,211.91523390643744
부산,부산_남구,2010-02,200.0
부산,부산_남구,2010-03,202.32323536497228
부산,부산_남구,2010-04,221.96291974588357
부산,부산_남구,2010-05,187.51046375355767
부산,부산_남구,2010-06,207.23118181821098
부산,부산_남구,2010-07,208.45601224826288
부산,부산_남구,2010-08,221.20394229327673
부산,부산_남구,2010-09,207.08318625720673
부산,부산_남구,2010-10,219.36258167755702
부산,부산_남구,2010-11,231.2755307197048
부산,부산_남구,2010-12,248.41731436951264
부산,부산_남구,2011-01,249.44799188398878
부산,부산_남구,2011-02,263.8303218764478
부산,부산_남구,2011-03,260.96311767412135
부산,부산_남구,2011-04,249.16387959866222
부산,부산_남구,2011-05,267.694265306253
부산,부산_남구,2011-06,279.3137626993704
부산,부산_남구,2011-07,258.3050699603166
부산,부산_남구,2011-08,266.355923142762
부산,부산_남구,2011-09,303.29907997213
부산,부산_남구,2011-10,298.7795107360325
부산,부산_남구,2011-11,283.63682473580064
부산,부산_남구,2011-12,266.844563042028
부산,부산_남구,2012-01,257.99793601651186
부산,부산_남구,2012-02,291.54187537654707
부산,부산_남구,2012-03,279.7109605870732
부산,부산_남구,2012-04,281.34597374672626
부산,부산_남구,2012-05,289.8823296202442
부산,부산_남구,2012-06,270.69974581142947
부산,부산_남구,2012-07,261.75395024615534
부산,부산_남구,2012-08,285.95361642028536
부산,부산_남구,2012-09,276.85492801771875
부산,부산_남구,2012-10,287.95561405973615
부산,부산_남구,2012-11,264.92405510420343
부산,부산_남구,2012-12,267.46961043719915
부산,부산_남구,2013-01,265.72407320269343
부산,부산_남구,2013-02,255.56471558120364
부산,부산_남구,2013-03,267.5140694326464
부산,부산_남구,2013-04,267.00073132803567
부산,부산_남구,2013-05,255.04250708451409
부산,부산_남구,2013-06,257.76541492814096
부산,부산_남구,2013-07,268.4948777514471
부산,부산_남구,2013-08,270.1510941778074
부산,부산_남구,2013-09,275.5696873343932
부산,부산_남구,2013-10,272.2515192853875
부산,부산_남구,2013-11,269.94893944528366
부산,부산_남구,2013-12,283.63682473580064
부산,부산_남구,2014-01,278.6449512705042
부산,부산_남구,2014-02,282.2861667166636
부산,부산_남구,2014-03,276.91366253324475
부산,부산_남구,2014-04,274.59203925620886
부산,부산_남구,2014-05,284.1323229831561
부산,부산_남구,2014-06,275.29736824157743
부산,부산_남구,2014-07,284.8898487748273
부산,부산_남구,2014-08,287.4312029392919
부산,부산_남구,2014-09,275.8595717911603
부산,부산_남구,2014-10,268.77283979724155
부산,부산_남구,2014-11,292.41511010324047
부산,부산_남구,2014-12,301.5686983335372
부산,부산_남구,2015-01,294.35936804575994
부산,부산_남구,2015-02,286.1047115785615
부산,부산_남구,2015-03,294.3600612268927
부산,부산_남구,2015-04,299.8505456965952
부산,부산_남구,2015-05,305.5670715848737
부산,부산_남구,2015-06,297.78490424850463
부산,부산_남구,2015-07,316.5808328547353
부산,부산_남구,2015-08,294.1349501325416
부산,부산_남구,2015-09,305.7206353767841
부산,부산_남구,2015-10,308.0808080808081
부산,부산_남구,2015-11,313.9796290016704
부산,부산_남구,2015-12,306.3607332951524
부산,부산_남구,2016-01,317.037037037037
부산,부산_남구,2016-02,311.56575298058567
부산,부산_남구,2016-03,315.7700414659232
부산,부산_남구,2016-04,313.9126067302863
부산,부산_남구,2016-05,317.9540192913123
부산,부산_남구,2016-06,336.929615161823
부산,부산_남구,2016-07,350.9809720989845
부산,부산_남구,2016-08,370.4833230557188
부산,부산_남구,2016-09,370.81339712918657
부산,부산_남구,2016-10,367.0571245186136
부산,부산_남구,2016-11,345.11784511784515
부산,부산_남구,2016-12,344.8627375215167
부산,부산_남구,2017-01,314.9117079367863
부산,부산_남구,2017-02,327.38488400810996
부산,부산_남구,2017-03,335.4579000335458
부산,부산_남구,2017-04,350.28606695467965
부산,부산_남구,2017-05,328.9694370326604
부산,부산_남구,2017-06,361.3886594977407
부산,부산_남구,2017-07,360.77271573571744
부산,부산_남구,2017-08,345.2301534356237
부산,부산_남구,2017-09,367.31038227664476
부산,부산_남구,2017-10,371.73202614379085
부산,부산_남구,2017-11,361.07657335192096
부산,부산_남구,2017-12,397.837503914174
부산,부산_남구,2018-01,355.39745281806825
부산,부산_남구,2018-02,339.7149265610303
부산,부산_남구,2018-03,354.65830036829897
부산,부산_남구,2018-04,358.7951653529629
부산,부산_남구,2018-05,341.04512567647123
부산,부산_남구,2018-06,350.23348899266176
부산,부산_남구,2018-07,359.95312238406166
부산,부산_남구,2018-08,302.2480072595829
부산,부산_남구,2018-09,376.7933275124136
부산,부산_남구,2018-10,367.22609751014454
부산,부산_남구,2018-11,384.70588235294116
부산,부산_남구,2018-12,302.2480072595829
부산,부산_남구,2019-01,382.4949562529497
부산,부산_남구,2019-02,390.1677721420211
부산,부산_남구,2019-03,376.6035071201601
부산,부산_남구,2019-04,368.88268669385616
부산,부산_남구,2019-05,359.00673400673406
부산,부산_남구,2019-06,333.6457069479131
부산,부산_남구,2019-07,380.08249852681206
부산,부산_남구,2019-08,370.070157847143
부산,부산_남구,2019-09,383.519730522584
부산,부산_남구,2019-10,441.373900052813
부산,부산_남구,2019-11,461.7840551931373
부산,부산_남구,2019-12,457.4055415617128
부산,부산_남구,2020-01,380.21234890288275
부산,부산_남구,2020-02,407.9968236586111
부산,부산_남구,2020-03,405.49198342348774
부산,부산_남구,2020-04,400.4495713854754
부산,부산_남구,2020-05,399.21238098668493
부산,부산_남구,2020-06,482.3529411764706
부산,부산_남구,2020-07,417.0716500802593
부산,부산_남구,2020-08,360.7594936708861
부산,부산_남구,2020-09,413.0210353303306
부산,부산_남구,2020-10,445.98163752987045
부산,부산_남구,2020-11,341.6716915755486
부산,부산_남구,2020-12,307.5871496924128
부산,부산_남구,2021-01,320.01401534934064
부산,부산_남구,2021-02,318.2436070379898
부산,부산_남구,2021-03,315.95576619273305
부산,부산_남구,2021-04,322.6229001026036
부산,부산_남구,2021-05,327.7391231442407
부산,부산_남구,2021-06,318.2236051198642
부산,부산_남구,2021-07,327.3158467482813
부산,부산_남구,2021-08,345.0779627527097
부산,부산_남구,2021-09,318.5934688338889
부산,부산_남구,2021-10,339.55561210509927
부산,부산_남구,2021-11,367.89297658862876
부산,부산_남구,2021-12,333.1513525777153
부산,부산_남구,2022-01,328.0271932618525
부산,부산_남구,2022-02,368.5007571933367
부산,부산_남구,2022-03,367.90315394520934
부산,부산_남구,2022-04,350.0437554694337
부산,부산_남구,2022-05,374.17766348185035
부산,부산_남구,2022-06,345.8333333333333
부산,부산_남구,2022-07,329.0280501489181
부산,부산_남구,2022-08,340.50955414012736
부산,부산_남구,2022-09,765.6245062365126
부산,부산_남구,2022-10,450.21242583199245
부산,부산_남구,2022-11,450.2243618069671
부산,부산_남구,2022-12,494.1757853865161
부산,부산_남구,2023-01,655.9663722847984
부산,부산_남구,2023-02,624.6339353783777
부산,부산_남구,2023-03,554.1561712846348
부산,부산_남구,2023-04,544.908460086338
부산,부산_남구,2023-05,552.8745527639778
부산,부산_남구,2023-06,487.02398404553645
부산,부산_남구,2023-07,494.5043719451903
부산,부산_남구,2023-08,512.9875802605475
부산,부산_남구,2023-09,492.2036686356755
부산,부산_남구,2023-10,547.1875735467169
부산,부산_남구,2023-11,435.29667821575424
부산,부산_남구,2023-12,482.47952109788804
부산,부산_남구,2024-01,482.5346975161731
부산,부산_남구,2024-02,524.7767373936392
부산,부산_남구,2024-03,501.0865381560358
부산,부산_남구,2024-04,553.7518028403438
부산,부산_남구,2024-05,605.3208437116175
부산,부산_남구,2024-06,582.5577458674968
부산,부산_남구,2024-07,529.3528396485982
부산,부산_남구,2024-08,588.0215967319602
부산,부산_남구,2024-09,576.4705882352941
부산,부산_남구,2024-10,531.6357527784135
부산,부산_남구,2024-11,555.6015565640107
부산,부산_남구,2024-12,550.3048841473823
부산,부산_남구,2025-01,547.1956224350206
부산,부산_남구,2025-02,513.9873079400759
부산,부산_남구,2025-03,608.8675469538356
부산,부산_남구,2025-04,564.8387855966109
부산,부산_남구,2025-05,600.2751260994623
부산,부산_남구,2025-06,627.3987974756496
부산,부산_남구,2025-07,626.7081330694562
부산,부산_남구,2025-08,563.7924307452205
부산,부산_남구,2025-09,621.4261546375602
부산,부산_남구,2025-10,613.2286434919167
부산,부산_남구,2025-11,616.7177962617413
부산,부산_남구,2025-12,623.676159096258
부산,부산_동구,2006-01,78.35581245985871
부산,부산_동구,2006-02,131.4546430388184
부산,부산_동구,2006-03,144.3849840255591
부산,부산_동구,2006-04,116.19462599854756
부산,부산_동구,2006-05,117.54334410813988
부산,부산_동구,2006-06,135.0
부산,부산_동구,2006-07,127.5
부산,부산_동구,2006-08,123.86878451516188
부산,부산_동구,2006-09,141.24293785310735
부산,부산_동구,2006-10,121.08688158205285
부산,부산_동구,2006-11,156.38794299407238
부산,부산_동구,2006-12,147.00765483646487
부산,부산_동구,2007-01,155.22766582837255
부산,부산_동구,2007-02,135.06958519119038
부산,부산_동구,2007-03,172.3810355848409
부산,부산_동구,2007-04,131.0425160163075
부산,부산_동구,2007-05,133.1895669962496
부산,부산_동구,2007-06,160.1423487544484
부산,부산_동구,2007-07,136.29914876368056
부산,부산_동구,2007-08,133.3956248837892
부산,부산_동구,2007-09,133.52066099340766
부산,부산_동구,2007-10,183.03629982086198
부산,부산_동구,2007-11,175.4892946276107
부산,부산_동구,2007-12,183.75583301803505
부산,부산_동구,2008-01,138.6126137611945
부산,부산_동구,2008-02,183.80132931535013
부산,부산_동구,2008-03,159.01060070671377
부산,부산_동구,2008-04,147.18162839248436
부산,부산_동구,2008-05,136.5633535209595
부산,부산_동구,2008-06,177.3282543018521
부산,부산_동구,2008-07,137.80870514394869
부산,부산_동구,2008-08,193.6958614051973
부산,부산_동구,2008-09,234.46934011713233
부산,부산_동구,2008-10,163.47969782813976
부산,부산_동구,2008-11,175.58813501534266
부산,부산_동구,2008-12,159.30534983928476
부산,부산_동구,2009-01,94.74182851729039
부산,부산_동구,2009-02,200.8407286314806
부산,부산_동구,2009-03,155.32544378698225
부산,부산_동구,2009-04,198.9777957263337
부산,부산_동구,2009-05,158.50685651641527
부산,부산_동구,2009-06,225.84078635253366
부산,부산_동구,2009-07,255.9477585598306
부산,부산_동구,2009-08,222.30484058642827
부산,부산_동구,2009-09,222.30484058642827
부산,부산_동구,2009-10,210.75162979298068
부산,부산_동구,2009-11,230.22633315348116
부산,부산_동구,2009-12,239.44413535651285
부산,부산_동구,2010-01,230.27589567524177
부산,부산_동구,2010-02,236.5922665828356
부산,부산_동구,2010-03,215.65125355559968
부산,부산_동구,2010-04,214.86502844691927
부산,부산_동구,2010-05,214.3282397301052
부산,부산_동구,2010-06,201.51588065447544
부산,부산_동구,2010-07,174.0038277960266
부산,부산_동구,2010-08,232.32822540781018
부산,부산_동구,2010-09,201.98675496688742
부산,부산_동구,2010-10,188.3904809737024
부산,부산_동구,2010-11,236.04890449098173
부산,부산_동구,2010-12,240.4433226991726
부산,부산_동구,2011-01,229.50842825566534
부산,부산_동구,2011-02,217.2564255609007
부산,부산_동구,2011-03,223.54019429172465
부산,부산_동구,2011-04,214.9080348499516
부산,부산_동구,2011-05,264.1384141762005
부산,부산_동구,2011-06,208.4805653710247
부산,부산_동구,2011-07,229.86995928017865
부산,부산_동구,2011-08,213.21010312882362
부산,부산_동구,2011-09,259.326574984392
부산,부산_동구,2011-10,305.8971079781495
부산,부산_동구,2011-11,366.1308318525559
부산,부산_동구,2011-12,300.3348203723752
부산,부산_동구,2012-01,365.1376389384759
부산,부산_동구,2012-02,241.4844941535333
부산,부산_동구,2012-03,188.47736625514403
부산,부산_동구,2012-04,181.4791796146675
부산,부산_동구,2012-05,210.44333945872472
부산,부산_동구,2012-06,259.66157441467954
부산,부산_동구,2012-07,267.6440504602796
부산,부산_동구,2012-08,222.69321868270674
부산,부산_동구,2012-09,217.02771774376836
부산,부산_동구,2012-10,259.60311523738284
부산,부산_동구,2012-11,187.00640328189007
부산,부산_동구,2012-12,214.1217162877614
부산,부산_동구,2013-01,225.6312090155888
부산,부산_동구,2013-02,236.74733785091965
부산,부산_동구,2013-03,232.08333333333334
부산,부산_동구,2013-04,251.934497030772
부산,부산_동구,2013-05,275.62153165542804
부산,부산_동구,2013-06,260.49657083017206
부산,부산_동구,2013-07,241.66666666666666
부산,부산_동구,2013-08,280.37988344485217
부산,부산_동구,2013-09,280.40676600886025
부산,부산_동구,2013-10,259.16800654658203
부산,부산_동구,2013-11,269.3487896351858
부산,부산_동구,2013-12,280.40676600886025
부산,부산_동구,2014-01,238.7715977480101
부산,부산_동구,2014-02,281.2819638595295
부산,부산_동구,2014-03,268.65698176931215
부산,부산_동구,2014-04,227.9361176398778
부산,부산_동구,2014-05,277.04211297843653
부산,부산_동구,2014-06,287.0460811710707
부산,부산_동구,2014-07,271.90940094709083
부산,부산_동구,2014-08,295.33592432954777
부산,부산_동구,2014-09,286.30119399152653
부산,부산_동구,2014-10,294.1613430396672
부산,부산_동구,2014-11,292.49827942188574
부산,부산_동구,2014-12,287.5920477811868
부산,부산_동구,2015-01,291.33224522020106
부산,부산_동구,2015-02,304.72058063977204
부산,부산_동구,2015-03,323.2323232323232
부산,부산_동구,2015-04,290.8494840879364
부산,부산_동구,2015-05,315.37947468803964
부산,부산_동구,2015-06,297.07477200615415
부산,부산_동구,2015-07,311.98930322388946
부산,부산_동구,2015-08,323.55346662284705
부산,부산_동구,2015-09,318.2961332914178
부산,부산_동구,2015-10,322.6577437858508
부산,부산_동구,2015-11,288.5312454690445
부산,부산_동구,2015-12,333.7957634288938
부산,부산_동구,2016-01,326.1552970763911
부산,부산_동구,2016-02,339.38251237332076
부산,부산_동구,2016-03,299.8620337491857
부산,부산_동구,2016-04,316.485854023547
부산,부산_동구,2016-05,261.6666666666667
부산,부산_동구,2016-06,317.01444622792934
부산,부산_동구,2016-07,319.57390146471374
부산,부산_동구,2016-08,364.20264737648506
부산,부산_동구,2016-09,364.20264737648506
부산,부산_동구,2016-10,368.78614650476004
부산,부산_동구,2016-11,389.4575832450877
부산,부산_동구,2016-12,338.6764055659386
부산,부산_동구,2017-01,343.78404551507083
부산,부산_동구,2017-02,345.1776649746193
부산,부산_동구,2017-03,302.67569458060944
부산,부산_동구,2017-04,404.3787669248941
부산,부산_동구,2017-05,361.53615361536157
부산,부산_동구,2017-06,324.0665488810365
부산,부산_동구,2017-07,340.53405340534056
부산,부산_동구,2017-08,350.9896159503663
부산,부산_동구,2017-09,414.70584755050817
부산,부산_동구,2017-10,311.2671958208996
부산,부산_동구,2017-11,226.41509433962264
부산,부산_동구,2017-12,318.7462646922106
부산,부산_동구,2018-01,328.8762515523306
부산,부산_동구,2018-02,345.6082648801852
부산,부산_동구,2018-03,340.17446057517617
부산,부산_동구,2018-04,319.46275328181605
부산,부산_동구,2018-05,312.4018709941894
부산,부산_동구,2018-06,296.2515114873035
부산,부산_동구,2018-07,311.8599175985874
부산,부산_동구,2018-08,376.76269013270286
부산,부산_동구,2018-09,412.3828838012349
부산,부산_동구,2018-10,321.0272873194221
부산,부산_동구,2018-11,236.2982929020665
부산,부산_동구,2018-12,337.2393431951934
부산,부산_동구,2019-01,343.3436274616671
부산,부산_동구,2019-02,385.92775620661257
부산,부산_동구,2019-03,383.6317135549872
부산,부산_동구,2019-04,306.79912810194503
부산,부산_동구,2019-05,360.77160948313946
부산,부산_동구,2019-06,307.0866141732283
부산,부산_동구,2019-07,382.2055567989395
부산,부산_동구,2019-08,362.4296909933868
부산,부산_동구,2019-09,353.6151252976261
부산,부산_동구,2019-10,419.0687990757112
부산,부산_동구,2019-11,383.6317135549872
부산,부산_동구,2019-12,392.063680646311
부산,부산_동구,2020-01,370.63183903988704
부산,부산_동구,2020-02,382.90435755795545
부산,부산_동구,2020-03,405.6685415545134
부산,부산_동구,2020-04,363.55179338183495
부산,부산_동구,2020-05,386.63723916532905
부산,부산_동구,2020-06,432.2724113397267
부산,부산_동구,2020-07,406.7203647472935
부산,부산_동구,2020-08,402.8164714439889
부산,부산_동구,2020-09,370.20905923344947
부산,부산_동구,2020-10,376.76269013270286
부산,부산_동구,2020-11,378.24754425981763
부산,부산_동구,2020-12,264.02640264026405
부산,부산_동구,2021-01,292.1107449688125
부산,부산_동구,2021-02,298.33333333333337
부산,부산_동구,2021-03,316.2816281628163
부산,부산_동구,2021-04,319.03190319031904
부산,부산_동구,2021-05,265.4053311596882
부산,부산_동구,2021-06,298.3333333333333
부산,부산_동구,2021-07,385.1820669332772
부산,부산_동구,2021-08,330.03300330033005
부산,부산_동구,2021-09,344.44870889839956
부산,부산_동구,2021-10,349.5977746034133
부산,부산_동구,2021-11,369.52643901521583
부산,부산_동구,2021-12,373.0804653948253
부산,부산_동구,2022-01,312.65596877416056
부산,부산_동구,2022-02,382.93430723706064
부산,부산_동구,2022-03,404.91700035355916
부산,부산_동구,2022-04,357.49260769940196
부산,부산_동구,2022-05,394.5729579660952
부산,부산_동구,2022-06,305.28052805280527
부산,부산_동구,2022-07,409.96819453908097
부산,부산_동구,2022-08,368.79643888117795
부산,부산_동구,2022-09,296.81978798586573
부산,부산_동구,2022-10,341.9860607197635
부산,부산_동구,2022-11,301.6666666666667
부산,부산_동구,2022-12,448.90979050876444
부산,부산_동구,2023-01,469.36729760009433
부산,부산_동구,2023-02,462.3177216401171
부산,부산_동구,2023-03,306.3178047223995
부산,부산_동구,2023-04,494.1757853865161
부산,부산_동구,2023-05,530.2226935312831
부산,부산_동구,2023-06,481.8490821854334
부산,부산_동구,2023-07,484.40043341639375
부산,부산_동구,2023-08,493.28479894267014
부산,부산_동구,2023-09,450.7911384479762
부산,부산_동구,2023-10,469.1962464300285
부산,부산_동구,2023-11,463.3724745745706
부산,부산_동구,2023-12,435.4836811317868
부산,부산_동구,2024-01,396.4001151618836
부산,부산_동구,2024-02,518.1255630199655
부산,부산_동구,2024-03,575.7985410018391
부산,부산_동구,2024-04,411.94402269223076
부산,부산_동구,2024-05,419.0609012826616
부산,부산_동구,2024-06,511.34267629451875
부산,부산_동구,2024-07,484.72926341152925
부산,부산_동구,2024-08,474.0619001953037
부산,부산_동구,2024-09,405.5366965946904
부산,부산_동구,2024-10,426.7237700657155
부산,부산_동구,2024-11,544.1422447879648
부산,부산_동구,2024-12,600.1412096963991
부산,부산_동구,2025-01,514.2288714007111
부산,부산_동구,2025-02,435.823337333968
부산,부산_동구,2025-03,470.4650261648367
부산,부산_동구,2025-04,505.3050280929876
부산,부산_동구,2025-05,617.9160340383462
부산,부산_동구,2025-06,706.590417429942
부산,부산_동구,2025-07,584.4639846416617
부산,부산_동구,2025-08,618.0302375708234
부산,부산_동구,2025-09,559.0787716955941
부산,부산_동구,2025-10,588.7795441164101
부산,부산_동구,2025-11,636.8829941376889
부산,부산_동구,2025-12,483.58630427109074
부산,부산_동래구,2006-01,170.38491173852077
부산,부산_동래구,2006-02,163.62794448770956
부산,부산_동래구,2006-03,157.21692590734236
부산,부산_동래구,2006-04,165.52006533157254
부산,부산_동래구,2006-05,151.16795685501103
부산,부산_동래구,2006-06,154.60190679612623
부산,부산_동래구,2006-07,158.45217246268035
부산,부산_동래구,2006-08,160.02844950213372
부산,부산_동래구,2006-09,155.82096850089644
부산,부산_동래구,2006-10,147.06747503356576
부산,부산_동래구,2006-11,162.26164412387567
부산,부산_동래구,2006-12,168.5884804919843
부산,부산_동래구,2007-01,163.99244926852288
부산,부산_동래구,2007-02,171.47867757389974
부산,부산_동래구,2007-03,186.55838041431264
부산,부산_동래구,2007-04,164.89988221436982
부산,부산_동래구,2007-05,167.13885355651433
부산,부산_동래구,2007-06,166.62633807722077
부산,부산_동래구,2007-07,169.42079786346187
부산,부산_동래구,2007-08,172.13058929281186
부산,부산_동래구,2007-09,173.7032243140162
부산,부산_동래구,2007-10,176.70974020507393
부산,부산_동래구,2007-11,201.90329218106996
부산,부산_동래구,2007-12,170.40823886789656
부산,부산_동래구,2008-01,180.37851191823034
부산,부산_동래구,2008-02,175.26289434151226
부산,부산_동래구,2008-03,175.44028945321853
부산,부산_동래구,2008-04,177.38187298792604
부산,부산_동래구,2008-05,173.86609835045275
부산,부산_동래구,2008-06,189.79134740068372
부산,부산_동래구,2008-07,185.26154161773707
부산,부산_동래구,2008-08,175.30018823302737
부산,부산_동래구,2008-09,177.7973749995555
부산,부산_동래구,2008-10,171.68939246441857
부산,부산_동래구,2008-11,168.2462196259455
부산,부산_동래구,2008-12,164.11973593544434
부산,부산_동래구,2009-01,182.75585820148208
부산,부산_동래구,2009-02,183.91968278073062
부산,부산_동래구,2009-03,337.367878427198
부산,부산_동래구,2009-04,185.51236749116606
부산,부산_동래구,2009-05,187.14689265536725
부산,부산_동래구,2009-06,191.13527764046796
부산,부산_동래구,2009-07,217.18184992715396
부산,부산_동래구,2009-08,201.84092135736705
부산,부산_동래구,2009-09,194.2302479417527
부산,부산_동래구,2009-10,200.28694563970276
부산,부산_동래구,2009-11,204.51831715968962
부산,부산_동래구,2009-12,209.83142756100438
부산,부산_동래구,2010-01,200.54264480358617
부산,부산_동래구,2010-02,217.7141348490611
부산,부산_동래구,2010-03,198.3143282102132
부산,부산_동래구,2010-04,208.48970060878995
부산,부산_동래구,2010-05,210.95426249446126
부산,부산_동래구,2010-06,206.4774946717506
부산,부산_동래구,2010-07,207.94311058419714
부산,부산_동래구,2010-08,202.45325711563655
부산,부산_동래구,2010-09,210.70234113712377
부산,부산_동래구,2010-10,220.11083227789993
부산,부산_동래구,2010-11,237.29591578718058
부산,부산_동래구,2010-12,268.6373877044782
부산,부산_동래구,2011-01,247.74446948976117
부산,부산_동래구,2011-02,251.13008538422903
부산,부산_동래구,2011-03,251.30026491560434
부산,부산_동래구,2011-04,261.219022103148
부산,부산_동래구,2011-05,264.71857383272254
부산,부산_동래구,2011-06,261.02529342513645
부산,부산_동래구,2011-07,271.52212106692224
부산,부산_동래구,2011-08,276.03448396881873
부산,부산_동래구,2011-09,266.597510373444
부산,부산_동래구,2011-10,259.31733204679773
부산,부산_동래구,2011-11,268.99480887210945
부산,부산_동래구,2011-12,261.91969843804384
부산,부산_동래구,2012-01,284.5726918709143
부산,부산_동래구,2012-02,266.22851253088356
부산,부산_동래구,2012-03,264.88353597803865
부산,부산_동래구,2012-04,270.43046602948806
부산,부산_동래구,2012-05,248.63960163496455
부산,부산_동래구,2012-06,258.76460767946577
부산,부산_동래구,2012-07,265.94876815141134
부산,부산_동래구,2012-08,265.3324973991165
부산,부산_동래구,2012-09,265.73658860654376
부산,부산_동래구,2012-10,275.45909849749586
부산,부산_동래구,2012-11,280.79282680509675
부산,부산_동래구,2012-12,278.1782477413285
부산,부산_동래구,2013-01,275.45615067686873
부산,부산_동래구,2013-02,294.25041378964437
부산,부산_동래구,2013-03,281.3168950202346
부산,부산_동래구,2013-04,292.07557246812206
부산,부산_동래구,2013-05,267.9335730183188
부산,부산_동래구,2013-06,278.2608695652174
부산,부산_동래구,2013-07,294.26559356136823
부산,부산_동래구,2013-08,282.4858757062147
부산,부산_동래구,2013-09,283.9928902925197
부산,부산_동래구,2013-10,289.5882431882018
부산,부산_동래구,2013-11,281.7123459548487
부산,부산_동래구,2013-12,283.31696845415917
부산,부산_동래구,2014-01,292.0386904761905
부산,부산_동래구,2014-02,290.9843630601754
부산,부산_동래구,2014-03,291.7572735088286
부산,부산_동래구,2014-04,281.182408074982
부산,부산_동래구,2014-05,286.1179795125397
부산,부산_동래구,2014-06,292.7400796049303
부산,부산_동래구,2014-07,291.7572735088286
부산,부산_동래구,2014-08,284.02635764598955
부산,부산_동래구,2014-09,291.3964548205793
부산,부산_동래구,2014-10,291.99711607786594
부산,부산_동래구,2014-11,291.68700916768717
부산,부산_동래구,2014-12,295.798472637421
부산,부산_동래구,2015-01,301.2282109632949
부산,부산_동래구,2015-02,293.77064653138274
부산,부산_동래구,2015-03,293.7359915064292
부산,부산_동래구,2015-04,305.2123873676996
부산,부산_동래구,2015-05,298.2245619163698
부산,부산_동래구,2015-06,305.56586723396765
부산,부산_동래구,2015-07,307.4675475736286
부산,부산_동래구,2015-08,305.53261767134603
부산,부산_동래구,2015-09,309.23736176353646
부산,부산_동래구,2015-10,322.3488566249913
부산,부산_동래구,2015-11,320.24742196876656
부산,부산_동래구,2015-12,329.25795908485657
부산,부산_동래구,2016-01,325.3256784658576
부산,부산_동래구,2016-02,338.9131203583638
부산,부산_동래구,2016-03,329.72894152312165
부산,부산_동래구,2016-04,343.1146749479567
부산,부산_동래구,2016-05,343.8036305304953
부산,부산_동래구,2016-06,334.7895656296541
부산,부산_동래구,2016-07,359.0093160645308
부산,부산_동래구,2016-08,358.98236304042456
부산,부산_동래구,2016-09,370.65288130132166
부산,부산_동래구,2016-10,367.7766233879381
부산,부산_동래구,2016-11,339.8446265619467
부산,부산_동래구,2016-12,359.43266683440004
부산,부산_동래구,2017-01,369.31518412999895
부산,부산_동래구,2017-02,369.0558637256398
부산,부산_동래구,2017-03,383.39035035979714
부산,부산_동래구,2017-04,390.11779539370923
부산,부산_동래구,2017-05,406.6811909949165
부산,부산_동래구,2017-06,411.95856873822976
부산,부산_동래구,2017-07,382.91054695453107
부산,부산_동래구,2017-08,408.16326530612247
부산,부산_동래구,2017-09,411.88649196467355
부산,부산_동래구,2017-10,412.4440254536884
부산,부산_동래구,2017-11,383.2641328648994
부산,부산_동래구,2017-12,427.615371451875
부산,부산_동래구,2018-01,402.75139668192526
부산,부산_동래구,2018-02,389.8022998284515
부산,부산_동래구,2018-03,382.4909160514901
부산,부산_동래구,2018-04,370.1378626470238
부산,부산_동래구,2018-05,375.80868145521504
부산,부산_동래구,2018-06,405.9721523234357
부산,부산_동래구,2018-07,374.14565166156024
부산,부산_동래구,2018-08,400.3008557573716
부산,부산_동래구,2018-09,393.93939393939394
부산,부산_동래구,2018-10,402.85646436204496
부산,부산_동래구,2018-11,407.99110085156497
부산,부산_동래구,2018-12,397.04636242585644
부산,부산_동래구,2019-01,409.0928261144617
부산,부산_동래구,2019-02,406.0495498146296
부산,부산_동래구,2019-03,378.6898430311278
부산,부산_동래구,2019-04,377.4068524180314
부산,부산_동래구,2019-05,364.8561172247396
부산,부산_동래구,2019-06,352.1926834810271
부산,부산_동래구,2019-07,370.89514646571206
부산,부산_동래구,2019-08,408.99171776528834
부산,부산_동래구,2019-09,369.7067235895143
부산,부산_동래구,2019-10,409.2343309185724
부산,부산_동래구,2019-11,447.1361596342827
부산,부산_동래구,2019-12,408.87883730480314
부산,부산_동래구,2020-01,441.83512891901705
부산,부산_동래구,2020-02,441.4356192635441
부산,부산_동래구,2020-03,420.90340476899667
부산,부산_동래구,2020-04,426.19249450690734
부산,부산_동래구,2020-05,457.05279747832935
부산,부산_동래구,2020-06,471.35904596929095
부산,부산_동래구,2020-07,468.6725380266531
부산,부산_동래구,2020-08,453.5873422449905
부산,부산_동래구,2020-09,471.3219036361605
부산,부산_동래구,2020-10,461.757900857011
부산,부산_동래구,2020-11,437.3588124629656
부산,부산_동래구,2020-12,372.15153500219395
부산,부산_동래구,2021-01,403.04341014958055
부산,부산_동래구,2021-02,397.7137041454761
부산,부산_동래구,2021-03,398.37110481586404
부산,부산_동래구,2021-04,410.9756097560976
부산,부산_동래구,2021-05,457.0245702457024
부산,부산_동래구,2021-06,447.9666615702156
부산,부산_동래구,2021-07,418.33298252999367
부산,부산_동래구,2021-08,500.8347245409015
부산,부산_동래구,2021-09,464.08165545374726
부산,부산_동래구,2021-10,491.8716131721551
부산,부산_동래구,2021-11,454.63649108752253
부산,부산_동래구,2021-12,467.5081813931744
부산,부산_동래구,2022-01,470.53621958121107
부산,부산_동래구,2022-02,458.68704018109787
부산,부산_동래구,2022-03,500.82134700909495
부산,부산_동래구,2022-04,476.2373441785858
부산,부산_동래구,2022-05,477.326968973747
부산,부산_동래구,2022-06,442.0109481365905
부산,부산_동래구,2022-07,425.4611306477287
부산,부산_동래구,2022-08,441.77376264634324
부산,부산_동래구,2022-09,477.57920469357725
부산,부산_동래구,2022-10,515.791865485117
부산,부산_동래구,2022-11,517.8750805597024
부산,부산_동래구,2022-12,539.7460702334193
부산,부산_동래구,2023-01,617.8564907796239
부산,부산_동래구,2023-02,611.8928438525857
부산,부산_동래구,2023-03,611.6841844566732
부산,부산_동래구,2023-04,616.8408649128517
부산,부산_동래구,2023-05,570.5516690517966
부산,부산_동래구,2023-06,551.3581907911401
부산,부산_동래구,2023-07,600.35244219842
부산,부산_동래구,2023-08,547.6028175414679
부산,부산_동래구,2023-09,649.2807505707731
부산,부산_동래구,2023-10,582.5928323427294
부산,부산_동래구,2023-11,558.9201995428533
부산,부산_동래구,2023-12,616.3755015926774
부산,부산_동래구,2024-01,622.6314215121688
부산,부산_동래구,2024-02,586.7289450376395
부산,부산_동래구,2024-03,553.4946711417299
부산,부산_동래구,2024-04,541.448468819042
부산,부산_동래구,2024-05,558.2330936057574
부산,부산_동래구,2024-06,611.4913478672743
부산,부산_동래구,2024-07,664.6669686153753
부산,부산_동래구,2024-08,683.0456298034006
부산,부산_동래구,2024-09,642.8386016711668
부산,부산_동래구,2024-10,662.3954427193542
부산,부산_동래구,2024-11,628.3225610282097
부산,부산_동래구,2024-12,559.267348362289
부산,부산_동래구,2025-01,549.1319581809443
부산,부산_동래구,2025-02,570.4707787186828
부산,부산_동래구,2025-03,596.5935349427355
부산,부산_동래구,2025-04,583.6383187443405
부산,부산_동래구,2025-05,596.6080591608815
부산,부산_동래구,2025-06,683.2363922284017
부산,부산_동래구,2025-07,613.0918694585927
부산,부산_동래구,2025-08,590.0238422977152
부산,부산_동래구,2025-09,559.3829123240888
부산,부산_동래구,2025-10,647.2416329839674
부산,부산_동래구,2025-11,647.5205263519792
부산,부산_동래구,2025-12,600.2471605955393
부산,부산_부산진구,2006-01,148.932735133062
부산,부산_부산진구,2006-02,145.09337507292395
부산,부산_부산진구,2006-03,146.9619194874594
부산,부산_부산진구,2006-04,142.7448139656658
부산,부산_부산진구,2006-05,144.05144887510244
부산,부산_부산진구,2006-06,139.29534534120336
부산,부산_부산진구,2006-07,154.15549597855227
부산,부산_부산진구,2006-08,164.45066480055985
부산,부산_부산진구,2006-09,218.00613496932513
부산,부산_부산진구,2006-10,150.7032819825854
부산,부산_부산진구,2006-11,172.4715338245144
부산,부산_부산진구,2006-12,190.0221116639027
부산,부산_부산진구,2007-01,169.5648422037806
부산,부산_부산진구,2007-02,164.17910447761196
부산,부산_부산진구,2007-03,169.57055214723925
부산,부산_부산진구,2007-04,172.95311406578028
부산,부산_부산진구,2007-05,166.446165899273
부산,부산_부산진구,2007-06,166.76086636276716
부산,부산_부산진구,2007-07,158.84574876594024
부산,부산_부산진구,2007-08,156.46114075427155
부산,부산_부산진구,2007-09,156.4436183395291
부산,부산_부산진구,2007-10,156.46195757857518
부산,부산_부산진구,2007-11,151.11036900985138
부산,부산_부산진구,2007-12,154.8201992055832
부산,부산_부산진구,2008-01,155.51682531170397
부산,부산_부산진구,2008-02,155.13962566309678
부산,부산_부산진구,2008-03,158.11665495432186
부산,부산_부산진구,2008-04,151.13190843556345
부산,부산_부산진구,2008-05,162.81786749175575
부산,부산_부산진구,2008-06,164.20361247947454
부산,부산_부산진구,2008-07,161.70915958451369
부산,부산_부산진구,2008-08,165.3966566247268
부산,부산_부산진구,2008-09,159.63192638527704
부산,부산_부산진구,2008-10,163.17720699330889
부산,부산_부산진구,2008-11,166.9673116868919
부산,부산_부산진구,2008-12,161.85306146025687
부산,부산_부산진구,2009-01,168.4699083073067
부산,부산_부산진구,2009-02,169.73244147157192
부산,부산_부산진구,2009-03,163.72673228730145
부산,부산_부산진구,2009-04,166.80567139282735
부산,부산_부산진구,2009-05,176.00339181850495
부산,부산_부산진구,2009-06,179.0385124666121
부산,부산_부산진구,2009-07,182.11035267349263
부산,부산_부산진구,2009-08,188.39613204401468
부산,부산_부산진구,2009-09,183.1858407079646
부산,부산_부산진구,2009-10,197.45649263721555
부산,부산_부산진구,2009-11,188.39043918521133
부산,부산_부산진구,2009-12,198.63128025371392
부산,부산_부산진구,2010-01,196.30484988452656
부산,부산_부산진구,2010-02,199.7670620236019
부산,부산_부산진구,2010-03,197.1851110952347
부산,부산_부산진구,2010-04,239.2415649602508
부산,부산_부산진구,2010-05,208.58974020803765
부산,부산_부산진구,2010-06,217.67266737263208
부산,부산_부산진구,2010-07,222.93927838075683
부산,부산_부산진구,2010-08,220.02588539828216
부산,부산_부산진구,2010-09,216.34892233811613
부산,부산_부산진구,2010-10,216.66106818945246
부산,부산_부산진구,2010-11,224.31739868946232
부산,부산_부산진구,2010-12,231.1464413309517
부산,부산_부산진구,2011-01,236.39331409533003
부산,부산_부산진구,2011-02,234.07022106631987
부산,부산_부산진구,2011-03,245.05678977038227
부산,부산_부산진구,2011-04,250.99309601657225
부산,부산_부산진구,2011-05,252.7414967298825
부산,부산_부산진구,2011-06,262.14726999499084
부산,부산_부산진구,2011-07,260.65892190675817
부산,부산_부산진구,2011-08,260.4783329386692
부산,부산_부산진구,2011-09,255.40865384615384
부산,부산_부산진구,2011-10,301.00826470753225
부산,부산_부산진구,2011-11,291.6466602107839
부산,부산_부산진구,2011-12,267.667292057536
부산,부산_부산진구,2012-01,264.21740453817984
부산,부산_부산진구,2012-02,265.46700959500663
부산,부산_부산진구,2012-03,262.4133387922726
부산,부산_부산진구,2012-04,260.3123748498198
부산,부산_부산진구,2012-05,212.04347826086956
부산,부산_부산진구,2012-06,260.3231597845601
부산,부산_부산진구,2012-07,250.3379618887683
부산,부산_부산진구,2012-08,265.1515151515151
부산,부산_부산진구,2012-09,260.18538107612966
부산,부산_부산진구,2012-10,265.4792196776929
부산,부산_부산진구,2012-11,258.47980963114753
부산,부산_부산진구,2012-12,257.17004213674056
부산,부산_부산진구,2013-01,259.6314907872697
부산,부산_부산진구,2013-02,259.3335299275205
부산,부산_부산진구,2013-03,265.1429559833948
부산,부산_부산진구,2013-04,273.1384604152364
부산,부산_부산진구,2013-05,258.9453860640302
부산,부산_부산진구,2013-06,259.8767514696969
부산,부산_부산진구,2013-07,268.41134037913105
부산,부산_부산진구,2013-08,261.2559939943594
부산,부산_부산진구,2013-09,271.3544124587069
부산,부산_부산진구,2013-10,268.6779491041665
부산,부산_부산진구,2013-11,270.39471127633794
부산,부산_부산진구,2013-12,276.15154680649437
부산,부산_부산진구,2014-01,280.62613430127044
부산,부산_부산진구,2014-02,288.32525809640026
부산,부산_부산진구,2014-03,268.7240557531699
부산,부산_부산진구,2014-04,285.7316554197823
부산,부산_부산진구,2014-05,284.15711894592664
부산,부산_부산진구,2014-06,269.8224852071006
부산,부산_부산진구,2014-07,287.10406812693054
부산,부산_부산진구,2014-08,281.37508829762186
부산,부산_부산진구,2014-09,275.4131196795193
부산,부산_부산진구,2014-10,265.4867256637168
부산,부산_부산진구,2014-11,283.68794326241135
부산,부산_부산진구,2014-12,283.21400159108987
부산,부산_부산진구,2015-01,286.7073859072277
부산,부산_부산진구,2015-02,293.9118264520644
부산,부산_부산진구,2015-03,284.85534666609567
부산,부산_부산진구,2015-04,282.8440256644085
부산,부산_부산진구,2015-05,290.55690072639226
부산,부산_부산진구,2015-06,299.14470431008
부산,부산_부산진구,2015-07,294.87576038766883
부산,부산_부산진구,2015-08,307.8368788580872
부산,부산_부산진구,2015-09,300.7859913210051
부산,부산_부산진구,2015-10,301.0622694704465
부산,부산_부산진구,2015-11,302.663195835002
부산,부산_부산진구,2015-12,294.7937525030036
부산,부산_부산진구,2016-01,302.362835402483
부산,부산_부산진구,2016-02,301.78728391444474
부산,부산_부산진구,2016-03,303.38389731621936
부산,부산_부산진구,2016-04,317.7322858366715
부산,부산_부산진구,2016-05,320.37691401649
부산,부산_부산진구,2016-06,308.79009437301505
부산,부산_부산진구,2016-07,306.70804965959155
부산,부산_부산진구,2016-08,314.57562334496754
부산,부산_부산진구,2016-09,314.3772527032439
부산,부산_부산진구,2016-10,334.330459264473
부산,부산_부산진구,2016-11,345.3760691623039
부산,부산_부산진구,2016-12,350.57845444984224
부산,부산_부산진구,2017-01,344.74644075773625
부산,부산_부산진구,2017-02,356.79453836150844
부산,부산_부산진구,2017-03,348.5182218662395
부산,부산_부산진구,2017-04,353.9405379896177
부산,부산_부산진구,2017-05,364.33720464557473
부산,부산_부산진구,2017-06,349.7275809765339
부산,부산_부산진구,2017-07,353.2889172060045
부산,부산_부산진구,2017-08,351.61272052551294
부산,부산_부산진구,2017-09,341.93428783273004
부산,부산_부산진구,2017-10,341.5679182371382
부산,부산_부산진구,2017-11,331.18675252989885
부산,부산_부산진구,2017-12,352.2958498685276
부산,부산_부산진구,2018-01,349.49832775919737
부산,부산_부산진구,2018-02,349.3697423912148
부산,부산_부산진구,2018-03,332.9297820823245
부산,부산_부산진구,2018-04,320.6498503634032
부산,부산_부산진구,2018-05,332.39887865438527
부산,부산_부산진구,2018-06,334.9085404751229
부산,부산_부산진구,2018-07,336.8398102920762
부산,부산_부산진구,2018-08,334.3785548793521
부산,부산_부산진구,2018-09,332.9216800741083
부산,부산_부산진구,2018-10,339.8627155533233
부산,부산_부산진구,2018-11,347.8938506282963
부산,부산_부산진구,2018-12,350.0431719912122
부산,부산_부산진구,2019-01,316.78807386074874
부산,부산_부산진구,2019-02,332.0680369744966
부산,부산_부산진구,2019-03,329.82508152979545
부산,부산_부산진구,2019-04,328.96740163595587
부산,부산_부산진구,2019-05,329.2659306604687
부산,부산_부산진구,2019-06,356.45472061657034
부산,부산_부산진구,2019-07,321.2825236314602
부산,부산_부산진구,2019-08,358.9021815622801
부산,부산_부산진구,2019-09,330.09464640720523
부산,부산_부산진구,2019-10,342.68215890166323
부산,부산_부산진구,2019-11,341.31704243768564
부산,부산_부산진구,2019-12,387.13185625746826
부산,부산_부산진구,2020-01,334.80686616379126
부산,부산_부산진구,2020-02,348.48128090416765
부산,부산_부산진구,2020-03,336.72556566284146
부산,부산_부산진구,2020-04,323.11191030251746
부산,부산_부산진구,2020-05,341.2216323486731
부산,부산_부산진구,2020-06,341.1546773695585
부산,부산_부산진구,2020-07,382.86800439450474
부산,부산_부산진구,2020-08,394.85682902956535
부산,부산_부산진구,2020-09,395.56758149722975
부산,부산_부산진구,2020-10,408.72270174938683
부산,부산_부산진구,2020-11,381.25734444787315
부산,부산_부산진구,2020-12,332.7451474665994
부산,부산_부산진구,2021-01,360.91386081870166
부산,부산_부산진구,2021-02,377.50120095617274
부산,부산_부산진구,2021-03,365.0415495804946
부산,부산_부산진구,2021-04,368.8219351492063
부산,부산_부산진구,2021-05,417.6334106728538
부산,부산_부산진구,2021-06,385.3853769440036
부산,부산_부산진구,2021-07,366.7063252766595
부산,부산_부산진구,2021-08,373.37938345729305
부산,부산_부산진구,2021-09,400.3296832685741
부산,부산_부산진구,2021-10,381.2787430040058
부산,부산_부산진구,2021-11,398.961284230406
부산,부산_부산진구,2021-12,336.92270868017306
부산,부산_부산진구,2022-01,331.7261088134962
부산,부산_부산진구,2022-02,375.2952830907567
부산,부산_부산진구,2022-03,389.5077129717003
부산,부산_부산진구,2022-04,394.16401929638783
부산,부산_부산진구,2022-05,339.89501312335955
부산,부산_부산진구,2022-06,394.2233916862406
부산,부산_부산진구,2022-07,377.09168041480086
부산,부산_부산진구,2022-08,345.46061415220294
부산,부산_부산진구,2022-09,351.5000410159586
부산,부산_부산진구,2022-10,372.47508500820675
부산,부산_부산진구,2022-11,383.670963781461
부산,부산_부산진구,2022-12,384.6609066161676
부산,부산_부산진구,2023-01,407.0567627309505
부산,부산_부산진구,2023-02,410.2914054788489
부산,부산_부산진구,2023-03,375.0255759705133
부산,부산_부산진구,2023-04,398.4781738085703
부산,부산_부산진구,2023-05,401.424605685295
부산,부산_부산진구,2023-06,416.7361226871145
부산,부산_부산진구,2023-07,442.0350291909925
부산,부산_부산진구,2023-08,435.36503683858007
부산,부산_부산진구,2023-09,424.1094398946284
부산,부산_부산진구,2023-10,503.33086602516653
부산,부산_부산진구,2023-11,383.70104683655165
부산,부산_부산진구,2023-12,381.04543234000977
부산,부산_부산진구,2024-01,410.52259053910586
부산,부산_부산진구,2024-02,414.82096031052316
부산,부산_부산진구,2024-03,385.8017135862913
부산,부산_부산진구,2024-04,392.3171230077646
부산,부산_부산진구,2024-05,406.8825910931174
부산,부산_부산진구,2024-06,425.35446205170973
부산,부산_부산진구,2024-07,393.067841384732
부산,부산_부산진구,2024-08,425.4056193114365
부산,부산_부산진구,2024-09,434.52004018330763
부산,부산_부산진구,2024-10,418.6202277294039
부산,부산_부산진구,2024-11,398.46828790130735
부산,부산_부산진구,2024-12,413.463702323956
부산,부산_부산진구,2025-01,420.56952732241905
부산,부산_부산진구,2025-02,417.66640007109214
부산,부산_부산진구,2025-03,429.71509300682834
부산,부산_부산진구,2025-04,396.79736253385136
부산,부산_부산진구,2025-05,407.1818807428209
부산,부산_부산진구,2025-06,442.60103329702815
부산,부산_부산진구,2025-07,420.6730769230769
부산,부산_부산진구,2025-08,438.5250151854102
부산,부산_부산진구,2025-09,456.0624582577777
부산,부산_부산진구,2025-10,453.1722054380665
부산,부산_부산진구,2025-11,506.74874023994875
부산,부산_부산진구,2025-12,477.57691120310153
부산,부산_북구,2006-01,130.32581453634086
부산,부산_북구,2006-02,124.24920504063127
부산,부산_북구,2006-03,122.27074235807859
부산,부산_북구,2006-04,148.6937256671704
부산,부산_북구,2006-05,145.94306983194167
부산,부산_북구,2006-06,145.48494983277592
부산,부산_북구,2006-07,136.1110460719637
부산,부산_북구,2006-08,124.77513322082801
부산,부산_북구,2006-09,127.1968273004895
부산,부산_북구,2006-10,129.42699141075423
부산,부산_북구,2006-11,132.34006734006735
부산,부산_북구,2006-12,131.78020943640428
부산,부산_북구,2007-01,136.3355089652734
부산,부산_북구,2007-02,133.72870515727658
부산,부산_북구,2007-03,118.0200449989773
부산,부산_북구,2007-04,125.59656092460388
부산,부산_북구,2007-05,129.9843815218871
부산,부산_북구,2007-06,137.38795342213285
부산,부산_북구,2007-07,133.47300051868552
부산,부산_북구,2007-08,139.01614181025946
부산,부산_북구,2007-09,128.04439609168156
부산,부산_북구,2007-10,133.58043582029674
부산,부산_북구,2007-11,133.77926421404683
부산,부산_북구,2007-12,137.1258007069733
부산,부산_북구,2008-01,151.33779264214047
부산,부산_북구,2008-02,141.4438608291467
부산,부산_북구,2008-03,131.98171337706222
부산,부산_북구,2008-04,137.15211339643037
부산,부산_북구,2008-05,138.66110034292532
부산,부산_북구,2008-06,142.6049143153149
부산,부산_북구,2008-07,148.8294314381271
부산,부산_북구,2008-08,149.58365160063897
부산,부산_북구,2008-09,145.4928031341629
부산,부산_북구,2008-10,139.65527059539124
부산,부산_북구,2008-11,139.8293943403835
부산,부산_북구,2008-12,161.65115444882855
부산,부산_북구,2009-01,164.72526179550536
부산,부산_북구,2009-02,150.78336670985982
부산,부산_북구,2009-03,150.5016722408027
부산,부산_북구,2009-04,152.32220108327817
부산,부산_북구,2009-05,154.97345171258215
부산,부산_북구,2009-06,161.9665747742904
부산,부산_북구,2009-07,162.36354256527142
부산,부산_북구,2009-08,162.51354279523292
부산,부산_북구,2009-09,165.55183946488296
부산,부산_북구,2009-10,169.40272441494935
부산,부산_북구,2009-11,180.22024067759997
부산,부산_북구,2009-12,170.9099481376709
부산,부산_북구,2010-01,170.48159044623264
부산,부산_북구,2010-02,178.30791933103788
부산,부산_북구,2010-03,173.26371593254112
부산,부산_북구,2010-04,174.3432677582754
부산,부산_북구,2010-05,180.8222405465897
부산,부산_북구,2010-06,177.3358916216059
부산,부산_북구,2010-07,187.2091274265187
부산,부산_북구,2010-08,183.94199785177227
부산,부산_북구,2010-09,188.2157520734175
부산,부산_북구,2010-10,195.56940117687782
부산,부산_북구,2010-11,211.5020528210908
부산,부산_북구,2010-12,204.59435770312714
부산,부산_북구,2011-01,221.31153345876288
부산,부산_북구,2011-02,224.00534938147777
부산,부산_북구,2011-03,228.94385026737967
부산,부산_북구,2011-04,231.83183183183183
부산,부산_북구,2011-05,233.0741130857668
부산,부산_북구,2011-06,234.78155633547138
부산,부산_북구,2011-07,235.59901048415597
부산,부산_북구,2011-08,238.99222980927715
부산,부산_북구,2011-09,243.30900243309003
부산,부산_북구,2011-10,232.77738020475823
부산,부산_북구,2011-11,234.15326395458845
부산,부산_북구,2011-12,233.33333333333334
부산,부산_북구,2012-01,237.22627737226276
부산,부산_북구,2012-02,240.81878386514148
부산,부산_북구,2012-03,227.07423580786025
부산,부산_북구,2012-04,235.32180256500766
부산,부산_북구,2012-05,240.09603841536614
부산,부산_북구,2012-06,245.77572964669739
부산,부산_북구,2012-07,242.39384821130056
부산,부산_북구,2012-08,252.7834247783097
부산,부산_북구,2012-09,245.44896706893024
부산,부산_북구,2012-10,251.1725043777546
부산,부산_북구,2012-11,246.27205674108185
부산,부산_북구,2012-12,240.01694237240275
부산,부산_북구,2013-01,247.082078313253
부산,부산_북구,2013-02,247.28976574462234
부산,부산_북구,2013-03,246.52040575607455
부산,부산_북구,2013-04,253.53300030190073
부산,부산_북구,2013-05,248.79401692133266
부산,부산_북구,2013-06,239.0801616200153
부산,부산_북구,2013-07,240.49937700832842
부산,부산_북구,2013-08,254.7343723814312
부산,부산_북구,2013-09,250.9972133064687
부산,부산_북구,2013-10,255.47305093264362
부산,부산_북구,2013-11,252.95903240228722
부산,부산_북구,2013-12,256.50076479585834
부산,부산_북구,2014-01,262.0116486707498
부산,부산_북구,2014-02,250.02500500100018
부산,부산_북구,2014-03,251.83864497437042
부산,부산_북구,2014-04,243.00979961512718
부산,부산_북구,2014-05,259.531054233041
부산,부산_북구,2014-06,258.47013622074746
부산,부산_북구,2014-07,264.5978261832856
부산,부산_북구,2014-08,260.44275267955527
부산,부산_북구,2014-09,267.16136045243775
부산,부산_북구,2014-10,267.2794391917286
부산,부산_북구,2014-11,254.7588961806546
부산,부산_북구,2014-12,250.25025025025025
부산,부산_북구,2015-01,263.6502011334813
부산,부산_북구,2015-02,265.049845095392
부산,부산_북구,2015-03,261.7056856187291
부산,부산_북구,2015-04,268.7645961945797
부산,부산_북구,2015-05,267.40487689951703
부산,부산_북구,2015-06,258.8125679382991
부산,부산_북구,2015-07,282.14862111530226
부산,부산_북구,2015-08,260.03059183433345
부산,부산_북구,2015-09,268.3854845215339
부산,부산_북구,2015-10,264.7307981927711
부산,부산_북구,2015-11,283.59511343804536
부산,부산_북구,2015-12,268.8967481795545
부산,부산_북구,2016-01,264.9492520278808
부산,부산_북구,2016-02,257.35294117647055
부산,부산_북구,2016-03,275.714942704024
부산,부산_북구,2016-04,280.9841187776067
부산,부산_북구,2016-05,280.5422266128836
부산,부산_북구,2016-06,314.6556940578483
부산,부산_북구,2016-07,307.6923076923077
부산,부산_북구,2016-08,346.08378870673954
부산,부산_북구,2016-09,322.4051423620207
부산,부산_북구,2016-10,314.8253311514488
부산,부산_북구,2016-11,296.4984939759036
부산,부산_북구,2016-12,282.54916532663816
부산,부산_북구,2017-01,275.15454029025875
부산,부산_북구,2017-02,285.44217644246316
부산,부산_북구,2017-03,274.89428970781364
부산,부산_북구,2017-04,305.30265132566285
부산,부산_북구,2017-05,302.65343880382864
부산,부산_북구,2017-06,301.87682360393546
부산,부산_북구,2017-07,295.7887700534759
부산,부산_북구,2017-08,324.59970887918485
부산,부산_북구,2017-09,303.2191069574247
부산,부산_북구,2017-10,315.5785606946068
부산,부산_북구,2017-11,309.14308369046046
부산,부산_북구,2017-12,316.7420814479638
부산,부산_북구,2018-01,335.802985259507
부산,부산_북구,2018-02,328.1783590915421
부산,부산_북구,2018-03,317.1301427265298
부산,부산_북구,2018-04,326.0869565217391
부산,부산_북구,2018-05,291.6109625668449
부산,부산_북구,2018-06,332.3157754654924
부산,부산_북구,2018-07,351.0035045554301
부산,부산_북구,2018-08,306.1166392500313
부산,부산_북구,2018-09,354.2042946016456
부산,부산_북구,2018-10,340.51865124177107
부산,부산_북구,2018-11,310.2149346332816
부산,부산_북구,2018-12,299.1101789924712
부산,부산_북구,2019-01,327.4715247429738
부산,부산_북구,2019-02,303.00329954249185
부산,부산_북구,2019-03,276.33646728256326
부산,부산_북구,2019-04,302.096528646563
부산,부산_북구,2019-05,323.4409963158013
부산,부산_북구,2019-06,292.0512007476511
부산,부산_북구,2019-07,326.69183455992004
부산,부산_북구,2019-08,380.5301924970463
부산,부산_북구,2019-09,363.16779070090706
부산,부산_북구,2019-10,327.0784482363059
부산,부산_북구,2019-11,379.97693796730033
부산,부산_북구,2019-12,348.36652432795177
부산,부산_북구,2020-01,322.63147232497244
부산,부산_북구,2020-02,341.8020904859999
부산,부산_북구,2020-03,327.29486088202435
부산,부산_북구,2020-04,323.5507280479655
부산,부산_북구,2020-05,318.8979668472165
부산,부산_북구,2020-06,387.73335883553864
부산,부산_북구,2020-07,359.2889334001002
부산,부산_북구,2020-08,331.80374161666083
부산,부산_북구,2020-09,368.5053788052186
부산,부산_북구,2020-10,381.61539897746604
부산,부산_북구,2020-11,342.86419376504284
부산,부산_북구,2020-12,307.72144723436713
부산,부산_북구,2021-01,278.0150380924481
부산,부산_북구,2021-02,292.33870967741933
부산,부산_북구,2021-03,288.4844088895588
부산,부산_북구,2021-04,295.35332053449315
부산,부산_북구,2021-05,290.47875201721354
부산,부산_북구,2021-06,295.290368862715
부산,부산_북구,2021-07,334.29908624916425
부산,부산_북구,2021-08,337.6788403614458
부산,부산_북구,2021-09,366.2207357859532
부산,부산_북구,2021-10,324.5548961424332
부산,부산_북구,2021-11,331.0483289332882
부산,부산_북구,2021-12,336.68661694450725
부산,부산_북구,2022-01,313.9717425431711
부산,부산_북구,2022-02,317.7650069872973
부산,부산_북구,2022-03,309.7903138533358
부산,부산_북구,2022-04,323.52475214501914
부산,부산_북구,2022-05,323.3199436821661
부산,부산_북구,2022-06,318.47133757961785
부산,부산_북구,2022-07,300.85776469082066
부산,부산_북구,2022-08,309.61607127879586
부산,부산_북구,2022-09,330.56195532405087
부산,부산_북구,2022-10,337.79492402466565
부산,부산_북구,2022-11,385.3887399463807
부산,부산_북구,2022-12,324.9431008136681
부산,부산_북구,2023-01,386.71220273472466
부산,부산_북구,2023-02,454.13154056294616
부산,부산_북구,2023-03,405.923900446281
부산,부산_북구,2023-04,397.672376161732
부산,부산_북구,2023-05,408.26219139143285
부산,부산_북구,2023-06,384.05728130860007
부산,부산_북구,2023-07,434.2393312410254
부산,부산_북구,2023-08,416.07435934553615
부산,부산_북구,2023-09,455.0898203592814
부산,부산_북구,2023-10,416.8759417378202
부산,부산_북구,2023-11,387.084325555566
부산,부산_북구,2023-12,407.38718294435506
부산,부산_북구,2024-01,414.9869575527626
부산,부산_북구,2024-02,357.25095731492365
부산,부산_북구,2024-03,381.8907335830012
부산,부산_북구,2024-04,352.96443059778056
부산,부산_북구,2024-05,348.99136500052424
부산,부산_북구,2024-06,445.22725799997636
부산,부산_북구,2024-07,431.1685852259662
부산,부산_북구,2024-08,412.0040048442221
부산,부산_북구,2024-09,451.8634850121903
부산,부산_북구,2024-10,415.5688622754491
부산,부산_북구,2024-11,391.21651274895197
부산,부산_북구,2024-12,423.5650412002062
부산,부산_북구,2025-01,389.6321070234114
부산,부산_북구,2025-02,353.73961538018364
부산,부산_북구,2025-03,411.92929972722146
부산,부산_북구,2025-04,374.98431963129065
부산,부산_북구,2025-05,426.6718425028738
부산,부산_북구,2025-06,427.90106633145
부산,부산_북구,2025-07,415.1542187780755
부산,부산_북구,2025-08,396.5351299326275
부산,부산_북구,2025-09,382.943143812709
부산,부산_북구,2025-10,406.4134796984233
부산,부산_북구,2025-11,411.78941324714776
부산,부산_북구,2025-12,420.9396614323627
부산,부산_사상구,2006-01,119.50257810130422
부산,부산_사상구,2006-02,129.42699141075423
부산,부산_사상구,2006-03,124.1359931021864
부산,부산_사상구,2006-04,124.77095480153461
부산,부산_사상구,2006-05,120.73027090694934
부산,부산_사상구,2006-06,123.75864603864846
부산,부산_사상구,2006-07,123.5846451256559
부산,부산_사상구,2006-08,123.62434152932958
부산,부산_사상구,2006-09,122.46430898706208
부산,부산_사상구,2006-10,125.11039152193112
부산,부산_사상구,2006-11,130.15258137819418
부산,부산_사상구,2006-12,129.1881980330055
부산,부산_사상구,2007-01,129.1275146168277
부산,부산_사상구,2007-02,132.98029246378604
부산,부산_사상구,2007-03,128.2051282051282
부산,부산_사상구,2007-04,128.39753209938303
부산,부산_사상구,2007-05,125.06253126563281
부산,부산_사상구,2007-06,123.00553961043212
부산,부산_사상구,2007-07,126.07989531745267
부산,부산_사상구,2007-08,130.8769626242248
부산,부산_사상구,2007-09,131.68861476912818
부산,부산_사상구,2007-10,131.43624934017947
부산,부산_사상구,2007-11,130.3214596003475
부산,부산_사상구,2007-12,131.68861476912818
부산,부산_사상구,2008-01,124.7546346782988
부산,부산_사상구,2008-02,126.99522837392814
부산,부산_사상구,2008-03,129.09540151470554
부산,부산_사상구,2008-04,130.52208835341366
부산,부산_사상구,2008-05,128.08321266155738
부산,부산_사상구,2008-06,133.6005344021376
부산,부산_사상구,2008-07,130.46701260192734
부산,부산_사상구,2008-08,131.80747718575213
부산,부산_사상구,2008-09,133.0550918196995
부산,부산_사상구,2008-10,130.6591817238044
부산,부산_사상구,2008-11,133.3777925975325
부산,부산_사상구,2008-12,133.66750208855473
부산,부산_사상구,2009-01,131.24595826648152
부산,부산_사상구,2009-02,136.72363579811469
부산,부산_사상구,2009-03,137.87991104521868
부산,부산_사상구,2009-04,138.27316867215538
부산,부산_사상구,2009-05,137.2176483006122
부산,부산_사상구,2009-06,139.9262991678085
부산,부산_사상구,2009-07,138.50654452142572
부산,부산_사상구,2009-08,139.7996544771596
부산,부산_사상구,2009-09,143.94765539803709
부산,부산_사상구,2009-10,138.62021567211406
부산,부산_사상구,2009-11,139.79622212881418
부산,부산_사상구,2009-12,142.45014245014247
부산,부산_사상구,2010-01,148.58857307777225
부산,부산_사상구,2010-02,152.05902822529697
부산,부산_사상구,2010-03,160.8735528389999
부산,부산_사상구,2010-04,160.17430858420258
부산,부산_사상구,2010-05,173.64702960170655
부산,부산_사상구,2010-06,168.33431430253088
부산,부산_사상구,2010-07,189.72121946249365
부산,부산_사상구,2010-08,194.32340124838063
부산,부산_사상구,2010-09,177.3049645390071
부산,부산_사상구,2010-10,182.7195726542634
부산,부산_사상구,2010-11,193.23632860750763
부산,부산_사상구,2010-12,201.1278346102028
부산,부산_사상구,2011-01,201.54517971111858
부산,부산_사상구,2011-02,211.96516055924172
부산,부산_사상구,2011-03,214.42642824670406
부산,부산_사상구,2011-04,223.40425531914894
부산,부산_사상구,2011-05,227.60290556900728
부산,부산_사상구,2011-06,226.928322473102
부산,부산_사상구,2011-07,248.6580534516722
부산,부산_사상구,2011-08,233.415625241682
부산,부산_사상구,2011-09,239.77570071297674
부산,부산_사상구,2011-10,243.3269597152718
부산,부산_사상구,2011-11,233.37222870478413
부산,부산_사상구,2011-12,220.90437361008154
부산,부산_사상구,2012-01,236.16531572100467
부산,부산_사상구,2012-02,233.1880847324191
부산,부산_사상구,2012-03,232.57310432356405
부산,부산_사상구,2012-04,231.79197552653255
부산,부산_사상구,2012-05,229.52656155880157
부산,부산_사상구,2012-06,227.3659584582847
부산,부산_사상구,2012-07,230.66004258339245
부산,부산_사상구,2012-08,216.25951141369646
부산,부산_사상구,2012-09,227.4602239245728
부산,부산_사상구,2012-10,224.8995983935743
부산,부산_사상구,2012-11,227.5903784505313
부산,부산_사상구,2012-12,227.93049785187168
부산,부산_사상구,2013-01,218.4061353784595
부산,부산_사상구,2013-02,221.65927802406588
부산,부산_사상구,2013-03,236.9035702369036
부산,부산_사상구,2013-04,237.07773707773708
부산,부산_사상구,2013-05,231.7034196228827
부산,부산_사상구,2013-06,225.57001809425128
부산,부산_사상구,2013-07,234.95465787304207
부산,부산_사상구,2013-08,228.17960184911735
부산,부산_사상구,2013-09,235.3636901241869
부산,부산_사상구,2013-10,233.06456359249015
부산,부산_사상구,2013-11,232.23416268852537
부산,부산_사상구,2013-12,228.98266274124958
부산,부산_사상구,2014-01,236.74911660777383
부산,부산_사상구,2014-02,178.54928704277742
부산,부산_사상구,2014-03,240.04000666777796
부산,부산_사상구,2014-04,229.625918503674
부산,부산_사상구,2014-05,204.8413580504686
부산,부산_사상구,2014-06,228.7581699346405
부산,부산_사상구,2014-07,229.6549287480862
부산,부산_사상구,2014-08,236.16531572100467
부산,부산_사상구,2014-09,240.02823861630782
부산,부산_사상구,2014-10,241.4605418138987
부산,부산_사상구,2014-11,230.49645390070924
부산,부산_사상구,2014-12,257.0590655416456
부산,부산_사상구,2015-01,249.10280768418832
부산,부산_사상구,2015-02,235.32180256500766
부산,부산_사상구,2015-03,240.08002667555854
부산,부산_사상구,2015-04,235.96419853539464
부산,부산_사상구,2015-05,241.7069511585264
부산,부산_사상구,2015-06,242.15096860387442
부산,부산_사상구,2015-07,241.35453697654674
부산,부산_사상구,2015-08,243.20073637921575
부산,부산_사상구,2015-09,250.67670942685655
부산,부산_사상구,2015-10,241.0493035973682
부산,부산_사상구,2015-11,238.81347410759176
부산,부산_사상구,2015-12,246.25898432897372
부산,부산_사상구,2016-01,248.41349365397463
부산,부산_사상구,2016-02,256.7821711550259
부산,부산_사상구,2016-03,241.58374648621253
부산,부산_사상구,2016-04,253.3755625937656
부산,부산_사상구,2016-05,249.49799196787149
부산,부산_사상구,2016-06,258.85398282150845
부산,부산_사상구,2016-07,258.18072650855595
부산,부산_사상구,2016-08,251.05329861235413
부산,부산_사상구,2016-09,271.08433734939763
부산,부산_사상구,2016-10,272.440403031817
부산,부산_사상구,2016-11,268.21782448052477
부산,부산_사상구,2016-12,254.05837485712578
부산,부산_사상구,2017-01,270.03025547421475
부산,부산_사상구,2017-02,276.1933353347343
부산,부산_사상구,2017-03,262.66195524146053
부산,부산_사상구,2017-04,259.50335412498526
부산,부산_사상구,2017-05,275.3117549035917
부산,부산_사상구,2017-06,266.5121668597914
부산,부산_사상구,2017-07,271.08433734939763
부산,부산_사상구,2017-08,269.74938030593853
부산,부산_사상구,2017-09,270.6200729497588
부산,부산_사상구,2017-10,263.6882767887135
부산,부산_사상구,2017-11,282.5360030469506
부산,부산_사상구,2017-12,268.1021743719654
부산,부산_사상구,2018-01,274.63357177564694
부산,부산_사상구,2018-02,286.8100717025179
부산,부산_사상구,2018-03,263.94200659664784
부산,부산_사상구,2018-04,258.566777160601
부산,부산_사상구,2018-05,281.6901408450704
부산,부산_사상구,2018-06,256.36943325209523
부산,부산_사상구,2018-07,248.96415474191582
부산,부산_사상구,2018-08,250.501002004008
부산,부산_사상구,2018-09,250.61771973173316
부산,부산_사상구,2018-10,252.36886251392482
부산,부산_사상구,2018-11,248.31503656836247
부산,부산_사상구,2018-12,258.4232908079817
부산,부산_사상구,2019-01,265.8643931821381
부산,부산_사상구,2019-02,258.46256461564116
부산,부산_사상구,2019-03,246.62992985664079
부산,부산_사상구,2019-04,243.5337588176016
부산,부산_사상구,2019-05,250.7009213943702
부산,부산_사상구,2019-06,250.56682123819934
부산,부산_사상구,2019-07,244.61162772264464
부산,부산_사상구,2019-08,260.3466014706972
부산,부산_사상구,2019-09,250.61771973173316
부산,부산_사상구,2019-10,254.3769559646686
부산,부산_사상구,2019-11,271.85697743276603
부산,부산_사상구,2019-12,257.19182079606105
부산,부산_사상구,2020-01,256.86448184233836
부산,부산_사상구,2020-02,251.4613006580878
부산,부산_사상구,2020-03,257.2308921453727
부산,부산_사상구,2020-04,253.324889170361
부산,부산_사상구,2020-05,255.68516554730763
부산,부산_사상구,2020-06,268.5706799423556
부산,부산_사상구,2020-07,268.8691728369621
부산,부산_사상구,2020-08,250.8151492350138
부산,부산_사상구,2020-09,266.55398587979533
부산,부산_사상구,2020-10,242.06738632646386
부산,부산_사상구,2020-11,266.80006670001666
부산,부산_사상구,2020-12,254.577376473539
부산,부산_사상구,2021-01,257.8660988881003
부산,부산_사상구,2021-02,260.5777828146581
부산,부산_사상구,2021-03,257.523324390968
부산,부산_사상구,2021-04,265.5310621242485
부산,부산_사상구,2021-05,269.1298280552678
부산,부산_사상구,2021-06,273.4244748249417
부산,부산_사상구,2021-07,270.4166440324053
부산,부산_사상구,2021-08,278.9400278940028
부산,부산_사상구,2021-09,274.72966646650065
부산,부산_사상구,2021-10,290.5205204800576
부산,부산_사상구,2021-11,288.3460152182619
부산,부산_사상구,2021-12,284.99050031665615
부산,부산_사상구,2022-01,287.2411489645958
부산,부산_사상구,2022-02,295.2958681469612
부산,부산_사상구,2022-03,289.90291360954313
부산,부산_사상구,2022-04,296.9547411040445
부산,부산_사상구,2022-05,290.45265941405717
부산,부산_사상구,2022-06,276.68972414367863
부산,부산_사상구,2022-07,276.71474830733
부산,부산_사상구,2022-08,276.65854780799697
부산,부산_사상구,2022-09,288.91115564462257
부산,부산_사상구,2022-10,267.3585219926123
부산,부산_사상구,2022-11,281.39454366889277
부산,부산_사상구,2022-12,256.27513981187747
부산,부산_사상구,2023-01,271.86761229314425
부산,부산_사상구,2023-02,279.91142675124775
부산,부산_사상구,2023-03,283.6105808562858
부산,부산_사상구,2023-04,278.6573780873971
부산,부산_사상구,2023-05,284.09090909090907
부산,부산_사상구,2023-06,273.3788964827471
부산,부산_사상구,2023-07,286.38774307601653
부산,부산_사상구,2023-08,283.86336866902235
부산,부산_사상구,2023-09,283.5877010798649
부산,부산_사상구,2023-10,277.6156056243082
부산,부산_사상구,2023-11,279.1519434628975
부산,부산_사상구,2023-12,275.1004016064257
부산,부산_사상구,2024-01,275.1834556370914
부산,부산_사상구,2024-02,303.46742025445974
부산,부산_사상구,2024-03,259.7620244679068
부산,부산_사상구,2024-04,275.8966641585152
부산,부산_사상구,2024-05,271.26524752090666
부산,부산_사상구,2024-06,261.3244177565374
부산,부산_사상구,2024-07,426.72925362386485
부산,부산_사상구,2024-08,268.42281506369676
부산,부산_사상구,2024-09,286.0338766379035
부산,부산_사상구,2024-10,268.1025921260497
부산,부산_사상구,2024-11,258.6039941216008
부산,부산_사상구,2024-12,302.29760276708635
부산,부산_사상구,2025-01,280.5381792749152
부산,부산_사상구,2025-02,287.3039388825661
부산,부산_사상구,2025-03,266.80006670001666
부산,부산_사상구,2025-04,266.93360026693364
부산,부산_사상구,2025-05,449.0648225071289
부산,부산_사상구,2025-06,272.80130293159607
부산,부산_사상구,2025-07,264.7370278856336
부산,부산_사상구,2025-08,266.71111851975326
부산,부산_사상구,2025-09,268.8710754843019
부산,부산_사상구,2025-10,266.80006670001666
부산,부산_사상구,2025-11,290.60179424621685
부산,부산_사상구,2025-12,283.616950283617
부산,부산_사하구,2006-01,114.8029074643556
부산,부산_사하구,2006-02,112.66900350525789
부산,부산_사하구,2006-03,115.07565335552997
부산,부산_사하구,2006-04,112.72351719331552
부산,부산_사하구,2006-05,112.61058329245381
부산,부산_사하구,2006-06,115.47053719894839
부산,부산_사하구,2006-07,115.07863706866358
부산,부산_사하구,2006-08,114.9425287356322
부산,부산_사하구,2006-09,120.98791574579396
부산,부산_사하구,2006-10,119.06286006913328
부산,부산_사하구,2006-11,117.83969428157808
부산,부산_사하구,2006-12,112.78195488721805
부산,부산_사하구,2007-01,113.87780522075306
부산,부산_사하구,2007-02,121.74986240597741
부산,부산_사하구,2007-03,120.08205607164895
부산,부산_사하구,2007-04,120.19636947733594
부산,부산_사하구,2007-05,116.52542372881356
부산,부산_사하구,2007-06,118.87947269303203
부산,부산_사하구,2007-07,118.10225340420324
부산,부산_사하구,2007-08,124.86421247889078
부산,부산_사하구,2007-09,121.74986240597741
부산,부산_사하구,2007-10,117.56726203933982
부산,부산_사하구,2007-11,121.2763452254798
부산,부산_사하구,2007-12,127.87134997884046
부산,부산_사하구,2008-01,122.15528781793843
부산,부산_사하구,2008-02,120.71827942181868
부산,부산_사하구,2008-03,122.10641461515928
부산,부산_사하구,2008-04,121.41511496862962
부산,부산_사하구,2008-05,124.42465296426383
부산,부산_사하구,2008-06,124.71496154107957
부산,부산_사하구,2008-07,125.1738525730181
부산,부산_사하구,2008-08,127.16354645001765
부산,부산_사하구,2008-09,129.1517526159731
부산,부산_사하구,2008-10,131.20508106301187
부산,부산_사하구,2008-11,128.20891545145855
부산,부산_사하구,2008-12,131.67939567491524
부산,부산_사하구,2009-01,129.5184269398328
부산,부산_사하구,2009-02,129.5184269398328
부산,부산_사하구,2009-03,129.5184269398328
부산,부산_사하구,2009-04,132.04078221627947
부산,부산_사하구,2009-05,129.2952521553152
부산,부산_사하구,2009-06,133.71932726771436
부산,부산_사하구,2009-07,135.40562816437065
부산,부산_사하구,2009-08,141.6803624350354
부산,부산_사하구,2009-09,130.39934800326
부산,부산_사하구,2009-10,135.49307253463732
부산,부산_사하구,2009-11,148.9544043120853
부산,부산_사하구,2009-12,154.02750172473972
부산,부산_사하구,2010-01,153.3024309846759
부산,부산_사하구,2010-02,155.88426377513878
부산,부산_사하구,2010-03,158.05149656199944
부산,부산_사하구,2010-04,162.99918500407497
부산,부산_사하구,2010-05,163.43497806642063
부산,부산_사하구,2010-06,164.81899501322692
부산,부산_사하구,2010-07,166.9545192861255
부산,부산_사하구,2010-08,171.28885784142506
부산,부산_사하구,2010-09,171.14914425427872
부산,부산_사하구,2010-10,174.8463602527482
부산,부산_사하구,2010-11,184.87551096246747
부산,부산_사하구,2010-12,188.30175356008004
부산,부산_사하구,2011-01,193.56153219233906
부산,부산_사하구,2011-02,205.22979820249776
부산,부산_사하구,2011-03,212.12960165417545
부산,부산_사하구,2011-04,221.67888999165925
부산,부산_사하구,2011-05,208.13186813186815
부산,부산_사하구,2011-06,213.12160764604047
부산,부산_사하구,2011-07,212.88515406162463
부산,부산_사하구,2011-08,215.3846153846154
부산,부산_사하구,2011-09,224.28142118495433
부산,부산_사하구,2011-10,215.33579476206938
부산,부산_사하구,2011-11,218.58116780556153
부산,부산_사하구,2011-12,223.11468094600625
부산,부산_사하구,2012-01,214.40963750674007
부산,부산_사하구,2012-02,218.32920943127368
부산,부산_사하구,2012-03,210.45859755537174
부산,부산_사하구,2012-04,217.66798067461372
부산,부산_사하구,2012-05,204.9724535498765
부산,부산_사하구,2012-06,212.74749215925686
부산,부산_사하구,2012-07,213.93643031784842
부산,부산_사하구,2012-08,212.95094716110503
부산,부산_사하구,2012-09,208.34340375125151
부산,부산_사하구,2012-10,211.89894050529747
부산,부산_사하구,2012-11,210.40989725125144
부산,부산_사하구,2012-12,209.69635967119612
부산,부산_사하구,2013-01,208.32107410458593
부산,부산_사하구,2013-02,210.18593371059012
부산,부산_사하구,2013-03,206.92539457916587
부산,부산_사하구,2013-04,213.1165974630557
부산,부산_사하구,2013-05,203.40593450093974
부산,부산_사하구,2013-06,205.88287771837977
부산,부산_사하구,2013-07,202.58922363580274
부산,부산_사하구,2013-08,211.96424863016983
부산,부산_사하구,2013-09,208.22434450677957
부산,부산_사하구,2013-10,214.97769872862656
부산,부산_사하구,2013-11,217.49582302087452
부산,부산_사하구,2013-12,213.50507784879994
부산,부산_사하구,2014-01,211.82701454408397
부산,부산_사하구,2014-02,214.42035815268616
부산,부산_사하구,2014-03,220.2006595967974
부산,부산_사하구,2014-04,211.93924408336275
부산,부산_사하구,2014-05,209.42626977109737
부산,부산_사하구,2014-06,208.20449391877963
부산,부산_사하구,2014-07,211.42990944424412
부산,부산_사하구,2014-08,215.97392013039936
부산,부산_사하구,2014-09,213.93643031784842
부산,부산_사하구,2014-10,218.61231791346256
부산,부산_사하구,2014-11,229.1218202780732
부산,부산_사하구,2014-12,215.6335821884365
부산,부산_사하구,2015-01,217.79379459921373
부산,부산_사하구,2015-02,219.39707807325024
부산,부산_사하구,2015-03,224.1238793806031
부산,부산_사하구,2015-04,218.30533856408601
부산,부산_사하구,2015-05,222.08638956805217
부산,부산_사하구,2015-06,217.74952919020717
부산,부산_사하구,2015-07,216.9921548990152
부산,부산_사하구,2015-08,221.8152218152218
부산,부산_사하구,2015-09,229.60084775697632
부산,부산_사하구,2015-10,228.81880024737168
부산,부산_사하구,2015-11,229.24443487571904
부산,부산_사하구,2015-12,230.61004521920114
부산,부산_사하구,2016-01,230.43473090598445
부산,부산_사하구,2016-02,234.1741243476368
부산,부산_사하구,2016-03,231.67848699763596
부산,부산_사하구,2016-04,229.34648581997533
부산,부산_사하구,2016-05,227.62625617296956
부산,부산_사하구,2016-06,233.65344262082505
부산,부산_사하구,2016-07,235.34105297013568
부산,부산_사하구,2016-08,236.6025110720111
부산,부산_사하구,2016-09,246.8671679197995
부산,부산_사하구,2016-10,244.49877750611248
부산,부산_사하구,2016-11,243.6837815810921
부산,부산_사하구,2016-12,247.17514124293788
부산,부산_사하구,2017-01,245.46748465168827
부산,부산_사하구,2017-02,253.9263173345076
부산,부산_사하구,2017-03,253.01991511589947
부산,부산_사하구,2017-04,248.35734120965026
부산,부산_사하구,2017-05,243.1847113284606
부산,부산_사하구,2017-06,256.19304147684943
부산,부산_사하구,2017-07,273.0696798493409
부산,부산_사하구,2017-08,249.43310657596373
부산,부산_사하구,2017-09,261.23793833843257
부산,부산_사하구,2017-10,254.2938135734534
부산,부산_사하구,2017-11,257.8677388049355
부산,부산_사하구,2017-12,253.26893627046766
부산,부산_사하구,2018-01,264.8012831615603
부산,부산_사하구,2018-02,278.8556798313217
부산,부산_사하구,2018-03,248.57375713121436
부산,부산_사하구,2018-04,248.98960739030022
부산,부산_사하구,2018-05,252.17146341165346
부산,부산_사하구,2018-06,235.4048964218456
부산,부산_사하구,2018-07,249.01440020060994
부산,부산_사하구,2018-08,240.1021711366539
부산,부산_사하구,2018-09,244.79227962810404
부산,부산_사하구,2018-10,250.12506253126563
부산,부산_사하구,2018-11,244.61643813051387
부산,부산_사하구,2018-12,245.39877300613497
부산,부산_사하구,2019-01,245.13501282244684
부산,부산_사하구,2019-02,247.61107623631165
부산,부산_사하구,2019-03,233.14086091913325
부산,부산_사하구,2019-04,225.3630579435621
부산,부산_사하구,2019-05,238.46607945089434
부산,부산_사하구,2019-06,220.6870082517751
부산,부산_사하구,2019-07,235.31183524406543
부산,부산_사하구,2019-08,241.69003003623683
부산,부산_사하구,2019-09,250.11770244821093
부산,부산_사하구,2019-10,245.5751302083589
부산,부산_사하구,2019-11,248.45324085959163
부산,부산_사하구,2019-12,288.97224132649814
부산,부산_사하구,2020-01,247.46068097069693
부산,부산_사하구,2020-02,247.2624514305899
부산,부산_사하구,2020-03,246.30362064921826
부산,부산_사하구,2020-04,233.93921593514213
부산,부산_사하구,2020-05,237.80291776126202
부산,부산_사하구,2020-06,280.41361007486046
부산,부산_사하구,2020-07,253.8656819755366
부산,부산_사하구,2020-08,239.6072572314771
부산,부산_사하구,2020-09,260.07693280521664
부산,부산_사하구,2020-10,270.8112563287413
부산,부산_사하구,2020-11,270.61943612322364
부산,부산_사하구,2020-12,253.33854384239106
부산,부산_사하구,2021-01,230.96234309623432
부산,부산_사하구,2021-02,242.31409965167347
부산,부산_사하구,2021-03,241.76271331605736
부산,부산_사하구,2021-04,230.24943688996413
부산,부산_사하구,2021-05,227.70013426049368
부산,부산_사하구,2021-06,244.49877750611248
부산,부산_사하구,2021-07,267.18455743879474
부산,부산_사하구,2021-08,264.87367563162184
부산,부산_사하구,2021-09,263.514195532789
부산,부산_사하구,2021-10,261.5649360266045
부산,부산_사하구,2021-11,259.3323781132991
부산,부산_사하구,2021-12,270.75048650478044
부산,부산_사하구,2022-01,313.8338777668008
부산,부산_사하구,2022-02,247.7591649268024
부산,부산_사하구,2022-03,232.81952472703918
부산,부산_사하구,2022-04,264.87367563162184
부산,부산_사하구,2022-05,250.01415407219008
부산,부산_사하구,2022-06,256.9483364489673
부산,부산_사하구,2022-07,254.68622656886717
부산,부산_사하구,2022-08,258.8661661920787
부산,부산_사하구,2022-09,245.1364592956746
부산,부산_사하구,2022-10,263.0352843445006
부산,부산_사하구,2022-11,298.4430455883231
부산,부산_사하구,2022-12,287.61943533881947
부산,부산_사하구,2023-01,252.9544193890182
부산,부산_사하구,2023-02,268.410120258559
부산,부산_사하구,2023-03,259.2027962961346
부산,부산_사하구,2023-04,260.33685221978584
부산,부산_사하구,2023-05,270.66785191744066
부산,부산_사하구,2023-06,259.2793261264869
부산,부산_사하구,2023-07,268.8516195109461
부산,부산_사하구,2023-08,279.0533380430943
부산,부산_사하구,2023-09,281.87020883562434
부산,부산_사하구,2023-10,267.60112705893414
부산,부산_사하구,2023-11,269.8811106827284
부산,부산_사하구,2023-12,260.8907859415506
부산,부산_사하구,2024-01,282.3854985633638
부산,부산_사하구,2024-02,273.53542489536835
부산,부산_사하구,2024-03,259.31251601353983
부산,부산_사하구,2024-04,260.79869600652
부산,부산_사하구,2024-05,285.2485737571312
부산,부산_사하구,2024-06,272.7453746233018
부산,부산_사하구,2024-07,288.26852978343385
부산,부산_사하구,2024-08,268.8660865047409
부산,부산_사하구,2024-09,266.2535988611446
부산,부산_사하구,2024-10,268.8660865047409
부산,부산_사하구,2024-11,259.0673575129534
부산,부산_사하구,2024-12,258.8661661920787
부산,부산_사하구,2025-01,261.7801047120419
부산,부산_사하구,2025-02,263.79826172276074
부산,부산_사하구,2025-03,265.0801131008483
부산,부산_사하구,2025-04,258.9453860640302
부산,부산_사하구,2025-05,269.806488836
부산,부산_사하구,2025-06,270.8112563287413
부산,부산_사하구,2025-07,254.47977456515474
부산,부산_사하구,2025-08,286.1179795125397
부산,부산_사하구,2025-09,270.71563088512244
부산,부산_사하구,2025-10,288.4728600023549
부산,부산_사하구,2025-11,271.5910260687495
부산,부산_사하구,2025-12,259.15224231610034
부산,부산_서구,2006-01,182.88620248061278
부산,부산_서구,2006-02,167.000668002672
부산,부산_서구,2006-03,141.24293785310735
부산,부산_서구,2006-04,140.37985136251032
부산,부산_서구,2006-05,158.79425478399406
부산,부산_서구,2006-06,145.3488372093023
부산,부산_서구,2006-07,160.45764507907177
부산,부산_서구,2006-08,160.0797624920827
부산,부산_서구,2006-09,158.4091675092686
부산,부산_서구,2006-10,170.31990521327015
부산,부산_서구,2006-11,149.69354078264968
부산,부산_서구,2006-12,161.4601614601615
부산,부산_서구,2007-01,170.45372591577024
부산,부산_서구,2007-02,170.9088518207452
부산,부산_서구,2007-03,152.97717109908214
부산,부산_서구,2007-04,159.16897042808074
부산,부산_서구,2007-05,153.01318267419964
부산,부산_서구,2007-06,132.00727057768955
부산,부산_서구,2007-07,176.7005242118364
부산,부산_서구,2007-08,144.81803299332577
부산,부산_서구,2007-09,166.3994056114131
부산,부산_서구,2007-10,176.08043287413338
부산,부산_서구,2007-11,153.72309762478562
부산,부산_서구,2007-12,187.12530805062502
부산,부산_서구,2008-01,178.21077399202508
부산,부산_서구,2008-02,167.000668002672
부산,부산_서구,2008-03,154.01201293700908
부산,부산_서구,2008-04,161.48043375766147
부산,부산_서구,2008-05,165.60430859998274
부산,부산_서구,2008-06,166.15186180230444
부산,부산_서구,2008-07,150.2755050926699
부산,부산_서구,2008-08,170.53807703616584
부산,부산_서구,2008-09,158.43365158433653
부산,부산_서구,2008-10,159.38782972152313
부산,부산_서구,2008-11,157.8126433617763
부산,부산_서구,2008-12,168.81140168811402
부산,부산_서구,2009-01,148.40355466260326
부산,부산_서구,2009-02,166.81972505148326
부산,부산_서구,2009-03,152.96132592550384
부산,부산_서구,2009-04,162.6221772834513
부산,부산_서구,2009-05,143.28647055466598
부산,부산_서구,2009-06,158.84221673138018
부산,부산_서구,2009-07,160.6233257366759
부산,부산_서구,2009-08,172.311348781937
부산,부산_서구,2009-09,174.69310670443815
부산,부산_서구,2009-10,163.71894146531594
부산,부산_서구,2009-11,169.60131912137095
부산,부산_서구,2009-12,174.6812270611847
부산,부산_서구,2010-01,166.19334023503205
부산,부산_서구,2010-02,195.82045193778686
부산,부산_서구,2010-03,185.37243006403773
부산,부산_서구,2010-04,176.69925786311697
부산,부산_서구,2010-05,215.35805734180957
부산,부산_서구,2010-06,200.50125313283206
부산,부산_서구,2010-07,201.34228187919462
부산,부산_서구,2010-08,203.55029585798817
부산,부산_서구,2010-09,205.2504215865501
부산,부산_서구,2010-10,203.2562528314451
부산,부산_서구,2010-11,205.88235294117646
부산,부산_서구,2010-12,195.19142163022534
부산,부산_서구,2011-01,226.02739726027397
부산,부산_서구,2011-02,222.3840964936175
부산,부산_서구,2011-03,236.28225413506794
부산,부산_서구,2011-04,210.99916302758447
부산,부산_서구,2011-05,228.23529411764707
부산,부산_서구,2011-06,244.3545669025952
부산,부산_서구,2011-07,216.69303705519718
부산,부산_서구,2011-08,246.6154160146949
부산,부산_서구,2011-09,243.75000000000003
부산,부산_서구,2011-10,253.41819896275342
부산,부산_서구,2011-11,235.82124749439924
부산,부산_서구,2011-12,233.17349129681224
부산,부산_서구,2012-01,264.6447721179625
부산,부산_서구,2012-02,249.82333355517585
부산,부산_서구,2012-03,289.3981542717371
부산,부산_서구,2012-04,249.22509843344224
부산,부산_서구,2012-05,254.089257449193
부산,부산_서구,2012-06,249.23917852425845
부산,부산_서구,2012-07,238.2798883903926
부산,부산_서구,2012-08,197.64438583185594
부산,부산_서구,2012-09,270.953032375741
부산,부산_서구,2012-10,253.45712221198983
부산,부산_서구,2012-11,267.0978560306624
부산,부산_서구,2012-12,211.35672316342408
부산,부산_서구,2013-01,244.88068273818885
부산,부산_서구,2013-02,245.8959119419303
부산,부산_서구,2013-03,249.06600249066003
부산,부산_서구,2013-04,229.24380576780058
부산,부산_서구,2013-05,249.4101786316144
부산,부산_서구,2013-06,242.01562453275875
부산,부산_서구,2013-07,243.27752035227022
부산,부산_서구,2013-08,260.5091770278271
부산,부산_서구,2013-09,271.97882975595417
부산,부산_서구,2013-10,256.4420218037661
부산,부산_서구,2013-11,245.88235294117646
부산,부산_서구,2013-12,244.9868209405248
부산,부산_서구,2014-01,265.4240887106288
부산,부산_서구,2014-02,262.502371222793
부산,부산_서구,2014-03,269.63262554769125
부산,부산_서구,2014-04,284.2475903567348
부산,부산_서구,2014-05,267.2422352310876
부산,부산_서구,2014-06,275.530839231547
부산,부산_서구,2014-07,267.65711590614313
부산,부산_서구,2014-08,278.04153889043766
부산,부산_서구,2014-09,282.64331210191085
부산,부산_서구,2014-10,277.6470588235294
부산,부산_서구,2014-11,282.55970839838096
부산,부산_서구,2014-12,291.03053285094325
부산,부산_서구,2015-01,259.4231236461901
부산,부산_서구,2015-02,283.7514934289128
부산,부산_서구,2015-03,285.1770604826073
부산,부산_서구,2015-04,265.6406200130441
부산,부산_서구,2015-05,277.9591419392631
부산,부산_서구,2015-06,273.3598409542743
부산,부산_서구,2015-07,306.99367303898225
부산,부산_서구,2015-08,292.4807578448786
부산,부산_서구,2015-09,287.8376784239708
부산,부산_서구,2015-10,290.6101365608396
부산,부산_서구,2015-11,278.8857727258932
부산,부산_서구,2015-12,305.24485015245034
부산,부산_서구,2016-01,299.51818175398785
부산,부산_서구,2016-02,337.82658627619867
부산,부산_서구,2016-03,326.38911128903123
부산,부산_서구,2016-04,319.01776683584467
부산,부산_서구,2016-05,283.11902795800404
부산,부산_서구,2016-06,312.79735994979046
부산,부산_서구,2016-07,301.522555985828
부산,부산_서구,2016-08,326.46093520996817
부산,부산_서구,2016-09,299.96629592180653
부산,부산_서구,2016-10,304.59412995298163
부산,부산_서구,2016-11,326.3640999490056
부산,부산_서구,2016-12,314.79236841390366
부산,부산_서구,2017-01,329.9416297900348
부산,부산_서구,2017-02,372.9024238657551
부산,부산_서구,2017-03,320.29208647812646
부산,부산_서구,2017-04,401.5349806241562
부산,부산_서구,2017-05,328.6219081272085
부산,부산_서구,2017-06,363.3813591737855
부산,부산_서구,2017-07,324.0530145324055
부산,부산_서구,2017-08,315.86977633026083
부산,부산_서구,2017-09,334.20640859922446
부산,부산_서구,2017-10,326.58693333702684
부산,부산_서구,2017-11,336.39797605993385
부산,부산_서구,2017-12,318.1642890250573
부산,부산_서구,2018-01,310.655496147855
부산,부산_서구,2018-02,311.1764705882353
부산,부산_서구,2018-03,330.0325583816102
부산,부산_서구,2018-04,439.9556213017752
부산,부산_서구,2018-05,439.0988927071401
부산,부산_서구,2018-06,401.437472598362
부산,부산_서구,2018-07,366.6666666666667
부산,부산_서구,2018-08,339.1942295571089
부산,부산_서구,2018-09,364.6381375741255
부산,부산_서구,2018-10,367.71016338570007
부산,부산_서구,2018-11,332.5139794617213
부산,부산_서구,2018-12,413.95645925416204
부산,부산_서구,2019-01,332.0536505497204
부산,부산_서구,2019-02,346.0538913965258
부산,부산_서구,2019-03,336.35951762091344
부산,부산_서구,2019-04,468.57971014492756
부산,부산_서구,2019-05,318.95714880044375
부산,부산_서구,2019-06,324.4408829086848
부산,부산_서구,2019-07,320.20684168655526
부산,부산_서구,2019-08,318.53167554766134
부산,부산_서구,2019-09,346.4078212394237
부산,부산_서구,2019-10,486.79524163074217
부산,부산_서구,2019-11,421.7856881509729
부산,부산_서구,2019-12,410.2564102564102
부산,부산_서구,2020-01,419.6438697969831
부산,부산_서구,2020-02,383.8956968519208
부산,부산_서구,2020-03,358.377664919126
부산,부산_서구,2020-04,361.6666666666667
부산,부산_서구,2020-05,349.92515518216146
부산,부산_서구,2020-06,483.5497835497835
부산,부산_서구,2020-07,381.10154006786735
부산,부산_서구,2020-08,368.9366408595355
부산,부산_서구,2020-09,392.47390856974863
부산,부산_서구,2020-10,471.8290394172748
부산,부산_서구,2020-11,374.6841289704811
부산,부산_서구,2020-12,332.49771628817564
부산,부산_서구,2021-01,326.7563151941687
부산,부산_서구,2021-02,300.0070871722183
부산,부산_서구,2021-03,320.3431157384824
부산,부산_서구,2021-04,343.16740427147704
부산,부산_서구,2021-05,338.4382355104442
부산,부산_서구,2021-06,430.3940568475452
부산,부산_서구,2021-07,329.1918636613524
부산,부산_서구,2021-08,304.9874416935773
부산,부산_서구,2021-09,368.56368563685635
부산,부산_서구,2021-10,400.36725836069223
부산,부산_서구,2021-11,312.9464589427852
부산,부산_서구,2021-12,292.39766081871346
부산,부산_서구,2022-01,359.4306049822064
부산,부산_서구,2022-02,325.5561160999563
부산,부산_서구,2022-03,307.3163507109005
부산,부산_서구,2022-04,332.96337402885683
부산,부산_서구,2022-05,345.88235294117646
부산,부산_서구,2022-06,327.4627159349178
부산,부산_서구,2022-07,320.84358260738753
부산,부산_서구,2022-08,286.35737698809714
부산,부산_서구,2022-09,313.6212086135642
부산,부산_서구,2022-10,313.93383240763103
부산,부산_서구,2022-11,385.5333210941803
부산,부산_서구,2022-12,310.07751937984494
부산,부산_서구,2023-01,507.076621987152
부산,부산_서구,2023-02,417.1537622930911
부산,부산_서구,2023-03,517.7583072112895
부산,부산_서구,2023-04,559.4279473503154
부산,부산_서구,2023-05,337.0442242876111
부산,부산_서구,2023-06,406.6057800575503
부산,부산_서구,2023-07,435.85816939568855
부산,부산_서구,2023-08,350.6428452162298
부산,부산_서구,2023-09,522.725090284009
부산,부산_서구,2023-10,355.80274266498066
부산,부산_서구,2023-11,356.9303985722784
부산,부산_서구,2023-12,575.50281365279
부산,부산_서구,2024-01,575.50281365279
부산,부산_서구,2024-02,494.398581782354
부산,부산_서구,2024-03,438.65479197128803
부산,부산_서구,2024-04,561.4340913520704
부산,부산_서구,2024-05,415.95428413620306
부산,부산_서구,2024-06,603.750486895554
부산,부산_서구,2024-07,569.5772061902991
부산,부산_서구,2024-08,517.6954792007939
부산,부산_서구,2024-09,546.0455498728486
부산,부산_서구,2024-10,625.2943947244465
부산,부산_서구,2024-11,609.6579215772257
부산,부산_서구,2024-12,585.1774564478544
부산,부산_서구,2025-01,547.7044489423827
부산,부산_서구,2025-02,610.5596705072883
부산,부산_서구,2025-03,563.7904835673885
부산,부산_서구,2025-04,547.7044489423827
부산,부산_서구,2025-05,554.8630302716554
부산,부산_서구,2025-06,543.0242272347535
부산,부산_서구,2025-07,532.3320797952931
부산,부산_서구,2025-08,374.0190348973117
부산,부산_서구,2025-09,528.8933484523411
부산,부산_서구,2025-10,537.345513164965
부산,부산_서구,2025-11,530.4722586147149
부산,부산_서구,2025-12,509.4708508375488
부산,부산_수영구,2006-01,146.59131049099258
부산,부산_수영구,2006-02,159.3567251461988
부산,부산_수영구,2006-03,153.1213191990577
부산,부산_수영구,2006-04,153.24769098048284
부산,부산_수영구,2006-05,155.22265902671845
부산,부산_수영구,2006-06,154.81602960136672
부산,부산_수영구,2006-07,186.92715870718766
부산,부산_수영구,2006-08,182.9885604655077
부산,부산_수영구,2006-09,176.67844522968196
부산,부산_수영구,2006-10,216.82504871450948
부산,부산_수영구,2006-11,224.4761513399166
부산,부산_수영구,2006-12,221.34391074660007
부산,부산_수영구,2007-01,205.9054906938907
부산,부산_수영구,2007-02,192.8133638942515
부산,부산_수영구,2007-03,167.01461377870564
부산,부산_수영구,2007-04,189.424872229149
부산,부산_수영구,2007-05,177.4056578737859
부산,부산_수영구,2007-06,156.49743828598045
부산,부산_수영구,2007-07,180.74383037886687
부산,부산_수영구,2007-08,210.13533152583267
부산,부산_수영구,2007-09,182.48175182481754
부산,부산_수영구,2007-10,196.47539060289887
부산,부산_수영구,2007-11,197.4363840863727
부산,부산_수영구,2007-12,194.66316710411198
부산,부산_수영구,2008-01,195.906432748538
부산,부산_수영구,2008-02,223.7625971228035
부산,부산_수영구,2008-03,231.86148661813147
부산,부산_수영구,2008-04,227.87599539239744
부산,부산_수영구,2008-05,204.5936395759717
부산,부산_수영구,2008-06,163.92543859649123
부산,부산_수영구,2008-07,174.9545369537428
부산,부산_수영구,2008-08,202.96042862113208
부산,부산_수영구,2008-09,211.91678734150392
부산,부산_수영구,2008-10,152.23097112860893
부산,부산_수영구,2008-11,201.63989290495314
부산,부산_수영구,2008-12,191.02435769102436
부산,부산_수영구,2009-01,210.4781514527568
부산,부산_수영구,2009-02,196.22931896883418
부산,부산_수영구,2009-03,208.73381022909905
부산,부산_수영구,2009-04,233.30417031204433
부산,부산_수영구,2009-05,264.80080269170315
부산,부산_수영구,2009-06,286.46959865416966
부산,부산_수영구,2009-07,269.05177428737636
부산,부산_수영구,2009-08,271.8111906656059
부산,부산_수영구,2009-09,240.54982817869416
부산,부산_수영구,2009-10,258.23854088211425
부산,부산_수영구,2009-11,230.93127086965802
부산,부산_수영구,2009-12,250.75320361643566
부산,부산_수영구,2010-01,272.5800976041618
부산,부산_수영구,2010-02,290.86678301337986
부산,부산_수영구,2010-03,247.40757765933165
부산,부산_수영구,2010-04,280.20009583314203
부산,부산_수영구,2010-05,259.36837048695133
부산,부산_수영구,2010-06,247.39615546374412
부산,부산_수영구,2010-07,255.84795321637426
부산,부산_수영구,2010-08,252.77335507916072
부산,부산_수영구,2010-09,231.77592954990214
부산,부산_수영구,2010-10,268.5204778445599
부산,부산_수영구,2010-11,277.61716387019356
부산,부산_수영구,2010-12,306.3111658976741
부산,부산_수영구,2011-01,292.9488054641947
부산,부산_수영구,2011-02,289.01880162758084
부산,부산_수영구,2011-03,303.94593338220307
부산,부산_수영구,2011-04,299.46583781721455
부산,부산_수영구,2011-05,304.4928793687932
부산,부산_수영구,2011-06,306.3918577677259
부산,부산_수영구,2011-07,278.1696428571429
부산,부산_수영구,2011-08,320.17075773745995
부산,부산_수영구,2011-09,297.410864679941
부산,부산_수영구,2011-10,318.9069181357225
부산,부산_수영구,2011-11,292.99843064016886
부산,부산_수영구,2011-12,287.85363613887614
부산,부산_수영구,2012-01,332.81404900155786
부산,부산_수영구,2012-02,306.4167267483778
부산,부산_수영구,2012-03,269.0744089049171
부산,부산_수영구,2012-04,286.7615517701281
부산,부산_수영구,2012-05,281.8699143753656
부산,부산_수영구,2012-06,280.32979976442874
부산,부산_수영구,2012-07,317.2314347512617
부산,부산_수영구,2012-08,311.7790171390167
부산,부산_수영구,2012-09,306.1020261599501
부산,부산_수영구,2012-10,282.49336870026525
부산,부산_수영구,2012-11,287.81793842034807
부산,부산_수영구,2012-12,308.8538091969801
부산,부산_수영구,2013-01,308.8538091969801
부산,부산_수영구,2013-02,295.74180881089706
부산,부산_수영구,2013-03,310.6913238410842
부산,부산_수영구,2013-04,313.52797663435865
부산,부산_수영구,2013-05,294.3288713076443
부산,부산_수영구,2013-06,286.6708802243394
부산,부산_수영구,2013-07,286.61235433810947
부산,부산_수영구,2013-08,315.9460570354857
부산,부산_수영구,2013-09,306.1772877510998
부산,부산_수영구,2013-10,301.1635865845312
부산,부산_수영구,2013-11,313.8363171377258
부산,부산_수영구,2013-12,316.8954210006226
부산,부산_수영구,2014-01,313.55618926911706
부산,부산_수영구,2014-02,308.46864157238946
부산,부산_수영구,2014-03,329.0352490060189
부산,부산_수영구,2014-04,314.9417852522639
부산,부산_수영구,2014-05,312.1732636295743
부산,부산_수영구,2014-06,305.7169061449098
부산,부산_수영구,2014-07,329.87747408105565
부산,부산_수영구,2014-08,328.7604513353357
부산,부산_수영구,2014-09,329.86357843389476
부산,부산_수영구,2014-10,300.3506632108553
부산,부산_수영구,2014-11,296.69030732860523
부산,부산_수영구,2014-12,297.10689959848344
부산,부산_수영구,2015-01,314.20266660390456
부산,부산_수영구,2015-02,322.9617959826703
부산,부산_수영구,2015-03,324.06169945524516
부산,부산_수영구,2015-04,331.47321428571433
부산,부산_수영구,2015-05,327.226883481389
부산,부산_수영구,2015-06,334.1445591740689
부산,부산_수영구,2015-07,343.8428141843852
부산,부산_수영구,2015-08,327.7938710169233
부산,부산_수영구,2015-09,326.8521622527657
부산,부산_수영구,2015-10,341.52594161895263
부산,부산_수영구,2015-11,391.453270265862
부산,부산_수영구,2015-12,353.91926268337744
부산,부산_수영구,2016-01,371.9447396386822
부산,부산_수영구,2016-02,344.78355254756735
부산,부산_수영구,2016-03,358.39306551091846
부산,부산_수영구,2016-04,372.0387053720387
부산,부산_수영구,2016-05,403.24042874161927
부산,부산_수영구,2016-06,400.12076200964805
부산,부산_수영구,2016-07,412.7738040185073
부산,부산_수영구,2016-08,416.5179102701416
부산,부산_수영구,2016-09,405.02793296089385
부산,부산_수영구,2016-10,409.4382771993533
부산,부산_수영구,2016-11,416.6666666666667
부산,부산_수영구,2016-12,400.21344717182495
부산,부산_수영구,2017-01,398.5507246376812
부산,부산_수영구,2017-02,413.0670820941321
부산,부산_수영구,2017-03,419.8003513025408
부산,부산_수영구,2017-04,438.0574856837026
부산,부산_수영구,2017-05,429.46257197696735
부산,부산_수영구,2017-06,435.4119349941749
부산,부산_수영구,2017-07,450.46153846153845
부산,부산_수영구,2017-08,472.0698296910781
부산,부산_수영구,2017-09,449.8351389543099
부산,부산_수영구,2017-10,427.51234868473404
부산,부산_수영구,2017-11,467.83276693417486
부산,부산_수영구,2017-12,465.4029331667285
부산,부산_수영구,2018-01,562.7075130872133
부산,부산_수영구,2018-02,484.3911722389778
부산,부산_수영구,2018-03,476.14755812826394
부산,부산_수영구,2018-04,496.5947786606129
부산,부산_수영구,2018-05,464.3209784445753
부산,부산_수영구,2018-06,460.92184368737475
부산,부산_수영구,2018-07,442.5095206593839
부산,부산_수영구,2018-08,498.8321654988322
부산,부산_수영구,2018-09,577.073460273792
부산,부산_수영구,2018-10,491.8341412905351
부산,부산_수영구,2018-11,531.588632181558
부산,부산_수영구,2018-12,419.1434971919831
부산,부산_수영구,2019-01,458.9348419820523
부산,부산_수영구,2019-02,527.4043433298863
부산,부산_수영구,2019-03,524.4098075600849
부산,부산_수영구,2019-04,530.1595727578303
부산,부산_수영구,2019-05,497.5447568822103
부산,부산_수영구,2019-06,490.9887048992647
부산,부산_수영구,2019-07,488.30423118557917
부산,부산_수영구,2019-08,519.7894561031203
부산,부산_수영구,2019-09,477.06647044395385
부산,부산_수영구,2019-10,623.677268341374
부산,부산_수영구,2019-11,596.3149078726968
부산,부산_수영구,2019-12,478.1021897810219
부산,부산_수영구,2020-01,503.465759010087
부산,부산_수영구,2020-02,566.6977425605326
부산,부산_수영구,2020-03,471.03640101584233
부산,부산_수영구,2020-04,442.9005916771784
부산,부산_수영구,2020-05,535.5881816186136
부산,부산_수영구,2020-06,639.4490900147566
부산,부산_수영구,2020-07,452.91681525321155
부산,부산_수영구,2020-08,470.8917092730549
부산,부산_수영구,2020-09,506.9574700109051
부산,부산_수영구,2020-10,528.1576366134527
부산,부산_수영구,2020-11,493.25657894736844
부산,부산_수영구,2020-12,395.65361977987635
부산,부산_수영구,2021-01,445.6264775413712
부산,부산_수영구,2021-02,433.7671004337671
부산,부산_수영구,2021-03,520.5768037882115
부산,부산_수영구,2021-04,471.0995118731663
부산,부산_수영구,2021-05,537.6910396766855
부산,부산_수영구,2021-06,479.7248370745836
부산,부산_수영구,2021-07,503.7783375314861
부산,부산_수영구,2021-08,606.3321967851924
부산,부산_수영구,2021-09,575.476491685477
부산,부산_수영구,2021-10,532.8525641025641
부산,부산_수영구,2021-11,570.8936364169701
부산,부산_수영구,2021-12,475.3897861768229
부산,부산_수영구,2022-01,529.6963630296964
부산,부산_수영구,2022-02,512.1788455121789
부산,부산_수영구,2022-03,473.5856254316832
부산,부산_수영구,2022-04,549.3135278051643
부산,부산_수영구,2022-05,551.5809519676066
부산,부산_수영구,2022-06,542.6265510002214
부산,부산_수영구,2022-07,642.3727534305056
부산,부산_수영구,2022-08,638.2374984092754
부산,부산_수영구,2022-09,658.9785831960461
부산,부산_수영구,2022-10,611.628675663577
부산,부산_수영구,2022-11,565.5501901488128
부산,부산_수영구,2022-12,741.6877988825237
부산,부산_수영구,2023-01,763.2135306553912
부산,부산_수영구,2023-02,847.2581783949164
부산,부산_수영구,2023-03,745.4447820532919
부산,부산_수영구,2023-04,823.7464931935004
부산,부산_수영구,2023-05,779.0805307004011
부산,부산_수영구,2023-06,791.6134058613322
부산,부산_수영구,2023-07,720.4535142359895
부산,부산_수영구,2023-08,751.31289502654
부산,부산_수영구,2023-09,750.7145766197214
부산,부산_수영구,2023-10,694.3006156916647
부산,부산_수영구,2023-11,592.3694779116466
부산,부산_수영구,2023-12,812.4576844955992
부산,부산_수영구,2024-01,756.3332248729392
부산,부산_수영구,2024-02,604.9890113920039
부산,부산_수영구,2024-03,698.6055542052417
부산,부산_수영구,2024-04,732.9067815864499
부산,부산_수영구,2024-05,691.9905771495877
부산,부산_수영구,2024-06,770.752360208468
부산,부산_수영구,2024-07,929.5918862655775
부산,부산_수영구,2024-08,909.773975635723
부산,부산_수영구,2024-09,764.8228552602163
부산,부산_수영구,2024-10,860.4452155709938
부산,부산_수영구,2024-11,950.0825606503239
부산,부산_수영구,2024-12,904.1026292391718
부산,부산_수영구,2025-01,891.4009907278038
부산,부산_수영구,2025-02,786.7138449393956
부산,부산_수영구,2025-03,866.7056684217456
부산,부산_수영구,2025-04,824.0475953089192
부산,부산_수영구,2025-05,812.1517091286548
부산,부산_수영구,2025-06,912.4420599291946
부산,부산_수영구,2025-07,910.5901568900875
부산,부산_수영구,2025-08,903.4989605445717
부산,부산_수영구,2025-09,977.2754032732838
부산,부산_수영구,2025-10,1004.1241874743299
부산,부산_수영구,2025-11,887.4452519677263
부산,부산_수영구,2025-12,768.9383722121918
부산,부산_연제구,2006-01,162.3940097691679
부산,부산_연제구,2006-02,168.64510747630834
부산,부산_연제구,2006-03,165.6571926070667
부산,부산_연제구,2006-04,154.20952373416387
부산,부산_연제구,2006-05,164.72526179550536
부산,부산_연제구,2006-06,158.1140350877193
부산,부산_연제구,2006-07,160.14695604325377
부산,부산_연제구,2006-08,182.4860879914438
부산,부산_연제구,2006-09,166.36628309995842
부산,부산_연제구,2006-10,170.3059854427249
부산,부산_연제구,2006-11,177.07492541573203
부산,부산_연제구,2006-12,181.36020151133502
부산,부산_연제구,2007-01,169.0092593816654
부산,부산_연제구,2007-02,165.51192470633143
부산,부산_연제구,2007-03,161.32648206493667
부산,부산_연제구,2007-04,171.67525042918814
부산,부산_연제구,2007-05,172.6451302466936
부산,부산_연제구,2007-06,176.19719967054948
부산,부산_연제구,2007-07,173.1213131572198
부산,부산_연제구,2007-08,176.74089784376105
부산,부산_연제구,2007-09,201.92923471021456
부산,부산_연제구,2007-10,178.9024059595614
부산,부산_연제구,2007-11,178.2562654429933
부산,부산_연제구,2007-12,173.15740865624196
부산,부산_연제구,2008-01,177.5915067519545
부산,부산_연제구,2008-02,178.50669194542922
부산,부산_연제구,2008-03,187.07231650999466
부산,부산_연제구,2008-04,182.4366135617926
부산,부산_연제구,2008-05,180.05101445409534
부산,부산_연제구,2008-06,187.0808330391811
부산,부산_연제구,2008-07,187.6691375455936
부산,부산_연제구,2008-08,276.5410150109876
부산,부산_연제구,2008-09,178.7454739720965
부산,부산_연제구,2008-10,173.13264080277014
부산,부산_연제구,2008-11,195.5214856945804
부산,부산_연제구,2008-12,181.1977879750559
부산,부산_연제구,2009-01,197.69055074469324
부산,부산_연제구,2009-02,180.84237545210593
부산,부산_연제구,2009-03,182.12190742371104
부산,부산_연제구,2009-04,189.97438940841377
부산,부산_연제구,2009-05,188.25744205200613
부산,부산_연제구,2009-06,204.641320841396
부산,부산_연제구,2009-07,197.28270984552393
부산,부산_연제구,2009-08,199.86249460371266
부산,부산_연제구,2009-09,202.3767502059066
부산,부산_연제구,2009-10,199.85485009986235
부산,부산_연제구,2009-11,200.02353218025652
부산,부산_연제구,2009-12,196.5844942548958
부산,부산_연제구,2010-01,209.57630455192466
부산,부산_연제구,2010-02,216.8914400202856
부산,부산_연제구,2010-03,210.7629619221582
부산,부산_연제구,2010-04,204.15214338786768
부산,부산_연제구,2010-05,222.4912630757997
부산,부산_연제구,2010-06,200.11076218052983
부산,부산_연제구,2010-07,223.435793583228
부산,부산_연제구,2010-08,221.79424122450416
부산,부산_연제구,2010-09,313.3211585164864
부산,부산_연제구,2010-10,227.23366768637135
부산,부산_연제구,2010-11,262.94978252273626
부산,부산_연제구,2010-12,251.79060166922517
부산,부산_연제구,2011-01,260.4008250781168
부산,부산_연제구,2011-02,257.40401725103175
부산,부산_연제구,2011-03,285.4983815010676
부산,부산_연제구,2011-04,276.8027515371387
부산,부산_연제구,2011-05,296.08324168852045
부산,부산_연제구,2011-06,281.79182104327657
부산,부산_연제구,2011-07,296.083538544813
부산,부산_연제구,2011-08,295.3901422542448
부산,부산_연제구,2011-09,317.6281965861001
부산,부산_연제구,2011-10,288.3143588982125
부산,부산_연제구,2011-11,283.5514286991696
부산,부산_연제구,2011-12,286.4686468646865
부산,부산_연제구,2012-01,289.5193977996526
부산,부산_연제구,2012-02,284.59157861301856
부산,부산_연제구,2012-03,290.62242616778445
부산,부산_연제구,2012-04,292.39766081871346
부산,부산_연제구,2012-05,293.02943991617803
부산,부산_연제구,2012-06,299.3516656209414
부산,부산_연제구,2012-07,302.99443721150436
부산,부산_연제구,2012-08,272.0227072484871
부산,부산_연제구,2012-09,275.3831417624521
부산,부산_연제구,2012-10,279.4385347819972
부산,부산_연제구,2012-11,285.90408685927366
부산,부산_연제구,2012-12,294.4710122735518
부산,부산_연제구,2013-01,282.3861630780092
부산,부산_연제구,2013-02,286.85733741913515
부산,부산_연제구,2013-03,286.09154929577466
부산,부산_연제구,2013-04,287.2954197574473
부산,부산_연제구,2013-05,292.263720147326
부산,부산_연제구,2013-06,294.152599308859
부산,부산_연제구,2013-07,292.3488138990979
부산,부산_연제구,2013-08,296.69977590371246
부산,부산_연제구,2013-09,280.76006298163304
부산,부산_연제구,2013-10,293.76924899312957
부산,부산_연제구,2013-11,282.8428698423145
부산,부산_연제구,2013-12,282.9449766067007
부산,부산_연제구,2014-01,294.05332903093915
부산,부산_연제구,2014-02,293.1345585680406
부산,부산_연제구,2014-03,289.30817610062894
부산,부산_연제구,2014-04,291.90207156308855
부산,부산_연제구,2014-05,291.19565524316897
부산,부산_연제구,2014-06,279.77247199367713
부산,부산_연제구,2014-07,294.0266171463943
부산,부산_연제구,2014-08,286.3497904090915
부산,부산_연제구,2014-09,288.25311192821823
부산,부산_연제구,2014-10,297.08853238265
부산,부산_연제구,2014-11,311.18390266729057
부산,부산_연제구,2014-12,308.1450094161959
부산,부산_연제구,2015-01,308.9325644345063
부산,부산_연제구,2015-02,308.7321885275849
부산,부산_연제구,2015-03,299.9448339231842
부산,부산_연제구,2015-04,306.0299673960381
부산,부산_연제구,2015-05,295.51954242135366
부산,부산_연제구,2015-06,319.77566271508897
부산,부산_연제구,2015-07,312.3088619589645
부산,부산_연제구,2015-08,324.23708920187795
부산,부산_연제구,2015-09,327.6901626811417
부산,부산_연제구,2015-10,332.3145185400175
부산,부산_연제구,2015-11,329.4334685579285
부산,부산_연제구,2015-12,346.68400086671
부산,부산_연제구,2016-01,332.6063249727372
부산,부산_연제구,2016-02,357.53223976900006
부산,부산_연제구,2016-03,329.0045150338218
부산,부산_연제구,2016-04,340.5726860705771
부산,부산_연제구,2016-05,353.7099653691033
부산,부산_연제구,2016-06,353.7357279142312
부산,부산_연제구,2016-07,380.0190009500475
부산,부산_연제구,2016-08,363.6835970775971
부산,부산_연제구,2016-09,382.2981366459627
부산,부산_연제구,2016-10,373.0289479877618
부산,부산_연제구,2016-11,377.78650869529923
부산,부산_연제구,2016-12,388.47776924733273
부산,부산_연제구,2017-01,364.8467076336708
부산,부산_연제구,2017-02,379.6037216398619
부산,부산_연제구,2017-03,379.1890137669525
부산,부산_연제구,2017-04,407.69865046927464
부산,부산_연제구,2017-05,392.0414410171886
부산,부산_연제구,2017-06,399.48238274288383
부산,부산_연제구,2017-07,396.7748779970295
부산,부산_연제구,2017-08,396.8440885539331
부산,부산_연제구,2017-09,413.8714645657753
부산,부산_연제구,2017-10,362.4783160293089
부산,부산_연제구,2017-11,443.498150129338
부산,부산_연제구,2017-12,428.4436046744863
부산,부산_연제구,2018-01,417.22372578820193
부산,부산_연제구,2018-02,425.14152774054446
부산,부산_연제구,2018-03,396.68650099171623
부산,부산_연제구,2018-04,344.196584175671
부산,부산_연제구,2018-05,460.12242481360056
부산,부산_연제구,2018-06,407.30131429431697
부산,부산_연제구,2018-07,403.56083086053417
부산,부산_연제구,2018-08,376.51488410401225
부산,부산_연제구,2018-09,427.1724401116252
부산,부산_연제구,2018-10,417.4903019819166
부산,부산_연제구,2018-11,347.8624052141716
부산,부산_연제구,2018-12,344.8627763471653
부산,부산_연제구,2019-01,405.93058704622547
부산,부산_연제구,2019-02,394.9447077409163
부산,부산_연제구,2019-03,404.2619174198121
부산,부산_연제구,2019-04,405.6795131845842
부산,부산_연제구,2019-05,417.74046962218665
부산,부산_연제구,2019-06,417.537854179418
부산,부산_연제구,2019-07,343.7482087220358
부산,부산_연제구,2019-08,418.2846625832549
부산,부산_연제구,2019-09,443.8012066461696
부산,부산_연제구,2019-10,419.7618671302882
부산,부산_연제구,2019-11,484.28937724921207
부산,부산_연제구,2019-12,491.7806117602937
부산,부산_연제구,2020-01,484.5694902934674
부산,부산_연제구,2020-02,460.4821967048592
부산,부산_연제구,2020-03,392.7569998414945
부산,부산_연제구,2020-04,435.46250507304194
부산,부산_연제구,2020-05,456.98143280787315
부산,부산_연제구,2020-06,549.7150485627735
부산,부산_연제구,2020-07,495.8216971574676
부산,부산_연제구,2020-08,483.4042326207844
부산,부산_연제구,2020-09,440.6974516190841
부산,부산_연제구,2020-10,489.6938570240235
부산,부산_연제구,2020-11,400.0927325860439
부산,부산_연제구,2020-12,373.73191692007697
부산,부산_연제구,2021-01,411.7840839568921
부산,부산_연제구,2021-02,411.5600354627564
부산,부산_연제구,2021-03,418.6836010089656
부산,부산_연제구,2021-04,425.36130270460586
부산,부산_연제구,2021-05,461.8775955929018
부산,부산_연제구,2021-06,494.1560168201296
부산,부산_연제구,2021-07,530.0265013250663
부산,부산_연제구,2021-08,536.6935013417337
부산,부산_연제구,2021-09,510.5633802816902
부산,부산_연제구,2021-10,445.7594854661939
부산,부산_연제구,2021-11,463.4192879994372
부산,부산_연제구,2021-12,408.76600414524466
부산,부산_연제구,2022-01,432.3402763326095
부산,부산_연제구,2022-02,492.5206701856448
부산,부산_연제구,2022-03,469.1841705153686
부산,부산_연제구,2022-04,543.2691590841561
부산,부산_연제구,2022-05,482.57060267875676
부산,부산_연제구,2022-06,447.71132642833277
부산,부산_연제구,2022-07,437.5743162901308
부산,부산_연제구,2022-08,582.3907986193876
부산,부산_연제구,2022-09,493.215153605939
부산,부산_연제구,2022-10,470.14925373134326
부산,부산_연제구,2022-11,484.9318122733654
부산,부산_연제구,2022-12,588.3605803118076
부산,부산_연제구,2023-01,588.8587916617595
부산,부산_연제구,2023-02,616.2473091654003
부산,부산_연제구,2023-03,619.9232952018374
부산,부산_연제구,2023-04,626.5461198322641
부산,부산_연제구,2023-05,601.3102480112307
부산,부산_연제구,2023-06,617.0232113707564
부산,부산_연제구,2023-07,641.8925714393894
부산,부산_연제구,2023-08,637.2527252904431
부산,부산_연제구,2023-09,626.1315357504949
부산,부산_연제구,2023-10,656.6827228550435
부산,부산_연제구,2023-11,559.4408188470627
부산,부산_연제구,2023-12,588.5815185403178
부산,부산_연제구,2024-01,542.7237495912822
부산,부산_연제구,2024-02,395.6760655803399
부산,부산_연제구,2024-03,640.3671438291287
부산,부산_연제구,2024-04,609.4482323300408
부산,부산_연제구,2024-05,581.8945298351575
부산,부산_연제구,2024-06,625.4049635768304
부산,부산_연제구,2024-07,591.1600460260322
부산,부산_연제구,2024-08,670.610325987209
부산,부산_연제구,2024-09,659.059240010545
부산,부산_연제구,2024-10,633.0508238523421
부산,부산_연제구,2024-11,617.283950617284
부산,부산_연제구,2024-12,622.3927915901886
부산,부산_연제구,2025-01,549.8362189985961
부산,부산_연제구,2025-02,633.0508238523421
부산,부산_연제구,2025-03,656.1290262107924
부산,부산_연제구,2025-04,612.9888586147453
부산,부산_연제구,2025-05,674.3038753564501
부산,부산_연제구,2025-06,718.3476590698457
부산,부산_연제구,2025-07,681.845675513104
부산,부산_연제구,2025-08,668.5148439875668
부산,부산_연제구,2025-09,688.036736486904
부산,부산_연제구,2025-10,705.6348906290796
부산,부산_연제구,2025-11,704.7860280833381
부산,부산_연제구,2025-12,653.3084502156171
부산,부산_영도구,2006-01,132.66273790483694
부산,부산_영도구,2006-02,112.76064379035377
부산,부산_영도구,2006-03,111.11111111111111
부산,부산_영도구,2006-04,118.57902826198824
부산,부산_영도구,2006-05,108.74768425755649
부산,부산_영도구,2006-06,107.7623072657992
부산,부산_영도구,2006-07,100.69994717379821
부산,부산_영도구,2006-08,113.68720400736005
부산,부산_영도구,2006-09,108.06137886319429
부산,부산_영도구,2006-10,111.30322022909012
부산,부산_영도구,2006-11,120.1013476715671
부산,부산_영도구,2006-12,126.76352423531944
부산,부산_영도구,2007-01,135.2115996699281
부산,부산_영도구,2007-02,144.92753623188406
부산,부산_영도구,2007-03,117.04272226131832
부산,부산_영도구,2007-04,124.46518864255154
부산,부산_영도구,2007-05,108.06137886319429
부산,부산_영도구,2007-06,108.60045542126467
부산,부산_영도구,2007-07,117.35855666491504
부산,부산_영도구,2007-08,110.22260644045818
부산,부산_영도구,2007-09,112.81015352217071
부산,부산_영도구,2007-10,118.86751674951371
부산,부산_영도구,2007-11,118.95756789856638
부산,부산_영도구,2007-12,118.23436678928007
부산,부산_영도구,2008-01,117.09029583428938
부산,부산_영도구,2008-02,117.47032798076495
부산,부산_영도구,2008-03,120.90661631946035
부산,부산_영도구,2008-04,123.17555386170258
부산,부산_영도구,2008-05,118.51718876222961
부산,부산_영도구,2008-06,126.15138165798959
부산,부산_영도구,2008-07,124.82685644792099
부산,부산_영도구,2008-08,125.2109836753315
부산,부산_영도구,2008-09,127.69035260793237
부산,부산_영도구,2008-10,137.77825805057273
부산,부산_영도구,2008-11,132.19147546422536
부산,부산_영도구,2008-12,128.2970757569634
부산,부산_영도구,2009-01,128.42641176608916
부산,부산_영도구,2009-02,133.45580289604493
부산,부산_영도구,2009-03,133.28269396462966
부산,부산_영도구,2009-04,133.56386427490813
부산,부산_영도구,2009-05,135.06797659103327
부산,부산_영도구,2009-06,138.54963601799045
부산,부산_영도구,2009-07,131.83488221309702
부산,부산_영도구,2009-08,136.0738790840861
부산,부산_영도구,2009-09,143.21447339101462
부산,부산_영도구,2009-10,148.17781337605126
부산,부산_영도구,2009-11,159.74474461696417
부산,부산_영도구,2009-12,154.56655856821317
부산,부산_영도구,2010-01,161.6915422885572
부산,부산_영도구,2010-02,175.05943375837475
부산,부산_영도구,2010-03,158.18982779335204
부산,부산_영도구,2010-04,162.80669789277204
부산,부산_영도구,2010-05,164.8561580691061
부산,부산_영도구,2010-06,170.51495121897074
부산,부산_영도구,2010-07,167.35310416923807
부산,부산_영도구,2010-08,166.54918635210146
부산,부산_영도구,2010-09,174.20905086103326
부산,부산_영도구,2010-10,181.41825545688704
부산,부산_영도구,2010-11,187.6533520422177
부산,부산_영도구,2010-12,182.41758241758242
부산,부산_영도구,2011-01,193.42986816511777
부산,부산_영도구,2011-02,195.5632131278683
부산,부산_영도구,2011-03,204.24055008218636
부산,부산_영도구,2011-04,199.5221027479092
부산,부산_영도구,2011-05,210.32628822736444
부산,부산_영도구,2011-06,215.80956288256476
부산,부산_영도구,2011-07,230.16571931790887
부산,부산_영도구,2011-08,210.91001879650372
부산,부산_영도구,2011-09,217.9080824088748
부산,부산_영도구,2011-10,227.24802604705246
부산,부산_영도구,2011-11,226.928895612708
부산,부산_영도구,2011-12,219.3645990922844
부산,부산_영도구,2012-01,216.41488975907808
부산,부산_영도구,2012-02,220.44521288091636
부산,부산_영도구,2012-03,227.3197639738089
부산,부산_영도구,2012-04,212.19566674112127
부산,부산_영도구,2012-05,213.1868131868132
부산,부산_영도구,2012-06,213.35116635677733
부산,부산_영도구,2012-07,211.691906855561
부산,부산_영도구,2012-08,214.28571428571428
부산,부산_영도구,2012-09,210.19442984760903
부산,부산_영도구,2012-10,216.25951141369646
부산,부산_영도구,2012-11,203.23912353127977
부산,부산_영도구,2012-12,205.95504295633754
부산,부산_영도구,2013-01,202.69904174614032
부산,부산_영도구,2013-02,212.4987013968248
부산,부산_영도구,2013-03,213.1868131868132
부산,부산_영도구,2013-04,227.15381347799578
부산,부산_영도구,2013-05,221.9613902349355
부산,부산_영도구,2013-06,210.69265209375823
부산,부산_영도구,2013-07,213.57833194129577
부산,부산_영도구,2013-08,204.23600605143722
부산,부산_영도구,2013-09,217.83181357649443
부산,부산_영도구,2013-10,236.46873357856015
부산,부산_영도구,2013-11,211.8003025718608
부산,부산_영도구,2013-12,216.0619231179055
부산,부산_영도구,2014-01,216.66183428445896
부산,부산_영도구,2014-02,216.68265837054975
부산,부산_영도구,2014-03,212.26290211438726
부산,부산_영도구,2014-04,216.12275772638858
부산,부산_영도구,2014-05,219.71974090851361
부산,부산_영도구,2014-06,201.70028338056343
부산,부산_영도구,2014-07,225.9903484117304
부산,부산_영도구,2014-08,213.82141635306192
부산,부산_영도구,2014-09,219.69887198608788
부산,부산_영도구,2014-10,215.1175728803501
부산,부산_영도구,2014-11,258.8636700786234
부산,부산_영도구,2014-12,221.891545724409
부산,부산_영도구,2015-01,220.66281019732932
부산,부산_영도구,2015-02,230.92712966130688
부산,부산_영도구,2015-03,213.768115942029
부산,부산_영도구,2015-04,214.51939809235128
부산,부산_영도구,2015-05,211.6545042246642
부산,부산_영도구,2015-06,221.33705861792168
부산,부산_영도구,2015-07,226.9650451779191
부산,부산_영도구,2015-08,217.6838606551093
부산,부산_영도구,2015-09,219.64112873203783
부산,부산_영도구,2015-10,215.03583930655108
부산,부산_영도구,2015-11,208.58131905312572
부산,부산_영도구,2015-12,218.28398530365246
부산,부산_영도구,2016-01,210.98901098901098
부산,부산_영도구,2016-02,228.00950940133995
부산,부산_영도구,2016-03,220.1585141301737
부산,부산_영도구,2016-04,226.928895612708
부산,부산_영도구,2016-05,220.44521288091636
부산,부산_영도구,2016-06,218.85045974021392
부산,부산_영도구,2016-07,226.6002107218526
부산,부산_영도구,2016-08,222.22222222222223
부산,부산_영도구,2016-09,216.3715139486065
부산,부산_영도구,2016-10,231.598393615207
부산,부산_영도구,2016-11,223.55627041071068
부산,부산_영도구,2016-12,230.92712966130688
부산,부산_영도구,2017-01,226.88875641532755
부산,부산_영도구,2017-02,235.3462960908465
부산,부산_영도구,2017-03,231.17187481384133
부산,부산_영도구,2017-04,220.58823529411765
부산,부산_영도구,2017-05,238.9696882883483
부산,부산_영도구,2017-06,211.86440677966104
부산,부산_영도구,2017-07,221.46607763071435
부산,부산_영도구,2017-08,232.96703296703296
부산,부산_영도구,2017-09,235.54104477611938
부산,부산_영도구,2017-10,232.63770099213136
부산,부산_영도구,2017-11,230.76923076923077
부산,부산_영도구,2017-12,239.56043956043956
부산,부산_영도구,2018-01,242.11711711711712
부산,부산_영도구,2018-02,247.03557312252966
부산,부산_영도구,2018-03,225.75253548278596
부산,부산_영도구,2018-04,245.25525412217485
부산,부산_영도구,2018-05,248.35164835164835
부산,부산_영도구,2018-06,245.91022665416565
부산,부산_영도구,2018-07,214.76997578692496
부산,부산_영도구,2018-08,228.00950940133993
부산,부산_영도구,2018-09,256.73940949935815
부산,부산_영도구,2018-10,229.75738234815248
부산,부산_영도구,2018-11,217.87895739042483
부산,부산_영도구,2018-12,204.5684918529746
부산,부산_영도구,2019-01,227.8473988483755
부산,부산_영도구,2019-02,252.49166805202617
부산,부산_영도구,2019-03,214.6132194575881
부산,부산_영도구,2019-04,221.63507106727008
부산,부산_영도구,2019-05,228.61013504932052
부산,부산_영도구,2019-06,229.09012318997188
부산,부산_영도구,2019-07,242.27762657314332
부산,부산_영도구,2019-08,227.37873134328356
부산,부산_영도구,2019-09,234.9072116513977
부산,부산_영도구,2019-10,224.3274870718199
부산,부산_영도구,2019-11,235.54104477611938
부산,부산_영도구,2019-12,252.54847117850272
부산,부산_영도구,2020-01,278.28177439435444
부산,부산_영도구,2020-02,253.28804335908913
부산,부산_영도구,2020-03,258.6551249034849
부산,부산_영도구,2020-04,261.8084795931129
부산,부산_영도구,2020-05,262.7430373095113
부산,부산_영도구,2020-06,266.023316103722
부산,부산_영도구,2020-07,226.928895612708
부산,부산_영도구,2020-08,226.06962457879484
부산,부산_영도구,2020-09,217.9323741880653
부산,부산_영도구,2020-10,224.96708376353354
부산,부산_영도구,2020-11,231.25135076723578
부산,부산_영도구,2020-12,239.38936642885375
부산,부산_영도구,2021-01,246.77009640837588
부산,부산_영도구,2021-02,248.54117138534687
부산,부산_영도구,2021-03,259.4703716898231
부산,부산_영도구,2021-04,250.89605734767025
부산,부산_영도구,2021-05,278.7983574670413
부산,부산_영도구,2021-06,282.78329258270725
부산,부산_영도구,2021-07,296.0881780851523
부산,부산_영도구,2021-08,285.4887514800684
부산,부산_영도구,2021-09,274.0438696615033
부산,부산_영도구,2021-10,290.67701348327824
부산,부산_영도구,2021-11,298.08942644005737
부산,부산_영도구,2021-12,263.9321630932357
부산,부산_영도구,2022-01,291.7657229306246
부산,부산_영도구,2022-02,245.9081377059851
부산,부산_영도구,2022-03,310.3724469363236
부산,부산_영도구,2022-04,303.4685495514436
부산,부산_영도구,2022-05,282.07110727723386
부산,부산_영도구,2022-06,318.78106764642314
부산,부산_영도구,2022-07,274.22642208634426
부산,부산_영도구,2022-08,282.2655524605385
부산,부산_영도구,2022-09,286.7383512544803
부산,부산_영도구,2022-10,286.7677181482999
부산,부산_영도구,2022-11,313.1647744620264
부산,부산_영도구,2022-12,221.5496368038741
부산,부산_영도구,2023-01,253.37307712320577
부산,부산_영도구,2023-02,260.3123748498198
부산,부산_영도구,2023-03,305.13208425462585
부산,부산_영도구,2023-04,276.6371298897774
부산,부산_영도구,2023-05,315.076976537094
부산,부산_영도구,2023-06,266.4326557823827
부산,부산_영도구,2023-07,253.37424378284757
부산,부산_영도구,2023-08,279.49571836346337
부산,부산_영도구,2023-09,287.45123598302416
부산,부산_영도구,2023-10,291.79521222560976
부산,부산_영도구,2023-11,295.059854999157
부산,부산_영도구,2023-12,280.3364036844213
부산,부산_영도구,2024-01,330.14974649215895
부산,부산_영도구,2024-02,222.7989986323297
부산,부산_영도구,2024-03,248.54117138534687
부산,부산_영도구,2024-04,300.95100517635734
부산,부산_영도구,2024-05,283.2978227381915
부산,부산_영도구,2024-06,287.6593725138326
부산,부산_영도구,2024-07,288.04250337653616
부산,부산_영도구,2024-08,263.66976442619404
부산,부산_영도구,2024-09,286.8220285988244
부산,부산_영도구,2024-10,313.13687794784397
부산,부산_영도구,2024-11,306.5335435277632
부산,부산_영도구,2024-12,256.6220196567597
부산,부산_영도구,2025-01,275.4371666913765
부산,부산_영도구,2025-02,262.81536731561323
부산,부산_영도구,2025-03,244.55572376848724
부산,부산_영도구,2025-04,257.8711956412421
부산,부산_영도구,2025-05,284.6480645671894
부산,부산_영도구,2025-06,290.6270360433374
부산,부산_영도구,2025-07,351.9142316192989
부산,부산_영도구,2025-08,293.3369569575003
부산,부산_영도구,2025-09,563.5822011910543
부산,부산_영도구,2025-10,277.24357091012064
부산,부산_영도구,2025-11,304.7819232790331
부산,부산_영도구,2025-12,266.75869841762074
부산,부산_중구,2006-02,107.01053859853195
부산,부산_중구,2006-03,114.807527012084
부산,부산_중구,2006-04,115.42757850316497
부산,부산_중구,2006-05,173.56294536817103
부산,부산_중구,2006-06,105.8681185722928
부산,부산_중구,2006-07,147.2833894180202
부산,부산_중구,2006-08,147.98153190481827
부산,부산_중구,2006-09,149.16380287749433
부산,부산_중구,2006-10,144.94461465943908
부산,부산_중구,2006-11,140.35087719298247
부산,부산_중구,2006-12,142.51781472684084
부산,부산_중구,2007-01,140.12961989840602
부산,부산_중구,2007-02,170.03074115078434
부산,부산_중구,2007-03,147.5796930342385
부산,부산_중구,2007-04,122.4170862997048
부산,부산_중구,2007-05,163.30166270783846
부산,부산_중구,2007-06,133.88462295727504
부산,부산_중구,2007-07,133.53366726780223
부산,부산_중구,2007-08,141.86074004019386
부산,부산_중구,2007-09,144.94461465943908
부산,부산_중구,2007-10,140.12961989840602
부산,부산_중구,2007-11,144.90739918449373
부산,부산_중구,2007-12,108.25778127679632
부산,부산_중구,2008-01,125.1180358829084
부산,부산_중구,2008-02,141.643059490085
부산,부산_중구,2008-03,126.94112917181904
부산,부산_중구,2008-04,127.47194050310198
부산,부산_중구,2008-05,135.74126534466478
부산,부산_중구,2008-06,139.11747256864473
부산,부산_중구,2008-07,110.64666830587656
부산,부산_중구,2008-08,110.27173137104336
부산,부산_중구,2008-09,56.84137434011147
부산,부산_중구,2008-10,122.34910277324633
부산,부산_중구,2008-11,118.07605487063725
부산,부산_중구,2008-12,137.3612612094122
부산,부산_중구,2009-01,100.21842477193884
부산,부산_중구,2009-02,131.57292535134997
부산,부산_중구,2009-03,134.33122241412397
부산,부산_중구,2009-04,125.93267995983362
부산,부산_중구,2009-05,154.864641210545
부산,부산_중구,2009-06,143.03374669944156
부산,부산_중구,2009-07,161.34251029612082
부산,부산_중구,2009-08,147.3014376620316
부산,부산_중구,2009-09,156.312765000014
부산,부산_중구,2009-10,145.6828941400696
부산,부산_중구,2009-11,152.9158013070899
부산,부산_중구,2009-12,157.97433146495746
부산,부산_중구,2010-01,155.73448222665604
부산,부산_중구,2010-02,159.05588397307446
부산,부산_중구,2010-03,163.02400573271228
부산,부산_중구,2010-04,145.09198456359064
부산,부산_중구,2010-05,174.85148514851485
부산,부산_중구,2010-06,153.48288075560802
부산,부산_중구,2010-07,156.88566413204094
부산,부산_중구,2010-08,171.15203021718602
부산,부산_중구,2010-09,150.1609718037837
부산,부산_중구,2010-10,154.46948594580905
부산,부산_중구,2010-11,166.1254520372189
부산,부산_중구,2010-12,171.67381974248926
부산,부산_중구,2011-01,173.5127478753541
부산,부산_중구,2011-02,173.31139657597356
부산,부산_중구,2011-03,167.67748840528006
부산,부산_중구,2011-04,203.02171860245514
부산,부산_중구,2011-05,185.49218171799362
부산,부산_중구,2011-06,211.83947275509004
부산,부산_중구,2011-07,154.3266698120159
부산,부산_중구,2011-08,233.5669002335669
부산,부산_중구,2011-09,220.79706825469538
부산,부산_중구,2011-10,220.92590294154152
부산,부산_중구,2011-11,209.20502092050208
부산,부산_중구,2011-12,189.4163608381674
부산,부산_중구,2012-01,211.57932011331445
부산,부산_중구,2012-02,192.55789747593028
부산,부산_중구,2012-03,200.7931438724263
부산,부산_중구,2012-04,181.29893466820693
부산,부산_중구,2012-05,212.55795202580126
부산,부산_중구,2012-06,257.9039054412886
부산,부산_중구,2012-07,204.9395691014188
부산,부산_중구,2012-08,300.0945179584121
부산,부산_중구,2012-09,260.9590573419403
부산,부산_중구,2012-10,217.83876500857633
부산,부산_중구,2012-11,210.20078970846092
부산,부산_중구,2012-12,223.16555488174652
부산,부산_중구,2013-01,271.1624616835652
부산,부산_중구,2013-02,212.45301519856187
부산,부산_중구,2013-03,242.6464013377862
부산,부산_중구,2013-04,213.86138613861385
부산,부산_중구,2013-05,225.0524655839124
부산,부산_중구,2013-06,183.8085523734798
부산,부산_중구,2013-07,239.9719740760203
부산,부산_중구,2013-08,221.99822711331663
부산,부산_중구,2013-09,231.00404750252892
부산,부산_중구,2013-10,212.46458923512748
부산,부산_중구,2013-11,228.9054814974854
부산,부산_중구,2013-12,308.5567823343849
부산,부산_중구,2014-01,206.479771697163
부산,부산_중구,2014-02,215.90608719363658
부산,부산_중구,2014-03,284.95850423792837
부산,부산_중구,2014-04,324.0262441131878
부산,부산_중구,2014-05,235.68230025925052
부산,부산_중구,2014-06,204.89668345198817
부산,부산_중구,2014-07,175.32073541616
부산,부산_중구,2014-08,214.0339096860836
부산,부산_중구,2014-09,249.737558025971
부산,부산_중구,2014-10,251.17217949762073
부산,부산_중구,2014-11,194.29265330904676
부산,부산_중구,2014-12,316.93842226314587
부산,부산_중구,2015-01,220.61679165504302
부산,부산_중구,2015-02,243.77436413008658
부산,부산_중구,2015-03,266.3619703154594
부산,부산_중구,2015-04,227.3218404293715
부산,부산_중구,2015-05,227.11887840428386
부산,부산_중구,2015-06,234.68982273815632
부산,부산_중구,2015-07,257.1500250878073
부산,부산_중구,2015-08,238.55144663728686
부산,부산_중구,2015-09,233.623453962437
부산,부산_중구,2015-10,250.91960063058326
부산,부산_중구,2015-11,270.61917189925805
부산,부산_중구,2015-12,335.1735015772871
부산,부산_중구,2016-01,210.6361149780417
부산,부산_중구,2016-02,266.0217654171705
부산,부산_중구,2016-03,242.5712553062462
부산,부산_중구,2016-04,222.90282255704392
부산,부산_중구,2016-05,187.95024517347676
부산,부산_중구,2016-06,234.11516798941358
부산,부산_중구,2016-07,269.0105613150566
부산,부산_중구,2016-08,315.7881020844927
부산,부산_중구,2016-09,264.78494219823955
부산,부산_중구,2016-10,276.47078976099783
부산,부산_중구,2016-11,309.97726590314414
부산,부산_중구,2016-12,377.75178838843146
부산,부산_중구,2017-01,257.4093753689928
부산,부산_중구,2017-02,275.3880374419484
부산,부산_중구,2017-03,267.2930782768577
부산,부산_중구,2017-04,277.03133120724135
부산,부산_중구,2017-05,232.24390345069844
부산,부산_중구,2017-06,251.43292443632572
부산,부산_중구,2017-07,267.9978980557015
부산,부산_중구,2017-08,279.2053958501682
부산,부산_중구,2017-09,249.67741935483872
부산,부산_중구,2017-10,265.3301886792453
부산,부산_중구,2017-11,222.5526722606541
부산,부산_중구,2017-12,303.06067335680746
부산,부산_중구,2018-01,329.485017511999
부산,부산_중구,2018-02,283.0508474576271
부산,부산_중구,2018-03,284.5188284518828
부산,부산_중구,2018-04,277.06267705382436
부산,부산_중구,2018-05,208.51484592945445
부산,부산_중구,2018-06,243.47521457348046
부산,부산_중구,2018-07,232.55653944860705
부산,부산_중구,2018-08,190.18186140496852
부산,부산_중구,2018-09,196.3350785340314
부산,부산_중구,2018-10,196.7177304964539
부산,부산_중구,2018-11,234.80018522083424
부산,부산_중구,2018-12,268.78359794974375
부산,부산_중구,2019-01,193.74777130631168
부산,부산_중구,2019-02,228.17352427430149
부산,부산_중구,2019-03,247.4081055607917
부산,부산_중구,2019-04,262.0851222869436
부산,부산_중구,2019-05,221.97558268590456
부산,부산_중구,2019-06,202.1140260861427
부산,부산_중구,2019-07,435.69591371958023
부산,부산_중구,2019-08,270.9707822808671
부산,부산_중구,2019-09,295.58541947379615
부산,부산_중구,2019-10,236.46873357856015
부산,부산_중구,2019-11,277.81061591204633
부산,부산_중구,2019-12,326.797385620915
부산,부산_중구,2020-01,298.06786050895386
부산,부산_중구,2020-02,242.82995340290083
부산,부산_중구,2020-03,234.52678323619205
부산,부산_중구,2020-04,376.820873034801
부산,부산_중구,2020-05,389.43768996960483
부산,부산_중구,2020-06,258.8510354041416
부산,부산_중구,2020-07,266.3667574286729
부산,부산_중구,2020-08,357.66703353285266
부산,부산_중구,2020-09,354.8895899053628
부산,부산_중구,2020-10,378.54889589905366
부산,부산_중구,2020-11,276.46451238316826
부산,부산_중구,2020-12,271.48253068932956
부산,부산_중구,2021-01,252.74050917420067
부산,부산_중구,2021-02,283.8080381348929
부산,부산_중구,2021-03,264.6948900330054
부산,부산_중구,2021-04,228.351524416382
부산,부산_중구,2021-05,256.9373072970195
부산,부산_중구,2021-06,255.16963863364435
부산,부산_중구,2021-07,262.0267018521979
부산,부산_중구,2021-08,226.01707684580614
부산,부산_중구,2021-09,256.73974632883125
부산,부산_중구,2021-10,238.22035382729024
부산,부산_중구,2021-11,249.19229287947752
부산,부산_중구,2021-12,252.38811447675738
부산,부산_중구,2022-01,259.48510646285735
부산,부산_중구,2022-02,283.3530106257379
부산,부산_중구,2022-03,351.05411319486535
부산,부산_중구,2022-04,262.1076413456325
부산,부산_중구,2022-05,266.2104874893892
부산,부산_중구,2022-06,156.55009603072983
부산,부산_중구,2022-07,252.9220157118222
부산,부산_중구,2022-08,155.8135474860335
부산,부산_중구,2022-09,280.08823568232515
부산,부산_중구,2022-10,307.4382856750833
부산,부산_중구,2022-11,283.6391874730631
부산,부산_중구,2022-12,235.4620049946486
부산,부산_중구,2023-01,282.2224374323765
부산,부산_중구,2023-02,262.7430373095113
부산,부산_중구,2023-03,246.9135802469136
부산,부산_중구,2023-04,295.6989247311828
부산,부산_중구,2023-05,311.23145234120216
부산,부산_중구,2023-06,280.25923979681204
부산,부산_중구,2023-07,265.5807365439093
부산,부산_중구,2023-08,320.3915884878171
부산,부산_중구,2023-09,253.77714825306893
부산,부산_중구,2023-10,260.4618857440528
부산,부산_중구,2023-11,260.0579247233683
부산,부산_중구,2023-12,287.8548895899054
부산,부산_중구,2024-01,276.1506276150628
부산,부산_중구,2024-02,191.82573448814497
부산,부산_중구,2024-03,340.74344023323613
부산,부산_중구,2024-04,241.73241564545913
부산,부산_중구,2024-05,248.63553668890236
부산,부산_중구,2024-06,270.51217189453007
부산,부산_중구,2024-07,254.41395787745304
부산,부산_중구,2024-08,288.4850975711926
부산,부산_중구,2024-09,295.74132492113563
부산,부산_중구,2024-10,352.76481442739237
부산,부산_중구,2024-11,224.7191011235955
부산,부산_중구,2024-12,261.14408830092356
부산,부산_중구,2025-01,212.93375394321768
부산,부산_중구,2025-02,307.3649367537534
부산,부산_중구,2025-03,293.26890138008895
부산,부산_중구,2025-04,246.07855973584236
부산,부산_중구,2025-05,292.3538230884558
부산,부산_중구,2025-06,217.66883354492464
부산,부산_중구,2025-07,332.4801182520745
부산,부산_중구,2025-08,259.2397968120511
부산,부산_중구,2025-09,225.60653517158823
부산,부산_중구,2025-10,281.35593220338984
부산,부산_중구,2025-11,304.67767996320845
부산,부산_중구,2025-12,287.10764380281233
부산,부산_해운대구,2006-01,156.76567656765675
부산,부산_해운대구,2006-02,159.79381443298968
부산,부산_해운대구,2006-03,152.02138322753092
부산,부산_해운대구,2006-04,153.94282123782594
부산,부산_해운대구,2006-05,153.17544479792622
부산,부산_해운대구,2006-06,146.05241195126024
부산,부산_해운대구,2006-07,147.70866486773218
부산,부산_해운대구,2006-08,148.38279426475492
부산,부산_해운대구,2006-09,135.18733101583624
부산,부산_해운대구,2006-10,154.4427918573524
부산,부산_해운대구,2006-11,157.05931495405179
부산,부산_해운대구,2006-12,159.8547396596406
부산,부산_해운대구,2007-01,162.751677852349
부산,부산_해운대구,2007-02,163.60526511489553
부산,부산_해운대구,2007-03,165.67126499265555
부산,부산_해운대구,2007-04,164.89988221436982
부산,부산_해운대구,2007-05,160.17921561615884
부산,부산_해운대구,2007-06,171.96702002355713
부산,부산_해운대구,2007-07,167.21620348563354
부산,부산_해운대구,2007-08,165.66265060240966
부산,부산_해운대구,2007-09,172.35609103078983
부산,부산_해운대구,2007-10,176.3267211350582
부산,부산_해운대구,2007-11,176.8033946251768
부산,부산_해운대구,2007-12,170.57997190447523
부산,부산_해운대구,2008-01,184.77469528658492
부산,부산_해운대구,2008-02,182.8966880869995
부산,부산_해운대구,2008-03,193.4478125514741
부산,부산_해운대구,2008-04,200.11870941448893
부산,부산_해운대구,2008-05,200.20020020020021
부산,부산_해운대구,2008-06,207.81654925828752
부산,부산_해운대구,2008-07,207.61245674740485
부산,부산_해운대구,2008-08,215.66374083470566
부산,부산_해운대구,2008-09,184.1110962150407
부산,부산_해운대구,2008-10,167.03994027622247
부산,부산_해운대구,2008-11,152.78283012004366
부산,부산_해운대구,2008-12,170.11340893929287
부산,부산_해운대구,2009-01,174.84910708468703
부산,부산_해운대구,2009-02,199.45051125715509
부산,부산_해운대구,2009-03,206.7786717805478
부산,부산_해운대구,2009-04,209.65842167255593
부산,부산_해운대구,2009-05,218.16037735849056
부산,부산_해운대구,2009-06,218.88053467000836
부산,부산_해운대구,2009-07,224.2298791334017
부산,부산_해운대구,2009-08,226.57532349197857
부산,부산_해운대구,2009-09,230.46092184368737
부산,부산_해운대구,2009-10,224.8036102289821
부산,부산_해운대구,2009-11,226.76745220097823
부산,부산_해운대구,2009-12,237.98828420765096
부산,부산_해운대구,2010-01,245.45381776833818
부산,부산_해운대구,2010-02,242.42647780484896
부산,부산_해운대구,2010-03,241.26162174885255
부산,부산_해운대구,2010-04,238.08743689271125
부산,부산_해운대구,2010-05,235.1305045765842
부산,부산_해운대구,2010-06,238.90784982935153
부산,부산_해운대구,2010-07,238.5719052385719
부산,부산_해운대구,2010-08,244.67696554736574
부산,부산_해운대구,2010-09,238.67772540127694
부산,부산_해운대구,2010-10,255.0467749876908
부산,부산_해운대구,2010-11,270.7647101758087
부산,부산_해운대구,2010-12,280.5819024672909
부산,부산_해운대구,2011-01,291.95862529195864
부산,부산_해운대구,2011-02,295.66886387902446
부산,부산_해운대구,2011-03,291.7324793838553
부산,부산_해운대구,2011-04,300.26151029377996
부산,부산_해운대구,2011-05,300.70163715335786
부산,부산_해운대구,2011-06,303.63657761562905
부산,부산_해운대구,2011-07,316.46893299870715
부산,부산_해운대구,2011-08,314.5532927385292
부산,부산_해운대구,2011-09,315.6903091454496
부산,부산_해운대구,2011-10,313.74201319150745
부산,부산_해운대구,2011-11,304.95702343106086
부산,부산_해운대구,2011-12,301.5886438766077
부산,부산_해운대구,2012-01,291.5899324739104
부산,부산_해운대구,2012-02,300.6012024048096
부산,부산_해운대구,2012-03,300.7518796992481
부산,부산_해운대구,2012-04,299.6819018918467
부산,부산_해운대구,2012-05,304.5198605888432
부산,부산_해운대구,2012-06,293.62696029362695
부산,부산_해운대구,2012-07,290.1934623082055
부산,부산_해운대구,2012-08,294.029277603806
부산,부산_해운대구,2012-09,289.05597326649956
부산,부산_해운대구,2012-10,289.21313183949974
부산,부산_해운대구,2012-11,288.42327823075277
부산,부산_해운대구,2012-12,289.69214804565894
부산,부산_해운대구,2013-01,288.67679981147637
부산,부산_해운대구,2013-02,288.42202921565
부산,부산_해운대구,2013-03,288.91115564462257
부산,부산_해운대구,2013-04,299.07256431238903
부산,부산_해운대구,2013-05,295.9838465795363
부산,부산_해운대구,2013-06,295.0983661220407
부산,부산_해운대구,2013-07,292.0623137721883
부산,부산_해운대구,2013-08,283.7306967460953
부산,부산_해운대구,2013-09,294.82469736507926
부산,부산_해운대구,2013-10,295.16388439763733
부산,부산_해운대구,2013-11,298.631965298632
부산,부산_해운대구,2013-12,297.211761672546
부산,부산_해운대구,2014-01,313.5928596364534
부산,부산_해운대구,2014-02,301.6287954956767
부산,부산_해운대구,2014-03,305.79282069857607
부산,부산_해운대구,2014-04,299.0985844074811
부산,부산_해운대구,2014-05,297.41019214703425
부산,부산_해운대구,2014-06,300.7518796992481
부산,부산_해운대구,2014-07,301.6514998314796
부산,부산_해운대구,2014-08,315.8306922893729
부산,부산_해운대구,2014-09,313.39798850574715
부산,부산_해운대구,2014-10,315.5076995801121
부산,부산_해운대구,2014-11,312.13494723848765
부산,부산_해운대구,2014-12,315.62939579368526
부산,부산_해운대구,2015-01,317.90886612504414
부산,부산_해운대구,2015-02,319.74867167750506
부산,부산_해운대구,2015-03,328.4854063511674
부산,부산_해운대구,2015-04,335.29901742758875
부산,부산_해운대구,2015-05,335.11030121875444
부산,부산_해운대구,2015-06,364.8786824520349
부산,부산_해운대구,2015-07,377.00439978135523
부산,부산_해운대구,2015-08,354.3802255224712
부산,부산_해운대구,2015-09,367.9500765336159
부산,부산_해운대구,2015-10,386.4836070286925
부산,부산_해운대구,2015-11,372.93672627235213
부산,부산_해운대구,2015-12,343.8568268650714
부산,부산_해운대구,2016-01,355.8278111669116
부산,부산_해운대구,2016-02,364.27736059374007
부산,부산_해운대구,2016-03,369.13780663780665
부산,부산_해운대구,2016-04,380.76698529456326
부산,부산_해운대구,2016-05,383.71705038371704
부산,부산_해운대구,2016-06,400.0
부산,부산_해운대구,2016-07,417.50341309040203
부산,부산_해운대구,2016-08,433.5646261220585
부산,부산_해운대구,2016-09,451.0657838012485
부산,부산_해운대구,2016-10,472.02636738503725
부산,부산_해운대구,2016-11,407.2775830412285
부산,부산_해운대구,2016-12,427.6215281427546
부산,부산_해운대구,2017-01,448.25916250106826
부산,부산_해운대구,2017-02,482.4698691682926
부산,부산_해운대구,2017-03,445.12073136567267
부산,부산_해운대구,2017-04,453.46142619446357
부산,부산_해운대구,2017-05,425.0708451408568
부산,부산_해운대구,2017-06,488.1101376720901
부산,부산_해운대구,2017-07,450.2593116454502
부산,부산_해운대구,2017-08,451.8072289156627
부산,부산_해운대구,2017-09,448.23912260976977
부산,부산_해운대구,2017-10,429.69182267030516
부산,부산_해운대구,2017-11,448.38792720185796
부산,부산_해운대구,2017-12,444.83724017327467
부산,부산_해운대구,2018-01,444.04973357015984
부산,부산_해운대구,2018-02,434.8839731077857
부산,부산_해운대구,2018-03,426.9076806844121
부산,부산_해운대구,2018-04,422.5768321513002
부산,부산_해운대구,2018-05,403.07616521632224
부산,부산_해운대구,2018-06,421.4328717639976
부산,부산_해운대구,2018-07,395.34417017860727
부산,부산_해운대구,2018-08,417.58541165001645
부산,부산_해운대구,2018-09,434.05901111621284
부산,부산_해운대구,2018-10,421.7719132893497
부산,부산_해운대구,2018-11,401.3840830449827
부산,부산_해운대구,2018-12,411.9038098662876
부산,부산_해운대구,2019-01,407.8264969354078
부산,부산_해운대구,2019-02,382.4654310091203
부산,부산_해운대구,2019-03,423.8113485400695
부산,부산_해운대구,2019-04,412.54125412541254
부산,부산_해운대구,2019-05,418.4450845404051
부산,부산_해운대구,2019-06,426.4642514633043
부산,부산_해운대구,2019-07,435.42730717631275
부산,부산_해운대구,2019-08,416.9030087156087
부산,부산_해운대구,2019-09,424.3281471004243
부산,부산_해운대구,2019-10,452.1531100478469
부산,부산_해운대구,2019-11,470.8097928436912
부산,부산_해운대구,2019-12,467.2897196261682
부산,부산_해운대구,2020-01,451.11307247229576
부산,부산_해운대구,2020-02,423.62322452030895
부산,부산_해운대구,2020-03,425.0755230444149
부산,부산_해운대구,2020-04,423.62322452030895
부산,부산_해운대구,2020-05,449.32357813362785
부산,부산_해운대구,2020-06,514.3647298435684
부산,부산_해운대구,2020-07,506.2385066199514
부산,부산_해운대구,2020-08,555.4813639279579
부산,부산_해운대구,2020-09,500.09826058725287
부산,부산_해운대구,2020-10,480.26494621004554
부산,부산_해운대구,2020-11,484.66090742126386
부산,부산_해운대구,2020-12,430.8617234468938
부산,부산_해운대구,2021-01,470.9439582997338
부산,부산_해운대구,2021-02,504.3421439594647
부산,부산_해운대구,2021-03,480.1694715782041
부산,부산_해운대구,2021-04,511.5090556010737
부산,부산_해운대구,2021-05,551.3784461152882
부산,부산_해운대구,2021-06,559.9379458383828
부산,부산_해운대구,2021-07,581.9774372593904
부산,부산_해운대구,2021-08,564.9611997721479
부산,부산_해운대구,2021-09,505.0480971060405
부산,부산_해운대구,2021-10,517.5292153589315
부산,부산_해운대구,2021-11,526.8199233716475
부산,부산_해운대구,2021-12,479.75573497745887
부산,부산_해운대구,2022-01,476.37440453199434
부산,부산_해운대구,2022-02,526.8531754135184
부산,부산_해운대구,2022-03,382.588608965567
부산,부산_해운대구,2022-04,494.1428825001054
부산,부산_해운대구,2022-05,507.8183419396442
부산,부산_해운대구,2022-06,503.7445007891997
부산,부산_해운대구,2022-07,538.5698898003149
부산,부산_해운대구,2022-08,523.8907191381643
부산,부산_해운대구,2022-09,561.3859258819471
부산,부산_해운대구,2022-10,501.0522727718741
부산,부산_해운대구,2022-11,576.3816572922944
부산,부산_해운대구,2022-12,623.9683918804052
부산,부산_해운대구,2023-01,582.8301762384258
부산,부산_해운대구,2023-02,576.7687575230707
부산,부산_해운대구,2023-03,575.5797938602082
부산,부산_해운대구,2023-04,585.1277250234051
부산,부산_해운대구,2023-05,559.4522378089512
부산,부산_해운대구,2023-06,612.4100927850677
부산,부산_해운대구,2023-07,589.7293365485656
부산,부산_해운대구,2023-08,579.7399860074213
부산,부산_해운대구,2023-09,596.653093887542
부산,부산_해운대구,2023-10,559.4817432273262
부산,부산_해운대구,2023-11,551.2465610866245
부산,부산_해운대구,2023-12,567.2021943573668
부산,부산_해운대구,2024-01,577.7687315731653
부산,부산_해운대구,2024-02,560.6387965545148
부산,부산_해운대구,2024-03,548.1712322478173
부산,부산_해운대구,2024-04,574.2574956489404
부산,부산_해운대구,2024-05,586.1186939332437
부산,부산_해운대구,2024-06,617.6088803759466
부산,부산_해운대구,2024-07,610.2733270499529
부산,부산_해운대구,2024-08,623.0088495575221
부산,부산_해운대구,2024-09,588.3861978719248
부산,부산_해운대구,2024-10,590.3512987044386
부산,부산_해운대구,2024-11,541.5294203516174
부산,부산_해운대구,2024-12,571.9572714273698
부산,부산_해운대구,2025-01,552.6643381353163
부산,부산_해운대구,2025-02,542.7506120946706
부산,부산_해운대구,2025-03,559.9400560299574
부산,부산_해운대구,2025-04,569.706117535017
부산,부산_해운대구,2025-05,579.5238698239839
부산,부산_해운대구,2025-06,671.8528995756718
부산,부산_해운대구,2025-07,618.1561285764747
부산,부산_해운대구,2025-08,595.1049519510182
부산,부산_해운대구,2025-09,601.2832752391657
부산,부산_해운대구,2025-10,617.283950617284
부산,부산_해운대구,2025-11,642.1423034511586
부산,부산_해운대구,2025-12,610.3772127278207
서울,서울_강남구,2006-01,786.2933493469449
서울,서울_강남구,2006-02,668.6726847208291
서울,서울_강남구,2006-03,903.11986863711
서울,서울_강남구,2006-04,851.8377254653387
서울,서울_강남구,2006-05,718.1654885363536
서울,서울_강남구,2006-06,669.1151181755918
서울,서울_강남구,2006-07,755.1143200962696
서울,서울_강남구,2006-08,756.1171279582832
서울,서울_강남구,2006-09,886.5326889541822
서울,서울_강남구,2006-10,936.2690090529849
서울,서울_강남구,2006-11,832.3232323232323
서울,서울_강남구,2006-12,849.7126526183738
서울,서울_강남구,2007-01,800.640512409928
서울,서울_강남구,2007-02,757.4246000084901
서울,서울_강남구,2007-03,694.9152542372881
서울,서울_강남구,2007-04,738.3966244725739
서울,서울_강남구,2007-05,738.1311860426104
서울,서울_강남구,2007-06,874.6412743904982
서울,서울_강남구,2007-07,917.4311926605504
서울,서울_강남구,2007-08,807.6765943538833
서울,서울_강남구,2007-09,928.0832042157145
서울,서울_강남구,2007-10,857.0246468467403
서울,서울_강남구,2007-11,935.9852916597025
서울,서울_강남구,2007-12,893.981811833439
서울,서울_강남구,2008-01,863.4438929001203
서울,서울_강남구,2008-02,911.333970073225
서울,서울_강남구,2008-03,911.1617312072893
서울,서울_강남구,2008-04,900.7205764611689
서울,서울_강남구,2008-05,896.5435885336794
서울,서울_강남구,2008-06,900.9144020578688
서울,서울_강남구,2008-07,871.2121212121211
서울,서울_강남구,2008-08,991.2239233423822
서울,서울_강남구,2008-09,991.2345375604162
서울,서울_강남구,2008-10,946.4646464646464
서울,서울_강남구,2008-11,1065.6073405665256
서울,서울_강남구,2008-12,967.0341396397297
서울,서울_강남구,2009-01,1056.4620260593967
서울,서울_강남구,2009-02,1033.2195569072137
서울,서울_강남구,2009-03,1096.2698792611366
서울,서울_강남구,2009-04,1016.8471720818292
서울,서울_강남구,2009-05,1049.9200497629608
서울,서울_강남구,2009-06,1173.7371343605296
서울,서울_강남구,2009-07,1047.0941883767534
서울,서울_강남구,2009-08,1092.8742273677904
서울,서울_강남구,2009-09,1019.1649818807816
서울,서울_강남구,2009-10,956.859530138136
서울,서울_강남구,2009-11,987.3639005167233
서울,서울_강남구,2009-12,1080.4109103790295
서울,서울_강남구,2010-01,1108.169069334118
서울,서울_강남구,2010-02,999.6205413609916
서울,서울_강남구,2010-03,976.763629691565
서울,서울_강남구,2010-04,957.5272202653193
서울,서울_강남구,2010-05,963.6363636363636
서울,서울_강남구,2010-06,927.8758675150718
서울,서울_강남구,2010-07,979.1645804002883
서울,서울_강남구,2010-08,1094.3270291978283
서울,서울_강남구,2010-09,1037.8892084531699
서울,서울_강남구,2010-10,1029.7146219476317
서울,서울_강남구,2010-11,1068.804275217101
서울,서울_강남구,2010-12,1058.8235294117646
서울,서울_강남구,2011-01,1011.3416623957053
서울,서울_강남구,2011-02,942.1377355344339
서울,서울_강남구,2011-03,918.7845192775694
서울,서울_강남구,2011-04,969.6109731583305
서울,서울_강남구,2011-05,986.511513166824
서울,서울_강남구,2011-06,988.4545143491143
서울,서울_강남구,2011-07,1118.9388293278907
서울,서울_강남구,2011-08,961.4225437010247
서울,서울_강남구,2011-09,1044.7321954090642
서울,서울_강남구,2011-10,1081.8703427098242
서울,서울_강남구,2011-11,1070.894126449682
서울,서울_강남구,2011-12,1067.9304219869396
서울,서울_강남구,2012-01,974.4676398262961
서울,서울_강남구,2012-02,1054.3667633024781
서울,서울_강남구,2012-03,1045.6227956680302
서울,서울_강남구,2012-04,1048.313582497721
서울,서울_강남구,2012-05,1076.581177967215
서울,서울_강남구,2012-06,955.6565395919652
서울,서울_강남구,2012-07,989.4956801859355
서울,서울_강남구,2012-08,930.2046450219049
서울,서울_강남구,2012-09,1027.4100844320474
서울,서울_강남구,2012-10,961.4229059007332
서울,서울_강남구,2012-11,963.6671441593957
서울,서울_강남구,2012-12,996.2810930126298
서울,서울_강남구,2013-01,994.907023569821
서울,서울_강남구,2013-02,971.2187611038729
서울,서울_강남구,2013-03,991.636798088411
서울,서울_강남구,2013-04,997.2217070611275
서울,서울_강남구,2013-05,919.1079393911825
서울,서울_강남구,2013-06,938.3749065551411
서울,서울_강남구,2013-07,904.7573189522343
서울,서울_강남구,2013-08,975.2026621347643
서울,서울_강남구,2013-09,979.3762267017905
서울,서울_강남구,2013-10,959.1459924048795
서울,서울_강남구,2013-11,996.2234665972131
서울,서울_강남구,2013-12,1028.7797890350305
서울,서울_강남구,2014-01,989.2862652912447
서울,서울_강남구,2014-02,1003.6604085488251
서울,서울_강남구,2014-03,938.233420873614
서울,서울_강남구,2014-04,973.4779987944545
서울,서울_강남구,2014-05,915.9721985040474
서울,서울_강남구,2014-06,993.1425868999763
서울,서울_강남구,2014-07,996.3939576481113
서울,서울_강남구,2014-08,1050.4503328841015
서울,서울_강남구,2014-09,984.1534612176814
서울,서울_강남구,2014-10,969.6969696969697
서울,서울_강남구,2014-11,997.6525821596244
서울,서울_강남구,2014-12,1043.978535077716
서울,서울_강남구,2015-01,1018.1994040269341
서울,서울_강남구,2015-02,1034.9056603773586
서울,서울_강남구,2015-03,1094.5084400069595
서울,서울_강남구,2015-04,1107.01208870026
서울,서울_강남구,2015-05,1109.1549295774648
서울,서울_강남구,2015-06,1100.0
서울,서울_강남구,2015-07,1143.2009626955476
서울,서울_강남구,2015-08,1058.1786512391313
서울,서울_강남구,2015-09,1098.4586734468137
서울,서울_강남구,2015-10,1122.4572847733953
서울,서울_강남구,2015-11,1161.994543107721
서울,서울_강남구,2015-12,1130.5085773170879
서울,서울_강남구,2016-01,1147.4951021550519
서울,서울_강남구,2016-02,1181.9660008571213
서울,서울_강남구,2016-03,1239.5648874272704
서울,서울_강남구,2016-04,1221.7470983506414
서울,서울_강남구,2016-05,1221.3820450098888
서울,서울_강남구,2016-06,1217.723155431927
서울,서울_강남구,2016-07,1183.4694649220887
서울,서울_강남구,2016-08,1248.5445478959218
서울,서울_강남구,2016-09,1257.9671251257967
서울,서울_강남구,2016-10,1223.2704402515724
서울,서울_강남구,2016-11,1155.848336959071
서울,서울_강남구,2016-12,1206.3778843876896
서울,서울_강남구,2017-01,1412.2394082044386
서울,서울_강남구,2017-02,1402.6449876910747
서울,서울_강남구,2017-03,1323.4693505451628
서울,서울_강남구,2017-04,1399.8694603093813
서울,서울_강남구,2017-05,1392.5000633333616
서울,서울_강남구,2017-06,1342.6857253634635
서울,서울_강남구,2017-07,1383.0246913580247
서울,서울_강남구,2017-08,1300.5256950408257
서울,서울_강남구,2017-09,1430.0552090803358
서울,서울_강남구,2017-10,1430.849661271348
서울,서울_강남구,2017-11,1514.3097643097642
서울,서울_강남구,2017-12,1441.250094819085
서울,서울_강남구,2018-01,1487.503243103001
서울,서울_강남구,2018-02,1482.7735745154246
서울,서울_강남구,2018-03,1541.9327915349304
서울,서울_강남구,2018-04,1513.1776731135383
서울,서울_강남구,2018-05,1509.5153476789574
서울,서울_강남구,2018-06,1515.375150500597
서울,서울_강남구,2018-07,1883.409896406597
서울,서울_강남구,2018-08,1802.4072829473944
서울,서울_강남구,2018-09,1807.2289156626507
서울,서울_강남구,2018-10,1591.8826398424396
서울,서울_강남구,2018-11,1607.0167176830705
서울,서울_강남구,2018-12,1546.0875722884455
서울,서울_강남구,2019-01,1763.2175935960236
서울,서울_강남구,2019-02,1812.5005125849866
서울,서울_강남구,2019-03,1820.628512625663
서울,서울_강남구,2019-04,1982.934743420262
서울,서울_강남구,2019-05,1950.887191044873
서울,서울_강남구,2019-06,1979.4348599187315
서울,서울_강남구,2019-07,1962.8836545324768
서울,서울_강남구,2019-08,1955.4932122393666
서울,서울_강남구,2019-09,2050.0
서울,서울_강남구,2019-10,2005.6157240272764
서울,서울_강남구,2019-11,2050.8106301186695
서울,서울_강남구,2019-12,2000.235321802565
서울,서울_강남구,2020-01,1770.1017629353591
서울,서울_강남구,2020-02,2132.6814465143725
서울,서울_강남구,2020-03,1870.26371627766
서울,서울_강남구,2020-04,2077.5833351274014
서울,서울_강남구,2020-05,2168.6437468825743
서울,서울_강남구,2020-06,2190.545157456922
서울,서울_강남구,2020-07,2025.3375562593765
서울,서울_강남구,2020-08,2265.3081412602633
서울,서울_강남구,2020-09,2186.708084688956
서울,서울_강남구,2020-10,2215.489490626775
서울,서울_강남구,2020-11,2316.394325731729
서울,서울_강남구,2020-12,2362.8852591375876
서울,서울_강남구,2021-01,2334.889926617745
서울,서울_강남구,2021-02,2527.737311262754
서울,서울_강남구,2021-03,2115.4852886206104
서울,서울_강남구,2021-04,2263.0310260663373
서울,서울_강남구,2021-05,2207.8380604919384
서울,서울_강남구,2021-06,2424.389356930723
서울,서울_강남구,2021-07,2729.38443670151
서울,서울_강남구,2021-08,2351.6812605692967
서울,서울_강남구,2021-09,2559.190499028894
서울,서울_강남구,2021-10,2873.0814311732265
서울,서울_강남구,2021-11,2195.4600108763593
서울,서울_강남구,2021-12,2488.938053097345
서울,서울_강남구,2022-01,2460.9404654171194
서울,서울_강남구,2022-02,2297.4092139702934
서울,서울_강남구,2022-03,2372.3692606388495
서울,서울_강남구,2022-04,2484.7954185105427
서울,서울_강남구,2022-05,2306.8813697396013
서울,서울_강남구,2022-06,2524.089411613534
서울,서울_강남구,2022-07,2535.0294985250734
서울,서울_강남구,2022-08,1770.5382436260622
서울,서울_강남구,2022-09,2518.6525443517394
서울,서울_강남구,2022-10,2141.771452259223
서울,서울_강남구,2022-11,2503.829329490821
서울,서울_강남구,2022-12,2283.379401514241
서울,서울_강남구,2023-01,2411.0910186859555
서울,서울_강남구,2023-02,2550.8681955716256
서울,서울_강남구,2023-03,2518.891687657431
서울,서울_강남구,2023-04,2648.77171704152
서울,서울_강남구,2023-05,2670.0684306465546
서울,서울_강남구,2023-06,2755.024474091325
서울,서울_강남구,2023-07,2696.871985484988
서울,서울_강남구,2023-08,2722.987222428979
서울,서울_강남구,2023-09,2544.3028572528856
서울,서울_강남구,2023-10,2738.5269476053522
서울,서울_강남구,2023-11,2294.1809057235037
서울,서울_강남구,2023-12,2492.447880614393
서울,서울_강남구,2024-01,2536.8706195984005
서울,서울_강남구,2024-02,2707.581227436823
서울,서울_강남구,2024-03,2591.924043797184
서울,서울_강남구,2024-04,2835.505251592018
서울,서울_강남구,2024-05,2693.64330112036
서울,서울_강남구,2024-06,2804.314329738059
서울,서울_강남구,2024-07,2620.985662195358
서울,서울_강남구,2024-08,2792.4234570551453
서울,서울_강남구,2024-09,2774.097383239483
서울,서울_강남구,2024-10,3035.5809902960937
서울,서울_강남구,2024-11,2893.3092224231464
서울,서울_강남구,2024-12,2855.2026695110017
서울,서울_강남구,2025-01,3015.8802200388945
서울,서울_강남구,2025-02,3050.9058401883035
서울,서울_강남구,2025-03,3023.8851629603487
서울,서울_강남구,2025-04,4010.9567599295638
서울,서울_강남구,2025-05,3285.3513405434805
서울,서울_강남구,2025-06,3309.222423146474
서울,서울_강남구,2025-07,3105.920939895288
서울,서울_강남구,2025-08,2681.414446120328
서울,서울_강남구,2025-09,3105.0971563019757
서울,서울_강남구,2025-10,3093.803580662945
서울,서울_강남구,2025-11,2951.59386068477
서울,서울_강남구,2025-12,2867.662677901296
서울,서울_강동구,2006-01,473.91924882105576
서울,서울_강동구,2006-02,410.12004531317837
서울,서울_강동구,2006-03,514.0092000389814
서울,서울_강동구,2006-04,469.108158637097
서울,서울_강동구,2006-05,447.3239983597865
서울,서울_강동구,2006-06,407.9240818955308
서울,서울_강동구,2006-07,418.41004184100416
서울,서울_강동구,2006-08,425.4916183679751
서울,서울_강동구,2006-09,485.2208820150629
서울,서울_강동구,2006-10,469.4835680751174
서울,서울_강동구,2006-11,419.78530845257217
서울,서울_강동구,2006-12,414.88857278330966
서울,서울_강동구,2007-01,373.43393314228075
서울,서울_강동구,2007-02,389.1997081002189
서울,서울_강동구,2007-03,400.13337779259757
서울,서울_강동구,2007-04,390.7892470775532
서울,서울_강동구,2007-05,394.0455341506129
서울,서울_강동구,2007-06,444.27586200417056
서울,서울_강동구,2007-07,432.06969625618086
서울,서울_강동구,2007-08,405.5862184311758
서울,서울_강동구,2007-09,439.87288844288344
서울,서울_강동구,2007-10,459.251837007348
서울,서울_강동구,2007-11,485.41409354012785
서울,서울_강동구,2007-12,469.4048616932104
서울,서울_강동구,2008-01,419.450207260299
서울,서울_강동구,2008-02,403.05561036954293
서울,서울_강동구,2008-03,432.1514436350856
서울,서울_강동구,2008-04,478.4928309436479
서울,서울_강동구,2008-05,490.36777583187387
서울,서울_강동구,2008-06,476.668339187155
서울,서울_강동구,2008-07,507.88091068301225
서울,서울_강동구,2008-08,534.6034214618974
서울,서울_강동구,2008-09,541.809644211667
서울,서울_강동구,2008-10,481.685900652283
서울,서울_강동구,2008-11,568.4754521963824
서울,서울_강동구,2008-12,586.4555305400772
서울,서울_강동구,2009-01,558.9550482466462
서울,서울_강동구,2009-02,576.1005207852617
서울,서울_강동구,2009-03,472.5415070242657
서울,서울_강동구,2009-04,447.7974204914382
서울,서울_강동구,2009-05,421.8265704483615
서울,서울_강동구,2009-06,530.9939892044773
서울,서울_강동구,2009-07,516.533517362195
서울,서울_강동구,2009-08,544.464357891277
서울,서울_강동구,2009-09,504.7750479983913
서울,서울_강동구,2009-10,525.0667457727677
서울,서울_강동구,2009-11,494.2921030952101
서울,서울_강동구,2009-12,542.7841634738187
서울,서울_강동구,2010-01,535.8615004122012
서울,서울_강동구,2010-02,507.40753582069243
서울,서울_강동구,2010-03,526.1902883011987
서울,서울_강동구,2010-04,482.9610679507972
서울,서울_강동구,2010-05,553.6741921204073
서울,서울_강동구,2010-06,531.8615153035624
서울,서울_강동구,2010-07,573.6966662384186
서울,서울_강동구,2010-08,548.798576090181
서울,서울_강동구,2010-09,582.9753660033314
서울,서울_강동구,2010-10,542.8428261232671
서울,서울_강동구,2010-11,571.6150967701082
서울,서울_강동구,2010-12,567.402999914737
서울,서울_강동구,2011-01,524.5720596355604
서울,서울_강동구,2011-02,515.4760503707191
서울,서울_강동구,2011-03,483.6620561111092
서울,서울_강동구,2011-04,487.7598624830405
서울,서울_강동구,2011-05,508.48917108810997
서울,서울_강동구,2011-06,515.3344350700182
서울,서울_강동구,2011-07,517.9438114290684
서울,서울_강동구,2011-08,508.37315524248686
서울,서울_강동구,2011-09,547.832233741753
서울,서울_강동구,2011-10,526.8273716951788
서울,서울_강동구,2011-11,539.0050855170574
서울,서울_강동구,2011-12,535.3895986669256
서울,서울_강동구,2012-01,536.440991490936
서울,서울_강동구,2012-02,528.5045919251429
서울,서울_강동구,2012-03,529.0530846484936
서울,서울_강동구,2012-04,561.3964168657985
서울,서울_강동구,2012-05,507.9985928123691
서울,서울_강동구,2012-06,534.5622119815669
서울,서울_강동구,2012-07,550.5505505505506
서울,서울_강동구,2012-08,543.5691587221944
서울,서울_강동구,2012-09,600.3001500750375
서울,서울_강동구,2012-10,570.7225229465756
서울,서울_강동구,2012-11,536.954745971025
서울,서울_강동구,2012-12,535.3466026080989
서울,서울_강동구,2013-01,571.7316986915007
서울,서울_강동구,2013-02,537.6532399299474
서울,서울_강동구,2013-03,538.3580080753701
서울,서울_강동구,2013-04,507.85979983443224
서울,서울_강동구,2013-05,504.18936186829285
서울,서울_강동구,2013-06,505.2494055098763
서울,서울_강동구,2013-07,494.46668236402166
서울,서울_강동구,2013-08,502.4120484762914
서울,서울_강동구,2013-09,529.4740557712672
서울,서울_강동구,2013-10,525.0971451908063
서울,서울_강동구,2013-11,517.987142725348
서울,서울_강동구,2013-12,519.7208438957664
서울,서울_강동구,2014-01,547.7031802120141
서울,서울_강동구,2014-02,547.7279401297748
서울,서울_강동구,2014-03,542.0692905962762
서울,서울_강동구,2014-04,561.4135510845904
서울,서울_강동구,2014-05,520.1733911303768
서울,서울_강동구,2014-06,555.9368565545642
서울,서울_강동구,2014-07,520.1356875706706
서울,서울_강동구,2014-08,529.9375148303409
서울,서울_강동구,2014-09,531.0987843738935
서울,서울_강동구,2014-10,534.045393858478
서울,서울_강동구,2014-11,532.8065134099617
서울,서울_강동구,2014-12,610.9921367968482
서울,서울_강동구,2015-01,535.6091818716892
서울,서울_강동구,2015-02,546.4480874316939
서울,서울_강동구,2015-03,551.8169582772543
서울,서울_강동구,2015-04,561.607131414202
서울,서울_강동구,2015-05,558.7806136551028
서울,서울_강동구,2015-06,566.6627232935052
서울,서울_강동구,2015-07,576.3558050061026
서울,서울_강동구,2015-08,589.4788524209471
서울,서울_강동구,2015-09,599.5898216439498
서울,서울_강동구,2015-10,600.4827523577502
서울,서울_강동구,2015-11,618.8010686051542
서울,서울_강동구,2015-12,603.98078242965
서울,서울_강동구,2016-01,642.0829406220547
서울,서울_강동구,2016-02,614.9622512010982
서울,서울_강동구,2016-03,641.2650977462333
서울,서울_강동구,2016-04,671.3719218529275
서울,서울_강동구,2016-05,639.7084571785815
서울,서울_강동구,2016-06,636.9426751592357
서울,서울_강동구,2016-07,642.186452045607
서울,서울_강동구,2016-08,642.3478307907214
서울,서울_강동구,2016-09,623.9500839932805
서울,서울_강동구,2016-10,644.9554047507554
서울,서울_강동구,2016-11,632.3877068557919
서울,서울_강동구,2016-12,613.9677666922486
서울,서울_강동구,2017-01,675.6756756756757
서울,서울_강동구,2017-02,638.2200598919404
서울,서울_강동구,2017-03,644.9335059432741
서울,서울_강동구,2017-04,684.817103724737
서울,서울_강동구,2017-05,665.5413551965277
서울,서울_강동구,2017-06,656.6637450866602
서울,서울_강동구,2017-07,719.2862045298559
서울,서울_강동구,2017-08,694.5412254289959
서울,서울_강동구,2017-09,707.7140835102618
서울,서울_강동구,2017-10,729.0145856771076
서울,서울_강동구,2017-11,759.2490278080063
서울,서울_강동구,2017-12,758.9878074068986
서울,서울_강동구,2018-01,782.429649965683
서울,서울_강동구,2018-02,750.5003335557038
서울,서울_강동구,2018-03,788.9892171473657
서울,서울_강동구,2018-04,796.8293700458908
서울,서울_강동구,2018-05,759.395943054114
서울,서울_강동구,2018-06,741.7000235460325
서울,서울_강동구,2018-07,831.2426827228634
서울,서울_강동구,2018-08,867.6220083400983
서울,서울_강동구,2018-09,877.603557219752
서울,서울_강동구,2018-10,832.5449385052034
서울,서울_강동구,2018-11,840.9027062459031
서울,서울_강동구,2018-12,794.6785966564634
서울,서울_강동구,2019-01,947.4580320441175
서울,서울_강동구,2019-02,862.6060526894823
서울,서울_강동구,2019-03,756.9825110937091
서울,서울_강동구,2019-04,898.9206692450391
서울,서울_강동구,2019-05,930.7841897889696
서울,서울_강동구,2019-06,962.6292959626294
서울,서울_강동구,2019-07,964.8193905165314
서울,서울_강동구,2019-08,966.1222332107809
서울,서울_강동구,2019-09,964.6620233817971
서울,서울_강동구,2019-10,933.711218045982
서울,서울_강동구,2019-11,988.4678747940692
서울,서울_강동구,2019-12,942.3294383716546
서울,서울_강동구,2020-01,980.3915851747115
서울,서울_강동구,2020-02,956.7150355306516
서울,서울_강동구,2020-03,963.2726723196535
서울,서울_강동구,2020-04,925.4981799621771
서울,서울_강동구,2020-05,1006.4490912644127
서울,서울_강동구,2020-06,1113.1993638860777
서울,서울_강동구,2020-07,1119.6536538030903
서울,서울_강동구,2020-08,1150.275399082515
서울,서울_강동구,2020-09,1206.051965477113
서울,서울_강동구,2020-10,1224.7278382581649
서울,서울_강동구,2020-11,1307.2665174891063
서울,서울_강동구,2020-12,1359.0844062947067
서울,서울_강동구,2021-01,1471.1033274956217
서울,서울_강동구,2021-02,1383.1744438869375
서울,서울_강동구,2021-03,1250.7374631268437
서울,서울_강동구,2021-04,1331.5182470095428
서울,서울_강동구,2021-05,1611.2143928250302
서울,서울_강동구,2021-06,1490.1544948026685
서울,서울_강동구,2021-07,1417.980701341492
서울,서울_강동구,2021-08,1573.3188326989305
서울,서울_강동구,2021-09,1658.2438408085914
서울,서울_강동구,2021-10,1416.0962945480294
서울,서울_강동구,2021-11,1186.0688874467792
서울,서울_강동구,2021-12,1384.6282029784588
서울,서울_강동구,2022-01,1541.3578068008003
서울,서울_강동구,2022-02,1059.135039717564
서울,서울_강동구,2022-03,1371.1671559633896
서울,서울_강동구,2022-04,1355.0135501355012
서울,서울_강동구,2022-05,1225.1888283857368
서울,서울_강동구,2022-06,1289.198606271777
서울,서울_강동구,2022-07,1168.3900876830505
서울,서울_강동구,2022-08,1136.4906432204907
서울,서울_강동구,2022-09,1273.1345043027231
서울,서울_강동구,2022-10,1356.85210312076
서울,서울_강동구,2022-11,1418.3223621857476
서울,서울_강동구,2022-12,1347.8272414844037
서울,서울_강동구,2023-01,1353.4188537130751
서울,서울_강동구,2023-02,1436.8154516546933
서울,서울_강동구,2023-03,1280.757890861676
서울,서울_강동구,2023-04,1265.8987281017519
서울,서울_강동구,2023-05,1388.7254325055903
서울,서울_강동구,2023-06,1509.1846821056683
서울,서울_강동구,2023-07,1438.6629144341596
서울,서울_강동구,2023-08,1457.0552147239264
서울,서울_강동구,2023-09,1411.6166157165978
서울,서울_강동구,2023-10,1346.2404322377306
서울,서울_강동구,2023-11,1275.6224157649335
서울,서울_강동구,2023-12,1479.571221448435
서울,서울_강동구,2024-01,1466.0339366249427
서울,서울_강동구,2024-02,1425.2179745137491
서울,서울_강동구,2024-03,1451.4514514514515
서울,서울_강동구,2024-04,1452.9058116232463
서울,서울_강동구,2024-05,1516.9825637526867
서울,서울_강동구,2024-06,1583.7876664743355
서울,서울_강동구,2024-07,1397.8881689464843
서울,서울_강동구,2024-08,1454.6407173949974
서울,서울_강동구,2024-09,1255.615549289792
서울,서울_강동구,2024-10,1364.8180242634317
서울,서울_강동구,2024-11,1463.8828893688503
서울,서울_강동구,2024-12,1285.4147250698975
서울,서울_강동구,2025-01,1571.2338104976143
서울,서울_강동구,2025-02,1564.7445407474772
서울,서울_강동구,2025-03,1587.4874539979926
서울,서울_강동구,2025-04,1508.6206896551726
서울,서울_강동구,2025-05,1732.3516673884799
서울,서울_강동구,2025-06,1623.2417556347132
서울,서울_강동구,2025-07,1420.1332160361947
서울,서울_강동구,2025-08,1540.5459654757124
서울,서울_강동구,2025-09,1818.8159720710626
서울,서울_강동구,2025-10,1649.2562253264412
서울,서울_강동구,2025-11,1516.5953584856734
서울,서울_강동구,2025-12,1430.2083333333333
서울,서울_강북구,2006-01,236.06185459601647
서울,서울_강북구,2006-02,272.3264390510419
서울,서울_강북구,2006-03,267.2010688042752
서울,서울_강북구,2006-04,250.67242314278764
서울,서울_강북구,2006-05,259.18944392082943
서울,서울_강북구,2006-06,275.45205084913835
서울,서울_강북구,2006-07,269.67885101399247
서울,서울_강북구,2006-08,275.29295724885174
서울,서울_강북구,2006-09,293.96223663162584
서울,서울_강북구,2006-10,269.36026936026934
서울,서울_강북구,2006-11,270.8112563287413
서울,서울_강북구,2006-12,278.2194301340628
서울,서울_강북구,2007-01,276.609661154719
서울,서울_강북구,2007-02,293.02594584333997
서울,서울_강북구,2007-03,292.6421404682274
서울,서울_강북구,2007-04,323.8341968911917
서울,서울_강북구,2007-05,318.417965476789
서울,서울_강북구,2007-06,317.88522670235903
서울,서울_강북구,2007-07,340.2305690684575
서울,서울_강북구,2007-08,340.3914940659364
서울,서울_강북구,2007-09,363.6629647248403
서울,서울_강북구,2007-10,385.2299417950778
서울,서울_강북구,2007-11,376.78087837042267
서울,서울_강북구,2007-12,389.22307411740263
서울,서울_강북구,2008-01,388.7383672988573
서울,서울_강북구,2008-02,410.1367122374125
서울,서울_강북구,2008-03,423.314518689191
서울,서울_강북구,2008-04,445.0
서울,서울_강북구,2008-05,442.55177020708084
서울,서울_강북구,2008-06,424.92518134979525
서울,서울_강북구,2008-07,430.24185764319793
서울,서울_강북구,2008-08,418.0730014344026
서울,서울_강북구,2008-09,402.21714314235174
서울,서울_강북구,2008-10,416.8056018672891
서울,서울_강북구,2008-11,435.70419218087613
서울,서울_강북구,2008-12,397.64516762303225
서울,서울_강북구,2009-01,411.4156685584346
서울,서울_강북구,2009-02,394.5353904133789
서울,서울_강북구,2009-03,398.0216674517193
서울,서울_강북구,2009-04,398.1623277182236
서울,서울_강북구,2009-05,410.6052898207936
서울,서울_강북구,2009-06,403.8364462392731
서울,서울_강북구,2009-07,416.7158540904262
서울,서울_강북구,2009-08,427.6758326229077
서울,서울_강북구,2009-09,436.4029600505021
서울,서울_강북구,2009-10,436.0122554796135
서울,서울_강북구,2009-11,409.2294296909012
서울,서울_강북구,2009-12,424.0782188714807
서울,서울_강북구,2010-01,429.0173336481329
서울,서울_강북구,2010-02,408.7193460490463
서울,서울_강북구,2010-03,424.97934128202104
서울,서울_강북구,2010-04,408.04307588759883
서울,서울_강북구,2010-05,386.69583675476247
서울,서울_강북구,2010-06,386.97498820198206
서울,서울_강북구,2010-07,391.38690558032954
서울,서울_강북구,2010-08,399.51573849878935
서울,서울_강북구,2010-09,383.461153717906
서울,서울_강북구,2010-10,398.17991352636125
서울,서울_강북구,2010-11,401.36937787746433
서울,서울_강북구,2010-12,398.1831052383199
서울,서울_강북구,2011-01,408.6198775317946
서울,서울_강북구,2011-02,422.30211721737146
서울,서울_강북구,2011-03,418.30718823122436
서울,서울_강북구,2011-04,402.332361516035
서울,서울_강북구,2011-05,380.55924197642526
서울,서울_강북구,2011-06,400.3182402717806
서울,서울_강북구,2011-07,398.86039886039885
서울,서울_강북구,2011-08,400.96369226912714
서울,서울_강북구,2011-09,398.89229318878154
서울,서울_강북구,2011-10,399.95280792826804
서울,서울_강북구,2011-11,402.31241151486546
서울,서울_강북구,2011-12,394.5331737644982
서울,서울_강북구,2012-01,400.48057669203047
서울,서울_강북구,2012-02,394.89994687444664
서울,서울_강북구,2012-03,389.3345917885795
서울,서울_강북구,2012-04,384.0099562931068
서울,서울_강북구,2012-05,399.51573849878935
서울,서울_강북구,2012-06,376.82524729156853
서울,서울_강북구,2012-07,383.15883270216085
서울,서울_강북구,2012-08,367.34524285671444
서울,서울_강북구,2012-09,372.13066555595896
서울,서울_강북구,2012-10,368.3154291110849
서울,서울_강북구,2012-11,400.306977242314
서울,서울_강북구,2012-12,395.8125623130608
서울,서울_강북구,2013-01,395.83333333333337
서울,서울_강북구,2013-02,386.6666666666667
서울,서울_강북구,2013-03,388.5268130894762
서울,서울_강북구,2013-04,399.42031034604645
서울,서울_강북구,2013-05,394.11827082817854
서울,서울_강북구,2013-06,383.2664721531976
서울,서울_강북구,2013-07,380.44111120037525
서울,서울_강북구,2013-08,384.32128136187555
서울,서울_강북구,2013-09,398.6370068512516
서울,서울_강북구,2013-10,404.4726790171316
서울,서울_강북구,2013-11,396.94456361123025
서울,서울_강북구,2013-12,390.9865816231596
서울,서울_강북구,2014-01,400.7020760440359
서울,서울_강북구,2014-02,413.71401226540274
서울,서울_강북구,2014-03,392.41102993165214
서울,서울_강북구,2014-04,411.41971685532536
서울,서울_강북구,2014-05,404.3350671180128
서울,서울_강북구,2014-06,400.40794503576586
서울,서울_강북구,2014-07,411.12170848529325
서울,서울_강북구,2014-08,400.7547174844292
서울,서울_강북구,2014-09,410.4925911093312
서울,서울_강북구,2014-10,416.2103055609372
서울,서울_강북구,2014-11,402.31241151486546
서울,서울_강북구,2014-12,391.99272218906265
서울,서울_강북구,2015-01,412.93062765455403
서울,서울_강북구,2015-02,413.18655408890913
서울,서울_강북구,2015-03,411.54365921386284
서울,서울_강북구,2015-04,417.2177320442571
서울,서울_강북구,2015-05,435.70419218087613
서울,서울_강북구,2015-06,418.82963662104765
서울,서울_강북구,2015-07,432.3208118419926
서울,서울_강북구,2015-08,435.6295378076855
서울,서울_강북구,2015-09,436.7843229842994
서울,서울_강북구,2015-10,458.8398643221058
서울,서울_강북구,2015-11,438.1825918340535
서울,서울_강북구,2015-12,445.0724125750618
서울,서울_강북구,2016-01,433.2980101259861
서울,서울_강북구,2016-02,441.1879076551898
서울,서울_강북구,2016-03,435.9806414889684
서울,서울_강북구,2016-04,434.90983044380937
서울,서울_강북구,2016-05,452.80198229599284
서울,서울_강북구,2016-06,469.8660055486689
서울,서울_강북구,2016-07,485.71877099760627
서울,서울_강북구,2016-08,472.1992680911345
서울,서울_강북구,2016-09,484.01853478986504
서울,서울_강북구,2016-10,494.5831370701837
서울,서울_강북구,2016-11,508.3333333333333
서울,서울_강북구,2016-12,484.26150121065376
서울,서울_강북구,2017-01,470.97609796302834
서울,서울_강북구,2017-02,483.71873525247753
서울,서울_강북구,2017-03,466.9318429596235
서울,서울_강북구,2017-04,490.50782306741087
서울,서울_강북구,2017-05,461.61628936385483
서울,서울_강북구,2017-06,523.0024213075061
서울,서울_강북구,2017-07,511.8194456418611
서울,서울_강북구,2017-08,493.9182410147612
서울,서울_강북구,2017-09,521.3491276300873
서울,서울_강북구,2017-10,525.199855922051
서울,서울_강북구,2017-11,495.6776257515778
서울,서울_강북구,2017-12,507.6441768490644
서울,서울_강북구,2018-01,512.4470056634553
서울,서울_강북구,2018-02,544.2130750605327
서울,서울_강북구,2018-03,521.8298834579927
서울,서울_강북구,2018-04,521.8298834579927
서울,서울_강북구,2018-05,525.914432741001
서울,서울_강북구,2018-06,533.4119329126927
서울,서울_강북구,2018-07,541.6888416293459
서울,서울_강북구,2018-08,530.9108069844266
서울,서울_강북구,2018-09,543.9773931472977
서울,서울_강북구,2018-10,564.2596301095535
서울,서울_강북구,2018-11,585.3602727866568
서울,서울_강북구,2018-12,562.7295344153537
서울,서울_강북구,2019-01,513.5793871866296
서울,서울_강북구,2019-02,635.235182775006
서울,서울_강북구,2019-03,547.5097138820205
서울,서울_강북구,2019-04,579.1935843172199
서울,서울_강북구,2019-05,607.7503295555769
서울,서울_강북구,2019-06,602.0896051000532
서울,서울_강북구,2019-07,596.865621873958
서울,서울_강북구,2019-08,635.1455049878992
서울,서울_강북구,2019-09,631.6666666666666
서울,서울_강북구,2019-10,645.7277278336524
서울,서울_강북구,2019-11,690.8289947937525
서울,서울_강북구,2019-12,654.3634671014399
서울,서울_강북구,2020-01,674.9031901161719
서울,서울_강북구,2020-02,659.2113007651559
서울,서울_강북구,2020-03,670.353611530082
서울,서울_강북구,2020-04,644.9513309944206
서울,서울_강북구,2020-05,706.6022559454692
서울,서울_강북구,2020-06,765.0
서울,서울_강북구,2020-07,779.174783070657
서울,서울_강북구,2020-08,792.4591257924592
서울,서울_강북구,2020-09,867.1543180745634
서울,서울_강북구,2020-10,898.1380065717415
서울,서울_강북구,2020-11,890.8360715589631
서울,서울_강북구,2020-12,885.4258898530193
서울,서울_강북구,2021-01,887.1851040525739
서울,서울_강북구,2021-02,823.4217749313815
서울,서울_강북구,2021-03,923.9172052105134
서울,서울_강북구,2021-04,891.0629881192312
서울,서울_강북구,2021-05,953.8389072067829
서울,서울_강북구,2021-06,942.7609427609428
서울,서울_강북구,2021-07,950.920245398773
서울,서울_강북구,2021-08,945.3135480438798
서울,서울_강북구,2021-09,913.0537229029218
서울,서울_강북구,2021-10,1085.5043420173681
서울,서울_강북구,2021-11,862.3392913138915
서울,서울_강북구,2021-12,761.2403142186337
서울,서울_강북구,2022-01,887.7583755547404
서울,서울_강북구,2022-02,785.0505492528093
서울,서울_강북구,2022-03,877.4513451394745
서울,서울_강북구,2022-04,970.2915316623075
서울,서울_강북구,2022-05,853.3256235667112
서울,서울_강북구,2022-06,890.3589484992201
서울,서울_강북구,2022-07,877.7686628383922
서울,서울_강북구,2022-08,721.2608390220882
서울,서울_강북구,2022-09,816.4850013697253
서울,서울_강북구,2022-10,713.2170378434033
서울,서울_강북구,2022-11,765.2711838219411
서울,서울_강북구,2022-12,1078.4976102895178
서울,서울_강북구,2023-01,941.0692076737721
서울,서울_강북구,2023-02,855.7199737834612
서울,서울_강북구,2023-03,744.090988146155
서울,서울_강북구,2023-04,824.9509630850104
서울,서울_강북구,2023-05,882.4256115209488
서울,서울_강북구,2023-06,870.6915695483272
서울,서울_강북구,2023-07,829.5625942684766
서울,서울_강북구,2023-08,982.0415763544188
서울,서울_강북구,2023-09,878.2062150165945
서울,서울_강북구,2023-10,894.0403252001772
서울,서울_강북구,2023-11,829.060253388441
서울,서울_강북구,2023-12,839.8043405396346
서울,서울_강북구,2024-01,823.5429760019578
서울,서울_강북구,2024-02,814.5918186647777
서울,서울_강북구,2024-03,800.2431651893721
서울,서울_강북구,2024-04,892.7311135280547
서울,서울_강북구,2024-05,783.2391788890724
서울,서울_강북구,2024-06,878.6967238680969
서울,서울_강북구,2024-07,923.7590799031477
서울,서울_강북구,2024-08,914.1666666666666
서울,서울_강북구,2024-09,850.0088542588985
서울,서울_강북구,2024-10,837.2530573847602
서울,서울_강북구,2024-11,853.4192614726418
서울,서울_강북구,2024-12,969.4898299433146
서울,서울_강북구,2025-01,893.2461873638345
서울,서울_강북구,2025-02,861.0332398878655
서울,서울_강북구,2025-03,875.2132950901037
서울,서울_강북구,2025-04,941.2872102600306
서울,서울_강북구,2025-05,870.0016730801404
서울,서울_강북구,2025-06,953.3333333333334
서울,서울_강북구,2025-07,888.9395005391639
서울,서울_강북구,2025-08,907.7967910995411
서울,서울_강북구,2025-09,944.2705714764538
서울,서울_강북구,2025-10,995.0
서울,서울_강북구,2025-11,866.8630125014333
서울,서울_강북구,2025-12,917.7453115568844
서울,서울_강서구,2006-01,316.07147849530986
서울,서울_강서구,2006-02,309.59752321981426
서울,서울_강서구,2006-03,321.36582857632555
서울,서울_강서구,2006-04,318.8989593823431
서울,서울_강서구,2006-05,313.1313131313131
서울,서울_강서구,2006-06,306.34042197214893
서울,서울_강서구,2006-07,300.40053404539384
서울,서울_강서구,2006-08,302.1513173797438
서울,서울_강서구,2006-09,323.3601841196778
서울,서울_강서구,2006-10,334.5280764635603
서울,서울_강서구,2006-11,340.9090909090909
서울,서울_강서구,2006-12,338.3838383838384
서울,서울_강서구,2007-01,318.15895372233405
서울,서울_강서구,2007-02,353.5353535353535
서울,서울_강서구,2007-03,342.73403686962547
서울,서울_강서구,2007-04,348.43205574912895
서울,서울_강서구,2007-05,361.8827934342928
서울,서울_강서구,2007-06,358.73076901410036
서울,서울_강서구,2007-07,352.27885376805705
서울,서울_강서구,2007-08,360.04645760743324
서울,서울_강서구,2007-09,364.12054741722073
서울,서울_강서구,2007-10,365.8536585365854
서울,서울_강서구,2007-11,361.1111111111111
서울,서울_강서구,2007-12,366.75992249505
서울,서울_강서구,2008-01,378.18449986591577
서울,서울_강서구,2008-02,403.5351008837752
서울,서울_강서구,2008-03,404.244567963618
서울,서울_강서구,2008-04,429.80869017153225
서울,서울_강서구,2008-05,472.1719911593329
서울,서울_강서구,2008-06,458.31465188078494
서울,서울_강서구,2008-07,447.2693032015066
서울,서울_강서구,2008-08,437.33424569097986
서울,서울_강서구,2008-09,456.62100456621005
서울,서울_강서구,2008-10,439.51880269015817
서울,서울_강서구,2008-11,402.9102093931149
서울,서울_강서구,2008-12,406.8388174261777
서울,서울_강서구,2009-01,461.8976154744039
서울,서울_강서구,2009-02,463.50323538400494
서울,서울_강서구,2009-03,441.2621763383565
서울,서울_강서구,2009-04,473.104383754269
서울,서울_강서구,2009-05,485.06571087216247
서울,서울_강서구,2009-06,494.1373534338358
서울,서울_강서구,2009-07,500.417014178482
서울,서울_강서구,2009-08,503.7746806039489
서울,서울_강서구,2009-09,487.987987987988
서울,서울_강서구,2009-10,466.0156966314868
서울,서울_강서구,2009-11,491.99466310873913
서울,서울_강서구,2009-12,499.07087868330234
서울,서울_강서구,2010-01,500.6716096597455
서울,서울_강서구,2010-02,464.03420523138834
서울,서울_강서구,2010-03,467.02450079771654
서울,서울_강서구,2010-04,450.7920458375463
서울,서울_강서구,2010-05,452.08752515090544
서울,서울_강서구,2010-06,449.90801137313935
서울,서울_강서구,2010-07,449.40951915204533
서울,서울_강서구,2010-08,439.4083484204316
서울,서울_강서구,2010-09,444.3183966723388
서울,서울_강서구,2010-10,457.09055099118643
서울,서울_강서구,2010-11,479.0940766550523
서울,서울_강서구,2010-12,479.7979797979798
서울,서울_강서구,2011-01,502.47116968698515
서울,서울_강서구,2011-02,479.0940766550523
서울,서울_강서구,2011-03,471.1056941898511
서울,서울_강서구,2011-04,454.5454545454545
서울,서울_강서구,2011-05,467.1338004671338
서울,서울_강서구,2011-06,457.3170731707317
서울,서울_강서구,2011-07,471.841704718417
서울,서울_강서구,2011-08,468.8340143294563
서울,서울_강서구,2011-09,462.7702063639081
서울,서울_강서구,2011-10,467.8137305255949
서울,서울_강서구,2011-11,459.85143261407853
서울,서울_강서구,2011-12,458.2403006500192
서울,서울_강서구,2012-01,448.1498426900288
서울,서울_강서구,2012-02,460.35805626598466
서울,서울_강서구,2012-03,450.4504504504505
서울,서울_강서구,2012-04,442.980893930261
서울,서울_강서구,2012-05,453.2077692760447
서울,서울_강서구,2012-06,435.49905838041434
서울,서울_강서구,2012-07,423.65402908816793
서울,서울_강서구,2012-08,419.954242843764
서울,서울_강서구,2012-09,424.2321398269133
서울,서울_강서구,2012-10,435.86283096736736
서울,서울_강서구,2012-11,438.35281307657533
서울,서울_강서구,2012-12,435.1043927948666
서울,서울_강서구,2013-01,420.8246073509114
서울,서울_강서구,2013-02,429.73286875725904
서울,서울_강서구,2013-03,423.13470205307965
서울,서울_강서구,2013-04,430.3506750917135
서울,서울_강서구,2013-05,438.10669186496006
서울,서울_강서구,2013-06,431.1189496374681
서울,서울_강서구,2013-07,431.81550770678905
서울,서울_강서구,2013-08,442.05495818399044
서울,서울_강서구,2013-09,442.9957774649974
서울,서울_강서구,2013-10,451.63715335783496
서울,서울_강서구,2013-11,443.38700825871047
서울,서울_강서구,2013-12,438.0148683946152
서울,서울_강서구,2014-01,442.05495818399044
서울,서울_강서구,2014-02,451.33041428090263
서울,서울_강서구,2014-03,444.4819792942976
서울,서울_강서구,2014-04,446.6031550008086
서울,서울_강서구,2014-05,429.63541381262894
서울,서울_강서구,2014-06,443.0433059289657
서울,서울_강서구,2014-07,454.5454545454545
서울,서울_강서구,2014-08,476.53264483406736
서울,서울_강서구,2014-09,453.15442561205276
서울,서울_강서구,2014-10,458.9315132972464
서울,서울_강서구,2014-11,462.27686089592453
서울,서울_강서구,2014-12,458.07404129204974
서울,서울_강서구,2015-01,459.3813302515849
서울,서울_강서구,2015-02,472.11077793511083
서울,서울_강서구,2015-03,467.0218796832777
서울,서울_강서구,2015-04,482.145547687208
서울,서울_강서구,2015-05,480.0
서울,서울_강서구,2015-06,487.80487804878044
서울,서울_강서구,2015-07,493.8708156529938
서울,서울_강서구,2015-08,505.05645101830646
서울,서울_강서구,2015-09,535.3535353535353
서울,서울_강서구,2015-10,530.0270464204891
서울,서울_강서구,2015-11,529.9630747577178
서울,서울_강서구,2015-12,515.7314146076926
서울,서울_강서구,2016-01,532.8106852497096
서울,서울_강서구,2016-02,550.2751375687844
서울,서울_강서구,2016-03,541.9615363643929
서울,서울_강서구,2016-04,565.0607134586356
서울,서울_강서구,2016-05,549.6057432034836
서울,서울_강서구,2016-06,574.1720556535371
서울,서울_강서구,2016-07,583.5278426142048
서울,서울_강서구,2016-08,587.0069605568445
서울,서울_강서구,2016-09,603.9186507936508
서울,서울_강서구,2016-10,597.6876347246717
서울,서울_강서구,2016-11,595.2380952380952
서울,서울_강서구,2016-12,594.4846292947559
서울,서울_강서구,2017-01,534.6070051952405
서울,서울_강서구,2017-02,603.8403233956544
서울,서울_강서구,2017-03,617.1810013259869
서울,서울_강서구,2017-04,611.8726855326743
서울,서울_강서구,2017-05,642.7951422737601
서울,서울_강서구,2017-06,642.1483180696121
서울,서울_강서구,2017-07,659.3223168085461
서울,서울_강서구,2017-08,628.2322062016615
서울,서울_강서구,2017-09,669.8724474978122
서울,서울_강서구,2017-10,688.7792932686996
서울,서울_강서구,2017-11,686.0612699200458
서울,서울_강서구,2017-12,705.9413206262229
서울,서울_강서구,2018-01,700.5151337778457
서울,서울_강서구,2018-02,702.6229509016933
서울,서울_강서구,2018-03,670.3443664326312
서울,서울_강서구,2018-04,647.2872778627751
서울,서울_강서구,2018-05,691.7819636606101
서울,서울_강서구,2018-06,706.9635913750442
서울,서울_강서구,2018-07,732.1779576657016
서울,서울_강서구,2018-08,732.7765803594726
서울,서울_강서구,2018-09,737.3889726830903
서울,서울_강서구,2018-10,705.874371516142
서울,서울_강서구,2018-11,672.5106965779971
서울,서울_강서구,2018-12,673.9980127622786
서울,서울_강서구,2019-01,689.2800880198045
서울,서울_강서구,2019-02,732.2546356442659
서울,서울_강서구,2019-03,709.4708459723627
서울,서울_강서구,2019-04,729.4975879515238
서울,서울_강서구,2019-05,777.8521244563399
서울,서울_강서구,2019-06,824.6750923267157
서울,서울_강서구,2019-07,888.7275202196015
서울,서울_강서구,2019-08,835.5890314228551
서울,서울_강서구,2019-09,806.3332523075605
서울,서울_강서구,2019-10,880.331728380534
서울,서울_강서구,2019-11,910.4552276138069
서울,서울_강서구,2019-12,883.9963859140114
서울,서울_강서구,2020-01,827.3809523809523
서울,서울_강서구,2020-02,884.5638194494446
서울,서울_강서구,2020-03,830.8603735914531
서울,서울_강서구,2020-04,788.7920885330822
서울,서울_강서구,2020-05,905.9889398752795
서울,서울_강서구,2020-06,940.7743933944197
서울,서울_강서구,2020-07,941.4534501263719
서울,서울_강서구,2020-08,1001.1848341232227
서울,서울_강서구,2020-09,1012.4873439082012
서울,서울_강서구,2020-10,1006.3559322033899
서울,서울_강서구,2020-11,1002.5896211938684
서울,서울_강서구,2020-12,1064.7254795956405
서울,서울_강서구,2021-01,1162.7906976744184
서울,서울_강서구,2021-02,1042.2978935058622
서울,서울_강서구,2021-03,1039.863444511951
서울,서울_강서구,2021-04,1147.2687407742314
서울,서울_강서구,2021-05,1188.4566259915791
서울,서울_강서구,2021-06,1240.9679071846836
서울,서울_강서구,2021-07,1227.364185110664
서울,서울_강서구,2021-08,1269.1857768096652
서울,서울_강서구,2021-09,1194.1271194049841
서울,서울_강서구,2021-10,1220.2256581696615
서울,서울_강서구,2021-11,1038.4176492963104
서울,서울_강서구,2021-12,1041.7892878163625
서울,서울_강서구,2022-01,1025.7272574407264
서울,서울_강서구,2022-02,920.7944869466721
서울,서울_강서구,2022-03,1104.644257037653
서울,서울_강서구,2022-04,1046.966040525263
서울,서울_강서구,2022-05,990.2925195190772
서울,서울_강서구,2022-06,918.1980995758252
서울,서울_강서구,2022-07,809.2938258712962
서울,서울_강서구,2022-08,817.4841508174842
서울,서울_강서구,2022-09,809.2938258712962
서울,서울_강서구,2022-10,994.6402946123522
서울,서울_강서구,2022-11,926.0872227930619
서울,서울_강서구,2022-12,1008.2920902959678
서울,서울_강서구,2023-01,1107.3232323232323
서울,서울_강서구,2023-02,1117.9910560715514
서울,서울_강서구,2023-03,1080.5296240634495
서울,서울_강서구,2023-04,1176.7987230424037
서울,서울_강서구,2023-05,1081.6542948038175
서울,서울_강서구,2023-06,1127.6168258066666
서울,서울_강서구,2023-07,1151.1511511511512
서울,서울_강서구,2023-08,1110.136879536266
서울,서울_강서구,2023-09,1068.6069010318947
서울,서울_강서구,2023-10,976.5953864286917
서울,서울_강서구,2023-11,973.9699754394679
서울,서울_강서구,2023-12,1117.6061355040506
서울,서울_강서구,2024-01,1089.1337005508262
서울,서울_강서구,2024-02,1058.9142886966506
서울,서울_강서구,2024-03,1101.4686248331109
서울,서울_강서구,2024-04,1085.1419031719533
서울,서울_강서구,2024-05,1115.1295961422543
서울,서울_강서구,2024-06,1197.6470588235295
서울,서울_강서구,2024-07,1187.5281376940832
서울,서울_강서구,2024-08,1159.4619589096965
서울,서울_강서구,2024-09,1084.512150888647
서울,서울_강서구,2024-10,1131.6451509005285
서울,서울_강서구,2024-11,1144.407739499764
서울,서울_강서구,2024-12,1089.0509190834346
서울,서울_강서구,2025-01,1087.5936480144835
서울,서울_강서구,2025-02,1209.542876209543
서울,서울_강서구,2025-03,1235.5427082317574
서울,서울_강서구,2025-04,1180.0326061641176
서울,서울_강서구,2025-05,1280.8997399979826
서울,서울_강서구,2025-06,1265.29244176303
서울,서울_강서구,2025-07,1204.7456853387514
서울,서울_강서구,2025-08,1234.567901234568
서울,서울_강서구,2025-09,1349.6790179653233
서울,서울_강서구,2025-10,1331.6768401048635
서울,서울_강서구,2025-11,1218.4944082790853
서울,서울_강서구,2025-12,1199.9239657713774
서울,서울_관악구,2006-01,317.25803170584925
서울,서울_관악구,2006-02,320.6998090349098
서울,서울_관악구,2006-03,329.5668549905838
서울,서울_관악구,2006-04,333.0979284369115
서울,서울_관악구,2006-05,332.50366382056836
서울,서울_관악구,2006-06,351.24941065535126
서울,서울_관악구,2006-07,340.0566761126854
서울,서울_관악구,2006-08,364.4546417225556
서울,서울_관악구,2006-09,365.3266972546524
서울,서울_관악구,2006-10,366.72778796466076
서울,서울_관악구,2006-11,344.2340791738382
서울,서울_관악구,2006-12,360.6269213037008
서울,서울_관악구,2007-01,358.3583583583583
서울,서울_관악구,2007-02,360.89004132401953
서울,서울_관악구,2007-03,364.79345029885496
서울,서울_관악구,2007-04,387.263339070568
서울,서울_관악구,2007-05,397.49334098646693
서울,서울_관악구,2007-06,401.60642570281124
서울,서울_관악구,2007-07,426.73778963160527
서울,서울_관악구,2007-08,428.90731400569535
서울,서울_관악구,2007-09,434.06670983274773
서울,서울_관악구,2007-10,441.74029004834136
서울,서울_관악구,2007-11,441.0368217054264
서울,서울_관악구,2007-12,459.0395480225989
서울,서울_관악구,2008-01,451.1278195488722
서울,서울_관악구,2008-02,464.7611644304733
서울,서울_관악구,2008-03,466.10169491525426
서울,서울_관악구,2008-04,477.89725209080046
서울,서울_관악구,2008-05,500.23540489642187
서울,서울_관악구,2008-06,491.6260235017535
서울,서울_관악구,2008-07,489.58770571292104
서울,서울_관악구,2008-08,485.08867617987573
서울,서울_관악구,2008-09,489.57228702721807
서울,서울_관악구,2008-10,470.86521483225425
서울,서울_관악구,2008-11,426.69235737420826
서울,서울_관악구,2008-12,451.2566050009234
서울,서울_관악구,2009-01,453.79537953795375
서울,서울_관악구,2009-02,468.2250161876648
서울,서울_관악구,2009-03,466.93920685243893
서울,서울_관악구,2009-04,468.4557438794727
서울,서울_관악구,2009-05,468.5408299866131
서울,서울_관악구,2009-06,473.8927686965863
서울,서울_관악구,2009-07,487.0531006389446
서울,서울_관악구,2009-08,500.5005005005005
서울,서울_관악구,2009-09,492.1588254921588
서울,서울_관악구,2009-10,486.4311315924219
서울,서울_관악구,2009-11,474.4837002901519
서울,서울_관악구,2009-12,474.94553376906316
서울,서울_관악구,2010-01,475.58975652832095
서울,서울_관악구,2010-02,487.50226975487203
서울,서울_관악구,2010-03,467.693345861854
서울,서울_관악구,2010-04,460.5808471907135
서울,서울_관악구,2010-05,452.8215566974291
서울,서울_관악구,2010-06,446.23501846430156
서울,서울_관악구,2010-07,449.41190471109957
서울,서울_관악구,2010-08,461.3666543880448
서울,서울_관악구,2010-09,467.0115884034659
서울,서울_관악구,2010-10,470.8097928436912
서울,서울_관악구,2010-11,471.8875502008032
서울,서울_관악구,2010-12,465.1162790697674
서울,서울_관악구,2011-01,486.2155388471178
서울,서울_관악구,2011-02,494.4408203113594
서울,서울_관악구,2011-03,478.644520368434
서울,서울_관악구,2011-04,470.9763330233557
서울,서울_관악구,2011-05,477.1442035815269
서울,서울_관악구,2011-06,476.84937530140746
서울,서울_관악구,2011-07,482.58003766478345
서울,서울_관악구,2011-08,470.6989879971758
서울,서울_관악구,2011-09,477.5933342422155
서울,서울_관악구,2011-10,486.1351950843031
서울,서울_관악구,2011-11,483.0917874396135
서울,서울_관악구,2011-12,460.4981777657299
서울,서울_관악구,2012-01,478.19767441860466
서울,서울_관악구,2012-02,462.0633051354763
서울,서울_관악구,2012-03,459.5087313080377
서울,서울_관악구,2012-04,445.5445544554455
서울,서울_관악구,2012-05,477.6343463080224
서울,서울_관악구,2012-06,441.64677122239823
서울,서울_관악구,2012-07,477.0854416654619
서울,서울_관악구,2012-08,433.48091662236396
서울,서울_관악구,2012-09,428.0194783865458
서울,서울_관악구,2012-10,445.468509984639
서울,서울_관악구,2012-11,431.0945471872629
서울,서울_관악구,2012-12,449.7941564854578
서울,서울_관악구,2013-01,453.63497113232
서울,서울_관악구,2013-02,429.462289681139
서울,서울_관악구,2013-03,459.57610297171686
서울,서울_관악구,2013-04,461.45386221376253
서울,서울_관악구,2013-05,460.2510460251046
서울,서울_관악구,2013-06,431.98172336102857
서울,서울_관악구,2013-07,443.6774989586095
서울,서울_관악구,2013-08,436.33276740237693
서울,서울_관악구,2013-09,453.28166354781666
서울,서울_관악구,2013-10,453.15442561205276
서울,서울_관악구,2013-11,454.0134921851936
서울,서울_관악구,2013-12,447.2693032015066
서울,서울_관악구,2014-01,466.9971301852335
서울,서울_관악구,2014-02,447.2693032015066
서울,서울_관악구,2014-03,468.3698296836983
서울,서울_관악구,2014-04,451.4446005030908
서울,서울_관악구,2014-05,470.6401316570808
서울,서울_관악구,2014-06,476.90763052208837
서울,서울_관악구,2014-07,469.9363621528346
서울,서울_관악구,2014-08,460.3399433427762
서울,서울_관악구,2014-09,458.5076708507671
서울,서울_관악구,2014-10,475.5548139496079
서울,서울_관악구,2014-11,469.85555737632353
서울,서울_관악구,2014-12,465.910985164194
서울,서울_관악구,2015-01,469.4980704753805
서울,서울_관악구,2015-02,475.2048190462659
서울,서울_관악구,2015-03,476.19047619047615
서울,서울_관악구,2015-04,479.5396678667575
서울,서울_관악구,2015-05,473.95425689190364
서울,서울_관악구,2015-06,477.06450206165397
서울,서울_관악구,2015-07,480.6687565308255
서울,서울_관악구,2015-08,470.7543839002001
서울,서울_관악구,2015-09,484.85375685595284
서울,서울_관악구,2015-10,496.0015315135008
서울,서울_관악구,2015-11,497.787610619469
서울,서울_관악구,2015-12,502.13348942162503
서울,서울_관악구,2016-01,497.8227609744616
서울,서울_관악구,2016-02,520.5666495989076
서울,서울_관악구,2016-03,502.58945386064033
서울,서울_관악구,2016-04,509.4286180210726
서울,서울_관악구,2016-05,498.75311720698255
서울,서울_관악구,2016-06,516.0047770432793
서울,서울_관악구,2016-07,520.2205882352941
서울,서울_관악구,2016-08,510.7811947684694
서울,서울_관악구,2016-09,518.7847068652022
서울,서울_관악구,2016-10,530.3957568339453
서울,서울_관악구,2016-11,533.2911249076049
서울,서울_관악구,2016-12,524.104366487102
서울,서울_관악구,2017-01,522.466039707419
서울,서울_관악구,2017-02,533.3465044468992
서울,서울_관악구,2017-03,515.3584944092454
서울,서울_관악구,2017-04,529.6610169491526
서울,서울_관악구,2017-05,541.7183409122226
서울,서울_관악구,2017-06,535.4516200975456
서울,서울_관악구,2017-07,555.3297480166025
서울,서울_관악구,2017-08,541.4312617702449
서울,서울_관악구,2017-09,566.4385178192117
서울,서울_관악구,2017-10,571.7693860600067
서울,서울_관악구,2017-11,552.8381921439941
서울,서울_관악구,2017-12,584.9986766655542
서울,서울_관악구,2018-01,609.2280884924396
서울,서울_관악구,2018-02,602.7164685908319
서울,서울_관악구,2018-03,612.4853532718209
서울,서울_관악구,2018-04,617.4449952169754
서울,서울_관악구,2018-05,633.8618334792293
서울,서울_관악구,2018-06,649.418508680972
서울,서울_관악구,2018-07,632.603406326034
서울,서울_관악구,2018-08,610.9215222132971
서울,서울_관악구,2018-09,656.934306569343
서울,서울_관악구,2018-10,701.1639321273313
서울,서울_관악구,2018-11,735.4170148754805
서울,서울_관악구,2018-12,691.7819636606101
서울,서울_관악구,2019-01,605.983319933097
서울,서울_관악구,2019-02,676.0374832663989
서울,서울_관악구,2019-03,664.4303201506591
서울,서울_관악구,2019-04,687.4141671382758
서울,서울_관악구,2019-05,659.0510237511428
서울,서울_관악구,2019-06,750.5003335557038
서울,서울_관악구,2019-07,759.2544124012622
서울,서울_관악구,2019-08,777.8974621343218
서울,서울_관악구,2019-09,747.0651013874067
서울,서울_관악구,2019-10,788.6064030131828
서울,서울_관악구,2019-11,791.7986331055175
서울,서울_관악구,2019-12,787.0861317308825
서울,서울_관악구,2020-01,782.7212806026366
서울,서울_관악구,2020-02,810.779050178727
서울,서울_관악구,2020-03,793.0615378231032
서울,서울_관악구,2020-04,768.4647485940849
서울,서울_관악구,2020-05,798.9496904218786
서울,서울_관악구,2020-06,884.3823366556618
서울,서울_관악구,2020-07,847.457627118644
서울,서울_관악구,2020-08,890.462885702072
서울,서울_관악구,2020-09,894.2451882730062
서울,서울_관악구,2020-10,916.3612129290236
서울,서울_관악구,2020-11,992.6295767950546
서울,서울_관악구,2020-12,1023.3918128654971
서울,서울_관악구,2021-01,1025.4971173079186
서울,서울_관악구,2021-02,1061.1205432937181
서울,서울_관악구,2021-03,1036.1031560128736
서울,서울_관악구,2021-04,996.9167523124357
서울,서울_관악구,2021-05,1101.2848323043552
서울,서울_관악구,2021-06,1078.3546395338726
서울,서울_관악구,2021-07,1172.6869218764828
서울,서울_관악구,2021-08,1148.957186308409
서울,서울_관악구,2021-09,1137.3854913150235
서울,서울_관악구,2021-10,1094.890510948905
서울,서울_관악구,2021-11,1096.6827723832178
서울,서울_관악구,2021-12,1048.2376626163737
서울,서울_관악구,2022-01,981.3194608654528
서울,서울_관악구,2022-02,1061.1160318866253
서울,서울_관악구,2022-03,1003.0864197530864
서울,서울_관악구,2022-04,1010.9664153529815
서울,서울_관악구,2022-05,1060.9280906836698
서울,서울_관악구,2022-06,1071.1297071129707
서울,서울_관악구,2022-07,1018.8487009679063
서울,서울_관악구,2022-08,1006.9720926705343
서울,서울_관악구,2022-09,869.5652173913044
서울,서울_관악구,2022-10,938.5766900320779
서울,서울_관악구,2022-11,937.2426551793258
서울,서울_관악구,2022-12,1034.6177777557432
서울,서울_관악구,2023-01,923.6480368246741
서울,서울_관악구,2023-02,988.3240948225026
서울,서울_관악구,2023-03,982.5912286575159
서울,서울_관악구,2023-04,988.7005649717515
서울,서울_관악구,2023-05,973.4405458089668
서울,서울_관악구,2023-06,1002.0613834173156
서울,서울_관악구,2023-07,1018.1261770244822
서울,서울_관악구,2023-08,1048.6626605396489
서울,서울_관악구,2023-09,1034.9061770219926
서울,서울_관악구,2023-10,952.8669256328811
서울,서울_관악구,2023-11,1000.8247076746309
서울,서울_관악구,2023-12,956.0692606345161
서울,서울_관악구,2024-01,1020.0725227042097
서울,서울_관악구,2024-02,899.1978195196275
서울,서울_관악구,2024-03,931.6590982517985
서울,서울_관악구,2024-04,939.2121054004697
서울,서울_관악구,2024-05,1003.2357578791257
서울,서울_관악구,2024-06,992.0634920634922
서울,서울_관악구,2024-07,1040.7554023835116
서울,서울_관악구,2024-08,1016.8204745405053
서울,서울_관악구,2024-09,1037.308228730823
서울,서울_관악구,2024-10,1002.8257479778949
서울,서울_관악구,2024-11,1041.8403067177862
서울,서울_관악구,2024-12,1030.2727959532258
서울,서울_관악구,2025-01,1047.5517890772128
서울,서울_관악구,2025-02,1048.6626605396489
서울,서울_관악구,2025-03,1088.7476459510358
서울,서울_관악구,2025-04,1073.7463126843659
서울,서울_관악구,2025-05,1079.331450094162
서울,서울_관악구,2025-06,1071.4711576281343
서울,서울_관악구,2025-07,1076.59724673491
서울,서울_관악구,2025-08,1081.4954593702087
서울,서울_관악구,2025-09,1156.3421828908554
서울,서울_관악구,2025-10,1153.2804125177904
서울,서울_관악구,2025-11,1028.1109086121571
서울,서울_관악구,2025-12,1071.4285714285713
서울,서울_광진구,2006-01,463.37095362720163
서울,서울_광진구,2006-02,484.78769642260113
서울,서울_광진구,2006-03,481.7119155354449
서울,서울_광진구,2006-04,477.87610619469024
서울,서울_광진구,2006-05,498.1611501170177
서울,서울_광진구,2006-06,494.38578850343555
서울,서울_광진구,2006-07,482.29828890156966
서울,서울_광진구,2006-08,480.93645977405663
서울,서울_광진구,2006-09,518.2213306586426
서울,서울_광진구,2006-10,559.5456823116754
서울,서울_광진구,2006-11,542.480387247538
서울,서울_광진구,2006-12,500.33356962050664
서울,서울_광진구,2007-01,462.84820755389376
서울,서울_광진구,2007-02,475.6833510827121
서울,서울_광진구,2007-03,517.0975813177648
서울,서울_광진구,2007-04,531.9148936170213
서울,서울_광진구,2007-05,487.0835870227016
서울,서울_광진구,2007-06,583.9172505839173
서울,서울_광진구,2007-07,533.2557688578631
서울,서울_광진구,2007-08,553.6544108899412
서울,서울_광진구,2007-09,624.324648817385
서울,서울_광진구,2007-10,590.1092871768075
서울,서울_광진구,2007-11,603.9076376554174
서울,서울_광진구,2007-12,605.6709319761529
서울,서울_광진구,2008-01,595.784082730569
서울,서울_광진구,2008-02,606.0319447155584
서울,서울_광진구,2008-03,617.1810013259869
서울,서울_광진구,2008-04,633.9673006339673
서울,서울_광진구,2008-05,621.3495712687958
서울,서울_광진구,2008-06,652.8551532033426
서울,서울_광진구,2008-07,651.6267522726215
서울,서울_광진구,2008-08,637.920850561134
서울,서울_광진구,2008-09,612.9906872568666
서울,서울_광진구,2008-10,552.7023626185792
서울,서울_광진구,2008-11,612.5306265313266
서울,서울_광진구,2008-12,538.2169355788482
서울,서울_광진구,2009-01,588.7894488930758
서울,서울_광진구,2009-02,611.3074204946996
서울,서울_광진구,2009-03,623.1008704520737
서울,서울_광진구,2009-04,631.3400961025093
서울,서울_광진구,2009-05,616.8722907635879
서울,서울_광진구,2009-06,635.7428861368157
서울,서울_광진구,2009-07,643.7165893718827
서울,서울_광진구,2009-08,651.2729425695678
서울,서울_광진구,2009-09,661.773553122368
서울,서울_광진구,2009-10,648.9675516224189
서울,서울_광진구,2009-11,682.8922495274102
서울,서울_광진구,2009-12,645.9716308894883
서울,서울_광진구,2010-01,666.224688912298
서울,서울_광진구,2010-02,659.2980414969944
서울,서울_광진구,2010-03,659.7885303824379
서울,서울_광진구,2010-04,631.9826579956646
서울,서울_광진구,2010-05,671.3999073931161
서울,서울_광진구,2010-06,636.2809736827744
서울,서울_광진구,2010-07,649.1973559962229
서울,서울_광진구,2010-08,622.8631327004396
서울,서울_광진구,2010-09,635.5184182652702
서울,서울_광진구,2010-10,633.5374470089496
서울,서울_광진구,2010-11,690.8942074604726
서울,서울_광진구,2010-12,665.1773201499759
서울,서울_광진구,2011-01,666.7786362109506
서울,서울_광진구,2011-02,663.7902753272867
서울,서울_광진구,2011-03,634.8770780486329
서울,서울_광진구,2011-04,692.0126730031683
서울,서울_광진구,2011-05,647.3634651600754
서울,서울_광진구,2011-06,639.5044520559651
서울,서울_광진구,2011-07,656.4364054002524
서울,서울_광진구,2011-08,642.5579543056679
서울,서울_광진구,2011-09,664.8314981648315
서울,서울_광진구,2011-10,623.7128761575805
서울,서울_광진구,2011-11,665.4104345777882
서울,서울_광진구,2011-12,626.6255789546251
서울,서울_광진구,2012-01,626.2312852351829
서울,서울_광진구,2012-02,613.0208289373852
서울,서울_광진구,2012-03,653.5659085890926
서울,서울_광진구,2012-04,633.8615512927439
서울,서울_광진구,2012-05,626.5664160401003
서울,서울_광진구,2012-06,629.1586677701421
서울,서울_광진구,2012-07,563.9603781205358
서울,서울_광진구,2012-08,604.5753916264662
서울,서울_광진구,2012-09,575.9038982452008
서울,서울_광진구,2012-10,624.1558063508631
서울,서울_광진구,2012-11,619.1784720552844
서울,서울_광진구,2012-12,635.5932203389831
서울,서울_광진구,2013-01,610.4704279091253
서울,서울_광진구,2013-02,614.7685784948769
서울,서울_광진구,2013-03,608.7391594396264
서울,서울_광진구,2013-04,624.9079723935454
서울,서울_광진구,2013-05,617.456771146498
서울,서울_광진구,2013-06,610.319973065071
서울,서울_광진구,2013-07,617.851668435326
서울,서울_광진구,2013-08,600.5949661749926
서울,서울_광진구,2013-09,618.6213650278269
서울,서울_광진구,2013-10,624.1168158266604
서울,서울_광진구,2013-11,630.0789070780827
서울,서울_광진구,2013-12,630.0688669332869
서울,서울_광진구,2014-01,636.1548528473384
서울,서울_광진구,2014-02,663.0549994111412
서울,서울_광진구,2014-03,645.3132359868112
서울,서울_광진구,2014-04,600.9013520280421
서울,서울_광진구,2014-05,650.4336405066587
서울,서울_광진구,2014-06,625.4541248289545
서울,서울_광진구,2014-07,633.4134479540664
서울,서울_광진구,2014-08,647.9354982704372
서울,서울_광진구,2014-09,651.2536602313257
서울,서울_광진구,2014-10,676.408201744049
서울,서울_광진구,2014-11,700.3309241007418
서울,서울_광진구,2014-12,694.8533741608762
서울,서울_광진구,2015-01,677.1745475773497
서울,서울_광진구,2015-02,667.1515779215022
서울,서울_광진구,2015-03,659.2980414969944
서울,서울_광진구,2015-04,639.9069226294357
서울,서울_광진구,2015-05,674.8430242171357
서울,서울_광진구,2015-06,656.4227734567118
서울,서울_광진구,2015-07,695.012492781427
서울,서울_광진구,2015-08,659.9947978288216
서울,서울_광진구,2015-09,706.8387253859315
서울,서울_광진구,2015-10,692.1874115932524
서울,서울_광진구,2015-11,705.1202612612437
서울,서울_광진구,2015-12,706.6305499941114
서울,서울_광진구,2016-01,696.4117964842105
서울,서울_광진구,2016-02,670.9183673469388
서울,서울_광진구,2016-03,688.1026832312482
서울,서울_광진구,2016-04,705.411365435115
서울,서울_광진구,2016-05,710.2367455818606
서울,서울_광진구,2016-06,700.5632110840419
서울,서울_광진구,2016-07,712.6920793495474
서울,서울_광진구,2016-08,701.0388120578676
서울,서울_광진구,2016-09,736.5071883101579
서울,서울_광진구,2016-10,734.9480189713883
서울,서울_광진구,2016-11,766.4190543567976
서울,서울_광진구,2016-12,749.1299475019171
서울,서울_광진구,2017-01,702.6452527161076
서울,서울_광진구,2017-02,689.0651999570074
서울,서울_광진구,2017-03,720.8245027473871
서울,서울_광진구,2017-04,783.7716702329705
서울,서울_광진구,2017-05,753.516409912927
서울,서울_광진구,2017-06,768.5555251663134
서울,서울_광진구,2017-07,820.6708824388861
서울,서울_광진구,2017-08,824.4994568264726
서울,서울_광진구,2017-09,824.3052398808815
서울,서울_광진구,2017-10,864.6814122484163
서울,서울_광진구,2017-11,853.7447008949599
서울,서울_광진구,2017-12,880.927042686532
서울,서울_광진구,2018-01,862.0977155244288
서울,서울_광진구,2018-02,905.4997343579357
서울,서울_광진구,2018-03,913.0772419258417
서울,서울_광진구,2018-04,870.4274946627061
서울,서울_광진구,2018-05,883.2612916652379
서울,서울_광진구,2018-06,908.4473808400188
서울,서울_광진구,2018-07,1001.5022533800702
서울,서울_광진구,2018-08,1064.4746887167526
서울,서울_광진구,2018-09,1075.2018030532981
서울,서울_광진구,2018-10,984.7414534485388
서울,서울_광진구,2018-11,1060.3204524033931
서울,서울_광진구,2018-12,941.5087678004002
서울,서울_광진구,2019-01,974.486179425239
서울,서울_광진구,2019-02,977.3515157946867
서울,서울_광진구,2019-03,995.5217586951917
서울,서울_광진구,2019-04,1039.5646058827126
서울,서울_광진구,2019-05,1068.3257865916123
서울,서울_광진구,2019-06,1117.9758791281338
서울,서울_광진구,2019-07,1129.9435028248588
서울,서울_광진구,2019-08,1150.9591326105087
서울,서울_광진구,2019-09,1143.2747845218532
서울,서울_광진구,2019-10,1209.2311315200752
서울,서울_광진구,2019-11,1173.469387755102
서울,서울_광진구,2019-12,1135.2133044107013
서울,서울_광진구,2020-01,1168.419295610082
서울,서울_광진구,2020-02,1137.6811594202898
서울,서울_광진구,2020-03,1108.4481725584183
서울,서울_광진구,2020-04,1117.9590081697006
서울,서울_광진구,2020-05,1069.2045528697868
서울,서울_광진구,2020-06,1357.7383930229148
서울,서울_광진구,2020-07,1344.1544975506235
서울,서울_광진구,2020-08,1391.781962861448
서울,서울_광진구,2020-09,1354.1360070488904
서울,서울_광진구,2020-10,1340.5797101449275
서울,서울_광진구,2020-11,1507.4785066541044
서울,서울_광진구,2020-12,1571.532411708665
서울,서울_광진구,2021-01,1660.8245701886165
서울,서울_광진구,2021-02,1540.1794691753216
서울,서울_광진구,2021-03,1396.9194180955742
서울,서울_광진구,2021-04,1477.1778504084346
서울,서울_광진구,2021-05,1571.1297742537558
서울,서울_광진구,2021-06,1610.5992145059572
서울,서울_광진구,2021-07,1577.2128060263656
서울,서울_광진구,2021-08,1752.938750257785
서울,서울_광진구,2021-09,1695.7136128120583
서울,서울_광진구,2021-10,1489.7542153836985
서울,서울_광진구,2021-11,1651.4894273807686
서울,서울_광진구,2021-12,1691.3992342393612
서울,서울_광진구,2022-01,1629.310344827586
서울,서울_광진구,2022-02,1463.3694139479062
서울,서울_광진구,2022-03,1652.512021505368
서울,서울_광진구,2022-04,1521.7190814350272
서울,서울_광진구,2022-05,1531.2131919905771
서울,서울_광진구,2022-06,1589.9223384088546
서울,서울_광진구,2022-07,1530.8525671219973
서울,서울_광진구,2022-08,1360.3463841605871
서울,서울_광진구,2022-09,1054.3551868042327
서울,서울_광진구,2022-10,1192.3161845882094
서울,서울_광진구,2022-11,1186.188377044753
서울,서울_광진구,2022-12,1332.3643410852712
서울,서울_광진구,2023-01,1374.0298785310217
서울,서울_광진구,2023-02,1436.816699810753
서울,서울_광진구,2023-03,1435.8008708956102
서울,서울_광진구,2023-04,1467.620620069712
서울,서울_광진구,2023-05,1531.916671111131
서울,서울_광진구,2023-06,1484.5704753961634
서울,서울_광진구,2023-07,1549.4037305547126
서울,서울_광진구,2023-08,1542.696563739195
서울,서울_광진구,2023-09,1649.1798716682983
서울,서울_광진구,2023-10,1506.0240963855422
서울,서울_광진구,2023-11,1472.2226668582232
서울,서울_광진구,2023-12,1505.9368664929048
서울,서울_광진구,2024-01,1504.9448186899815
서울,서울_광진구,2024-02,1446.930503671183
서울,서울_광진구,2024-03,1532.4767181421666
서울,서울_광진구,2024-04,1574.289069097189
서울,서울_광진구,2024-05,1578.2345028526706
서울,서울_광진구,2024-06,1423.3087742799732
서울,서울_광진구,2024-07,1643.30997664331
서울,서울_광진구,2024-08,1726.1461035901298
서울,서울_광진구,2024-09,1566.1799340555817
서울,서울_광진구,2024-10,1567.7845389993117
서울,서울_광진구,2024-11,1665.4896421845576
서울,서울_광진구,2024-12,1591.1565195544763
서울,서울_광진구,2025-01,1648.6104569006122
서울,서울_광진구,2025-02,1723.9343488015115
서울,서울_광진구,2025-03,1765.7447758343183
서울,서울_광진구,2025-04,1681.8028927009755
서울,서울_광진구,2025-05,1747.8318879252836
서울,서울_광진구,2025-06,1763.316048078616
서울,서울_광진구,2025-07,1772.579815701497
서울,서울_광진구,2025-08,1770.5382436260622
서울,서울_광진구,2025-09,1913.2220683689718
서울,서울_광진구,2025-10,1861.954459203036
서울,서울_광진구,2025-11,1519.5613763415558
서울,서울_광진구,2025-12,1952.9293940911368
서울,서울_구로구,2006-01,285.6182795698925
서울,서울_구로구,2006-02,282.6189354686764
서울,서울_구로구,2006-03,287.39495798319325
서울,서울_구로구,2006-04,285.7142857142857
서울,서울_구로구,2006-05,280.16846731367883
서울,서울_구로구,2006-06,280.0748739444748
서울,서울_구로구,2006-07,280.95856451422503
서울,서울_구로구,2006-08,288.3201031294476
서울,서울_구로구,2006-09,294.24919375720907
서울,서울_구로구,2006-10,302.49560782782686
서울,서울_구로구,2006-11,285.7623129937805
서울,서울_구로구,2006-12,294.25612052730696
서울,서울_구로구,2007-01,298.962705601189
서울,서울_구로구,2007-02,311.8225779556445
서울,서울_구로구,2007-03,326.75038725774004
서울,서울_구로구,2007-04,340.28356964136776
서울,서울_구로구,2007-05,347.672362993518
서울,서울_구로구,2007-06,365.5514250309789
서울,서울_구로구,2007-07,372.8048795929816
서울,서울_구로구,2007-08,352.8754485568282
서울,서울_구로구,2007-09,379.590395480226
서울,서울_구로구,2007-10,376.8246449395143
서울,서울_구로구,2007-11,380.8243727598566
서울,서울_구로구,2007-12,386.73112185364226
서울,서울_구로구,2008-01,372.0314890066594
서울,서울_구로구,2008-02,390.7032815631262
서울,서울_구로구,2008-03,400.0666777796299
서울,서울_구로구,2008-04,430.1910234508464
서울,서울_구로구,2008-05,439.49459464632224
서울,서울_구로구,2008-06,460.5104998880137
서울,서울_구로구,2008-07,439.038705093751
서울,서울_구로구,2008-08,454.3048652196775
서울,서울_구로구,2008-09,434.31180998564065
서울,서울_구로구,2008-10,410.2299002744478
서울,서울_구로구,2008-11,402.9580326282212
서울,서울_구로구,2008-12,388.41807909604523
서울,서울_구로구,2009-01,448.13536968783484
서울,서울_구로구,2009-02,460.0484261501211
서울,서울_구로구,2009-03,432.23217042297006
서울,서울_구로구,2009-04,449.0349043309943
서울,서울_구로구,2009-05,437.40889073711816
서울,서울_구로구,2009-06,451.8932020022604
서울,서울_구로구,2009-07,463.2983794089609
서울,서울_구로구,2009-08,471.09812974042495
서울,서울_구로구,2009-09,448.4588869253273
서울,서울_구로구,2009-10,434.7462617128152
서울,서울_구로구,2009-11,450.15779996648644
서울,서울_구로구,2009-12,449.94375703037116
서울,서울_구로구,2010-01,476.5804823184767
서울,서울_구로구,2010-02,458.51110857977915
서울,서울_구로구,2010-03,435.94524535570747
서울,서울_구로구,2010-04,400.3336113427856
서울,서울_구로구,2010-05,402.04846369432323
서울,서울_구로구,2010-06,459.1692568522181
서울,서울_구로구,2010-07,430.84575404551424
서울,서울_구로구,2010-08,415.7883710045776
서울,서울_구로구,2010-09,406.4314426083073
서울,서울_구로구,2010-10,413.7140290427248
서울,서울_구로구,2010-11,447.585394581861
서울,서울_구로구,2010-12,440.4188753080007
서울,서울_구로구,2011-01,461.4695340501792
서울,서울_구로구,2011-02,434.3207099112611
서울,서울_구로구,2011-03,431.31459543201544
서울,서울_구로구,2011-04,439.1852113505239
서울,서울_구로구,2011-05,440.5834914611006
서울,서울_구로구,2011-06,418.3100274889446
서울,서울_구로구,2011-07,399.8308585284019
서울,서울_구로구,2011-08,406.4942849780348
서울,서울_구로구,2011-09,390.325271059216
서울,서울_구로구,2011-10,416.0009832752169
서울,서울_구로구,2011-11,415.6747848379418
서울,서울_구로구,2011-12,395.3953953953954
서울,서울_구로구,2012-01,419.25455876447506
서울,서울_구로구,2012-02,414.8186798852074
서울,서울_구로구,2012-03,395.3294412010008
서울,서울_구로구,2012-04,414.30003341129304
서울,서울_구로구,2012-05,412.4484439445069
서울,서울_구로구,2012-06,403.22580645161287
서울,서울_구로구,2012-07,435.3965699264746
서울,서울_구로구,2012-08,402.6672828612401
서울,서울_구로구,2012-09,420.50460552663196
서울,서울_구로구,2012-10,412.2585066966241
서울,서울_구로구,2012-11,417.25090071008884
서울,서울_구로구,2012-12,416.89537729168046
서울,서울_구로구,2013-01,434.65370018975335
서울,서울_구로구,2013-02,412.176882765118
서울,서울_구로구,2013-03,418.5501423070484
서울,서울_구로구,2013-04,419.67433271781096
서울,서울_구로구,2013-05,435.7298474945533
서울,서울_구로구,2013-06,397.6776568879658
서울,서울_구로구,2013-07,427.8673835125448
서울,서울_구로구,2013-08,434.5878136200717
서울,서울_구로구,2013-09,451.38888888888886
서울,서울_구로구,2013-10,419.3368109684903
서울,서울_구로구,2013-11,419.0537151233955
서울,서울_구로구,2013-12,441.3979759943516
서울,서울_구로구,2014-01,434.0567612687813
서울,서울_구로구,2014-02,420.16806722689074
서울,서울_구로구,2014-03,417.01417848206836
서울,서울_구로구,2014-04,415.8910436155423
서울,서울_구로구,2014-05,409.91420400381315
서울,서울_구로구,2014-06,422.4650333078629
서울,서울_구로구,2014-07,453.59221470816937
서울,서울_구로구,2014-08,432.34767025089604
서울,서울_구로구,2014-09,438.0152036259185
서울,서울_구로구,2014-10,425.3810705423609
서울,서울_구로구,2014-11,431.25944683505315
서울,서울_구로구,2014-12,442.34746612592005
서울,서울_구로구,2015-01,436.3729197433617
서울,서울_구로구,2015-02,439.0404964945516
서울,서울_구로구,2015-03,435.06958685246906
서울,서울_구로구,2015-04,449.33191439044583
서울,서울_구로구,2015-05,435.47530536378116
서울,서울_구로구,2015-06,453.1282619517914
서울,서울_구로구,2015-07,443.6960085871619
서울,서울_구로구,2015-08,457.04738030827616
서울,서울_구로구,2015-09,465.00680936348874
서울,서울_구로구,2015-10,459.60717923700963
서울,서울_구로구,2015-11,470.44204244178434
서울,서울_구로구,2015-12,467.549196501547
서울,서울_구로구,2016-01,475.9520232730048
서울,서울_구로구,2016-02,468.7039981157628
서울,서울_구로구,2016-03,458.1013285730402
서울,서울_구로구,2016-04,473.72810675562965
서울,서울_구로구,2016-05,472.402519922024
서울,서울_구로구,2016-06,482.8642091626428
서울,서울_구로구,2016-07,483.1793536643491
서울,서울_구로구,2016-08,486.0633111480753
서울,서울_구로구,2016-09,499.9404832758005
서울,서울_구로구,2016-10,505.4961902826358
서울,서울_구로구,2016-11,506.058346220099
서울,서울_구로구,2016-12,499.99999999999994
서울,서울_구로구,2017-01,500.9042282863884
서울,서울_구로구,2017-02,519.3595128881252
서울,서울_구로구,2017-03,515.3763289873084
서울,서울_구로구,2017-04,508.79973662848283
서울,서울_구로구,2017-05,529.6335572051372
서울,서울_구로구,2017-06,524.0534652299358
서울,서울_구로구,2017-07,538.6229039915867
서울,서울_구로구,2017-08,530.5717592706865
서울,서울_구로구,2017-09,528.1070296913508
서울,서울_구로구,2017-10,537.8449057797429
서울,서울_구로구,2017-11,547.6225531024038
서울,서울_구로구,2017-12,563.3321952884944
서울,서울_구로구,2018-01,582.4694350634833
서울,서울_구로구,2018-02,571.1109985379414
서울,서울_구로구,2018-03,562.429696287964
서울,서울_구로구,2018-04,568.7520910003345
서울,서울_구로구,2018-05,556.4877603068702
서울,서울_구로구,2018-06,573.8686537047892
서울,서울_구로구,2018-07,588.4988885363824
서울,서울_구로구,2018-08,567.1392827356129
서울,서울_구로구,2018-09,565.8669888592768
서울,서울_구로구,2018-10,564.9584520138415
서울,서울_구로구,2018-11,605.5959140336493
서울,서울_구로구,2018-12,586.2329803328291
서울,서울_구로구,2019-01,570.6553712201436
서울,서울_구로구,2019-02,549.1414177156308
서울,서울_구로구,2019-03,583.8566745586538
서울,서울_구로구,2019-04,564.1018765055986
서울,서울_구로구,2019-05,676.9484341888392
서울,서울_구로구,2019-06,624.4768123221162
서울,서울_구로구,2019-07,696.1137458945605
서울,서울_구로구,2019-08,710.9589004787681
서울,서울_구로구,2019-09,695.246762044157
서울,서울_구로구,2019-10,718.3427998663549
서울,서울_구로구,2019-11,730.4429783223375
서울,서울_구로구,2019-12,701.9217751374917
서울,서울_구로구,2020-01,706.3393960798164
서울,서울_구로구,2020-02,692.1140939597316
서울,서울_구로구,2020-03,666.4815329075258
서울,서울_구로구,2020-04,684.817103724737
서울,서울_구로구,2020-05,700.4669974687093
서울,서울_구로구,2020-06,762.8212651097289
서울,서울_구로구,2020-07,789.7639411513503
서울,서울_구로구,2020-08,803.3745620296845
서울,서울_구로구,2020-09,833.374829320453
서울,서울_구로구,2020-10,743.8894792773646
서울,서울_구로구,2020-11,667.2226855713094
서울,서울_구로구,2020-12,868.3197212365983
서울,서울_구로구,2021-01,912.330885046458
서울,서울_구로구,2021-02,882.7684716497284
서울,서울_구로구,2021-03,879.3264720831482
서울,서울_구로구,2021-04,923.9199095841486
서울,서울_구로구,2021-05,947.3541751251861
서울,서울_구로구,2021-06,698.4190514308585
서울,서울_구로구,2021-07,1000.3530657879252
서울,서울_구로구,2021-08,987.0034692876435
서울,서울_구로구,2021-09,1008.0723017711845
서울,서울_구로구,2021-10,989.4307212051367
서울,서울_구로구,2021-11,917.8630265944928
서울,서울_구로구,2021-12,831.4436885865457
서울,서울_구로구,2022-01,761.7118703768932
서울,서울_구로구,2022-02,824.286709883821
서울,서울_구로구,2022-03,923.8554784041427
서울,서울_구로구,2022-04,843.98745675439
서울,서울_구로구,2022-05,853.2423208191126
서울,서울_구로구,2022-06,823.9171374764595
서울,서울_구로구,2022-07,697.7733379302838
서울,서울_구로구,2022-08,816.2425406406475
서울,서울_구로구,2022-09,687.049721527442
서울,서울_구로구,2022-10,846.7117465056047
서울,서울_구로구,2022-11,836.4451082897684
서울,서울_구로구,2022-12,870.6496929195002
서울,서울_구로구,2023-01,854.6546845674997
서울,서울_구로구,2023-02,853.0415342981528
서울,서울_구로구,2023-03,956.4973421428126
서울,서울_구로구,2023-04,858.9059372915277
서울,서울_구로구,2023-05,882.4790101674328
서울,서울_구로구,2023-06,921.8436873747496
서울,서울_구로구,2023-07,947.5062423924394
서울,서울_구로구,2023-08,948.4270874488027
서울,서울_구로구,2023-09,876.7800400141226
서울,서울_구로구,2023-10,874.9544294567992
서울,서울_구로구,2023-11,883.2634090003819
서울,서울_구로구,2023-12,871.4596949891067
서울,서울_구로구,2024-01,856.7729786983641
서울,서울_구로구,2024-02,906.0422458849214
서울,서울_구로구,2024-03,869.0647998016811
서울,서울_구로구,2024-04,899.372035469678
서울,서울_구로구,2024-05,917.8630265944928
서울,서울_구로구,2024-06,941.251310565811
서울,서울_구로구,2024-07,999.1039426523297
서울,서울_구로구,2024-08,935.4289301190004
서울,서울_구로구,2024-09,930.3432024297267
서울,서울_구로구,2024-10,942.7609427609428
서울,서울_구로구,2024-11,941.9806602200734
서울,서울_구로구,2024-12,914.9777843612949
서울,서울_구로구,2025-01,930.9819213146136
서울,서울_구로구,2025-02,930.9309309309309
서울,서울_구로구,2025-03,923.8554784041427
서울,서울_구로구,2025-04,961.2895634780563
서울,서울_구로구,2025-05,1177.859476243356
서울,서울_구로구,2025-06,994.6506185222333
서울,서울_구로구,2025-07,883.5378006674798
서울,서울_구로구,2025-08,917.6590737371127
서울,서울_구로구,2025-09,1021.4197203044787
서울,서울_구로구,2025-10,1016.9672144354804
서울,서울_구로구,2025-11,988.4005570049312
서울,서울_구로구,2025-12,984.0920843630263
서울,서울_금천구,2006-01,260.4651162790698
서울,서울_금천구,2006-02,259.4318079645482
서울,서울_금천구,2006-03,256.9871473935719
서울,서울_금천구,2006-04,262.0545073375262
서울,서울_금천구,2006-05,265.017667844523
서울,서울_금천구,2006-06,258.0246644052429
서울,서울_금천구,2006-07,262.891809908999
서울,서울_금천구,2006-08,267.94742163801817
서울,서울_금천구,2006-09,274.8768846719454
서울,서울_금천구,2006-10,288.869271644723
서울,서울_금천구,2006-11,281.1721919361487
서울,서울_금천구,2006-12,276.2878698573618
서울,서울_금천구,2007-01,291.95862529195864
서울,서울_금천구,2007-02,284.5273914456304
서울,서울_금천구,2007-03,290.27576197387515
서울,서울_금천구,2007-04,310.76218514883874
서울,서울_금천구,2007-05,288.62195528862196
서울,서울_금천구,2007-06,320.1046120743436
서울,서울_금천구,2007-07,320.18874283788335
서울,서울_금천구,2007-08,329.819381756756
서울,서울_금천구,2007-09,333.6703741152679
서울,서울_금천구,2007-10,334.3465045592705
서울,서울_금천구,2007-11,328.5784643504177
서울,서울_금천구,2007-12,352.6367025234109
서울,서울_금천구,2008-01,352.2076171216717
서울,서울_금천구,2008-02,350.52578868302453
서울,서울_금천구,2008-03,364.8346475226551
서울,서울_금천구,2008-04,376.096048117692
서울,서울_금천구,2008-05,400.6009013520281
서울,서울_금천구,2008-06,412.1338912133891
서울,서울_금천구,2008-07,397.69384633486294
서울,서울_금천구,2008-08,375.29853713151493
서울,서울_금천구,2008-09,376.64783427495297
서울,서울_금천구,2008-10,361.06135244066274
서울,서울_금천구,2008-11,405.46911834040543
서울,서울_금천구,2008-12,384.8728246318608
서울,서울_금천구,2009-01,350.9230233368164
서울,서울_금천구,2009-02,365.43675586467054
서울,서울_금천구,2009-03,370.6262277668907
서울,서울_금천구,2009-04,370.74486012807546
서울,서울_금천구,2009-05,359.8714138968377
서울,서울_금천구,2009-06,378.78787878787875
서울,서울_금천구,2009-07,387.5968992248062
서울,서울_금천구,2009-08,393.97859646233104
서울,서울_금천구,2009-09,397.78745439566904
서울,서울_금천구,2009-10,385.6749311294766
서울,서울_금천구,2009-11,386.4424671995174
서울,서울_금천구,2009-12,372.4274759977593
서울,서울_금천구,2010-01,369.1823306463467
서울,서울_금천구,2010-02,378.35281305084936
서울,서울_금천구,2010-03,357.7017661524704
서울,서울_금천구,2010-04,366.9724770642202
서울,서울_금천구,2010-05,362.3188405797101
서울,서울_금천구,2010-06,371.4189416919447
서울,서울_금천구,2010-07,331.1245388606352
서울,서울_금천구,2010-08,338.10589905552297
서울,서울_금천구,2010-09,352.78818872696286
서울,서울_금천구,2010-10,342.412092609557
서울,서울_금천구,2010-11,353.06578792515006
서울,서울_금천구,2010-12,365.23525863369025
서울,서울_금천구,2011-01,366.19953286619955
서울,서울_금천구,2011-02,362.2704507512521
서울,서울_금천구,2011-03,376.6035071201601
서울,서울_금천구,2011-04,370.74486012807546
서울,서울_금천구,2011-05,353.1073446327684
서울,서울_금천구,2011-06,356.38867518087795
서울,서울_금천구,2011-07,371.4007086182228
서울,서울_금천구,2011-08,365.95866819747414
서울,서울_금천구,2011-09,362.84470246734395
서울,서울_금천구,2011-10,367.003088715627
서울,서울_금천구,2011-11,367.2174929060257
서울,서울_금천구,2011-12,365.8729608527218
서울,서울_금천구,2012-01,372.72897546356995
서울,서울_금천구,2012-02,367.2174929060257
서울,서울_금천구,2012-03,358.6321934945788
서울,서울_금천구,2012-04,356.95738790182463
서울,서울_금천구,2012-05,367.76997659645605
서울,서울_금천구,2012-06,345.2884829583426
서울,서울_금천구,2012-07,347.75433219379937
서울,서울_금천구,2012-08,350.71201600564905
서울,서울_금천구,2012-09,346.30944896328606
서울,서울_금천구,2012-10,344.05892614847835
서울,서울_금천구,2012-11,335.41249852889257
서울,서울_금천구,2012-12,342.58712344949794
서울,서울_금천구,2013-01,328.67494824016563
서울,서울_금천구,2013-02,341.29692832764505
서울,서울_금천구,2013-03,338.14571892178833
서울,서울_금천구,2013-04,353.1622695541953
서울,서울_금천구,2013-05,350.0178640736293
서울,서울_금천구,2013-06,350.35035035035037
서울,서울_금천구,2013-07,340.731558389999
서울,서울_금천구,2013-08,343.0608153263533
서울,서울_금천구,2013-09,353.06578792515006
서울,서울_금천구,2013-10,357.04187923810207
서울,서울_금천구,2013-11,360.4257377842283
서울,서울_금천구,2013-12,362.48087560315406
서울,서울_금천구,2014-01,361.6090170722606
서울,서울_금천구,2014-02,362.42119053467616
서울,서울_금천구,2014-03,369.6402168555939
서울,서울_금천구,2014-04,369.12211336517953
서울,서울_금천구,2014-05,358.95021772390254
서울,서울_금천구,2014-06,359.4111828183534
서울,서울_금천구,2014-07,380.6600034987375
서울,서울_금천구,2014-08,376.41154328732745
서울,서울_금천구,2014-09,370.71907732140755
서울,서울_금천구,2014-10,374.543170177369
서울,서울_금천구,2014-11,381.31105095916206
서울,서울_금천구,2014-12,372.78502173186223
서울,서울_금천구,2015-01,394.72920415626635
서울,서울_금천구,2015-02,376.3643206624012
서울,서울_금천구,2015-03,384.95772140631954
서울,서울_금천구,2015-04,394.6897149751169
서울,서울_금천구,2015-05,392.54170755642787
서울,서울_금천구,2015-06,393.0799105566671
서울,서울_금천구,2015-07,398.11542991755005
서울,서울_금천구,2015-08,405.9829622750583
서울,서울_금천구,2015-09,403.1520227637001
서울,서울_금천구,2015-10,413.2338124918481
서울,서울_금천구,2015-11,410.7182437636382
서울,서울_금천구,2015-12,404.3582152071057
서울,서울_금천구,2016-01,408.7420754087421
서울,서울_금천구,2016-02,414.1048824593129
서울,서울_금천구,2016-03,422.92292292292296
서울,서울_금천구,2016-04,426.3565891472868
서울,서울_금천구,2016-05,430.03506258482884
서울,서울_금천구,2016-06,435.92595385311415
서울,서울_금천구,2016-07,425.9010748708784
서울,서울_금천구,2016-08,441.81684512139947
서울,서울_금천구,2016-09,429.1745701647034
서울,서울_금천구,2016-10,449.42044473456394
서울,서울_금천구,2016-11,442.0605917717789
서울,서울_금천구,2016-12,421.32517359067907
서울,서울_금천구,2017-01,454.06360424028264
서울,서울_금천구,2017-02,438.8567280377189
서울,서울_금천구,2017-03,455.005055611729
서울,서울_금천구,2017-04,459.603289791969
서울,서울_금천구,2017-05,452.71629778672036
서울,서울_금천구,2017-06,441.81684512139947
서울,서울_금천구,2017-07,453.15442561205276
서울,서울_금천구,2017-08,433.9843097980304
서울,서울_금천구,2017-09,492.6519706078824
서울,서울_금천구,2017-10,457.3853589532005
서울,서울_금천구,2017-11,471.85709470845967
서울,서울_금천구,2017-12,506.12052730696803
서울,서울_금천구,2018-01,487.86653185035385
서울,서울_금천구,2018-02,478.9925856184536
서울,서울_금천구,2018-03,486.33179257547306
서울,서울_금천구,2018-04,482.9968689898475
서울,서울_금천구,2018-05,488.7091338051904
서울,서울_금천구,2018-06,489.54161103693815
서울,서울_금천구,2018-07,481.2173319970127
서울,서울_금천구,2018-08,484.63033348364786
서울,서울_금천구,2018-09,469.9687332938304
서울,서울_금천구,2018-10,495.9297310339757
서울,서울_금천구,2018-11,488.4076732964576
서울,서울_금천구,2018-12,530.8392315470171
서울,서울_금천구,2019-01,497.83362650726383
서울,서울_금천구,2019-02,495.3031596925705
서울,서울_금천구,2019-03,504.06914581534676
서울,서울_금천구,2019-04,500.7802069729181
서울,서울_금천구,2019-05,582.8257494327003
서울,서울_금천구,2019-06,561.3722432613054
서울,서울_금천구,2019-07,570.85628442664
서울,서울_금천구,2019-08,540.5405405405405
서울,서울_금천구,2019-09,565.837557467877
서울,서울_금천구,2019-10,560.4299706363823
서울,서울_금천구,2019-11,571.1870547035383
서울,서울_금천구,2019-12,579.9838923927679
서울,서울_금천구,2020-01,589.196444396555
서울,서울_금천구,2020-02,600.984019635068
서울,서울_금천구,2020-03,718.49234393404
서울,서울_금천구,2020-04,597.9985181582499
서울,서울_금천구,2020-05,583.0780642591244
서울,서울_금천구,2020-06,611.7518203680653
서울,서울_금천구,2020-07,700.7592776756862
서울,서울_금천구,2020-08,788.4215162217943
서울,서울_금천구,2020-09,742.6617941765885
서울,서울_금천구,2020-10,693.5920426005212
서울,서울_금천구,2020-11,794.8477585967037
서울,서울_금천구,2020-12,882.5772016774686
서울,서울_금천구,2021-01,782.7806968420105
서울,서울_금천구,2021-02,822.447992259313
서울,서울_금천구,2021-03,805.1685981187237
서울,서울_금천구,2021-04,787.5307629204266
서울,서울_금천구,2021-05,826.3772954924875
서울,서울_금천구,2021-06,851.2769153730596
서울,서울_금천구,2021-07,871.8980549966466
서울,서울_금천구,2021-08,887.6811594202899
서울,서울_금천구,2021-09,857.7756002791624
서울,서울_금천구,2021-10,823.8201718253501
서울,서울_금천구,2021-11,830.4899958284791
서울,서울_금천구,2021-12,882.6644698128752
서울,서울_금천구,2022-01,886.6463071356038
서울,서울_금천구,2022-02,938.5382059800666
서울,서울_금천구,2022-03,893.7332815028482
서울,서울_금천구,2022-04,936.9688385269122
서울,서울_금천구,2022-05,971.7607973421927
서울,서울_금천구,2022-06,955.1495016611296
서울,서울_금천구,2022-07,1121.0566982764467
서울,서울_금천구,2022-08,893.5191288884424
서울,서울_금천구,2022-09,897.6671422341767
서울,서울_금천구,2022-10,838.6423849977984
서울,서울_금천구,2022-11,1168.2122395609313
서울,서울_금천구,2022-12,1005.3411028131551
서울,서울_금천구,2023-01,835.0422010892805
서울,서울_금천구,2023-02,872.5242125468981
서울,서울_금천구,2023-03,815.4710718661845
서울,서울_금천구,2023-04,896.4001850372177
서울,서울_금천구,2023-05,822.5028227999414
서울,서울_금천구,2023-06,742.2522998039511
서울,서울_금천구,2023-07,728.0080889787664
서울,서울_금천구,2023-08,762.5547691270643
서울,서울_금천구,2023-09,779.406808223795
서울,서울_금천구,2023-10,844.3093549476529
서울,서울_금천구,2023-11,775.1164724832774
서울,서울_금천구,2023-12,712.8547579298831
서울,서울_금천구,2024-01,765.8158648770924
서울,서울_금천구,2024-02,797.8109042231846
서울,서울_금천구,2024-03,762.7018743369091
서울,서울_금천구,2024-04,820.3728810632033
서울,서울_금천구,2024-05,826.1036124509858
서울,서울_금천구,2024-06,832.5421668391837
서울,서울_금천구,2024-07,891.8903859823979
서울,서울_금천구,2024-08,876.029869432612
서울,서울_금천구,2024-09,797.4087161366313
서울,서울_금천구,2024-10,803.2596505653963
서울,서울_금천구,2024-11,845.4185076378668
서울,서울_금천구,2024-12,756.4033951162673
서울,서울_금천구,2025-01,793.3514086997525
서울,서울_금천구,2025-02,758.9618383952368
서울,서울_금천구,2025-03,806.5725940840055
서울,서울_금천구,2025-04,781.1717576364547
서울,서울_금천구,2025-05,748.2541556014556
서울,서울_금천구,2025-06,836.5065600965163
서울,서울_금천구,2025-07,752.9854697335137
서울,서울_금천구,2025-08,852.282501182643
서울,서울_금천구,2025-09,818.869603916333
서울,서울_금천구,2025-10,833.445211697067
서울,서울_금천구,2025-11,836.2779740871613
서울,서울_금천구,2025-12,913.0881465842256
서울,서울_노원구,2006-01,230.05826803295156
서울,서울_노원구,2006-02,237.87061994609164
서울,서울_노원구,2006-03,244.87072560467055
서울,서울_노원구,2006-04,240.28834601521828
서울,서울_노원구,2006-05,236.20661257852188
서울,서울_노원구,2006-06,239.91935483870967
서울,서울_노원구,2006-07,236.89516129032256
서울,서울_노원구,2006-08,235.6902356902357
서울,서울_노원구,2006-09,246.91358024691357
서울,서울_노원구,2006-10,256.3075690828995
서울,서울_노원구,2006-11,261.3100544774332
서울,서울_노원구,2006-12,270.24311834438413
서울,서울_노원구,2007-01,265.1518620499606
서울,서울_노원구,2007-02,275.26622463331324
서울,서울_노원구,2007-03,282.98177252639124
서울,서울_노원구,2007-04,293.2551319648094
서울,서울_노원구,2007-05,288.8888888888889
서울,서울_노원구,2007-06,301.3863773357444
서울,서울_노원구,2007-07,308.40726658217153
서울,서울_노원구,2007-08,310.48387096774195
서울,서울_노원구,2007-09,313.1313131313131
서울,서울_노원구,2007-10,327.5297362523703
서울,서울_노원구,2007-11,343.93939393939394
서울,서울_노원구,2007-12,351.47392290249434
서울,서울_노원구,2008-01,370.41520939826023
서울,서울_노원구,2008-02,396.47577092511017
서울,서울_노원구,2008-03,434.2742608986137
서울,서울_노원구,2008-04,472.047389855609
서울,서울_노원구,2008-05,478.73227689741447
서울,서울_노원구,2008-06,478.5900534759612
서울,서울_노원구,2008-07,485.47979797979804
서울,서울_노원구,2008-08,476.4747412500546
서울,서울_노원구,2008-09,465.6261788004527
서울,서울_노원구,2008-10,448.17386158320835
서울,서울_노원구,2008-11,399.69834087481144
서울,서울_노원구,2008-12,413.7217721082572
서울,서울_노원구,2009-01,416.66666666666663
서울,서울_노원구,2009-02,415.5041849342368
서울,서울_노원구,2009-03,423.4417344173442
서울,서울_노원구,2009-04,430.97645767845825
서울,서울_노원구,2009-05,439.3939393939394
서울,서울_노원구,2009-06,450.2703243892671
서울,서울_노원구,2009-07,456.11818191555506
서울,서울_노원구,2009-08,470.8097928436912
서울,서울_노원구,2009-09,468.15657081548363
서울,서울_노원구,2009-10,459.8380020249747
서울,서울_노원구,2009-11,459.5959595959596
서울,서울_노원구,2009-12,457.51633986928107
서울,서울_노원구,2010-01,464.52702702702703
서울,서울_노원구,2010-02,454.3007244012269
서울,서울_노원구,2010-03,448.19858645061197
서울,서울_노원구,2010-04,430.8390022675737
서울,서울_노원구,2010-05,416.75698912089
서울,서울_노원구,2010-06,417.15452868570026
서울,서울_노원구,2010-07,413.30645161290323
서울,서울_노원구,2010-08,413.30848336973094
서울,서울_노원구,2010-09,414.14141414141415
서울,서울_노원구,2010-10,416.3428034703968
서울,서울_노원구,2010-11,428.6023962700194
서울,서울_노원구,2010-12,433.6947456213511
서울,서울_노원구,2011-01,439.95859213250515
서울,서울_노원구,2011-02,438.4812377703079
서울,서울_노원구,2011-03,436.49949834811804
서울,서울_노원구,2011-04,429.73286875725904
서울,서울_노원구,2011-05,426.04325977714655
서울,서울_노원구,2011-06,421.6559480059888
서울,서울_노원구,2011-07,422.39456440271
서울,서울_노원구,2011-08,428.4946253993321
서울,서울_노원구,2011-09,425.67957312090306
서울,서울_노원구,2011-10,430.5977710233029
서울,서울_노원구,2011-11,423.38709677419354
서울,서울_노원구,2011-12,423.38709677419354
서울,서울_노원구,2012-01,417.50167000668
서울,서울_노원구,2012-02,410.99773242630386
서울,서울_노원구,2012-03,410.5420890857532
서울,서울_노원구,2012-04,403.22580645161287
서울,서울_노원구,2012-05,398.98989898989896
서울,서울_노원구,2012-06,388.88888888888886
서울,서울_노원구,2012-07,393.2284724073581
서울,서울_노원구,2012-08,391.8892571651394
서울,서울_노원구,2012-09,392.25181598062954
서울,서울_노원구,2012-10,395.58410367953593
서울,서울_노원구,2012-11,396.47577092511017
서울,서울_노원구,2012-12,390.4685622747297
서울,서울_노원구,2013-01,387.27058427344673
서울,서울_노원구,2013-02,397.0944309927361
서울,서울_노원구,2013-03,394.1918498421265
서울,서울_노원구,2013-04,392.9109644835451
서울,서울_노원구,2013-05,392.6525109538254
서울,서울_노원구,2013-06,394.30875609289706
서울,서울_노원구,2013-07,387.86416135149113
서울,서울_노원구,2013-08,392.20433936286383
서울,서울_노원구,2013-09,400.25905906379796
서울,서울_노원구,2013-10,403.49021921305246
서울,서울_노원구,2013-11,401.8459185230863
서울,서울_노원구,2013-12,409.41217031546284
서울,서울_노원구,2014-01,408.67269682534084
서울,서울_노원구,2014-02,408.5202190913875
서울,서울_노원구,2014-03,406.3914757770349
서울,서울_노원구,2014-04,405.0522648083624
서울,서울_노원구,2014-05,403.6507339104253
서울,서울_노원구,2014-06,405.8832349278463
서울,서울_노원구,2014-07,404.04040404040404
서울,서울_노원구,2014-08,416.86713471036904
서울,서울_노원구,2014-09,410.4925911093312
서울,서울_노원구,2014-10,416.8142637855709
서울,서울_노원구,2014-11,422.5020595504296
서울,서울_노원구,2014-12,425.1279139724519
서울,서울_노원구,2015-01,424.24242424242425
서울,서울_노원구,2015-02,428.90302182704494
서울,서울_노원구,2015-03,432.6364692218351
서울,서울_노원구,2015-04,430.315470759013
서울,서울_노원구,2015-05,437.61263516219464
서울,서울_노원구,2015-06,433.2646577042422
서울,서울_노원구,2015-07,442.53103724469366
서울,서울_노원구,2015-08,443.13276363316004
서울,서울_노원구,2015-09,450.11526038428786
서울,서울_노원구,2015-10,456.6410537870472
서울,서울_노원구,2015-11,452.32092540412276
서울,서울_노원구,2015-12,452.93820508503114
서울,서울_노원구,2016-01,461.84297338904776
서울,서울_노원구,2016-02,470.8850123942637
서울,서울_노원구,2016-03,456.8183648413748
서울,서울_노원구,2016-04,467.03195381247957
서울,서울_노원구,2016-05,469.76592977893364
서울,서울_노원구,2016-06,475.36178787323684
서울,서울_노원구,2016-07,477.13858225044476
서울,서울_노원구,2016-08,484.06623447629465
서울,서울_노원구,2016-09,492.7594529364441
서울,서울_노원구,2016-10,503.44779711218064
서울,서울_노원구,2016-11,501.21311150722914
서울,서울_노원구,2016-12,492.0767306088407
서울,서울_노원구,2017-01,488.6392530867066
서울,서울_노원구,2017-02,500.08418925745076
서울,서울_노원구,2017-03,504.0322580645161
서울,서울_노원구,2017-04,508.8495575221239
서울,서울_노원구,2017-05,518.8679834301715
서울,서울_노원구,2017-06,520.6124852767962
서울,서울_노원구,2017-07,534.491398029063
서울,서울_노원구,2017-08,534.2237061769616
서울,서울_노원구,2017-09,544.3548387096774
서울,서울_노원구,2017-10,549.4949494949495
서울,서울_노원구,2017-11,555.7518649391441
서울,서울_노원구,2017-12,570.5645161290322
서울,서울_노원구,2018-01,569.3581780538302
서울,서울_노원구,2018-02,584.6681547110002
서울,서울_노원구,2018-03,568.0767452612113
서울,서울_노원구,2018-04,567.2417868116285
서울,서울_노원구,2018-05,551.7492202991261
서울,서울_노원구,2018-06,564.3584720487333
서울,서울_노원구,2018-07,582.5822748867217
서울,서울_노원구,2018-08,592.3690614457165
서울,서울_노원구,2018-09,617.6961602671118
서울,서울_노원구,2018-10,639.5759717314487
서울,서울_노원구,2018-11,618.6550348164765
서울,서울_노원구,2018-12,632.9227155621074
서울,서울_노원구,2019-01,602.7758080030228
서울,서울_노원구,2019-02,629.7229219143576
서울,서울_노원구,2019-03,619.9811399218654
서울,서울_노원구,2019-04,628.8640280334974
서울,서울_노원구,2019-05,653.3356317876229
서울,서울_노원구,2019-06,680.2583770690352
서울,서울_노원구,2019-07,667.1159029649596
서울,서울_노원구,2019-08,681.8984807443176
서울,서울_노원구,2019-09,673.5140596059942
서울,서울_노원구,2019-10,688.7052341597796
서울,서울_노원구,2019-11,716.3152385225063
서울,서울_노원구,2019-12,723.9920227496888
서울,서울_노원구,2020-01,738.498789346247
서울,서울_노원구,2020-02,730.7307307307308
서울,서울_노원구,2020-03,733.1350361382555
서울,서울_노원구,2020-04,709.8765432098766
서울,서울_노원구,2020-05,746.9536196210181
서울,서울_노원구,2020-06,783.5057045883427
서울,서울_노원구,2020-07,851.284726124911
서울,서울_노원구,2020-08,871.0801393728224
서울,서울_노원구,2020-09,912.4597742943599
서울,서울_노원구,2020-10,922.7142616602122
서울,서울_노원구,2020-11,1001.9296422740091
서울,서울_노원구,2020-12,1016.4654226125137
서울,서울_노원구,2021-01,1035.3535353535353
서울,서울_노원구,2021-02,1025.695717546778
서울,서울_노원구,2021-03,1049.5520809229447
서울,서울_노원구,2021-04,1101.6435783597467
서울,서울_노원구,2021-05,1098.4848484848485
서울,서울_노원구,2021-06,1110.6100840055446
서울,서울_노원구,2021-07,1121.3991769547324
서울,서울_노원구,2021-08,1149.1935483870968
서울,서울_노원구,2021-09,1196.969696969697
서울,서울_노원구,2021-10,1204.1631772141877
서울,서울_노원구,2021-11,1237.6823778284588
서울,서울_노원구,2021-12,1141.3623033857639
서울,서울_노원구,2022-01,1079.2955143824304
서울,서울_노원구,2022-02,1166.3524976437325
서울,서울_노원구,2022-03,1246.4786521967717
서울,서울_노원구,2022-04,1221.7697149203998
서울,서울_노원구,2022-05,1181.3717901807913
서울,서울_노원구,2022-06,1175.2136752136753
서울,서울_노원구,2022-07,1020.8110005524483
서울,서울_노원구,2022-08,1045.9849655829555
서울,서울_노원구,2022-09,985.6500942165532
서울,서울_노원구,2022-10,909.0270504659785
서울,서울_노원구,2022-11,947.7858075425688
서울,서울_노원구,2022-12,923.8015004668057
서울,서울_노원구,2023-01,977.8225806451612
서울,서울_노원구,2023-02,975.8391335623031
서울,서울_노원구,2023-03,941.6617560400708
서울,서울_노원구,2023-04,963.3794520758156
서울,서울_노원구,2023-05,956.2999403176048
서울,서울_노원구,2023-06,977.5489919592226
서울,서울_노원구,2023-07,966.7508866825617
서울,서울_노원구,2023-08,955.6907037358818
서울,서울_노원구,2023-09,979.6995100018207
서울,서울_노원구,2023-10,956.4164648910412
서울,서울_노원구,2023-11,928.9243759420731
서울,서울_노원구,2023-12,905.3497942386831
서울,서울_노원구,2024-01,911.3017518835491
서울,서울_노원구,2024-02,920.0968523002422
서울,서울_노원구,2024-03,944.9815050653431
서울,서울_노원구,2024-04,927.3479031305375
서울,서울_노원구,2024-05,920.136840863513
서울,서울_노원구,2024-06,961.5384615384615
서울,서울_노원구,2024-07,967.1152087260476
서울,서울_노원구,2024-08,961.9465270901118
서울,서울_노원구,2024-09,943.8386013499224
서울,서울_노원구,2024-10,931.8135771041582
서울,서울_노원구,2024-11,967.5516224188791
서울,서울_노원구,2024-12,952.0628027392685
서울,서울_노원구,2025-01,920.9418952721651
서울,서울_노원구,2025-02,961.334606588516
서울,서울_노원구,2025-03,963.4634634634634
서울,서울_노원구,2025-04,966.7023559788041
서울,서울_노원구,2025-05,971.1653984781739
서울,서울_노원구,2025-06,982.2401365695783
서울,서울_노원구,2025-07,955.253896430367
서울,서울_노원구,2025-08,983.8472834067549
서울,서울_노원구,2025-09,1015.3421823823479
서울,서울_노원구,2025-10,995.2651292077925
서울,서울_노원구,2025-11,991.2084123426996
서울,서울_노원구,2025-12,1008.5575190785612
서울,서울_도봉구,2006-01,208.1846027995981
서울,서울_도봉구,2006-02,208.22208448321777
서울,서울_도봉구,2006-03,212.02663950701026
서울,서울_도봉구,2006-04,219.59880485300607
서울,서울_도봉구,2006-05,212.59690354930012
서울,서울_도봉구,2006-06,208.40692334864005
서울,서울_도봉구,2006-07,204.24509411293553
서울,서울_도봉구,2006-08,210.77945961239215
서울,서울_도봉구,2006-09,215.25830997196638
서울,서울_도봉구,2006-10,232.0923656927427
서울,서울_도봉구,2006-11,252.89256198347107
서울,서울_도봉구,2006-12,247.80515434721042
서울,서울_도봉구,2007-01,250.0416736122687
서울,서울_도봉구,2007-02,254.23728813559325
서울,서울_도봉구,2007-03,250.52283215668808
서울,서울_도봉구,2007-04,266.0093198467449
서울,서울_도봉구,2007-05,264.23639135503544
서울,서울_도봉구,2007-06,276.0446432483068
서울,서울_도봉구,2007-07,282.8187603111006
서울,서울_도봉구,2007-08,291.6331929644899
서울,서울_도봉구,2007-09,300.8120837302032
서울,서울_도봉구,2007-10,313.01091506671537
서울,서울_도봉구,2007-11,316.857544705646
서울,서울_도봉구,2007-12,324.1786625516254
서울,서울_도봉구,2008-01,338.5809277578711
서울,서울_도봉구,2008-02,352.3641682105374
서울,서울_도봉구,2008-03,377.04724873335687
서울,서울_도봉구,2008-04,421.51093618362245
서울,서울_도봉구,2008-05,439.712389380531
서울,서울_도봉구,2008-06,442.7885748569715
서울,서울_도봉구,2008-07,439.89877932967363
서울,서울_도봉구,2008-08,429.2652330990636
서울,서울_도봉구,2008-09,447.164038597317
서울,서울_도봉구,2008-10,391.53493988762904
서울,서울_도봉구,2008-11,393.0799105566671
서울,서울_도봉구,2008-12,365.17244049294345
서울,서울_도봉구,2009-01,367.01106996470907
서울,서울_도봉구,2009-02,383.302755306006
서울,서울_도봉구,2009-03,389.3455007408744
서울,서울_도봉구,2009-04,387.21936293318356
서울,서울_도봉구,2009-05,394.99231301929217
서울,서울_도봉구,2009-06,418.456122242088
서울,서울_도봉구,2009-07,412.4989384523928
서울,서울_도봉구,2009-08,428.94284744985407
서울,서울_도봉구,2009-09,420.10719976821673
서울,서울_도봉구,2009-10,412.6031507876969
서울,서울_도봉구,2009-11,407.37060887039075
서울,서울_도봉구,2009-12,406.8007751742058
서울,서울_도봉구,2010-01,411.2887690233096
서울,서울_도봉구,2010-02,411.8532249063223
서울,서울_도봉구,2010-03,400.2384251267715
서울,서울_도봉구,2010-04,391.50997567418017
서울,서울_도봉구,2010-05,377.859477124183
서울,서울_도봉구,2010-06,381.7560779586096
서울,서울_도봉구,2010-07,356.6801080529783
서울,서울_도봉구,2010-08,354.2063403158956
서울,서울_도봉구,2010-09,358.2495514451073
서울,서울_도봉구,2010-10,361.82336182336184
서울,서울_도봉구,2010-11,365.71892568422606
서울,서울_도봉구,2010-12,365.4663510803245
서울,서울_도봉구,2011-01,373.31945367487884
서울,서울_도봉구,2011-02,387.1681415929204
서울,서울_도봉구,2011-03,388.5095361431599
서울,서울_도봉구,2011-04,383.39723287214537
서울,서울_도봉구,2011-05,373.0289479877618
서울,서울_도봉구,2011-06,381.63716814159295
서울,서울_도봉구,2011-07,373.97157816005983
서울,서울_도봉구,2011-08,380.6470158769946
서울,서울_도봉구,2011-09,379.7468354430379
서울,서울_도봉구,2011-10,379.9279917691092
서울,서울_도봉구,2011-11,365.1328684743897
서울,서울_도봉구,2011-12,363.9368212421206
서울,서울_도봉구,2012-01,372.39109118924216
서울,서울_도봉구,2012-02,360.72826271907434
서울,서울_도봉구,2012-03,369.5708538013862
서울,서울_도봉구,2012-04,341.6150200441352
서울,서울_도봉구,2012-05,354.0264273248566
서울,서울_도봉구,2012-06,341.4123111259213
서울,서울_도봉구,2012-07,344.86735870818916
서울,서울_도봉구,2012-08,331.85840707964604
서울,서울_도봉구,2012-09,345.68584070796464
서울,서울_도봉구,2012-10,344.0523751188474
서울,서울_도봉구,2012-11,347.67492394611037
서울,서울_도봉구,2012-12,344.5850914205344
서울,서울_도봉구,2013-01,342.83694627709707
서울,서울_도봉구,2013-02,351.1574463314837
서울,서울_도봉구,2013-03,341.571227647177
서울,서울_도봉구,2013-04,344.65063477999223
서울,서울_도봉구,2013-05,345.68584070796464
서울,서울_도봉구,2013-06,341.4174711561102
서울,서울_도봉구,2013-07,345.68584070796464
서울,서울_도봉구,2013-08,351.98333520156416
서울,서울_도봉구,2013-09,357.8485181119649
서울,서울_도봉구,2013-10,354.59001380975235
서울,서울_도봉구,2013-11,356.48505733468005
서울,서울_도봉구,2013-12,350.72168885443546
서울,서울_도봉구,2014-01,356.39412997903565
서울,서울_도봉구,2014-02,363.6866307393521
서울,서울_도봉구,2014-03,359.1764921318826
서울,서울_도봉구,2014-04,360.4325190228274
서울,서울_도봉구,2014-05,350.4473200734883
서울,서울_도봉구,2014-06,353.8384596149037
서울,서울_도봉구,2014-07,356.99718744457783
서울,서울_도봉구,2014-08,362.3188405797101
서울,서울_도봉구,2014-09,363.95582329317267
서울,서울_도봉구,2014-10,362.59064766191545
서울,서울_도봉구,2014-11,367.25506456580973
서울,서울_도봉구,2014-12,367.6543041535241
서울,서울_도봉구,2015-01,367.46141856362294
서울,서울_도봉구,2015-02,387.87466845950956
서울,서울_도봉구,2015-03,376.71775652141486
서울,서울_도봉구,2015-04,372.8813559322034
서울,서울_도봉구,2015-05,384.4026548672567
서울,서울_도봉구,2015-06,377.6899429073342
서울,서울_도봉구,2015-07,381.73056966704655
서울,서울_도봉구,2015-08,388.71755481246623
서울,서울_도봉구,2015-09,388.68496737877547
서울,서울_도봉구,2015-10,400.1623498516881
서울,서울_도봉구,2015-11,409.3917125329157
서울,서울_도봉구,2015-12,404.42559642367104
서울,서울_도봉구,2016-01,407.46545918959714
서울,서울_도봉구,2016-02,407.4902838299376
서울,서울_도봉구,2016-03,411.82995938846716
서울,서울_도봉구,2016-04,409.6677771792979
서울,서울_도봉구,2016-05,411.68183455880126
서울,서울_도봉구,2016-06,421.24542124542126
서울,서울_도봉구,2016-07,427.1807297710691
서울,서울_도봉구,2016-08,432.1714554875177
서울,서울_도봉구,2016-09,440.1650952106768
서울,서울_도봉구,2016-10,440.5492300278355
서울,서울_도봉구,2016-11,441.58244407636784
서울,서울_도봉구,2016-12,423.92840320301457
서울,서울_도봉구,2017-01,431.5160855326527
서울,서울_도봉구,2017-02,430.7422890068919
서울,서울_도봉구,2017-03,445.12449575740715
서울,서울_도봉구,2017-04,452.80390107976314
서울,서울_도봉구,2017-05,470.1327433628319
서울,서울_도봉구,2017-06,473.7025426680599
서울,서울_도봉구,2017-07,460.60465064211394
서울,서울_도봉구,2017-08,433.0430689574017
서울,서울_도봉구,2017-09,441.97627267247515
서울,서울_도봉구,2017-10,453.7052596202319
서울,서울_도봉구,2017-11,472.33288488703505
서울,서울_도봉구,2017-12,490.017484220233
서울,서울_도봉구,2018-01,470.6989879971758
서울,서울_도봉구,2018-02,483.9601769911505
서울,서울_도봉구,2018-03,470.2194357366771
서울,서울_도봉구,2018-04,448.71331299586154
서울,서울_도봉구,2018-05,474.45564686944
서울,서울_도봉구,2018-06,511.61504424778764
서울,서울_도봉구,2018-07,497.50521960549725
서울,서울_도봉구,2018-08,456.36409102275564
서울,서울_도봉구,2018-09,472.3950728489838
서울,서울_도봉구,2018-10,494.66666027868973
서울,서울_도봉구,2018-11,485.3293493694
서울,서울_도봉구,2018-12,502.9456000127843
서울,서울_도봉구,2019-01,492.2644163150492
서울,서울_도봉구,2019-02,492.083248020812
서울,서울_도봉구,2019-03,483.57975015853935
서울,서울_도봉구,2019-04,524.5316863515345
서울,서울_도봉구,2019-05,500.452425541615
서울,서울_도봉구,2019-06,534.4552120290718
서울,서울_도봉구,2019-07,547.8764757735557
서울,서울_도봉구,2019-08,517.4993087012136
서울,서울_도봉구,2019-09,557.1134966596599
서울,서울_도봉구,2019-10,554.4582019993506
서울,서울_도봉구,2019-11,611.9086843963286
서울,서울_도봉구,2019-12,652.4317912218269
서울,서울_도봉구,2020-01,623.9823495407843
서울,서울_도봉구,2020-02,569.5409582714708
서울,서울_도봉구,2020-03,530.2851755833137
서울,서울_도봉구,2020-04,539.7124675936838
서울,서울_도봉구,2020-05,541.5587473510714
서울,서울_도봉구,2020-06,553.4048496373612
서울,서울_도봉구,2020-07,618.7720990035358
서울,서울_도봉구,2020-08,677.2009029345373
서울,서울_도봉구,2020-09,714.0369209334726
서울,서울_도봉구,2020-10,684.9785407725321
서울,서울_도봉구,2020-11,749.065339387367
서울,서울_도봉구,2020-12,767.764204292496
서울,서울_도봉구,2021-01,794.4751780731164
서울,서울_도봉구,2021-02,789.2804698972101
서울,서울_도봉구,2021-03,808.8788562829195
서울,서울_도봉구,2021-04,817.8935069270573
서울,서울_도봉구,2021-05,843.3103789848653
서울,서울_도봉구,2021-06,813.1039358944143
서울,서울_도봉구,2021-07,806.0322412896516
서울,서울_도봉구,2021-08,959.4439869456801
서울,서울_도봉구,2021-09,928.5577720564154
서울,서울_도봉구,2021-10,854.6704599336178
서울,서울_도봉구,2021-11,980.5115712545675
서울,서울_도봉구,2021-12,997.6185780434995
서울,서울_도봉구,2022-01,852.9043109496957
서울,서울_도봉구,2022-02,902.6122660877362
서울,서울_도봉구,2022-03,937.3116335141651
서울,서울_도봉구,2022-04,921.7362158538629
서울,서울_도봉구,2022-05,796.855036827021
서울,서울_도봉구,2022-06,828.8322633945559
서울,서울_도봉구,2022-07,869.187309865276
서울,서울_도봉구,2022-08,829.2262028191177
서울,서울_도봉구,2022-09,765.1046978649638
서울,서울_도봉구,2022-10,707.0469007777516
서울,서울_도봉구,2022-11,806.4833761917046
서울,서울_도봉구,2022-12,823.5381315802167
서울,서울_도봉구,2023-01,806.9133933520412
서울,서울_도봉구,2023-02,714.8692810457517
서울,서울_도봉구,2023-03,735.7274875989942
서울,서울_도봉구,2023-04,753.2336083420622
서울,서울_도봉구,2023-05,725.8505260281459
서울,서울_도봉구,2023-06,726.1386371660586
서울,서울_도봉구,2023-07,696.2962962962963
서울,서울_도봉구,2023-08,820.7070707070707
서울,서울_도봉구,2023-09,741.3509060955519
서울,서울_도봉구,2023-10,707.0856172634994
서울,서울_도봉구,2023-11,734.8695010106048
서울,서울_도봉구,2023-12,717.9822031006838
서울,서울_도봉구,2024-01,714.848243719397
서울,서울_도봉구,2024-02,668.2318729783728
서울,서울_도봉구,2024-03,688.1388362061731
서울,서울_도봉구,2024-04,783.4757834757835
서울,서울_도봉구,2024-05,747.5888998828182
서울,서울_도봉구,2024-06,777.7777777777777
서울,서울_도봉구,2024-07,750.1875468867216
서울,서울_도봉구,2024-08,842.6016221250356
서울,서울_도봉구,2024-09,704.6070460704607
서울,서울_도봉구,2024-10,729.6006025088847
서울,서울_도봉구,2024-11,738.8088923038277
서울,서울_도봉구,2024-12,715.9290375023021
서울,서울_도봉구,2025-01,804.6981606621734
서울,서울_도봉구,2025-02,739.4418147809739
서울,서울_도봉구,2025-03,723.1800317519751
서울,서울_도봉구,2025-04,724.200362100181
서울,서울_도봉구,2025-05,723.0117177761157
서울,서울_도봉구,2025-06,823.6263089775268
서울,서울_도봉구,2025-07,760.2893419101417
서울,서울_도봉구,2025-08,714.3201707490039
서울,서울_도봉구,2025-09,884.9557522123895
서울,서울_도봉구,2025-10,907.0796460176992
서울,서울_도봉구,2025-11,746.4387464387464
서울,서울_도봉구,2025-12,826.636163338321
서울,서울_동대문구,2006-01,306.1705134243994
서울,서울_동대문구,2006-02,306.3690675835592
서울,서울_동대문구,2006-03,309.15775401069516
서울,서울_동대문구,2006-04,303.38389731621936
서울,서울_동대문구,2006-05,309.15775401069516
서울,서울_동대문구,2006-06,312.5528580342467
서울,서울_동대문구,2006-07,316.88066910118977
서울,서울_동대문구,2006-08,306.0815138408724
서울,서울_동대문구,2006-09,326.8104632705057
서울,서울_동대문구,2006-10,334.50409767519653
서울,서울_동대문구,2006-11,325.86898395721926
서울,서울_동대문구,2006-12,320.2011092441585
서울,서울_동대문구,2007-01,335.34065415043096
서울,서울_동대문구,2007-02,311.5206995251018
서울,서울_동대문구,2007-03,329.5274426204211
서울,서울_동대문구,2007-04,341.35518006485745
서울,서울_동대문구,2007-05,344.8123607537254
서울,서울_동대문구,2007-06,375.6130360764116
서울,서울_동대문구,2007-07,388.60103626943004
서울,서울_동대문구,2007-08,389.173891323069
서울,서울_동대문구,2007-09,400.05687107007145
서울,서울_동대문구,2007-10,391.644908616188
서울,서울_동대문구,2007-11,389.76163070504697
서울,서울_동대문구,2007-12,393.0369927811063
서울,서울_동대문구,2008-01,398.1264637002342
서울,서울_동대문구,2008-02,407.9193514861775
서울,서울_동대문구,2008-03,424.8546088213926
서울,서울_동대문구,2008-04,448.9052535690696
서울,서울_동대문구,2008-05,499.12238873447416
서울,서울_동대문구,2008-06,486.90194303058695
서울,서울_동대문구,2008-07,485.37353018990757
서울,서울_동대문구,2008-08,488.8034759358288
서울,서울_동대문구,2008-09,465.1408359393681
서울,서울_동대문구,2008-10,449.49439105785854
서울,서울_동대문구,2008-11,436.2323953516409
서울,서울_동대문구,2008-12,437.4453193350831
서울,서울_동대문구,2009-01,448.55761213940303
서울,서울_동대문구,2009-02,456.5083281924738
서울,서울_동대문구,2009-03,442.9261397102132
서울,서울_동대문구,2009-04,440.9509202453988
서울,서울_동대문구,2009-05,453.4618203563027
서울,서울_동대문구,2009-06,466.25159663424535
서울,서울_동대문구,2009-07,461.8333914255838
서울,서울_동대문구,2009-08,477.8483767081556
서울,서울_동대문구,2009-09,473.14736308300013
서울,서울_동대문구,2009-10,468.6202396488314
서울,서울_동대문구,2009-11,451.1844823913427
서울,서울_동대문구,2009-12,453.3293320058026
서울,서울_동대문구,2010-01,463.73663101604274
서울,서울_동대문구,2010-02,452.8260565734247
서울,서울_동대문구,2010-03,465.6428308177825
서울,서울_동대문구,2010-04,428.38648934918206
서울,서울_동대문구,2010-05,413.59285687725605
서울,서울_동대문구,2010-06,447.796370492576
서울,서울_동대문구,2010-07,450.2251125562782
서울,서울_동대문구,2010-08,425.0453047581072
서울,서울_동대문구,2010-09,447.32195409064155
서울,서울_동대문구,2010-10,441.74029004834136
서울,서울_동대문구,2010-11,452.6068413264862
서울,서울_동대문구,2010-12,462.24961479198765
서울,서울_동대문구,2011-01,459.75123141043855
서울,서울_동대문구,2011-02,463.10832025117736
서울,서울_동대문구,2011-03,461.74117237780484
서울,서울_동대문구,2011-04,464.64723841464297
서울,서울_동대문구,2011-05,469.50236237122544
서울,서울_동대문구,2011-06,437.6937504452843
서울,서울_동대문구,2011-07,444.31279620853076
서울,서울_동대문구,2011-08,448.55761213940303
서울,서울_동대문구,2011-09,465.2326163081541
서울,서울_동대문구,2011-10,463.79954222382844
서울,서울_동대문구,2011-11,462.26637420246414
서울,서울_동대문구,2011-12,455.9446721176273
서울,서울_동대문구,2012-01,435.70419218087613
서울,서울_동대문구,2012-02,431.579649605289
서울,서울_동대문구,2012-03,436.76100820449466
서울,서울_동대문구,2012-04,484.34741673531835
서울,서울_동대문구,2012-05,460.48757507949597
서울,서울_동대문구,2012-06,433.6059867184034
서울,서울_동대문구,2012-07,415.4344458526968
서울,서울_동대문구,2012-08,411.7648483615392
서울,서울_동대문구,2012-09,418.63765373699147
서울,서울_동대문구,2012-10,439.3159474282568
서울,서울_동대문구,2012-11,431.68330150206305
서울,서울_동대문구,2012-12,442.47787610619474
서울,서울_동대문구,2013-01,401.74878884556307
서울,서울_동대문구,2013-02,409.0928415332924
서울,서울_동대문구,2013-03,428.5236022765316
서울,서울_동대문구,2013-04,443.34101791097714
서울,서울_동대문구,2013-05,430.94523295536646
서울,서울_동대문구,2013-06,417.97717360822344
서울,서울_동대문구,2013-07,430.68957401741585
서울,서울_동대문구,2013-08,434.8553269777555
서울,서울_동대문구,2013-09,434.4325696461901
서울,서울_동대문구,2013-10,441.813950260122
서울,서울_동대문구,2013-11,437.16719035369863
서울,서울_동대문구,2013-12,431.1207471647765
서울,서울_동대문구,2014-01,458.378190330787
서울,서울_동대문구,2014-02,443.1513437526214
서울,서울_동대문구,2014-03,440.3481822836661
서울,서울_동대문구,2014-04,439.60973358907177
서울,서울_동대문구,2014-05,443.7062522244631
서울,서울_동대문구,2014-06,443.20195888800646
서울,서울_동대문구,2014-07,444.15459077846987
서울,서울_동대문구,2014-08,443.10570318447475
서울,서울_동대문구,2014-09,455.74967855656223
서울,서울_동대문구,2014-10,456.57265077116244
서울,서울_동대문구,2014-11,470.3092036547234
서울,서울_동대문구,2014-12,459.4820384294068
서울,서울_동대문구,2015-01,459.08415877876666
서울,서울_동대문구,2015-02,451.1715415292854
서울,서울_동대문구,2015-03,459.2114692447202
서울,서울_동대문구,2015-04,471.98082208496294
서울,서울_동대문구,2015-05,470.6967083576993
서울,서울_동대문구,2015-06,462.12791200943576
서울,서울_동대문구,2015-07,481.60578638879366
서울,서울_동대문구,2015-08,480.00064232895664
서울,서울_동대문구,2015-09,478.0925175168966
서울,서울_동대문구,2015-10,498.5830676585193
서울,서울_동대문구,2015-11,505.13395491561425
서울,서울_동대문구,2015-12,514.5415375030116
서울,서울_동대문구,2016-01,494.61703320789354
서울,서울_동대문구,2016-02,510.204081632653
서울,서울_동대문구,2016-03,500.25012506253125
서울,서울_동대문구,2016-04,537.7614939132491
서울,서울_동대문구,2016-05,529.5784626284095
서울,서울_동대문구,2016-06,518.5372608554089
서울,서울_동대문구,2016-07,520.694259012016
서울,서울_동대문구,2016-08,544.1546389947761
서울,서울_동대문구,2016-09,548.1551337970058
서울,서울_동대문구,2016-10,530.004212317796
서울,서울_동대문구,2016-11,582.1780117825891
서울,서울_동대문구,2016-12,537.7832763834886
서울,서울_동대문구,2017-01,558.0017848808128
서울,서울_동대문구,2017-02,563.0949069239305
서울,서울_동대문구,2017-03,541.4695011417945
서울,서울_동대문구,2017-04,570.601260432635
서울,서울_동대문구,2017-05,589.8034774813033
서울,서울_동대문구,2017-06,587.1212121212121
서울,서울_동대문구,2017-07,588.650812338121
서울,서울_동대문구,2017-08,592.0389167990927
서울,서울_동대문구,2017-09,594.1875514766443
서울,서울_동대문구,2017-10,577.0681645500408
서울,서울_동대문구,2017-11,597.9733710380582
서울,서울_동대문구,2017-12,613.3956165805554
서울,서울_동대문구,2018-01,600.0371823883065
서울,서울_동대문구,2018-02,586.8497425765805
서울,서울_동대문구,2018-03,592.5921582860792
서울,서울_동대문구,2018-04,600.8010680907877
서울,서울_동대문구,2018-05,635.4000818380817
서울,서울_동대문구,2018-06,664.854042438633
서울,서울_동대문구,2018-07,685.0054063123357
서울,서울_동대문구,2018-08,722.1996601087028
서울,서울_동대문구,2018-09,684.6709073636644
서울,서울_동대문구,2018-10,704.1261794113504
서울,서울_동대문구,2018-11,649.9584674026919
서울,서울_동대문구,2018-12,686.8131868131868
서울,서울_동대문구,2019-01,759.3735168485999
서울,서울_동대문구,2019-02,763.3020916643176
서울,서울_동대문구,2019-03,737.516005121639
서울,서울_동대문구,2019-04,793.6507936507937
서울,서울_동대문구,2019-05,774.818401937046
서울,서울_동대문구,2019-06,812.4253285543608
서울,서울_동대문구,2019-07,785.2601459907396
서울,서울_동대문구,2019-08,825.7248684738245
서울,서울_동대문구,2019-09,813.0081300813008
서울,서울_동대문구,2019-10,794.4821874917658
서울,서울_동대문구,2019-11,794.585050029429
서울,서울_동대문구,2019-12,774.6866281582772
서울,서울_동대문구,2020-01,791.1979231054519
서울,서울_동대문구,2020-02,830.4589346754093
서울,서울_동대문구,2020-03,832.8972297693465
서울,서울_동대문구,2020-04,913.1613055260987
서울,서울_동대문구,2020-05,849.4572911750826
서울,서울_동대문구,2020-06,931.3841556292547
서울,서울_동대문구,2020-07,970.9080638327921
서울,서울_동대문구,2020-08,1032.1602963461862
서울,서울_동대문구,2020-09,1062.2945562414816
서울,서울_동대문구,2020-10,1048.6626605396489
서울,서울_동대문구,2020-11,1094.3751470934337
서울,서울_동대문구,2020-12,1135.8468436223843
서울,서울_동대문구,2021-01,1161.9241192411923
서울,서울_동대문구,2021-02,1141.8481459682166
서울,서울_동대문구,2021-03,1084.8126232741618
서울,서울_동대문구,2021-04,1020.0418433684421
서울,서울_동대문구,2021-05,983.74273169574
서울,서울_동대문구,2021-06,1141.4450458931512
서울,서울_동대문구,2021-07,1152.8807564393505
서울,서울_동대문구,2021-08,1224.249558563861
서울,서울_동대문구,2021-09,1298.7012987012988
서울,서울_동대문구,2021-10,1227.079739658152
서울,서울_동대문구,2021-11,1130.4757418747056
서울,서울_동대문구,2021-12,1089.0454836643178
서울,서울_동대문구,2022-01,1120.0853616554714
서울,서울_동대문구,2022-02,1143.2143396379506
서울,서울_동대문구,2022-03,1060.5703511666275
서울,서울_동대문구,2022-04,1106.9859710968776
서울,서울_동대문구,2022-05,1066.4624086731087
서울,서울_동대문구,2022-06,1082.73508297046
서울,서울_동대문구,2022-07,1042.768976464318
서울,서울_동대문구,2022-08,1068.3760683760684
서울,서울_동대문구,2022-09,966.0208795546466
서울,서울_동대문구,2022-10,905.8725531028738
서울,서울_동대문구,2022-11,1001.6497761018147
서울,서울_동대문구,2022-12,1141.4450458931512
서울,서울_동대문구,2023-01,1062.2608668240678
서울,서울_동대문구,2023-02,1052.1816939643809
서울,서울_동대문구,2023-03,1032.7540106951872
서울,서울_동대문구,2023-04,1057.8279266572636
서울,서울_동대문구,2023-05,1076.2331838565024
서울,서울_동대문구,2023-06,1089.3887645742552
서울,서울_동대문구,2023-07,1091.84864144024
서울,서울_동대문구,2023-08,1096.0518562168534
서울,서울_동대문구,2023-09,1120.113152092545
서울,서울_동대문구,2023-10,1058.9481115425344
서울,서울_동대문구,2023-11,1303.2145960034752
서울,서울_동대문구,2023-12,1109.2592592592594
서울,서울_동대문구,2024-01,1066.7349377026796
서울,서울_동대문구,2024-02,1079.0107181871808
서울,서울_동대문구,2024-03,1100.5502751375689
서울,서울_동대문구,2024-04,1103.327157504067
서울,서울_동대문구,2024-05,1105.3540587219345
서울,서울_동대문구,2024-06,1179.3447323480425
서울,서울_동대문구,2024-07,1147.6230191826521
서울,서울_동대문구,2024-08,1129.5826171668682
서울,서울_동대문구,2024-09,1094.2760942760942
서울,서울_동대문구,2024-10,1053.4257523166539
서울,서울_동대문구,2024-11,1196.49477586788
서울,서울_동대문구,2024-12,1076.0716935283094
서울,서울_동대문구,2025-01,1162.7906976744184
서울,서울_동대문구,2025-02,1119.4645523822398
서울,서울_동대문구,2025-03,1175.783855903936
서울,서울_동대문구,2025-04,1389.3713094824593
서울,서울_동대문구,2025-05,1174.856723866024
서울,서울_동대문구,2025-06,1216.940073652494
서울,서울_동대문구,2025-07,1164.1048824593129
서울,서울_동대문구,2025-08,1227.8582930756843
서울,서울_동대문구,2025-09,1320.1727328809377
서울,서울_동대문구,2025-10,1222.9503603492406
서울,서울_동대문구,2025-11,1200.3954243750884
서울,서울_동대문구,2025-12,1287.5392983364777
서울,서울_동작구,2006-01,390.7163132409417
서울,서울_동작구,2006-02,395.66041835701424
서울,서울_동작구,2006-03,408.996727184375
서울,서울_동작구,2006-04,410.31098498285445
서울,서울_동작구,2006-05,420.9530566394703
서울,서울_동작구,2006-06,409.3712766566126
서울,서울_동작구,2006-07,403.4073888135378
서울,서울_동작구,2006-08,434.2162396873643
서울,서울_동작구,2006-09,447.1114248735146
서울,서울_동작구,2006-10,479.60097199130325
서울,서울_동작구,2006-11,469.2027795279972
서울,서울_동작구,2006-12,470.5882352941176
서울,서울_동작구,2007-01,511.3694489653569
서울,서울_동작구,2007-02,492.5400181321289
서울,서울_동작구,2007-03,470.8097928436912
서울,서울_동작구,2007-04,490.82534168994937
서울,서울_동작구,2007-05,494.2339373970346
서울,서울_동작구,2007-06,546.9301340860974
서울,서울_동작구,2007-07,520.2790587678846
서울,서울_동작구,2007-08,533.6812144212524
서울,서울_동작구,2007-09,525.3940455341507
서울,서울_동작구,2007-10,543.8096527448724
서울,서울_동작구,2007-11,542.8428261232671
서울,서울_동작구,2007-12,539.7424671878102
서울,서울_동작구,2008-01,553.0417295123177
서울,서울_동작구,2008-02,549.3404575054266
서울,서울_동작구,2008-03,566.6141973576491
서울,서울_동작구,2008-04,569.2599620493359
서울,서울_동작구,2008-05,571.524064171123
서울,서울_동작구,2008-06,586.5594100888219
서울,서울_동작구,2008-07,596.2384953981592
서울,서울_동작구,2008-08,555.4647880244752
서울,서울_동작구,2008-09,587.5676184115252
서울,서울_동작구,2008-10,567.2113636469778
서울,서울_동작구,2008-11,554.5553301883209
서울,서울_동작구,2008-12,518.2213306586426
서울,서울_동작구,2009-01,526.403743315508
서울,서울_동작구,2009-02,549.6704331450095
서울,서울_동작구,2009-03,548.1870353462893
서울,서울_동작구,2009-04,574.1849998388637
서울,서울_동작구,2009-05,576.0561028552346
서울,서울_동작구,2009-06,583.5095137420719
서울,서울_동작구,2009-07,584.2506315698579
서울,서울_동작구,2009-08,592.2408169560808
서울,서울_동작구,2009-09,592.7867668337324
서울,서울_동작구,2009-10,588.7776059546136
서울,서울_동작구,2009-11,594.3973634651601
서울,서울_동작구,2009-12,576.9457919919081
서울,서울_동작구,2010-01,582.5110102308877
서울,서울_동작구,2010-02,614.4082344823578
서울,서울_동작구,2010-03,587.3732479258751
서울,서울_동작구,2010-04,588.316274122438
서울,서울_동작구,2010-05,554.8898392446629
서울,서울_동작구,2010-06,532.620320855615
서울,서울_동작구,2010-07,542.3004211305762
서울,서울_동작구,2010-08,561.3627564847077
서울,서울_동작구,2010-09,548.8873408125571
서울,서울_동작구,2010-10,573.0200509952547
서울,서울_동작구,2010-11,604.8387096774194
서울,서울_동작구,2010-12,566.7611268544757
서울,서울_동작구,2011-01,583.1295611474486
서울,서울_동작구,2011-02,576.4659973748626
서울,서울_동작구,2011-03,566.4488017429194
서울,서울_동작구,2011-04,591.6666666666666
서울,서울_동작구,2011-05,555.9265442404006
서울,서울_동작구,2011-06,553.0391477469418
서울,서울_동작구,2011-07,556.9029470209614
서울,서울_동작구,2011-08,560.4615869432662
서울,서울_동작구,2011-09,562.6780626780626
서울,서울_동작구,2011-10,565.2886668319048
서울,서울_동작구,2011-11,591.0374029640085
서울,서울_동작구,2011-12,564.1026371025189
서울,서울_동작구,2012-01,570.8568738229756
서울,서울_동작구,2012-02,548.5028507843617
서울,서울_동작구,2012-03,570.809843821719
서울,서울_동작구,2012-04,530.3422940762241
서울,서울_동작구,2012-05,528.3699827096748
서울,서울_동작구,2012-06,528.3630213461182
서울,서울_동작구,2012-07,520.6599025983577
서울,서울_동작구,2012-08,524.6166574706102
서울,서울_동작구,2012-09,525.7614324585271
서울,서울_동작구,2012-10,559.0405686913743
서울,서울_동작구,2012-11,573.9419656834117
서울,서울_동작구,2012-12,638.5444791699181
서울,서울_동작구,2013-01,526.5944928218405
서울,서울_동작구,2013-02,557.1974949554693
서울,서울_동작구,2013-03,561.6704740687597
서울,서울_동작구,2013-04,564.4922515748356
서울,서울_동작구,2013-05,571.487846664525
서울,서울_동작구,2013-06,541.490692022745
서울,서울_동작구,2013-07,547.6369092273068
서울,서울_동작구,2013-08,533.0313325783314
서울,서울_동작구,2013-09,571.6318785578748
서울,서울_동작구,2013-10,553.6651728592457
서울,서울_동작구,2013-11,565.2046099199426
서울,서울_동작구,2013-12,567.027288887578
서울,서울_동작구,2014-01,562.7358648098053
서울,서울_동작구,2014-02,560.7462741553111
서울,서울_동작구,2014-03,567.4729502127801
서울,서울_동작구,2014-04,565.3044399952892
서울,서울_동작구,2014-05,554.2126890523305
서울,서울_동작구,2014-06,559.8910183168999
서울,서울_동작구,2014-07,566.4161383360607
서울,서울_동작구,2014-08,560.822619646149
서울,서울_동작구,2014-09,576.6850983343058
서울,서울_동작구,2014-10,576.955144238786
서울,서울_동작구,2014-11,565.1427825050025
서울,서울_동작구,2014-12,576.1876164156286
서울,서울_동작구,2015-01,580.3418756352223
서울,서울_동작구,2015-02,590.8711457728617
서울,서울_동작구,2015-03,583.6251459062864
서울,서울_동작구,2015-04,584.2579207211674
서울,서울_동작구,2015-05,579.9022450501202
서울,서울_동작구,2015-06,600.6359674949947
서울,서울_동작구,2015-07,611.8489250873356
서울,서울_동작구,2015-08,608.7799997559755
서울,서울_동작구,2015-09,714.6435131073634
서울,서울_동작구,2015-10,640.6876665975244
서울,서울_동작구,2015-11,636.7954196363314
서울,서울_동작구,2015-12,621.0273730798699
서울,서울_동작구,2016-01,643.2456923977337
서울,서울_동작구,2016-02,701.8716577540107
서울,서울_동작구,2016-03,628.7087886469517
서울,서울_동작구,2016-04,640.4375441072689
서울,서울_동작구,2016-05,652.8456191695195
서울,서울_동작구,2016-06,679.6050945622031
서울,서울_동작구,2016-07,689.6079219766918
서울,서울_동작구,2016-08,701.7543859649123
서울,서울_동작구,2016-09,681.2596164785543
서울,서울_동작구,2016-10,699.7153700189754
서울,서울_동작구,2016-11,706.1565078206834
서울,서울_동작구,2016-12,677.288892899769
서울,서울_동작구,2017-01,700.7419620774939
서울,서울_동작구,2017-02,690.8630223163208
서울,서울_동작구,2017-03,703.2732447817838
서울,서울_동작구,2017-04,717.7314978232733
서울,서울_동작구,2017-05,719.0110328833887
서울,서울_동작구,2017-06,711.849957374254
서울,서울_동작구,2017-07,741.5254340018078
서울,서울_동작구,2017-08,765.7754010695187
서울,서울_동작구,2017-09,760.3335622097809
서울,서울_동작구,2017-10,763.2777292782483
서울,서울_동작구,2017-11,783.1821929101402
서울,서울_동작구,2017-12,786.2449215796362
서울,서울_동작구,2018-01,802.8100365353087
서울,서울_동작구,2018-02,826.5152780096844
서울,서울_동작구,2018-03,827.7460475126231
서울,서울_동작구,2018-04,805.5370246831221
서울,서울_동작구,2018-05,815.8455561626303
서울,서울_동작구,2018-06,889.2355561989898
서울,서울_동작구,2018-07,871.6953797061162
서울,서울_동작구,2018-08,907.163053722903
서울,서울_동작구,2018-09,937.0122268470343
서울,서울_동작구,2018-10,942.3960550139933
서울,서울_동작구,2018-11,994.8826778547864
서울,서울_동작구,2018-12,925.925925925926
서울,서울_동작구,2019-01,883.5388994307401
서울,서울_동작구,2019-02,896.0827037173284
서울,서울_동작구,2019-03,873.0699563921542
서울,서울_동작구,2019-04,996.2259390713967
서울,서울_동작구,2019-05,1001.7678255745434
서울,서울_동작구,2019-06,1015.8280179541697
서울,서울_동작구,2019-07,1057.5903898245201
서울,서울_동작구,2019-08,1063.8045540796966
서울,서울_동작구,2019-09,1051.2917111662252
서울,서울_동작구,2019-10,1085.6624033224778
서울,서울_동작구,2019-11,1086.2357637629138
서울,서울_동작구,2019-12,1053.0861306791642
서울,서울_동작구,2020-01,1024.97643732328
서울,서울_동작구,2020-02,1071.1048858861332
서울,서울_동작구,2020-03,1059.292990471348
서울,서울_동작구,2020-04,994.5031712473573
서울,서울_동작구,2020-05,1106.311862252404
서울,서울_동작구,2020-06,1141.7137476459511
서울,서울_동작구,2020-07,1182.2446299589053
서울,서울_동작구,2020-08,1184.3079200592153
서울,서울_동작구,2020-09,1202.7062557062213
서울,서울_동작구,2020-10,1292.084461153815
서울,서울_동작구,2020-11,1354.375220822047
서울,서울_동작구,2020-12,1435.9698681732582
서울,서울_동작구,2021-01,1345.1467482916669
서울,서울_동작구,2021-02,1385.4976089403954
서울,서울_동작구,2021-03,1271.464277956683
서울,서울_동작구,2021-04,1429.2996295010062
서울,서울_동작구,2021-05,1406.0477703259207
서울,서울_동작구,2021-06,1419.268659208549
서울,서울_동작구,2021-07,1468.4979221969206
서울,서울_동작구,2021-08,1518.9963235521745
서울,서울_동작구,2021-09,1484.4486333647503
서울,서울_동작구,2021-10,1446.8690702087288
서울,서울_동작구,2021-11,1537.528153387133
서울,서울_동작구,2021-12,1154.9073068042042
서울,서울_동작구,2022-01,1316.3549130345034
서울,서울_동작구,2022-02,1215.686274509804
서울,서울_동작구,2022-03,1397.4661460450538
서울,서울_동작구,2022-04,1426.4590762807688
서울,서울_동작구,2022-05,1219.079180968162
서울,서울_동작구,2022-06,1575.0589910424683
서울,서울_동작구,2022-07,1103.059581320451
서울,서울_동작구,2022-08,1337.3610796203411
서울,서울_동작구,2022-09,1147.342995169082
서울,서울_동작구,2022-10,1126.2952395254542
서울,서울_동작구,2022-11,1357.3725661450217
서울,서울_동작구,2022-12,1124.2973141786383
서울,서울_동작구,2023-01,1184.823778795444
서울,서울_동작구,2023-02,1328.7270676960302
서울,서울_동작구,2023-03,1320.4078590495192
서울,서울_동작구,2023-04,1371.4274570515577
서울,서울_동작구,2023-05,1358.8844392919038
서울,서울_동작구,2023-06,1316.6666666666667
서울,서울_동작구,2023-07,1347.9818189856564
서울,서울_동작구,2023-08,1391.1905092496588
서울,서울_동작구,2023-09,1295.3801873304997
서울,서울_동작구,2023-10,1256.8210488138625
서울,서울_동작구,2023-11,1203.4337270982642
서울,서울_동작구,2023-12,1322.6717511816032
서울,서울_동작구,2024-01,1350.210970464135
서울,서울_동작구,2024-02,1366.2278943416472
서울,서울_동작구,2024-03,1414.310464718847
서울,서울_동작구,2024-04,1484.3267450197059
서울,서울_동작구,2024-05,1453.652830136018
서울,서울_동작구,2024-06,1530.8603505988885
서울,서울_동작구,2024-07,1506.259803927337
서울,서울_동작구,2024-08,1464.8782209671726
서울,서울_동작구,2024-09,1353.5781544256122
서울,서울_동작구,2024-10,1364.34134244553
서울,서울_동작구,2024-11,1395.0545021080163
서울,서울_동작구,2024-12,1453.8770053475935
서울,서울_동작구,2025-01,1569.5441643012189
서울,서울_동작구,2025-02,1604.2780748663101
서울,서울_동작구,2025-03,1617.9604914174436
서울,서울_동작구,2025-04,1552.6822830951887
서울,서울_동작구,2025-05,1547.3425357725466
서울,서울_동작구,2025-06,1584.5999126837833
서울,서울_동작구,2025-07,1412.2631517006002
서울,서울_동작구,2025-08,1607.9534870040102
서울,서울_동작구,2025-09,1605.3359372495229
서울,서울_동작구,2025-10,1570.776553526317
서울,서울_동작구,2025-11,1518.7190958323522
서울,서울_동작구,2025-12,1643.261574815957
서울,서울_마포구,2006-01,449.19468114416895
서울,서울_마포구,2006-02,403.1094531800996
서울,서울_마포구,2006-03,439.736158305017
서울,서울_마포구,2006-04,443.77711044377713
서울,서울_마포구,2006-05,429.29292929292933
서울,서울_마포구,2006-06,426.0661263673312
서울,서울_마포구,2006-07,417.01417848206836
서울,서울_마포구,2006-08,437.2381493446935
서울,서울_마포구,2006-09,455.72656406156307
서울,서울_마포구,2006-10,471.3804713804714
서울,서울_마포구,2006-11,426.706827309237
서울,서울_마포구,2006-12,438.47629487530827
서울,서울_마포구,2007-01,415.8316633266533
서울,서울_마포구,2007-02,460.326409641767
서울,서울_마포구,2007-03,430.7178631051753
서울,서울_마포구,2007-04,405.60978963288875
서울,서울_마포구,2007-05,444.4820096713384
서울,서울_마포구,2007-06,461.82283704650445
서울,서울_마포구,2007-07,451.774021580766
서울,서울_마포구,2007-08,447.52231096239734
서울,서울_마포구,2007-09,517.5292153589315
서울,서울_마포구,2007-10,501.8400802944128
서울,서울_마포구,2007-11,530.9218203033839
서울,서울_마포구,2007-12,537.9959650302623
서울,서울_마포구,2008-01,531.3815921395629
서울,서울_마포구,2008-02,551.5934640168631
서울,서울_마포구,2008-03,553.1364010827351
서울,서울_마포구,2008-04,568.0868838763575
서울,서울_마포구,2008-05,573.9478485995894
서울,서울_마포구,2008-06,629.7516714254891
서울,서울_마포구,2008-07,600.3561282434667
서울,서울_마포구,2008-08,581.5644082582146
서울,서울_마포구,2008-09,586.5706682222406
서울,서울_마포구,2008-10,583.6251459062864
서울,서울_마포구,2008-11,555.5810287639327
서울,서울_마포구,2008-12,559.6642014791125
서울,서울_마포구,2009-01,566.3509354248658
서울,서울_마포구,2009-02,585.0336243349344
서울,서울_마포구,2009-03,588.117173104373
서울,서울_마포구,2009-04,600.103076528439
서울,서울_마포구,2009-05,589.2255892255893
서울,서울_마포구,2009-06,611.8168987578246
서울,서울_마포구,2009-07,639.720849084036
서울,서울_마포구,2009-08,631.7093311312965
서울,서울_마포구,2009-09,612.8074639525022
서울,서울_마포구,2009-10,618.4291898577612
서울,서울_마포구,2009-11,606.7251461988304
서울,서울_마포구,2009-12,619.6109885702828
서울,서울_마포구,2010-01,623.398212925123
서울,서울_마포구,2010-02,608.1415115345134
서울,서울_마포구,2010-03,597.858067553254
서울,서울_마포구,2010-04,597.9284369114878
서울,서울_마포구,2010-05,641.4436032680538
서울,서울_마포구,2010-06,625.5020587921379
서울,서울_마포구,2010-07,556.8720379146919
서울,서울_마포구,2010-08,653.7102473498232
서울,서울_마포구,2010-09,600.5705420149142
서울,서울_마포구,2010-10,594.465242128904
서울,서울_마포구,2010-11,602.6936026936027
서울,서울_마포구,2010-12,609.3489148580968
서울,서울_마포구,2011-01,633.5620532192125
서울,서울_마포구,2011-02,602.4464564797919
서울,서울_마포구,2011-03,616.5316549078849
서울,서울_마포구,2011-04,612.278945612279
서울,서울_마포구,2011-05,647.0643378561188
서울,서울_마포구,2011-06,600.302269848818
서울,서울_마포구,2011-07,672.5836279985904
서울,서울_마포구,2011-08,630.0126865517868
서울,서울_마포구,2011-09,600.302269848818
서울,서울_마포구,2011-10,612.2689273519369
서울,서울_마포구,2011-11,647.226340935301
서울,서울_마포구,2011-12,619.6282230661603
서울,서울_마포구,2012-01,595.4038997214485
서울,서울_마포구,2012-02,575.5755755755756
서울,서울_마포구,2012-03,599.6402158704777
서울,서울_마포구,2012-04,635.6306477952205
서울,서울_마포구,2012-05,592.6544240400668
서울,서울_마포구,2012-06,594.8664789794211
서울,서울_마포구,2012-07,613.8107416879795
서울,서울_마포구,2012-08,595.8413060691335
서울,서울_마포구,2012-09,686.3048905859891
서울,서울_마포구,2012-10,576.8098881695115
서울,서울_마포구,2012-11,557.2289156626506
서울,서울_마포구,2012-12,572.3905723905724
서울,서울_마포구,2013-01,567.0980837834552
서울,서울_마포구,2013-02,583.5749221369572
서울,서울_마포구,2013-03,567.3400673400673
서울,서울_마포구,2013-04,570.604335395983
서울,서울_마포구,2013-05,594.2417140944091
서울,서울_마포구,2013-06,576.8550194644332
서울,서울_마포구,2013-07,594.9794940037159
서울,서울_마포구,2013-08,587.3933683120963
서울,서울_마포구,2013-09,602.4096385542169
서울,서울_마포구,2013-10,601.5037593984962
서울,서울_마포구,2013-11,583.1179391959485
서울,서울_마포구,2013-12,615.6306216270237
서울,서울_마포구,2014-01,600.4238285848835
서울,서울_마포구,2014-02,614.6020981244039
서울,서울_마포구,2014-03,603.5642232683255
서울,서울_마포구,2014-04,599.5994816821769
서울,서울_마포구,2014-05,592.8045789043335
서울,서울_마포구,2014-06,594.0428380187417
서울,서울_마포구,2014-07,621.3957867482641
서울,서울_마포구,2014-08,622.8956228956229
서울,서울_마포구,2014-09,600.3001500750375
서울,서울_마포구,2014-10,601.5581761675678
서울,서울_마포구,2014-11,606.9983337300642
서울,서울_마포구,2014-12,612.4234470691164
서울,서울_마포구,2015-01,624.6317030053035
서울,서울_마포구,2015-02,648.2791136256483
서울,서울_마포구,2015-03,625.1474491315887
서울,서울_마포구,2015-04,625.4255073746012
서울,서울_마포구,2015-05,634.3041441160819
서울,서울_마포구,2015-06,653.8084341288003
서울,서울_마포구,2015-07,658.3401524750007
서울,서울_마포구,2015-08,641.4138277641691
서울,서울_마포구,2015-09,657.0586788147516
서울,서울_마포구,2015-10,675.9226331594753
서울,서울_마포구,2015-11,694.4908180300501
서울,서울_마포구,2015-12,668.6355874194021
서울,서울_마포구,2016-01,683.3652299474634
서울,서울_마포구,2016-02,621.8891206117484
서울,서울_마포구,2016-03,647.4549265142941
서울,서울_마포구,2016-04,693.0914380271165
서울,서울_마포구,2016-05,696.6584012280081
서울,서울_마포구,2016-06,715.5520566859857
서울,서울_마포구,2016-07,735.3979385324988
서울,서울_마포구,2016-08,757.2852760736197
서울,서울_마포구,2016-09,744.1520901749786
서울,서울_마포구,2016-10,751.9319703054643
서울,서울_마포구,2016-11,768.8205021780859
서울,서울_마포구,2016-12,738.044349452311
서울,서울_마포구,2017-01,765.3249684235219
서울,서울_마포구,2017-02,773.1695553255262
서울,서울_마포구,2017-03,776.2517385257302
서울,서울_마포구,2017-04,792.3737657513818
서울,서울_마포구,2017-05,821.0450817800116
서울,서울_마포구,2017-06,827.1397746343803
서울,서울_마포구,2017-07,834.3386117283717
서울,서울_마포구,2017-08,836.0509708004952
서울,서울_마포구,2017-09,842.8621949781917
서울,서울_마포구,2017-10,850.2114566840363
서울,서울_마포구,2017-11,842.6183844011142
서울,서울_마포구,2017-12,858.3321865969451
서울,서울_마포구,2018-01,886.0951891980901
서울,서울_마포구,2018-02,895.4501452081316
서울,서울_마포구,2018-03,892.2935297211993
서울,서울_마포구,2018-04,910.6684774407727
서울,서울_마포구,2018-05,909.1091064374933
서울,서울_마포구,2018-06,929.9454762747748
서울,서울_마포구,2018-07,1028.888009497428
서울,서울_마포구,2018-08,1056.047197640118
서울,서울_마포구,2018-09,1040.7374368123699
서울,서울_마포구,2018-10,1070.89208574363
서울,서울_마포구,2018-11,939.0285851773808
서울,서울_마포구,2018-12,675.9644365882957
서울,서울_마포구,2019-01,1035.5621454964814
서울,서울_마포구,2019-02,1138.3834109183242
서울,서울_마포구,2019-03,1058.9730314867982
서울,서울_마포구,2019-04,1092.4081071796634
서울,서울_마포구,2019-05,1113.3433785367488
서울,서울_마포구,2019-06,1189.6348645465253
서울,서울_마포구,2019-07,1169.5383894759016
서울,서울_마포구,2019-08,1177.8511821974964
서울,서울_마포구,2019-09,1161.3847685441367
서울,서울_마포구,2019-10,1216.7950870052048
서울,서울_마포구,2019-11,1241.1118254853266
서울,서울_마포구,2019-12,1173.539837112876
서울,서울_마포구,2020-01,1139.512393022127
서울,서울_마포구,2020-02,1172.4271963168053
서울,서울_마포구,2020-03,1162.1203190049262
서울,서울_마포구,2020-04,1110.6822585309242
서울,서울_마포구,2020-05,1193.3762338594986
서울,서울_마포구,2020-06,1317.4289064790382
서울,서울_마포구,2020-07,1301.357938718663
서울,서울_마포구,2020-08,1347.3227838363518
서울,서울_마포구,2020-09,1405.6224899598394
서울,서울_마포구,2020-10,1348.9991296779808
서울,서울_마포구,2020-11,1436.4574582983319
서울,서울_마포구,2020-12,1455.9053748477995
서울,서울_마포구,2021-01,1530.1318267419963
서울,서울_마포구,2021-02,1436.335403726708
서울,서울_마포구,2021-03,1475.2744010385932
서울,서울_마포구,2021-04,1518.2052734940746
서울,서울_마포구,2021-05,1438.817597041551
서울,서울_마포구,2021-06,1532.9586101175269
서울,서울_마포구,2021-07,1543.2264473719943
서울,서울_마포구,2021-08,1669.1997826020192
서울,서울_마포구,2021-09,1857.4793875147232
서울,서울_마포구,2021-10,1651.5994436717663
서울,서울_마포구,2021-11,1686.2235066200908
서울,서울_마포구,2021-12,1570.2640509161993
서울,서울_마포구,2022-01,1706.827309236948
서울,서울_마포구,2022-02,1377.7948293472932
서울,서울_마포구,2022-03,1510.281442663027
서울,서울_마포구,2022-04,1696.9253779619442
서울,서울_마포구,2022-05,1429.193899782135
서울,서울_마포구,2022-06,1437.6515222258902
서울,서울_마포구,2022-07,1649.8054474708172
서울,서울_마포구,2022-08,1639.242836005311
서울,서울_마포구,2022-09,1485.7345803243754
서울,서울_마포구,2022-10,1326.9803145898086
서울,서울_마포구,2022-11,1415.9041974200568
서울,서울_마포구,2022-12,1579.0525684589245
서울,서울_마포구,2023-01,1579.0525684589245
서울,서울_마포구,2023-02,1611.9820236610803
서울,서울_마포구,2023-03,1455.7453416149067
서울,서울_마포구,2023-04,1497.3306639973307
서울,서울_마포구,2023-05,1646.8002247564255
서울,서울_마포구,2023-06,1725.359476855371
서울,서울_마포구,2023-07,1595.0951260691713
서울,서울_마포구,2023-08,1611.9922812632371
서울,서울_마포구,2023-09,1560.477873617502
서울,서울_마포구,2023-10,1402.065975374667
서울,서울_마포구,2023-11,1472.3663731231545
서울,서울_마포구,2023-12,1500.500166722241
서울,서울_마포구,2024-01,1582.5763637219372
서울,서울_마포구,2024-02,1515.8664621918133
서울,서울_마포구,2024-03,1616.7558980996646
서울,서울_마포구,2024-04,1678.9926044373376
서울,서울_마포구,2024-05,1708.5298523908282
서울,서울_마포구,2024-06,1748.661311914324
서울,서울_마포구,2024-07,1748.4548105231897
서울,서울_마포구,2024-08,1680.8751591908376
서울,서울_마포구,2024-09,1566.000153982171
서울,서울_마포구,2024-10,1605.1011433597187
서울,서울_마포구,2024-11,1708.0855569252271
서울,서울_마포구,2024-12,1763.5956116550667
서울,서울_마포구,2025-01,1803.3946251768034
서울,서울_마포구,2025-02,1899.4855559952514
서울,서울_마포구,2025-03,1938.8366979812113
서울,서울_마포구,2025-04,1866.420346430527
서울,서울_마포구,2025-05,1929.165017807677
서울,서울_마포구,2025-06,1950.280385650315
서울,서울_마포구,2025-07,1567.4908316573997
서울,서울_마포구,2025-08,1833.4087822544138
서울,서울_마포구,2025-09,1929.6841907092767
서울,서울_마포구,2025-10,1922.8632184414348
서울,서울_마포구,2025-11,1449.3618814143601
서울,서울_마포구,2025-12,1706.6780178837976
서울,서울_서대문구,2006-01,296.3702963702964
서울,서울_서대문구,2006-02,300.8139672053793
서울,서울_서대문구,2006-03,318.58824679748454
서울,서울_서대문구,2006-04,308.8731713532661
서울,서울_서대문구,2006-05,325.3172782796596
서울,서울_서대문구,2006-06,315.501977773592
서울,서울_서대문구,2006-07,307.8556263269639
서울,서울_서대문구,2006-08,325.37960954446856
서울,서울_서대문구,2006-09,322.85134848945245
서울,서울_서대문구,2006-10,332.22591362126246
서울,서울_서대문구,2006-11,326.3530051672559
서울,서울_서대문구,2006-12,335.17553636931933
서울,서울_서대문구,2007-01,325.2710682663985
서울,서울_서대문구,2007-02,350.1683501683502
서울,서울_서대문구,2007-03,350.35035035035037
서울,서울_서대문구,2007-04,339.6933724143777
서울,서울_서대문구,2007-05,324.43690076556436
서울,서울_서대문구,2007-06,340.800306337354
서울,서울_서대문구,2007-07,387.20538720538724
서울,서울_서대문구,2007-08,379.88302586842735
서울,서울_서대문구,2007-09,383.0272945250079
서울,서울_서대문구,2007-10,400.1667329980583
서울,서울_서대문구,2007-11,407.6568592697625
서울,서울_서대문구,2007-12,422.0834036805673
서울,서울_서대문구,2008-01,408.7206428093308
서울,서울_서대문구,2008-02,435.49905838041434
서울,서울_서대문구,2008-03,435.5503237198352
서울,서울_서대문구,2008-04,450.0
서울,서울_서대문구,2008-05,469.8354300181976
서울,서울_서대문구,2008-06,482.8504828504828
서울,서울_서대문구,2008-07,459.5754885274283
서울,서울_서대문구,2008-08,500.61050061050065
서울,서울_서대문구,2008-09,456.22895622895624
서울,서울_서대문구,2008-10,420.42042042042044
서울,서울_서대문구,2008-11,412.2687492918103
서울,서울_서대문구,2008-12,398.0339888729653
서울,서울_서대문구,2009-01,436.42368483132816
서울,서울_서대문구,2009-02,435.2367688022284
서울,서울_서대문구,2009-03,439.5891364902507
서울,서울_서대문구,2009-04,475.04990019960076
서울,서울_서대문구,2009-05,471.3804713804714
서울,서울_서대문구,2009-06,467.1809588433377
서울,서울_서대문구,2009-07,441.9613075383589
서울,서울_서대문구,2009-08,478.6771105308964
서울,서울_서대문구,2009-09,471.1782846717499
서울,서울_서대문구,2009-10,473.0524829371617
서울,서울_서대문구,2009-11,454.16814893869326
서울,서울_서대문구,2009-12,465.9531278833733
서울,서울_서대문구,2010-01,477.7812421124523
서울,서울_서대문구,2010-02,468.013468013468
서울,서울_서대문구,2010-03,448.8542404913773
서울,서울_서대문구,2010-04,400.72592698028615
서울,서울_서대문구,2010-05,462.04793094386156
서울,서울_서대문구,2010-06,441.2254412254412
서울,서울_서대문구,2010-07,436.1379361379361
서울,서울_서대문구,2010-08,443.11377245508976
서울,서울_서대문구,2010-09,435.9812185806293
서울,서울_서대문구,2010-10,465.31020680453634
서울,서울_서대문구,2010-11,449.5504495504495
서울,서울_서대문구,2010-12,483.3333333333333
서울,서울_서대문구,2011-01,487.47144608189404
서울,서울_서대문구,2011-02,471.3804713804714
서울,서울_서대문구,2011-03,475.1691607361711
서울,서울_서대문구,2011-04,454.73211244118727
서울,서울_서대문구,2011-05,467.1137780915402
서울,서울_서대문구,2011-06,439.2832289491997
서울,서울_서대문구,2011-07,452.4195264987966
서울,서울_서대문구,2011-08,476.3805721889554
서울,서울_서대문구,2011-09,468.2757397294797
서울,서울_서대문구,2011-10,462.8975265017668
서울,서울_서대문구,2011-11,439.4261082159171
서울,서울_서대문구,2011-12,448.7632508833922
서울,서울_서대문구,2012-01,447.1734328422226
서울,서울_서대문구,2012-02,468.1494661125849
서울,서울_서대문구,2012-03,431.21435526498817
서울,서울_서대문구,2012-04,450.4504504504505
서울,서울_서대문구,2012-05,461.8117229129662
서울,서울_서대문구,2012-06,446.9646430953969
서울,서울_서대문구,2012-07,424.6284501061571
서울,서울_서대문구,2012-08,420.1582642224996
서울,서울_서대문구,2012-09,436.42368483132816
서울,서울_서대문구,2012-10,450.78071961982346
서울,서울_서대문구,2012-11,426.24601443195166
서울,서울_서대문구,2012-12,442.93219535694965
서울,서울_서대문구,2013-01,429.2929292929293
서울,서울_서대문구,2013-02,443.6290860573716
서울,서울_서대문구,2013-03,435.0736278447122
서울,서울_서대문구,2013-04,421.2812187059202
서울,서울_서대문구,2013-05,492.1962439794379
서울,서울_서대문구,2013-06,430.5514612441035
서울,서울_서대문구,2013-07,419.1919191919192
서울,서울_서대문구,2013-08,445.51475015051176
서울,서울_서대문구,2013-09,448.6029223276083
서울,서울_서대문구,2013-10,451.01591903943995
서울,서울_서대문구,2013-11,436.1194543382386
서울,서울_서대문구,2013-12,441.9534571164598
서울,서울_서대문구,2014-01,455.8500759750127
서울,서울_서대문구,2014-02,441.62992131331737
서울,서울_서대문구,2014-03,441.0538602634651
서울,서울_서대문구,2014-04,447.09932546830714
서울,서울_서대문구,2014-05,454.1662874996208
서울,서울_서대문구,2014-06,451.1784511784512
서울,서울_서대문구,2014-07,462.65060240963857
서울,서울_서대문구,2014-08,456.7419144291148
서울,서울_서대문구,2014-09,460.6365159128978
서울,서울_서대문구,2014-10,476.8480162017859
서울,서울_서대문구,2014-11,481.24557678697806
서울,서울_서대문구,2014-12,465.91177164425574
서울,서울_서대문구,2015-01,471.3804713804714
서울,서울_서대문구,2015-02,469.68805179517364
서울,서울_서대문구,2015-03,474.74747474747477
서울,서울_서대문구,2015-04,478.2545652548796
서울,서울_서대문구,2015-05,464.95973152755124
서울,서울_서대문구,2015-06,488.2154882154882
서울,서울_서대문구,2015-07,495.8775029446407
서울,서울_서대문구,2015-08,490.2674996701494
서울,서울_서대문구,2015-09,478.43435788547526
서울,서울_서대문구,2015-10,501.2511475484386
서울,서울_서대문구,2015-11,503.10033542055214
서울,서울_서대문구,2015-12,502.50058976173625
서울,서울_서대문구,2016-01,498.4909148998362
서울,서울_서대문구,2016-02,541.813898704358
서울,서울_서대문구,2016-03,532.6078579353689
서울,서울_서대문구,2016-04,507.8255078255078
서울,서울_서대문구,2016-05,513.4680134680135
서울,서울_서대문구,2016-06,541.6544478807252
서울,서울_서대문구,2016-07,541.813898704358
서울,서울_서대문구,2016-08,545.8172628416652
서울,서울_서대문구,2016-09,574.5908395148946
서울,서울_서대문구,2016-10,582.8947260042667
서울,서울_서대문구,2016-11,558.9550482466462
서울,서울_서대문구,2016-12,557.223890557224
서울,서울_서대문구,2017-01,591.0755910755911
서울,서울_서대문구,2017-02,562.2384937238494
서울,서울_서대문구,2017-03,565.9336198690941
서울,서울_서대문구,2017-04,612.9434165342157
서울,서울_서대문구,2017-05,622.4514272007676
서울,서울_서대문구,2017-06,639.7306397306397
서울,서울_서대문구,2017-07,632.996632996633
서울,서울_서대문구,2017-08,659.9433828733191
서울,서울_서대문구,2017-09,679.6978594229463
서울,서울_서대문구,2017-10,683.5636237252459
서울,서울_서대문구,2017-11,674.1699491157192
서울,서울_서대문구,2017-12,706.4641469445426
서울,서울_서대문구,2018-01,708.9051025782134
서울,서울_서대문구,2018-02,682.8097641201739
서울,서울_서대문구,2018-03,625.1843135873285
서울,서울_서대문구,2018-04,654.6355272469922
서울,서울_서대문구,2018-05,640.4812455767869
서울,서울_서대문구,2018-06,709.1189375074114
서울,서울_서대문구,2018-07,683.6401344740117
서울,서울_서대문구,2018-08,720.4323977521738
서울,서울_서대문구,2018-09,706.4641469445426
서울,서울_서대문구,2018-10,686.2602950339119
서울,서울_서대문구,2018-11,685.5791962174941
서울,서울_서대문구,2018-12,707.79756989501
서울,서울_서대문구,2019-01,692.7595140012353
서울,서울_서대문구,2019-02,745.0980392156863
서울,서울_서대문구,2019-03,739.9065732399066
서울,서울_서대문구,2019-04,786.1952861952863
서울,서울_서대문구,2019-05,822.0097299110887
서울,서울_서대문구,2019-06,876.2322015334063
서울,서울_서대문구,2019-07,953.1925565406076
서울,서울_서대문구,2019-08,883.4341278311396
서울,서울_서대문구,2019-09,915.5247552713703
서울,서울_서대문구,2019-10,902.4502096436058
서울,서울_서대문구,2019-11,907.4259074259074
서울,서울_서대문구,2019-12,967.1502417875605
서울,서울_서대문구,2020-01,875.4208754208754
서울,서울_서대문구,2020-02,849.6667262377665
서울,서울_서대문구,2020-03,825.2784295562742
서울,서울_서대문구,2020-04,798.1553742461866
서울,서울_서대문구,2020-05,867.244829886591
서울,서울_서대문구,2020-06,960.8694776063354
서울,서울_서대문구,2020-07,1017.1752542938136
서울,서울_서대문구,2020-08,1003.4708285127382
서울,서울_서대문구,2020-09,1039.0260173448967
서울,서울_서대문구,2020-10,1051.051051051051
서울,서울_서대문구,2020-11,1215.7487465586057
서울,서울_서대문구,2020-12,1246.6775633757547
서울,서울_서대문구,2021-01,1282.4273115612511
서울,서울_서대문구,2021-02,1157.9047546099275
서울,서울_서대문구,2021-03,1101.2037075276967
서울,서울_서대문구,2021-04,1106.434168028371
서울,서울_서대문구,2021-05,1127.3659341962436
서울,서울_서대문구,2021-06,1179.523472517103
서울,서울_서대문구,2021-07,1284.18945963976
서울,서울_서대문구,2021-08,1357.1270487081692
서울,서울_서대문구,2021-09,1412.159487567023
서울,서울_서대문구,2021-10,1310.736349974954
서울,서울_서대문구,2021-11,1152.8910961333806
서울,서울_서대문구,2021-12,1103.425559947299
서울,서울_서대문구,2022-01,1104.4361999654097
서울,서울_서대문구,2022-02,1152.832674571805
서울,서울_서대문구,2022-03,1267.9877329558858
서울,서울_서대문구,2022-04,1150.5885169252033
서울,서울_서대문구,2022-05,1201.2200096254192
서울,서울_서대문구,2022-06,1239.6694214876031
서울,서울_서대문구,2022-07,1130.610867364158
서울,서울_서대문구,2022-08,1219.8641288600516
서울,서울_서대문구,2022-09,1378.5399684044937
서울,서울_서대문구,2022-10,1071.6905023835716
서울,서울_서대문구,2022-11,1051.1701705672351
서울,서울_서대문구,2022-12,1001.485782005627
서울,서울_서대문구,2023-01,1061.317000057783
서울,서울_서대문구,2023-02,1092.896174863388
서울,서울_서대문구,2023-03,1077.414205905826
서울,서울_서대문구,2023-04,1115.628245022343
서울,서울_서대문구,2023-05,1143.3613235746834
서울,서울_서대문구,2023-06,1164.6059883994235
서울,서울_서대문구,2023-07,1233.7051962337482
서울,서울_서대문구,2023-08,1203.1104561747743
서울,서울_서대문구,2023-09,1171.7748632092212
서울,서울_서대문구,2023-10,1121.2852269269315
서울,서울_서대문구,2023-11,1072.5941957687778
서울,서울_서대문구,2023-12,1118.8625739818249
서울,서울_서대문구,2024-01,1146.9333684091848
서울,서울_서대문구,2024-02,1178.9073129329931
서울,서울_서대문구,2024-03,1224.249558563861
서울,서울_서대문구,2024-04,1200.8420273169563
서울,서울_서대문구,2024-05,1205.4077254436124
서울,서울_서대문구,2024-06,1288.6901259267977
서울,서울_서대문구,2024-07,1337.4621033304907
서울,서울_서대문구,2024-08,1252.5837122778007
서울,서울_서대문구,2024-09,1166.3607542132488
서울,서울_서대문구,2024-10,1216.9768267329243
서울,서울_서대문구,2024-11,1210.1743318373585
서울,서울_서대문구,2024-12,1492.6617745163442
서울,서울_서대문구,2025-01,1312.0734290421276
서울,서울_서대문구,2025-02,1340.033500837521
서울,서울_서대문구,2025-03,1356.757696990781
서울,서울_서대문구,2025-04,1245.0942546483948
서울,서울_서대문구,2025-05,1397.782381468054
서울,서울_서대문구,2025-06,1412.62891491592
서울,서울_서대문구,2025-07,1375.121156048991
서울,서울_서대문구,2025-08,1324.2166303788995
서울,서울_서대문구,2025-09,1500.8814909514977
서울,서울_서대문구,2025-10,1508.1889949334275
서울,서울_서대문구,2025-11,1220.309435606886
서울,서울_서대문구,2025-12,1286.0591362969503
서울,서울_서초구,2006-01,666.8889629876626
서울,서울_서초구,2006-02,623.2132647226987
서울,서울_서초구,2006-03,716.887699555602
서울,서울_서초구,2006-04,658.6359346444272
서울,서울_서초구,2006-05,667.4856674856675
서울,서울_서초구,2006-06,633.5606442982114
서울,서울_서초구,2006-07,584.6871371101086
서울,서울_서초구,2006-08,690.7545164718385
서울,서울_서초구,2006-09,723.3502149764915
서울,서울_서초구,2006-10,802.7210884353741
서울,서울_서초구,2006-11,668.8246510288789
서울,서울_서초구,2006-12,666.9499984285642
서울,서울_서초구,2007-01,540.7447382622773
서울,서울_서초구,2007-02,612.3861760477129
서울,서울_서초구,2007-03,511.8119030346215
서울,서울_서초구,2007-04,477.53185781354796
서울,서울_서초구,2007-05,498.6224407109286
서울,서울_서초구,2007-06,551.605785731797
서울,서울_서초구,2007-07,557.9391891891892
서울,서울_서초구,2007-08,525.3472092064326
서울,서울_서초구,2007-09,540.7102490755599
서울,서울_서초구,2007-10,540.5405405405405
서울,서울_서초구,2007-11,634.0327852201068
서울,서울_서초구,2007-12,619.92685755062
서울,서울_서초구,2008-01,625.0144958460703
서울,서울_서초구,2008-02,540.0033764599352
서울,서울_서초구,2008-03,566.4701935004082
서울,서울_서초구,2008-04,571.3919910130179
서울,서울_서초구,2008-05,614.323987645262
서울,서울_서초구,2008-06,616.7344652062995
서울,서울_서초구,2008-07,740.1602229188436
서울,서울_서초구,2008-08,823.9171374764595
서울,서울_서초구,2008-09,775.1937984496125
서울,서울_서초구,2008-10,678.063027029179
서울,서울_서초구,2008-11,744.4823421413632
서울,서울_서초구,2008-12,694.4444444444445
서울,서울_서초구,2009-01,737.1007371007371
서울,서울_서초구,2009-02,781.7308876031022
서울,서울_서초구,2009-03,801.3198208814518
서울,서울_서초구,2009-04,846.0114720943734
서울,서울_서초구,2009-05,947.4930911962101
서울,서울_서초구,2009-06,842.2565123087886
서울,서울_서초구,2009-07,846.7703913248467
서울,서울_서초구,2009-08,905.0590170200423
서울,서울_서초구,2009-09,881.2203637917462
서울,서울_서초구,2009-10,834.294798769047
서울,서울_서초구,2009-11,811.2878606578022
서울,서울_서초구,2009-12,857.839645675444
서울,서울_서초구,2010-01,922.1513357011144
서울,서울_서초구,2010-02,919.9742087877921
서울,서울_서초구,2010-03,839.483108909142
서울,서울_서초구,2010-04,829.0816326530612
서울,서울_서초구,2010-05,794.2543303760034
서울,서울_서초구,2010-06,790.9281494187155
서울,서울_서초구,2010-07,880.4143126177025
서울,서울_서초구,2010-08,827.9730775471658
서울,서울_서초구,2010-09,854.8628428927681
서울,서울_서초구,2010-10,845.7135043265566
서울,서울_서초구,2010-11,874.0613073987442
서울,서울_서초구,2010-12,882.768361581921
서울,서울_서초구,2011-01,885.3863283212304
서울,서울_서초구,2011-02,880.5956393231761
서울,서울_서초구,2011-03,792.580322343013
서울,서울_서초구,2011-04,790.1682629942552
서울,서울_서초구,2011-05,829.8058187193442
서울,서울_서초구,2011-06,804.2388116188854
서울,서울_서초구,2011-07,895.0763717006134
서울,서울_서초구,2011-08,820.0169007245545
서울,서울_서초구,2011-09,862.9746360498275
서울,서울_서초구,2011-10,799.1757120331865
서울,서울_서초구,2011-11,779.4612794612794
서울,서울_서초구,2011-12,793.839848151425
서울,서울_서초구,2012-01,810.8108108108107
서울,서울_서초구,2012-02,786.5648618482836
서울,서울_서초구,2012-03,785.5343115458722
서울,서울_서초구,2012-04,811.8041292833207
서울,서울_서초구,2012-05,782.5392136966465
서울,서울_서초구,2012-06,762.5305052371508
서울,서울_서초구,2012-07,773.259066002033
서울,서울_서초구,2012-08,803.3051602381896
서울,서울_서초구,2012-09,772.9249663236938
서울,서울_서초구,2012-10,819.6142160672649
서울,서울_서초구,2012-11,806.202307905854
서울,서울_서초구,2012-12,789.9393326592517
서울,서울_서초구,2013-01,814.581686596712
서울,서울_서초구,2013-02,709.6417115582362
서울,서울_서초구,2013-03,819.0356960338902
서울,서울_서초구,2013-04,791.9662116061199
서울,서울_서초구,2013-05,800.4574042309891
서울,서울_서초구,2013-06,718.1539910525076
서울,서울_서초구,2013-07,735.2941176470589
서울,서울_서초구,2013-08,785.1287380210138
서울,서울_서초구,2013-09,779.3127878143819
서울,서울_서초구,2013-10,773.8327480816752
서울,서울_서초구,2013-11,800.4170260326321
서울,서울_서초구,2013-12,814.4209570743094
서울,서울_서초구,2014-01,828.8476550248063
서울,서울_서초구,2014-02,831.8065045032806
서울,서울_서초구,2014-03,817.2169811320755
서울,서울_서초구,2014-04,824.4748915684945
서울,서울_서초구,2014-05,813.2960220466691
서울,서울_서초구,2014-06,878.4769771312518
서울,서울_서초구,2014-07,853.8469979152486
서울,서울_서초구,2014-08,854.6030404579271
서울,서울_서초구,2014-09,881.5234690221339
서울,서울_서초구,2014-10,836.8764057488713
서울,서울_서초구,2014-11,806.9542763011442
서울,서울_서초구,2014-12,864.336715520481
서울,서울_서초구,2015-01,896.7871013298811
서울,서울_서초구,2015-02,885.1637161209463
서울,서울_서초구,2015-03,918.5146306259022
서울,서울_서초구,2015-04,913.9062966278723
서울,서울_서초구,2015-05,882.4567596187787
서울,서울_서초구,2015-06,890.2421527469628
서울,서울_서초구,2015-07,892.7099281592275
서울,서울_서초구,2015-08,917.9274903508593
서울,서울_서초구,2015-09,967.0718144532485
서울,서울_서초구,2015-10,960.6341528953378
서울,서울_서초구,2015-11,996.1899101347785
서울,서울_서초구,2015-12,909.4710432782773
서울,서울_서초구,2016-01,905.4960872084018
서울,서울_서초구,2016-02,952.2999192499722
서울,서울_서초구,2016-03,1007.7522613420437
서울,서울_서초구,2016-04,1059.1973637754502
서울,서울_서초구,2016-05,1058.8627647156911
서울,서울_서초구,2016-06,1051.1251480457956
서울,서울_서초구,2016-07,1005.7776205636128
서울,서울_서초구,2016-08,1034.3026867284352
서울,서울_서초구,2016-09,1054.3755488170395
서울,서울_서초구,2016-10,1008.3036773428233
서울,서울_서초구,2016-11,955.5189456342669
서울,서울_서초구,2016-12,955.1040272539238
서울,서울_서초구,2017-01,966.98338195819
서울,서울_서초구,2017-02,1032.921005504269
서울,서울_서초구,2017-03,1101.6511613376347
서울,서울_서초구,2017-04,1105.8163142568878
서울,서울_서초구,2017-05,1171.4589989350372
서울,서울_서초구,2017-06,1120.0188634755955
서울,서울_서초구,2017-07,1174.7566944725254
서울,서울_서초구,2017-08,1040.4518100173132
서울,서울_서초구,2017-09,1111.111111111111
서울,서울_서초구,2017-10,1177.2632236341915
서울,서울_서초구,2017-11,1253.1440891124687
서울,서울_서초구,2017-12,1128.9267363918211
서울,서울_서초구,2018-01,1174.077112531946
서울,서울_서초구,2018-02,1133.5891175444715
서울,서울_서초구,2018-03,1124.9302397875438
서울,서울_서초구,2018-04,1184.4471848427108
서울,서울_서초구,2018-05,1177.717583323519
서울,서울_서초구,2018-06,1235.8075229782962
서울,서울_서초구,2018-07,1484.0753710188428
서울,서울_서초구,2018-08,1508.3125785546008
서울,서울_서초구,2018-09,1355.4926921263555
서울,서울_서초구,2018-10,1225.0398137939483
서울,서울_서초구,2018-11,1219.7410395946706
서울,서울_서초구,2018-12,1148.828536253564
서울,서울_서초구,2019-01,1183.774342928297
서울,서울_서초구,2019-02,1391.8216560509554
서울,서울_서초구,2019-03,1539.2043864117377
서울,서울_서초구,2019-04,1479.3060931032628
서울,서울_서초구,2019-05,1692.9188415169292
서울,서울_서초구,2019-06,1742.8167687235043
서울,서울_서초구,2019-07,1588.8895482553164
서울,서울_서초구,2019-08,1573.6230798051706
서울,서울_서초구,2019-09,1710.3090351497995
서울,서울_서초구,2019-10,1611.935381393324
서울,서울_서초구,2019-11,1548.6986220704275
서울,서울_서초구,2019-12,1530.4921120791148
서울,서울_서초구,2020-01,1255.3109308613364
서울,서울_서초구,2020-02,1401.319374165133
서울,서울_서초구,2020-03,1508.5326881247152
서울,서울_서초구,2020-04,1818.181818181818
서울,서울_서초구,2020-05,1799.3470940544432
서울,서울_서초구,2020-06,1764.2390574446003
서울,서울_서초구,2020-07,1687.2593123629244
서울,서울_서초구,2020-08,1736.714136853074
서울,서울_서초구,2020-09,1754.3859649122805
서울,서울_서초구,2020-10,1824.6027074749852
서울,서울_서초구,2020-11,2056.9223159419357
서울,서울_서초구,2020-12,2034.8613990631961
서울,서울_서초구,2021-01,2098.341544803941
서울,서울_서초구,2021-02,1984.00586044808
서울,서울_서초구,2021-03,1905.8509624547362
서울,서울_서초구,2021-04,2065.2703360935216
서울,서울_서초구,2021-05,1987.9872806501003
서울,서울_서초구,2021-06,2069.080594026364
서울,서울_서초구,2021-07,2154.4087665257366
서울,서울_서초구,2021-08,2000.235321802565
서울,서울_서초구,2021-09,2217.4168089037703
서울,서울_서초구,2021-10,2212.0179047279353
서울,서울_서초구,2021-11,2000.8003201280512
서울,서울_서초구,2021-12,1814.2851795107576
서울,서울_서초구,2022-01,1753.3619855466754
서울,서울_서초구,2022-02,1620.7455429497568
서울,서울_서초구,2022-03,1906.7145053818554
서울,서울_서초구,2022-04,2587.064676616915
서울,서울_서초구,2022-05,2249.5944385635103
서울,서울_서초구,2022-06,2294.3875750088246
서울,서울_서초구,2022-07,1843.7333551849879
서울,서울_서초구,2022-08,1319.3360760391545
서울,서울_서초구,2022-09,1904.41086128517
서울,서울_서초구,2022-10,1384.3868179362505
서울,서울_서초구,2022-11,1710.510793912941
서울,서울_서초구,2022-12,2119.138995494744
서울,서울_서초구,2023-01,2265.1524503147757
서울,서울_서초구,2023-02,2475.8499690701037
서울,서울_서초구,2023-03,2167.7613433532842
서울,서울_서초구,2023-04,2256.5593207373977
서울,서울_서초구,2023-05,2489.7196261682243
서울,서울_서초구,2023-06,2342.2823666391473
서울,서울_서초구,2023-07,2203.3723057345105
서울,서울_서초구,2023-08,2465.4903667403523
서울,서울_서초구,2023-09,2657.714365645545
서울,서울_서초구,2023-10,2088.8943694948866
서울,서울_서초구,2023-11,2161.8693179262573
서울,서울_서초구,2023-12,2211.2263478742775
서울,서울_서초구,2024-01,2389.64096527369
서울,서울_서초구,2024-02,2247.72270199929
서울,서울_서초구,2024-03,2565.5061180689736
서울,서울_서초구,2024-04,2578.0076756215585
서울,서울_서초구,2024-05,2790.315843371871
서울,서울_서초구,2024-06,2942.56120527307
서울,서울_서초구,2024-07,2708.6068928157147
서울,서울_서초구,2024-08,2536.4057085033883
서울,서울_서초구,2024-09,2504.65149563475
서울,서울_서초구,2024-10,2437.822675643655
서울,서울_서초구,2024-11,2242.1524663677133
서울,서울_서초구,2024-12,2750.006638346382
서울,서울_서초구,2025-01,2825.2715193126005
서울,서울_서초구,2025-02,3280.582354222491
서울,서울_서초구,2025-03,2649.60599450651
서울,서울_서초구,2025-04,2154.9641142096457
서울,서울_서초구,2025-05,2650.0179662235
서울,서울_서초구,2025-06,2605.536898053042
서울,서울_서초구,2025-07,2294.07029782667
서울,서울_서초구,2025-08,1927.0113731260242
서울,서울_서초구,2025-09,2184.1794569067297
서울,서울_서초구,2025-10,2340.970113255653
서울,서울_서초구,2025-11,2234.4505586126397
서울,서울_서초구,2025-12,1956.0166968692838
서울,서울_성동구,2006-01,401.49599399666374
서울,서울_성동구,2006-02,406.77387374304084
서울,서울_성동구,2006-03,430.0695180864852
서울,서울_성동구,2006-04,435.87987693883616
서울,서울_성동구,2006-05,436.6064549268042
서울,서울_성동구,2006-06,462.2233369192928
서울,서울_성동구,2006-07,448.1506100051322
서울,서울_성동구,2006-08,461.6327976382171
서울,서울_성동구,2006-09,450.38705137227305
서울,서울_성동구,2006-10,490.8526431864773
서울,서울_성동구,2006-11,498.6382607911254
서울,서울_성동구,2006-12,523.4648117874322
서울,서울_성동구,2007-01,513.7701009094856
서울,서울_성동구,2007-02,520.1484443686577
서울,서울_성동구,2007-03,527.0081807269454
서울,서울_성동구,2007-04,522.0632037943165
서울,서울_성동구,2007-05,517.8298222902201
서울,서울_성동구,2007-06,541.9376354844089
서울,서울_성동구,2007-07,510.1769920462909
서울,서울_성동구,2007-08,541.8472824274759
서울,서울_성동구,2007-09,515.6642107061762
서울,서울_성동구,2007-10,545.7666778244597
서울,서울_성동구,2007-11,552.3325730823963
서울,서울_성동구,2007-12,550.5505505505506
서울,서울_성동구,2008-01,553.5171159550209
서울,서울_성동구,2008-02,550.3669112741828
서울,서울_성동구,2008-03,558.2422771314499
서울,서울_성동구,2008-04,578.7538603793591
서울,서울_성동구,2008-05,608.7391594396264
서울,서울_성동구,2008-06,615.5692729766804
서울,서울_성동구,2008-07,632.0880587058039
서울,서울_성동구,2008-08,635.0954478707782
서울,서울_성동구,2008-09,592.141396199813
서울,서울_성동구,2008-10,594.2788190346957
서울,서울_성동구,2008-11,617.5930562510433
서울,서울_성동구,2008-12,519.1780773850223
서울,서울_성동구,2009-01,575.354918781178
서울,서울_성동구,2009-02,569.9173789941303
서울,서울_성동구,2009-03,582.278161780825
서울,서울_성동구,2009-04,586.7637882003253
서울,서울_성동구,2009-05,576.175326970661
서울,서울_성동구,2009-06,592.0613742494996
서울,서울_성동구,2009-07,600.400266844563
서울,서울_성동구,2009-08,597.7625647019536
서울,서울_성동구,2009-09,602.9018805596934
서울,서울_성동구,2009-10,592.1820356783759
서울,서울_성동구,2009-11,586.375079253151
서울,서울_성동구,2009-12,599.0775716575826
서울,서울_성동구,2010-01,592.0613742494996
서울,서울_성동구,2010-02,581.083292533038
서울,서울_성동구,2010-03,580.2417896769452
서울,서울_성동구,2010-04,567.3286921386656
서울,서울_성동구,2010-05,574.9562080956744
서울,서울_성동구,2010-06,588.1498316236257
서울,서울_성동구,2010-07,597.092419522326
서울,서울_성동구,2010-08,580.2822797610785
서울,서울_성동구,2010-09,549.9587169260778
서울,서울_성동구,2010-10,583.7224816544363
서울,서울_성동구,2010-11,589.0801829943986
서울,서울_성동구,2010-12,589.066918001885
서울,서울_성동구,2011-01,592.298105805833
서울,서울_성동구,2011-02,590.2490851139181
서울,서울_성동구,2011-03,600.640683395622
서울,서울_성동구,2011-04,576.492858372053
서울,서울_성동구,2011-05,571.0585187801719
서울,서울_성동구,2011-06,577.0136599152144
서울,서울_성동구,2011-07,591.9039774064486
서울,서울_성동구,2011-08,594.9904078939435
서울,서울_성동구,2011-09,583.7224816544363
서울,서울_성동구,2011-10,588.3046451308654
서울,서울_성동구,2011-11,564.150467000208
서울,서울_성동구,2011-12,575.0176928520877
서울,서울_성동구,2012-01,570.9025522640809
서울,서울_성동구,2012-02,569.4011768778124
서울,서울_성동구,2012-03,545.6869719057444
서울,서울_성동구,2012-04,539.5832592961133
서울,서울_성동구,2012-05,582.9564597657434
서울,서울_성동구,2012-06,515.4294129459804
서울,서울_성동구,2012-07,546.9401367350342
서울,서울_성동구,2012-08,532.5542570951586
서울,서울_성동구,2012-09,532.3766502200101
서울,서울_성동구,2012-10,539.7959032320266
서울,서울_성동구,2012-11,567.0446964643095
서울,서울_성동구,2012-12,562.9838142153413
서울,서울_성동구,2013-01,547.0313542361574
서울,서울_성동구,2013-02,539.3529384304031
서울,서울_성동구,2013-03,553.4845478700533
서울,서울_성동구,2013-04,547.5792988313857
서울,서울_성동구,2013-05,565.3769179452969
서울,서울_성동구,2013-06,526.666107724455
서울,서울_성동구,2013-07,536.256135653726
서울,서울_성동구,2013-08,562.8976994615762
서울,서울_성동구,2013-09,569.6232246573325
서울,서울_성동구,2013-10,583.5451678898521
서울,서울_성동구,2013-11,583.3120180292906
서울,서울_성동구,2013-12,591.3460237061404
서울,서울_성동구,2014-01,575.3224399330362
서울,서울_성동구,2014-02,587.4570973452612
서울,서울_성동구,2014-03,579.5610425240055
서울,서울_성동구,2014-04,550.2751375687844
서울,서울_성동구,2014-05,564.2781253689058
서울,서울_성동구,2014-06,554.6377153646448
서울,서울_성동구,2014-07,583.2449628844114
서울,서울_성동구,2014-08,608.7262491203378
서울,서울_성동구,2014-09,598.1133323826446
서울,서울_성동구,2014-10,594.7695268083618
서울,서울_성동구,2014-11,570.2398433675967
서울,서울_성동구,2014-12,600.8465912059809
서울,서울_성동구,2015-01,600.9190526687876
서울,서울_성동구,2015-02,582.6271186440679
서울,서울_성동구,2015-03,615.7613924604216
서울,서울_성동구,2015-04,651.5043828476664
서울,서울_성동구,2015-05,625.9400428648372
서울,서울_성동구,2015-06,612.7017791917049
서울,서울_성동구,2015-07,622.8688018847911
서울,서울_성동구,2015-08,638.6237775421232
서울,서울_성동구,2015-09,636.2672322375397
서울,서울_성동구,2015-10,646.6836945137982
서울,서울_성동구,2015-11,679.975590619824
서울,서울_성동구,2015-12,675.890896813826
서울,서울_성동구,2016-01,648.0658906273459
서울,서울_성동구,2016-02,658.936982715411
서울,서울_성동구,2016-03,672.8839570298667
서울,서울_성동구,2016-04,672.002668000667
서울,서울_성동구,2016-05,686.5976145637163
서울,서울_성동구,2016-06,681.0945186230437
서울,서울_성동구,2016-07,681.0694048025084
서울,서울_성동구,2016-08,717.8193354640407
서울,서울_성동구,2016-09,707.3303012451092
서울,서울_성동구,2016-10,761.6401609503737
서울,서울_성동구,2016-11,707.9923120033827
서울,서울_성동구,2016-12,668.6286050618011
서울,서울_성동구,2017-01,737.3113854595337
서울,서울_성동구,2017-02,707.5957774873052
서울,서울_성동구,2017-03,758.0146380856286
서울,서울_성동구,2017-04,792.4662402274342
서울,서울_성동구,2017-05,810.5403602401601
서울,서울_성동구,2017-06,766.9371666480886
서울,서울_성동구,2017-07,784.4966212867976
서울,서울_성동구,2017-08,754.428109733537
서울,서울_성동구,2017-09,858.2693774430655
서울,서울_성동구,2017-10,847.5075773641837
서울,서울_성동구,2017-11,874.9417181846613
서울,서울_성동구,2017-12,893.9292861907938
서울,서울_성동구,2018-01,942.0633272451992
서울,서울_성동구,2018-02,924.8366013071895
서울,서울_성동구,2018-03,902.7237354085604
서울,서울_성동구,2018-04,929.84934086629
서울,서울_성동구,2018-05,944.398536182269
서울,서울_성동구,2018-06,960.9220528513061
서울,서울_성동구,2018-07,1016.097286793658
서울,서울_성동구,2018-08,1067.8056593699946
서울,서울_성동구,2018-09,1114.3738070767877
서울,서울_성동구,2018-10,1021.1309172470783
서울,서울_성동구,2018-11,1060.5828372525366
서울,서울_성동구,2018-12,1062.7048633214806
서울,서울_성동구,2019-01,1084.010840108401
서울,서울_성동구,2019-02,1128.5100554137352
서울,서울_성동구,2019-03,1002.6628965400282
서울,서울_성동구,2019-04,1074.0493662441627
서울,서울_성동구,2019-05,1103.3873993159
서울,서울_성동구,2019-06,1210.963728726997
서울,서울_성동구,2019-07,1241.4458982588649
서울,서울_성동구,2019-08,1210.2440047229638
서울,서울_성동구,2019-09,1150.6182162264022
서울,서울_성동구,2019-10,1238.9163890469763
서울,서울_성동구,2019-11,1220.1536394377158
서울,서울_성동구,2019-12,1227.7180970369498
서울,서울_성동구,2020-01,1193.9705835636455
서울,서울_성동구,2020-02,1243.0185599199153
서울,서울_성동구,2020-03,1288.8991796955797
서울,서울_성동구,2020-04,1252.0868113522538
서울,서울_성동구,2020-05,1275.094116130842
서울,서울_성동구,2020-06,1381.4735718099305
서울,서울_성동구,2020-07,1506.5875915500346
서울,서울_성동구,2020-08,1534.356237491661
서울,서울_성동구,2020-09,1567.7118078719145
서울,서울_성동구,2020-10,1565.9955257270692
서울,서울_성동구,2020-11,1617.7451634422948
서울,서울_성동구,2020-12,1622.19810182632
서울,서울_성동구,2021-01,1655.4098794861607
서울,서울_성동구,2021-02,1562.5924411008607
서울,서울_성동구,2021-03,1795.772848577169
서울,서울_성동구,2021-04,1703.2357209937677
서울,서울_성동구,2021-05,1821.4490115263247
서울,서울_성동구,2021-06,1750.8754864029615
서울,서울_성동구,2021-07,1677.5162744116176
서울,서울_성동구,2021-08,1745.6947393253126
서울,서울_성동구,2021-09,1867.8143541238342
서울,서울_성동구,2021-10,1877.001410269569
서울,서울_성동구,2021-11,1649.5817132084364
서울,서울_성동구,2021-12,1766.2813218738652
서울,서울_성동구,2022-01,1918.936487284046
서울,서울_성동구,2022-02,1613.810079333003
서울,서울_성동구,2022-03,1836.3939899833056
서울,서울_성동구,2022-04,1818.3913336055343
서울,서울_성동구,2022-05,1702.838063439065
서울,서울_성동구,2022-06,1518.1848515181848
서울,서울_성동구,2022-07,1773.7617135207497
서울,서울_성동구,2022-08,1534.1043190936985
서울,서울_성동구,2022-09,1717.8118745830554
서울,서울_성동구,2022-10,1389.2512392381948
서울,서울_성동구,2022-11,1258.1115084094822
서울,서울_성동구,2022-12,1447.7401129943503
서울,서울_성동구,2023-01,1550.8722890384593
서울,서울_성동구,2023-02,1439.0896921017404
서울,서울_성동구,2023-03,1488.4104012236735
서울,서울_성동구,2023-04,1547.8987613100023
서울,서울_성동구,2023-05,1546.6073747953787
서울,서울_성동구,2023-06,1649.1445062873636
서울,서울_성동구,2023-07,1633.8779593197733
서울,서울_성동구,2023-08,1706.827309236948
서울,서울_성동구,2023-09,1783.8030681412772
서울,서울_성동구,2023-10,1648.6108226790984
서울,서울_성동구,2023-11,1665.5548143206581
서울,서울_성동구,2023-12,1506.7686874632136
서울,서울_성동구,2024-01,1634.559264141065
서울,서울_성동구,2024-02,1690.307328605201
서울,서울_성동구,2024-03,1718.6709145179066
서울,서울_성동구,2024-04,1808.6347724620769
서울,서울_성동구,2024-05,1737.5354343838587
서울,서울_성동구,2024-06,1784.2254956677798
서울,서울_성동구,2024-07,1776.5364012189189
서울,서울_성동구,2024-08,1732.2440813604535
서울,서울_성동구,2024-09,1921.0445937062245
서울,서울_성동구,2024-10,1814.0437780306581
서울,서울_성동구,2024-11,1747.4586466915366
서울,서울_성동구,2024-12,1745.381206923189
서울,서울_성동구,2025-01,1853.6228290770848
서울,서울_성동구,2025-02,1910.1876675603216
서울,서울_성동구,2025-03,1933.9779926642216
서울,서울_성동구,2025-04,2001.33422281521
서울,서울_성동구,2025-05,1957.831325301205
서울,서울_성동구,2025-06,1924.5927881572234
서울,서울_성동구,2025-07,1714.1553041713596
서울,서울_성동구,2025-08,1928.5390658660726
서울,서울_성동구,2025-09,2003.9905551053837
서울,서울_성동구,2025-10,1967.3384414762816
서울,서울_성동구,2025-11,1927.6094276094277
서울,서울_성동구,2025-12,1758.3341313669785
서울,서울_성북구,2006-01,274.8449807273337
서울,서울_성북구,2006-02,282.73561301084237
서울,서울_성북구,2006-03,288.074044863877
서울,서울_성북구,2006-04,288.79369904656625
서울,서울_성북구,2006-05,282.82876560893936
서울,서울_성북구,2006-06,292.7681887699366
서울,서울_성북구,2006-07,296.6815721346199
서울,서울_성북구,2006-08,296.81978798586573
서울,서울_성북구,2006-09,316.6666666666667
서울,서울_성북구,2006-10,318.13361611876985
서울,서울_성북구,2006-11,317.6657461431449
서울,서울_성북구,2006-12,327.94910495234785
서울,서울_성북구,2007-01,317.22075375927534
서울,서울_성북구,2007-02,345.1725862931466
서울,서울_성북구,2007-03,331.8841618895585
서울,서울_성북구,2007-04,344.0174525927169
서울,서울_성북구,2007-05,353.5353535353535
서울,서울_성북구,2007-06,364.89912614473445
서울,서울_성북구,2007-07,364.0099809188317
서울,서울_성북구,2007-08,362.2009900747944
서울,서울_성북구,2007-09,385.38834377586
서울,서울_성북구,2007-10,391.09506618531884
서울,서울_성북구,2007-11,375.8770464416973
서울,서울_성북구,2007-12,388.37236671766505
서울,서울_성북구,2008-01,402.70135067533766
서울,서울_성북구,2008-02,395.14036329322954
서울,서울_성북구,2008-03,423.6789455101801
서울,서울_성북구,2008-04,465.35784452199414
서울,서울_성북구,2008-05,463.1854926807952
서울,서울_성북구,2008-06,501.0453822011832
서울,서울_성북구,2008-07,488.55746978657754
서울,서울_성북구,2008-08,471.6035700390252
서울,서울_성북구,2008-09,437.62635271732665
서울,서울_성북구,2008-10,483.3195803371449
서울,서울_성북구,2008-11,430.4635761589404
서울,서울_성북구,2008-12,454.81393975191963
서울,서울_성북구,2009-01,451.5095746959336
서울,서울_성북구,2009-02,450.0825252583445
서울,서울_성북구,2009-03,425.2126063031516
서울,서울_성북구,2009-04,450.07501250208367
서울,서울_성북구,2009-05,466.74445740956827
서울,서울_성북구,2009-06,465.0155005166839
서울,서울_성북구,2009-07,466.1977150410726
서울,서울_성북구,2009-08,477.3466597520155
서울,서울_성북구,2009-09,463.81916923528553
서울,서울_성북구,2009-10,466.2619864520102
서울,서울_성북구,2009-11,444.50335807705903
서울,서울_성북구,2009-12,461.2176814011676
서울,서울_성북구,2010-01,457.74982355881014
서울,서울_성북구,2010-02,470.91181863643936
서울,서울_성북구,2010-03,469.74472026868284
서울,서울_성북구,2010-04,429.56337530893256
서울,서울_성북구,2010-05,435.4478051076851
서울,서울_성북구,2010-06,423.99134050556853
서울,서울_성북구,2010-07,446.56533521856954
서울,서울_성북구,2010-08,441.02444187399925
서울,서울_성북구,2010-09,430.5433681899833
서울,서울_성북구,2010-10,432.97175092891734
서울,서울_성북구,2010-11,459.23987323104996
서울,서울_성북구,2010-12,461.8976154744039
서울,서울_성북구,2011-01,470.04454888772693
서울,서울_성북구,2011-02,469.5498692338162
서울,서울_성북구,2011-03,476.68255608520286
서울,서울_성북구,2011-04,457.3170731707317
서울,서울_성북구,2011-05,456.6070004109357
서울,서울_성북구,2011-06,443.7617340843147
서울,서울_성북구,2011-07,440.85581935023777
서울,서울_성북구,2011-08,451.7804070382316
서울,서울_성북구,2011-09,449.5885278400119
서울,서울_성북구,2011-10,435.94726062468
서울,서울_성북구,2011-11,445.2999730071632
서울,서울_성북구,2011-12,443.3028804506914
서울,서울_성북구,2012-01,433.74232405737655
서울,서울_성북구,2012-02,430.7644110275689
서울,서울_성북구,2012-03,444.2229081504964
서울,서울_성북구,2012-04,453.0477759472817
서울,서울_성북구,2012-05,421.75249363363776
서울,서울_성북구,2012-06,423.6789455101801
서울,서울_성북구,2012-07,413.2791327913279
서울,서울_성북구,2012-08,404.8654573742088
서울,서울_성북구,2012-09,419.30808431704327
서울,서울_성북구,2012-10,414.56267264466476
서울,서울_성북구,2012-11,423.6290891974582
서울,서울_성북구,2012-12,447.2693032015066
서울,서울_성북구,2013-01,418.23587710604556
서울,서울_성북구,2013-02,458.4939240715203
서울,서울_성북구,2013-03,427.20960338943155
서울,서울_성북구,2013-04,433.60433604336043
서울,서울_성북구,2013-05,447.9019330504479
서울,서울_성북구,2013-06,420.685060261032
서울,서울_성북구,2013-07,418.41990500100184
서울,서울_성북구,2013-08,432.47681903154637
서울,서울_성북구,2013-09,453.7793335926358
서울,서울_성북구,2013-10,440.6298336619353
서울,서울_성북구,2013-11,446.12794612794613
서울,서울_성북구,2013-12,446.30758807588074
서울,서울_성북구,2014-01,459.38701664771213
서울,서울_성북구,2014-02,441.28030124735227
서울,서울_성북구,2014-03,461.35097493036216
서울,서울_성북구,2014-04,464.84242220950125
서울,서울_성북구,2014-05,472.7276111927491
서울,서울_성북구,2014-06,452.99328068989865
서울,서울_성북구,2014-07,463.5635253719954
서울,서울_성북구,2014-08,449.08180300500834
서울,서울_성북구,2014-09,459.3639575971731
서울,서울_성북구,2014-10,467.555167140048
서울,서울_성북구,2014-11,460.54433979197563
서울,서울_성북구,2014-12,469.5301711430743
서울,서울_성북구,2015-01,451.418023158248
서울,서울_성북구,2015-02,486.36022357554015
서울,서울_성북구,2015-03,474.0941959182625
서울,서울_성북구,2015-04,480.4804804804805
서울,서울_성북구,2015-05,481.28971522711225
서울,서울_성북구,2015-06,480.8622357330385
서울,서울_성북구,2015-07,483.24267623829667
서울,서울_성북구,2015-08,504.65500739580614
서울,서울_성북구,2015-09,501.00200400801606
서울,서울_성북구,2015-10,504.3887856887312
서울,서울_성북구,2015-11,491.94656016356475
서울,서울_성북구,2015-12,513.8471805138472
서울,서울_성북구,2016-01,505.645318006803
서울,서울_성북구,2016-02,495.0261656687568
서울,서울_성북구,2016-03,500.5889281507656
서울,서울_성북구,2016-04,518.1414291003332
서울,서울_성북구,2016-05,516.6726193778103
서울,서울_성북구,2016-06,518.4158177105311
서울,서울_성북구,2016-07,532.7217125382263
서울,서울_성북구,2016-08,520.3088284659282
서울,서울_성북구,2016-09,541.0742496050553
서울,서울_성북구,2016-10,545.7074159634152
서울,서울_성북구,2016-11,531.0987843738935
서울,서울_성북구,2016-12,534.4021376085504
서울,서울_성북구,2017-01,516.5989159891599
서울,서울_성북구,2017-02,530.5226467528165
서울,서울_성북구,2017-03,551.1952383802022
서울,서울_성북구,2017-04,540.4503753127606
서울,서울_성북구,2017-05,524.4920088633256
서울,서울_성북구,2017-06,559.0208308814875
서울,서울_성북구,2017-07,573.0760178865615
서울,서울_성북구,2017-08,561.0171412325794
서울,서울_성북구,2017-09,576.3448045439359
서울,서울_성북구,2017-10,578.3333333333334
서울,서울_성북구,2017-11,593.146621480443
서울,서울_성북구,2017-12,580.2794982401394
서울,서울_성북구,2018-01,583.4957676291798
서울,서울_성북구,2018-02,591.5101307482641
서울,서울_성북구,2018-03,588.4429798752501
서울,서울_성북구,2018-04,586.5244903245173
서울,서울_성북구,2018-05,589.1363261458702
서울,서울_성북구,2018-06,597.8623914495657
서울,서울_성북구,2018-07,609.264853977845
서울,서울_성북구,2018-08,608.6135884454941
서울,서울_성북구,2018-09,624.4845057146223
서울,서울_성북구,2018-10,696.4255747608659
서울,서울_성북구,2018-11,649.9676680422999
서울,서울_성북구,2018-12,684.0634441087614
서울,서울_성북구,2019-01,687.8041217615678
서울,서울_성북구,2019-02,641.1065006051264
서울,서울_성북구,2019-03,705.3335113949872
서울,서울_성북구,2019-04,660.6606606606607
서울,서울_성북구,2019-05,702.9132791327913
서울,서울_성북구,2019-06,707.1802366696526
서울,서울_성북구,2019-07,744.2543654833623
서울,서울_성북구,2019-08,754.6945566912289
서울,서울_성북구,2019-09,755.8922558922559
서울,서울_성북구,2019-10,747.2894078398665
서울,서울_성북구,2019-11,773.2140755560787
서울,서울_성북구,2019-12,748.3860232893294
서울,서울_성북구,2020-01,737.3889726830903
서울,서울_성북구,2020-02,788.6435331230284
서울,서울_성북구,2020-03,787.241852288314
서울,서울_성북구,2020-04,777.8489116517286
서울,서울_성북구,2020-05,791.3330193122939
서울,서울_성북구,2020-06,880.3212257239381
서울,서울_성북구,2020-07,943.062595779795
서울,서울_성북구,2020-08,981.1694747274529
서울,서울_성북구,2020-09,990.5537027722305
서울,서울_성북구,2020-10,1025.3241219266065
서울,서울_성북구,2020-11,1035.9034726309594
서울,서울_성북구,2020-12,1057.224366504447
서울,서울_성북구,2021-01,1073.7240075614368
서울,서울_성북구,2021-02,1059.6574128765503
서울,서울_성북구,2021-03,1070.6890060240964
서울,서울_성북구,2021-04,1042.018690465255
서울,서울_성북구,2021-05,1048.6509215865594
서울,서울_성북구,2021-06,1104.2840075098138
서울,서울_성북구,2021-07,1090.0608084939277
서울,서울_성북구,2021-08,1205.7203675821097
서울,서울_성북구,2021-09,1223.9613981405203
서울,서울_성북구,2021-10,1242.0275260154415
서울,서울_성북구,2021-11,1201.0270771043465
서울,서울_성북구,2021-12,1086.1055184447762
서울,서울_성북구,2022-01,1270.8508198465522
서울,서울_성북구,2022-02,1133.819883088992
서울,서울_성북구,2022-03,1182.652210175146
서울,서울_성북구,2022-04,1118.9393881822439
서울,서울_성북구,2022-05,1092.5934656546133
서울,서울_성북구,2022-06,1080.424436736093
서울,서울_성북구,2022-07,1107.5687802574093
서울,서울_성북구,2022-08,961.129365089596
서울,서울_성북구,2022-09,1085.6871364117742
서울,서울_성북구,2022-10,1133.5600453424017
서울,서울_성북구,2022-11,897.9639872896316
서울,서울_성북구,2022-12,964.9329253942103
서울,서울_성북구,2023-01,1076.7946577629382
서울,서울_성북구,2023-02,1035.836605129062
서울,서울_성북구,2023-03,1000.7790495595374
서울,서울_성북구,2023-04,1023.7702988938573
서울,서울_성북구,2023-05,992.7377415105411
서울,서울_성북구,2023-06,1078.8727697181926
서울,서울_성북구,2023-07,997.3602106887759
서울,서울_성북구,2023-08,1011.8748954674695
서울,서울_성북구,2023-09,998.3094322024018
서울,서울_성북구,2023-10,1000.3530657879252
서울,서울_성북구,2023-11,992.6593259926593
서울,서울_성북구,2023-12,949.2826159492827
서울,서울_성북구,2024-01,1001.5317544479792
서울,서울_성북구,2024-02,970.9309167941626
서울,서울_성북구,2024-03,972.5669781299696
서울,서울_성북구,2024-04,984.3176509843177
서울,서울_성북구,2024-05,1000.3530657879252
서울,서울_성북구,2024-06,1131.2075100139527
서울,서울_성북구,2024-07,1046.2353261062312
서울,서울_성북구,2024-08,1073.9997639560959
서울,서울_성북구,2024-09,1060.78118778233
서울,서울_성북구,2024-10,953.8389072067829
서울,서울_성북구,2024-11,1056.7860508953818
서울,서울_성북구,2024-12,1037.3096871340138
서울,서울_성북구,2025-01,1072.7788279773156
서울,서울_성북구,2025-02,1055.186542474678
서울,서울_성북구,2025-03,1133.6794057066818
서울,서울_성북구,2025-04,1092.5241314386808
서울,서울_성북구,2025-05,1100.4284252283405
서울,서울_성북구,2025-06,1152.7377541722042
서울,서울_성북구,2025-07,1032.2255790533736
서울,서울_성북구,2025-08,1068.837576015731
서울,서울_성북구,2025-09,1162.626500353024
서울,서울_성북구,2025-10,1204.9624516896902
서울,서울_성북구,2025-11,1146.721204884796
서울,서울_성북구,2025-12,1086.8290864758997
서울,서울_송파구,2006-01,609.1455273698264
서울,서울_송파구,2006-02,539.5453139498918
서울,서울_송파구,2006-03,599.0510083036773
서울,서울_송파구,2006-04,619.9164623844231
서울,서울_송파구,2006-05,588.7201224537854
서울,서울_송파구,2006-06,594.4596361907027
서울,서울_송파구,2006-07,551.7205006797619
서울,서울_송파구,2006-08,636.4491483364005
서울,서울_송파구,2006-09,681.1182184316513
서울,서울_송파구,2006-10,702.5731530442915
서울,서울_송파구,2006-11,655.076845553036
서울,서울_송파구,2006-12,637.2276612784597
서울,서울_송파구,2007-01,553.2884460173949
서울,서울_송파구,2007-02,636.2093598650565
서울,서울_송파구,2007-03,541.888869774643
서울,서울_송파구,2007-04,584.7953216374269
서울,서울_송파구,2007-05,650.7894371677999
서울,서울_송파구,2007-06,642.570281124498
서울,서울_송파구,2007-07,655.0493398070857
서울,서울_송파구,2007-08,535.3535353535353
서울,서울_송파구,2007-09,578.1161872532431
서울,서울_송파구,2007-10,639.2569942273312
서울,서울_송파구,2007-11,622.1229056295379
서울,서울_송파구,2007-12,654.8821548821549
서울,서울_송파구,2008-01,685.0879196163507
서울,서울_송파구,2008-02,613.5228661402518
서울,서울_송파구,2008-03,627.3187183811131
서울,서울_송파구,2008-04,671.3072203869749
서울,서울_송파구,2008-05,678.5227559037082
서울,서울_송파구,2008-06,728.4135309021873
서울,서울_송파구,2008-07,755.173564753004
서울,서울_송파구,2008-08,707.2853937891133
서울,서울_송파구,2008-09,633.4637929373334
서울,서울_송파구,2008-10,625.8117841539733
서울,서울_송파구,2008-11,743.900019837334
서울,서울_송파구,2008-12,746.448350589935
서울,서울_송파구,2009-01,754.5634538678197
서울,서울_송파구,2009-02,706.547338671691
서울,서울_송파구,2009-03,743.1415155133724
서울,서울_송파구,2009-04,758.9128132721497
서울,서울_송파구,2009-05,779.7246246025229
서울,서울_송파구,2009-06,819.4259012016021
서울,서울_송파구,2009-07,739.6966323974036
서울,서울_송파구,2009-08,785.1653859004343
서울,서울_송파구,2009-09,739.9776128196065
서울,서울_송파구,2009-10,736.6666666666666
서울,서울_송파구,2009-11,733.5452725774167
서울,서울_송파구,2009-12,796.4796862437577
서울,서울_송파구,2010-01,863.9854606396127
서울,서울_송파구,2010-02,777.2936049935225
서울,서울_송파구,2010-03,689.3939393939394
서울,서울_송파구,2010-04,815.2941176470588
서울,서울_송파구,2010-05,825.0594322472381
서울,서울_송파구,2010-06,875.9620699919208
서울,서울_송파구,2010-07,882.2223943941559
서울,서울_송파구,2010-08,834.4227122679143
서울,서울_송파구,2010-09,869.0122933446374
서울,서울_송파구,2010-10,913.7972549963881
서울,서울_송파구,2010-11,814.3864092792056
서울,서울_송파구,2010-12,795.530353569046
서울,서울_송파구,2011-01,787.0601967650492
서울,서울_송파구,2011-02,747.3393500561235
서울,서울_송파구,2011-03,675.1929479353182
서울,서울_송파구,2011-04,714.3700554965168
서울,서울_송파구,2011-05,744.0756434400503
서울,서울_송파구,2011-06,719.9499165275458
서울,서울_송파구,2011-07,777.9630070651742
서울,서울_송파구,2011-08,769.9581250844252
서울,서울_송파구,2011-09,717.7432815890503
서울,서울_송파구,2011-10,835.3535353535353
서울,서울_송파구,2011-11,851.3591612847315
서울,서울_송파구,2011-12,863.2075471698114
서울,서울_송파구,2012-01,850.2644737958917
서울,서울_송파구,2012-02,815.7375737084888
서울,서울_송파구,2012-03,780.6343577620173
서울,서울_송파구,2012-04,901.0942745121627
서울,서울_송파구,2012-05,800.6959097020593
서울,서울_송파구,2012-06,837.9420043269431
서울,서울_송파구,2012-07,863.5271295027817
서울,서울_송파구,2012-08,800.820170574716
서울,서울_송파구,2012-09,863.0268021138468
서울,서울_송파구,2012-10,830.7247772694437
서울,서울_송파구,2012-11,826.2764120693909
서울,서울_송파구,2012-12,815.3979756092995
서울,서울_송파구,2013-01,779.5569467854563
서울,서울_송파구,2013-02,824.453229261507
서울,서울_송파구,2013-03,770.2596352961621
서울,서울_송파구,2013-04,842.7642667950879
서울,서울_송파구,2013-05,742.780837923552
서울,서울_송파구,2013-06,732.6460257966095
서울,서울_송파구,2013-07,683.4681818009614
서울,서울_송파구,2013-08,821.2292480324716
서울,서울_송파구,2013-09,777.0551942637986
서울,서울_송파구,2013-10,793.2313164871305
서울,서울_송파구,2013-11,791.9229557509964
서울,서울_송파구,2013-12,764.3850774331934
서울,서울_송파구,2014-01,771.8657227677552
서울,서울_송파구,2014-02,732.3290845886444
서울,서울_송파구,2014-03,691.7029827558658
서울,서울_송파구,2014-04,715.8418923124805
서울,서울_송파구,2014-05,706.547338671691
서울,서울_송파구,2014-06,717.8073184806905
서울,서울_송파구,2014-07,739.3190921228304
서울,서울_송파구,2014-08,750.8586631781169
서울,서울_송파구,2014-09,738.0276707785727
서울,서울_송파구,2014-10,726.0891337005509
서울,서울_송파구,2014-11,660.1870529983496
서울,서울_송파구,2014-12,706.3809748057453
서울,서울_송파구,2015-01,705.8723476633925
서울,서울_송파구,2015-02,717.6234979973298
서울,서울_송파구,2015-03,718.3936294291184
서울,서울_송파구,2015-04,729.7356346952151
서울,서울_송파구,2015-05,798.999165971643
서울,서울_송파구,2015-06,712.0816520294327
서울,서울_송파구,2015-07,749.271899862277
서울,서울_송파구,2015-08,729.1774300780345
서울,서울_송파구,2015-09,777.2478360713654
서울,서울_송파구,2015-10,837.0226078743876
서울,서울_송파구,2015-11,847.1301773691328
서울,서울_송파구,2015-12,741.438247067134
서울,서울_송파구,2016-01,717.0487781866215
서울,서울_송파구,2016-02,711.6985248960696
서울,서울_송파구,2016-03,809.5476548155567
서울,서울_송파구,2016-04,909.0159201517776
서울,서울_송파구,2016-05,945.5147169986369
서울,서울_송파구,2016-06,840.4967814552177
서울,서울_송파구,2016-07,807.4480141264529
서울,서울_송파구,2016-08,818.7301984719361
서울,서울_송파구,2016-09,804.7380032220183
서울,서울_송파구,2016-10,820.9658421672556
서울,서울_송파구,2016-11,751.7172626191823
서울,서울_송파구,2016-12,899.6159457744221
서울,서울_송파구,2017-01,842.7903871829105
서울,서울_송파구,2017-02,846.1963685844283
서울,서울_송파구,2017-03,849.4659546061415
서울,서울_송파구,2017-04,941.9728306763559
서울,서울_송파구,2017-05,951.3717178853173
서울,서울_송파구,2017-06,864.3417560863044
서울,서울_송파구,2017-07,950.950950950951
서울,서울_송파구,2017-08,859.6912286413124
서울,서울_송파구,2017-09,993.6722405281488
서울,서울_송파구,2017-10,953.6035209976161
서울,서울_송파구,2017-11,997.9358401345078
서울,서울_송파구,2017-12,977.9204983930132
서울,서울_송파구,2018-01,985.3000784230792
서울,서울_송파구,2018-02,998.234255444379
서울,서울_송파구,2018-03,1015.4681780611643
서울,서울_송파구,2018-04,1001.7467457532975
서울,서울_송파구,2018-05,1000.1738378563552
서울,서울_송파구,2018-06,1046.7893775467192
서울,서울_송파구,2018-07,1296.9179127250534
서울,서울_송파구,2018-08,1136.9888134971577
서울,서울_송파구,2018-09,1122.2809209396073
서울,서울_송파구,2018-10,983.4677405912141
서울,서울_송파구,2018-11,1024.131842260153
서울,서울_송파구,2018-12,888.6534839924672
서울,서울_송파구,2019-01,1184.1288384512684
서울,서울_송파구,2019-02,1267.1660424469414
서울,서울_송파구,2019-03,1531.6146784577809
서울,서울_송파구,2019-04,1316.3994591462235
서울,서울_송파구,2019-05,1394.8327785702963
서울,서울_송파구,2019-06,1323.8786312851598
서울,서울_송파구,2019-07,1290.8676060937382
서울,서울_송파구,2019-08,1301.73564753004
서울,서울_송파구,2019-09,1320.3106691004393
서울,서울_송파구,2019-10,1310.007462067822
서울,서울_송파구,2019-11,1448.4220442769665
서울,서울_송파구,2019-12,1316.7013167013167
서울,서울_송파구,2020-01,1305.2208835341366
서울,서울_송파구,2020-02,1389.7048140638126
서울,서울_송파구,2020-03,1335.3850701579568
서울,서울_송파구,2020-04,1452.340665538635
서울,서울_송파구,2020-05,1562.9541863575278
서울,서울_송파구,2020-06,1583.1512383506688
서울,서울_송파구,2020-07,1405.6224899598394
서울,서울_송파구,2020-08,1511.726930205191
서울,서울_송파구,2020-09,1512.8419825788246
서울,서울_송파구,2020-10,1475.6154489289
서울,서울_송파구,2020-11,1637.3698148821707
서울,서울_송파구,2020-12,1751.4050331600788
서울,서울_송파구,2021-01,1778.1869076838789
서울,서울_송파구,2021-02,1789.2878163625662
서울,서울_송파구,2021-03,1740.5134514681831
서울,서울_송파구,2021-04,1862.3035414662047
서울,서울_송파구,2021-05,1755.5705604321404
서울,서울_송파구,2021-06,1922.307239552678
서울,서울_송파구,2021-07,2011.543999648267
서울,서울_송파구,2021-08,1966.5510113014416
서울,서울_송파구,2021-09,2090.779297152817
서울,서울_송파구,2021-10,1937.8883110828906
서울,서울_송파구,2021-11,2103.154732098147
서울,서울_송파구,2021-12,1909.606404269513
서울,서울_송파구,2022-01,1995.0797113504673
서울,서울_송파구,2022-02,1986.0123350561828
서울,서울_송파구,2022-03,1678.9926044373376
서울,서울_송파구,2022-04,2014.8791703834045
서울,서울_송파구,2022-05,2178.5797004986216
서울,서울_송파구,2022-06,1712.4196915965633
서울,서울_송파구,2022-07,1825.5667784747357
서울,서울_송파구,2022-08,1951.3008672448298
서울,서울_송파구,2022-09,1863.552212874134
서울,서울_송파구,2022-10,2026.2446931686607
서울,서울_송파구,2022-11,2059.308072487644
서울,서울_송파구,2022-12,2004.953414317726
서울,서울_송파구,2023-01,2033.1162515969959
서울,서울_송파구,2023-02,1998.0874366025978
서울,서울_송파구,2023-03,2010.9028143998175
서울,서울_송파구,2023-04,1828.1707475061537
서울,서울_송파구,2023-05,1826.437795271192
서울,서울_송파구,2023-06,1877.684799470031
서울,서울_송파구,2023-07,1834.154303163944
서울,서울_송파구,2023-08,1917.3057685895299
서울,서울_송파구,2023-09,1818.206082902765
서울,서울_송파구,2023-10,1827.7885318096644
서울,서울_송파구,2023-11,1910.3313840155947
서울,서울_송파구,2023-12,1865.2972079570275
서울,서울_송파구,2024-01,1868.5352018685353
서울,서울_송파구,2024-02,1980.1820596336324
서울,서울_송파구,2024-03,1842.8952635090059
서울,서울_송파구,2024-04,1834.6852066434917
서울,서울_송파구,2024-05,1899.603295697284
서울,서울_송파구,2024-06,1919.3858099120198
서울,서울_송파구,2024-07,1969.621098314138
서울,서울_송파구,2024-08,1825.9599332220366
서울,서울_송파구,2024-09,1856.731205795483
서울,서울_송파구,2024-10,1892.3394000078665
서울,서울_송파구,2024-11,2005.0714021129456
서울,서울_송파구,2024-12,2123.868744911564
서울,서울_송파구,2025-01,2029.3724966622162
서울,서울_송파구,2025-02,2201.9543564663836
서울,서울_송파구,2025-03,2021.5427967692676
서울,서울_송파구,2025-04,1894.7850363816633
서울,서울_송파구,2025-05,1973.3023795705165
서울,서울_송파구,2025-06,2034.20054752221
서울,서울_송파구,2025-07,1905.8585522984654
서울,서울_송파구,2025-08,1755.6943885207593
서울,서울_송파구,2025-09,2066.011589821114
서울,서울_송파구,2025-10,2025.8441017090454
서울,서울_송파구,2025-11,1937.4333451830785
서울,서울_송파구,2025-12,2009.5980803839234
서울,서울_양천구,2006-01,490.7306434023991
서울,서울_양천구,2006-02,499.07235621521335
서울,서울_양천구,2006-03,472.4905501889962
서울,서울_양천구,2006-04,408.2595196001885
서울,서울_양천구,2006-05,361.40527819801645
서울,서울_양천구,2006-06,309.2507773060078
서울,서울_양천구,2006-07,312.8083678705348
서울,서울_양천구,2006-08,325.5148767076595
서울,서울_양천구,2006-09,361.5775349040847
서울,서울_양천구,2006-10,501.4759316404717
서울,서울_양천구,2006-11,378.7878787878788
서울,서울_양천구,2006-12,359.6004564285032
서울,서울_양천구,2007-01,301.1509661058599
서울,서울_양천구,2007-02,290.05801160232045
서울,서울_양천구,2007-03,302.8773346794548
서울,서울_양천구,2007-04,293.05499799277396
서울,서울_양천구,2007-05,288.1958152388472
서울,서울_양천구,2007-06,341.9811320754717
서울,서울_양천구,2007-07,292.24605232147064
서울,서울_양천구,2007-08,315.8854690981416
서울,서울_양천구,2007-09,336.7003367003367
서울,서울_양천구,2007-10,367.4628361449808
서울,서울_양천구,2007-11,386.0772154430886
서울,서울_양천구,2007-12,366.1249731874382
서울,서울_양천구,2008-01,361.6156718416612
서울,서울_양천구,2008-02,368.63679533127106
서울,서울_양천구,2008-03,402.35690235690237
서울,서울_양천구,2008-04,426.73778963160527
서울,서울_양천구,2008-05,437.6862407494015
서울,서울_양천구,2008-06,427.2781026793594
서울,서울_양천구,2008-07,462.96296296296293
서울,서울_양천구,2008-08,484.4391465918466
서울,서울_양천구,2008-09,502.5941215220951
서울,서울_양천구,2008-10,594.378371422137
서울,서울_양천구,2008-11,644.5285133809724
서울,서울_양천구,2008-12,651.5342580916351
서울,서울_양천구,2009-01,696.6699177929497
서울,서울_양천구,2009-02,679.3478260869566
서울,서울_양천구,2009-03,690.0137573392949
서울,서울_양천구,2009-04,704.9289353291165
서울,서울_양천구,2009-05,600.8727438856326
서울,서울_양천구,2009-06,677.1294298098674
서울,서울_양천구,2009-07,627.6646139270488
서울,서울_양천구,2009-08,660.2216458382458
서울,서울_양천구,2009-09,503.50116705568524
서울,서울_양천구,2009-10,478.2227135727354
서울,서울_양천구,2009-11,506.3436880473171
서울,서울_양천구,2009-12,647.9350853821
서울,서울_양천구,2010-01,653.1796439508298
서울,서울_양천구,2010-02,500.53437833986465
서울,서울_양천구,2010-03,500.924525130274
서울,서울_양천구,2010-04,535.3009259259259
서울,서울_양천구,2010-05,492.4915120778669
서울,서울_양천구,2010-06,531.2469815512412
서울,서울_양천구,2010-07,580.9869841572654
서울,서울_양천구,2010-08,711.1508280451415
서울,서울_양천구,2010-09,588.3045064125191
서울,서울_양천구,2010-10,670.1274185936762
서울,서울_양천구,2010-11,702.3765243639496
서울,서울_양천구,2010-12,654.4734656514956
서울,서울_양천구,2011-01,609.6984355171987
서울,서울_양천구,2011-02,500.6478972788314
서울,서울_양천구,2011-03,479.0940766550523
서울,서울_양천구,2011-04,551.6014234875445
서울,서울_양천구,2011-05,466.8222740913638
서울,서울_양천구,2011-06,536.1134561025772
서울,서울_양천구,2011-07,665.8832745789267
서울,서울_양천구,2011-08,460.77224547952767
서울,서울_양천구,2011-09,456.59334875788807
서울,서울_양천구,2011-10,517.5175175175175
서울,서울_양천구,2011-11,506.1982550419307
서울,서울_양천구,2011-12,578.1558856785889
서울,서울_양천구,2012-01,558.7567661952156
서울,서울_양천구,2012-02,453.2410188886289
서울,서울_양천구,2012-03,496.299975234465
서울,서울_양천구,2012-04,436.11591257075486
서울,서울_양천구,2012-05,621.5921483097055
서울,서울_양천구,2012-06,493.88916792231714
서울,서울_양천구,2012-07,517.3564753004006
서울,서울_양천구,2012-08,533.51117039013
서울,서울_양천구,2012-09,488.60118396542236
서울,서울_양천구,2012-10,637.0586093920641
서울,서울_양천구,2012-11,541.3038361967522
서울,서울_양천구,2012-12,536.7547525160379
서울,서울_양천구,2013-01,572.203869749882
서울,서울_양천구,2013-02,537.752415114868
서울,서울_양천구,2013-03,558.9550482466462
서울,서울_양천구,2013-04,565.1883961320441
서울,서울_양천구,2013-05,554.4220704337798
서울,서울_양천구,2013-06,495.28301886792457
서울,서울_양천구,2013-07,431.94255805765516
서울,서울_양천구,2013-08,465.336352996457
서울,서울_양천구,2013-09,561.3085431866322
서울,서울_양천구,2013-10,543.657331136738
서울,서울_양천구,2013-11,505.33838131279435
서울,서울_양천구,2013-12,522.1664464279935
서울,서울_양천구,2014-01,564.8251590750394
서울,서울_양천구,2014-02,514.1610549754314
서울,서울_양천구,2014-03,487.13517849624174
서울,서울_양천구,2014-04,488.86656621463254
서울,서울_양천구,2014-05,511.57261304737847
서울,서울_양천구,2014-06,511.8958257948449
서울,서울_양천구,2014-07,495.0467577488597
서울,서울_양천구,2014-08,584.8989719957463
서울,서울_양천구,2014-09,654.8779326612997
서울,서울_양천구,2014-10,499.0990891251339
서울,서울_양천구,2014-11,485.030645921735
서울,서울_양천구,2014-12,483.96639450952546
서울,서울_양천구,2015-01,467.30723589057357
서울,서울_양천구,2015-02,513.9795747530554
서울,서울_양천구,2015-03,503.5841533135615
서울,서울_양천구,2015-04,506.1503148725796
서울,서울_양천구,2015-05,497.10631833940727
서울,서울_양천구,2015-06,549.8916182587216
서울,서울_양천구,2015-07,503.1908312149097
서울,서울_양천구,2015-08,506.09074499984155
서울,서울_양천구,2015-09,528.8261996250328
서울,서울_양천구,2015-10,588.4706823906033
서울,서울_양천구,2015-11,636.3033380562558
서울,서울_양천구,2015-12,563.9696410136457
서울,서울_양천구,2016-01,516.6039201266339
서울,서울_양천구,2016-02,520.0803212851406
서울,서울_양천구,2016-03,502.4462938673145
서울,서울_양천구,2016-04,615.864064702827
서울,서울_양천구,2016-05,656.0998878604784
서울,서울_양천구,2016-06,703.2451553742919
서울,서울_양천구,2016-07,541.8974904623476
서울,서울_양천구,2016-08,603.4889203206035
서울,서울_양천구,2016-09,566.8556185395132
서울,서울_양천구,2016-10,576.5791207756755
서울,서울_양천구,2016-11,530.3030303030304
서울,서울_양천구,2016-12,532.6386541999925
서울,서울_양천구,2017-01,542.1500838247438
서울,서울_양천구,2017-02,568.9558494544259
서울,서울_양천구,2017-03,578.5261753917973
서울,서울_양천구,2017-04,683.3660055770847
서울,서울_양천구,2017-05,807.1655554193599
서울,서울_양천구,2017-06,632.279534109817
서울,서울_양천구,2017-07,744.4161095313639
서울,서울_양천구,2017-08,568.6530031986732
서울,서울_양천구,2017-09,612.2391038558746
서울,서울_양천구,2017-10,759.9422528912909
서울,서울_양천구,2017-11,1002.004008016032
서울,서울_양천구,2017-12,715.539785231279
서울,서울_양천구,2018-01,657.3045852767573
서울,서울_양천구,2018-02,620.6203254435305
서울,서울_양천구,2018-03,564.9717514124294
서울,서울_양천구,2018-04,573.586687123805
서울,서울_양천구,2018-05,598.3061961500954
서울,서울_양천구,2018-06,645.2150716905636
서울,서울_양천구,2018-07,839.020024611254
서울,서울_양천구,2018-08,836.3764872187537
서울,서울_양천구,2018-09,694.1993175667726
서울,서울_양천구,2018-10,669.3176724379448
서울,서울_양천구,2018-11,588.3045064125191
서울,서울_양천구,2018-12,650.1083513918986
서울,서울_양천구,2019-01,700.4830917874397
서울,서울_양천구,2019-02,720.8018419882421
서울,서울_양천구,2019-03,799.3186903703379
서울,서울_양천구,2019-04,953.1654506942809
서울,서울_양천구,2019-05,1181.3885859687387
서울,서울_양천구,2019-06,1215.1958470976874
서울,서울_양천구,2019-07,930.6436518664864
서울,서울_양천구,2019-08,835.5434263969875
서울,서울_양천구,2019-09,884.4124932407383
서울,서울_양천구,2019-10,996.065535093029
서울,서울_양천구,2019-11,917.6408684226341
서울,서울_양천구,2019-12,847.7790054296686
서울,서울_양천구,2020-01,791.2457912457912
서울,서울_양천구,2020-02,813.7881558007573
서울,서울_양천구,2020-03,792.7247133781556
서울,서울_양천구,2020-04,904.9616545277154
서울,서울_양천구,2020-05,983.6612204068023
서울,서울_양천구,2020-06,1020.9396812167935
서울,서울_양천구,2020-07,1101.025382417213
서울,서울_양천구,2020-08,1118.0942965421464
서울,서울_양천구,2020-09,970.7024355806566
서울,서울_양천구,2020-10,1012.8388017118402
서울,서울_양천구,2020-11,1250.0
서울,서울_양천구,2020-12,1392.0018874601865
서울,서울_양천구,2021-01,1272.3466875765916
서울,서울_양천구,2021-02,1377.540951253207
서울,서울_양천구,2021-03,1252.2150029533373
서울,서울_양천구,2021-04,1650.8136152818176
서울,서울_양천구,2021-05,1114.7274206672091
서울,서울_양천구,2021-06,1238.863674567154
서울,서울_양천구,2021-07,1153.1446725892804
서울,서울_양천구,2021-08,1260.8029985470946
서울,서울_양천구,2021-09,1311.1447302067575
서울,서울_양천구,2021-10,1285.8530181931894
서울,서울_양천구,2021-11,1074.9447458308216
서울,서울_양천구,2021-12,1339.3604553825548
서울,서울_양천구,2022-01,1387.0013761036607
서울,서울_양천구,2022-02,1095.038767904767
서울,서울_양천구,2022-03,1294.3612915372307
서울,서울_양천구,2022-04,1224.4654163182418
서울,서울_양천구,2022-05,1238.1179966493974
서울,서울_양천구,2022-06,1513.8134057971015
서울,서울_양천구,2022-07,1018.9366489826168
서울,서울_양천구,2022-08,976.627712854758
서울,서울_양천구,2022-09,1405.6224899598394
서울,서울_양천구,2022-10,1115.108197578972
서울,서울_양천구,2022-11,1069.4312375225923
서울,서울_양천구,2022-12,1164.3021998691806
서울,서울_양천구,2023-01,1272.6741442236948
서울,서울_양천구,2023-02,1254.6037114443366
서울,서울_양천구,2023-03,1257.8326138046682
서울,서울_양천구,2023-04,1153.348256530062
서울,서울_양천구,2023-05,1369.4054776219104
서울,서울_양천구,2023-06,1446.243046646814
서울,서울_양천구,2023-07,1337.3580109088284
서울,서울_양천구,2023-08,1444.5557782231128
서울,서울_양천구,2023-09,1652.073481403408
서울,서울_양천구,2023-10,1527.66308835673
서울,서울_양천구,2023-11,1701.0005885815185
서울,서울_양천구,2023-12,1663.6370821149135
서울,서울_양천구,2024-01,1200.2824193927981
서울,서울_양천구,2024-02,1241.2412412412411
서울,서울_양천구,2024-03,1236.6593257665593
서울,서울_양천구,2024-04,1221.1893916284719
서울,서울_양천구,2024-05,1390.0909671755999
서울,서울_양천구,2024-06,1556.200689792993
서울,서울_양천구,2024-07,1407.647932491299
서울,서울_양천구,2024-08,1400.4118906973467
서울,서울_양천구,2024-09,1534.2853770801369
서울,서울_양천구,2024-10,1254.8466894217452
서울,서울_양천구,2024-11,1566.9180018850143
서울,서울_양천구,2024-12,1529.7717109908212
서울,서울_양천구,2025-01,1627.9344107585232
서울,서울_양천구,2025-02,1460.4223192167042
서울,서울_양천구,2025-03,1622.453813358598
서울,서울_양천구,2025-04,1731.6749387143761
서울,서울_양천구,2025-05,1518.0042362908919
서울,서울_양천구,2025-06,1530.0263049649266
서울,서울_양천구,2025-07,1448.0809983517777
서울,서울_양천구,2025-08,1235.730257738025
서울,서울_양천구,2025-09,1356.281437001854
서울,서울_양천구,2025-10,1410.449006843599
서울,서울_양천구,2025-11,1431.8787351813003
서울,서울_양천구,2025-12,1554.0381445726396
서울,서울_영등포구,2006-01,340.2001177163037
서울,서울_영등포구,2006-02,345.13235908693025
서울,서울_영등포구,2006-03,350.30026452471054
서울,서울_영등포구,2006-04,358.46777003178227
서울,서울_영등포구,2006-05,345.9366091197347
서울,서울_영등포구,2006-06,352.48447204968943
서울,서울_영등포구,2006-07,353.1772406702511
서울,서울_영등포구,2006-08,364.01169384441715
서울,서울_영등포구,2006-09,368.70203536870207
서울,서울_영등포구,2006-10,400.6344744610989
서울,서울_영등포구,2006-11,387.344923192416
서울,서울_영등포구,2006-12,383.32739188471317
서울,서울_영등포구,2007-01,367.52422318743737
서울,서울_영등포구,2007-02,350.58430717863104
서울,서울_영등포구,2007-03,406.26471973622233
서울,서울_영등포구,2007-04,392.95845152678123
서울,서울_영등포구,2007-05,414.66638308215846
서울,서울_영등포구,2007-06,402.26469629461087
서울,서울_영등포구,2007-07,417.3622704507513
서울,서울_영등포구,2007-08,433.6224149432955
서울,서울_영등포구,2007-09,448.24288787951235
서울,서울_영등포구,2007-10,443.5939810385318
서울,서울_영등포구,2007-11,458.95129945823396
서울,서울_영등포구,2007-12,443.39321794069576
서울,서울_영등포구,2008-01,459.4820384294068
서울,서울_영등포구,2008-02,474.79950884463375
서울,서울_영등포구,2008-03,492.2644163150493
서울,서울_영등포구,2008-04,493.26335985362596
서울,서울_영등포구,2008-05,492.4799293191545
서울,서울_영등포구,2008-06,517.1467764060357
서울,서울_영등포구,2008-07,519.3856880388184
서울,서울_영등포구,2008-08,524.2334322453017
서울,서울_영등포구,2008-09,530.0977735893509
서울,서울_영등포구,2008-10,506.2993053102555
서울,서울_영등포구,2008-11,470.96242195782776
서울,서울_영등포구,2008-12,483.39756098816844
서울,서울_영등포구,2009-01,565.5708731000353
서울,서울_영등포구,2009-02,501.2722965265678
서울,서울_영등포구,2009-03,494.2775950432426
서울,서울_영등포구,2009-04,527.4669089266578
서울,서울_영등포구,2009-05,525.7886830245368
서울,서울_영등포구,2009-06,526.893254428902
서울,서울_영등포구,2009-07,522.1637866265966
서울,서울_영등포구,2009-08,518.1957366623484
서울,서울_영등포구,2009-09,517.9921392515016
서울,서울_영등포구,2009-10,516.2907268170426
서울,서울_영등포구,2009-11,508.8296917090692
서울,서울_영등포구,2009-12,534.0099069711248
서울,서울_영등포구,2010-01,551.5627611566105
서울,서울_영등포구,2010-02,528.2216417378017
서울,서울_영등포구,2010-03,520.5220636832443
서울,서울_영등포구,2010-04,513.4886062660435
서울,서울_영등포구,2010-05,499.40849940849944
서울,서울_영등포구,2010-06,513.1802174447714
서울,서울_영등포구,2010-07,506.22206113326087
서울,서울_영등포구,2010-08,533.6891854619987
서울,서울_영등포구,2010-09,527.6260624818533
서울,서울_영등포구,2010-10,506.9303589072798
서울,서울_영등포구,2010-11,518.6850929604552
서울,서울_영등포구,2010-12,519.9571397707446
서울,서울_영등포구,2011-01,517.820685701061
서울,서울_영등포구,2011-02,527.1084971797325
서울,서울_영등포구,2011-03,510.44389007681946
서울,서울_영등포구,2011-04,489.6258906761005
서울,서울_영등포구,2011-05,512.4281369802972
서울,서울_영등포구,2011-06,523.151795604151
서울,서울_영등포구,2011-07,507.66680480729383
서울,서울_영등포구,2011-08,509.26645252171295
서울,서울_영등포구,2011-09,518.3037332366799
서울,서울_영등포구,2011-10,501.93466334702146
서울,서울_영등포구,2011-11,516.8389463154385
서울,서울_영등포구,2011-12,511.7085696470997
서울,서울_영등포구,2012-01,510.174145406805
서울,서울_영등포구,2012-02,545.2893062708271
서울,서울_영등포구,2012-03,591.8727915194346
서울,서울_영등포구,2012-04,513.7177344179064
서울,서울_영등포구,2012-05,508.6724482988659
서울,서울_영등포구,2012-06,504.25464859754175
서울,서울_영등포구,2012-07,501.39764593805234
서울,서울_영등포구,2012-08,504.25464859754175
서울,서울_영등포구,2012-09,513.7094232587457
서울,서울_영등포구,2012-10,506.32911392405066
서울,서울_영등포구,2012-11,506.6572404854483
서울,서울_영등포구,2012-12,496.3680157441946
서울,서울_영등포구,2013-01,489.3238434163701
서울,서울_영등포구,2013-02,517.515923566879
서울,서울_영등포구,2013-03,493.9196798121966
서울,서울_영등포구,2013-04,495.91265035433514
서울,서울_영등포구,2013-05,489.99298900610324
서울,서울_영등포구,2013-06,484.3064461694229
서울,서울_영등포구,2013-07,497.85027819929184
서울,서울_영등포구,2013-08,492.0939768082719
서울,서울_영등포구,2013-09,501.73563145328797
서울,서울_영등포구,2013-10,513.8156639210371
서울,서울_영등포구,2013-11,501.6835016835017
서울,서울_영등포구,2013-12,523.1641979199495
서울,서울_영등포구,2014-01,506.33509404087044
서울,서울_영등포구,2014-02,512.5906047891864
서울,서울_영등포구,2014-03,502.0215742917775
서울,서울_영등포구,2014-04,509.8975799927234
서울,서울_영등포구,2014-05,501.04392868649086
서울,서울_영등포구,2014-06,501.61160354552777
서울,서울_영등포구,2014-07,520.3073545554337
서울,서울_영등포구,2014-08,513.353115727003
서울,서울_영등포구,2014-09,513.4335154826958
서울,서울_영등포구,2014-10,521.8855218855219
서울,서울_영등포구,2014-11,517.7985893232054
서울,서울_영등포구,2014-12,517.693069431039
서울,서울_영등포구,2015-01,522.0820189274448
서울,서울_영등포구,2015-02,511.1566484517304
서울,서울_영등포구,2015-03,531.328320802005
서울,서울_영등포구,2015-04,535.7353114329447
서울,서울_영등포구,2015-05,530.9923022404428
서울,서울_영등포구,2015-06,521.0173083716
서울,서울_영등포구,2015-07,546.54716883386
서울,서울_영등포구,2015-08,555.5555555555555
서울,서울_영등포구,2015-09,547.8967833156593
서울,서울_영등포구,2015-10,563.7957188606101
서울,서울_영등포구,2015-11,558.5012371862849
서울,서울_영등포구,2015-12,569.5075531769268
서울,서울_영등포구,2016-01,572.8990361911752
서울,서울_영등포구,2016-02,565.171317555634
서울,서울_영등포구,2016-03,583.8198498748957
서울,서울_영등포구,2016-04,586.6313421587072
서울,서울_영등포구,2016-05,595.4097045514371
서울,서울_영등포구,2016-06,589.3287826661527
서울,서울_영등포구,2016-07,584.356286110672
서울,서울_영등포구,2016-08,610.9210991862248
서울,서울_영등포구,2016-09,619.2260927334946
서울,서울_영등포구,2016-10,634.8047298252226
서울,서울_영등포구,2016-11,609.8480988043067
서울,서울_영등포구,2016-12,621.738379172006
서울,서울_영등포구,2017-01,614.018780991993
서울,서울_영등포구,2017-02,645.9574776945224
서울,서울_영등포구,2017-03,667.11140760507
서울,서울_영등포구,2017-04,655.3460069334769
서울,서울_영등포구,2017-05,668.7629749787777
서울,서울_영등포구,2017-06,674.914253702996
서울,서울_영등포구,2017-07,678.4461828972214
서울,서울_영등포구,2017-08,680.2267422474158
서울,서울_영등포구,2017-09,696.4939204344233
서울,서울_영등포구,2017-10,724.9003262051468
서울,서울_영등포구,2017-11,747.3347112508172
서울,서울_영등포구,2017-12,747.4916387959867
서울,서울_영등포구,2018-01,765.8772239896311
서울,서울_영등포구,2018-02,743.3742727860374
서울,서울_영등포구,2018-03,751.3356157872491
서울,서울_영등포구,2018-04,792.1947965310206
서울,서울_영등포구,2018-05,797.9087887853232
서울,서울_영등포구,2018-06,800.2667555851951
서울,서울_영등포구,2018-07,842.4649463885943
서울,서울_영등포구,2018-08,858.4563725213757
서울,서울_영등포구,2018-09,904.3034641652267
서울,서울_영등포구,2018-10,884.5382710225261
서울,서울_영등포구,2018-11,853.0415342981528
서울,서울_영등포구,2018-12,820.8771124068445
서울,서울_영등포구,2019-01,890.5047295139207
서울,서울_영등포구,2019-02,859.380563675094
서울,서울_영등포구,2019-03,882.445635045698
서울,서울_영등포구,2019-04,988.8700941246655
서울,서울_영등포구,2019-05,951.5859766277129
서울,서울_영등포구,2019-06,1058.044020715868
서울,서울_영등포구,2019-07,987.523604205003
서울,서울_영등포구,2019-08,985.9079870058316
서울,서울_영등포구,2019-09,993.8509438331861
서울,서울_영등포구,2019-10,1005.6624610016347
서울,서울_영등포구,2019-11,999.6834335793666
서울,서울_영등포구,2019-12,996.9989996665556
서울,서울_영등포구,2020-01,1004.5673313240586
서울,서울_영등포구,2020-02,1019.8183319570603
서울,서울_영등포구,2020-03,1075.4754488417504
서울,서울_영등포구,2020-04,1034.0226817878586
서울,서울_영등포구,2020-05,1095.7935666313185
서울,서울_영등포구,2020-06,1162.4802834564753
서울,서울_영등포구,2020-07,1122.334455667789
서울,서울_영등포구,2020-08,1162.0292462874718
서울,서울_영등포구,2020-09,1165.689196418337
서울,서울_영등포구,2020-10,1232.9442709189545
서울,서울_영등포구,2020-11,1273.2919254658384
서울,서울_영등포구,2020-12,1319.665370566749
서울,서울_영등포구,2021-01,1326.4488162270122
서울,서울_영등포구,2021-02,1324.7263023046512
서울,서울_영등포구,2021-03,1428.2963592664385
서울,서울_영등포구,2021-04,1341.7424000968772
서울,서울_영등포구,2021-05,1244.7143867083446
서울,서울_영등포구,2021-06,1294.269914107542
서울,서울_영등포구,2021-07,1413.4865367813952
서울,서울_영등포구,2021-08,1440.0133489070583
서울,서울_영등포구,2021-09,1415.4281670205237
서울,서울_영등포구,2021-10,1312.9614867631035
서울,서울_영등포구,2021-11,1167.5524962969419
서울,서울_영등포구,2021-12,1233.4929618342767
서울,서울_영등포구,2022-01,1255.599294149586
서울,서울_영등포구,2022-02,1232.2902734516424
서울,서울_영등포구,2022-03,1185.3988961364778
서울,서울_영등포구,2022-04,1334.1784710667055
서울,서울_영등포구,2022-05,1260.2488417724776
서울,서울_영등포구,2022-06,1365.436315668041
서울,서울_영등포구,2022-07,1389.0278973115906
서울,서울_영등포구,2022-08,1139.391706715339
서울,서울_영등포구,2022-09,416.6666666666667
서울,서울_영등포구,2022-10,1031.4305003375591
서울,서울_영등포구,2022-11,1118.5682326621923
서울,서울_영등포구,2022-12,1136.196092886104
서울,서울_영등포구,2023-01,1315.1483148981897
서울,서울_영등포구,2023-02,1294.4222169922334
서울,서울_영등포구,2023-03,1324.360174781523
서울,서울_영등포구,2023-04,1297.1874375770599
서울,서울_영등포구,2023-05,1324.2487899334233
서울,서울_영등포구,2023-06,1268.8350564737252
서울,서울_영등포구,2023-07,1335.3115727002967
서울,서울_영등포구,2023-08,1329.8811345180652
서울,서울_영등포구,2023-09,1350.9316770186333
서울,서울_영등포구,2023-10,1320.2146690518784
서울,서울_영등포구,2023-11,1304.4612575006522
서울,서울_영등포구,2023-12,1280.6572429624262
서울,서울_영등포구,2024-01,1328.7037617358387
서울,서울_영등포구,2024-02,1284.831467716259
서울,서울_영등포구,2024-03,1267.1768287665598
서울,서울_영등포구,2024-04,1435.6319133913862
서울,서울_영등포구,2024-05,1375.7736816967104
서울,서울_영등포구,2024-06,1464.5447219983885
서울,서울_영등포구,2024-07,1401.4014014014015
서울,서울_영등포구,2024-08,1405.3594864595484
서울,서울_영등포구,2024-09,1438.8212580865143
서울,서울_영등포구,2024-10,1415.4114719099798
서울,서울_영등포구,2024-11,1414.7323235046315
서울,서울_영등포구,2024-12,1370.5498913588501
서울,서울_영등포구,2025-01,1439.1092553540707
서울,서울_영등포구,2025-02,1447.3789670808414
서울,서울_영등포구,2025-03,1485.9276757626128
서울,서울_영등포구,2025-04,1484.79427549195
서울,서울_영등포구,2025-05,1495.111317070154
서울,서울_영등포구,2025-06,1521.567332303228
서울,서울_영등포구,2025-07,1408.2366731532416
서울,서울_영등포구,2025-08,1488.598495779217
서울,서울_영등포구,2025-09,1530.1840576008362
서울,서울_영등포구,2025-10,1558.8235294117646
서울,서울_영등포구,2025-11,1471.8716829814834
서울,서울_영등포구,2025-12,1484.8181514848181
서울,서울_용산구,2006-01,475.4754754754755
서울,서울_용산구,2006-02,483.7892603850051
서울,서울_용산구,2006-03,560.9183407252805
서울,서울_용산구,2006-04,554.6480546480547
서울,서울_용산구,2006-05,504.52331245650663
서울,서울_용산구,2006-06,508.4440724619928
서울,서울_용산구,2006-07,517.1838505171838
서울,서울_용산구,2006-08,498.59264559508154
서울,서울_용산구,2006-09,554.7213880547215
서울,서울_용산구,2006-10,682.9486119077812
서울,서울_용산구,2006-11,600.2327433086299
서울,서울_용산구,2006-12,611.8453255017132
서울,서울_용산구,2007-01,510.36883551164135
서울,서울_용산구,2007-02,611.2510495382032
서울,서울_용산구,2007-03,633.9673006339673
서울,서울_용산구,2007-04,617.283950617284
서울,서울_용산구,2007-05,617.283950617284
서울,서울_용산구,2007-06,658.3611870758634
서울,서울_용산구,2007-07,633.9673006339673
서울,서울_용산구,2007-08,663.5545181727243
서울,서울_용산구,2007-09,615.1940545004129
서울,서울_용산구,2007-10,610.6022758812101
서울,서울_용산구,2007-11,753.1183807954812
서울,서울_용산구,2007-12,647.2946827344983
서울,서울_용산구,2008-01,710.5723888527716
서울,서울_용산구,2008-02,750.7507507507507
서울,서울_용산구,2008-03,667.8809957498482
서울,서울_용산구,2008-04,670.2302684531621
서울,서울_용산구,2008-05,766.922307435812
서울,서울_용산구,2008-06,760.5104270659456
서울,서울_용산구,2008-07,704.3519348596444
서울,서울_용산구,2008-08,891.4454277286136
서울,서울_용산구,2008-09,735.8719725655498
서울,서울_용산구,2008-10,801.6032064128257
서울,서울_용산구,2008-11,703.4451771814502
서울,서울_용산구,2008-12,829.9762885311369
서울,서울_용산구,2009-01,799.5564297157804
서울,서울_용산구,2009-02,801.7591339648174
서울,서울_용산구,2009-03,804.078903376797
서울,서울_용산구,2009-04,767.0521595468492
서울,서울_용산구,2009-05,773.3177436023143
서울,서울_용산구,2009-06,847.0588235294117
서울,서울_용산구,2009-07,796.5541656832665
서울,서울_용산구,2009-08,843.3971216736516
서울,서울_용산구,2009-09,786.2523540489643
서울,서울_용산구,2009-10,789.3270590814877
서울,서울_용산구,2009-11,766.5307287670078
서울,서울_용산구,2009-12,885.9913072550986
서울,서울_용산구,2010-01,802.0430447928279
서울,서울_용산구,2010-02,785.4098720707458
서울,서울_용산구,2010-03,826.8156424581006
서울,서울_용산구,2010-04,741.9640945652507
서울,서울_용산구,2010-05,703.3745913482322
서울,서울_용산구,2010-06,794.2811755361398
서울,서울_용산구,2010-07,751.9381312186094
서울,서울_용산구,2010-08,691.0273782707482
서울,서울_용산구,2010-09,814.1040837654746
서울,서울_용산구,2010-10,771.7918365305309
서울,서울_용산구,2010-11,817.7570093457944
서울,서울_용산구,2010-12,799.3605115907274
서울,서울_용산구,2011-01,804.7845513535143
서울,서울_용산구,2011-02,820.6354785732008
서울,서울_용산구,2011-03,860.9628512502602
서울,서울_용산구,2011-04,772.3547972999479
서울,서울_용산구,2011-05,744.287579565856
서울,서울_용산구,2011-06,786.4345040379103
서울,서울_용산구,2011-07,688.3246861689379
서울,서울_용산구,2011-08,747.2015831405176
서울,서울_용산구,2011-09,787.5193869172521
서울,서울_용산구,2011-10,690.7137375287797
서울,서울_용산구,2011-11,818.3521613467615
서울,서울_용산구,2011-12,812.4337689862239
서울,서울_용산구,2012-01,773.0947295902936
서울,서울_용산구,2012-02,790.4694424260953
서울,서울_용산구,2012-03,780.0687285223368
서울,서울_용산구,2012-04,758.12660296081
서울,서울_용산구,2012-05,805.9098858658754
서울,서울_용산구,2012-06,794.9932341001354
서울,서울_용산구,2012-07,723.8022034332564
서울,서울_용산구,2012-08,704.46735395189
서울,서울_용산구,2012-09,693.3616820222065
서울,서울_용산구,2012-10,835.00334001336
서울,서울_용산구,2012-11,803.743348113891
서울,서울_용산구,2012-12,786.8449894558867
서울,서울_용산구,2013-01,688.5736359643413
서울,서울_용산구,2013-02,685.0473612990528
서울,서울_용산구,2013-03,758.2952375331058
서울,서울_용산구,2013-04,682.9146813242008
서울,서울_용산구,2013-05,706.249516762929
서울,서울_용산구,2013-06,649.6574533427829
서울,서울_용산구,2013-07,721.3046205310475
서울,서울_용산구,2013-08,731.9333843280945
서울,서울_용산구,2013-09,688.0334485781725
서울,서울_용산구,2013-10,679.2366046913421
서울,서울_용산구,2013-11,759.3588024984301
서울,서울_용산구,2013-12,731.0958510517617
서울,서울_용산구,2014-01,772.5476104922745
서울,서울_용산구,2014-02,700.5360623781676
서울,서울_용산구,2014-03,731.4618484381712
서울,서울_용산구,2014-04,725.2417472490831
서울,서울_용산구,2014-05,682.8796971175531
서울,서울_용산구,2014-06,683.8009903324688
서울,서울_용산구,2014-07,696.4749152828633
서울,서울_용산구,2014-08,753.9168335492991
서울,서울_용산구,2014-09,714.0473807140474
서울,서울_용산구,2014-10,756.7257552494355
서울,서울_용산구,2014-11,711.0826393337604
서울,서울_용산구,2014-12,744.213649851632
서울,서울_용산구,2015-01,763.754117196625
서울,서울_용산구,2015-02,747.0178339435455
서울,서울_용산구,2015-03,782.4913457869463
서울,서울_용산구,2015-04,753.9971557489869
서울,서울_용산구,2015-05,759.0924257590924
서울,서울_용산구,2015-06,771.3596366732899
서울,서울_용산구,2015-07,776.0360080707745
서울,서울_용산구,2015-08,812.0226424864369
서울,서울_용산구,2015-09,782.3549219889999
서울,서울_용산구,2015-10,776.1931266896447
서울,서울_용산구,2015-11,861.169102296451
서울,서울_용산구,2015-12,765.0595308263586
서울,서울_용산구,2016-01,765.6781720952844
서울,서울_용산구,2016-02,816.6413773172483
서울,서울_용산구,2016-03,800.2783576896312
서울,서울_용산구,2016-04,824.8880509073769
서울,서울_용산구,2016-05,792.4591257924592
서울,서울_용산구,2016-06,812.0513122278452
서울,서울_용산구,2016-07,850.3602220385025
서울,서울_용산구,2016-08,844.6596785053789
서울,서울_용산구,2016-09,776.2846256822161
서울,서울_용산구,2016-10,846.7954016079344
서울,서울_용산구,2016-11,843.0619456146451
서울,서울_용산구,2016-12,793.912940898903
서울,서울_용산구,2017-01,833.0358205402832
서울,서울_용산구,2017-02,882.6644698128752
서울,서울_용산구,2017-03,894.3701751082659
서울,서울_용산구,2017-04,939.6165927335724
서울,서울_용산구,2017-05,916.5353426628691
서울,서울_용산구,2017-06,893.3828875054736
서울,서울_용산구,2017-07,940.1404260383197
서울,서울_용산구,2017-08,892.5592258925593
서울,서울_용산구,2017-09,978.3439744840612
서울,서울_용산구,2017-10,992.0869257115861
서울,서울_용산구,2017-11,1046.471138425134
서울,서울_용산구,2017-12,1072.6277318972807
서울,서울_용산구,2018-01,1018.8157479805616
서울,서울_용산구,2018-02,1042.2924727995874
서울,서울_용산구,2018-03,1059.615319919331
서울,서울_용산구,2018-04,1193.6393241029336
서울,서울_용산구,2018-05,1093.629400625754
서울,서울_용산구,2018-06,1093.936398699912
서울,서울_용산구,2018-07,1250.4168056018673
서울,서울_용산구,2018-08,1301.3115937291234
서울,서울_용산구,2018-09,1293.7254526829422
서울,서울_용산구,2018-10,1234.4777209642075
서울,서울_용산구,2018-11,1194.1243511756334
서울,서울_용산구,2018-12,1265.2240747309922
서울,서울_용산구,2019-01,1343.0096763430097
서울,서울_용산구,2019-02,1385.5582200905942
서울,서울_용산구,2019-03,1249.7492195893556
서울,서울_용산구,2019-04,1380.4939414122514
서울,서울_용산구,2019-05,1507.1235134816907
서울,서울_용산구,2019-06,1446.6656177330833
서울,서울_용산구,2019-07,1453.637765215476
서울,서울_용산구,2019-08,1434.0116625014875
서울,서울_용산구,2019-09,1474.0658557343045
서울,서울_용산구,2019-10,1435.268181699752
서울,서울_용산구,2019-11,1455.688831955281
서울,서울_용산구,2019-12,1431.9655051655182
서울,서울_용산구,2020-01,1453.62724356787
서울,서울_용산구,2020-02,1452.1782674011017
서울,서울_용산구,2020-03,1259.6672134989453
서울,서울_용산구,2020-04,1321.4970241097549
서울,서울_용산구,2020-05,1478.336082870936
서울,서울_용산구,2020-06,1471.0555117507915
서울,서울_용산구,2020-07,1572.0756727950973
서울,서울_용산구,2020-08,1647.9204812974103
서울,서울_용산구,2020-09,1598.6455875651877
서울,서울_용산구,2020-10,1661.925708699902
서울,서울_용산구,2020-11,1586.0348929421095
서울,서울_용산구,2020-12,1623.9399236097624
서울,서울_용산구,2021-01,1754.193977881461
서울,서울_용산구,2021-02,1709.5812490901899
서울,서울_용산구,2021-03,1765.1208160091605
서울,서울_용산구,2021-04,1820.2088712711798
서울,서울_용산구,2021-05,1873.124840425492
서울,서울_용산구,2021-06,1889.8150665752214
서울,서울_용산구,2021-07,1953.8188277087033
서울,서울_용산구,2021-08,1800.1911513848654
서울,서울_용산구,2021-09,1962.547546898133
서울,서울_용산구,2021-10,2036.1189801699718
서울,서울_용산구,2021-11,2250.3265645410283
서울,서울_용산구,2021-12,1849.5492695057505
서울,서울_용산구,2022-01,2116.986906988607
서울,서울_용산구,2022-02,1657.3001490996674
서울,서울_용산구,2022-03,1766.2170841361592
서울,서울_용산구,2022-04,1949.2191943162518
서울,서울_용산구,2022-05,1937.1604063312072
서울,서울_용산구,2022-06,1786.4029097620223
서울,서울_용산구,2022-07,1448.9311163895488
서울,서울_용산구,2022-08,2076.216278892721
서울,서울_용산구,2022-09,1575.143637950414
서울,서울_용산구,2022-10,1686.6330390920555
서울,서울_용산구,2022-11,1882.9693220552963
서울,서울_용산구,2022-12,1775.607241963413
서울,서울_용산구,2023-01,1724.865776210264
서울,서울_용산구,2023-02,1781.9324583923785
서울,서울_용산구,2023-03,1905.6640068872684
서울,서울_용산구,2023-04,1850.9684680910864
서울,서울_용산구,2023-05,1991.9972164231037
서울,서울_용산구,2023-06,2136.842737094838
서울,서울_용산구,2023-07,1992.451771586107
서울,서울_용산구,2023-08,2064.1769556327945
서울,서울_용산구,2023-09,1995.322595938188
서울,서울_용산구,2023-10,2090.9412180468844
서울,서울_용산구,2023-11,1712.2613947232155
서울,서울_용산구,2023-12,1695.7191234380857
서울,서울_용산구,2024-01,2144.9616971125515
서울,서울_용산구,2024-02,1941.6930005552395
서울,서울_용산구,2024-03,2133.3077703246668
서울,서울_용산구,2024-04,1992.3271427325835
서울,서울_용산구,2024-05,2082.338332218932
서울,서울_용산구,2024-06,2144.812899300274
서울,서울_용산구,2024-07,2130.400317082838
서울,서울_용산구,2024-08,2151.3087128002867
서울,서울_용산구,2024-09,2331.2456506610997
서울,서울_용산구,2024-10,2318.192515886091
서울,서울_용산구,2024-11,2154.953858635027
서울,서울_용산구,2024-12,1995.672404198159
서울,서울_용산구,2025-01,2313.3587358884743
서울,서울_용산구,2025-02,2437.374786600458
서울,서울_용산구,2025-03,2232.4225491078796
서울,서울_용산구,2025-04,2122.1401712463276
서울,서울_용산구,2025-05,2196.32902181027
서울,서울_용산구,2025-06,2108.4511321729296
서울,서울_용산구,2025-07,2124.144441822044
서울,서울_용산구,2025-08,1850.035865725986
서울,서울_용산구,2025-09,1999.2859692966797
서울,서울_용산구,2025-10,2114.4316539294023
서울,서울_용산구,2025-11,2066.359664659346
서울,서울_용산구,2025-12,2334.894952320553
서울,서울_은평구,2006-01,246.52489010336222
서울,서울_은평구,2006-02,235.58527268339714
서울,서울_은평구,2006-03,235.20722160518648
서울,서울_은평구,2006-04,256.0163850486431
서울,서울_은평구,2006-05,259.3269296448515
서울,서울_은평구,2006-06,247.51433943347183
서울,서울_은평구,2006-07,246.90257598716462
서울,서울_은평구,2006-08,265.10298837856436
서울,서울_은평구,2006-09,268.2248037370046
서울,서울_은평구,2006-10,286.80304853590053
서울,서울_은평구,2006-11,286.3189343956181
서울,서울_은평구,2006-12,296.89931761043937
서울,서울_은평구,2007-01,289.4884766722878
서울,서울_은평구,2007-02,287.3219202681671
서울,서울_은평구,2007-03,294.66954578457535
서울,서울_은평구,2007-04,289.325589498736
서울,서울_은평구,2007-05,300.1412429378531
서울,서울_은평구,2007-06,316.8612898778614
서울,서울_은평구,2007-07,301.38921591711795
서울,서울_은평구,2007-08,306.13446367596845
서울,서울_은평구,2007-09,317.5941540191119
서울,서울_은평구,2007-10,325.43598333001506
서울,서울_은평구,2007-11,337.13819432684977
서울,서울_은평구,2007-12,330.02200146676444
서울,서울_은평구,2008-01,362.0336848732882
서울,서울_은평구,2008-02,343.2080924855491
서울,서울_은평구,2008-03,371.33089708829425
서울,서울_은평구,2008-04,381.83279742765274
서울,서울_은평구,2008-05,373.8481721752779
서울,서울_은평구,2008-06,412.8049589833029
서울,서울_은평구,2008-07,414.1526123363604
서울,서울_은평구,2008-08,424.2196805299483
서울,서울_은평구,2008-09,429.54871494323487
서울,서울_은평구,2008-10,421.41817820443475
서울,서울_은평구,2008-11,421.1590296495957
서울,서울_은평구,2008-12,423.099587507366
서울,서울_은평구,2009-01,414.22653568469644
서울,서울_은평구,2009-02,412.06989087005786
서울,서울_은평구,2009-03,428.46612276810856
서울,서울_은평구,2009-04,407.38036613573524
서울,서울_은평구,2009-05,416.75407264842954
서울,서울_은평구,2009-06,395.5728718555822
서울,서울_은평구,2009-07,418.2908545727136
서울,서울_은평구,2009-08,419.79010494752623
서울,서울_은평구,2009-09,404.04040404040404
서울,서울_은평구,2009-10,431.1163895486936
서울,서울_은평구,2009-11,424.85897042509504
서울,서울_은평구,2009-12,418.2908545727136
서울,서울_은평구,2010-01,425.3831901633822
서울,서울_은평구,2010-02,434.78260869565213
서울,서울_은평구,2010-03,454.5454545454545
서울,서울_은평구,2010-04,429.5349662761803
서울,서울_은평구,2010-05,423.16234257082243
서울,서울_은평구,2010-06,433.55010838752713
서울,서울_은평구,2010-07,455.5673884747367
서울,서울_은평구,2010-08,509.4207444710596
서울,서울_은평구,2010-09,478.97166261405675
서울,서울_은평구,2010-10,467.7829265673138
서울,서울_은평구,2010-11,471.19802096831194
서울,서울_은평구,2010-12,471.19802096831194
서울,서울_은평구,2011-01,469.1322761745297
서울,서울_은평구,2011-02,462.34370840634494
서울,서울_은평구,2011-03,430.0188561100349
서울,서울_은평구,2011-04,407.999164217744
서울,서울_은평구,2011-05,412.20115416323165
서울,서울_은평구,2011-06,395.95858134551014
서울,서울_은평구,2011-07,415.82961423830375
서울,서울_은평구,2011-08,471.19802096831194
서울,서울_은평구,2011-09,446.54459539279384
서울,서울_은평구,2011-10,399.4421990593018
서울,서울_은평구,2011-11,435.8881256133464
서울,서울_은평구,2011-12,434.93868313643225
서울,서울_은평구,2012-01,432.3107900035532
서울,서울_은평구,2012-02,413.1354545214265
서울,서울_은평구,2012-03,394.97030211324653
서울,서울_은평구,2012-04,380.66368475502566
서울,서울_은평구,2012-05,450.86532398538793
서울,서울_은평구,2012-06,417.4914008481368
서울,서울_은평구,2012-07,413.6504653567735
서울,서울_은평구,2012-08,365.738555922605
서울,서울_은평구,2012-09,397.2236162452183
서울,서울_은평구,2012-10,436.8585634279055
서울,서울_은평구,2012-11,436.37221370444627
서울,서울_은평구,2012-12,447.55922437623946
서울,서울_은평구,2013-01,470.2351175587794
서울,서울_은평구,2013-02,469.4419840566873
서울,서울_은평구,2013-03,424.07850722766864
서울,서울_은평구,2013-04,465.6371566662737
서울,서울_은평구,2013-05,447.2128015902741
서울,서울_은평구,2013-06,438.3096945790023
서울,서울_은평구,2013-07,406.10364941359876
서울,서울_은평구,2013-08,395.3695888453924
서울,서울_은평구,2013-09,450.25721885631185
서울,서울_은평구,2013-10,444.93825013045745
서울,서울_은평구,2013-11,417.87548915911833
서울,서울_은평구,2013-12,466.5995300436388
서울,서울_은평구,2014-01,419.2697023352153
서울,서울_은평구,2014-02,421.27559425747233
서울,서울_은평구,2014-03,422.43553676105137
서울,서울_은평구,2014-04,425.280567040756
서울,서울_은평구,2014-05,452.9758165658174
서울,서울_은평구,2014-06,409.73871733966746
서울,서울_은평구,2014-07,418.58271430255866
서울,서울_은평구,2014-08,433.4633723450369
서울,서울_은평구,2014-09,415.29023124115145
서울,서울_은평구,2014-10,448.0309970328119
서울,서울_은평구,2014-11,485.6669035773513
서울,서울_은평구,2014-12,438.4820170172783
서울,서울_은평구,2015-01,447.82310631068805
서울,서울_은평구,2015-02,458.9434446565551
서울,서울_은평구,2015-03,447.6664550830187
서울,서울_은평구,2015-04,453.5214172055126
서울,서울_은평구,2015-05,474.8487604644132
서울,서울_은평구,2015-06,463.3814327990399
서울,서울_은평구,2015-07,469.3261816962789
서울,서울_은평구,2015-08,470.92064987049685
서울,서울_은평구,2015-09,466.9624095260332
서울,서울_은평구,2015-10,483.59855604943243
서울,서울_은평구,2015-11,487.2563718140929
서울,서울_은평구,2015-12,475.475594582469
서울,서울_은평구,2016-01,465.12723290510223
서울,서울_은평구,2016-02,469.8033242773124
서울,서울_은평구,2016-03,478.8798682197906
서울,서울_은평구,2016-04,494.7526236881559
서울,서울_은평구,2016-05,525.9310403013376
서울,서울_은평구,2016-06,512.7683892195347
서울,서울_은평구,2016-07,529.0566930997752
서울,서울_은평구,2016-08,520.117762512267
서울,서울_은평구,2016-09,520.7763085916351
서울,서울_은평구,2016-10,513.4790023823966
서울,서울_은평구,2016-11,527.7446042695628
서울,서울_은평구,2016-12,465.0341417471156
서울,서울_은평구,2017-01,545.8799064205875
서울,서울_은평구,2017-02,529.3334816506787
서울,서울_은평구,2017-03,494.06175771971493
서울,서울_은평구,2017-04,522.7397245301013
서울,서울_은평구,2017-05,539.7301349325337
서울,서울_은평구,2017-06,553.1494967883153
서울,서울_은평구,2017-07,570.0035625222658
서울,서울_은평구,2017-08,538.2968406265265
서울,서울_은평구,2017-09,582.2302631380487
서울,서울_은평구,2017-10,587.3334119589574
서울,서울_은평구,2017-11,608.8190093391654
서울,서울_은평구,2017-12,607.1136317342105
서울,서울_은평구,2018-01,630.3567547774478
서울,서울_은평구,2018-02,621.9081272084806
서울,서울_은평구,2018-03,638.2207281119342
서울,서울_은평구,2018-04,618.3368869936033
서울,서울_은평구,2018-05,643.4860946133258
서울,서울_은평구,2018-06,616.3328197226502
서울,서울_은평구,2018-07,618.0105944673337
서울,서울_은평구,2018-08,626.777832270721
서울,서울_은평구,2018-09,616.2375874257633
서울,서울_은평구,2018-10,588.8310185185185
서울,서울_은평구,2018-11,630.1890567170151
서울,서울_은평구,2018-12,564.2924008805987
서울,서울_은평구,2019-01,643.4860946133258
서울,서울_은평구,2019-02,666.4959097600639
서울,서울_은평구,2019-03,672.5294459592556
서울,서울_은평구,2019-04,643.9006015232311
서울,서울_은평구,2019-05,668.1699530978885
서울,서울_은평구,2019-06,673.3608978145304
서울,서울_은평구,2019-07,662.7349884050806
서울,서울_은평구,2019-08,712.935738735811
서울,서울_은평구,2019-09,735.9689375220614
서울,서울_은평구,2019-10,777.1905671270596
서울,서울_은평구,2019-11,781.0647898788782
서울,서울_은평구,2019-12,791.7665096703392
서울,서울_은평구,2020-01,803.877526894432
서울,서울_은평구,2020-02,718.0609998705137
서울,서울_은평구,2020-03,695.4266855256953
서울,서울_은평구,2020-04,691.3085171301543
서울,서울_은평구,2020-05,703.055473153367
서울,서울_은평구,2020-06,844.3463749369234
서울,서울_은평구,2020-07,827.790973871734
서울,서울_은평구,2020-08,829.3903983614018
서울,서울_은평구,2020-09,826.7109617101738
서울,서울_은평구,2020-10,879.4443136331529
서울,서울_은평구,2020-11,966.6391606742898
서울,서울_은평구,2020-12,999.1645781119465
서울,서울_은평구,2021-01,1031.9546153261533
서울,서울_은평구,2021-02,935.3540137343122
서울,서울_은평구,2021-03,934.8999747085118
서울,서울_은평구,2021-04,883.8259844839439
서울,서울_은평구,2021-05,983.7871871556745
서울,서울_은평구,2021-06,1013.0757450818707
서울,서울_은평구,2021-07,1073.3663599905638
서울,서울_은평구,2021-08,1122.8956228956229
서울,서울_은평구,2021-09,1196.2572545303801
서울,서울_은평구,2021-10,1175.0059405715804
서울,서울_은평구,2021-11,1063.4677556576485
서울,서울_은평구,2021-12,1221.3527045781577
서울,서울_은평구,2022-01,1281.8745692625776
서울,서울_은평구,2022-02,1176.3023544395182
서울,서울_은평구,2022-03,682.3308270676691
서울,서울_은평구,2022-04,1022.4047011615107
서울,서울_은평구,2022-05,956.3194623933833
서울,서울_은평구,2022-06,965.2623276947888
서울,서울_은평구,2022-07,1075.6770437863831
서울,서울_은평구,2022-08,899.0318118948824
서울,서울_은평구,2022-09,1001.2136608032763
서울,서울_은평구,2022-10,957.3234688650184
서울,서울_은평구,2022-11,733.5015199149541
서울,서울_은평구,2022-12,797.3421926910298
서울,서울_은평구,2023-01,1065.5797943666755
서울,서울_은평구,2023-02,1077.6890107521563
서울,서울_은평구,2023-03,1242.1503001863225
서울,서울_은평구,2023-04,1058.9481115425344
서울,서울_은평구,2023-05,1029.654036243822
서울,서울_은평구,2023-06,1049.4752623688155
서울,서울_은평구,2023-07,1097.3606705935658
서울,서울_은평구,2023-08,1051.4094706423332
서울,서울_은평구,2023-09,1113.9926912648828
서울,서울_은평구,2023-10,948.8838668536869
서울,서울_은평구,2023-11,985.0571834042908
서울,서울_은평구,2023-12,960.501233874662
서울,서울_은평구,2024-01,1053.0551104518354
서울,서울_은평구,2024-02,1004.6291736432581
서울,서울_은평구,2024-03,1020.1585737982416
서울,서울_은평구,2024-04,1136.0004260409469
서울,서울_은평구,2024-05,1089.291708627056
서울,서울_은평구,2024-06,1139.5783293301308
서울,서울_은평구,2024-07,1167.5969903910777
서울,서울_은평구,2024-08,1160.1043040393856
서울,서울_은평구,2024-09,986.6280503496364
서울,서울_은평구,2024-10,1067.7236445917295
서울,서울_은평구,2024-11,986.292209963223
서울,서울_은평구,2024-12,1010.3982734942123
서울,서울_은평구,2025-01,1041.2968879422554
서울,서울_은평구,2025-02,1033.2998661311915
서울,서울_은평구,2025-03,1101.522745458587
서울,서울_은평구,2025-04,1071.7888017133878
서울,서울_은평구,2025-05,1156.6931527743425
서울,서울_은평구,2025-06,1275.4251417139046
서울,서울_은평구,2025-07,1096.0518562168534
서울,서울_은평구,2025-08,1124.965789177399
서울,서울_은평구,2025-09,1197.4868707974856
서울,서울_은평구,2025-10,1251.8778167250878
서울,서울_은평구,2025-11,1122.1911244322182
서울,서울_은평구,2025-12,1146.9819335346242
서울,서울_종로구,2006-01,299.8370492342353
서울,서울_종로구,2006-02,358.9585324019396
서울,서울_종로구,2006-03,293.1098126180417
서울,서울_종로구,2006-04,295.85798816568047
서울,서울_종로구,2006-05,317.1274804475428
서울,서울_종로구,2006-06,292.5045703839122
서울,서울_종로구,2006-07,339.57504608518485
서울,서울_종로구,2006-08,301.3493112935307
서울,서울_종로구,2006-09,316.73142588013656
서울,서울_종로구,2006-10,313.0086390384374
서울,서울_종로구,2006-11,375.1909238252562
서울,서울_종로구,2006-12,398.78309488570954
서울,서울_종로구,2007-01,414.20118343195264
서울,서울_종로구,2007-02,375.31276063386156
서울,서울_종로구,2007-03,365.6307129798903
서울,서울_종로구,2007-04,402.19378427787933
서울,서울_종로구,2007-05,365.6307129798903
서울,서울_종로구,2007-06,368.34411344727357
서울,서울_종로구,2007-07,404.0219378427788
서울,서울_종로구,2007-08,369.432240095823
서울,서울_종로구,2007-09,410.89025628792405
서울,서울_종로구,2007-10,385.8279041444682
서울,서울_종로구,2007-11,450.58427411368586
서울,서울_종로구,2007-12,383.9122486288848
서울,서울_종로구,2008-01,435.7298474945534
서울,서울_종로구,2008-02,402.190655485196
서울,서울_종로구,2008-03,426.90284142169344
서울,서울_종로구,2008-04,446.4303656127746
서울,서울_종로구,2008-05,499.8333333333333
서울,서울_종로구,2008-06,423.70804871722794
서울,서울_종로구,2008-07,496.04346285579305
서울,서울_종로구,2008-08,462.6267684988105
서울,서울_종로구,2008-09,549.5184084816863
서울,서울_종로구,2008-10,522.830573314447
서울,서울_종로구,2008-11,411.2554112554113
서울,서울_종로구,2008-12,482.6996073118985
서울,서울_종로구,2009-01,536.0187719984357
서울,서울_종로구,2009-02,503.6864604021389
서울,서울_종로구,2009-03,401.7843350514651
서울,서울_종로구,2009-04,565.6222802436902
서울,서울_종로구,2009-05,517.3564753004006
서울,서울_종로구,2009-06,474.72527472527474
서울,서울_종로구,2009-07,507.7658303464756
서울,서울_종로구,2009-08,499.08592321755026
서울,서울_종로구,2009-09,526.542679666611
서울,서울_종로구,2009-10,556.5125215317345
서울,서울_종로구,2009-11,495.14755397108337
서울,서울_종로구,2009-12,563.5952894791662
서울,서울_종로구,2010-01,510.054844606947
서울,서울_종로구,2010-02,468.5997853496411
서울,서울_종로구,2010-03,525.6471879449919
서울,서울_종로구,2010-04,494.42127989188657
서울,서울_종로구,2010-05,450.7324402153499
서울,서울_종로구,2010-06,530.5978068623983
서울,서울_종로구,2010-07,438.88626710712595
서울,서울_종로구,2010-08,517.0705425394385
서울,서울_종로구,2010-09,504.7865294835992
서울,서울_종로구,2010-10,513.4899912967797
서울,서울_종로구,2010-11,562.1761658031088
서울,서울_종로구,2010-12,522.1223046875423
서울,서울_종로구,2011-01,588.9281507656066
서울,서울_종로구,2011-02,575.4795663052544
서울,서울_종로구,2011-03,550.4587155963302
서울,서울_종로구,2011-04,517.0975813177648
서울,서울_종로구,2011-05,504.69973890339423
서울,서울_종로구,2011-06,460.60154873676635
서울,서울_종로구,2011-07,584.162700129814
서울,서울_종로구,2011-08,606.3353744700895
서울,서울_종로구,2011-09,647.0796043334904
서울,서울_종로구,2011-10,583.8198498748957
서울,서울_종로구,2011-11,679.5461483604561
서울,서울_종로구,2011-12,571.2603062426383
서울,서울_종로구,2012-01,488.8507718696398
서울,서울_종로구,2012-02,604.3632075471698
서울,서울_종로구,2012-03,538.2803297997644
서울,서울_종로구,2012-04,565.4211253783335
서울,서울_종로구,2012-05,660.3760351808726
서울,서울_종로구,2012-06,581.0541599865173
서울,서울_종로구,2012-07,617.5240940886054
서울,서울_종로구,2012-08,505.2735132130397
서울,서울_종로구,2012-09,500.25012506253125
서울,서울_종로구,2012-10,550.584018104478
서울,서울_종로구,2012-11,570.1021790341579
서울,서울_종로구,2012-12,547.3580150312913
서울,서울_종로구,2013-01,582.8731747631749
서울,서울_종로구,2013-02,595.600901020273
서울,서울_종로구,2013-03,612.1210091351347
서울,서울_종로구,2013-04,579.6624132702672
서울,서울_종로구,2013-05,533.1437711036076
서울,서울_종로구,2013-06,565.3710247349823
서울,서울_종로구,2013-07,595.9281607640606
서울,서울_종로구,2013-08,606.0606060606061
서울,서울_종로구,2013-09,582.9792353673074
서울,서울_종로구,2013-10,568.604579391258
서울,서울_종로구,2013-11,574.658502119642
서울,서울_종로구,2013-12,574.47043949343
서울,서울_종로구,2014-01,595.7467363857455
서울,서울_종로구,2014-02,543.637966500147
서울,서울_종로구,2014-03,590.6230288524124
서울,서울_종로구,2014-04,592.1601334445371
서울,서울_종로구,2014-05,544.8376903752551
서울,서울_종로구,2014-06,612.4852767962308
서울,서울_종로구,2014-07,636.7924528301887
서울,서울_종로구,2014-08,597.1643035863219
서울,서울_종로구,2014-09,559.349976448422
서울,서울_종로구,2014-10,621.9081272084806
서울,서울_종로구,2014-11,600.1010151724549
서울,서울_종로구,2014-12,602.125147579693
서울,서울_종로구,2015-01,553.4620819594912
서울,서울_종로구,2015-02,559.796437659033
서울,서울_종로구,2015-03,623.4766651764247
서울,서울_종로구,2015-04,592.3315585719962
서울,서울_종로구,2015-05,625.5212677231026
서울,서울_종로구,2015-06,582.312764955252
서울,서울_종로구,2015-07,608.2070331153718
서울,서울_종로구,2015-08,576.8248265405343
서울,서울_종로구,2015-09,593.5596170583116
서울,서울_종로구,2015-10,616.9619213492018
서울,서울_종로구,2015-11,645.147162563909
서울,서울_종로구,2015-12,660.3583667111704
서울,서울_종로구,2016-01,650.5421184320267
서울,서울_종로구,2016-02,626.4628342222725
서울,서울_종로구,2016-03,683.0185067562277
서울,서울_종로구,2016-04,579.5246800731261
서울,서울_종로구,2016-05,678.532874617737
서울,서울_종로구,2016-06,625.1796219375046
서울,서울_종로구,2016-07,618.4705680184018
서울,서울_종로구,2016-08,641.5704703359004
서울,서울_종로구,2016-09,651.892771986803
서울,서울_종로구,2016-10,668.4021903342891
서울,서울_종로구,2016-11,697.4605567387007
서울,서울_종로구,2016-12,706.4295807819124
서울,서울_종로구,2017-01,683.8669567920423
서울,서울_종로구,2017-02,697.5339390852782
서울,서울_종로구,2017-03,700.5416862929816
서울,서울_종로구,2017-04,674.0422797262083
서울,서울_종로구,2017-05,657.0890249646726
서울,서울_종로구,2017-06,690.522608640966
서울,서울_종로구,2017-07,617.9196704428424
서울,서울_종로구,2017-08,670.8041018157267
서울,서울_종로구,2017-09,778.6140988089167
서울,서울_종로구,2017-10,756.9276756905238
서울,서울_종로구,2017-11,752.7654616247519
서울,서울_종로구,2017-12,755.1502843044806
서울,서울_종로구,2018-01,776.024493641074
서울,서울_종로구,2018-02,730.7045651099462
서울,서울_종로구,2018-03,719.2027124216582
서울,서울_종로구,2018-04,716.1879895561358
서울,서울_종로구,2018-05,680.9031604258234
서울,서울_종로구,2018-06,744.3289224952741
서울,서울_종로구,2018-07,731.2614259597806
서울,서울_종로구,2018-08,740.4021937842779
서울,서울_종로구,2018-09,712.3864107294949
서울,서울_종로구,2018-10,734.5591151093986
서울,서울_종로구,2018-11,744.8149421336084
서울,서울_종로구,2018-12,697.2732944328233
서울,서울_종로구,2019-01,764.0671444790592
서울,서울_종로구,2019-02,740.2386955377553
서울,서울_종로구,2019-03,773.7573557030173
서울,서울_종로구,2019-04,766.3197729422894
서울,서울_종로구,2019-05,891.835476005469
서울,서울_종로구,2019-06,925.7667576739068
서울,서울_종로구,2019-07,968.9213893967093
서울,서울_종로구,2019-08,786.443216927254
서울,서울_종로구,2019-09,942.6898992649061
서울,서울_종로구,2019-10,993.6481982265267
서울,서울_종로구,2019-11,979.6278850682995
서울,서울_종로구,2019-12,874.4186046511628
서울,서울_종로구,2020-01,797.2941168784112
서울,서울_종로구,2020-02,796.4497041420118
서울,서울_종로구,2020-03,795.0035869676228
서울,서울_종로구,2020-04,753.1704299412311
서울,서울_종로구,2020-05,999.9129677980852
서울,서울_종로구,2020-06,958.1322603074289
서울,서울_종로구,2020-07,933.8910696550787
서울,서울_종로구,2020-08,952.5511141354629
서울,서울_종로구,2020-09,829.4728934518592
서울,서울_종로구,2020-10,663.5845471817606
서울,서울_종로구,2020-11,1015.3108567893598
서울,서울_종로구,2020-12,1107.1849234393403
서울,서울_종로구,2021-01,1002.5780578630764
서울,서울_종로구,2021-02,1192.870201096892
서울,서울_종로구,2021-03,949.3728813765292
서울,서울_종로구,2021-04,1065.5471578950264
서울,서울_종로구,2021-05,970.3267810191561
서울,서울_종로구,2021-06,1050.173156743354
서울,서울_종로구,2021-07,1051.5122873345936
서울,서울_종로구,2021-08,1187.1131487209013
서울,서울_종로구,2021-09,1231.4095782127974
서울,서울_종로구,2021-10,1329.8202207996071
서울,서울_종로구,2021-11,1141.8162431135595
서울,서울_종로구,2021-12,1316.2544169611306
서울,서울_종로구,2022-01,1114.4206999420876
서울,서울_종로구,2022-02,1436.98468786808
서울,서울_종로구,2022-03,1043.2273974584486
서울,서울_종로구,2022-04,1205.5167716669505
서울,서울_종로구,2022-05,1107.9399939132495
서울,서울_종로구,2022-06,905.8188362327534
서울,서울_종로구,2022-07,741.1150412666329
서울,서울_종로구,2022-08,772.5587144622991
서울,서울_종로구,2022-09,807.6602830974189
서울,서울_종로구,2022-10,814.1304144737653
서울,서울_종로구,2022-11,1060.070671378092
서울,서울_종로구,2022-12,981.4668682118886
서울,서울_종로구,2023-01,1177.1078662270372
서울,서울_종로구,2023-02,1247.6448422044277
서울,서울_종로구,2023-03,1513.0674002751032
서울,서울_종로구,2023-04,1181.2247435498912
서울,서울_종로구,2023-05,1180.7557598702565
서울,서울_종로구,2023-06,1282.2173508702006
서울,서울_종로구,2023-07,1283.479441885857
서울,서울_종로구,2023-08,1401.4083192609467
서울,서울_종로구,2023-09,1148.6121173598608
서울,서울_종로구,2023-10,1003.780471907183
서울,서울_종로구,2023-11,1061.4514287440993
서울,서울_종로구,2023-12,1064.8278412073432
서울,서울_종로구,2024-01,1136.956611519512
서울,서울_종로구,2024-02,971.3931121415103
서울,서울_종로구,2024-03,1283.2275817913705
서울,서울_종로구,2024-04,1130.7797322584047
서울,서울_종로구,2024-05,1389.8704358068314
서울,서울_종로구,2024-06,1381.1444780452612
서울,서울_종로구,2024-07,1309.0812153986033
서울,서울_종로구,2024-08,1114.5455022646472
서울,서울_종로구,2024-09,1073.223814586859
서울,서울_종로구,2024-10,1317.9274839596549
서울,서울_종로구,2024-11,1360.9014685319476
서울,서울_종로구,2024-12,1055.6250710954384
서울,서울_종로구,2025-01,1355.2051662777817
서울,서울_종로구,2025-02,1460.1516930202843
서울,서울_종로구,2025-03,1458.9442815249267
서울,서울_종로구,2025-04,1161.819028937336
서울,서울_종로구,2025-05,1363.1331303625795
서울,서울_종로구,2025-06,1345.9785171639212
서울,서울_종로구,2025-07,1087.1309725190158
서울,서울_종로구,2025-08,1255.6704676967215
서울,서울_종로구,2025-09,1409.6819290454534
서울,서울_종로구,2025-10,1345.89844527806
서울,서울_종로구,2025-11,993.193849256365
서울,서울_종로구,2025-12,1279.707495429616
서울,서울_중구,2006-01,427.4328017143106
서울,서울_중구,2006-02,441.1910388529711
서울,서울_중구,2006-03,452.7085928461951
서울,서울_중구,2006-04,464.56098998232176
서울,서울_중구,2006-05,469.85186575575403
서울,서울_중구,2006-06,433.31141767908827
서울,서울_중구,2006-07,444.10052708075307
서울,서울_중구,2006-08,460.46046046046047
서울,서울_중구,2006-09,463.1483817671567
서울,서울_중구,2006-10,485.85806003817453
서울,서울_중구,2006-11,472.3084666587492
서울,서울_중구,2006-12,469.7410978818014
서울,서울_중구,2007-01,458.48616205401805
서울,서울_중구,2007-02,486.8289429809937
서울,서울_중구,2007-03,460.660661755483
서울,서울_중구,2007-04,510.2843777040846
서울,서울_중구,2007-05,485.85806003817453
서울,서울_중구,2007-06,483.83111153566733
서울,서울_중구,2007-07,488.091465824952
서울,서울_중구,2007-08,520.5622071837585
서울,서울_중구,2007-09,504.1876046901172
서울,서울_중구,2007-10,453.6471318848918
서울,서울_중구,2007-11,481.65666246432886
서울,서울_중구,2007-12,489.1455366446683
서울,서울_중구,2008-01,550.2751375687844
서울,서울_중구,2008-02,454.3897545596264
서울,서울_중구,2008-03,522.1762626760024
서울,서울_중구,2008-04,587.5696378830083
서울,서울_중구,2008-05,611.2560472358545
서울,서울_중구,2008-06,603.7251123956327
서울,서울_중구,2008-07,500.17863522686673
서울,서울_중구,2008-08,509.18196994991655
서울,서울_중구,2008-09,558.7157122993301
서울,서울_중구,2008-10,549.6191126344247
서울,서울_중구,2008-11,577.5686271163747
서울,서울_중구,2008-12,471.25353440150803
서울,서울_중구,2009-01,567.233900567234
서울,서울_중구,2009-02,562.8750346434019
서울,서울_중구,2009-03,557.223890557224
서울,서울_중구,2009-04,583.9172505839173
서울,서울_중구,2009-05,592.258925592259
서울,서울_중구,2009-06,608.9422756089423
서울,서울_중구,2009-07,602.2689356022689
서울,서울_중구,2009-08,622.7775314665639
서울,서울_중구,2009-09,642.026722193302
서울,서울_중구,2009-10,600.8482563619227
서울,서울_중구,2009-11,617.283950617284
서울,서울_중구,2009-12,622.288955622289
서울,서울_중구,2010-01,636.1922714420358
서울,서울_중구,2010-02,635.0797860380015
서울,서울_중구,2010-03,610.2618793695935
서울,서울_중구,2010-04,622.288955622289
서울,서울_중구,2010-05,530.1602262016966
서울,서울_중구,2010-06,566.8556185395132
서울,서울_중구,2010-07,591.7159763313609
서울,서울_중구,2010-08,555.2663543293423
서울,서울_중구,2010-09,597.263930597264
서울,서울_중구,2010-10,589.066918001885
서울,서울_중구,2010-11,600.6006006006006
서울,서울_중구,2010-12,607.9170593779454
서울,서울_중구,2011-01,617.283950617284
서울,서울_중구,2011-02,621.7555450684284
서울,서울_중구,2011-03,563.528447137189
서울,서울_중구,2011-04,567.7847658979734
서울,서울_중구,2011-05,610.7231930870605
서울,서울_중구,2011-06,579.4563948640987
서울,서울_중구,2011-07,640.4112572972032
서울,서울_중구,2011-08,619.7526099651816
서울,서울_중구,2011-09,611.3077318875935
서울,서울_중구,2011-10,596.911330904043
서울,서울_중구,2011-11,582.2590226420882
서울,서울_중구,2011-12,587.9399492872897
서울,서울_중구,2012-01,602.2758001464956
서울,서울_중구,2012-02,602.9896053229508
서울,서울_중구,2012-03,596.8020627216131
서울,서울_중구,2012-04,571.3599481656322
서울,서울_중구,2012-05,588.9975262103899
서울,서울_중구,2012-06,609.0951932139492
서울,서울_중구,2012-07,617.1809841534612
서울,서울_중구,2012-08,580.5805805805807
서울,서울_중구,2012-09,551.7254332457701
서울,서울_중구,2012-10,570.1142912781754
서울,서울_중구,2012-11,590.4944617864578
서울,서울_중구,2012-12,561.1989547327285
서울,서울_중구,2013-01,561.5756781834327
서울,서울_중구,2013-02,591.527838693505
서울,서울_중구,2013-03,574.7560394675515
서울,서울_중구,2013-04,555.2756652348232
서울,서울_중구,2013-05,600.4003336447485
서울,서울_중구,2013-06,602.6540444594709
서울,서울_중구,2013-07,591.9220055710307
서울,서울_중구,2013-08,560.1095028632446
서울,서울_중구,2013-09,604.5107448150341
서울,서울_중구,2013-10,619.6983977379831
서울,서울_중구,2013-11,630.301602262017
서울,서울_중구,2013-12,630.301602262017
서울,서울_중구,2014-01,623.5273327049953
서울,서울_중구,2014-02,600.8482563619227
서울,서울_중구,2014-03,600.70674711643
서울,서울_중구,2014-04,598.3485966803839
서울,서울_중구,2014-05,591.8639546515506
서울,서울_중구,2014-06,609.0951932139492
서울,서울_중구,2014-07,620.8765315739869
서울,서울_중구,2014-08,601.7374938443045
서울,서울_중구,2014-09,619.6983977379831
서울,서울_중구,2014-10,600.9995323286938
서울,서울_중구,2014-11,605.4894569442808
서울,서울_중구,2014-12,624.4109330819981
서울,서울_중구,2015-01,629.2553261952692
서울,서울_중구,2015-02,627.612775568513
서울,서울_중구,2015-03,635.0802409798142
서울,서울_중구,2015-04,633.5445148382795
서울,서울_중구,2015-05,641.9694939519181
서울,서울_중구,2015-06,621.761658031088
서울,서울_중구,2015-07,613.0124354299705
서울,서울_중구,2015-08,630.3151575787894
서울,서울_중구,2015-09,645.8111150610262
서울,서울_중구,2015-10,646.4908148845973
서울,서울_중구,2015-11,664.2187408112151
서울,서울_중구,2015-12,676.4792096786127
서울,서울_중구,2016-01,636.1922714420358
서울,서울_중구,2016-02,647.9736098020735
서울,서울_중구,2016-03,650.216738912971
서울,서울_중구,2016-04,647.9354443167513
서울,서울_중구,2016-05,645.617342130066
서울,서울_중구,2016-06,652.6930264576498
서울,서울_중구,2016-07,670.6965979819024
서울,서울_중구,2016-08,688.2565631600679
서울,서울_중구,2016-09,702.7663331371394
서울,서울_중구,2016-10,704.0679361232324
서울,서울_중구,2016-11,695.01708092826
서울,서울_중구,2016-12,703.2683918144364
서울,서울_중구,2017-01,695.336094278267
서울,서울_중구,2017-02,717.8631051752922
서울,서울_중구,2017-03,761.7170896206078
서울,서울_중구,2017-04,731.143159911911
서울,서울_중구,2017-05,744.1640004739899
서울,서울_중구,2017-06,742.2243166823752
서울,서울_중구,2017-07,710.3343012189583
서울,서울_중구,2017-08,724.5749717647304
서울,서울_중구,2017-09,817.1752369719209
서울,서울_중구,2017-10,828.2063416942735
서울,서울_중구,2017-11,841.3645403090102
서울,서울_중구,2017-12,817.416243293472
서울,서울_중구,2018-01,809.7573335340744
서울,서울_중구,2018-02,834.1675008341675
서울,서울_중구,2018-03,823.9859952966999
서울,서울_중구,2018-04,836.0967435302842
서울,서울_중구,2018-05,889.4910461828465
서울,서울_중구,2018-06,853.2126325205761
서울,서울_중구,2018-07,930.2844234799063
서울,서울_중구,2018-08,865.7555366095426
서울,서울_중구,2018-09,924.7261161503121
서울,서울_중구,2018-10,906.7357512953367
서울,서울_중구,2018-11,847.6912474155755
서울,서울_중구,2018-12,923.6725663716815
서울,서울_중구,2019-01,917.9710486053901
서울,서울_중구,2019-02,906.7013395091931
서울,서울_중구,2019-03,913.450839211673
서울,서울_중구,2019-04,1024.97643732328
서울,서울_중구,2019-05,984.4890936088702
서울,서울_중구,2019-06,986.5033762657712
서울,서울_중구,2019-07,1033.9936390492287
서울,서울_중구,2019-08,1024.9584055044807
서울,서울_중구,2019-09,947.3931975991527
서울,서울_중구,2019-10,1042.7591324818036
서울,서울_중구,2019-11,1053.2998869265703
서울,서울_중구,2019-12,1112.540192926045
서울,서울_중구,2020-01,998.7589584782157
서울,서울_중구,2020-02,1039.881950018098
서울,서울_중구,2020-03,1053.436911487759
서울,서울_중구,2020-04,1058.9664206781313
서울,서울_중구,2020-05,1090.1765612039342
서울,서울_중구,2020-06,1089.3574297188754
서울,서울_중구,2020-07,1129.0280027556137
서울,서울_중구,2020-08,1205.8350698411336
서울,서울_중구,2020-09,1173.6792800476478
서울,서울_중구,2020-10,1201.2534818941504
서울,서울_중구,2020-11,1267.9227396610972
서울,서울_중구,2020-12,1283.5609985869053
서울,서울_중구,2021-01,1268.8460964323035
서울,서울_중구,2021-02,1312.5235749426731
서울,서울_중구,2021-03,1153.3196348512938
서울,서울_중구,2021-04,1211.9771863117871
서울,서울_중구,2021-05,1307.5745081870657
서울,서울_중구,2021-06,1354.8122717131405
서울,서울_중구,2021-07,1492.0557937966555
서울,서울_중구,2021-08,1325.5567338282078
서울,서울_중구,2021-09,1405.3254437869823
서울,서울_중구,2021-10,1455.184240601357
서울,서울_중구,2021-11,1332.122642278854
서울,서울_중구,2021-12,1256.2814070351758
서울,서울_중구,2022-01,1074.7911322566313
서울,서울_중구,2022-02,1499.3721379172473
서울,서울_중구,2022-03,1388.7254325055903
서울,서울_중구,2022-04,1136.3636363636363
서울,서울_중구,2022-05,1185.9219586840093
서울,서울_중구,2022-06,977.160348481281
서울,서울_중구,2022-07,1237.2571229415353
서울,서울_중구,2022-08,1325.5567338282078
서울,서울_중구,2022-09,852.6794643774226
서울,서울_중구,2022-10,1100.3271751822756
서울,서울_중구,2022-11,939.261114589856
서울,서울_중구,2022-12,1000.3530657879252
서울,서울_중구,2023-01,1150.9320048892384
서울,서울_중구,2023-02,1204.3142108855473
서울,서울_중구,2023-03,1085.4135024880156
서울,서울_중구,2023-04,1166.3387119323113
서울,서울_중구,2023-05,1358.9773798303488
서울,서울_중구,2023-06,1237.1224026540947
서울,서울_중구,2023-07,1281.4015718726314
서울,서울_중구,2023-08,1411.1406126268314
서울,서울_중구,2023-09,1352.0280420630947
서울,서울_중구,2023-10,1288.300835654596
서울,서울_중구,2023-11,1191.6750587445451
서울,서울_중구,2023-12,1305.802129955026
서울,서울_중구,2024-01,1348.9599252453154
서울,서울_중구,2024-02,1302.4602026049204
서울,서울_중구,2024-03,1371.8362027573908
서울,서울_중구,2024-04,1483.5747085835392
서울,서울_중구,2024-05,1392.1272407439117
서울,서울_중구,2024-06,1500.7503751875938
서울,서울_중구,2024-07,1435.8008708956102
서울,서울_중구,2024-08,1495.5966832428062
서울,서울_중구,2024-09,1309.4397363465162
서울,서울_중구,2024-10,1496.2299717247881
서울,서울_중구,2024-11,1403.9641340254836
서울,서울_중구,2024-12,1500.7503751875938
서울,서울_중구,2025-01,1463.7985309548794
서울,서울_중구,2025-02,1543.355325164939
서울,서울_중구,2025-03,1561.0273327049954
서울,서울_중구,2025-04,1418.8718662952647
서울,서울_중구,2025-05,1579.0386951240673
서울,서울_중구,2025-06,1493.164624164934
서울,서울_중구,2025-07,1394.2534149788034
서울,서울_중구,2025-08,1391.7542787670181
서울,서울_중구,2025-09,1594.2558258888218
서울,서울_중구,2025-10,1502.2533800701053
서울,서울_중구,2025-11,1398.2801272234656
서울,서울_중구,2025-12,1472.7847037530532
서울,서울_중랑구,2006-01,252.6090766429577
서울,서울_중랑구,2006-02,256.7726737338045
서울,서울_중랑구,2006-03,256.0240963855422
서울,서울_중랑구,2006-04,260.5185556436885
서울,서울_중랑구,2006-05,259.3445201142706
서울,서울_중랑구,2006-06,258.40225642842205
서울,서울_중랑구,2006-07,249.34319619659416
서울,서울_중랑구,2006-08,255.83164051860905
서울,서울_중랑구,2006-09,261.2015270243118
서울,서울_중랑구,2006-10,269.457867191092
서울,서울_중랑구,2006-11,281.12449799196787
서울,서울_중랑구,2006-12,284.4915013589713
서울,서울_중랑구,2007-01,288.57479387514724
서울,서울_중랑구,2007-02,287.71562337169996
서울,서울_중랑구,2007-03,287.86976374826287
서울,서울_중랑구,2007-04,291.9719123491715
서울,서울_중랑구,2007-05,296.9141033406099
서울,서울_중랑구,2007-06,307.5049668574571
서울,서울_중랑구,2007-07,312.5
서울,서울_중랑구,2007-08,308.57432248746335
서울,서울_중랑구,2007-09,327.8902223081806
서울,서울_중랑구,2007-10,336.0447549806439
서울,서울_중랑구,2007-11,337.99810246679317
서울,서울_중랑구,2007-12,339.12462412295355
서울,서울_중랑구,2008-01,361.6636528028933
서울,서울_중랑구,2008-02,372.37803440961585
서울,서울_중랑구,2008-03,387.55137991779213
서울,서울_중랑구,2008-04,430.593942114265
서울,서울_중랑구,2008-05,451.8072289156627
서울,서울_중랑구,2008-06,468.1914235083797
서울,서울_중랑구,2008-07,455.12751230666083
서울,서울_중랑구,2008-08,459.32827661478575
서울,서울_중랑구,2008-09,425.6384576865298
서울,서울_중랑구,2008-10,418.2369147953316
서울,서울_중랑구,2008-11,353.73187124159887
서울,서울_중랑구,2008-12,402.549480040255
서울,서울_중랑구,2009-01,376.82524729156853
서울,서울_중랑구,2009-02,402.8436018957346
서울,서울_중랑구,2009-03,401.60642570281124
서울,서울_중랑구,2009-04,412.4199673871268
서울,서울_중랑구,2009-05,417.6516942474389
서울,서울_중랑구,2009-06,425.03346720214194
서울,서울_중랑구,2009-07,431.9654427645788
서울,서울_중랑구,2009-08,439.25702811244975
서울,서울_중랑구,2009-09,436.99066965867485
서울,서울_중랑구,2009-10,431.86632148740875
서울,서울_중랑구,2009-11,426.96629213483146
서울,서울_중랑구,2009-12,439.25702811244975
서울,서울_중랑구,2010-01,440.3992953611274
서울,서울_중랑구,2010-02,436.2546527586219
서울,서울_중랑구,2010-03,433.325180023995
서울,서울_중랑구,2010-04,413.7142797189466
서울,서울_중랑구,2010-05,415.33810852304384
서울,서울_중랑구,2010-06,405.9301094246382
서울,서울_중랑구,2010-07,394.2642031401764
서울,서울_중랑구,2010-08,400.20020020020024
서울,서울_중랑구,2010-09,404.72930888818996
서울,서울_중랑구,2010-10,410.43861603590415
서울,서울_중랑구,2010-11,416.66666666666663
서울,서울_중랑구,2010-12,423.82060144852466
서울,서울_중랑구,2011-01,420.4810134105003
서울,서울_중랑구,2011-02,431.23938879456705
서울,서울_중랑구,2011-03,429.8166516381124
서울,서울_중랑구,2011-04,422.6736040018146
서울,서울_중랑구,2011-05,409.4634873323398
서울,서울_중랑구,2011-06,433.7414041550261
서울,서울_중랑구,2011-07,421.0858585858586
서울,서울_중랑구,2011-08,416.41613760859093
서울,서울_중랑구,2011-09,417.707961442342
서울,서울_중랑구,2011-10,425.53191489361706
서울,서울_중랑구,2011-11,412.57615019931404
서울,서울_중랑구,2011-12,411.95856873822976
서울,서울_중랑구,2012-01,440.6168636090527
서울,서울_중랑구,2012-02,414.206501714757
서울,서울_중랑구,2012-03,415.7740993184031
서울,서울_중랑구,2012-04,401.60642570281124
서울,서울_중랑구,2012-05,406.8640210749521
서울,서울_중랑구,2012-06,389.61038961038963
서울,서울_중랑구,2012-07,393.13632024821595
서울,서울_중랑구,2012-08,403.87205387205387
서울,서울_중랑구,2012-09,388.8462734604367
서울,서울_중랑구,2012-10,403.56064955320346
서울,서울_중랑구,2012-11,391.92795196797863
서울,서울_중랑구,2012-12,382.8784606322403
서울,서울_중랑구,2013-01,411.8431455847819
서울,서울_중랑구,2013-02,409.7406728979147
서울,서울_중랑구,2013-03,397.6045552719419
서울,서울_중랑구,2013-04,401.60642570281124
서울,서울_중랑구,2013-05,395.59339008512774
서울,서울_중랑구,2013-06,384.83466362599773
서울,서울_중랑구,2013-07,395.1939999703868
서울,서울_중랑구,2013-08,394.7059952927676
서울,서울_중랑구,2013-09,400.6068015656099
서울,서울_중랑구,2013-10,400.2528965945437
서울,서울_중랑구,2013-11,403.1854995575366
서울,서울_중랑구,2013-12,389.5490923659071
서울,서울_중랑구,2014-01,389.0193775689959
서울,서울_중랑구,2014-02,409.9732262382865
서울,서울_중랑구,2014-03,399.8335058665358
서울,서울_중랑구,2014-04,399.39332659251767
서울,서울_중랑구,2014-05,401.52930547246376
서울,서울_중랑구,2014-06,390.2658003544004
서울,서울_중랑구,2014-07,394.5658594211459
서울,서울_중랑구,2014-08,400.4482561466875
서울,서울_중랑구,2014-09,408.0791426215994
서울,서울_중랑구,2014-10,401.45985401459853
서울,서울_중랑구,2014-11,414.15662650602405
서울,서울_중랑구,2014-12,412.47197589649363
서울,서울_중랑구,2015-01,418.954742679347
서울,서울_중랑구,2015-02,415.0122916026224
서울,서울_중랑구,2015-03,412.1040857176498
서울,서울_중랑구,2015-04,424.96785563228457
서울,서울_중랑구,2015-05,423.66170414950903
서울,서울_중랑구,2015-06,429.29292929292933
서울,서울_중랑구,2015-07,437.7104377104377
서울,서울_중랑구,2015-08,442.4778761061947
서울,서울_중랑구,2015-09,452.69048433605394
서울,서울_중랑구,2015-10,452.07956600361666
서울,서울_중랑구,2015-11,447.33767317643134
서울,서울_중랑구,2015-12,447.796370492576
서울,서울_중랑구,2016-01,443.32493702770785
서울,서울_중랑구,2016-02,439.92439322215347
서울,서울_중랑구,2016-03,447.6732770469272
서울,서울_중랑구,2016-04,459.9129894344313
서울,서울_중랑구,2016-05,459.0234248833382
서울,서울_중랑구,2016-06,461.2794612794613
서울,서울_중랑구,2016-07,464.6442414682758
서울,서울_중랑구,2016-08,467.17285178379086
서울,서울_중랑구,2016-09,469.45898778359515
서울,서울_중랑구,2016-10,460.6456029103781
서울,서울_중랑구,2016-11,455.9652623450843
서울,서울_중랑구,2016-12,474.09762108313566
서울,서울_중랑구,2017-01,470.8342840432262
서울,서울_중랑구,2017-02,477.92685948950333
서울,서울_중랑구,2017-03,473.66333320167655
서울,서울_중랑구,2017-04,490.1151964889749
서울,서울_중랑구,2017-05,476.90763052208837
서울,서울_중랑구,2017-06,486.8549172346641
서울,서울_중랑구,2017-07,498.3164983164983
서울,서울_중랑구,2017-08,502.8388161299554
서울,서울_중랑구,2017-09,500.00000000000006
서울,서울_중랑구,2017-10,486.8485606188402
서울,서울_중랑구,2017-11,515.0243610661006
서울,서울_중랑구,2017-12,524.7768227166569
서울,서울_중랑구,2018-01,515.2329749103943
서울,서울_중랑구,2018-02,527.0222303354833
서울,서울_중랑구,2018-03,515.4760503707191
서울,서울_중랑구,2018-04,517.8907721280603
서울,서울_중랑구,2018-05,527.1208377456171
서울,서울_중랑구,2018-06,541.4312617702449
서울,서울_중랑구,2018-07,541.4312617702449
서울,서울_중랑구,2018-08,552.2128626821767
서울,서울_중랑구,2018-09,594.8132286462051
서울,서울_중랑구,2018-10,591.8343334509942
서울,서울_중랑구,2018-11,569.4089927351266
서울,서울_중랑구,2018-12,598.8611820145297
서울,서울_중랑구,2019-01,590.8662900188324
서울,서울_중랑구,2019-02,649.2077464788732
서울,서울_중랑구,2019-03,599.6598943882574
서울,서울_중랑구,2019-04,619.1432396251673
서울,서울_중랑구,2019-05,631.0624377755654
서울,서울_중랑구,2019-06,617.4698795180723
서울,서울_중랑구,2019-07,627.1443587801864
서울,서울_중랑구,2019-08,637.4799448138664
서울,서울_중랑구,2019-09,649.2637215528782
서울,서울_중랑구,2019-10,653.6829904189945
서울,서울_중랑구,2019-11,664.7840922461467
서울,서울_중랑구,2019-12,661.9718309859155
서울,서울_중랑구,2020-01,668.0731364275667
서울,서울_중랑구,2020-02,694.1766293868106
서울,서울_중랑구,2020-03,708.946158171637
서울,서울_중랑구,2020-04,717.7314978232733
서울,서울_중랑구,2020-05,743.6496017272675
서울,서울_중랑구,2020-06,738.1112487832618
서울,서울_중랑구,2020-07,781.4693681276121
서울,서울_중랑구,2020-08,865.3645775078206
서울,서울_중랑구,2020-09,794.3486895228148
서울,서울_중랑구,2020-10,824.0956139276868
서울,서울_중랑구,2020-11,878.7121284870602
서울,서울_중랑구,2020-12,883.7044892188052
서울,서울_중랑구,2021-01,934.8509674683567
서울,서울_중랑구,2021-02,886.0759493670886
서울,서울_중랑구,2021-03,964.6856158484065
서울,서울_중랑구,2021-04,944.4444444444445
서울,서울_중랑구,2021-05,978.5783836416748
서울,서울_중랑구,2021-06,969.9842326420331
서울,서울_중랑구,2021-07,1029.7752147816877
서울,서울_중랑구,2021-08,1030.9633161542147
서울,서울_중랑구,2021-09,1002.7132240179309
서울,서울_중랑구,2021-10,1007.4107505831894
서울,서울_중랑구,2021-11,1020.4479065238559
서울,서울_중랑구,2021-12,948.1743227326266
서울,서울_중랑구,2022-01,900.7417873542917
서울,서울_중랑구,2022-02,950.1428484470969
서울,서울_중랑구,2022-03,895.2979770366321
서울,서울_중랑구,2022-04,917.0013386880858
서울,서울_중랑구,2022-05,1109.7932904100305
서울,서울_중랑구,2022-06,898.9554494018562
서울,서울_중랑구,2022-07,938.9394118341797
서울,서울_중랑구,2022-08,835.6873822975518
서울,서울_중랑구,2022-09,840.5739205699258
서울,서울_중랑구,2022-10,836.1204013377927
서울,서울_중랑구,2022-11,820.1364879217228
서울,서울_중랑구,2022-12,859.0308370044053
서울,서울_중랑구,2023-01,781.1903840228347
서울,서울_중랑구,2023-02,796.8601332064701
서울,서울_중랑구,2023-03,826.1099088034101
서울,서울_중랑구,2023-04,765.2897774485168
서울,서울_중랑구,2023-05,829.6296296296297
서울,서울_중랑구,2023-06,929.6179103363111
서울,서울_중랑구,2023-07,867.003367003367
서울,서울_중랑구,2023-08,879.330593071051
서울,서울_중랑구,2023-09,844.7006079798514
서울,서울_중랑구,2023-10,932.6526605144315
서울,서울_중랑구,2023-11,877.7862348979529
서울,서울_중랑구,2023-12,818.074424099232
서울,서울_중랑구,2024-01,837.9591712925046
서울,서울_중랑구,2024-02,820.20749413048
서울,서울_중랑구,2024-03,858.7216248506572
서울,서울_중랑구,2024-04,856.3157066774177
서울,서울_중랑구,2024-05,848.456280933302
서울,서울_중랑구,2024-06,853.470603568941
서울,서울_중랑구,2024-07,891.723305166743
서울,서울_중랑구,2024-08,892.1087294934738
서울,서울_중랑구,2024-09,879.690356444602
서울,서울_중랑구,2024-10,887.8504672897195
서울,서울_중랑구,2024-11,861.7620728726001
서울,서울_중랑구,2024-12,873.458602466236
서울,서울_중랑구,2025-01,896.057347670251
서울,서울_중랑구,2025-02,884.8439474603479
서울,서울_중랑구,2025-03,884.0667068515169
서울,서울_중랑구,2025-04,877.8625954198473
서울,서울_중랑구,2025-05,874.415978660208
서울,서울_중랑구,2025-06,925.925925925926
서울,서울_중랑구,2025-07,895.6228956228956
서울,서울_중랑구,2025-08,883.1460674157304
서울,서울_중랑구,2025-09,1003.7532328265943
서울,서울_중랑구,2025-10,923.6947791164658
서울,서울_중랑구,2025-11,898.1314044605183
서울,서울_중랑구,2025-12,916.1647232753894
울산,울산_남구,2006-01,145.69762072994632
울산,울산_남구,2006-02,147.40241963042757
울산,울산_남구,2006-03,150.63253898205355
울산,울산_남구,2006-04,155.0258376396066
울산,울산_남구,2006-05,158.86091064884886
울산,울산_남구,2006-06,161.25235404896424
울산,울산_남구,2006-07,162.63313103375572
울산,울산_남구,2006-08,172.20872137397834
울산,울산_남구,2006-09,183.9157331549908
울산,울산_남구,2006-10,189.0547263681592
울산,울산_남구,2006-11,200.18252091724364
울산,울산_남구,2006-12,199.00497512437812
울산,울산_남구,2007-01,212.84832909119365
울산,울산_남구,2007-02,200.13692253568522
울산,울산_남구,2007-03,207.15200371881565
울산,울산_남구,2007-04,208.36806713348895
울산,울산_남구,2007-05,203.48718326217468
울산,울산_남구,2007-06,205.9611043793206
울산,울산_남구,2007-07,213.40446815605202
울산,울산_남구,2007-08,211.01916806270486
울산,울산_남구,2007-09,207.86881755118134
울산,울산_남구,2007-10,133.74610049187896
울산,울산_남구,2007-11,195.97884062176553
울산,울산_남구,2007-12,191.85499058380415
울산,울산_남구,2008-01,181.4281848907185
울산,울산_남구,2008-02,199.24131553765096
울산,울산_남구,2008-03,192.9855393782807
울산,울산_남구,2008-04,200.99869884522514
울산,울산_남구,2008-05,200.40332745147467
울산,울산_남구,2008-06,198.59813084112147
울산,울산_남구,2008-07,205.79559666800387
울산,울산_남구,2008-08,205.9065772443817
울산,울산_남구,2008-09,196.07843137254903
울산,울산_남구,2008-10,191.0120225135093
울산,울산_남구,2008-11,196.82020767151303
울산,울산_남구,2008-12,206.07644713721737
울산,울산_남구,2009-01,198.58156028368796
울산,울산_남구,2009-02,205.97928436911488
울산,울산_남구,2009-03,195.43178209356296
울산,울산_남구,2009-04,199.7008403098104
울산,울산_남구,2009-05,200.61364172763749
울산,울산_남구,2009-06,211.86443319593482
울산,울산_남구,2009-07,201.2404938185146
울산,울산_남구,2009-08,208.71597929537486
울산,울산_남구,2009-09,206.70111685280878
울산,울산_남구,2009-10,205.04899662254513
울산,울산_남구,2009-11,203.72114931700423
울산,울산_남구,2009-12,209.41278736415447
울산,울산_남구,2010-01,218.65265986685398
울산,울산_남구,2010-02,214.44955445317166
울산,울산_남구,2010-03,215.44715447154474
울산,울산_남구,2010-04,207.0393374741201
울산,울산_남구,2010-05,213.38668148592734
울산,울산_남구,2010-06,223.5557124367573
울산,울산_남구,2010-07,215.04480137370564
울산,울산_남구,2010-08,275.13646768797327
울산,울산_남구,2010-09,210.5179491812267
울산,울산_남구,2010-10,223.92883173780413
울산,울산_남구,2010-11,216.2485065710872
울산,울산_남구,2010-12,218.74067406222224
울산,울산_남구,2011-01,234.29387331256487
울산,울산_남구,2011-02,236.6514308714015
울산,울산_남구,2011-03,227.97304628308382
울산,울산_남구,2011-04,233.28679531638235
울산,울산_남구,2011-05,252.97093775738324
울산,울산_남구,2011-06,263.6570579260452
울산,울산_남구,2011-07,218.90547263681592
울산,울산_남구,2011-08,271.2721350276474
울산,울산_남구,2011-09,265.960126129575
울산,울산_남구,2011-10,267.90050710829837
울산,울산_남구,2011-11,286.7698993936414
울산,울산_남구,2011-12,271.7697161249208
울산,울산_남구,2012-01,283.04821150855366
울산,울산_남구,2012-02,285.37803326135736
울산,울산_남구,2012-03,281.5112350802974
울산,울산_남구,2012-04,268.64388566516226
울산,울산_남구,2012-05,280.04667444574096
울산,울산_남구,2012-06,294.3340691685063
울산,울산_남구,2012-07,283.8537318417098
울산,울산_남구,2012-08,275.04584097349556
울산,울산_남구,2012-09,291.298549758293
울산,울산_남구,2012-10,308.1734778982485
울산,울산_남구,2012-11,292.8700868506677
울산,울산_남구,2012-12,293.29372953139296
울산,울산_남구,2013-01,281.48503030917254
울산,울산_남구,2013-02,278.54077253218884
울산,울산_남구,2013-03,290.6696370069453
울산,울산_남구,2013-04,298.27315541601257
울산,울산_남구,2013-05,289.55118906325555
울산,울산_남구,2013-06,290.36004645760744
울산,울산_남구,2013-07,283.40194665271144
울산,울산_남구,2013-08,284.963215128243
울산,울산_남구,2013-09,293.57490353967455
울산,울산_남구,2013-10,292.2617439709858
울산,울산_남구,2013-11,285.0475079179863
울산,울산_남구,2013-12,307.14626987918916
울산,울산_남구,2014-01,292.32580014015434
울산,울산_남구,2014-02,286.004290040982
울산,울산_남구,2014-03,296.4977088336089
울산,울산_남구,2014-04,297.03514824258787
울산,울산_남구,2014-05,297.03514824258787
울산,울산_남구,2014-06,297.3731032469393
울산,울산_남구,2014-07,297.08853238265
울산,울산_남구,2014-08,294.5508100147275
울산,울산_남구,2014-09,295.049932973562
울산,울산_남구,2014-10,298.3471112077446
울산,울산_남구,2014-11,296.4597524704979
울산,울산_남구,2014-12,294.9768592653994
울산,울산_남구,2015-01,301.0981525974029
울산,울산_남구,2015-02,300.09173438133257
울산,울산_남구,2015-03,302.8757671981174
울산,울산_남구,2015-04,294.89842419001593
울산,울산_남구,2015-05,289.79770864340355
울산,울산_남구,2015-06,308.0367482436501
울산,울산_남구,2015-07,313.6098154128822
울산,울산_남구,2015-08,330.8913829433934
울산,울산_남구,2015-09,325.51907517913577
울산,울산_남구,2015-10,332.2050410507545
울산,울산_남구,2015-11,342.3112644288178
울산,울산_남구,2015-12,350.22454148072586
울산,울산_남구,2016-01,332.03012627550527
울산,울산_남구,2016-02,336.61695155967175
울산,울산_남구,2016-03,332.8521013795316
울산,울산_남구,2016-04,344.2208589428228
울산,울산_남구,2016-05,291.61509322501206
울산,울산_남구,2016-06,351.7367139507299
울산,울산_남구,2016-07,347.0996587833863
울산,울산_남구,2016-08,353.0397319291527
울산,울산_남구,2016-09,358.99246704331455
울산,울산_남구,2016-10,355.1956352994675
울산,울산_남구,2016-11,355.65202871931876
울산,울산_남구,2016-12,351.46395836524835
울산,울산_남구,2017-01,343.8094992550345
울산,울산_남구,2017-02,347.3448722477334
울산,울산_남구,2017-03,350.60175740616495
울산,울산_남구,2017-04,331.008393427119
울산,울산_남구,2017-05,345.43907747971605
울산,울산_남구,2017-06,350.6561911597969
울산,울산_남구,2017-07,358.9291079774756
울산,울산_남구,2017-08,351.1130579128177
울산,울산_남구,2017-09,334.66340584373796
울산,울산_남구,2017-10,336.44785343206206
울산,울산_남구,2017-11,344.74644075773625
울산,울산_남구,2017-12,340.89014835805966
울산,울산_남구,2018-01,347.3448722477334
울산,울산_남구,2018-02,335.2984524686809
울산,울산_남구,2018-03,333.4444814938313
울산,울산_남구,2018-04,322.5806451612903
울산,울산_남구,2018-05,320.4577968526466
울산,울산_남구,2018-06,300.1412429378531
울산,울산_남구,2018-07,300.03871467286103
울산,울산_남구,2018-08,304.69100391345387
울산,울산_남구,2018-09,306.78165344519687
울산,울산_남구,2018-10,316.77225741913975
울산,울산_남구,2018-11,323.56462323419277
울산,울산_남구,2018-12,304.79842511797733
울산,울산_남구,2019-01,308.3847307884647
울산,울산_남구,2019-02,304.12869495655224
울산,울산_남구,2019-03,317.1745406404758
울산,울산_남구,2019-04,308.9512358049432
울산,울산_남구,2019-05,321.32768361581924
울산,울산_남구,2019-06,317.1223974320469
울산,울산_남구,2019-07,324.7972076854551
울산,울산_남구,2019-08,329.89690721649487
울산,울산_남구,2019-09,334.3112468539132
울산,울산_남구,2019-10,343.76162689785997
울산,울산_남구,2019-11,340.6862745098039
울산,울산_남구,2019-12,342.1950039529423
울산,울산_남구,2020-01,351.1118542049824
울산,울산_남구,2020-02,350.93532993740075
울산,울산_남구,2020-03,343.94184782984854
울산,울산_남구,2020-04,329.78971056103046
울산,울산_남구,2020-05,352.43092669566965
울산,울산_남구,2020-06,360.33365192770503
울산,울산_남구,2020-07,364.77862594166913
울산,울산_남구,2020-08,346.900906766281
울산,울산_남구,2020-09,355.3986466607826
울산,울산_남구,2020-10,360.6777386344573
울산,울산_남구,2020-11,365.0336596976297
울산,울산_남구,2020-12,362.1849360632715
울산,울산_남구,2021-01,343.89360584025167
울산,울산_남구,2021-02,342.45892421656896
울산,울산_남구,2021-03,600.0705965407695
울산,울산_남구,2021-04,356.5125308859866
울산,울산_남구,2021-05,370.5632270402027
울산,울산_남구,2021-06,365.6022530533685
울산,울산_남구,2021-07,408.2833274502883
울산,울산_남구,2021-08,398.4960224829657
울산,울산_남구,2021-09,397.70226890967444
울산,울산_남구,2021-10,425.1417139046349
울산,울산_남구,2021-11,398.0183699488209
울산,울산_남구,2021-12,396.7749379524059
울산,울산_남구,2022-01,393.952746330089
울산,울산_남구,2022-02,396.66001016841045
울산,울산_남구,2022-03,408.4014002333722
울산,울산_남구,2022-04,405.135045015005
울산,울산_남구,2022-05,405.0675112518753
울산,울산_남구,2022-06,401.15115272329723
울산,울산_남구,2022-07,349.0459214279883
울산,울산_남구,2022-08,366.72778796466076
울산,울산_남구,2022-09,364.54078427243303
울산,울산_남구,2022-10,380.7390228468499
울산,울산_남구,2022-11,434.1292369343797
울산,울산_남구,2022-12,400.46739014857235
울산,울산_남구,2023-01,416.41204826013615
울산,울산_남구,2023-02,447.2507234938174
울산,울산_남구,2023-03,458.10624457016416
울산,울산_남구,2023-04,448.873042149497
울산,울산_남구,2023-05,444.33266264252177
울산,울산_남구,2023-06,461.2256805791077
울산,울산_남구,2023-07,456.66900458219953
울산,울산_남구,2023-08,446.09227871939737
울산,울산_남구,2023-09,450.22511255627813
울산,울산_남구,2023-10,433.55010838752713
울산,울산_남구,2023-11,405.97787714756413
울산,울산_남구,2023-12,394.2359978249048
울산,울산_남구,2024-01,417.43195859074973
울산,울산_남구,2024-02,423.31149567348405
울산,울산_남구,2024-03,426.55142874875196
울산,울산_남구,2024-04,445.6264775413712
울산,울산_남구,2024-05,418.6356414897658
울산,울산_남구,2024-06,460.85208609109185
울산,울산_남구,2024-07,449.35573621320435
울산,울산_남구,2024-08,472.26909896368085
울산,울산_남구,2024-09,444.5241082631296
울산,울산_남구,2024-10,458.3531953051299
울산,울산_남구,2024-11,435.49905838041434
울산,울산_남구,2024-12,450.22511255627813
울산,울산_남구,2025-01,457.16360862958254
울산,울산_남구,2025-02,455.0129482563982
울산,울산_남구,2025-03,449.3628437290409
울산,울산_남구,2025-04,562.8044537230342
울산,울산_남구,2025-05,459.41444045503795
울산,울산_남구,2025-06,490.06511938554013
울산,울산_남구,2025-07,479.8915277657876
울산,울산_남구,2025-08,466.70705549417386
울산,울산_남구,2025-09,494.16706376520006
울산,울산_남구,2025-10,513.4413090666221
울산,울산_남구,2025-11,504.25780597762565
울산,울산_남구,2025-12,510.64831156606664
울산,울산_동구,2006-01,103.3912324234905
울산,울산_동구,2006-02,92.33243010815939
울산,울산_동구,2006-03,92.73570324574962
울산,울산_동구,2006-04,98.43982169390787
울산,울산_동구,2006-05,95.28585757271816
울산,울산_동구,2006-06,102.87721646035463
울산,울산_동구,2006-07,100.36801605888257
울산,울산_동구,2006-08,103.08320950965825
울산,울산_동구,2006-09,108.31302595940889
울산,울산_동구,2006-10,110.3620500705131
울산,울산_동구,2006-11,116.4191510059401
울산,울산_동구,2006-12,125.33996074489374
울산,울산_동구,2007-01,128.3851554663992
울산,울산_동구,2007-02,130.01485884101038
울산,울산_동구,2007-03,129.8020758717171
울산,울산_동구,2007-04,132.2490013499005
울산,울산_동구,2007-05,135.90753207163723
울산,울산_동구,2007-06,133.96861002058554
울산,울산_동구,2007-07,135.76894593927426
울산,울산_동구,2007-08,137.44427934621098
울산,울산_동구,2007-09,138.00602208096353
울산,울산_동구,2007-10,144.89208083993765
울산,울산_동구,2007-11,142.27252948124104
울산,울산_동구,2007-12,147.20642355302778
울산,울산_동구,2008-01,149.5383922403886
울산,울산_동구,2008-02,150.45135406218657
울산,울산_동구,2008-03,150.45135406218657
울산,울산_동구,2008-04,151.0876460155606
울산,울산_동구,2008-05,150.45135406218657
울산,울산_동구,2008-06,154.10930613897045
울산,울산_동구,2008-07,156.3151462534188
울산,울산_동구,2008-08,150.6326571600723
울산,울산_동구,2008-09,152.54923235261117
울산,울산_동구,2008-10,149.3346020166779
울산,울산_동구,2008-11,153.59814089373273
울산,울산_동구,2008-12,161.2834157916979
울산,울산_동구,2009-01,153.44174104413742
울산,울산_동구,2009-02,148.8792238206758
울산,울산_동구,2009-03,150.45135406218657
울산,울산_동구,2009-04,150.44576523031202
울산,울산_동구,2009-05,145.53362328537972
울산,울산_동구,2009-06,148.58841010401187
울산,울산_동구,2009-07,153.7304703818197
울산,울산_동구,2009-08,161.15871073031414
울산,울산_동구,2009-09,157.2361930110597
울산,울산_동구,2009-10,156.8120407541898
울산,울산_동구,2009-11,156.01783060921247
울산,울산_동구,2009-12,152.71838729383018
울산,울산_동구,2010-01,157.55251750583528
울산,울산_동구,2010-02,157.77699281761448
울산,울산_동구,2010-03,159.4083409705951
울산,울산_동구,2010-04,155.46639919759278
울산,울산_동구,2010-05,164.2214071357119
울산,울산_동구,2010-06,157.0948666656393
울산,울산_동구,2010-07,151.6368748744728
울산,울산_동구,2010-08,152.24733939908532
울산,울산_동구,2010-09,158.55918332769673
울산,울산_동구,2010-10,161.65317772555062
울산,울산_동구,2010-11,156.63052788406424
울산,울산_동구,2010-12,162.26162596186015
울산,울산_동구,2011-01,166.89081794840445
울산,울산_동구,2011-02,160.53513501360555
울산,울산_동구,2011-03,163.84539842681025
울산,울산_동구,2011-04,173.36829836829835
울산,울산_동구,2011-05,176.16647589945558
울산,울산_동구,2011-06,198.89372719783452
울산,울산_동구,2011-07,192.37203077952492
울산,울산_동구,2011-08,190.57171514543631
울산,울산_동구,2011-09,201.3610242699419
울산,울산_동구,2011-10,209.49058136396107
울산,울산_동구,2011-11,222.57419139713238
울산,울산_동구,2011-12,222.78056951423784
울산,울산_동구,2012-01,223.10797424467557
울산,울산_동구,2012-02,226.4330830651889
울산,울산_동구,2012-03,230.73065349895842
울산,울산_동구,2012-04,239.38214904100067
울산,울산_동구,2012-05,240.0270152897163
울산,울산_동구,2012-06,245.81891718623444
울산,울산_동구,2012-07,254.04702824057665
울산,울산_동구,2012-08,246.7134882045741
울산,울산_동구,2012-09,236.46935621732285
울산,울산_동구,2012-10,252.83701021142303
울산,울산_동구,2012-11,236.29250987561727
울산,울산_동구,2012-12,234.19203747072598
울산,울산_동구,2013-01,240.72216649949848
울산,울산_동구,2013-02,239.40462478319463
울산,울산_동구,2013-03,230.69207622868606
울산,울산_동구,2013-04,240.52748885586922
울산,울산_동구,2013-05,232.46209215882942
울산,울산_동구,2013-06,231.38105567606652
울산,울산_동구,2013-07,243.64512070839484
울산,울산_동구,2013-08,236.4864765173594
울산,울산_동구,2013-09,239.53098827470686
울산,울산_동구,2013-10,242.32750489733726
울산,울산_동구,2013-11,249.7492477432297
울산,울산_동구,2013-12,245.0774488676234
울산,울산_동구,2014-01,257.0797348865234
울산,울산_동구,2014-02,258.7763289869609
울산,울산_동구,2014-03,268.87175324675326
울산,울산_동구,2014-04,282.5523899222981
울산,울산_동구,2014-05,286.3317125877904
울산,울산_동구,2014-06,289.7008395412085
울산,울산_동구,2014-07,291.8756268806419
울산,울산_동구,2014-08,294.88465396188565
울산,울산_동구,2014-09,300.90270812437313
울산,울산_동구,2014-10,298.03709706464974
울산,울산_동구,2014-11,290.87261785356066
울산,울산_동구,2014-12,301.9404483104717
울산,울산_동구,2015-01,281.33903133903135
울산,울산_동구,2015-02,297.17682020802374
울산,울산_동구,2015-03,297.2484434625427
울산,울산_동구,2015-04,287.7216460354634
울산,울산_동구,2015-05,289.3944463031114
울산,울산_동구,2015-06,280.84252758274823
울산,울산_동구,2015-07,291.6124452856974
울산,울산_동구,2015-08,283.5396453663433
울산,울산_동구,2015-09,288.13254096884566
울산,울산_동구,2015-10,291.9036467045835
울산,울산_동구,2015-11,281.0304449648712
울산,울산_동구,2015-12,282.70324523251924
울산,울산_동구,2016-01,280.84252758274823
울산,울산_동구,2016-02,284.1544591089642
울산,울산_동구,2016-03,284.37604550016727
울산,울산_동구,2016-04,278.54288764378964
울산,울산_동구,2016-05,260.7823470411234
울산,울산_동구,2016-06,263.74442793462106
울산,울산_동구,2016-07,267.20181400937594
울산,울산_동구,2016-08,268.3452321027396
울산,울산_동구,2016-09,271.9978174265534
울산,울산_동구,2016-10,268.76573931118
울산,울산_동구,2016-11,264.30244228839075
울산,울산_동구,2016-12,277.82423893620535
울산,울산_동구,2017-01,348.55364951227716
울산,울산_동구,2017-02,321.90047565426136
울산,울산_동구,2017-03,300.85047862875376
울산,울산_동구,2017-04,280.4606240713224
울산,울산_동구,2017-05,271.19804299048326
울산,울산_동구,2017-06,270.54108216432866
울산,울산_동구,2017-07,283.4278092697566
울산,울산_동구,2017-08,276.01204416192707
울산,울산_동구,2017-09,282.405766276734
울산,울산_동구,2017-10,276.8484442957511
울산,울산_동구,2017-11,266.33522727272725
울산,울산_동구,2017-12,294.22148993762505
울산,울산_동구,2018-01,275.7122566630462
울산,울산_동구,2018-02,257.7444409490396
울산,울산_동구,2018-03,245.081693897966
울산,울산_동구,2018-04,258.60490492716485
울산,울산_동구,2018-05,230.8464369354299
울산,울산_동구,2018-06,269.25641880626875
울산,울산_동구,2018-07,255.91863954651552
울산,울산_동구,2018-08,245.90163934426226
울산,울산_동구,2018-09,236.71013039117352
울산,울산_동구,2018-10,230.59570557272954
울산,울산_동구,2018-11,255.66045617846103
울산,울산_동구,2018-12,230.69207622868606
울산,울산_동구,2019-01,240.32587362956838
울산,울산_동구,2019-02,220.2929520849758
울산,울산_동구,2019-03,220.80963532954163
울산,울산_동구,2019-04,221.9507228670332
울산,울산_동구,2019-05,262.36125126135215
울산,울산_동구,2019-06,211.84537556636172
울산,울산_동구,2019-07,233.67440468292116
울산,울산_동구,2019-08,224.15523586483772
울산,울산_동구,2019-09,232.16939078751855
울산,울산_동구,2019-10,299.8920274221255
울산,울산_동구,2019-11,296.65328303769644
울산,울산_동구,2019-12,246.3384390918393
울산,울산_동구,2020-01,241.45468865429706
울산,울산_동구,2020-02,258.70384986407083
울산,울산_동구,2020-03,222.7541416535612
울산,울산_동구,2020-04,253.89377769579073
울산,울산_동구,2020-05,253.6357349016497
울산,울산_동구,2020-06,306.4230995875074
울산,울산_동구,2020-07,267.64804282368686
울산,울산_동구,2020-08,226.33496358584478
울산,울산_동구,2020-09,300.51618073396656
울산,울산_동구,2020-10,329.9941072480849
울산,울산_동구,2020-11,279.17928018836193
울산,울산_동구,2020-12,228.79155324552815
울산,울산_동구,2021-01,232.51923720307795
울산,울산_동구,2021-02,236.70123787219805
울산,울산_동구,2021-03,218.3004349280696
울산,울산_동구,2021-04,228.42215916722176
울산,울산_동구,2021-05,231.8629502779062
울산,울산_동구,2021-06,250.08336112037347
울산,울산_동구,2021-07,249.812014370457
울산,울산_동구,2021-08,236.71013039117352
울산,울산_동구,2021-09,233.4578441835646
울산,울산_동구,2021-10,217.95475966069748
울산,울산_동구,2021-11,245.9016393442623
울산,울산_동구,2021-12,237.53763800602206
울산,울산_동구,2022-01,223.69606355386543
울산,울산_동구,2022-02,220.27956680531116
울산,울산_동구,2022-03,234.33520122261845
울산,울산_동구,2022-04,228.96163888330992
울산,울산_동구,2022-05,226.95320345450895
울산,울산_동구,2022-06,233.4111370456819
울산,울산_동구,2022-07,204.61384152457373
울산,울산_동구,2022-08,217.281992593567
울산,울산_동구,2022-09,234.98697482836684
울산,울산_동구,2022-10,228.66727865429397
울산,울산_동구,2022-11,218.64814293824833
울산,울산_동구,2022-12,229.17363666778186
울산,울산_동구,2023-01,264.7009803981722
울산,울산_동구,2023-02,265.5023895215057
울산,울산_동구,2023-03,244.13020277481326
울산,울산_동구,2023-04,234.21760435253674
울산,울산_동구,2023-05,240.72216649949848
울산,울산_동구,2023-06,297.31476462658065
울산,울산_동구,2023-07,306.4230995875074
울산,울산_동구,2023-08,214.11843425894946
울산,울산_동구,2023-09,248.9765226835993
울산,울산_동구,2023-10,231.4814814814815
울산,울산_동구,2023-11,214.19828641370867
울산,울산_동구,2023-12,243.49938096422875
울산,울산_동구,2024-01,239.1717808544372
울산,울산_동구,2024-02,240.08002667555854
울산,울산_동구,2024-03,217.04665125540515
울산,울산_동구,2024-04,282.88543140028287
울산,울산_동구,2024-05,251.23125880165256
울산,울산_동구,2024-06,264.71024228634354
울산,울산_동구,2024-07,336.3605785401951
울산,울산_동구,2024-08,279.0111069874712
울산,울산_동구,2024-09,297.2901867929492
울산,울산_동구,2024-10,242.32143938935
울산,울산_동구,2024-11,225.42289193358448
울산,울산_동구,2024-12,252.04534799901197
울산,울산_동구,2025-01,231.12480739599386
울산,울산_동구,2025-02,245.16344229486324
울산,울산_동구,2025-03,242.27582510506502
울산,울산_동구,2025-04,301.9561507155048
울산,울산_동구,2025-05,262.5705658395694
울산,울산_동구,2025-06,298.0175922279112
울산,울산_동구,2025-07,289.53521260907246
울산,울산_동구,2025-08,244.45482728929193
울산,울산_동구,2025-09,274.7517171982325
울산,울산_동구,2025-10,242.29968223173034
울산,울산_동구,2025-11,249.812014370457
울산,울산_동구,2025-12,286.85790527018014
울산,울산_북구,2006-01,106.80408853075812
울산,울산_북구,2006-02,108.36945648549516
울산,울산_북구,2006-03,113.4278565471226
울산,울산_북구,2006-04,126.73849204961391
울산,울산_북구,2006-05,117.25253688245947
울산,울산_북구,2006-06,91.15236661649105
울산,울산_북구,2006-07,92.21031129388683
울산,울산_북구,2006-08,119.15311529641018
울산,울산_북구,2006-09,83.54430379746836
울산,울산_북구,2006-10,101.42425550280534
울산,울산_북구,2006-11,121.02268188618226
울산,울산_북구,2006-12,125.99082975480906
울산,울산_북구,2007-01,110.26121138495176
울산,울산_북구,2007-02,124.48549342435498
울산,울산_북구,2007-03,135.52856138941874
울산,울산_북구,2007-04,128.526122517109
울산,울산_북구,2007-05,129.88589463462006
울산,울산_북구,2007-06,144.0689376598896
울산,울산_북구,2007-07,150.05001667222407
울산,울산_북구,2007-08,106.35212840322458
울산,울산_북구,2007-09,130.5089850416625
울산,울산_북구,2007-10,149.33071751625454
울산,울산_북구,2007-11,127.49534294592638
울산,울산_북구,2007-12,151.71723907969323
울산,울산_북구,2008-01,123.81604321375681
울산,울산_북구,2008-02,102.20820189274448
울산,울산_북구,2008-03,138.5874102521289
울산,울산_북구,2008-04,140.08900152136778
울산,울산_북구,2008-05,149.37533948940793
울산,울산_북구,2008-06,141.9338996941733
울산,울산_북구,2008-07,144.48410311264598
울산,울산_북구,2008-08,155.05168389463157
울산,울산_북구,2008-09,138.2297104888467
울산,울산_북구,2008-10,155.47349963308855
울산,울산_북구,2008-11,150.05001667222407
울산,울산_북구,2008-12,151.7931609674729
울산,울산_북구,2009-01,148.38279426475492
울산,울산_북구,2009-02,159.04806786050895
울산,울산_북구,2009-03,151.44220237489827
울산,울산_북구,2009-04,166.6944490748458
울산,울산_북구,2009-05,164.93873704052783
울산,울산_북구,2009-06,157.55251750583528
울산,울산_북구,2009-07,167.19651477687506
울산,울산_북구,2009-08,178.97091722595076
울산,울산_북구,2009-09,172.02011359452933
울산,울산_북구,2009-10,153.65448504983388
울산,울산_북구,2009-11,166.72224074691565
울산,울산_북구,2009-12,177.11654268508678
울산,울산_북구,2010-01,174.28259647888413
울산,울산_북구,2010-02,171.10266159695817
울산,울산_북구,2010-03,165.0550183394465
울산,울산_북구,2010-04,170.52053730831182
울산,울산_북구,2010-05,175.78936042778236
울산,울산_북구,2010-06,246.55858246884395
울산,울산_북구,2010-07,182.41732376132754
울산,울산_북구,2010-08,171.90627575650535
울산,울산_북구,2010-09,179.22640880293432
울산,울산_북구,2010-10,192.83313608700223
울산,울산_북구,2010-11,188.38042844044344
울산,울산_북구,2010-12,201.4528304122673
울산,울산_북구,2011-01,212.53985122210415
울산,울산_북구,2011-02,205.18808908165818
울산,울산_북구,2011-03,185.14811849479585
울산,울산_북구,2011-04,191.87463890534895
울산,울산_북구,2011-05,148.58614690288638
울산,울산_북구,2011-06,208.39617651969803
울산,울산_북구,2011-07,209.52655332391257
울산,울산_북구,2011-08,213.511259382819
울산,울산_북구,2011-09,224.20211225401408
울산,울산_북구,2011-10,217.12462147978957
울산,울산_북구,2011-11,146.83253155179995
울산,울산_북구,2011-12,216.40437589399016
울산,울산_북구,2012-01,229.62788506829958
울산,울산_북구,2012-02,244.10377358490567
울산,울산_북구,2012-03,233.5279399499583
울산,울산_북구,2012-04,233.58638525068824
울산,울산_북구,2012-05,233.58638525068824
울산,울산_북구,2012-06,251.04253544620516
울산,울산_북구,2012-07,241.86822351959967
울산,울산_북구,2012-08,266.93360026693364
울산,울산_북구,2012-09,306.2358395337647
울산,울산_북구,2012-10,274.0186601664285
울산,울산_북구,2012-11,273.61813428511266
울산,울산_북구,2012-12,250.40653960750842
울산,울산_북구,2013-01,267.8683877824983
울산,울산_북구,2013-02,265.06490990347123
울산,울산_북구,2013-03,275.2523146217366
울산,울산_북구,2013-04,281.2561518254346
울산,울산_북구,2013-05,269.64697534149366
울산,울산_북구,2013-06,264.1509433962264
울산,울산_북구,2013-07,255.99819105379194
울산,울산_북구,2013-08,256.2682302126063
울산,울산_북구,2013-09,264.92196628867976
울산,울산_북구,2013-10,260.0866955651884
울산,울산_북구,2013-11,248.4161387129043
울산,울산_북구,2013-12,250.08336112037347
울산,울산_북구,2014-01,241.90857524190858
울산,울산_북구,2014-02,243.73013069586716
울산,울산_북구,2014-03,251.89974390192705
울산,울산_북구,2014-04,264.248263445373
울산,울산_북구,2014-05,261.9803535012462
울산,울산_북구,2014-06,266.80501916437584
울산,울산_북구,2014-07,263.73927893917676
울산,울산_북구,2014-08,252.24196931675215
울산,울산_북구,2014-09,256.91862828905096
울산,울산_북구,2014-10,263.4211403801267
울산,울산_북구,2014-11,262.5042246773659
울산,울산_북구,2014-12,266.9560193465724
울산,울산_북구,2015-01,275.2293577981651
울산,울산_북구,2015-02,278.8756955712892
울산,울산_북구,2015-03,279.2537489668202
울산,울산_북구,2015-04,281.10309586322853
울산,울산_북구,2015-05,280.0540943845233
울산,울산_북구,2015-06,289.7676821878005
울산,울산_북구,2015-07,288.85591820656214
울산,울산_북구,2015-08,283.6837895812416
울산,울산_북구,2015-09,283.616950283617
울산,울산_북구,2015-10,292.5260267995001
울산,울산_북구,2015-11,291.96089082020643
울산,울산_북구,2015-12,297.43627903492626
울산,울산_북구,2016-01,268.0971681627301
울산,울산_북구,2016-02,288.69425671050453
울산,울산_북구,2016-03,287.2532344973022
울산,울산_북구,2016-04,288.5508009058603
울산,울산_북구,2016-05,283.6174220683167
울산,울산_북구,2016-06,282.633715955633
울산,울산_북구,2016-07,282.9849457300438
울산,울산_북구,2016-08,305.2798398531988
울산,울산_북구,2016-09,301.934047585919
울산,울산_북구,2016-10,299.91734561341366
울산,울산_북구,2016-11,308.641975308642
울산,울산_북구,2016-12,293.60246892985236
울산,울산_북구,2017-01,281.85229121666475
울산,울산_북구,2017-02,275.5213482938327
울산,울산_북구,2017-03,283.8328024264597
울산,울산_북구,2017-04,281.5644825272772
울산,울산_북구,2017-05,287.2544945321578
울산,울산_북구,2017-06,291.9673817699168
울산,울산_북구,2017-07,294.1726746532587
울산,울산_북구,2017-08,305.9507419305492
울산,울산_북구,2017-09,292.7671114672255
울산,울산_북구,2017-10,282.6156074469212
울산,울산_북구,2017-11,280.9129878060378
울산,울산_북구,2017-12,288.5034326020654
울산,울산_북구,2018-01,275.42654682269176
울산,울산_북구,2018-02,259.41761804890257
울산,울산_북구,2018-03,272.54123371121767
울산,울산_북구,2018-04,268.03689495678213
울산,울산_북구,2018-05,260.23127206283436
울산,울산_북구,2018-06,300.10503676286703
울산,울산_북구,2018-07,283.43253472048553
울산,울산_북구,2018-08,264.89442485533823
울산,울산_북구,2018-09,265.87764627437906
울산,울산_북구,2018-10,259.17723010225717
울산,울산_북구,2018-11,249.83340750747175
울산,울산_북구,2018-12,255.60068520003801
울산,울산_북구,2019-01,251.9124054441464
울산,울산_북구,2019-02,244.76059354443936
울산,울산_북구,2019-03,246.48414082267328
울산,울산_북구,2019-04,241.4008313609119
울산,울산_북구,2019-05,237.85161235711033
울산,울산_북구,2019-06,258.97724201252333
울산,울산_북구,2019-07,256.9705570609799
울산,울산_북구,2019-08,259.4418294355287
울산,울산_북구,2019-09,266.6513095478565
울산,울산_북구,2019-10,278.27272833075176
울산,울산_북구,2019-11,283.18770220852184
울산,울산_북구,2019-12,276.6105206163118
울산,울산_북구,2020-01,304.22244078080985
울산,울산_북구,2020-02,301.29501197193224
울산,울산_북구,2020-03,310.3005303983937
울산,울산_북구,2020-04,285.4383740510666
울산,울산_북구,2020-05,291.66648061117075
울산,울산_북구,2020-06,316.5171127487042
울산,울산_북구,2020-07,327.50422928123425
울산,울산_북구,2020-08,312.90512668458257
울산,울산_북구,2020-09,320.18080798568604
울산,울산_북구,2020-10,331.1524578608497
울산,울산_북구,2020-11,327.2436199265468
울산,울산_북구,2020-12,299.2351012860385
울산,울산_북구,2021-01,317.8635800150926
울산,울산_북구,2021-02,294.0514697216273
울산,울산_북구,2021-03,311.8134788462901
울산,울산_북구,2021-04,311.92250197158563
울산,울산_북구,2021-05,289.2240625010092
울산,울산_북구,2021-06,295.2933591231464
울산,울산_북구,2021-07,327.05882352941177
울산,울산_북구,2021-08,315.789614945254
울산,울산_북구,2021-09,324.1409629692895
울산,울산_북구,2021-10,335.30736508466094
울산,울산_북구,2021-11,352.3093221260964
울산,울산_북구,2021-12,353.0301756745398
울산,울산_북구,2022-01,353.1971420512215
울산,울산_북구,2022-02,372.5465150934559
울산,울산_북구,2022-03,350.36248132724893
울산,울산_북구,2022-04,325.23902111333456
울산,울산_북구,2022-05,341.4938589983632
울산,울산_북구,2022-06,314.8001669175617
울산,울산_북구,2022-07,325.3268127540867
울산,울산_북구,2022-08,326.2574505908188
울산,울산_북구,2022-09,329.6957132650716
울산,울산_북구,2022-10,323.62226870216153
울산,울산_북구,2022-11,351.8433532201316
울산,울산_북구,2022-12,353.84453347747944
울산,울산_북구,2023-01,364.02448506439345
울산,울산_북구,2023-02,374.3290328656182
울산,울산_북구,2023-03,365.2025578315921
울산,울산_북구,2023-04,364.480367629478
울산,울산_북구,2023-05,350.80685576826704
울산,울산_북구,2023-06,359.15717782270934
울산,울산_북구,2023-07,361.61764411405443
울산,울산_북구,2023-08,359.6400068105602
울산,울산_북구,2023-09,339.5814070774145
울산,울산_북구,2023-10,345.7733263109549
울산,울산_북구,2023-11,347.2519934836663
울산,울산_북구,2023-12,355.822724932289
울산,울산_북구,2024-01,323.77319393425637
울산,울산_북구,2024-02,328.9374111078482
울산,울산_북구,2024-03,342.21600397228883
울산,울산_북구,2024-04,354.75879358359595
울산,울산_북구,2024-05,347.4504255221175
울산,울산_북구,2024-06,359.0662180656922
울산,울산_북구,2024-07,365.78171091445427
울산,울산_북구,2024-08,335.5922391373187
울산,울산_북구,2024-09,349.42700958967487
울산,울산_북구,2024-10,325.98528024077257
울산,울산_북구,2024-11,353.4742106104077
울산,울산_북구,2024-12,363.791955348438
울산,울산_북구,2025-01,368.8188905551567
울산,울산_북구,2025-02,360.79516889354176
울산,울산_북구,2025-03,353.6235175014074
울산,울산_북구,2025-04,341.3808975021513
울산,울산_북구,2025-05,365.06493445317983
울산,울산_북구,2025-06,362.99826530322065
울산,울산_북구,2025-07,347.711759789354
울산,울산_북구,2025-08,370.0130389826825
울산,울산_북구,2025-09,365.18844956701287
울산,울산_북구,2025-10,342.97933135588005
울산,울산_북구,2025-11,381.760834339137
울산,울산_북구,2025-12,372.9743633713453
울산,울산_울주군,2006-01,112.65656009739665
울산,울산_울주군,2006-02,80.3347280334728
울산,울산_울주군,2006-03,96.5042341264248
울산,울산_울주군,2006-04,94.66421718914093
울산,울산_울주군,2006-05,100.01176609012826
울산,울산_울주군,2006-06,97.2762645914397
울산,울산_울주군,2006-07,99.91386735572783
울산,울산_울주군,2006-08,103.72465818010372
울산,울산_울주군,2006-09,102.9654036243822
울산,울산_울주군,2006-10,109.75712817835256
울산,울산_울주군,2006-11,101.76843510176843
울산,울산_울주군,2006-12,110.11011011011011
울산,울산_울주군,2007-01,112.73994763262787
울산,울산_울주군,2007-02,112.73994763262787
울산,울산_울주군,2007-03,112.73994763262787
울산,울산_울주군,2007-04,112.73994763262787
울산,울산_울주군,2007-05,112.73994763262787
울산,울산_울주군,2007-06,96.35447702397823
울산,울산_울주군,2007-07,106.54261704681873
울산,울산_울주군,2007-08,105.64225690276112
울산,울산_울주군,2007-09,112.3370110330993
울산,울산_울주군,2007-10,114.74219317356574
울산,울산_울주군,2007-11,85.25437864887405
울산,울산_울주군,2007-12,114.3063120794617
울산,울산_울주군,2008-01,112.11747957138968
울산,울산_울주군,2008-02,113.44678011344678
울산,울산_울주군,2008-03,111.11111111111111
울산,울산_울주군,2008-04,112.53257521914239
울산,울산_울주군,2008-05,110.27027542534523
울산,울산_울주군,2008-06,113.40704791447774
울산,울산_울주군,2008-07,131.62307176391684
울산,울산_울주군,2008-08,112.5776397515528
울산,울산_울주군,2008-09,107.6076076076076
울산,울산_울주군,2008-10,111.29296235679213
울산,울산_울주군,2008-11,106.02759622367466
울산,울산_울주군,2008-12,148.01674590222095
울산,울산_울주군,2009-01,115.13433619987947
울산,울산_울주군,2009-02,122.06286237412267
울산,울산_울주군,2009-03,111.73929720985308
울산,울산_울주군,2009-04,115.40026168409683
울산,울산_울주군,2009-05,123.56533541111472
울산,울산_울주군,2009-06,108.27494160827494
울산,울산_울주군,2009-07,120.23732623747702
울산,울산_울주군,2009-08,123.37011033099297
울산,울산_울주군,2009-09,125.18778167250878
울산,울산_울주군,2009-10,122.00435729847496
울산,울산_울주군,2009-11,133.0390187422745
울산,울산_울주군,2009-12,130.16661326497916
울산,울산_울주군,2010-01,129.68109037978036
울산,울산_울주군,2010-02,133.53363378400937
울산,울산_울주군,2010-03,120.93726379440666
울산,울산_울주군,2010-04,121.99197860962566
울산,울산_울주군,2010-05,129.83200536350512
울산,울산_울주군,2010-06,133.5055986218777
울산,울산_울주군,2010-07,119.64584828906438
울산,울산_울주군,2010-08,132.5861810176615
울산,울산_울주군,2010-09,126.29798493905083
울산,울산_울주군,2010-10,139.8746397886971
울산,울산_울주군,2010-11,140.42126379137412
울산,울산_울주군,2010-12,142.78970970025964
울산,울산_울주군,2011-01,150.64667161469987
울산,울산_울주군,2011-02,143.17767347839953
울산,울산_울주군,2011-03,138.0166636043083
울산,울산_울주군,2011-04,153.19349516851284
울산,울산_울주군,2011-05,184.82710864958892
울산,울산_울주군,2011-06,163.79700957243108
울산,울산_울주군,2011-07,176.1980880264801
울산,울산_울주군,2011-08,175.14595496246872
울산,울산_울주군,2011-09,181.8980188429421
울산,울산_울주군,2011-10,183.452577508714
울산,울산_울주군,2011-11,189.49181739879415
울산,울산_울주군,2011-12,182.37546991730113
울산,울산_울주군,2012-01,183.63805346023935
울산,울산_울주군,2012-02,186.55122103079742
울산,울산_울주군,2012-03,187.409223657291
울산,울산_울주군,2012-04,178.53560682046137
울산,울산_울주군,2012-05,183.452577508714
울산,울산_울주군,2012-06,185.73044701819305
울산,울산_울주군,2012-07,179.97401697061366
울산,울산_울주군,2012-08,190.90074317991514
울산,울산_울주군,2012-09,190.13849914403204
울산,울산_울주군,2012-10,183.9485794317727
울산,울산_울주군,2012-11,180.8341384597175
울산,울산_울주군,2012-12,194.8891797244532
울산,울산_울주군,2013-01,183.51685018351685
울산,울산_울주군,2013-02,184.2358218519705
울산,울산_울주군,2013-03,196.4092040411157
울산,울산_울주군,2013-04,200.12341884209897
울산,울산_울주군,2013-05,188.07523009203683
울산,울산_울주군,2013-06,190.28542814221333
울산,울산_울주군,2013-07,181.53628953514192
울산,울산_울주군,2013-08,201.85169879359484
울산,울산_울주군,2013-09,222.61484098939928
울산,울산_울주군,2013-10,205.44935304321757
울산,울산_울주군,2013-11,209.8019469620678
울산,울산_울주군,2013-12,206.55679561341574
울산,울산_울주군,2014-01,205.74538240935743
울산,울산_울주군,2014-02,206.11561498205702
울산,울산_울주군,2014-03,192.70728601112674
울산,울산_울주군,2014-04,188.45700824499409
울산,울산_울주군,2014-05,213.6409227683049
울산,울산_울주군,2014-06,177.67222359315414
울산,울산_울주군,2014-07,202.51879678621137
울산,울산_울주군,2014-08,218.9113172851889
울산,울산_울주군,2014-09,208.08323329331733
울산,울산_울주군,2014-10,198.4837098981504
울산,울산_울주군,2014-11,208.52448222478802
울산,울산_울주군,2014-12,205.17097581317765
울산,울산_울주군,2015-01,203.9451688398529
울산,울산_울주군,2015-02,214.3698468786808
울산,울산_울주군,2015-03,211.80433948733344
울산,울산_울주군,2015-04,215.6469408224674
울산,울산_울주군,2015-05,212.70175751010333
울산,울산_울주군,2015-06,210.60275962236747
울산,울산_울주군,2015-07,218.47534230583213
울산,울산_울주군,2015-08,214.98854548767451
울산,울산_울주군,2015-09,220.25912838633684
울산,울산_울주군,2015-10,227.09083633453383
울산,울산_울주군,2015-11,220.22022022022023
울산,울산_울주군,2015-12,220.77276004720989
울산,울산_울주군,2016-01,221.73169963787234
울산,울산_울주군,2016-02,232.77312582011888
울산,울산_울주군,2016-03,225.28160200250315
울산,울산_울주군,2016-04,244.80614000264657
울산,울산_울주군,2016-05,243.03338356619247
울산,울산_울주군,2016-06,243.11702548529473
울산,울산_울주군,2016-07,242.8350683142046
울산,울산_울주군,2016-08,241.52854175956506
울산,울산_울주군,2016-09,248.54045037531276
울산,울산_울주군,2016-10,263.0957999056158
울산,울산_울주군,2016-11,243.2679462841876
울산,울산_울주군,2016-12,246.6517031300101
울산,울산_울주군,2017-01,248.10857489012332
울산,울산_울주군,2017-02,247.5247524752475
울산,울산_울주군,2017-03,260.1544142329641
울산,울산_울주군,2017-04,250.501002004008
울산,울산_울주군,2017-05,244.7767037488452
울산,울산_울주군,2017-06,232.92445874388363
울산,울산_울주군,2017-07,245.90777389314775
울산,울산_울주군,2017-08,243.37025847599867
울산,울산_울주군,2017-09,247.07917122586568
울산,울산_울주군,2017-10,240.86402806634334
울산,울산_울주군,2017-11,240.06908462867014
울산,울산_울주군,2017-12,246.1433906917991
울산,울산_울주군,2018-01,226.80838125109304
울산,울산_울주군,2018-02,248.70466321243524
울산,울산_울주군,2018-03,222.57759913482
울산,울산_울주군,2018-04,233.8009352037408
울산,울산_울주군,2018-05,276.03748051927323
울산,울산_울주군,2018-06,245.45669105499175
울산,울산_울주군,2018-07,257.2808469685482
울산,울산_울주군,2018-08,215.1398408965828
울산,울산_울주군,2018-09,298.0256333186475
울산,울산_울주군,2018-10,233.4073846859324
울산,울산_울주군,2018-11,152.93874584147648
울산,울산_울주군,2018-12,208.6833578403369
울산,울산_울주군,2019-01,209.80002815348698
울산,울산_울주군,2019-02,226.19035158929069
울산,울산_울주군,2019-03,201.8615987384071
울산,울산_울주군,2019-04,243.81615427490084
울산,울산_울주군,2019-05,196.2087262621894
울산,울산_울주군,2019-06,293.07964510033975
울산,울산_울주군,2019-07,293.78223258472275
울산,울산_울주군,2019-08,299.1237277226268
울산,울산_울주군,2019-09,288.29649175571734
울산,울산_울주군,2019-10,318.80991859008645
울산,울산_울주군,2019-11,321.41005702436496
울산,울산_울주군,2019-12,315.6989247311828
울산,울산_울주군,2020-01,289.94626944433776
울산,울산_울주군,2020-02,307.795219901048
울산,울산_울주군,2020-03,279.0057594088943
울산,울산_울주군,2020-04,219.7031429954861
울산,울산_울주군,2020-05,299.34690372630223
울산,울산_울주군,2020-06,301.5862883701481
울산,울산_울주군,2020-07,328.262327485793
울산,울산_울주군,2020-08,302.16723551244195
울산,울산_울주군,2020-09,334.7808177659065
울산,울산_울주군,2020-10,341.20456978810023
울산,울산_울주군,2020-11,340.02992263319175
울산,울산_울주군,2020-12,241.66666666666666
울산,울산_울주군,2021-01,220.92911238569502
울산,울산_울주군,2021-02,212.98232827214605
울산,울산_울주군,2021-03,209.31948291739587
울산,울산_울주군,2021-04,200.32995522036296
울산,울산_울주군,2021-05,224.6300044396683
울산,울산_울주군,2021-06,238.27621866230803
울산,울산_울주군,2021-07,227.15235685282175
울산,울산_울주군,2021-08,225.4509018036072
울산,울산_울주군,2021-09,232.94788000670354
울산,울산_울주군,2021-10,231.86017772023774
울산,울산_울주군,2021-11,230.66180761467962
울산,울산_울주군,2021-12,217.71027320245804
울산,울산_울주군,2022-01,252.10084033613444
울산,울산_울주군,2022-02,220.8435934043761
울산,울산_울주군,2022-03,233.12099932845007
울산,울산_울주군,2022-04,238.03617669846233
울산,울산_울주군,2022-05,235.68230025925052
울산,울산_울주군,2022-06,217.18179196226134
울산,울산_울주군,2022-07,229.65214454576156
울산,울산_울주군,2022-08,234.8454736238811
울산,울산_울주군,2022-09,237.22627737226276
울산,울산_울주군,2022-10,236.71013039117352
울산,울산_울주군,2022-11,207.8613620442234
울산,울산_울주군,2022-12,233.48276230120612
울산,울산_울주군,2023-01,220.6619859578736
울산,울산_울주군,2023-02,214.34528773978315
울산,울산_울주군,2023-03,235.57492735574928
울산,울산_울주군,2023-04,224.1623407267579
울산,울산_울주군,2023-05,254.16625783334496
울산,울산_울주군,2023-06,235.45166181257372
울산,울산_울주군,2023-07,292.566729373017
울산,울산_울주군,2023-08,251.30188971225772
울산,울산_울주군,2023-09,280.84252758274823
울산,울산_울주군,2023-10,234.47571576069205
울산,울산_울주군,2023-11,265.74451065763776
울산,울산_울주군,2023-12,289.63131706590474
울산,울산_울주군,2024-01,273.598227551479
울산,울산_울주군,2024-02,285.08124931181237
울산,울산_울주군,2024-03,257.2808469685482
울산,울산_울주군,2024-04,251.5406867060747
울산,울산_울주군,2024-05,343.97358282883874
울산,울산_울주군,2024-06,259.6145724111316
울산,울산_울주군,2024-07,314.3811551914039
울산,울산_울주군,2024-08,371.08808869963457
울산,울산_울주군,2024-09,289.63131706590474
울산,울산_울주군,2024-10,352.52551893062036
울산,울산_울주군,2024-11,281.46361077603535
울산,울산_울주군,2024-12,298.59624358844235
울산,울산_울주군,2025-01,237.69899692261114
울산,울산_울주군,2025-02,260.3767805176903
울산,울산_울주군,2025-03,258.625957819023
울산,울산_울주군,2025-04,235.32180256500766
울산,울산_울주군,2025-05,266.60687513800553
울산,울산_울주군,2025-06,388.8780867198133
울산,울산_울주군,2025-07,321.8618469918296
울산,울산_울주군,2025-08,244.42789685959227
울산,울산_울주군,2025-09,247.18398704872408
울산,울산_울주군,2025-10,354.90877715741897
울산,울산_울주군,2025-11,283.1738120858583
울산,울산_울주군,2025-12,253.79271232099816
울산,울산_중구,2006-01,106.21348911311736
울산,울산_중구,2006-02,114.76793248945148
울산,울산_중구,2006-03,111.12675117238723
울산,울산_중구,2006-04,117.25412166003412
울산,울산_중구,2006-05,130.26354108032388
울산,울산_중구,2006-06,129.25024978891395
울산,울산_중구,2006-07,110.31823566334886
울산,울산_중구,2006-08,141.24293785310735
울산,울산_중구,2006-09,142.46367176370026
울산,울산_중구,2006-10,140.5153640339409
울산,울산_중구,2006-11,145.89088365010775
울산,울산_중구,2006-12,114.44921316165951
울산,울산_중구,2007-01,155.2328492739109
울산,울산_중구,2007-02,167.42006161551586
울산,울산_중구,2007-03,160.8576040084472
울산,울산_중구,2007-04,166.45530490341196
울산,울산_중구,2007-05,153.4264862445662
울산,울산_중구,2007-06,171.08175584155705
울산,울산_중구,2007-07,158.38647371788625
울산,울산_중구,2007-08,151.86055585959605
울산,울산_중구,2007-09,156.902019696211
울산,울산_중구,2007-10,159.49367088607596
울산,울산_중구,2007-11,175.21902377972467
울산,울산_중구,2007-12,163.34275122652366
울산,울산_중구,2008-01,176.0870880724595
울산,울산_중구,2008-02,177.31027248915942
울산,울산_중구,2008-03,171.8759946527468
울산,울산_중구,2008-04,162.4497421110344
울산,울산_중구,2008-05,153.48682015348683
울산,울산_중구,2008-06,167.7872139655579
울산,울산_중구,2008-07,175.142349728025
울산,울산_중구,2008-08,159.03872645501428
울산,울산_중구,2008-09,154.9180546929951
울산,울산_중구,2008-10,153.38364316829254
울산,울산_중구,2008-11,157.91561222010304
울산,울산_중구,2008-12,188.30640747858897
울산,울산_중구,2009-01,161.16841031010776
울산,울산_중구,2009-02,156.1298716659767
울산,울산_중구,2009-03,150.80678370236848
울산,울산_중구,2009-04,176.86613479614408
울산,울산_중구,2009-05,165.2502360717658
울산,울산_중구,2009-06,167.6844808195699
울산,울산_중구,2009-07,173.8719025371104
울산,울산_중구,2009-08,181.69635157858377
울산,울산_중구,2009-09,161.97036109371737
울산,울산_중구,2009-10,159.0761798150003
울산,울산_중구,2009-11,176.0661049388686
울산,울산_중구,2009-12,165.13766129503495
울산,울산_중구,2010-01,176.53289396257503
울산,울산_중구,2010-02,180.65033907188723
울산,울산_중구,2010-03,192.73812484456602
울산,울산_중구,2010-04,162.19490811784624
울산,울산_중구,2010-05,201.4778190948634
울산,울산_중구,2010-06,330.84476913264916
울산,울산_중구,2010-07,177.05382436260624
울산,울산_중구,2010-08,171.46573641577484
울산,울산_중구,2010-09,211.91429244172357
울산,울산_중구,2010-10,199.9327956989247
울산,울산_중구,2010-11,268.66421158352864
울산,울산_중구,2010-12,303.23188436096905
울산,울산_중구,2011-01,189.69685698344801
울산,울산_중구,2011-02,192.79673546631972
울산,울산_중구,2011-03,182.82613824015098
울산,울산_중구,2011-04,181.7085197774424
울산,울산_중구,2011-05,206.03742226300366
울산,울산_중구,2011-06,222.4550087687292
울산,울산_중구,2011-07,215.9262824920919
울산,울산_중구,2011-08,217.7382527270245
울산,울산_중구,2011-09,254.7497607350842
울산,울산_중구,2011-10,242.12064287205175
울산,울산_중구,2011-11,244.41616254670964
울산,울산_중구,2011-12,247.2042377869335
울산,울산_중구,2012-01,248.23811257718717
울산,울산_중구,2012-02,265.0126275138662
울산,울산_중구,2012-03,263.9903346935466
울산,울산_중구,2012-04,264.69712834878794
울산,울산_중구,2012-05,258.348551124701
울산,울산_중구,2012-06,230.0070771408351
울산,울산_중구,2012-07,232.06751054852322
울산,울산_중구,2012-08,245.96457015857533
울산,울산_중구,2012-09,219.05030664192643
울산,울산_중구,2012-10,231.03923823872205
울산,울산_중구,2012-11,224.68464429743733
울산,울산_중구,2012-12,233.07108146466857
울산,울산_중구,2013-01,235.45108503708354
울산,울산_중구,2013-02,223.73999057936882
울산,울산_중구,2013-03,216.9378389653734
울산,울산_중구,2013-04,228.37139523253876
울산,울산_중구,2013-05,240.62278839348903
울산,울산_중구,2013-06,247.29156853509184
울산,울산_중구,2013-07,222.04136034673857
울산,울산_중구,2013-08,235.90469450342061
울산,울산_중구,2013-09,232.09524897379873
울산,울산_중구,2013-10,231.91024772231006
울산,울산_중구,2013-11,243.57691024357692
울산,울산_중구,2013-12,234.37429091376475
울산,울산_중구,2014-01,256.950700168359
울산,울산_중구,2014-02,240.99611728477709
울산,울산_중구,2014-03,239.0803298130816
울산,울산_중구,2014-04,247.6749674664234
울산,울산_중구,2014-05,229.62055442581865
울산,울산_중구,2014-06,240.79377714628072
울산,울산_중구,2014-07,159.49472979755728
울산,울산_중구,2014-08,233.93933331049072
울산,울산_중구,2014-09,233.68385912201637
울산,울산_중구,2014-10,233.51168803964453
울산,울산_중구,2014-11,241.07440774107442
울산,울산_중구,2014-12,246.53964005212552
울산,울산_중구,2015-01,237.1005620972805
울산,울산_중구,2015-02,252.51910306605896
울산,울산_중구,2015-03,244.22933730454204
울산,울산_중구,2015-04,245.96578873650137
울산,울산_중구,2015-05,273.67753830073946
울산,울산_중구,2015-06,266.4871200934392
울산,울산_중구,2015-07,275.70147092059443
울산,울산_중구,2015-08,267.33484174992526
울산,울산_중구,2015-09,273.69889442016347
울산,울산_중구,2015-10,264.70588235294116
울산,울산_중구,2015-11,280.95238095238096
울산,울산_중구,2015-12,275.9753143307065
울산,울산_중구,2016-01,310.45751633986924
울산,울산_중구,2016-02,256.7120319321295
울산,울산_중구,2016-03,276.6029449076144
울산,울산_중구,2016-04,288.25943349014113
울산,울산_중구,2016-05,289.13782989293395
울산,울산_중구,2016-06,329.1930819176036
울산,울산_중구,2016-07,294.2970182109949
울산,울산_중구,2016-08,292.27354432360903
울산,울산_중구,2016-09,320.96408543133276
울산,울산_중구,2016-10,331.1335060079965
울산,울산_중구,2016-11,312.5
울산,울산_중구,2016-12,292.2630367330598
울산,울산_중구,2017-01,288.540503972834
울산,울산_중구,2017-02,288.12259136306983
울산,울산_중구,2017-03,303.13753243689547
울산,울산_중구,2017-04,295.5171208152657
울산,울산_중구,2017-05,275.8229713786967
울산,울산_중구,2017-06,316.3625662154209
울산,울산_중구,2017-07,274.5130294073473
울산,울산_중구,2017-08,305.7852900614596
울산,울산_중구,2017-09,309.4801995831491
울산,울산_중구,2017-10,342.1053873340789
울산,울산_중구,2017-11,293.434145835592
울산,울산_중구,2017-12,319.49721337289037
울산,울산_중구,2018-01,303.9777661976724
울산,울산_중구,2018-02,334.40805347135176
울산,울산_중구,2018-03,342.30406043437205
울산,울산_중구,2018-04,325.37286233305826
울산,울산_중구,2018-05,282.6668750366275
울산,울산_중구,2018-06,303.4547152194211
울산,울산_중구,2018-07,352.8823048997531
울산,울산_중구,2018-08,282.6856883832371
울산,울산_중구,2018-09,315.4355069743026
울산,울산_중구,2018-10,375.08806529515147
울산,울산_중구,2018-11,357.3467440046368
울산,울산_중구,2018-12,323.26985601486297
울산,울산_중구,2019-01,283.5203780271707
울산,울산_중구,2019-02,295.7765855000688
울산,울산_중구,2019-03,306.89329556185083
울산,울산_중구,2019-04,349.9742321714306
울산,울산_중구,2019-05,327.9384550506019
울산,울산_중구,2019-06,341.90539573251203
울산,울산_중구,2019-07,388.2718373493976
울산,울산_중구,2019-08,376.91578888276695
울산,울산_중구,2019-09,376.6287723196684
울산,울산_중구,2019-10,409.47921038118113
울산,울산_중구,2019-11,382.67214740064367
울산,울산_중구,2019-12,400.6004148466584
울산,울산_중구,2020-01,362.56622044496237
울산,울산_중구,2020-02,377.216512593679
울산,울산_중구,2020-03,398.4876333253557
울산,울산_중구,2020-04,325.8373995524382
울산,울산_중구,2020-05,411.53301357660683
울산,울산_중구,2020-06,461.15862798695
울산,울산_중구,2020-07,422.812586714088
울산,울산_중구,2020-08,332.4018629407851
울산,울산_중구,2020-09,408.76981204432843
울산,울산_중구,2020-10,461.716044632551
울산,울산_중구,2020-11,386.18653421287905
울산,울산_중구,2020-12,302.81757993695885
울산,울산_중구,2021-01,307.9535239870826
울산,울산_중구,2021-02,270.8407771025969
울산,울산_중구,2021-03,257.8222778473091
울산,울산_중구,2021-04,274.38068359987454
울산,울산_중구,2021-05,283.616950283617
울산,울산_중구,2021-06,251.7070558307672
울산,울산_중구,2021-07,258.15016964154
울산,울산_중구,2021-08,268.3031666447463
울산,울산_중구,2021-09,283.616950283617
울산,울산_중구,2021-10,332.28331081699173
울산,울산_중구,2021-11,283.616950283617
울산,울산_중구,2021-12,267.9968701095462
울산,울산_중구,2022-01,285.9946300658909
울산,울산_중구,2022-02,314.9728910972382
울산,울산_중구,2022-03,279.65111732852256
울산,울산_중구,2022-04,302.9258766963685
울산,울산_중구,2022-05,291.9708738274139
울산,울산_중구,2022-06,314.4646680689985
울산,울산_중구,2022-07,316.5820153886388
울산,울산_중구,2022-08,352.68526035983365
울산,울산_중구,2022-09,309.1931528906589
울산,울산_중구,2022-10,300.1440330567565
울산,울산_중구,2022-11,365.9112370160529
울산,울산_중구,2022-12,447.164038597317
울산,울산_중구,2023-01,481.1220255988808
울산,울산_중구,2023-02,465.1907753258102
울산,울산_중구,2023-03,471.1754714952232
울산,울산_중구,2023-04,468.6976899899565
울산,울산_중구,2023-05,470.7859653995855
울산,울산_중구,2023-06,464.02165412128863
울산,울산_중구,2023-07,500.16672224074694
울산,울산_중구,2023-08,465.22090245503193
울산,울산_중구,2023-09,388.5647023466653
울산,울산_중구,2023-10,372.50160429662947
울산,울산_중구,2023-11,453.15442561205276
울산,울산_중구,2023-12,423.79815183559447
울산,울산_중구,2024-01,497.2459929551559
울산,울산_중구,2024-02,478.9702383670194
울산,울산_중구,2024-03,487.4619062983659
울산,울산_중구,2024-04,383.1481471560138
울산,울산_중구,2024-05,441.4156258907668
울산,울산_중구,2024-06,509.8727932749086
울산,울산_중구,2024-07,524.829371616851
울산,울산_중구,2024-08,447.2693032015066
울산,울산_중구,2024-09,433.52554600360156
울산,울산_중구,2024-10,422.55178907721285
울산,울산_중구,2024-11,459.37033001790974
울산,울산_중구,2024-12,442.75192500836954
울산,울산_중구,2025-01,388.31432750430383
울산,울산_중구,2025-02,376.3639247112261
울산,울산_중구,2025-03,441.96847762388353
울산,울산_중구,2025-04,381.5997959729857
울산,울산_중구,2025-05,469.71828086151436
울산,울산_중구,2025-06,515.7270787140512
울산,울산_중구,2025-07,477.0350117559724
울산,울산_중구,2025-08,475.84769680353236
울산,울산_중구,2025-09,467.20833019507415
울산,울산_중구,2025-10,495.8225970172562
울산,울산_중구,2025-11,533.007594903697
울산,울산_중구,2025-12,559.9153513799489
인천,인천_강화군,2006-01,143.35219765151703
인천,인천_강화군,2006-02,120.96242100787354
인천,인천_강화군,2006-03,141.68646200819762
인천,인천_강화군,2006-04,137.82384939078926
인천,인천_강화군,2006-05,124.62794891720306
인천,인천_강화군,2006-06,91.41563642695455
인천,인천_강화군,2006-07,101.30757450818706
인천,인천_강화군,2006-08,143.08257572188987
인천,인천_강화군,2006-09,113.69343874494302
인천,인천_강화군,2006-10,103.07456708681823
인천,인천_강화군,2006-11,146.624129396027
인천,인천_강화군,2006-12,153.95217219183905
인천,인천_강화군,2007-01,106.477853782964
인천,인천_강화군,2007-02,106.477853782964
인천,인천_강화군,2007-03,106.477853782964
인천,인천_강화군,2007-04,113.70187612801814
인천,인천_강화군,2007-05,113.70187612801814
인천,인천_강화군,2007-06,112.5593494621302
인천,인천_강화군,2007-07,113.8489449868344
인천,인천_강화군,2007-08,112.03117389186555
인천,인천_강화군,2007-09,113.0135938687581
인천,인천_강화군,2007-10,113.6018693040231
인천,인천_강화군,2007-11,115.82555044932477
인천,인천_강화군,2007-12,114.12543444140894
인천,인천_강화군,2008-01,118.76692762564974
인천,인천_강화군,2008-02,135.2921646746348
인천,인천_강화군,2008-03,166.04644589947713
인천,인천_강화군,2008-04,117.65508705299891
인천,인천_강화군,2008-05,124.94221502387776
인천,인천_강화군,2008-06,129.4205957582988
인천,인천_강화군,2008-07,135.30335011094874
인천,인천_강화군,2008-08,153.65553267034858
인천,인천_강화군,2008-09,132.56484149855908
인천,인천_강화군,2008-10,141.1861044635987
인천,인천_강화군,2008-11,141.1861044635987
인천,인천_강화군,2008-12,114.26552008481565
인천,인천_강화군,2009-01,174.61417734763276
인천,인천_강화군,2009-02,132.36197293462376
인천,인천_강화군,2009-03,155.0258376396066
인천,인천_강화군,2009-04,159.716780674446
인천,인천_강화군,2009-05,141.1861044635987
인천,인천_강화군,2009-06,153.7019689169946
인천,인천_강화군,2009-07,150.09688690602104
인천,인천_강화군,2009-08,186.98112737154395
인천,인천_강화군,2009-09,176.48263057949836
인천,인천_강화군,2009-10,182.46027074749853
인천,인천_강화군,2009-11,158.45571207590058
인천,인천_강화군,2009-12,183.27639546647507
인천,인천_강화군,2010-01,156.1941126128317
인천,인천_강화군,2010-02,171.88401864824232
인천,인천_강화군,2010-03,144.71575707518866
인천,인천_강화군,2010-04,178.83573232055832
인천,인천_강화군,2010-05,173.36222703783963
인천,인천_강화군,2010-06,190.6074512851341
인천,인천_강화군,2010-07,147.5375636585161
인천,인천_강화군,2010-08,150.0102359925736
인천,인천_강화군,2010-09,157.37308391863303
인천,인천_강화군,2010-10,164.71712187419845
인천,인천_강화군,2010-11,162.3640201331385
인천,인천_강화군,2010-12,130.08661104525328
인천,인천_강화군,2011-01,202.56036298817048
인천,인천_강화군,2011-02,161.38532218164684
인천,인천_강화군,2011-03,161.1874692626085
인천,인천_강화군,2011-04,157.65781665101852
인천,인천_강화군,2011-05,175.46752084412833
인천,인천_강화군,2011-06,158.3597266211035
인천,인천_강화군,2011-07,170.5998762268484
인천,인천_강화군,2011-08,152.95161316889858
인천,인천_강화군,2011-09,141.27529591447117
인천,인천_강화군,2011-10,153.9887254042526
인천,인천_강화군,2011-11,179.12849774339807
인천,인천_강화군,2011-12,176.69925786311697
인천,인천_강화군,2012-01,152.95161316889858
인천,인천_강화군,2012-02,150.10338572452963
인천,인천_강화군,2012-03,135.30335011094874
인천,인천_강화군,2012-04,154.12816403942855
인천,인천_강화군,2012-05,148.2454096867786
인천,인천_강화군,2012-06,173.54125340317336
인천,인천_강화군,2012-07,178.81587664575184
인천,인천_강화군,2012-08,174.3432677582754
인천,인천_강화군,2012-09,157.65781665101852
인천,인천_강화군,2012-10,173.36222703783963
인천,인천_강화군,2012-11,159.87147975690254
인천,인천_강화군,2012-12,143.24506848702617
인천,인천_강화군,2013-01,165.89367274472846
인천,인천_강화군,2013-02,187.2332959304387
인천,인천_강화군,2013-03,120.19548276317528
인천,인천_강화군,2013-04,136.47990098147875
인천,인천_강화군,2013-05,189.6190682848125
인천,인천_강화군,2013-06,145.02417069511586
인천,인천_강화군,2013-07,161.28322801049808
인천,인천_강화군,2013-08,188.12679463060667
인천,인천_강화군,2013-09,162.56331723406763
인천,인천_강화군,2013-10,161.36007427789013
인천,인천_강화군,2013-11,150.58272923816483
인천,인천_강화군,2013-12,141.35940629049358
인천,인천_강화군,2014-01,165.81364790219214
인천,인천_강화군,2014-02,189.36712295787038
인천,인천_강화군,2014-03,164.08785915938023
인천,인천_강화군,2014-04,154.71643947469357
인천,인천_강화군,2014-05,147.65713425151364
인천,인천_강화군,2014-06,149.4219605573086
인천,인천_강화군,2014-07,149.65215984468531
인천,인천_강화군,2014-08,164.21565033796168
인천,인천_강화군,2014-09,158.3464627276935
인천,인천_강화군,2014-10,141.1861044635987
인천,인천_강화군,2014-11,147.06885881624862
인천,인천_강화군,2014-12,158.105531822744
인천,인천_강화군,2015-01,172.9529779679084
인천,인천_강화군,2015-02,152.95161316889858
인천,인천_강화군,2015-03,156.48126578048854
인천,인천_강화군,2015-04,176.66884562835838
인천,인천_강화군,2015-05,161.7757446978735
인천,인천_강화군,2015-06,158.83436752154853
인천,인천_강화군,2015-07,181.3556926845353
인천,인천_강화군,2015-08,161.7757446978735
인천,인천_강화군,2015-09,170.01160079158342
인천,인천_강화군,2015-10,144.12748163992364
인천,인천_강화군,2015-11,162.95229556840349
인천,인천_강화군,2015-12,175.30607970896835
인천,인천_강화군,2016-01,184.99334239832527
인천,인천_강화군,2016-02,172.36470253264338
인천,인천_강화군,2016-03,176.48263057949836
인천,인천_강화군,2016-04,227.84889166406492
인천,인천_강화군,2016-05,239.95718953078065
인천,인천_강화군,2016-06,212.60061874111108
인천,인천_강화군,2016-07,210.62008798830416
인천,인천_강화군,2016-08,214.70926508709522
인천,인천_강화군,2016-09,168.24677448578842
인천,인천_강화군,2016-10,161.58544584045984
인천,인천_강화군,2016-11,211.29740397149945
인천,인천_강화군,2016-12,187.301213334904
인천,인천_강화군,2017-01,188.24813928479824
인천,인천_강화군,2017-02,187.03200068411047
인천,인천_강화군,2017-03,174.12952883843838
인천,인천_강화군,2017-04,166.7687595712098
인천,인천_강화군,2017-05,198.36572742579693
인천,인천_강화군,2017-06,188.24813928479824
인천,인천_강화군,2017-07,176.48263057949836
인천,인천_강화군,2017-08,184.71848667320828
인천,인천_강화군,2017-09,209.99418920188782
인천,인천_강화군,2017-10,173.54125340317339
인천,인천_강화군,2017-11,188.24813928479824
인천,인천_강화군,2017-12,176.48263057949836
인천,인천_강화군,2018-01,181.48297177925082
인천,인천_강화군,2018-02,130.67964872088584
인천,인천_강화군,2018-03,187.07158841426826
인천,인천_강화군,2018-04,182.3653849321483
인천,인천_강화군,2018-05,213.06782344672135
인천,인천_강화군,2018-06,210.95306677815216
인천,인천_강화군,2018-07,208.24950408380806
인천,인천_강화군,2018-08,200.42437901295466
인천,인천_강화군,2018-09,217.17602613139115
인천,인천_강화군,2018-10,219.9316745597701
인천,인천_강화군,2018-11,234.5937861970881
인천,인천_강화군,2018-12,188.36472745457576
인천,인천_강화군,2019-01,184.83402122447154
인천,인천_강화군,2019-02,187.5214097593431
인천,인천_강화군,2019-03,182.4773090286846
인천,인천_강화군,2019-04,188.71875963301022
인천,인천_강화군,2019-05,185.89503754373825
인천,인천_강화군,2019-06,183.0847986444545
인천,인천_강화군,2019-07,194.0913059072904
인천,인천_강화군,2019-08,192.95434276691822
인천,인천_강화군,2019-09,173.54125340317339
인천,인천_강화군,2019-10,176.48263057949833
인천,인천_강화군,2019-11,190.60124102585823
인천,인천_강화군,2019-12,200.01364799009812
인천,인천_강화군,2020-01,187.65986384953325
인천,인천_강화군,2020-02,239.01406697373335
인천,인천_강화군,2020-03,203.34784649155688
인천,인천_강화군,2020-04,197.66054624903816
인천,인천_강화군,2020-05,209.7290955283151
인천,인천_강화군,2020-06,210.70174585082196
인천,인천_강화군,2020-07,210.69903710694345
인천,인천_강화군,2020-08,219.9316745597701
인천,인천_강화군,2020-09,216.5751939586969
인천,인천_강화군,2020-10,218.60526225729018
인천,인천_강화군,2020-11,222.78417488513222
인천,인천_강화군,2020-12,217.86235809505865
인천,인천_강화군,2021-01,208.96558961640804
인천,인천_강화군,2021-02,214.4542938410574
인천,인천_강화군,2021-03,202.3667497311581
인천,인천_강화군,2021-04,198.72136119402896
인천,인천_강화군,2021-05,223.5446654006979
인천,인천_강화군,2021-06,222.93903648145627
인천,인천_강화군,2021-07,210.01433038960303
인천,인천_강화군,2021-08,237.17976348698681
인천,인천_강화군,2021-09,229.42741975334786
인천,인천_강화군,2021-10,146.9441314805873
인천,인천_강화군,2021-11,163.9344262295082
인천,인천_강화군,2021-12,227.66259344755287
인천,인천_강화군,2022-01,235.31017410599782
인천,인천_강화군,2022-02,264.9677328183146
인천,인천_강화군,2022-03,239.42810215285277
인천,인천_강화군,2022-04,232.95707236493783
인천,인천_강화군,2022-05,252.95843716394765
인천,인천_강화군,2022-06,251.8441185582498
인천,인천_강화군,2022-07,231.78052149440785
인천,인천_강화군,2022-08,274.1814876178467
인천,인천_강화군,2022-09,226.36252829531603
인천,인천_강화군,2022-10,250.66756768771978
인천,인천_강화군,2022-11,202.30825447001004
인천,인천_강화군,2022-12,257.2616724473059
인천,인천_강화군,2023-01,247.37896100836377
인천,인천_강화군,2023-02,262.805817664909
인천,인천_강화군,2023-03,246.6455452930743
인천,인천_강화군,2023-04,231.78052149440785
인천,인천_강화군,2023-05,166.66666666666666
인천,인천_강화군,2023-06,151.85185185185185
인천,인천_강화군,2023-07,276.0282720570485
인천,인천_강화군,2023-08,264.72394586924753
인천,인천_강화군,2023-09,318.16782252980073
인천,인천_강화군,2023-10,242.36947932917775
인천,인천_강화군,2023-11,252.95843716394765
인천,인천_강화군,2023-12,223.5446654006979
인천,인천_강화군,2024-01,200.25915891153258
인천,인천_강화군,2024-02,252.95843716394765
인천,인천_강화군,2024-03,137.80028919780472
인천,인천_강화군,2024-04,192.50513347022587
인천,인천_강화군,2024-05,205.6188217633009
인천,인천_강화군,2024-06,250.58001084028857
인천,인천_강화군,2024-07,232.95707236493783
인천,인천_강화군,2024-08,246.43153709993229
인천,인천_강화군,2024-09,263.6913334726902
인천,인천_강화군,2024-10,348.09841961557095
인천,인천_강화군,2024-11,391.1705239461672
인천,인천_강화군,2024-12,258.93190588821113
인천,인천_강화군,2025-01,380.6570063033482
인천,인천_강화군,2025-02,311.05292807064586
인천,인천_강화군,2025-03,315.35769645477905
인천,인천_강화군,2025-04,298.804780876494
인천,인천_강화군,2025-05,383.6082525810164
인천,인천_강화군,2025-06,418.49840986637685
인천,인천_강화군,2025-07,275.6160830090791
인천,인천_강화군,2025-08,405.9894451083003
인천,인천_강화군,2025-09,406.75817669329683
인천,인천_강화군,2025-10,394.3764804673327
인천,인천_강화군,2025-11,298.7675837171667
인천,인천_강화군,2025-12,302.6385013529016
인천,인천_검단구,2006-01,158.10943655737623
인천,인천_검단구,2006-02,155.59645307010206
인천,인천_검단구,2006-03,161.57124328330553
인천,인천_검단구,2006-04,162.36249191128888
인천,인천_검단구,2006-05,166.75004168751042
인천,인천_검단구,2006-06,161.35640449417048
인천,인천_검단구,2006-07,175.18654784759605
인천,인천_검단구,2006-08,177.05382436260624
인천,인천_검단구,2006-09,188.93087352745056
인천,인천_검단구,2006-10,213.35111259271608
인천,인천_검단구,2006-11,269.52242744373865
인천,인천_검단구,2006-12,269.52242744373865
인천,인천_검단구,2007-01,269.52242744373865
인천,인천_검단구,2007-02,248.0249536724819
인천,인천_검단구,2007-03,207.63563295378432
인천,인천_검단구,2007-04,247.07364794828865
인천,인천_검단구,2007-05,211.82183523107835
인천,인천_검단구,2007-06,233.4111370456819
인천,인천_검단구,2007-07,232.5193766147179
인천,인천_검단구,2007-08,225.01875156263023
인천,인천_검단구,2007-09,229.43875750088247
인천,인천_검단구,2007-10,227.0855394752324
인천,인천_검단구,2007-11,233.4500583625146
인천,인천_검단구,2007-12,225.7382558311076
인천,인천_검단구,2008-01,262.44556902436153
인천,인천_검단구,2008-02,243.35411731491826
인천,인천_검단구,2008-03,247.11639067148508
인천,인천_검단구,2008-04,251.75058352784262
인천,인천_검단구,2008-05,247.07335725630918
인천,인천_검단구,2008-06,259.45330677424215
인천,인천_검단구,2008-07,276.0028213312082
인천,인천_검단구,2008-08,276.05822318889074
인천,인천_검단구,2008-09,283.1407839918574
인천,인천_검단구,2008-10,276.05822318889074
인천,인천_검단구,2008-11,273.02943969610635
인천,인천_검단구,2008-12,283.29906328535526
인천,인천_검단구,2009-01,258.6576645815833
인천,인천_검단구,2009-02,269.39044800034776
인천,인천_검단구,2009-03,248.4161387129043
인천,인천_검단구,2009-04,251.75058352784262
인천,인천_검단구,2009-05,239.7574552167325
인천,인천_검단구,2009-06,257.1651056099023
인천,인천_검단구,2009-07,254.8519898059204
인천,인천_검단구,2009-08,263.01156861833863
인천,인천_검단구,2009-09,257.73802518535956
인천,인천_검단구,2009-10,253.82803297997643
인천,인천_검단구,2009-11,247.36754136720708
인천,인천_검단구,2009-12,280.92697565855286
인천,인천_검단구,2010-01,262.8937252702773
인천,인천_검단구,2010-02,258.66719215141467
인천,인천_검단구,2010-03,264.3559805147707
인천,인천_검단구,2010-04,240.79425057420167
인천,인천_검단구,2010-05,248.7374429264102
인천,인천_검단구,2010-06,244.49877750611248
인천,인천_검단구,2010-07,234.8527029088833
인천,인천_검단구,2010-08,233.49206832298418
인천,인천_검단구,2010-09,235.38428053823787
인천,인천_검단구,2010-10,256.44763339326107
인천,인천_검단구,2010-11,249.664711450009
인천,인천_검단구,2010-12,249.73108190875342
인천,인천_검단구,2011-01,247.07364794828865
인천,인천_검단구,2011-02,244.0784407097941
인천,인천_검단구,2011-03,230.29922904811764
인천,인천_검단구,2011-04,233.3537026795516
인천,인천_검단구,2011-05,230.70911036067628
인천,인천_검단구,2011-06,243.43476617713105
인천,인천_검단구,2011-07,243.5596156020323
인천,인천_검단구,2011-08,237.65690376569037
인천,인천_검단구,2011-09,247.19101123595507
인천,인천_검단구,2011-10,247.23334118201083
인천,인천_검단구,2011-11,242.4600827912478
인천,인천_검단구,2011-12,243.6656695432236
인천,인천_검단구,2012-01,247.59187144669588
인천,인천_검단구,2012-02,225.97513567335292
인천,인천_검단구,2012-03,226.6303096878383
인천,인천_검단구,2012-04,224.216373828017
인천,인천_검단구,2012-05,231.85990483151315
인천,인천_검단구,2012-06,222.4234845512073
인천,인천_검단구,2012-07,228.04478922276132
인천,인천_검단구,2012-08,229.41986187747804
인천,인천_검단구,2012-09,227.12829960897272
인천,인천_검단구,2012-10,223.8108394143031
인천,인천_검단구,2012-11,223.7241829476456
인천,인천_검단구,2012-12,223.54282433416594
인천,인천_검단구,2013-01,223.54282433416594
인천,인천_검단구,2013-02,226.6855571297608
인천,인천_검단구,2013-03,220.03667277879646
인천,인천_검단구,2013-04,221.74058019339782
인천,인천_검단구,2013-05,223.68730868848598
인천,인천_검단구,2013-06,218.43176451316313
인천,인천_검단구,2013-07,222.36846640367185
인천,인천_검단구,2013-08,224.72425698399962
인천,인천_검단구,2013-09,230.60207141840274
인천,인천_검단구,2013-10,236.60923196643304
인천,인천_검단구,2013-11,223.55281905987803
인천,인천_검단구,2013-12,242.95038953045787
인천,인천_검단구,2014-01,235.37748361485944
인천,인천_검단구,2014-02,247.7097742378321
인천,인천_검단구,2014-03,242.47966510368826
인천,인천_검단구,2014-04,235.3636901241869
인천,인천_검단구,2014-05,254.73090212209593
인천,인천_검단구,2014-06,253.13475010301994
인천,인천_검단구,2014-07,259.22333344482723
인천,인천_검단구,2014-08,253.09392609892794
인천,인천_검단구,2014-09,245.6691545391344
인천,인천_검단구,2014-10,248.45756211439053
인천,인천_검단구,2014-11,251.17213663764232
인천,인천_검단구,2014-12,255.99126216491808
인천,인천_검단구,2015-01,255.39327032848047
인천,인천_검단구,2015-02,251.7798126711132
인천,인천_검단구,2015-03,258.8660148069026
인천,인천_검단구,2015-04,260.90394991569804
인천,인천_검단구,2015-05,258.753418201851
인천,인천_검단구,2015-06,264.3466622051196
인천,인천_검단구,2015-07,281.3458884649728
인천,인천_검단구,2015-08,272.59776106717607
인천,인천_검단구,2015-09,282.8417582857904
인천,인천_검단구,2015-10,282.42471719745066
인천,인천_검단구,2015-11,290.67339336128697
인천,인천_검단구,2015-12,291.3596784996651
인천,인천_검단구,2016-01,288.91924405066254
인천,인천_검단구,2016-02,289.74889657563256
인천,인천_검단구,2016-03,274.8028716017418
인천,인천_검단구,2016-04,278.49696904083504
인천,인천_검단구,2016-05,290.0714164921608
인천,인천_검단구,2016-06,293.04460397787454
인천,인천_검단구,2016-07,291.7952585623671
인천,인천_검단구,2016-08,298.8509533816044
인천,인천_검단구,2016-09,308.2893354246803
인천,인천_검단구,2016-10,300.07060484819954
인천,인천_검단구,2016-11,302.70459543613543
인천,인천_검단구,2016-12,292.4593722676154
인천,인천_검단구,2017-01,289.8853543905768
인천,인천_검단구,2017-02,284.5188284518828
인천,인천_검단구,2017-03,288.7995981918634
인천,인천_검단구,2017-04,300.18116816384475
인천,인천_검단구,2017-05,283.4942728345232
인천,인천_검단구,2017-06,289.83334582615
인천,인천_검단구,2017-07,294.2393343040907
인천,인천_검단구,2017-08,290.69083205837353
인천,인천_검단구,2017-09,289.61003334128355
인천,인천_검단구,2017-10,300.9877693080713
인천,인천_검단구,2017-11,300.10857442700944
인천,인천_검단구,2017-12,286.3376056722116
인천,인천_검단구,2018-01,294.1834057024512
인천,인천_검단구,2018-02,286.0953864486311
인천,인천_검단구,2018-03,292.359980041965
인천,인천_검단구,2018-04,284.89424772614365
인천,인천_검단구,2018-05,285.8995069115912
인천,인천_검단구,2018-06,283.61058085628576
인천,인천_검단구,2018-07,276.3819095477387
인천,인천_검단구,2018-08,284.10629197461867
인천,인천_검단구,2018-09,288.29973758840214
인천,인천_검단구,2018-10,286.0549955443697
인천,인천_검단구,2018-11,289.46250578042503
인천,인천_검단구,2018-12,270.7863872151151
인천,인천_검단구,2019-01,272.71269680677403
인천,인천_검단구,2019-02,278.7297235549463
인천,인천_검단구,2019-03,288.5866351271437
인천,인천_검단구,2019-04,272.95755392382364
인천,인천_검단구,2019-05,277.4110756786158
인천,인천_검단구,2019-06,269.5068847828645
인천,인천_검단구,2019-07,268.09016430933605
인천,인천_검단구,2019-08,284.46174357384956
인천,인천_검단구,2019-09,270.6130680227127
인천,인천_검단구,2019-10,288.5866351271437
인천,인천_검단구,2019-11,284.91043128316534
인천,인천_검단구,2019-12,282.38250828616174
인천,인천_검단구,2020-01,293.5914893968162
인천,인천_검단구,2020-02,303.68798691307234
인천,인천_검단구,2020-03,298.6649637471877
인천,인천_검단구,2020-04,296.94147180117966
인천,인천_검단구,2020-05,301.94693974127915
인천,인천_검단구,2020-06,300.4139562389119
인천,인천_검단구,2020-07,299.23122412773506
인천,인천_검단구,2020-08,296.82774216744815
인천,인천_검단구,2020-09,294.6580846517318
인천,인천_검단구,2020-10,309.4303305257139
인천,인천_검단구,2020-11,315.5250077115254
인천,인천_검단구,2020-12,309.7789685197589
인천,인천_검단구,2021-01,340.08248321687677
인천,인천_검단구,2021-02,343.49226421335084
인천,인천_검단구,2021-03,367.80147262963817
인천,인천_검단구,2021-04,379.6660362628523
인천,인천_검단구,2021-05,388.15459260498574
인천,인천_검단구,2021-06,400.1630766825165
인천,인천_검단구,2021-07,422.9419271980362
인천,인천_검단구,2021-08,455.5992435154228
인천,인천_검단구,2021-09,429.92126590927967
인천,인천_검단구,2021-10,461.4705099426445
인천,인천_검단구,2021-11,447.585394581861
인천,인천_검단구,2021-12,450.15005001667225
인천,인천_검단구,2022-01,418.1187478376279
인천,인천_검단구,2022-02,433.9128229692035
인천,인천_검단구,2022-03,446.3507733632922
인천,인천_검단구,2022-04,447.1185277834246
인천,인천_검단구,2022-05,434.62104824054154
인천,인천_검단구,2022-06,413.9562389118865
인천,인천_검단구,2022-07,407.51536193648053
인천,인천_검단구,2022-08,417.68784481308177
인천,인천_검단구,2022-09,452.1576694039077
인천,인천_검단구,2022-10,423.66199304723597
인천,인천_검단구,2022-11,445.4090474725061
인천,인천_검단구,2022-12,417.3211055198192
인천,인천_검단구,2023-01,408.57824936064304
인천,인천_검단구,2023-02,408.2497029306917
인천,인천_검단구,2023-03,418.78563938566253
인천,인천_검단구,2023-04,393.82612694407436
인천,인천_검단구,2023-05,374.3329986309771
인천,인천_검단구,2023-06,374.130851677118
인천,인천_검단구,2023-07,400.0141181453463
인천,인천_검단구,2023-08,388.3568269599663
인천,인천_검단구,2023-09,388.4359799770958
인천,인천_검단구,2023-10,397.7163582272955
인천,인천_검단구,2023-11,393.6802664054111
인천,인천_검단구,2023-12,398.1686939526948
인천,인천_검단구,2024-01,416.8751042187761
인천,인천_검단구,2024-02,429.74080029701236
인천,인천_검단구,2024-03,423.97832999646687
인천,인천_검단구,2024-04,417.83660917234926
인천,인천_검단구,2024-05,432.089750226199
인천,인천_검단구,2024-06,412.1283613999582
인천,인천_검단구,2024-07,450.48850961620985
인천,인천_검단구,2024-08,476.6477890604036
인천,인천_검단구,2024-09,443.02416915531836
인천,인천_검단구,2024-10,406.3537778060032
인천,인천_검단구,2024-11,476.707489012472
인천,인천_검단구,2024-12,497.8608113708841
인천,인천_검단구,2025-01,494.73577575747584
인천,인천_검단구,2025-02,397.9701159346332
인천,인천_검단구,2025-03,425.1629791420045
인천,인천_검단구,2025-04,441.2354592860008
인천,인천_검단구,2025-05,424.4297646364403
인천,인천_검단구,2025-06,501.4039310068191
인천,인천_검단구,2025-07,423.7732059973326
인천,인천_검단구,2025-08,481.08725720127484
인천,인천_검단구,2025-09,576.5340069778574
인천,인천_검단구,2025-10,607.7054204243514
인천,인천_검단구,2025-11,609.9397702203056
인천,인천_검단구,2025-12,566.8197021318565
인천,인천_계양구,2006-01,160.85343706990437
인천,인천_계양구,2006-02,157.30337078651687
인천,인천_계양구,2006-03,160.63179953629393
인천,인천_계양구,2006-04,158.3597266211035
인천,인천_계양구,2006-05,159.25452338881757
인천,인천_계양구,2006-06,159.46610467158413
인천,인천_계양구,2006-07,164.213477520777
인천,인천_계양구,2006-08,162.29712858926342
인천,인천_계양구,2006-09,165.76250753465942
인천,인천_계양구,2006-10,171.73353170201324
인천,인천_계양구,2006-11,168.93954813759413
인천,인천_계양구,2006-12,172.8188883465712
인천,인천_계양구,2007-01,170.7856138235885
인천,인천_계양구,2007-02,180.6207616066771
인천,인천_계양구,2007-03,177.3951299123668
인천,인천_계양구,2007-04,184.5444059976932
인천,인천_계양구,2007-05,182.9780090649656
인천,인천_계양구,2007-06,189.27973199329983
인천,인천_계양구,2007-07,195.16798330357653
인천,인천_계양구,2007-08,199.92310649750095
인천,인천_계양구,2007-09,210.42664059497304
인천,인천_계양구,2007-10,214.43272354737064
인천,인천_계양구,2007-11,217.52594769682935
인천,인천_계양구,2007-12,223.48232154769846
인천,인천_계양구,2008-01,223.73999057936882
인천,인천_계양구,2008-02,232.40724355571285
인천,인천_계양구,2008-03,244.3384982121573
인천,인천_계양구,2008-04,265.3548687490075
인천,인천_계양구,2008-05,282.64105654949094
인천,인천_계양구,2008-06,299.88465974625143
인천,인천_계양구,2008-07,300.0
인천,인천_계양구,2008-08,309.991852548147
인천,인천_계양구,2008-09,310.8614232209738
인천,인천_계양구,2008-10,297.24165213301626
인천,인천_계양구,2008-11,280.8283949060648
인천,인천_계양구,2008-12,263.78322224111315
인천,인천_계양구,2009-01,279.4554786897768
인천,인천_계양구,2009-02,275.52058531898336
인천,인천_계양구,2009-03,276.7527675276753
인천,인천_계양구,2009-04,278.22364901016584
인천,인천_계양구,2009-05,273.3601749676906
인천,인천_계양구,2009-06,280.3801922880512
인천,인천_계양구,2009-07,279.3109215587891
인천,인천_계양구,2009-08,292.0765900336987
인천,인천_계양구,2009-09,287.92551157008984
인천,인천_계양구,2009-10,287.6984126984127
인천,인천_계양구,2009-11,285.7920522591181
인천,인천_계양구,2009-12,280.8988764044944
인천,인천_계양구,2010-01,288.1844380403458
인천,인천_계양구,2010-02,282.70361666446
인천,인천_계양구,2010-03,276.2084118016321
인천,인천_계양구,2010-04,266.97814116469215
인천,인천_계양구,2010-05,271.79821700369644
인천,인천_계양구,2010-06,266.80006670001666
인천,인천_계양구,2010-07,258.8947331785798
인천,인천_계양구,2010-08,263.89592889817993
인천,인천_계양구,2010-09,268.2819373259633
인천,인천_계양구,2010-10,270.7902145703455
인천,인천_계양구,2010-11,267.79920957942545
인천,인천_계양구,2010-12,274.4107744107744
인천,인천_계양구,2011-01,275.8226891493424
인천,인천_계양구,2011-02,275.74829130332313
인천,인천_계양구,2011-03,270.3153679292508
인천,인천_계양구,2011-04,265.61731431382196
인천,인천_계양구,2011-05,264.76654344538406
인천,인천_계양구,2011-06,265.30952778241283
인천,인천_계양구,2011-07,268.55904474567626
인천,인천_계양구,2011-08,274.3361888931509
인천,인천_계양구,2011-09,266.844563042028
인천,인천_계양구,2011-10,257.3879885605338
인천,인천_계양구,2011-11,261.9341927129319
인천,인천_계양구,2011-12,255.47084568685585
인천,인천_계양구,2012-01,253.08260695770912
인천,인천_계양구,2012-02,257.0066730219256
인천,인천_계양구,2012-03,256.5921996070473
인천,인천_계양구,2012-04,250.14600367094943
인천,인천_계양구,2012-05,255.537526334738
인천,인천_계양구,2012-06,250.16186944493498
인천,인천_계양구,2012-07,243.993993993994
인천,인천_계양구,2012-08,245.02874375647912
인천,인천_계양구,2012-09,248.5939943438619
인천,인천_계양구,2012-10,240.98415908324907
인천,인천_계양구,2012-11,230.25150549061283
인천,인천_계양구,2012-12,234.15286837263756
인천,인천_계양구,2013-01,247.71903047347018
인천,인천_계양구,2013-02,248.54045037531276
인천,인천_계양구,2013-03,248.55632299452523
인천,인천_계양구,2013-04,251.004016064257
인천,인천_계양구,2013-05,255.45634920634922
인천,인천_계양구,2013-06,247.52475247524754
인천,인천_계양구,2013-07,244.33496790067838
인천,인천_계양구,2013-08,250.16677785190126
인천,인천_계양구,2013-09,256.9734268836065
인천,인천_계양구,2013-10,266.5966248604636
인천,인천_계양구,2013-11,258.15843908334494
인천,인천_계양구,2013-12,259.6692827598689
인천,인천_계양구,2014-01,256.69642857142856
인천,인천_계양구,2014-02,256.9113441372736
인천,인천_계양구,2014-03,250.06149053045831
인천,인천_계양구,2014-04,253.75300697313264
인천,인천_계양구,2014-05,260.7871028923661
인천,인천_계양구,2014-06,261.50121065375305
인천,인천_계양구,2014-07,262.0541146997614
인천,인천_계양구,2014-08,259.9227256761503
인천,인천_계양구,2014-09,259.25053028517556
인천,인천_계양구,2014-10,263.5090060040027
인천,인천_계양구,2014-11,270.7092582566324
인천,인천_계양구,2014-12,267.16604244694133
인천,인천_계양구,2015-01,267.6889965025558
인천,인천_계양구,2015-02,273.59437751004015
인천,인천_계양구,2015-03,276.8632245647153
인천,인천_계양구,2015-04,268.61229938018886
인천,인천_계양구,2015-05,282.55702922623937
인천,인천_계양구,2015-06,272.1268950851528
인천,인천_계양구,2015-07,287.97101741382636
인천,인천_계양구,2015-08,293.2697087185605
인천,인천_계양구,2015-09,299.7799779977998
인천,인천_계양구,2015-10,303.5863219349458
인천,인천_계양구,2015-11,304.89061071080425
인천,인천_계양구,2015-12,293.39034879689353
인천,인천_계양구,2016-01,304.58736185785483
인천,인천_계양구,2016-02,295.04741833508956
인천,인천_계양구,2016-03,291.3937974071233
인천,인천_계양구,2016-04,289.9279369867605
인천,인천_계양구,2016-05,308.84389373769795
인천,인천_계양구,2016-06,303.15129420998846
인천,인천_계양구,2016-07,298.432810936979
인천,인천_계양구,2016-08,303.39666278610116
인천,인천_계양구,2016-09,299.22779922779927
인천,인천_계양구,2016-10,315.08754027291815
인천,인천_계양구,2016-11,308.4470340371791
인천,인천_계양구,2016-12,306.5516473646286
인천,인천_계양구,2017-01,298.631312521105
인천,인천_계양구,2017-02,294.3080816999235
인천,인천_계양구,2017-03,306.08040496792046
인천,인천_계양구,2017-04,306.3454808429117
인천,인천_계양구,2017-05,307.1754259659227
인천,인천_계양구,2017-06,314.9207777920649
인천,인천_계양구,2017-07,311.2934362934363
인천,인천_계양구,2017-08,315.38332494547893
인천,인천_계양구,2017-09,309.6673491158242
인천,인천_계양구,2017-10,309.07668231611893
인천,인천_계양구,2017-11,310.8645253494764
인천,인천_계양구,2017-12,321.94765284584724
인천,인천_계양구,2018-01,304.5410946357189
인천,인천_계양구,2018-02,319.64682047476987
인천,인천_계양구,2018-03,324.6747129520667
인천,인천_계양구,2018-04,294.6028753240632
인천,인천_계양구,2018-05,321.42047549930135
인천,인천_계양구,2018-06,300.71792362096056
인천,인천_계양구,2018-07,323.6652735442919
인천,인천_계양구,2018-08,332.9983205594202
인천,인천_계양구,2018-09,333.5882347714145
인천,인천_계양구,2018-10,314.76769390255396
인천,인천_계양구,2018-11,317.3216885007278
인천,인천_계양구,2018-12,329.01934715470804
인천,인천_계양구,2019-01,320.51282051282055
인천,인천_계양구,2019-02,311.73291939994056
인천,인천_계양구,2019-03,315.5137516370997
인천,인천_계양구,2019-04,311.52647975077883
인천,인천_계양구,2019-05,313.5946622185154
인천,인천_계양구,2019-06,317.65652284811745
인천,인천_계양구,2019-07,327.86615055707813
인천,인천_계양구,2019-08,319.10544714381024
인천,인천_계양구,2019-09,315.55398563522897
인천,인천_계양구,2019-10,336.0168467929126
인천,인천_계양구,2019-11,324.5095007338811
인천,인천_계양구,2019-12,323.7457501012441
인천,인천_계양구,2020-01,312.0804994690968
인천,인천_계양구,2020-02,329.6557224511498
인천,인천_계양구,2020-03,315.2890626528149
인천,인천_계양구,2020-04,310.47265987025025
인천,인천_계양구,2020-05,317.89498749851174
인천,인천_계양구,2020-06,321.42181886935145
인천,인천_계양구,2020-07,329.53419226957385
인천,인천_계양구,2020-08,326.91388226707596
인천,인천_계양구,2020-09,321.4788024914607
인천,인천_계양구,2020-10,322.6456946965114
인천,인천_계양구,2020-11,329.32905860620485
인천,인천_계양구,2020-12,329.62505150391434
인천,인천_계양구,2021-01,362.8032506838566
인천,인천_계양구,2021-02,348.2721382289417
인천,인천_계양구,2021-03,372.1244068483678
인천,인천_계양구,2021-04,356.0267437926965
인천,인천_계양구,2021-05,367.0949441014517
인천,인천_계양구,2021-06,403.5512510088781
인천,인천_계양구,2021-07,410.90146750524104
인천,인천_계양구,2021-08,441.6094210009814
인천,인천_계양구,2021-09,466.38725100890645
인천,인천_계양구,2021-10,461.974649766511
인천,인천_계양구,2021-11,479.52512120535306
인천,인천_계양구,2021-12,454.598448652156
인천,인천_계양구,2022-01,458.7155963302752
인천,인천_계양구,2022-02,485.479797979798
인천,인천_계양구,2022-03,491.8250697859896
인천,인천_계양구,2022-04,462.78731134806196
인천,인천_계양구,2022-05,477.5758511144551
인천,인천_계양구,2022-06,449.76440403134586
인천,인천_계양구,2022-07,474.6410137775295
인천,인천_계양구,2022-08,443.2179294196354
인천,인천_계양구,2022-09,440.2907580477674
인천,인천_계양구,2022-10,446.94132334581775
인천,인천_계양구,2022-11,407.05563093622794
인천,인천_계양구,2022-12,411.92947767342235
인천,인천_계양구,2023-01,393.9242196628276
인천,인천_계양구,2023-02,397.9045264582966
인천,인천_계양구,2023-03,399.0489989739615
인천,인천_계양구,2023-04,404.49438202247194
인천,인천_계양구,2023-05,400.6009013520281
인천,인천_계양구,2023-06,401.79635543830557
인천,인천_계양구,2023-07,405.6305874614821
인천,인천_계양구,2023-08,404.92957746478874
인천,인천_계양구,2023-09,396.8253968253968
인천,인천_계양구,2023-10,400.3976135348845
인천,인천_계양구,2023-11,376.5800282415885
인천,인천_계양구,2023-12,405.82912536547246
인천,인천_계양구,2024-01,377.0294892508459
인천,인천_계양구,2024-02,378.35792659856224
인천,인천_계양구,2024-03,372.9334871203383
인천,인천_계양구,2024-04,387.20538720538724
인천,인천_계양구,2024-05,401.84850311432587
인천,인천_계양구,2024-06,386.20040032968325
인천,인천_계양구,2024-07,401.78834358612215
인천,인천_계양구,2024-08,400.200100050025
인천,인천_계양구,2024-09,393.9489485507396
인천,인천_계양구,2024-10,392.0183648242981
인천,인천_계양구,2024-11,362.58755665430573
인천,인천_계양구,2024-12,394.15957841396056
인천,인천_계양구,2025-01,385.79094724841195
인천,인천_계양구,2025-02,388.55528081949836
인천,인천_계양구,2025-03,384.37912008532174
인천,인천_계양구,2025-04,385.8021820158191
인천,인천_계양구,2025-05,380.2169449199869
인천,인천_계양구,2025-06,388.40285646622436
인천,인천_계양구,2025-07,391.23630672926447
인천,인천_계양구,2025-08,379.5255930087391
인천,인천_계양구,2025-09,383.9091971290269
인천,인천_계양구,2025-10,384.679712326476
인천,인천_계양구,2025-11,371.61564324898245
인천,인천_계양구,2025-12,384.8835889598889
인천,인천_남동구,2006-01,167.47540471196777
인천,인천_남동구,2006-02,164.86104569006122
인천,인천_남동구,2006-03,163.31658291457285
인천,인천_남동구,2006-04,162.3607489926523
인천,인천_남동구,2006-05,161.1044593247697
인천,인천_남동구,2006-06,162.48839368616527
인천,인천_남동구,2006-07,163.54449512049197
인천,인천_남동구,2006-08,165.72456320657759
인천,인천_남동구,2006-09,167.4701852321746
인천,인천_남동구,2006-10,176.65773610180844
인천,인천_남동구,2006-11,176.95807306916237
인천,인천_남동구,2006-12,175.8488668423614
인천,인천_남동구,2007-01,177.91496074264504
인천,인천_남동구,2007-02,181.53526970954357
인천,인천_남동구,2007-03,178.42073538276068
인천,인천_남동구,2007-04,183.87027904745452
인천,인천_남동구,2007-05,183.45563709139427
인천,인천_남동구,2007-06,189.4881169935138
인천,인천_남동구,2007-07,201.0406811731315
인천,인천_남동구,2007-08,209.34536087804554
인천,인천_남동구,2007-09,218.8041351193591
인천,인천_남동구,2007-10,232.42203829111278
인천,인천_남동구,2007-11,256.82507583417595
인천,인천_남동구,2007-12,251.47291277482398
인천,인천_남동구,2008-01,242.43196009379363
인천,인천_남동구,2008-02,234.94369033850901
인천,인천_남동구,2008-03,244.613263394346
인천,인천_남동구,2008-04,255.2225245594027
인천,인천_남동구,2008-05,260.10573243745836
인천,인천_남동구,2008-06,274.6022392457278
인천,인천_남동구,2008-07,279.80229538409986
인천,인천_남동구,2008-08,283.40548340548344
인천,인천_남동구,2008-09,294.6655376799323
인천,인천_남동구,2008-10,283.3090497005019
인천,인천_남동구,2008-11,282.9234405568767
인천,인천_남동구,2008-12,291.98418933334096
인천,인천_남동구,2009-01,283.0522467272084
인천,인천_남동구,2009-02,271.5576759476571
인천,인천_남동구,2009-03,260.41666666666663
인천,인천_남동구,2009-04,258.3592587355138
인천,인천_남동구,2009-05,261.05283326148395
인천,인천_남동구,2009-06,272.0856645154587
인천,인천_남동구,2009-07,274.1666666666667
인천,인천_남동구,2009-08,295.8535970090968
인천,인천_남동구,2009-09,279.1272290355021
인천,인천_남동구,2009-10,276.56187823318743
인천,인천_남동구,2009-11,267.3439379762064
인천,인천_남동구,2009-12,266.480965645311
인천,인천_남동구,2010-01,278.66314774399837
인천,인천_남동구,2010-02,273.90900649953574
인천,인천_남동구,2010-03,266.95114845525296
인천,인천_남동구,2010-04,265.6377067258627
인천,인천_남동구,2010-05,268.66427842990345
인천,인천_남동구,2010-06,260.2203588537701
인천,인천_남동구,2010-07,268.00670016750416
인천,인천_남동구,2010-08,263.23486399532027
인천,인천_남동구,2010-09,259.9568373553071
인천,인천_남동구,2010-10,267.20754166157553
인천,인천_남동구,2010-11,267.32046820626385
인천,인천_남동구,2010-12,266.78867594992266
인천,인천_남동구,2011-01,265.51665821072214
인천,인천_남동구,2011-02,261.3853660903067
인천,인천_남동구,2011-03,266.5482534043813
인천,인천_남동구,2011-04,260.80666095001305
인천,인천_남동구,2011-05,255.5861060479863
인천,인천_남동구,2011-06,256.34581553154055
인천,인천_남동구,2011-07,260.85710190626344
인천,인천_남동구,2011-08,272.4169380013201
인천,인천_남동구,2011-09,265.93806921675775
인천,인천_남동구,2011-10,269.8412698412698
인천,인천_남동구,2011-11,259.8608448190621
인천,인천_남동구,2011-12,266.84614775516667
인천,인천_남동구,2012-01,269.2216327500198
인천,인천_남동구,2012-02,270.3443657211325
인천,인천_남동구,2012-03,259.2354080719083
인천,인천_남동구,2012-04,257.42160456204385
인천,인천_남동구,2012-05,261.2015270243118
인천,인천_남동구,2012-06,255.23372526527103
인천,인천_남동구,2012-07,246.83122081387592
인천,인천_남동구,2012-08,252.52525252525254
인천,인천_남동구,2012-09,257.68893546250905
인천,인천_남동구,2012-10,257.1595558153127
인천,인천_남동구,2012-11,256.8979230806152
인천,인천_남동구,2012-12,275.4137115839244
인천,인천_남동구,2013-01,268.2668549241087
인천,인천_남동구,2013-02,264.5523230028245
인천,인천_남동구,2013-03,269.72784332775126
인천,인천_남동구,2013-04,268.3178534571723
인천,인천_남동구,2013-05,271.8450017178882
인천,인천_남동구,2013-06,270.39523558237136
인천,인천_남동구,2013-07,277.0021690657767
인천,인천_남동구,2013-08,274.981879590815
인천,인천_남동구,2013-09,276.6531713900135
인천,인천_남동구,2013-10,267.86283631092635
인천,인천_남동구,2013-11,276.74294837679616
인천,인천_남동구,2013-12,288.94851468358144
인천,인천_남동구,2014-01,278.81060794315135
인천,인천_남동구,2014-02,275.3263584449462
인천,인천_남동구,2014-03,274.5368783093773
인천,인천_남동구,2014-04,276.6758144716463
인천,인천_남동구,2014-05,270.5184937797445
인천,인천_남동구,2014-06,290.15784586815226
인천,인천_남동구,2014-07,277.12264150943395
인천,인천_남동구,2014-08,281.72419710270583
인천,인천_남동구,2014-09,277.37304335039903
인천,인천_남동구,2014-10,328.6522705953392
인천,인천_남동구,2014-11,305.2998111425874
인천,인천_남동구,2014-12,288.2400512145721
인천,인천_남동구,2015-01,300.2949261551101
인천,인천_남동구,2015-02,295.50698948648005
인천,인천_남동구,2015-03,291.4361411984727
인천,인천_남동구,2015-04,289.32817923189947
인천,인천_남동구,2015-05,289.69087963571087
인천,인천_남동구,2015-06,290.95213879000596
인천,인천_남동구,2015-07,302.11480362537765
인천,인천_남동구,2015-08,300.3504088102787
인천,인천_남동구,2015-09,300.91761739685023
인천,인천_남동구,2015-10,307.0212030995225
인천,인천_남동구,2015-11,304.8264182895851
인천,인천_남동구,2015-12,305.86523409790254
인천,인천_남동구,2016-01,301.9780274129471
인천,인천_남동구,2016-02,287.90786948176583
인천,인천_남동구,2016-03,292.4383847269055
인천,인천_남동구,2016-04,292.1331673114559
인천,인천_남동구,2016-05,304.42216981132077
인천,인천_남동구,2016-06,309.57837327001687
인천,인천_남동구,2016-07,324.2062781897359
인천,인천_남동구,2016-08,330.38620967960793
인천,인천_남동구,2016-09,340.43018133676225
인천,인천_남동구,2016-10,343.5698317449112
인천,인천_남동구,2016-11,342.99661963540495
인천,인천_남동구,2016-12,349.8727735368957
인천,인천_남동구,2017-01,343.5468895078923
인천,인천_남동구,2017-02,323.1512277392252
인천,인천_남동구,2017-03,332.39887865438527
인천,인천_남동구,2017-04,326.68544579398844
인천,인천_남동구,2017-05,335.30918053921675
인천,인천_남동구,2017-06,341.6201589717571
인천,인천_남동구,2017-07,349.72677595628414
인천,인천_남동구,2017-08,351.87667560321717
인천,인천_남동구,2017-09,354.4655308207779
인천,인천_남동구,2017-10,351.75879396984925
인천,인천_남동구,2017-11,353.1477085949103
인천,인천_남동구,2017-12,350.6449081978968
인천,인천_남동구,2018-01,348.30084473254516
인천,인천_남동구,2018-02,350.02873997695497
인천,인천_남동구,2018-03,350.46728971962614
인천,인천_남동구,2018-04,336.2653939100443
인천,인천_남동구,2018-05,347.0899470899471
인천,인천_남동구,2018-06,349.87723605752365
인천,인천_남동구,2018-07,353.5874005957278
인천,인천_남동구,2018-08,344.5456186658769
인천,인천_남동구,2018-09,352.9073222115924
인천,인천_남동구,2018-10,353.44015080113104
인천,인천_남동구,2018-11,347.0996587833863
인천,인천_남동구,2018-12,344.9144008056395
인천,인천_남동구,2019-01,345.96904959387865
인천,인천_남동구,2019-02,322.441328034626
인천,인천_남동구,2019-03,327.86885245901635
인천,인천_남동구,2019-04,323.73492673980894
인천,인천_남동구,2019-05,335.166083517379
인천,인천_남동구,2019-06,330.12781078057765
인천,인천_남동구,2019-07,343.3695923729325
인천,인천_남동구,2019-08,353.0301757743091
인천,인천_남동구,2019-09,361.1300885301532
인천,인천_남동구,2019-10,366.52412950519243
인천,인천_남동구,2019-11,367.51630112625963
인천,인천_남동구,2019-12,371.017180929901
인천,인천_남동구,2020-01,384.77498410263513
인천,인천_남동구,2020-02,394.7678529342446
인천,인천_남동구,2020-03,356.9018325286819
인천,인천_남동구,2020-04,338.22347634469054
인천,인천_남동구,2020-05,371.7722600584351
인천,인천_남동구,2020-06,363.599137246319
인천,인천_남동구,2020-07,380.95238095238096
인천,인천_남동구,2020-08,371.5681106826352
인천,인천_남동구,2020-09,401.93704600484267
인천,인천_남동구,2020-10,386.5248226950355
인천,인천_남동구,2020-11,398.10487448404115
인천,인천_남동구,2020-12,465.7106692767911
인천,인천_남동구,2021-01,441.22837980938937
인천,인천_남동구,2021-02,447.08116281289404
인천,인천_남동구,2021-03,392.14556529075173
인천,인천_남동구,2021-04,388.2809742322626
인천,인천_남동구,2021-05,408.61280734495
인천,인천_남동구,2021-06,435.28308107657335
인천,인천_남동구,2021-07,470.97609796302834
인천,인천_남동구,2021-08,481.7167220703006
인천,인천_남동구,2021-09,493.46163335800645
인천,인천_남동구,2021-10,484.85061635043166
인천,인천_남동구,2021-11,483.490606576256
인천,인천_남동구,2021-12,481.41584399719574
인천,인천_남동구,2022-01,473.5328936242178
인천,인천_남동구,2022-02,478.39995553797417
인천,인천_남동구,2022-03,483.11406716271745
인천,인천_남동구,2022-04,465.70656631129395
인천,인천_남동구,2022-05,464.0371229698376
인천,인천_남동구,2022-06,491.8032786885246
인천,인천_남동구,2022-07,480.905537514994
인천,인천_남동구,2022-08,471.3090609166961
인천,인천_남동구,2022-09,470.6989879971758
인천,인천_남동구,2022-10,466.2323119299799
인천,인천_남동구,2022-11,457.2772406584792
인천,인천_남동구,2022-12,462.3764905973567
인천,인천_남동구,2023-01,464.38024883637024
인천,인천_남동구,2023-02,471.25353440150803
인천,인천_남동구,2023-03,453.06810567455875
인천,인천_남동구,2023-04,477.25352704602864
인천,인천_남동구,2023-05,470.52996532937095
인천,인천_남동구,2023-06,457.6271186440678
인천,인천_남동구,2023-07,467.11275935184767
인천,인천_남동구,2023-08,472.90889111942806
인천,인천_남동구,2023-09,456.52429697611484
인천,인천_남동구,2023-10,446.8085106382979
인천,인천_남동구,2023-11,419.7321331085658
인천,인천_남동구,2023-12,459.5599065797195
인천,인천_남동구,2024-01,446.68868147136567
인천,인천_남동구,2024-02,461.15753636644996
인천,인천_남동구,2024-03,451.0098201293606
인천,인천_남동구,2024-04,453.24827933523585
인천,인천_남동구,2024-05,453.882059273047
인천,인천_남동구,2024-06,469.99030391760255
인천,인천_남동구,2024-07,491.7099556438107
인천,인천_남동구,2024-08,468.67584242999527
인천,인천_남동구,2024-09,487.8769958604376
인천,인천_남동구,2024-10,471.9062053891925
인천,인천_남동구,2024-11,477.1442035815269
인천,인천_남동구,2024-12,457.2538860103627
인천,인천_남동구,2025-01,427.24458204334366
인천,인천_남동구,2025-02,456.89312673818034
인천,인천_남동구,2025-03,517.8577394674418
인천,인천_남동구,2025-04,445.86793160167315
인천,인천_남동구,2025-05,429.5470650000185
인천,인천_남동구,2025-06,482.43347726802835
인천,인천_남동구,2025-07,455.0334617004328
인천,인천_남동구,2025-08,435.3393085787452
인천,인천_남동구,2025-09,436.39740018570103
인천,인천_남동구,2025-10,475.40403444614844
인천,인천_남동구,2025-11,477.2352876020164
인천,인천_남동구,2025-12,473.186119873817
인천,인천_미추홀구,2006-01,170.7129777305216
인천,인천_미추홀구,2006-02,158.11947142273348
인천,인천_미추홀구,2006-03,159.90585629239928
인천,인천_미추홀구,2006-04,157.3340904043556
인천,인천_미추홀구,2006-05,161.18633139909736
인천,인천_미추홀구,2006-06,154.97235842712726
인천,인천_미추홀구,2006-07,153.09745457918677
인천,인천_미추홀구,2006-08,159.33715742511154
인천,인천_미추홀구,2006-09,155.37437234963295
인천,인천_미추홀구,2006-10,166.42891107941037
인천,인천_미추홀구,2006-11,171.02631012730097
인천,인천_미추홀구,2006-12,176.49045769295728
인천,인천_미추홀구,2007-01,176.04804521902966
인천,인천_미추홀구,2007-02,176.48086667831558
인천,인천_미추홀구,2007-03,178.3166904422254
인천,인천_미추홀구,2007-04,180.0268002556739
인천,인천_미추홀구,2007-05,192.2068845011358
인천,인천_미추홀구,2007-06,195.8811693691561
인천,인천_미추홀구,2007-07,196.81939851991814
인천,인천_미추홀구,2007-08,201.5889956124748
인천,인천_미추홀구,2007-09,210.16813450760608
인천,인천_미추홀구,2007-10,215.42933402117404
인천,인천_미추홀구,2007-11,215.07508534472612
인천,인천_미추홀구,2007-12,213.98002853067047
인천,인천_미추홀구,2008-01,230.63030718794613
인천,인천_미추홀구,2008-02,223.17443313693985
인천,인천_미추홀구,2008-03,244.80661002144822
인천,인천_미추홀구,2008-04,247.55393139219615
인천,인천_미추홀구,2008-05,247.94083039166244
인천,인천_미추홀구,2008-06,257.04396227628587
인천,인천_미추홀구,2008-07,261.84122748499
인천,인천_미추홀구,2008-08,256.5377225974688
인천,인천_미추홀구,2008-09,256.4102564102564
인천,인천_미추홀구,2008-10,255.14853289593586
인천,인천_미추홀구,2008-11,341.6894459630642
인천,인천_미추홀구,2008-12,341.4530298411627
인천,인천_미추홀구,2009-01,281.42905291540274
인천,인천_미추홀구,2009-02,258.1339246904349
인천,인천_미추홀구,2009-03,248.27724824748276
인천,인천_미추홀구,2009-04,247.289972899729
인천,인천_미추홀구,2009-05,255.6515556926986
인천,인천_미추홀구,2009-06,256.4675693930745
인천,인천_미추홀구,2009-07,256.4964300923417
인천,인천_미추홀구,2009-08,257.3389201912748
인천,인천_미추홀구,2009-09,256.83789192795194
인천,인천_미추홀구,2009-10,259.0673575129534
인천,인천_미추홀구,2009-11,253.29280648429585
인천,인천_미추홀구,2009-12,247.41830777659308
인천,인천_미추홀구,2010-01,259.94933165084024
인천,인천_미추홀구,2010-02,262.53713087541496
인천,인천_미추홀구,2010-03,253.9782208533975
인천,인천_미추홀구,2010-04,245.86288416075652
인천,인천_미추홀구,2010-05,245.57721069789665
인천,인천_미추홀구,2010-06,250.2383222116301
인천,인천_미추홀구,2010-07,239.93550020826413
인천,인천_미추홀구,2010-08,240.22609514837492
인천,인천_미추홀구,2010-09,246.29168301470338
인천,인천_미추홀구,2010-10,243.46579398147423
인천,인천_미추홀구,2010-11,253.3636204787699
인천,인천_미추홀구,2010-12,249.8379700777831
인천,인천_미추홀구,2011-01,258.9911118959327
인천,인천_미추홀구,2011-02,256.84376712046327
인천,인천_미추홀구,2011-03,253.95443331882166
인천,인천_미추홀구,2011-04,250.03775886892083
인천,인천_미추홀구,2011-05,244.00853065155664
인천,인천_미추홀구,2011-06,249.39347414906103
인천,인천_미추홀구,2011-07,244.37073275187572
인천,인천_미추홀구,2011-08,245.77355894869112
인천,인천_미추홀구,2011-09,243.73844343587157
인천,인천_미추홀구,2011-10,248.65324849980973
인천,인천_미추홀구,2011-11,256.6825986900336
인천,인천_미추홀구,2011-12,241.81372661209764
인천,인천_미추홀구,2012-01,241.74568300759
인천,인천_미추홀구,2012-02,239.50830692403724
인천,인천_미추홀구,2012-03,237.26268322996884
인천,인천_미추홀구,2012-04,223.75543609094294
인천,인천_미추홀구,2012-05,235.75175422259224
인천,인천_미추홀구,2012-06,232.69102755179586
인천,인천_미추홀구,2012-07,224.31566447597402
인천,인천_미추홀구,2012-08,236.7797947908445
인천,인천_미추홀구,2012-09,243.51966554356403
인천,인천_미추홀구,2012-10,247.20423778693348
인천,인천_미추홀구,2012-11,244.4636180615473
인천,인천_미추홀구,2012-12,271.66977019914214
인천,인천_미추홀구,2013-01,230.69590085795997
인천,인천_미추홀구,2013-02,294.32891359129553
인천,인천_미추홀구,2013-03,237.65035514152123
인천,인천_미추홀구,2013-04,232.06487835308798
인천,인천_미추홀구,2013-05,241.49992156197118
인천,인천_미추홀구,2013-06,234.29931887611593
인천,인천_미추홀구,2013-07,238.1354500928897
인천,인천_미추홀구,2013-08,239.17943470910694
인천,인천_미추홀구,2013-09,240.45996163570118
인천,인천_미추홀구,2013-10,230.62227074235807
인천,인천_미추홀구,2013-11,263.51012213485023
인천,인천_미추홀구,2013-12,266.4686353311201
인천,인천_미추홀구,2014-01,243.41358047809953
인천,인천_미추홀구,2014-02,241.205941144783
인천,인천_미추홀구,2014-03,236.9002616055746
인천,인천_미추홀구,2014-04,238.40501112656827
인천,인천_미추홀구,2014-05,236.59399287852082
인천,인천_미추홀구,2014-06,250.93351747410688
인천,인천_미추홀구,2014-07,248.52767962308596
인천,인천_미추홀구,2014-08,244.26855895196505
인천,인천_미추홀구,2014-09,241.4321045813214
인천,인천_미추홀구,2014-10,236.6268886684948
인천,인천_미추홀구,2014-11,243.78753974796845
인천,인천_미추홀구,2014-12,241.2332346889927
인천,인천_미추홀구,2015-01,251.6835016835017
인천,인천_미추홀구,2015-02,243.42745861733204
인천,인천_미추홀구,2015-03,244.39435282951712
인천,인천_미추홀구,2015-04,252.9932633189186
인천,인천_미추홀구,2015-05,257.09222017715626
인천,인천_미추홀구,2015-06,253.84615384615384
인천,인천_미추홀구,2015-07,257.20164609053495
인천,인천_미추홀구,2015-08,246.42224854629143
인천,인천_미추홀구,2015-09,248.4825493171472
인천,인천_미추홀구,2015-10,259.4747601824186
인천,인천_미추홀구,2015-11,247.6640774513115
인천,인천_미추홀구,2015-12,247.15762917226843
인천,인천_미추홀구,2016-01,260.8853441714384
인천,인천_미추홀구,2016-02,253.34474449412758
인천,인천_미추홀구,2016-03,250.63983761362633
인천,인천_미추홀구,2016-04,262.7163303817042
인천,인천_미추홀구,2016-05,251.11877579585985
인천,인천_미추홀구,2016-06,267.28043015030175
인천,인천_미추홀구,2016-07,289.9563672645593
인천,인천_미추홀구,2016-08,270.8367678575634
인천,인천_미추홀구,2016-09,269.4199618641713
인천,인천_미추홀구,2016-10,275.67658429988234
인천,인천_미추홀구,2016-11,259.25024342745866
인천,인천_미추홀구,2016-12,270.87504416440936
인천,인천_미추홀구,2017-01,283.04503347871776
인천,인천_미추홀구,2017-02,284.4236238915844
인천,인천_미추홀구,2017-03,268.12195990034405
인천,인천_미추홀구,2017-04,278.7772900693033
인천,인천_미추홀구,2017-05,263.84376955155176
인천,인천_미추홀구,2017-06,278.0028098361537
인천,인천_미추홀구,2017-07,282.4152387166887
인천,인천_미추홀구,2017-08,280.7194486468314
인천,인천_미추홀구,2017-09,282.41939279830547
인천,인천_미추홀구,2017-10,267.38377389186724
인천,인천_미추홀구,2017-11,261.11717568671213
인천,인천_미추홀구,2017-12,276.52752037184126
인천,인천_미추홀구,2018-01,279.47703010675303
인천,인천_미추홀구,2018-02,272.73463107768225
인천,인천_미추홀구,2018-03,275.9813505790345
인천,인천_미추홀구,2018-04,279.356501159638
인천,인천_미추홀구,2018-05,284.94927411628873
인천,인천_미추홀구,2018-06,307.4273941521509
인천,인천_미추홀구,2018-07,288.340453577187
인천,인천_미추홀구,2018-08,294.46210473481676
인천,인천_미추홀구,2018-09,286.5359929088178
인천,인천_미추홀구,2018-10,282.05128205128204
인천,인천_미추홀구,2018-11,275.0569694220383
인천,인천_미추홀구,2018-12,269.2916949536094
인천,인천_미추홀구,2019-01,258.92740110639966
인천,인천_미추홀구,2019-02,273.89235988254444
인천,인천_미추홀구,2019-03,273.9548763062746
인천,인천_미추홀구,2019-04,263.5832608080526
인천,인천_미추홀구,2019-05,289.4356005788712
인천,인천_미추홀구,2019-06,290.6631866176296
인천,인천_미추홀구,2019-07,282.7152078173724
인천,인천_미추홀구,2019-08,319.1011590069257
인천,인천_미추홀구,2019-09,287.78733938465166
인천,인천_미추홀구,2019-10,283.28967337077665
인천,인천_미추홀구,2019-11,286.85790527018014
인천,인천_미추홀구,2019-12,308.07850296668187
인천,인천_미추홀구,2020-01,331.97676236748197
인천,인천_미추홀구,2020-02,359.09822866344604
인천,인천_미추홀구,2020-03,300.240192153723
인천,인천_미추홀구,2020-04,282.3685872571991
인천,인천_미추홀구,2020-05,281.2426453283125
인천,인천_미추홀구,2020-06,278.40269966254215
인천,인천_미추홀구,2020-07,280.2307782880019
인천,인천_미추홀구,2020-08,274.45722720052856
인천,인천_미추홀구,2020-09,287.4762283457097
인천,인천_미추홀구,2020-10,287.09259912930935
인천,인천_미추홀구,2020-11,286.90662493479397
인천,인천_미추홀구,2020-12,293.7609326198302
인천,인천_미추홀구,2021-01,297.24708664077014
인천,인천_미추홀구,2021-02,303.66295553794805
인천,인천_미추홀구,2021-03,306.0861312136671
인천,인천_미추홀구,2021-04,301.44067447350915
인천,인천_미추홀구,2021-05,304.21170772047964
인천,인천_미추홀구,2021-06,298.804780876494
인천,인천_미추홀구,2021-07,309.43392633568345
인천,인천_미추홀구,2021-08,336.16346748277914
인천,인천_미추홀구,2021-09,349.6396484653186
인천,인천_미추홀구,2021-10,346.08378870673954
인천,인천_미추홀구,2021-11,329.2299375890707
인천,인천_미추홀구,2021-12,360.5423755322862
인천,인천_미추홀구,2022-01,346.14448643977903
인천,인천_미추홀구,2022-02,379.426924190096
인천,인천_미추홀구,2022-03,373.55184730876533
인천,인천_미추홀구,2022-04,379.0464979399647
인천,인천_미추홀구,2022-05,391.02655180606644
인천,인천_미추홀구,2022-06,390.9121282993652
인천,인천_미추홀구,2022-07,378.0495008565184
인천,인천_미추홀구,2022-08,368.0753094192662
인천,인천_미추홀구,2022-09,376.2085948180725
인천,인천_미추홀구,2022-10,390.2341404842906
인천,인천_미추홀구,2022-11,378.4793016699698
인천,인천_미추홀구,2022-12,374.58781213876813
인천,인천_미추홀구,2023-01,376.8749528906309
인천,인천_미추홀구,2023-02,393.95204815669837
인천,인천_미추홀구,2023-03,366.8835663851585
인천,인천_미추홀구,2023-04,385.87603116948605
인천,인천_미추홀구,2023-05,376.6035071201601
인천,인천_미추홀구,2023-06,419.1621386065333
인천,인천_미추홀구,2023-07,415.8357826690987
인천,인천_미추홀구,2023-08,394.08077665702444
인천,인천_미추홀구,2023-09,383.58039845151546
인천,인천_미추홀구,2023-10,355.87192389819364
인천,인천_미추홀구,2023-11,385.670051057366
인천,인천_미추홀구,2023-12,395.86688137412773
인천,인천_미추홀구,2024-01,390.52211442618125
인천,인천_미추홀구,2024-02,378.94736842105266
인천,인천_미추홀구,2024-03,362.01916061938044
인천,인천_미추홀구,2024-04,392.9679600702822
인천,인천_미추홀구,2024-05,390.1389430384199
인천,인천_미추홀구,2024-06,461.5256011312087
인천,인천_미추홀구,2024-07,461.07189176071176
인천,인천_미추홀구,2024-08,432.280701754386
인천,인천_미추홀구,2024-09,382.3523027170569
인천,인천_미추홀구,2024-10,373.2540508754746
인천,인천_미추홀구,2024-11,396.4302192392845
인천,인천_미추홀구,2024-12,390.8130110959828
인천,인천_미추홀구,2025-01,370.7408945929072
인천,인천_미추홀구,2025-02,394.44387534631585
인천,인천_미추홀구,2025-03,409.9325547992256
인천,인천_미추홀구,2025-04,440.8474345252646
인천,인천_미추홀구,2025-05,388.1359769705987
인천,인천_미추홀구,2025-06,427.0066784535011
인천,인천_미추홀구,2025-07,420.57513799634864
인천,인천_미추홀구,2025-08,460.44477936419094
인천,인천_미추홀구,2025-09,435.0672306021611
인천,인천_미추홀구,2025-10,401.71917125846335
인천,인천_미추홀구,2025-11,434.39240443656774
인천,인천_미추홀구,2025-12,456.9037656903766
인천,인천_부평구,2006-01,156.90283400809716
인천,인천_부평구,2006-02,160.8977825851812
인천,인천_부평구,2006-03,182.23246075157874
인천,인천_부평구,2006-04,183.61171655471423
인천,인천_부평구,2006-05,180.83182640144665
인천,인천_부평구,2006-06,185.97882928637887
인천,인천_부평구,2006-07,188.59384429692216
인천,인천_부평구,2006-08,190.7304978065993
인천,인천_부평구,2006-09,195.6367085605881
인천,인천_부평구,2006-10,198.41994784786547
인천,인천_부평구,2006-11,199.88414968684845
인천,인천_부평구,2006-12,197.31800766283524
인천,인천_부평구,2007-01,195.17288840864643
인천,인천_부평구,2007-02,194.56897365813944
인천,인천_부평구,2007-03,194.12144702842377
인천,인천_부평구,2007-04,196.43012121247347
인천,인천_부평구,2007-05,208.2073198746136
인천,인천_부평구,2007-06,221.24148158087496
인천,인천_부평구,2007-07,225.03849342650716
인천,인천_부평구,2007-08,227.41624895154376
인천,인천_부평구,2007-09,231.53892105505008
인천,인천_부평구,2007-10,239.2727219228721
인천,인천_부평구,2007-11,242.08190437764776
인천,인천_부평구,2007-12,246.7343976777939
인천,인천_부평구,2008-01,251.57232704402514
인천,인천_부평구,2008-02,254.37045767039876
인천,인천_부평구,2008-03,264.3171806167401
인천,인천_부평구,2008-04,276.0942760942761
인천,인천_부평구,2008-05,297.63397709221636
인천,인천_부평구,2008-06,304.3188260797065
인천,인천_부평구,2008-07,309.56181113669214
인천,인천_부평구,2008-08,314.4481042709914
인천,인천_부평구,2008-09,318.5840707964602
인천,인천_부평구,2008-10,310.55900621118013
인천,인천_부평구,2008-11,298.88551165146913
인천,인천_부평구,2008-12,290.0302818541812
인천,인천_부평구,2009-01,303.2345013477089
인천,인천_부평구,2009-02,300.05000833472246
인천,인천_부평구,2009-03,290.3846016835151
인천,인천_부평구,2009-04,304.281165231749
인천,인천_부평구,2009-05,303.28094844223875
인천,인천_부평구,2009-06,303.9144176999757
인천,인천_부평구,2009-07,304.0109953177477
인천,인천_부평구,2009-08,309.5430373676815
인천,인천_부평구,2009-09,314.08308004052685
인천,인천_부평구,2009-10,304.9211207911467
인천,인천_부평구,2009-11,305.0517359551121
인천,인천_부평구,2009-12,303.6437246963563
인천,인천_부평구,2010-01,311.80138839863514
인천,인천_부평구,2010-02,310.3724469363236
인천,인천_부평구,2010-03,282.6522199976446
인천,인천_부평구,2010-04,288.8213441404931
인천,인천_부평구,2010-05,291.13911151867296
인천,인천_부평구,2010-06,288.3126924458444
인천,인천_부평구,2010-07,281.31009165147464
인천,인천_부평구,2010-08,297.01318204572
인천,인천_부평구,2010-09,329.18782766626293
인천,인천_부평구,2010-10,290.62242616778445
인천,인천_부평구,2010-11,294.5009121709669
인천,인천_부평구,2010-12,308.0082135523614
인천,인천_부평구,2011-01,299.07287409032
인천,인천_부평구,2011-02,301.39754167368244
인천,인천_부평구,2011-03,291.22376256382694
인천,인천_부평구,2011-04,285.0712678169542
인천,인천_부평구,2011-05,289.68794326241135
인천,인천_부평구,2011-06,288.0033513117243
인천,인천_부평구,2011-07,286.3473891577987
인천,인천_부평구,2011-08,292.591182374533
인천,인천_부평구,2011-09,291.29483077959253
인천,인천_부평구,2011-10,286.95079499482546
인천,인천_부평구,2011-11,292.0276465578993
인천,인천_부평구,2011-12,290.68568671579396
인천,인천_부평구,2012-01,293.58274171342117
인천,인천_부평구,2012-02,283.56114489849347
인천,인천_부평구,2012-03,275.1283932501834
인천,인천_부평구,2012-04,283.0188679245283
인천,인천_부평구,2012-05,281.3342318059299
인천,인천_부평구,2012-06,277.3573073767906
인천,인천_부평구,2012-07,259.6330827731165
인천,인천_부평구,2012-08,269.34943709028505
인천,인천_부평구,2012-09,265.95275228197806
인천,인천_부평구,2012-10,271.7391304347826
인천,인천_부평구,2012-11,277.2988963503925
인천,인천_부평구,2012-12,273.5155413955722
인천,인천_부평구,2013-01,272.40924470952575
인천,인천_부평구,2013-02,267.46907388833165
인천,인천_부평구,2013-03,273.65127184370266
인천,인천_부평구,2013-04,274.29513309467626
인천,인천_부평구,2013-05,275.21960865093195
인천,인천_부평구,2013-06,270.6614731044871
인천,인천_부평구,2013-07,288.6469164868223
인천,인천_부평구,2013-08,280.3364036844213
인천,인천_부평구,2013-09,276.65136452374753
인천,인천_부평구,2013-10,282.3388065678815
인천,인천_부평구,2013-11,284.9493210938994
인천,인천_부평구,2013-12,293.0135680579908
인천,인천_부평구,2014-01,284.94943486020225
인천,인천_부평구,2014-02,289.347216659992
인천,인천_부평구,2014-03,283.06063051825765
인천,인천_부평구,2014-04,281.74538923841953
인천,인천_부평구,2014-05,284.5117845117845
인천,인천_부평구,2014-06,279.77887643952687
인천,인천_부평구,2014-07,288.3974812339775
인천,인천_부평구,2014-08,287.6830616192318
인천,인천_부평구,2014-09,288.9968020845671
인천,인천_부평구,2014-10,300.1519756838906
인천,인천_부평구,2014-11,289.66006113073377
인천,인천_부평구,2014-12,294.17339217436694
인천,인천_부평구,2015-01,302.3229068748167
인천,인천_부평구,2015-02,294.23882968766003
인천,인천_부평구,2015-03,298.45874163454835
인천,인천_부평구,2015-04,297.76860587002096
인천,인천_부평구,2015-05,302.73674013078227
인천,인천_부평구,2015-06,299.8235642903694
인천,인천_부평구,2015-07,309.6920737565091
인천,인천_부평구,2015-08,317.00756301532397
인천,인천_부평구,2015-09,319.86531986531986
인천,인천_부평구,2015-10,334.7752492006771
인천,인천_부평구,2015-11,334.13530550600314
인천,인천_부평구,2015-12,323.2445520581114
인천,인천_부평구,2016-01,325.4281949934124
인천,인천_부평구,2016-02,326.8121168409665
인천,인천_부평구,2016-03,333.3333333333333
인천,인천_부평구,2016-04,343.796711509716
인천,인천_부평구,2016-05,335.38486884686444
인천,인천_부평구,2016-06,327.71036957536927
인천,인천_부평구,2016-07,341.94528875379945
인천,인천_부평구,2016-08,330.22762118174313
인천,인천_부평구,2016-09,341.97857007483833
인천,인천_부평구,2016-10,352.4465943597761
인천,인천_부평구,2016-11,336.283185840708
인천,인천_부평구,2016-12,352.14170464850605
인천,인천_부평구,2017-01,350.0875218804701
인천,인천_부평구,2017-02,359.2916043904978
인천,인천_부평구,2017-03,352.36081747709653
인천,인천_부평구,2017-04,350.3831002333617
인천,인천_부평구,2017-05,353.48610433934664
인천,인천_부평구,2017-06,363.8310425883213
인천,인천_부평구,2017-07,359.8346705567712
인천,인천_부평구,2017-08,362.3188405797101
인천,인천_부평구,2017-09,370.81157199895404
인천,인천_부평구,2017-10,375.6260434056761
인천,인천_부평구,2017-11,370.5301189491116
인천,인천_부평구,2017-12,357.1428571428571
인천,인천_부평구,2018-01,367.0949441014517
인천,인천_부평구,2018-02,361.1800385993934
인천,인천_부평구,2018-03,372.152607355055
인천,인천_부평구,2018-04,356.0184063938
인천,인천_부평구,2018-05,361.55929808032033
인천,인천_부평구,2018-06,352.9673375791382
인천,인천_부평구,2018-07,356.0349661215032
인천,인천_부평구,2018-08,370.43903845642575
인천,인천_부평구,2018-09,385.1779619697708
인천,인천_부평구,2018-10,368.36530540190654
인천,인천_부평구,2018-11,367.0030043328171
인천,인천_부평구,2018-12,365.0273882339198
인천,인천_부평구,2019-01,368.66865217112286
인천,인천_부평구,2019-02,355.73899371069183
인천,인천_부평구,2019-03,367.2787979966611
인천,인천_부평구,2019-04,360.81605125611196
인천,인천_부평구,2019-05,368.16148484479714
인천,인천_부평구,2019-06,368.4507838339012
인천,인천_부평구,2019-07,361.02153526817153
인천,인천_부평구,2019-08,366.76175304708624
인천,인천_부평구,2019-09,374.1500204764251
인천,인천_부평구,2019-10,379.9392097264438
인천,인천_부평구,2019-11,389.61038961038963
인천,인천_부평구,2019-12,373.3554581012208
인천,인천_부평구,2020-01,381.1384830688374
인천,인천_부평구,2020-02,381.6515528246624
인천,인천_부평구,2020-03,381.85759546439886
인천,인천_부평구,2020-04,376.4984934177474
인천,인천_부평구,2020-05,385.0050658561297
인천,인천_부평구,2020-06,398.936170212766
인천,인천_부평구,2020-07,398.8384126231178
인천,인천_부평구,2020-08,402.761130398471
인천,인천_부평구,2020-09,390.9348364337518
인천,인천_부평구,2020-10,400.25899111189597
인천,인천_부평구,2020-11,398.34515366430264
인천,인천_부평구,2020-12,423.82858488344715
인천,인천_부평구,2021-01,447.3111618994951
인천,인천_부평구,2021-02,431.44208037825064
인천,인천_부평구,2021-03,427.41562050283665
인천,인천_부평구,2021-04,430.597771023303
인천,인천_부평구,2021-05,449.29396662387677
인천,인천_부평구,2021-06,451.4436875976155
인천,인천_부평구,2021-07,485.1068042273524
인천,인천_부평구,2021-08,567.4023820436432
인천,인천_부평구,2021-09,528.7739783152626
인천,인천_부평구,2021-10,530.9734513274336
인천,인천_부평구,2021-11,533.3328761941333
인천,인천_부평구,2021-12,502.21557186435837
인천,인천_부평구,2022-01,505.1355447044957
인천,인천_부평구,2022-02,500.3531904874029
인천,인천_부평구,2022-03,512.8205128205128
인천,인천_부평구,2022-04,534.376018246986
인천,인천_부평구,2022-05,521.9747849652409
인천,인천_부평구,2022-06,518.6721991701245
인천,인천_부평구,2022-07,508.5232925777709
인천,인천_부평구,2022-08,509.25055127122545
인천,인천_부평구,2022-09,493.1986557828026
인천,인천_부평구,2022-10,453.95834082416684
인천,인천_부평구,2022-11,461.5004084554173
인천,인천_부평구,2022-12,468.18827857202575
인천,인천_부평구,2023-01,454.06297912489674
인천,인천_부평구,2023-02,461.13306982872194
인천,인천_부평구,2023-03,469.2210460617904
인천,인천_부평구,2023-04,450.76547097088275
인천,인천_부평구,2023-05,458.48616205401805
인천,인천_부평구,2023-06,450.18947388894776
인천,인천_부평구,2023-07,446.9507101086048
인천,인천_부평구,2023-08,462.61869198514546
인천,인천_부평구,2023-09,452.95183416080374
인천,인천_부평구,2023-10,438.5964912280702
인천,인천_부평구,2023-11,433.41404358353515
인천,인천_부평구,2023-12,456.19107137115645
인천,인천_부평구,2024-01,441.29588006166375
인천,인천_부평구,2024-02,440.0
인천,인천_부평구,2024-03,447.73946369748774
인천,인천_부평구,2024-04,450.1906400288201
인천,인천_부평구,2024-05,459.83667284054553
인천,인천_부평구,2024-06,466.5764718433596
인천,인천_부평구,2024-07,470.49416134349224
인천,인천_부평구,2024-08,474.8759139951425
인천,인천_부평구,2024-09,460.5409520603533
인천,인천_부평구,2024-10,472.8487886382623
인천,인천_부평구,2024-11,474.2708086317287
인천,인천_부평구,2024-12,464.9415692821369
인천,인천_부평구,2025-01,496.3772352767536
인천,인천_부평구,2025-02,484.385301597126
인천,인천_부평구,2025-03,471.2939160239931
인천,인천_부평구,2025-04,492.5380485642516
인천,인천_부평구,2025-05,473.9775405170563
인천,인천_부평구,2025-06,496.4598033608984
인천,인천_부평구,2025-07,492.2409477724011
인천,인천_부평구,2025-08,476.5886287625418
인천,인천_부평구,2025-09,481.60634238506276
인천,인천_부평구,2025-10,501.90877823111964
인천,인천_부평구,2025-11,528.3512152682388
인천,인천_부평구,2025-12,514.3059825017734
인천,인천_서해구,2006-01,151.08882030178324
인천,인천_서해구,2006-02,141.87948589550993
인천,인천_서해구,2006-03,141.572679233378
인천,인천_서해구,2006-04,147.3014038692005
인천,인천_서해구,2006-05,145.45454545454547
인천,인천_서해구,2006-06,150.2479090499324
인천,인천_서해구,2006-07,153.7917419917796
인천,인천_서해구,2006-08,163.25346006638975
인천,인천_서해구,2006-09,159.6408081815914
인천,인천_서해구,2006-10,164.41821247892074
인천,인천_서해구,2006-11,173.30699406272726
인천,인천_서해구,2006-12,175.3507014028056
인천,인천_서해구,2007-01,179.21146953405017
인천,인천_서해구,2007-02,175.70281124497993
인천,인천_서해구,2007-03,182.0778293466619
인천,인천_서해구,2007-04,187.64987812290627
인천,인천_서해구,2007-05,188.8797072364538
인천,인천_서해구,2007-06,189.32456432456434
인천,인천_서해구,2007-07,196.9571883476825
인천,인천_서해구,2007-08,205.5265218711544
인천,인천_서해구,2007-09,207.9002079002079
인천,인천_서해구,2007-10,220.29981240513138
인천,인천_서해구,2007-11,222.54113159985445
인천,인천_서해구,2007-12,234.40097060802628
인천,인천_서해구,2008-01,254.27554039821456
인천,인천_서해구,2008-02,242.48004910988337
인천,인천_서해구,2008-03,245.03084304318025
인천,인천_서해구,2008-04,270.683770742615
인천,인천_서해구,2008-05,275.84131601384223
인천,인천_서해구,2008-06,283.01786668207546
인천,인천_서해구,2008-07,287.0264064293915
인천,인천_서해구,2008-08,300.56577086280055
인천,인천_서해구,2008-09,303.64347962272626
인천,인천_서해구,2008-10,282.82828282828285
인천,인천_서해구,2008-11,276.3648694472703
인천,인천_서해구,2008-12,269.72814754668696
인천,인천_서해구,2009-01,278.79536803333303
인천,인천_서해구,2009-02,281.07547931815145
인천,인천_서해구,2009-03,277.2999684530078
인천,인천_서해구,2009-04,278.8713405238829
인천,인천_서해구,2009-05,276.07525923814273
인천,인천_서해구,2009-06,292.02501544038427
인천,인천_서해구,2009-07,292.3394126872079
인천,인천_서해구,2009-08,283.99374849477897
인천,인천_서해구,2009-09,278.88915038832664
인천,인천_서해구,2009-10,278.7514605241195
인천,인천_서해구,2009-11,284.8743848743849
인천,인천_서해구,2009-12,282.89020837947976
인천,인천_서해구,2010-01,275.8966641585152
인천,인천_서해구,2010-02,287.7877877877878
인천,인천_서해구,2010-03,284.14855969504833
인천,인천_서해구,2010-04,281.0182779955604
인천,인천_서해구,2010-05,267.6569682964489
인천,인천_서해구,2010-06,265.5310621242485
인천,인천_서해구,2010-07,260.142004201395
인천,인천_서해구,2010-08,250.5050505050505
인천,인천_서해구,2010-09,264.23614014549713
인천,인천_서해구,2010-10,269.54177897574124
인천,인천_서해구,2010-11,307.5588516514745
인천,인천_서해구,2010-12,306.6026889055817
인천,인천_서해구,2011-01,283.3410270341476
인천,인천_서해구,2011-02,271.5924507256136
인천,인천_서해구,2011-03,269.9832610378157
인천,인천_서해구,2011-04,269.81450252951095
인천,인천_서해구,2011-05,294.5334590009425
인천,인천_서해구,2011-06,258.6126242653133
인천,인천_서해구,2011-07,267.06726756801874
인천,인천_서해구,2011-08,271.84203571753824
인천,인천_서해구,2011-09,267.58090141316166
인천,인천_서해구,2011-10,257.2851802369594
인천,인천_서해구,2011-11,264.8118070757715
인천,인천_서해구,2011-12,252.18669646126943
인천,인천_서해구,2012-01,260.6932752172398
인천,인천_서해구,2012-02,256.7401128042782
인천,인천_서해구,2012-03,251.6406077881527
인천,인천_서해구,2012-04,258.55975500623737
인천,인천_서해구,2012-05,248.01184070432333
인천,인천_서해구,2012-06,234.08479409228423
인천,인천_서해구,2012-07,239.61661341853033
인천,인천_서해구,2012-08,233.02342325811458
인천,인천_서해구,2012-09,244.73612250478533
인천,인천_서해구,2012-10,259.1943830687941
인천,인천_서해구,2012-11,288.72102478287
인천,인천_서해구,2012-12,340.14447502073494
인천,인천_서해구,2013-01,312.02901281085155
인천,인천_서해구,2013-02,308.7438133396182
인천,인천_서해구,2013-03,286.55778414509996
인천,인천_서해구,2013-04,280.2802802802803
인천,인천_서해구,2013-05,315.23622093639887
인천,인천_서해구,2013-06,295.08191812009136
인천,인천_서해구,2013-07,318.1767295961674
인천,인천_서해구,2013-08,304.88522660388463
인천,인천_서해구,2013-09,317.2454384932313
인천,인천_서해구,2013-10,334.40090429540317
인천,인천_서해구,2013-11,318.2561472243406
인천,인천_서해구,2013-12,307.8078078078078
인천,인천_서해구,2014-01,307.16046900611246
인천,인천_서해구,2014-02,277.1361641839447
인천,인천_서해구,2014-03,328.58581593608346
인천,인천_서해구,2014-04,285.4301488835428
인천,인천_서해구,2014-05,366.10125246421956
인천,인천_서해구,2014-06,266.6210904118954
인천,인천_서해구,2014-07,308.75472854331406
인천,인천_서해구,2014-08,436.2686671808175
인천,인천_서해구,2014-09,356.1098903007826
인천,인천_서해구,2014-10,358.87777484295503
인천,인천_서해구,2014-11,364.79549738128947
인천,인천_서해구,2014-12,375.0351239753853
인천,인천_서해구,2015-01,311.89900592490415
인천,인천_서해구,2015-02,319.4888178913738
인천,인천_서해구,2015-03,300.91536529626876
인천,인천_서해구,2015-04,290.84281266376894
인천,인천_서해구,2015-05,298.51994313905846
인천,인천_서해구,2015-06,292.9938463799067
인천,인천_서해구,2015-07,304.69226081657524
인천,인천_서해구,2015-08,305.41896127413804
인천,인천_서해구,2015-09,315.520609004858
인천,인천_서해구,2015-10,316.55140194614387
인천,인천_서해구,2015-11,383.3793388539958
인천,인천_서해구,2015-12,316.5634756816605
인천,인천_서해구,2016-01,282.7754475871645
인천,인천_서해구,2016-02,303.82171149995645
인천,인천_서해구,2016-03,286.3511659807956
인천,인천_서해구,2016-04,355.5869539620864
인천,인천_서해구,2016-05,329.54358213873786
인천,인천_서해구,2016-06,347.5123945605743
인천,인천_서해구,2016-07,347.6547490524683
인천,인천_서해구,2016-08,322.7694623296262
인천,인천_서해구,2016-09,356.6804002354326
인천,인천_서해구,2016-10,384.5854117863615
인천,인천_서해구,2016-11,362.885288118111
인천,인천_서해구,2016-12,333.2459355003993
인천,인천_서해구,2017-01,312.1370722294197
인천,인천_서해구,2017-02,318.8097768331562
인천,인천_서해구,2017-03,314.042381607261
인천,인천_서해구,2017-04,350.34240013255845
인천,인천_서해구,2017-05,312.59453463749117
인천,인천_서해구,2017-06,340.1789089076477
인천,인천_서해구,2017-07,334.34251335452427
인천,인천_서해구,2017-08,377.0522237866558
인천,인천_서해구,2017-09,379.59601432419146
인천,인천_서해구,2017-10,341.91326771733543
인천,인천_서해구,2017-11,340.6688838067793
인천,인천_서해구,2017-12,341.9799222408412
인천,인천_서해구,2018-01,363.41853035143765
인천,인천_서해구,2018-02,339.7869343468158
인천,인천_서해구,2018-03,368.59256280733496
인천,인천_서해구,2018-04,336.02036487059826
인천,인천_서해구,2018-05,340.08682216518804
인천,인천_서해구,2018-06,335.07876973021393
인천,인천_서해구,2018-07,352.07037601354045
인천,인천_서해구,2018-08,372.39151314066186
인천,인천_서해구,2018-09,404.40516163717484
인천,인천_서해구,2018-10,406.1595500832266
인천,인천_서해구,2018-11,382.0057700453132
인천,인천_서해구,2018-12,356.1380415742304
인천,인천_서해구,2019-01,305.4581872809214
인천,인천_서해구,2019-02,333.3954049668975
인천,인천_서해구,2019-03,323.7994255496202
인천,인천_서해구,2019-04,317.756117690311
인천,인천_서해구,2019-05,343.677010343677
인천,인천_서해구,2019-06,374.0504375591081
인천,인천_서해구,2019-07,374.96386074765303
인천,인천_서해구,2019-08,393.1724543849323
인천,인천_서해구,2019-09,374.0157541577039
인천,인천_서해구,2019-10,379.7419217676624
인천,인천_서해구,2019-11,452.0212176577237
인천,인천_서해구,2019-12,436.41678071940584
인천,인천_서해구,2020-01,460.93219906455556
인천,인천_서해구,2020-02,462.8211558546727
인천,인천_서해구,2020-03,332.31293329254765
인천,인천_서해구,2020-04,323.9092512988508
인천,인천_서해구,2020-05,355.10246344123766
인천,인천_서해구,2020-06,471.7867189333847
인천,인천_서해구,2020-07,344.1866868589523
인천,인천_서해구,2020-08,335.9712495312659
인천,인천_서해구,2020-09,336.05526819424955
인천,인천_서해구,2020-10,367.387311007489
인천,인천_서해구,2020-11,507.8853059384519
인천,인천_서해구,2020-12,542.0412480169223
인천,인천_서해구,2021-01,517.7320267273583
인천,인천_서해구,2021-02,545.5611089387896
인천,인천_서해구,2021-03,517.2882028114614
인천,인천_서해구,2021-04,447.05040904976624
인천,인천_서해구,2021-05,439.62740489248716
인천,인천_서해구,2021-06,473.1304286420451
인천,인천_서해구,2021-07,686.6216296420898
인천,인천_서해구,2021-08,490.7845491137632
인천,인천_서해구,2021-09,468.9635880468395
인천,인천_서해구,2021-10,412.3902050545794
인천,인천_서해구,2021-11,443.2132826582777
인천,인천_서해구,2021-12,412.49263406010607
인천,인천_서해구,2022-01,435.9782681601717
인천,인천_서해구,2022-02,451.805803930474
인천,인천_서해구,2022-03,484.66593647316535
인천,인천_서해구,2022-04,508.7247127720124
인천,인천_서해구,2022-05,462.84224250325946
인천,인천_서해구,2022-06,474.0549266924764
인천,인천_서해구,2022-07,551.0158810591779
인천,인천_서해구,2022-08,494.4853114315585
인천,인천_서해구,2022-09,523.8375664196464
인천,인천_서해구,2022-10,538.9674645880193
인천,인천_서해구,2022-11,557.7229922306647
인천,인천_서해구,2022-12,491.49277945160594
인천,인천_서해구,2023-01,553.3434897372443
인천,인천_서해구,2023-02,575.6358768406961
인천,인천_서해구,2023-03,529.4738586953857
인천,인천_서해구,2023-04,566.4525554680963
인천,인천_서해구,2023-05,543.1533492644351
인천,인천_서해구,2023-06,564.8966229174689
인천,인천_서해구,2023-07,558.6530418543383
인천,인천_서해구,2023-08,600.1048463345487
인천,인천_서해구,2023-09,560.5565997296138
인천,인천_서해구,2023-10,497.9444901564199
인천,인천_서해구,2023-11,504.8907079914101
인천,인천_서해구,2023-12,560.2216566926945
인천,인천_서해구,2024-01,523.8375664196464
인천,인천_서해구,2024-02,509.8316260449782
인천,인천_서해구,2024-03,532.9461759777057
인천,인천_서해구,2024-04,562.7723256098058
인천,인천_서해구,2024-05,564.0390007435385
인천,인천_서해구,2024-06,600.1468594667871
인천,인천_서해구,2024-07,613.6569350904377
인천,인천_서해구,2024-08,613.0629568497997
인천,인천_서해구,2024-09,574.9084777157435
인천,인천_서해구,2024-10,576.5384162842688
인천,인천_서해구,2024-11,590.3987611304685
인천,인천_서해구,2024-12,618.9577929733554
인천,인천_서해구,2025-01,567.0477227363455
인천,인천_서해구,2025-02,565.5340587287523
인천,인천_서해구,2025-03,604.2160591659695
인천,인천_서해구,2025-04,616.4351083503248
인천,인천_서해구,2025-05,595.1000245858842
인천,인천_서해구,2025-06,632.2286729169684
인천,인천_서해구,2025-07,599.8351233619128
인천,인천_서해구,2025-08,613.9176982268317
인천,인천_서해구,2025-09,613.3599459701187
인천,인천_서해구,2025-10,647.6801415683562
인천,인천_서해구,2025-11,656.0952622860948
인천,인천_서해구,2025-12,653.4947249434815
인천,인천_연수구,2006-01,199.4619566598525
인천,인천_연수구,2006-02,190.29103334511606
인천,인천_연수구,2006-03,193.11183760358853
인천,인천_연수구,2006-04,200.6172839506173
인천,인천_연수구,2006-05,200.05001250312577
인천,인천_연수구,2006-06,195.03546099290782
인천,인천_연수구,2006-07,191.7989417989418
인천,인천_연수구,2006-08,196.76217813318578
인천,인천_연수구,2006-09,196.30938358853555
인천,인천_연수구,2006-10,200.95394479630932
인천,인천_연수구,2006-11,198.4126984126984
인천,인천_연수구,2006-12,191.68684422921712
인천,인천_연수구,2007-01,207.61815083848984
인천,인천_연수구,2007-02,206.48487134428504
인천,인천_연수구,2007-03,213.3284110917145
인천,인천_연수구,2007-04,222.4514260363249
인천,인천_연수구,2007-05,241.72709844127698
인천,인천_연수구,2007-06,246.75324675324674
인천,인천_연수구,2007-07,250.48008683309678
인천,인천_연수구,2007-08,263.0766533213664
인천,인천_연수구,2007-09,247.28487886382624
인천,인천_연수구,2007-10,266.96493396911364
인천,인천_연수구,2007-11,259.22577188399976
인천,인천_연수구,2007-12,251.71509281678772
인천,인천_연수구,2008-01,266.66165006921085
인천,인천_연수구,2008-02,254.4531092630428
인천,인천_연수구,2008-03,260.29055690072636
인천,인천_연수구,2008-04,272.18493661446684
인천,인천_연수구,2008-05,282.41466317326467
인천,인천_연수구,2008-06,287.09917971662935
인천,인천_연수구,2008-07,294.62023451770665
인천,인천_연수구,2008-08,295.93402378212505
인천,인천_연수구,2008-09,298.28858316178975
인천,인천_연수구,2008-10,294.20417769932334
인천,인천_연수구,2008-11,287.54093763768606
인천,인천_연수구,2008-12,265.59730062974603
인천,인천_연수구,2009-01,277.22333111554667
인천,인천_연수구,2009-02,277.56476511185946
인천,인천_연수구,2009-03,279.19420962425534
인천,인천_연수구,2009-04,276.75891963988
인천,인천_연수구,2009-05,285.40465869575576
인천,인천_연수구,2009-06,283.54632587859425
인천,인천_연수구,2009-07,287.09917971662935
인천,인천_연수구,2009-08,289.6049098580744
인천,인천_연수구,2009-09,292.7927927927928
인천,인천_연수구,2009-10,290.96436343128335
인천,인천_연수구,2009-11,283.6304816575374
인천,인천_연수구,2009-12,286.33164879799745
인천,인천_연수구,2010-01,285.1936541875367
인천,인천_연수구,2010-02,286.0001176955217
인천,인천_연수구,2010-03,279.6420581655481
인천,인천_연수구,2010-04,279.8350304829141
인천,인천_연수구,2010-05,275.60214357222776
인천,인천_연수구,2010-06,275.2477229506556
인천,인천_연수구,2010-07,272.4304312734674
인천,인천_연수구,2010-08,272.82284036109394
인천,인천_연수구,2010-09,270.683770742615
인천,인천_연수구,2010-10,273.4244748249417
인천,인천_연수구,2010-11,276.2458603647476
인천,인천_연수구,2010-12,278.0974299961642
인천,인천_연수구,2011-01,272.39709443099275
인천,인천_연수구,2011-02,274.41485068603714
인천,인천_연수구,2011-03,270.4886912967212
인천,인천_연수구,2011-04,268.6968204209584
인천,인천_연수구,2011-05,268.5078634445723
인천,인천_연수구,2011-06,266.5251488884958
인천,인천_연수구,2011-07,265.78725993496585
인천,인천_연수구,2011-08,260.0650162540635
인천,인천_연수구,2011-09,261.1140336479714
인천,인천_연수구,2011-10,259.81388986954045
인천,인천_연수구,2011-11,260.556050476884
인천,인천_연수구,2011-12,247.62550881953868
인천,인천_연수구,2012-01,260.9992542878449
인천,인천_연수구,2012-02,263.0691399662732
인천,인천_연수구,2012-03,262.16915755197465
인천,인천_연수구,2012-04,257.27069351230426
인천,인천_연수구,2012-05,259.6964586846543
인천,인천_연수구,2012-06,252.09236664313804
인천,인천_연수구,2012-07,254.35073627844713
인천,인천_연수구,2012-08,249.31394466608876
인천,인천_연수구,2012-09,336.1667059100542
인천,인천_연수구,2012-10,255.54047942107644
인천,인천_연수구,2012-11,252.6954177897574
인천,인천_연수구,2012-12,249.71024975636107
인천,인천_연수구,2013-01,247.21878862793574
인천,인천_연수구,2013-02,247.64150943396226
인천,인천_연수구,2013-03,251.8392756083758
인천,인천_연수구,2013-04,253.10495026193422
인천,인천_연수구,2013-05,254.64106010275978
인천,인천_연수구,2013-06,253.9838785395632
인천,인천_연수구,2013-07,253.24675324675326
인천,인천_연수구,2013-08,256.8922305764411
인천,인천_연수구,2013-09,254.1731968559382
인천,인천_연수구,2013-10,262.18295346852784
인천,인천_연수구,2013-11,260.8695652173913
인천,인천_연수구,2013-12,263.4201716944822
인천,인천_연수구,2014-01,262.17606130886355
인천,인천_연수구,2014-02,270.3243892671206
인천,인천_연수구,2014-03,270.3243892671206
인천,인천_연수구,2014-04,270.7395424031554
인천,인천_연수구,2014-05,265.95744680851067
인천,인천_연수구,2014-06,269.3059450434082
인천,인천_연수구,2014-07,272.80779701099516
인천,인천_연수구,2014-08,278.2462057335582
인천,인천_연수구,2014-09,281.14443338570584
인천,인천_연수구,2014-10,285.7142857142857
인천,인천_연수구,2014-11,288.2842460590878
인천,인천_연수구,2014-12,292.4443693304071
인천,인천_연수구,2015-01,297.87234042553195
인천,인천_연수구,2015-02,302.28392297357817
인천,인천_연수구,2015-03,302.28392297357817
인천,인천_연수구,2015-04,310.3724469363236
인천,인천_연수구,2015-05,315.6654888103651
인천,인천_연수구,2015-06,308.83919062832797
인천,인천_연수구,2015-07,321.1239337681887
인천,인천_연수구,2015-08,321.30932773916544
인천,인천_연수구,2015-09,322.43618450515004
인천,인천_연수구,2015-10,333.89544688026984
인천,인천_연수구,2015-11,361.4864612815383
인천,인천_연수구,2015-12,359.42794651120556
인천,인천_연수구,2016-01,373.99309551208285
인천,인천_연수구,2016-02,333.3333333333333
인천,인천_연수구,2016-03,324.5390705872478
인천,인천_연수구,2016-04,327.2183379329234
인천,인천_연수구,2016-05,335.9137209955445
인천,인천_연수구,2016-06,343.0185633575464
인천,인천_연수구,2016-07,337.26812816188874
인천,인천_연수구,2016-08,336.5772694007836
인천,인천_연수구,2016-09,345.22439585730723
인천,인천_연수구,2016-10,350.4245047444648
인천,인천_연수구,2016-11,362.9549025154256
인천,인천_연수구,2016-12,383.42919063099106
인천,인천_연수구,2017-01,351.1592547340987
인천,인천_연수구,2017-02,346.0973056752084
인천,인천_연수구,2017-03,342.0289855072464
인천,인천_연수구,2017-04,341.9811320754717
인천,인천_연수구,2017-05,342.5884460367219
인천,인천_연수구,2017-06,375.10675297049954
인천,인천_연수구,2017-07,377.02550916281655
인천,인천_연수구,2017-08,421.37704065448656
인천,인천_연수구,2017-09,389.11186828881256
인천,인천_연수구,2017-10,379.9405463404338
인천,인천_연수구,2017-11,396.6842428300413
인천,인천_연수구,2017-12,413.1108039017307
인천,인천_연수구,2018-01,385.7041755130927
인천,인천_연수구,2018-02,383.23809287549284
인천,인천_연수구,2018-03,395.227442207308
인천,인천_연수구,2018-04,377.5719216772126
인천,인천_연수구,2018-05,383.5826620636747
인천,인천_연수구,2018-06,391.7646078186213
인천,인천_연수구,2018-07,367.00336700336703
인천,인천_연수구,2018-08,381.7190340171384
인천,인천_연수구,2018-09,400.33938528029955
인천,인천_연수구,2018-10,391.12873788194827
인천,인천_연수구,2018-11,392.8396140863467
인천,인천_연수구,2018-12,416.7841292288448
인천,인천_연수구,2019-01,447.14409881194274
인천,인천_연수구,2019-02,391.685085191506
인천,인천_연수구,2019-03,342.87602044615335
인천,인천_연수구,2019-04,352.32684062958947
인천,인천_연수구,2019-05,321.6632342845935
인천,인천_연수구,2019-06,348.0330640402584
인천,인천_연수구,2019-07,368.1392235609103
인천,인천_연수구,2019-08,399.10525076524607
인천,인천_연수구,2019-09,441.5556993496915
인천,인천_연수구,2019-10,494.69964664310953
인천,인천_연수구,2019-11,513.0400745953923
인천,인천_연수구,2019-12,508.07319698600645
인천,인천_연수구,2020-01,516.0081608675288
인천,인천_연수구,2020-02,476.94635098780054
인천,인천_연수구,2020-03,359.1606133979015
인천,인천_연수구,2020-04,362.14675848966993
인천,인천_연수구,2020-05,361.6008794133387
인천,인천_연수구,2020-06,407.5235109717869
인천,인천_연수구,2020-07,404.2553191489362
인천,인천_연수구,2020-08,501.5212279356466
인천,인천_연수구,2020-09,531.5360100239986
인천,인천_연수구,2020-10,530.9754300737404
인천,인천_연수구,2020-11,599.8803329654825
인천,인천_연수구,2020-12,600.6055517225789
인천,인천_연수구,2021-01,434.8553269777555
인천,인천_연수구,2021-02,412.7358490566038
인천,인천_연수구,2021-03,449.1017964071856
인천,인천_연수구,2021-04,472.6536124240378
인천,인천_연수구,2021-05,517.0113408939293
인천,인천_연수구,2021-06,698.6428245675276
인천,인천_연수구,2021-07,830.9239365445435
인천,인천_연수구,2021-08,839.0669575432119
인천,인천_연수구,2021-09,741.8521296990914
인천,인천_연수구,2021-10,697.3726273046418
인천,인천_연수구,2021-11,659.5975619938215
인천,인천_연수구,2021-12,741.5025300513462
인천,인천_연수구,2022-01,652.4981357196123
인천,인천_연수구,2022-02,626.4775413711584
인천,인천_연수구,2022-03,654.9520766773162
인천,인천_연수구,2022-04,665.5480984340045
인천,인천_연수구,2022-05,628.7868170036038
인천,인천_연수구,2022-06,614.9694071861895
인천,인천_연수구,2022-07,782.905580409701
인천,인천_연수구,2022-08,737.9602502407218
인천,인천_연수구,2022-09,793.4960202347906
인천,인천_연수구,2022-10,743.869760305618
인천,인천_연수구,2022-11,729.7867233241088
인천,인천_연수구,2022-12,710.5830304676831
인천,인천_연수구,2023-01,699.566491744413
인천,인천_연수구,2023-02,747.0791940708659
인천,인천_연수구,2023-03,712.572147929978
인천,인천_연수구,2023-04,702.9287184929208
인천,인천_연수구,2023-05,748.0027952884811
인천,인천_연수구,2023-06,662.8670182229246
인천,인천_연수구,2023-07,710.3189213570406
인천,인천_연수구,2023-08,605.0904997273575
인천,인천_연수구,2023-09,616.2409675920389
인천,인천_연수구,2023-10,540.8860697251315
인천,인천_연수구,2023-11,602.4018963965528
인천,인천_연수구,2023-12,579.6250212529175
인천,인천_연수구,2024-01,540.7807985776724
인천,인천_연수구,2024-02,611.5576584946525
인천,인천_연수구,2024-03,586.0066214716267
인천,인천_연수구,2024-04,688.8912587094148
인천,인천_연수구,2024-05,683.9170800059887
인천,인천_연수구,2024-06,650.4311988243164
인천,인천_연수구,2024-07,757.9601133958928
인천,인천_연수구,2024-08,711.9987664734747
인천,인천_연수구,2024-09,681.533801248042
인천,인천_연수구,2024-10,773.4795769941423
인천,인천_연수구,2024-11,731.7037098156496
인천,인천_연수구,2024-12,706.2647080147808
인천,인천_연수구,2025-01,700.1927589477574
인천,인천_연수구,2025-02,712.4078263486695
인천,인천_연수구,2025-03,718.7314759928868
인천,인천_연수구,2025-04,738.1755683357153
인천,인천_연수구,2025-05,754.1181010731858
인천,인천_연수구,2025-06,748.2007553264768
인천,인천_연수구,2025-07,696.5026674570242
인천,인천_연수구,2025-08,705.3473335162447
인천,인천_연수구,2025-09,726.9822342980086
인천,인천_연수구,2025-10,752.3538262986192
인천,인천_연수구,2025-11,760.1918747863803
인천,인천_연수구,2025-12,604.1544127168954
인천,인천_영종구,2006-01,255.21105360619154
인천,인천_영종구,2006-02,223.36348740413288
인천,인천_영종구,2006-03,251.056455059114
인천,인천_영종구,2006-04,253.0301835586871
인천,인천_영종구,2006-05,130.94125500667556
인천,인천_영종구,2006-06,258.8332286720138
인천,인천_영종구,2006-07,216.6959206159498
인천,인천_영종구,2006-08,245.63135942355967
인천,인천_영종구,2006-09,140.64386317907446
인천,인천_영종구,2006-10,140.64386317907446
인천,인천_영종구,2006-11,247.14576068522928
인천,인천_영종구,2006-12,265.8692256788
인천,인천_영종구,2007-01,279.81386376154614
인천,인천_영종구,2007-02,300.0405054682382
인천,인천_영종구,2007-03,360.4963112005365
인천,인천_영종구,2007-04,335.4348797735412
인천,인천_영종구,2007-05,297.5401679226695
인천,인천_영종구,2007-06,290.0391552859636
인천,인천_영종구,2007-07,143.09188464118043
인천,인천_영종구,2007-08,291.70604698300934
인천,인천_영종구,2007-09,343.7290409121395
인천,인천_영종구,2007-10,348.3751383499353
인천,인천_영종구,2007-11,241.2262990391447
인천,인천_영종구,2007-12,318.5781354795439
인천,인천_영종구,2008-01,330.63546131459367
인천,인천_영종구,2008-02,340.0408048965876
인천,인천_영종구,2008-03,276.70402170959744
인천,인천_영종구,2008-04,310.0418556505128
인천,인천_영종구,2008-05,275.0371300125517
인천,인천_영종구,2008-06,309.30932047389103
인천,인천_영종구,2008-07,275.0371300125517
인천,인천_영종구,2008-08,270.8678502470872
인천,인천_영종구,2008-09,273.25694309574675
인천,인천_영종구,2008-10,251.92941977937704
인천,인천_영종구,2008-11,305.3639049233545
인천,인천_영종구,2008-12,250.03375455686518
인천,인천_영종구,2009-01,246.69997116277364
인천,인천_영종구,2009-02,245.86652531425077
인천,인천_영종구,2009-03,241.69929607163633
인천,인천_영종구,2009-04,250.03375455686518
인천,인천_영종구,2009-05,262.33322254403873
인천,인천_영종구,2009-06,241.69929607163633
인천,인천_영종구,2009-07,269.9530516431925
인천,인천_영종구,2009-08,245.24556949706957
인천,인천_영종구,2009-09,248.3668628598194
인천,인천_영종구,2009-10,262.533473032581
인천,인천_영종구,2009-11,262.18683239463974
인천,인천_영종구,2009-12,242.83969004365048
인천,인천_영종구,2010-01,259.89268947015427
인천,인천_영종구,2010-02,264.1289570790445
인천,인천_영종구,2010-03,244.199633617205
인천,인천_영종구,2010-04,280.0136485861871
인천,인천_영종구,2010-05,249.83232729711602
인천,인천_영종구,2010-06,303.83005308883713
인천,인천_영종구,2010-07,454.66201488659595
인천,인천_영종구,2010-08,351.03709275915224
인천,인천_영종구,2010-09,256.1572646933594
인천,인천_영종구,2010-10,266.69867050712753
인천,인천_영종구,2010-11,216.7212483143903
인천,인천_영종구,2010-12,208.26734241368388
인천,인천_영종구,2011-01,207.4754513778904
인천,인천_영종구,2011-02,232.28135798332775
인천,인천_영종구,2011-03,259.72799395542125
인천,인천_영종구,2011-04,238.94553969437632
인천,인천_영종구,2011-05,235.37691493831358
인천,인천_영종구,2011-06,250.28991109393118
인천,인천_영종구,2011-07,237.23176571997703
인천,인천_영종구,2011-08,235.31375166889185
인천,인천_영종구,2011-09,236.23466135434307
인천,인천_영종구,2011-10,233.3648375864075
인천,인천_영종구,2011-11,238.5091956213654
인천,인천_영종구,2011-12,233.3648375864075
인천,인천_영종구,2012-01,242.76758336803402
인천,인천_영종구,2012-02,228.3641624952702
인천,인천_영종구,2012-03,229.6484003801077
인천,인천_영종구,2012-04,233.6024121120613
인천,인천_영종구,2012-05,247.2356635862612
인천,인천_영종구,2012-06,250.03000360043205
인천,인천_영종구,2012-07,230.2036470197461
인천,인천_영종구,2012-08,247.14576068522928
인천,인천_영종구,2012-09,237.40563126157352
인천,인천_영종구,2012-10,236.18805968134853
인천,인천_영종구,2012-11,226.94576575756213
인천,인천_영종구,2012-12,258.76928236083165
인천,인천_영종구,2013-01,235.37719195010004
인천,인천_영종구,2013-02,244.21114213879673
인천,인천_영종구,2013-03,246.90185651203646
인천,인천_영종구,2013-04,229.99613451874757
인천,인천_영종구,2013-05,236.41483783258883
인천,인천_영종구,2013-06,240.26552522166537
인천,인천_영종구,2013-07,256.39808176249943
인천,인천_영종구,2013-08,396.703259122465
인천,인천_영종구,2013-09,249.83232729711602
인천,인천_영종구,2013-10,296.86917618483733
인천,인천_영종구,2013-11,263.97551978537894
인천,인천_영종구,2013-12,266.57620846635973
인천,인천_영종구,2014-01,260.54944691810874
인천,인천_영종구,2014-02,270.6834521790606
인천,인천_영종구,2014-03,303.7859963802571
인천,인천_영종구,2014-04,276.7793949602426
인천,인천_영종구,2014-05,347.69056306374915
인천,인천_영종구,2014-06,340.4749828886011
인천,인천_영종구,2014-07,290.177393998585
인천,인천_영종구,2014-08,339.68175042181383
인천,인천_영종구,2014-09,297.83866764662116
인천,인천_영종구,2014-10,341.31972571052324
인천,인천_영종구,2014-11,346.2579759238643
인천,인천_영종구,2014-12,343.06845596922085
인천,인천_영종구,2015-01,326.9875692984443
인천,인천_영종구,2015-02,323.39239371591106
인천,인천_영종구,2015-03,324.9891867234236
인천,인천_영종구,2015-04,326.65518066861716
인천,인천_영종구,2015-05,334.8473134905296
인천,인천_영종구,2015-06,332.41635216288137
인천,인천_영종구,2015-07,331.88145006302216
인천,인천_영종구,2015-08,343.37453827792666
인천,인천_영종구,2015-09,323.80623434936535
인천,인천_영종구,2015-10,341.84804635151454
인천,인천_영종구,2015-11,382.72576109433663
인천,인천_영종구,2015-12,373.63196295776623
인천,인천_영종구,2016-01,370.9479719036883
인천,인천_영종구,2016-02,376.4210782293855
인천,인천_영종구,2016-03,376.6876263379105
인천,인천_영종구,2016-04,393.98401772505895
인천,인천_영종구,2016-05,398.13556030297144
인천,인천_영종구,2016-06,383.8219066353212
인천,인천_영종구,2016-07,386.12483807513314
인천,인천_영종구,2016-08,387.3148125915432
인천,인천_영종구,2016-09,391.53413269999396
인천,인천_영종구,2016-10,377.57166704297407
인천,인천_영종구,2016-11,381.45432860951314
인천,인천_영종구,2016-12,379.30729966972217
인천,인천_영종구,2017-01,383.10576127500053
인천,인천_영종구,2017-02,374.6346607979899
인천,인천_영종구,2017-03,380.44386175227294
인천,인천_영종구,2017-04,381.62307176391687
인천,인천_영종구,2017-05,366.5637715728918
인천,인천_영종구,2017-06,345.1144187034317
인천,인천_영종구,2017-07,371.7252773188577
인천,인천_영종구,2017-08,365.8302547617905
인천,인천_영종구,2017-09,379.731185644395
인천,인천_영종구,2017-10,374.4244442396652
인천,인천_영종구,2017-11,373.70704037370706
인천,인천_영종구,2017-12,368.64231122966464
인천,인천_영종구,2018-01,353.0225845102558
인천,인천_영종구,2018-02,357.80985460702004
인천,인천_영종구,2018-03,354.63627827802134
인천,인천_영종구,2018-04,341.7127978943824
인천,인천_영종구,2018-05,354.16716690277815
인천,인천_영종구,2018-06,347.2245234925682
인천,인천_영종구,2018-07,334.11005439359684
인천,인천_영종구,2018-08,345.2874855160444
인천,인천_영종구,2018-09,345.37605894229245
인천,인천_영종구,2018-10,344.00757910073594
인천,인천_영종구,2018-11,332.162294387412
인천,인천_영종구,2018-12,323.2585822343774
인천,인천_영종구,2019-01,303.97395280973257
인천,인천_영종구,2019-02,316.6827241703697
인천,인천_영종구,2019-03,314.71251814494553
인천,인천_영종구,2019-04,318.864774624374
인천,인천_영종구,2019-05,322.58121369326295
인천,인천_영종구,2019-06,318.09988336337614
인천,인천_영종구,2019-07,339.1241039222242
인천,인천_영종구,2019-08,340.3755868544601
인천,인천_영종구,2019-09,338.5014732706609
인천,인천_영종구,2019-10,355.16768988786845
인천,인천_영종구,2019-11,367.5856307435255
인천,인천_영종구,2019-12,372.8100750880192
인천,인천_영종구,2020-01,383.58905937291524
인천,인천_영종구,2020-02,397.0743296451023
인천,인천_영종구,2020-03,401.80481267623276
인천,인천_영종구,2020-04,415.0694645224306
인천,인천_영종구,2020-05,412.7412030108881
인천,인천_영종구,2020-06,428.7620954287621
인천,인천_영종구,2020-07,399.6997888049151
인천,인천_영종구,2020-08,412.7240870690595
인천,인천_영종구,2020-09,421.5681746491108
인천,인천_영종구,2020-10,420.084436413389
인천,인천_영종구,2020-11,431.349284196544
인천,인천_영종구,2020-12,449.2528255904132
인천,인천_영종구,2021-01,446.9646430953969
인천,인천_영종구,2021-02,467.8362573099415
인천,인천_영종구,2021-03,490.46966698800884
인천,인천_영종구,2021-04,483.85402714067055
인천,인천_영종구,2021-05,488.40084268854196
인천,인천_영종구,2021-06,529.0314008265623
인천,인천_영종구,2021-07,530.2656732347557
인천,인천_영종구,2021-08,547.0313542361574
인천,인천_영종구,2021-09,562.2870662857704
인천,인천_영종구,2021-10,586.2367525953362
인천,인천_영종구,2021-11,611.3253939840178
인천,인천_영종구,2021-12,580.938177911926
인천,인천_영종구,2022-01,522.0961718846787
인천,인천_영종구,2022-02,494.5980075768206
인천,인천_영종구,2022-03,470.11555080587567
인천,인천_영종구,2022-04,474.6213141108334
인천,인천_영종구,2022-05,503.36459492396546
인천,인천_영종구,2022-06,503.01810865191146
인천,인천_영종구,2022-07,515.8083500419131
인천,인천_영종구,2022-08,456.012347411253
인천,인천_영종구,2022-09,483.0616209898522
인천,인천_영종구,2022-10,447.3032988175121
인천,인천_영종구,2022-11,471.1610630447232
인천,인천_영종구,2022-12,450.2361960136599
인천,인천_영종구,2023-01,453.06003810411437
인천,인천_영종구,2023-02,441.00220811735466
인천,인천_영종구,2023-03,444.20966696280647
인천,인천_영종구,2023-04,464.89183908857666
인천,인천_영종구,2023-05,461.3452825603588
인천,인천_영종구,2023-06,464.9994885005626
인천,인천_영종구,2023-07,447.46334520285893
인천,인천_영종구,2023-08,470.1553556827473
인천,인천_영종구,2023-09,473.4152037279114
인천,인천_영종구,2023-10,476.0034901656526
인천,인천_영종구,2023-11,458.82753154965945
인천,인천_영종구,2023-12,477.6196850068694
인천,인천_영종구,2024-01,471.86564513673954
인천,인천_영종구,2024-02,463.3489304925873
인천,인천_영종구,2024-03,477.1438104771438
인천,인천_영종구,2024-04,483.35197855632396
인천,인천_영종구,2024-05,483.437654933924
인천,인천_영종구,2024-06,491.7718178765053
인천,인천_영종구,2024-07,503.6890692074089
인천,인천_영종구,2024-08,496.9979986657772
인천,인천_영종구,2024-09,493.10902873703503
인천,인천_영종구,2024-10,503.77833753148616
인천,인천_영종구,2024-11,481.2307966915232
인천,인천_영종구,2024-12,483.6557705136758
인천,인천_영종구,2025-01,484.07293287197126
인천,인천_영종구,2025-02,497.4812052785125
인천,인천_영종구,2025-03,483.6581904300051
인천,인천_영종구,2025-04,482.3464859069338
인천,인천_영종구,2025-05,496.43793530113226
인천,인천_영종구,2025-06,476.3012362141527
인천,인천_영종구,2025-07,481.26852250563593
인천,인천_영종구,2025-08,505.9660685500257
인천,인천_영종구,2025-09,480.4804804804805
인천,인천_영종구,2025-10,479.2149091253946
인천,인천_영종구,2025-11,479.7773832941515
인천,인천_영종구,2025-12,502.34308787289734
인천,인천_제물포구,2006-01,148.39929224347497
인천,인천_제물포구,2006-02,151.51730575776173
인천,인천_제물포구,2006-03,160.54585591009433
인천,인천_제물포구,2006-04,155.72465050433553
인천,인천_제물포구,2006-05,159.2957945910228
인천,인천_제물포구,2006-06,169.95197806346636
인천,인천_제물포구,2006-07,166.24833729552273
인천,인천_제물포구,2006-08,180.18018018018017
인천,인천_제물포구,2006-09,167.70082173402648
인천,인천_제물포구,2006-10,166.01229800990154
인천,인천_제물포구,2006-11,178.71821457118057
인천,인천_제물포구,2006-12,178.19593796886363
인천,인천_제물포구,2007-01,187.96992481203006
인천,인천_제물포구,2007-02,169.3564521507169
인천,인천_제물포구,2007-03,179.43987925540836
인천,인천_제물포구,2007-04,177.48609314719215
인천,인천_제물포구,2007-05,191.5089986155976
인천,인천_제물포구,2007-06,197.96845132552443
인천,인천_제물포구,2007-07,198.93097379757216
인천,인천_제물포구,2007-08,200.06712289065604
인천,인천_제물포구,2007-09,207.63842561707804
인천,인천_제물포구,2007-10,211.30303538487337
인천,인천_제물포구,2007-11,218.01106825423443
인천,인천_제물포구,2007-12,212.57802378989518
인천,인천_제물포구,2008-01,177.12395136245513
인천,인천_제물포구,2008-02,160.25641025641025
인천,인천_제물포구,2008-03,195.4725021702981
인천,인천_제물포구,2008-04,224.17593427512276
인천,인천_제물포구,2008-05,236.17712997218575
인천,인천_제물포구,2008-06,250.06270194730914
인천,인천_제물포구,2008-07,209.06506104699784
인천,인천_제물포구,2008-08,170.84398976982098
인천,인천_제물포구,2008-09,171.5686274509804
인천,인천_제물포구,2008-10,228.56991840243495
인천,인천_제물포구,2008-11,223.96714219529457
인천,인천_제물포구,2008-12,218.34062765463744
인천,인천_제물포구,2009-01,241.27907258796122
인천,인천_제물포구,2009-02,170.7944872314552
인천,인천_제물포구,2009-03,167.00175923598894
인천,인천_제물포구,2009-04,188.48957024377984
인천,인천_제물포구,2009-05,244.18230563002683
인천,인천_제물포구,2009-06,245.53164326098852
인천,인천_제물포구,2009-07,248.1972161663592
인천,인천_제물포구,2009-08,169.76938502673795
인천,인천_제물포구,2009-09,223.51802413626217
인천,인천_제물포구,2009-10,259.55639452571967
인천,인천_제물포구,2009-11,251.7073857635711
인천,인천_제물포구,2009-12,140.78483984571523
인천,인천_제물포구,2010-01,242.25161746384157
인천,인천_제물포구,2010-02,219.7490039641477
인천,인천_제물포구,2010-03,230.35113194696484
인천,인천_제물포구,2010-04,244.84319973167868
인천,인천_제물포구,2010-05,253.20876626211472
인천,인천_제물포구,2010-06,250.6265664160401
인천,인천_제물포구,2010-07,261.2637805757039
인천,인천_제물포구,2010-08,242.23088739217772
인천,인천_제물포구,2010-09,260.6287467352794
인천,인천_제물포구,2010-10,253.35154157265526
인천,인천_제물포구,2010-11,246.6797307053945
인천,인천_제물포구,2010-12,246.83894727653617
인천,인천_제물포구,2011-01,259.2657038454846
인천,인천_제물포구,2011-02,248.1972161663592
인천,인천_제물포구,2011-03,253.04239342795944
인천,인천_제물포구,2011-04,247.34762180643713
인천,인천_제물포구,2011-05,250.94102885821832
인천,인천_제물포구,2011-06,257.16205051821316
인천,인천_제물포구,2011-07,255.67440647012785
인천,인천_제물포구,2011-08,262.52831112830785
인천,인천_제물포구,2011-09,268.402890919554
인천,인천_제물포구,2011-10,255.95984943538267
인천,인천_제물포구,2011-11,253.27432863915612
인천,인천_제물포구,2011-12,236.5576600106073
인천,인천_제물포구,2012-01,234.88404779867494
인천,인천_제물포구,2012-02,247.1576866040534
인천,인천_제물포구,2012-03,250.79418157498745
인천,인천_제물포구,2012-04,239.32074928334004
인천,인천_제물포구,2012-05,231.42713399295656
인천,인천_제물포구,2012-06,247.19486806222966
인천,인천_제물포구,2012-07,245.3926282051282
인천,인천_제물포구,2012-08,241.45525238508515
인천,인천_제물포구,2012-09,235.82538886101355
인천,인천_제물포구,2012-10,245.15862556773237
인천,인천_제물포구,2012-11,244.41066490698842
인천,인천_제물포구,2012-12,221.89335485203839
인천,인천_제물포구,2013-01,255.78227045490598
인천,인천_제물포구,2013-02,208.33333333333334
인천,인천_제물포구,2013-03,238.85954690254624
인천,인천_제물포구,2013-04,242.4870222358245
인천,인천_제물포구,2013-05,250.73653067831768
인천,인천_제물포구,2013-06,253.35847277869433
인천,인천_제물포구,2013-07,230.42244114209385
인천,인천_제물포구,2013-08,240.111384582479
인천,인천_제물포구,2013-09,246.30989466305857
인천,인천_제물포구,2013-10,239.73684895165235
인천,인천_제물포구,2013-11,255.89563472152534
인천,인천_제물포구,2013-12,250.79418157498745
인천,인천_제물포구,2014-01,259.153987627487
인천,인천_제물포구,2014-02,247.0133644591786
인천,인천_제물포구,2014-03,239.83769726287727
인천,인천_제물포구,2014-04,242.74693946000335
인천,인천_제물포구,2014-05,244.18799130289347
인천,인천_제물포구,2014-06,265.42467948717945
인천,인천_제물포구,2014-07,246.00785909584334
인천,인천_제물포구,2014-08,247.97885903830746
인천,인천_제물포구,2014-09,254.97000539719897
인천,인천_제물포구,2014-10,249.67364016736403
인천,인천_제물포구,2014-11,249.67364016736403
인천,인천_제물포구,2014-12,249.92020900963263
인천,인천_제물포구,2015-01,271.5219916341812
인천,인천_제물포구,2015-02,245.26400746401617
인천,인천_제물포구,2015-03,264.2547515838613
인천,인천_제물포구,2015-04,247.96620803453965
인천,인천_제물포구,2015-05,250.688510698397
인천,인천_제물포구,2015-06,251.55123260103974
인천,인천_제물포구,2015-07,267.20657304627264
인천,인천_제물포구,2015-08,266.1474446249417
인천,인천_제물포구,2015-09,274.0183792815372
인천,인천_제물포구,2015-10,260.3630368607327
인천,인천_제물포구,2015-11,282.57857591701554
인천,인천_제물포구,2015-12,254.21933479274065
인천,인천_제물포구,2016-01,264.3130221362156
인천,인천_제물포구,2016-02,264.29220479343803
인천,인천_제물포구,2016-03,243.42603812746648
인천,인천_제물포구,2016-04,244.54063042574523
인천,인천_제물포구,2016-05,271.67533120912293
인천,인천_제물포구,2016-06,266.89807330883104
인천,인천_제물포구,2016-07,283.9637092023094
인천,인천_제물포구,2016-08,279.0792955889607
인천,인천_제물포구,2016-09,275.5256536947825
인천,인천_제물포구,2016-10,290.4986933844527
인천,인천_제물포구,2016-11,294.5681630729351
인천,인천_제물포구,2016-12,276.89407328855896
인천,인천_제물포구,2017-01,274.98599790958855
인천,인천_제물포구,2017-02,269.5195725348963
인천,인천_제물포구,2017-03,266.6729598338604
인천,인천_제물포구,2017-04,270.7379374477652
인천,인천_제물포구,2017-05,294.23534119530166
인천,인천_제물포구,2017-06,264.98859126860907
인천,인천_제물포구,2017-07,283.41438873050475
인천,인천_제물포구,2017-08,272.82968386960505
인천,인천_제물포구,2017-09,299.7205994411989
인천,인천_제물포구,2017-10,266.0917125488826
인천,인천_제물포구,2017-11,287.8672424011515
인천,인천_제물포구,2017-12,294.3392672129603
인천,인천_제물포구,2018-01,285.09139694784506
인천,인천_제물포구,2018-02,266.80006670001666
인천,인천_제물포구,2018-03,278.935103453146
인천,인천_제물포구,2018-04,269.76160602258466
인천,인천_제물포구,2018-05,268.6006059925934
인천,인천_제물포구,2018-06,288.25667376864266
인천,인천_제물포구,2018-07,259.93627368774105
인천,인천_제물포구,2018-08,278.95151893221595
인천,인천_제물포구,2018-09,270.6053825570456
인천,인천_제물포구,2018-10,301.4034096260714
인천,인천_제물포구,2018-11,280.8988764044944
인천,인천_제물포구,2018-12,281.3130344101331
인천,인천_제물포구,2019-01,285.09139694784506
인천,인천_제물포구,2019-02,256.9788677276285
인천,인천_제물포구,2019-03,264.85233011194424
인천,인천_제물포구,2019-04,284.3144559861942
인천,인천_제물포구,2019-05,300.1412429378531
인천,인천_제물포구,2019-06,273.07583466028376
인천,인천_제물포구,2019-07,281.6860170907099
인천,인천_제물포구,2019-08,285.5234596760728
인천,인천_제물포구,2019-09,277.4209284912059
인천,인천_제물포구,2019-10,290.6943089101957
인천,인천_제물포구,2019-11,286.83754796849155
인천,인천_제물포구,2019-12,267.48281066577226
인천,인천_제물포구,2020-01,278.1102583961135
인천,인천_제물포구,2020-02,271.43643797278753
인천,인천_제물포구,2020-03,282.78543655001766
인천,인천_제물포구,2020-04,296.693981350664
인천,인천_제물포구,2020-05,267.8517986472736
인천,인천_제물포구,2020-06,292.9472525611718
인천,인천_제물포구,2020-07,288.18851332300426
인천,인천_제물포구,2020-08,265.9887484405527
인천,인천_제물포구,2020-09,275.5050926698948
인천,인천_제물포구,2020-10,278.935103453146
인천,인천_제물포구,2020-11,296.95969832665565
인천,인천_제물포구,2020-12,300.95301788998495
인천,인천_제물포구,2021-01,281.6376888112653
인천,인천_제물포구,2021-02,303.4717164360282
인천,인천_제물포구,2021-03,306.02007544714473
인천,인천_제물포구,2021-04,317.17414529914527
인천,인천_제물포구,2021-05,301.3767677854787
인천,인천_제물포구,2021-06,295.1193715294301
인천,인천_제물포구,2021-07,318.32115067201136
인천,인천_제물포구,2021-08,342.3568825960433
인천,인천_제물포구,2021-09,379.9292868117875
인천,인천_제물포구,2021-10,306.74846625766867
인천,인천_제물포구,2021-11,405.8359885963441
인천,인천_제물포구,2021-12,355.7252023446082
인천,인천_제물포구,2022-01,366.3023228851496
인천,인천_제물포구,2022-02,350.6662659052199
인천,인천_제물포구,2022-03,354.5839141173306
인천,인천_제물포구,2022-04,376.16754652850375
인천,인천_제물포구,2022-05,385.00297924642786
인천,인천_제물포구,2022-06,320.18874283788335
인천,인천_제물포구,2022-07,361.89815865957706
인천,인천_제물포구,2022-08,379.1638054515418
인천,인천_제물포구,2022-09,338.9009924957637
인천,인천_제물포구,2022-10,339.30746476422485
인천,인천_제물포구,2022-11,347.50799355685535
인천,인천_제물포구,2022-12,334.39224209998326
인천,인천_제물포구,2023-01,318.63156129465034
인천,인천_제물포구,2023-02,352.1095994188754
인천,인천_제물포구,2023-03,347.9964288182267
인천,인천_제물포구,2023-04,367.9123405569459
인천,인천_제물포구,2023-05,333.9455668725998
인천,인천_제물포구,2023-06,330.8519437551696
인천,인천_제물포구,2023-07,346.7217559803329
인천,인천_제물포구,2023-08,353.2071206555524
인천,인천_제물포구,2023-09,349.1078500305128
인천,인천_제물포구,2023-10,353.10318852179233
인천,인천_제물포구,2023-11,329.48653621006855
인천,인천_제물포구,2023-12,341.9514658801995
인천,인천_제물포구,2024-01,343.747354161375
인천,인천_제물포구,2024-02,346.08097122782374
인천,인천_제물포구,2024-03,333.86752136752136
인천,인천_제물포구,2024-04,335.6099858690532
인천,인천_제물포구,2024-05,360.1773848443926
인천,인천_제물포구,2024-06,347.7679317839826
인천,인천_제물포구,2024-07,338.7136595908293
인천,인천_제물포구,2024-08,365.95531843947987
인천,인천_제물포구,2024-09,347.5904324260634
인천,인천_제물포구,2024-10,351.1118542049824
인천,인천_제물포구,2024-11,344.71411682290164
인천,인천_제물포구,2024-12,315.5841339180112
인천,인천_제물포구,2025-01,353.4817956875221
인천,인천_제물포구,2025-02,320.58774419769577
인천,인천_제물포구,2025-03,352.68942314850403
인천,인천_제물포구,2025-04,332.41344706472654
인천,인천_제물포구,2025-05,358.4005012364647
인천,인천_제물포구,2025-06,366.75058326395106
인천,인천_제물포구,2025-07,345.2301534356237
인천,인천_제물포구,2025-08,352.84791672446545
인천,인천_제물포구,2025-09,343.5880287577328
인천,인천_제물포구,2025-10,322.49119155445345
인천,인천_제물포구,2025-11,333.02527963227044
인천,인천_제물포구,2025-12,333.67898811718044
