단지명,건축년도,거래금액(만원),계약년,계약월,계약일,전용면적(㎡),층,법정동,지번,시군구코드,거래유형,매수자구분,매도자구분
가천,1997,4900,2006,6,1,59.88,1,운수동,65-50,12330,,,
금호타운,1991,4900,2006,6,1,59.78,1,월곡동,613-1,12330,,,
대덕1,1990,2500,2006,6,1,39.15,1,도산동,1138-2,12330,,,
라인2,1998,7100,2006,6,1,84.99,2,송정동,918-3,12330,,,
부영그린타운,2005,14700,2006,6,1,84.8512,8,산월동,885-3,12330,,,
삼성,1996,5650,2006,6,1,49.54,12,운남동,387-22,12330,,,
삼성,1996,4950,2006,6,1,49.54,18,운남동,387-22,12330,,,
서라,1997,5200,2006,6,1,59.31,3,도산동,1281-5,12330,,,
송광파크맨션2차,1995,3900,2006,6,1,50.85,10,소촌동,455,12330,,,
송정주공,1982,5500,2006,6,1,53.65,5,우산동,1079-3,12330,,,
신창5차호반베르디움,2005,15350,2006,6,1,84.8968,8,신창동,1111,12330,,,
운남주공3단지,1996,5000,2006,6,1,49.69,12,운남동,777-1,12330,,,
운남주공4단지,1996,5430,2006,6,1,58.14,3,운남동,771-1,12330,,,
운남주공8단지,2000,6233,2006,6,1,59.42,7,운남동,781-1,12330,,,
운남주공8단지,2000,6375,2006,6,1,59.42,12,운남동,781-1,12330,,,
운남주공8단지,2000,6356,2006,6,1,59.41,7,운남동,781-1,12330,,,
운남주공8단지,2000,6251,2006,6,1,59.41,18,운남동,781-1,12330,,,
운남주공8단지,2000,6233,2006,6,1,59.42,15,운남동,781-1,12330,,,
운남주공8단지,2000,4363,2006,6,1,49.55,14,운남동,781-1,12330,,,
운남주공8단지,2000,6450,2006,6,1,59.42,11,운남동,781-1,12330,,,
운남주공8단지,2000,6271,2006,6,1,59.41,11,운남동,781-1,12330,,,
중흥2,1998,9370,2006,6,1,84.66,4,신가동,302-25,12330,,,
중흥2,1998,8150,2006,6,1,71.345,15,신가동,302-25,12330,,,
중흥2,1998,6000,2006,6,1,59.955,8,신가동,302-25,12330,,,
첨단금광,1997,12470,2006,6,1,92.115,13,월계동,757-7,12330,,,
첨단동부,1997,19000,2006,6,1,126.645,8,월계동,757-3,12330,,,
호반2차,1998,5200,2006,6,1,59.95,6,도산동,782,12330,,,
건영,1998,9000,2006,6,2,99.96,6,월계동,755-5,12330,,,
금강3차,2000,5650,2006,6,2,59.94,5,송정동,238,12330,,,
금강3차,2000,5650,2006,6,2,59.94,3,송정동,238,12330,,,
금호,1996,10000,2006,6,2,92.39,3,월계동,756-5,12330,,,
금호타운,1991,5070,2006,6,2,56.69,13,월곡동,613-1,12330,,,
대주,1996,9200,2006,6,2,78.66,3,월계동,758-6,12330,,,
리버힐,1992,4140,2006,6,2,49.86,5,우산동,1602-2,12330,,,
서라,1995,5750,2006,6,2,59.93,1,월계동,764-2,12330,,,
온세계아이조움,2004,12300,2006,6,2,84.5844,15,송정동,223,12330,,,
온세계아이조움,2004,12400,2006,6,2,84.5844,5,송정동,223,12330,,,
운남주공5단지,1997,9200,2006,6,2,84.77,9,운남동,769-1,12330,,,
운남주공8단지,2000,6356,2006,6,2,59.41,12,운남동,781-1,12330,,,
운남주공8단지,2000,6412,2006,6,2,59.41,10,운남동,781-1,12330,,,
운남주공8단지,2000,6356,2006,6,2,59.41,21,운남동,781-1,12330,,,
운남주공8단지,2000,6299,2006,6,2,59.42,10,운남동,781-1,12330,,,
운남주공8단지,2000,6375,2006,6,2,59.42,9,운남동,781-1,12330,,,
운남주공8단지,2000,6375,2006,6,2,59.42,16,운남동,781-1,12330,,,
운남주공8단지,2000,6309,2006,6,2,59.41,3,운남동,781-1,12330,,,
운남주공8단지,2000,6375,2006,6,2,59.42,17,운남동,781-1,12330,,,
운남주공8단지,2000,6053,2006,6,2,59.41,16,운남동,781-1,12330,,,
운남주공8단지,2000,6412,2006,6,2,59.41,6,운남동,781-1,12330,,,
운남주공8단지,2000,6403,2006,6,2,59.42,4,운남동,781-1,12330,,,
운남주공8단지,2000,6252,2006,6,2,59.42,4,운남동,781-1,12330,,,
운남주공8단지,2000,6403,2006,6,2,59.41,8,운남동,781-1,12330,,,
운남주공8단지,2000,4590,2006,6,2,49.55,16,운남동,781-1,12330,,,
운남주공8단지,2000,6450,2006,6,2,59.42,8,운남동,781-1,12330,,,
운남주공8단지,2000,6271,2006,6,2,59.41,9,운남동,781-1,12330,,,
운남주공8단지,2000,6327,2006,6,2,59.42,4,운남동,781-1,12330,,,
운남주공8단지,2000,6393,2006,6,2,59.41,15,운남동,781-1,12330,,,
운남주공8단지,2000,6006,2006,6,2,59.41,17,운남동,781-1,12330,,,
운남주공8단지,2000,6243,2006,6,2,59.41,20,운남동,781-1,12330,,,
운남주공8단지,2000,6393,2006,6,2,59.41,9,운남동,781-1,12330,,,
운남주공8단지,2000,6091,2006,6,2,59.42,2,운남동,781-1,12330,,,
운남주공8단지,2000,6318,2006,6,2,59.41,19,운남동,781-1,12330,,,
운남주공8단지,2000,6365,2006,6,2,59.41,16,운남동,781-1,12330,,,
운남주공8단지,2000,6271,2006,6,2,59.41,11,운남동,781-1,12330,,,
운남주공8단지,2000,6412,2006,6,2,59.41,5,운남동,781-1,12330,,,
일신,1992,8000,2006,6,2,84.51,10,월곡동,538-1,12330,,,
해광샹그릴라,2005,14440,2006,6,2,84.9106,15,신창동,855-9,12330,,,
호반,1998,5000,2006,6,2,59.88,10,비아동,152-5,12330,,,
호반,1998,5000,2006,6,2,59.88,18,비아동,152-5,12330,,,
호반,1998,5000,2006,6,2,59.88,9,비아동,152-5,12330,,,
호반,1998,5000,2006,6,2,59.88,7,비아동,152-5,12330,,,
호반,1998,5000,2006,6,2,59.88,3,비아동,152-5,12330,,,
호반,1998,4850,2006,6,2,59.88,1,비아동,152-5,12330,,,
호반,1998,5000,2006,6,2,59.88,8,비아동,152-5,12330,,,
호반,1998,4850,2006,6,2,59.88,1,비아동,152-5,12330,,,
호반,1998,3300,2006,6,2,37.83,7,비아동,152-5,12330,,,
호반,1998,3300,2006,6,2,37.83,4,비아동,152-5,12330,,,
호반,1998,3300,2006,6,2,37.83,17,비아동,152-5,12330,,,
호반,1998,3300,2006,6,2,37.83,12,비아동,152-5,12330,,,
호반,1998,3300,2006,6,2,37.83,8,비아동,152-5,12330,,,
호반,1998,3300,2006,6,2,37.83,7,비아동,152-5,12330,,,
호반,1998,3300,2006,6,2,37.83,6,비아동,152-5,12330,,,
호반,1998,3450,2006,6,2,39.68,16,비아동,152-5,12330,,,
호반,1998,3450,2006,6,2,39.68,13,비아동,152-5,12330,,,
호반,1998,3450,2006,6,2,39.68,1,비아동,152-5,12330,,,
호반,1998,3450,2006,6,2,39.68,9,비아동,152-5,12330,,,
호반,1998,5000,2006,6,2,59.88,10,비아동,152-5,12330,,,
호반2차,1997,5350,2006,6,2,59.82,2,월계동,763-6,12330,,,
호반2차,1997,5350,2006,6,2,59.82,4,월계동,763-6,12330,,,
호반리젠시빌1차,2001,11300,2006,6,2,84.0624,3,신가동,1019-2,12330,,,
호반리젠시빌1차,2001,11300,2006,6,2,84.0624,2,신가동,1019-2,12330,,,
호반리젠시빌1차,2001,11300,2006,6,2,84.0624,12,신가동,1019-2,12330,,,
호반리젠시빌1차,2001,11300,2006,6,2,84.0624,18,신가동,1019-2,12330,,,
신창5차호반베르디움,2005,15250,2006,6,3,84.9429,8,신창동,1111,12330,,,
"운남주공1,2단지",1997,5000,2006,6,3,49.69,11,운남동,776-1,12330,,,
운남주공3단지,1996,5800,2006,6,3,59.76,9,운남동,777-1,12330,,,
첨단라인1,1995,5450,2006,6,3,60,5,월계동,765-2,12330,,,
호반2차,1998,5200,2006,6,3,59.95,10,도산동,782,12330,,,
대덕무지개,1993,4200,2006,6,4,59.88,1,소촌동,69-3,12330,,,
라인2차,1997,4300,2006,6,4,59.9,1,소촌동,97-1,12330,,,
신창5차호반베르디움,2005,14500,2006,6,4,84.976,1,신창동,1111,12330,,,
금호타운,1991,7350,2006,6,5,74,7,월곡동,613-1,12330,,,
대화,1995,4800,2006,6,5,59.99,12,소촌동,440-1,12330,,,
리버힐,1992,5350,2006,6,5,49.86,8,우산동,1602-2,12330,,,
모아드림타운1차,2000,6547,2006,6,5,59.3556,4,소촌동,286-1,12330,,,
부영그린타운,2005,14700,2006,6,5,84.8512,9,산월동,885-3,12330,,,
부영그린타운,2005,14700,2006,6,5,84.8512,11,산월동,885-3,12330,,,
삼능,1996,8970,2006,6,5,78.02,2,월계동,759-2,12330,,,
온세계아이조움,2004,12000,2006,6,5,84.5844,2,송정동,223,12330,,,
운남주공5단지,1997,9500,2006,6,5,84.77,16,운남동,769-1,12330,,,
운남주공8단지,2000,4590,2006,6,5,49.55,15,운남동,781-1,12330,,,
운남주공8단지,2000,6393,2006,6,5,59.41,8,운남동,781-1,12330,,,
운남주공8단지,2000,6365,2006,6,5,59.41,17,운남동,781-1,12330,,,
운남주공8단지,2000,5950,2006,6,5,59.42,10,운남동,781-1,12330,,,
운남주공8단지,2000,4599,2006,6,5,49.34,6,운남동,781-1,12330,,,
운남주공8단지,2000,6375,2006,6,5,59.42,10,운남동,781-1,12330,,,
운남주공8단지,2000,6214,2006,6,5,59.41,23,운남동,781-1,12330,,,
운남주공8단지,2000,5950,2006,6,5,59.42,9,운남동,781-1,12330,,,
운남주공8단지,2000,6422,2006,6,5,59.41,11,운남동,781-1,12330,,,
운남주공8단지,2000,6365,2006,6,5,59.41,11,운남동,781-1,12330,,,
운남주공8단지,2000,6403,2006,6,5,59.42,14,운남동,781-1,12330,,,
운남주공8단지,2000,6053,2006,6,5,59.41,16,운남동,781-1,12330,,,
운남주공8단지,2000,6053,2006,6,5,59.41,7,운남동,781-1,12330,,,
운남주공8단지,2000,4566,2006,6,5,49.55,19,운남동,781-1,12330,,,
운남주공8단지,2000,5950,2006,6,5,59.42,16,운남동,781-1,12330,,,
운남주공8단지,2000,5950,2006,6,5,59.42,10,운남동,781-1,12330,,,
운남주공8단지,2000,6299,2006,6,5,59.42,9,운남동,781-1,12330,,,
운남주공8단지,2000,4590,2006,6,5,49.55,13,운남동,781-1,12330,,,
운남주공8단지,2000,6299,2006,6,5,59.42,13,운남동,781-1,12330,,,
운남주공8단지,2000,6356,2006,6,5,59.41,10,운남동,781-1,12330,,,
운남주공8단지,2000,6450,2006,6,5,59.42,11,운남동,781-1,12330,,,
운남주공8단지,2000,6129,2006,6,5,59.41,23,운남동,781-1,12330,,,
운남주공8단지,2000,6091,2006,6,5,59.42,20,운남동,781-1,12330,,,
운남주공8단지,2000,6224,2006,6,5,59.42,3,운남동,781-1,12330,,,
운남주공8단지,2000,6044,2006,6,5,59.42,13,운남동,781-1,12330,,,
운남주공8단지,2000,6044,2006,6,5,59.42,6,운남동,781-1,12330,,,
운남주공8단지,2000,6450,2006,6,5,59.42,6,운남동,781-1,12330,,,
운남주공8단지,2000,6374,2006,6,5,59.41,19,운남동,781-1,12330,,,
운남주공8단지,2000,6422,2006,6,5,59.41,6,운남동,781-1,12330,,,
운남주공8단지,2000,6261,2006,6,5,59.41,2,운남동,781-1,12330,,,
운남주공8단지,2000,6280,2006,6,5,59.41,20,운남동,781-1,12330,,,
운남주공8단지,2000,6412,2006,6,5,59.41,16,운남동,781-1,12330,,,
운남주공8단지,2000,6356,2006,6,5,59.41,9,운남동,781-1,12330,,,
운남주공8단지,2000,6393,2006,6,5,59.41,11,운남동,781-1,12330,,,
운남주공8단지,2000,4486,2006,6,5,49.55,10,운남동,781-1,12330,,,
운남주공8단지,2000,6375,2006,6,5,59.42,17,운남동,781-1,12330,,,
운남주공8단지,2000,6384,2006,6,5,59.41,17,운남동,781-1,12330,,,
운남주공8단지,2000,6412,2006,6,5,59.41,11,운남동,781-1,12330,,,
운남주공8단지,2000,6185,2006,6,5,59.42,4,운남동,781-1,12330,,,
운남주공8단지,2000,6233,2006,6,5,59.42,14,운남동,781-1,12330,,,
운남주공8단지,2000,6365,2006,6,5,59.41,14,운남동,781-1,12330,,,
운남주공8단지,2000,6233,2006,6,5,59.42,15,운남동,781-1,12330,,,
운남주공8단지,2000,6365,2006,6,5,59.41,12,운남동,781-1,12330,,,
운남주공8단지,2000,6346,2006,6,5,59.41,3,운남동,781-1,12330,,,
운남주공8단지,2000,4486,2006,6,5,49.55,16,운남동,781-1,12330,,,
운남주공8단지,2000,6393,2006,6,5,59.41,6,운남동,781-1,12330,,,
운남주공8단지,2000,6044,2006,6,5,59.42,8,운남동,781-1,12330,,,
운남주공8단지,2000,6233,2006,6,5,59.42,15,운남동,781-1,12330,,,
일신,1995,10650,2006,6,5,92.205,9,월계동,757-8,12330,,,
첨단금광,1997,12200,2006,6,5,92.115,9,월계동,757-7,12330,,,
한성2차,1991,4000,2006,6,5,49.98,2,월곡동,614-2,12330,,,
호반2차,1998,3500,2006,6,5,39.86,7,도산동,782,12330,,,
라인1,1997,5500,2006,6,6,59.82,8,송정동,425-2,12330,,,
송광파크맨션2차,1995,5200,2006,6,6,59.935,4,소촌동,455,12330,,,
온세계아이조움,2004,13400,2006,6,6,84.5844,10,송정동,223,12330,,,
한성1차,1988,4080,2006,6,6,49.32,4,월곡동,614-1,12330,,,
대화,1998,4900,2006,6,7,59.91,10,송정동,202,12330,,,
부영그린타운,2005,14700,2006,6,7,84.8512,6,산월동,885-3,12330,,,
삼능,1996,8900,2006,6,7,78.02,4,월계동,759-2,12330,,,
삼성,1996,6950,2006,6,7,59.91,8,운남동,387-22,12330,,,
신창5차호반베르디움,2005,14500,2006,6,7,84.976,1,신창동,1111,12330,,,
온세계아이조움,2004,12400,2006,6,7,84.5844,9,송정동,223,12330,,,
운남주공8단지,2000,6393,2006,6,7,59.41,7,운남동,781-1,12330,,,
운남주공8단지,2000,4415,2006,6,7,49.55,2,운남동,781-1,12330,,,
운남주공8단지,2000,4306,2006,6,7,51.94,1,운남동,781-1,12330,,,
운남주공8단지,2000,6403,2006,6,7,59.42,4,운남동,781-1,12330,,,
운남주공8단지,2000,6271,2006,6,7,59.42,7,운남동,781-1,12330,,,
운남주공8단지,2000,6233,2006,6,7,59.42,10,운남동,781-1,12330,,,
운남주공8단지,2000,6223,2006,6,7,59.41,2,운남동,781-1,12330,,,
운남주공8단지,2000,6365,2006,6,7,59.41,9,운남동,781-1,12330,,,
운남주공8단지,2000,6044,2006,6,7,59.42,12,운남동,781-1,12330,,,
운남주공8단지,2000,6233,2006,6,7,59.42,8,운남동,781-1,12330,,,
운남주공8단지,2000,5808,2006,6,7,59.42,1,운남동,781-1,12330,,,
운남주공8단지,2000,6393,2006,6,7,59.41,14,운남동,781-1,12330,,,
운남주공8단지,2000,6393,2006,6,7,59.41,9,운남동,781-1,12330,,,
운남주공8단지,2000,6271,2006,6,7,59.41,20,운남동,781-1,12330,,,
운남주공8단지,2000,5950,2006,6,7,59.42,14,운남동,781-1,12330,,,
운남주공8단지,2000,6393,2006,6,7,59.41,15,운남동,781-1,12330,,,
운남주공8단지,2000,6450,2006,6,7,59.42,12,운남동,781-1,12330,,,
운남주공8단지,2000,6251,2006,6,7,59.41,18,운남동,781-1,12330,,,
운남주공8단지,2000,6271,2006,6,7,59.41,7,운남동,781-1,12330,,,
운남주공8단지,2000,6223,2006,6,7,59.41,20,운남동,781-1,12330,,,
운남주공8단지,2000,4590,2006,6,7,49.55,12,운남동,781-1,12330,,,
운남주공8단지,2000,5950,2006,6,7,59.42,14,운남동,781-1,12330,,,
운남주공8단지,2000,6327,2006,6,7,59.42,3,운남동,781-1,12330,,,
운남주공8단지,2000,6375,2006,6,7,59.42,12,운남동,781-1,12330,,,
운남주공8단지,2000,6374,2006,6,7,59.41,3,운남동,781-1,12330,,,
중흥2,1998,7600,2006,6,7,71.345,2,신가동,302-25,12330,,,
하남주공(2단지),1991,3650,2006,6,7,44.52,7,우산동,1571-1,12330,,,
한성1차,1988,3580,2006,6,7,47.54,1,월곡동,614-1,12330,,,
호반2차,1997,6350,2006,6,7,59.82,2,월계동,763-6,12330,,,
호반2차,1998,5200,2006,6,7,59.95,3,도산동,782,12330,,,
호반2차,1998,5200,2006,6,7,59.95,8,도산동,782,12330,,,
호반2차,1998,5200,2006,6,7,59.95,1,도산동,782,12330,,,
호반2차,1998,5200,2006,6,7,59.95,9,도산동,782,12330,,,
호반2차,1998,5200,2006,6,7,59.95,8,도산동,782,12330,,,
호반2차,1998,5200,2006,6,7,59.95,7,도산동,782,12330,,,
호반2차,1998,5200,2006,6,7,59.95,8,도산동,782,12330,,,
금호타운,1991,7530,2006,6,8,74,9,월곡동,613-1,12330,,,
라인2차,1997,5200,2006,6,8,59.9,5,소촌동,97-1,12330,,,
벽산,1998,11450,2006,6,8,84.99,10,월계동,757-6,12330,,,
보라맨션,1991,4125,2006,6,8,59.19,5,송정동,815-8,12330,,,
부영그린타운,2005,14700,2006,6,8,84.8512,13,산월동,885-3,12330,,,
삼능,1996,8350,2006,6,8,78.02,5,월계동,759-2,12330,,,
삼성,1996,7330,2006,6,8,59.91,8,운남동,387-22,12330,,,
운남주공4단지,1996,5400,2006,6,8,58.14,15,운남동,771-1,12330,,,
운남주공8단지,2000,6271,2006,6,8,59.41,15,운남동,781-1,12330,,,
운남주공8단지,2000,6346,2006,6,8,59.41,17,운남동,781-1,12330,,,
운남주공8단지,2000,6327,2006,6,8,59.42,3,운남동,781-1,12330,,,
운남주공8단지,2000,6365,2006,6,8,59.41,13,운남동,781-1,12330,,,
운남주공8단지,2000,6337,2006,6,8,59.41,4,운남동,781-1,12330,,,
운남주공8단지,2000,6384,2006,6,8,59.41,18,운남동,781-1,12330,,,
운남주공8단지,2000,6384,2006,6,8,59.41,15,운남동,781-1,12330,,,
운남주공8단지,2000,6450,2006,6,8,59.42,9,운남동,781-1,12330,,,
운남주공8단지,2000,6412,2006,6,8,59.41,8,운남동,781-1,12330,,,
운남주공8단지,2000,6384,2006,6,8,59.41,11,운남동,781-1,12330,,,
운남주공8단지,2000,6374,2006,6,8,59.41,19,운남동,781-1,12330,,,
운남주공8단지,2000,5949,2006,6,8,59.42,1,운남동,781-1,12330,,,
운남주공8단지,2000,6327,2006,6,8,59.42,19,운남동,781-1,12330,,,
운남주공8단지,2000,6271,2006,6,8,59.42,6,운남동,781-1,12330,,,
운남주공8단지,2000,6393,2006,6,8,59.41,6,운남동,781-1,12330,,,
운남주공8단지,2000,6412,2006,6,8,59.41,21,운남동,781-1,12330,,,
운남주공8단지,2000,6365,2006,6,8,59.41,5,운남동,781-1,12330,,,
운남주공8단지,2000,6365,2006,6,8,59.41,13,운남동,781-1,12330,,,
운남주공8단지,2000,6271,2006,6,8,59.41,12,운남동,781-1,12330,,,
운남주공8단지,2000,6365,2006,6,8,59.41,17,운남동,781-1,12330,,,
운남주공8단지,2000,6365,2006,6,8,59.41,5,운남동,781-1,12330,,,
운남주공8단지,2000,6233,2006,6,8,59.42,13,운남동,781-1,12330,,,
일신,1992,7000,2006,6,8,84.51,4,월곡동,538-1,12330,,,
첨단두산1차,1996,6250,2006,6,8,59.997,4,월계동,764-4,12330,,,
첨단두산1차,1996,5650,2006,6,8,59.857,5,월계동,764-4,12330,,,
첨단라인1,1995,6730,2006,6,8,60,2,월계동,765-2,12330,,,
해광샹그릴라,2005,13490,2006,6,8,84.9106,9,신창동,855-9,12330,,,
호반2차,1998,5200,2006,6,8,59.95,9,도산동,782,12330,,,
금호,1996,9300,2006,6,9,92.39,1,월계동,756-5,12330,,,
기산,1996,6000,2006,6,9,66.27,1,월계동,758-8,12330,,,
대덕훼밀리,1994,5400,2006,6,9,59.88,5,산정동,933,12330,,,
동산아파트,1991,4550,2006,6,9,59.61,14,우산동,1572-5,12330,,,
부영그린타운,2005,14700,2006,6,9,84.8512,10,산월동,885-3,12330,,,
삼능,2003,13400,2006,6,9,84.986,6,신창동,1108-3,12330,,,
신창6차호반베르디움,2005,16300,2006,6,9,84.9429,15,신가동,1048,12330,,,
신창6차호반베르디움,2005,16300,2006,6,9,84.976,16,신가동,1048,12330,,,
신창6차호반베르디움,2005,16300,2006,6,9,84.976,16,신가동,1048,12330,,,
신창6차호반베르디움,2005,16300,2006,6,9,84.976,12,신가동,1048,12330,,,
운남주공8단지,2000,6271,2006,6,9,59.41,19,운남동,781-1,12330,,,
운남주공8단지,2000,6375,2006,6,9,59.42,14,운남동,781-1,12330,,,
운남주공8단지,2000,6309,2006,6,9,59.41,3,운남동,781-1,12330,,,
운남주공8단지,2000,6356,2006,6,9,59.41,18,운남동,781-1,12330,,,
운남주공8단지,2000,6374,2006,6,9,59.41,19,운남동,781-1,12330,,,
운남주공8단지,2000,6384,2006,6,9,59.41,16,운남동,781-1,12330,,,
운남주공8단지,2000,7450,2006,6,9,59.41,19,운남동,781-1,12330,,,
운남주공8단지,2000,6356,2006,6,9,59.41,16,운남동,781-1,12330,,,
운남주공8단지,2000,6422,2006,6,9,59.41,13,운남동,781-1,12330,,,
운남주공8단지,2000,4334,2006,6,9,51.94,1,운남동,781-1,12330,,,
운남주공8단지,2000,6422,2006,6,9,59.41,6,운남동,781-1,12330,,,
운남주공8단지,2000,6412,2006,6,9,59.41,16,운남동,781-1,12330,,,
운남주공8단지,2000,6384,2006,6,9,59.41,5,운남동,781-1,12330,,,
운남주공8단지,2000,6412,2006,6,9,59.41,15,운남동,781-1,12330,,,
운남주공8단지,2000,6308,2006,6,9,59.42,2,운남동,781-1,12330,,,
운남주공8단지,2000,6384,2006,6,9,59.41,10,운남동,781-1,12330,,,
운남주공8단지,2000,6271,2006,6,9,59.42,14,운남동,781-1,12330,,,
운남주공8단지,2000,6271,2006,6,9,59.42,6,운남동,781-1,12330,,,
운남주공8단지,2000,4599,2006,6,9,49.34,6,운남동,781-1,12330,,,
운남주공8단지,2000,6233,2006,6,9,59.42,8,운남동,781-1,12330,,,
운남주공8단지,2000,6053,2006,6,9,59.41,9,운남동,781-1,12330,,,
운남주공8단지,2000,6309,2006,6,9,59.41,4,운남동,781-1,12330,,,
운남주공8단지,2000,6271,2006,6,9,59.41,6,운남동,781-1,12330,,,
운남주공8단지,2000,6233,2006,6,9,59.42,14,운남동,781-1,12330,,,
운남주공8단지,2000,6365,2006,6,9,59.41,7,운남동,781-1,12330,,,
운남주공8단지,2000,6365,2006,6,9,59.41,8,운남동,781-1,12330,,,
운남주공8단지,2000,6044,2006,6,9,59.42,15,운남동,781-1,12330,,,
운남주공8단지,2000,6403,2006,6,9,59.41,7,운남동,781-1,12330,,,
운남주공8단지,2000,6375,2006,6,9,59.42,16,운남동,781-1,12330,,,
운남주공8단지,2000,6224,2006,6,9,59.41,3,운남동,781-1,12330,,,
운남주공8단지,2000,6356,2006,6,9,59.41,15,운남동,781-1,12330,,,
중흥1,1995,6630,2006,6,9,59.94,5,신창동,855-3,12330,,,
한성1차,1988,3850,2006,6,9,47.54,1,월곡동,614-1,12330,,,
호반2차,1998,5200,2006,6,9,59.95,8,도산동,782,12330,,,
남양,1998,8400,2006,6,10,76.14,19,운남동,387-24,12330,,,
모아,1997,5800,2006,6,10,59.52,6,송정동,593,12330,,,
부영그린타운,2005,14700,2006,6,10,84.8512,14,산월동,885-3,12330,,,
운남주공3단지,1996,5750,2006,6,10,59.76,14,운남동,777-1,12330,,,
운남주공4단지,1996,5700,2006,6,10,59.76,14,운남동,771-1,12330,,,
운남주공5단지,1997,10000,2006,6,10,84.77,9,운남동,769-1,12330,,,
첨단동부,1997,12950,2006,6,10,91.882,10,월계동,757-3,12330,,,
첨단라인7,1997,8300,2006,6,10,84.83,5,월계동,761-5,12330,,,
한성2차,1991,4900,2006,6,10,59.04,15,월곡동,614-2,12330,,,
첨단대우,1997,12400,2006,6,11,92.1,7,월계동,755-2,12330,,,
첨단라인1,1995,6470,2006,6,11,59.99,2,월계동,765-2,12330,,,
건영,1998,10500,2006,6,12,86.11,10,월계동,755-5,12330,,,
금강3차,2000,5870,2006,6,12,59.84,8,송정동,238,12330,,,
대화,1998,5150,2006,6,12,59.91,5,송정동,202,12330,,,
리버힐,1992,3500,2006,6,12,49.86,11,우산동,1602-2,12330,,,
무등파크맨션,1994,4700,2006,6,12,59.88,3,도산동,1138-1,12330,,,
부영그린타운,2005,14700,2006,6,12,84.8512,9,산월동,885-3,12330,,,
삼성,1996,5450,2006,6,12,49.54,2,운남동,387-22,12330,,,
서라,1995,6100,2006,6,12,59.93,2,월계동,764-2,12330,,,
서라1,1995,4950,2006,6,12,59.965,4,소촌동,610,12330,,,
신창5차호반베르디움,2005,15200,2006,6,12,84.9429,6,신창동,1111,12330,,,
우미,1997,4640,2006,6,12,60,11,도산동,1077-1,12330,,,
운남주공8단지,2000,6384,2006,6,12,59.41,14,운남동,781-1,12330,,,
운남주공8단지,2000,6412,2006,6,12,59.41,13,운남동,781-1,12330,,,
운남주공8단지,2000,6412,2006,6,12,59.41,9,운남동,781-1,12330,,,
운남주공8단지,2000,6403,2006,6,12,59.41,10,운남동,781-1,12330,,,
운남주공8단지,2000,5950,2006,6,12,59.42,5,운남동,781-1,12330,,,
운남주공8단지,2000,6412,2006,6,12,59.41,11,운남동,781-1,12330,,,
운남주공8단지,2000,6422,2006,6,12,59.41,15,운남동,781-1,12330,,,
운남주공8단지,2000,4599,2006,6,12,49.34,7,운남동,781-1,12330,,,
운남주공8단지,2000,6356,2006,6,12,59.41,12,운남동,781-1,12330,,,
운남주공8단지,2000,6356,2006,6,12,59.41,15,운남동,781-1,12330,,,
운남주공8단지,2000,4363,2006,6,12,49.55,9,운남동,781-1,12330,,,
운남주공8단지,2000,6327,2006,6,12,59.42,4,운남동,781-1,12330,,,
운남주공8단지,2000,6375,2006,6,12,59.42,13,운남동,781-1,12330,,,
운남주공8단지,2000,5949,2006,6,12,59.42,1,운남동,781-1,12330,,,
운남주공8단지,2000,6053,2006,6,12,59.41,9,운남동,781-1,12330,,,
운남주공8단지,2000,6375,2006,6,12,59.42,15,운남동,781-1,12330,,,
운남주공8단지,2000,6412,2006,6,12,59.41,13,운남동,781-1,12330,,,
운남주공8단지,2000,6403,2006,6,12,59.41,13,운남동,781-1,12330,,,
운남주공8단지,2000,6450,2006,6,12,59.42,12,운남동,781-1,12330,,,
운남주공8단지,2000,6393,2006,6,12,59.41,5,운남동,781-1,12330,,,
운남주공8단지,2000,6422,2006,6,12,59.41,14,운남동,781-1,12330,,,
운남주공8단지,2000,6412,2006,6,12,59.41,9,운남동,781-1,12330,,,
운남주공8단지,2000,6412,2006,6,12,59.41,17,운남동,781-1,12330,,,
운남주공8단지,2000,6412,2006,6,12,59.41,19,운남동,781-1,12330,,,
운남주공8단지,2000,6384,2006,6,12,59.41,8,운남동,781-1,12330,,,
운남주공8단지,2000,6356,2006,6,12,59.41,14,운남동,781-1,12330,,,
운남주공8단지,2000,6271,2006,6,12,59.42,18,운남동,781-1,12330,,,
운남주공8단지,2000,6129,2006,6,12,59.42,20,운남동,781-1,12330,,,
운남주공8단지,2000,5950,2006,6,12,59.42,12,운남동,781-1,12330,,,
운남주공8단지,2000,6350,2006,6,12,59.42,5,운남동,781-1,12330,,,
운남주공8단지,2000,6346,2006,6,12,59.41,4,운남동,781-1,12330,,,
운남주공8단지,2000,5950,2006,6,12,59.42,12,운남동,781-1,12330,,,
운남주공8단지,2000,6375,2006,6,12,59.42,11,운남동,781-1,12330,,,
운남주공8단지,2000,6053,2006,6,12,59.41,6,운남동,781-1,12330,,,
운남주공8단지,2000,6346,2006,6,12,59.41,17,운남동,781-1,12330,,,
운남주공8단지,2000,6365,2006,6,12,59.41,8,운남동,781-1,12330,,,
운남주공8단지,2000,6044,2006,6,12,59.42,14,운남동,781-1,12330,,,
운남주공8단지,2000,6375,2006,6,12,59.42,8,운남동,781-1,12330,,,
운남주공8단지,2000,6356,2006,6,12,59.41,10,운남동,781-1,12330,,,
중흥2,1998,8100,2006,6,12,71.345,10,신가동,302-25,12330,,,
첨단라인8,1997,6050,2006,6,12,59.9,1,월계동,763-2,12330,,,
호반1,1995,5050,2006,6,12,59.95,5,도산동,1136-1,12330,,,
호반2차,1998,4900,2006,6,12,59.95,1,도산동,782,12330,,,
호반리젠시빌1차,2001,11300,2006,6,12,84.0624,16,신가동,1019-2,12330,,,
호반리젠시빌3,2003,10400,2006,6,12,84.3979,2,산월동,884-2,12330,,,
가천,1997,4900,2006,6,13,59.88,1,운수동,65-50,12330,,,
가천,1997,4900,2006,6,13,59.88,9,운수동,65-50,12330,,,
가천,1997,4900,2006,6,13,59.88,4,운수동,65-50,12330,,,
금강3차,2000,5870,2006,6,13,59.84,1,송정동,238,12330,,,
금호타운,1991,9450,2006,6,13,84.72,8,월곡동,613-1,12330,,,
모아드림타운1차,2000,6220,2006,6,13,59.3556,5,소촌동,286-1,12330,,,
모아드림타운1차,2000,6220,2006,6,13,59.3556,6,소촌동,286-1,12330,,,
모아드림타운1차,2000,8950,2006,6,13,82.8908,9,소촌동,286-1,12330,,,
모아드림타운1차,2000,6220,2006,6,13,59.3556,5,소촌동,286-1,12330,,,
신창6차호반베르디움,2005,16300,2006,6,13,84.9429,14,신가동,1048,12330,,,
온세계아이조움,2004,12400,2006,6,13,84.5844,3,송정동,223,12330,,,
운남주공8단지,2000,6403,2006,6,13,59.42,14,운남동,781-1,12330,,,
운남주공8단지,2000,6356,2006,6,13,59.41,8,운남동,781-1,12330,,,
운남주공8단지,2000,6233,2006,6,13,59.42,15,운남동,781-1,12330,,,
운남주공8단지,2000,6356,2006,6,13,59.41,13,운남동,781-1,12330,,,
운남주공8단지,2000,6261,2006,6,13,59.41,15,운남동,781-1,12330,,,
운남주공8단지,2000,6337,2006,6,13,59.41,3,운남동,781-1,12330,,,
운남주공8단지,2000,6422,2006,6,13,59.41,11,운남동,781-1,12330,,,
운남주공8단지,2000,6412,2006,6,13,59.41,8,운남동,781-1,12330,,,
운남주공8단지,2000,6271,2006,6,13,59.42,8,운남동,781-1,12330,,,
운남주공8단지,2000,6375,2006,6,13,59.42,12,운남동,781-1,12330,,,
운남주공8단지,2000,5950,2006,6,13,59.42,16,운남동,781-1,12330,,,
운남주공8단지,2000,6006,2006,6,13,59.41,4,운남동,781-1,12330,,,
운남주공8단지,2000,6375,2006,6,13,59.42,13,운남동,781-1,12330,,,
운남주공8단지,2000,6375,2006,6,13,59.42,6,운남동,781-1,12330,,,
운남주공8단지,2000,6356,2006,6,13,59.41,9,운남동,781-1,12330,,,
운남주공8단지,2000,4590,2006,6,13,49.55,11,운남동,781-1,12330,,,
운남주공8단지,2000,6375,2006,6,13,59.42,18,운남동,781-1,12330,,,
운남주공8단지,2000,6129,2006,6,13,59.42,2,운남동,781-1,12330,,,
운남주공8단지,2000,6375,2006,6,13,59.42,16,운남동,781-1,12330,,,
운남주공8단지,2000,6271,2006,6,13,59.41,5,운남동,781-1,12330,,,
운남주공8단지,2000,6403,2006,6,13,59.41,10,운남동,781-1,12330,,,
운남주공8단지,2000,6422,2006,6,13,59.41,13,운남동,781-1,12330,,,
운남주공8단지,2000,6422,2006,6,13,59.41,17,운남동,781-1,12330,,,
운남주공8단지,2000,6403,2006,6,13,59.42,14,운남동,781-1,12330,,,
운남주공8단지,2000,6412,2006,6,13,59.41,15,운남동,781-1,12330,,,
운남주공8단지,2000,6233,2006,6,13,59.42,5,운남동,781-1,12330,,,
운남주공8단지,2000,6393,2006,6,13,59.41,7,운남동,781-1,12330,,,
운남주공8단지,2000,6271,2006,6,13,59.41,9,운남동,781-1,12330,,,
운남주공8단지,2000,6271,2006,6,13,59.41,9,운남동,781-1,12330,,,
운남주공8단지,2000,6044,2006,6,13,59.42,15,운남동,781-1,12330,,,
운남주공8단지,2000,6365,2006,6,13,59.41,7,운남동,781-1,12330,,,
호반2차,1998,5200,2006,6,13,59.95,3,도산동,782,12330,,,
호반2차,1998,5200,2006,6,13,59.95,8,도산동,782,12330,,,
호반2차,1998,5200,2006,6,13,59.95,3,도산동,782,12330,,,
호반청암빌라트,1993,4300,2006,6,13,59.79,9,도산동,840-1,12330,,,
EG스위트밸리3차,2004,13300,2006,6,14,84.439,16,소촌동,232-6,12330,,,
가천,1997,4900,2006,6,14,59.88,5,운수동,65-50,12330,,,
가천,1997,4900,2006,6,14,59.88,2,운수동,65-50,12330,,,
가천,1997,4900,2006,6,14,59.88,6,운수동,65-50,12330,,,
금강3차,2000,5650,2006,6,14,59.94,5,송정동,238,12330,,,
모아드림타운1차,2000,6220,2006,6,14,59.3556,4,소촌동,286-1,12330,,,
모아드림타운1차,2000,8950,2006,6,14,82.8908,10,소촌동,286-1,12330,,,
모아드림타운1차,2000,6100,2006,6,14,59.3556,10,소촌동,286-1,12330,,,
모아드림타운1차,2000,8950,2006,6,14,82.8908,7,소촌동,286-1,12330,,,
모아드림타운1차,2000,8950,2006,6,14,82.8908,3,소촌동,286-1,12330,,,
모아드림타운1차,2000,8950,2006,6,14,82.8908,3,소촌동,286-1,12330,,,
모아드림타운1차,2000,5900,2006,6,14,59.3556,1,소촌동,286-1,12330,,,
모아드림타운1차,2000,6220,2006,6,14,59.3556,5,소촌동,286-1,12330,,,
온세계아이조움,2004,12400,2006,6,14,84.5844,7,송정동,223,12330,,,
온세계아이조움,2004,12400,2006,6,14,84.5844,4,송정동,223,12330,,,
운남주공8단지,2000,6384,2006,6,14,59.41,6,운남동,781-1,12330,,,
운남주공8단지,2000,6356,2006,6,14,59.41,8,운남동,781-1,12330,,,
운남주공8단지,2000,6412,2006,6,14,59.41,6,운남동,781-1,12330,,,
운남주공8단지,2000,6053,2006,6,14,59.41,16,운남동,781-1,12330,,,
운남주공8단지,2000,6375,2006,6,14,59.42,9,운남동,781-1,12330,,,
운남주공8단지,2000,6309,2006,6,14,59.41,4,운남동,781-1,12330,,,
운남주공8단지,2000,6337,2006,6,14,59.41,19,운남동,781-1,12330,,,
운남주공8단지,2000,6025,2006,6,14,59.42,1,운남동,781-1,12330,,,
운남주공8단지,2000,6422,2006,6,14,59.41,12,운남동,781-1,12330,,,
운남주공8단지,2000,6412,2006,6,14,59.41,6,운남동,781-1,12330,,,
운남주공8단지,2000,6422,2006,6,14,59.41,8,운남동,781-1,12330,,,
운남주공8단지,2000,6384,2006,6,14,59.41,12,운남동,781-1,12330,,,
운남주공8단지,2000,6412,2006,6,14,59.41,5,운남동,781-1,12330,,,
운남주공8단지,2000,6422,2006,6,14,59.41,5,운남동,781-1,12330,,,
운남주공8단지,2000,6412,2006,6,14,59.41,15,운남동,781-1,12330,,,
운남주공8단지,2000,6365,2006,6,14,59.41,7,운남동,781-1,12330,,,
운남주공8단지,2000,6422,2006,6,14,59.41,16,운남동,781-1,12330,,,
운남주공8단지,2000,6365,2006,6,14,59.41,18,운남동,781-1,12330,,,
운남주공8단지,2000,6384,2006,6,14,59.41,6,운남동,781-1,12330,,,
운남주공8단지,2000,6403,2006,6,14,59.41,11,운남동,781-1,12330,,,
운남주공8단지,2000,6412,2006,6,14,59.41,17,운남동,781-1,12330,,,
운남주공8단지,2000,5950,2006,6,14,59.42,15,운남동,781-1,12330,,,
운남주공8단지,2000,6243,2006,6,14,59.41,2,운남동,781-1,12330,,,
운남주공8단지,2000,6403,2006,6,14,59.41,8,운남동,781-1,12330,,,
운남주공8단지,2000,6233,2006,6,14,59.42,9,운남동,781-1,12330,,,
운남주공8단지,2000,6224,2006,6,14,59.41,22,운남동,781-1,12330,,,
운남주공8단지,2000,6365,2006,6,14,59.41,16,운남동,781-1,12330,,,
운남주공8단지,2000,6365,2006,6,14,59.41,12,운남동,781-1,12330,,,
첨단라인5,1997,9550,2006,6,14,84.99,11,월계동,756-6,12330,,,
호반2차,1998,5200,2006,6,14,59.95,2,도산동,782,12330,,,
가천,1997,4900,2006,6,15,59.88,13,운수동,65-50,12330,,,
대덕1,1990,3000,2006,6,15,39.15,2,도산동,1138-2,12330,,,
라인1,1997,5200,2006,6,15,59.82,6,송정동,425-2,12330,,,
모아드림타운1차,2000,8950,2006,6,15,82.8908,5,소촌동,286-1,12330,,,
모아드림타운1차,2000,6220,2006,6,15,59.3556,4,소촌동,286-1,12330,,,
모아드림타운1차,2000,6220,2006,6,15,59.3556,7,소촌동,286-1,12330,,,
모아드림타운1차,2000,8950,2006,6,15,82.8908,5,소촌동,286-1,12330,,,
모아드림타운1차,2000,8950,2006,6,15,82.8908,4,소촌동,286-1,12330,,,
모아드림타운1차,2000,5900,2006,6,15,59.3556,1,소촌동,286-1,12330,,,
모아드림타운1차,2000,6220,2006,6,15,59.3556,8,소촌동,286-1,12330,,,
모아드림타운1차,2000,6220,2006,6,15,59.3556,7,소촌동,286-1,12330,,,
모아드림타운1차,2000,6220,2006,6,15,59.3556,6,소촌동,286-1,12330,,,
모아드림타운1차,2000,6220,2006,6,15,59.3556,3,소촌동,286-1,12330,,,
모아드림타운1차,2000,6220,2006,6,15,59.3556,5,소촌동,286-1,12330,,,
모아드림타운1차,2000,8950,2006,6,15,82.8908,4,소촌동,286-1,12330,,,
모아드림타운1차,2000,8950,2006,6,15,82.8908,9,소촌동,286-1,12330,,,
모아드림타운1차,2000,6220,2006,6,15,59.3556,6,소촌동,286-1,12330,,,
모아드림타운1차,2000,6220,2006,6,15,59.3556,8,소촌동,286-1,12330,,,
모아드림타운1차,2000,6220,2006,6,15,59.3556,4,소촌동,286-1,12330,,,
신창5차호반베르디움,2005,15500,2006,6,15,84.6799,3,신창동,1111,12330,,,
운남주공3단지,1996,4800,2006,6,15,59.76,1,운남동,777-1,12330,,,
운남주공8단지,2000,5950,2006,6,15,59.42,5,운남동,781-1,12330,,,
운남주공8단지,2000,6393,2006,6,15,59.41,5,운남동,781-1,12330,,,
운남주공8단지,2000,6375,2006,6,15,59.42,5,운남동,781-1,12330,,,
운남주공8단지,2000,6271,2006,6,15,59.41,7,운남동,781-1,12330,,,
운남주공8단지,2000,6412,2006,6,15,59.41,7,운남동,781-1,12330,,,
운남주공8단지,2000,6053,2006,6,15,59.41,7,운남동,781-1,12330,,,
운남주공8단지,2000,6375,2006,6,15,59.42,13,운남동,781-1,12330,,,
운남주공8단지,2000,6233,2006,6,15,59.42,20,운남동,781-1,12330,,,
운남주공8단지,2000,6299,2006,6,15,59.42,18,운남동,781-1,12330,,,
운남주공8단지,2000,6053,2006,6,15,59.41,8,운남동,781-1,12330,,,
운남주공8단지,2000,6356,2006,6,15,59.41,14,운남동,781-1,12330,,,
운남주공8단지,2000,6737,2006,6,15,59.41,3,운남동,781-1,12330,,,
운남주공8단지,2000,4481,2006,6,15,49.55,19,운남동,781-1,12330,,,
운남주공8단지,2000,6412,2006,6,15,59.41,10,운남동,781-1,12330,,,
운남주공8단지,2000,6450,2006,6,15,59.42,8,운남동,781-1,12330,,,
운남주공8단지,2000,6412,2006,6,15,59.41,10,운남동,781-1,12330,,,
운남주공8단지,2000,6044,2006,6,15,59.42,12,운남동,781-1,12330,,,
운남주공8단지,2000,6384,2006,6,15,59.41,13,운남동,781-1,12330,,,
운남주공8단지,2000,6384,2006,6,15,59.41,11,운남동,781-1,12330,,,
운남주공8단지,2000,6271,2006,6,15,59.41,5,운남동,781-1,12330,,,
운남주공8단지,2000,6356,2006,6,15,59.41,12,운남동,781-1,12330,,,
운남주공8단지,2000,5903,2006,6,15,59.42,17,운남동,781-1,12330,,,
운남주공8단지,2000,6337,2006,6,15,59.41,19,운남동,781-1,12330,,,
운남주공8단지,2000,6365,2006,6,15,59.41,12,운남동,781-1,12330,,,
운남주공8단지,2000,6393,2006,6,15,59.41,10,운남동,781-1,12330,,,
운남주공8단지,2000,5902,2006,6,15,59.42,18,운남동,781-1,12330,,,
운남주공8단지,2000,6224,2006,6,15,59.41,4,운남동,781-1,12330,,,
운남주공8단지,2000,6233,2006,6,15,59.42,6,운남동,781-1,12330,,,
일신,1995,9800,2006,6,15,92.205,5,월계동,757-8,12330,,,
중흥1차,1995,4852,2006,6,15,59.94,15,도천동,627-1,12330,,,
중흥2,1998,6000,2006,6,15,59.955,6,신가동,302-25,12330,,,
첨단두산2,1996,6250,2006,6,15,59.997,3,월계동,765-8,12330,,,
첨단라인1,1995,6500,2006,6,15,60,3,월계동,765-2,12330,,,
첨단라인1,1995,6650,2006,6,15,60,2,월계동,765-2,12330,,,
하남주공(2단지),1991,3500,2006,6,15,44.52,4,우산동,1571-1,12330,,,
해광샹그릴라,2005,13490,2006,6,15,84.9106,13,신창동,855-9,12330,,,
호반,1998,5000,2006,6,15,59.88,3,비아동,152-5,12330,,,
호반,1998,5000,2006,6,15,59.88,10,비아동,152-5,12330,,,
호반,1998,4850,2006,6,15,59.88,1,비아동,152-5,12330,,,
호반,1998,3450,2006,6,15,39.68,4,비아동,152-5,12330,,,
호반,1998,3450,2006,6,15,39.68,6,비아동,152-5,12330,,,
호반,1998,3450,2006,6,15,39.68,7,비아동,152-5,12330,,,
호반,1998,3300,2006,6,15,37.83,14,비아동,152-5,12330,,,
호반,1998,3300,2006,6,15,37.83,5,비아동,152-5,12330,,,
호반,1998,3300,2006,6,15,37.83,20,비아동,152-5,12330,,,
호반,1998,3300,2006,6,15,37.83,20,비아동,152-5,12330,,,
호반,1998,3300,2006,6,15,37.83,14,비아동,152-5,12330,,,
호반,1998,3300,2006,6,15,37.83,18,비아동,152-5,12330,,,
호반,1998,3300,2006,6,15,37.83,5,비아동,152-5,12330,,,
호반2차,1997,5350,2006,6,15,59.82,4,월계동,763-6,12330,,,
호반2차,1998,5200,2006,6,15,59.95,3,도산동,782,12330,,,
호반2차,1997,5250,2006,6,15,59.82,4,월계동,763-6,12330,,,
호반2차,1997,4980,2006,6,15,59.82,5,월계동,763-6,12330,,,
호반2차,1997,5050,2006,6,15,59.82,1,월계동,763-6,12330,,,
호반2차,1997,4980,2006,6,15,59.82,5,월계동,763-6,12330,,,
호반2차,1997,4980,2006,6,15,59.82,5,월계동,763-6,12330,,,
호반2차,1997,5050,2006,6,15,59.82,1,월계동,763-6,12330,,,
호반2차,1997,4980,2006,6,15,59.82,5,월계동,763-6,12330,,,
호반2차,1997,4980,2006,6,15,59.82,5,월계동,763-6,12330,,,
남양,1998,8400,2006,6,16,76.14,18,운남동,387-24,12330,,,
대덕9,1995,3750,2006,6,16,50.895,3,송정동,230-8,12330,,,
모아드림타운1차,2000,8800,2006,6,16,82.8908,2,소촌동,286-1,12330,,,
모아드림타운1차,2000,6220,2006,6,16,59.3556,5,소촌동,286-1,12330,,,
모아드림타운1차,2000,8950,2006,6,16,82.8908,4,소촌동,286-1,12330,,,
모아드림타운1차,2000,3800,2006,6,16,36.3544,5,소촌동,286-1,12330,,,
모아드림타운1차,2000,8950,2006,6,16,82.8908,9,소촌동,286-1,12330,,,
모아드림타운1차,2000,8950,2006,6,16,82.8908,9,소촌동,286-1,12330,,,
모아드림타운1차,2000,8950,2006,6,16,82.8908,9,소촌동,286-1,12330,,,
모아드림타운1차,2000,8950,2006,6,16,82.8908,6,소촌동,286-1,12330,,,
모아드림타운1차,2000,8950,2006,6,16,82.8908,4,소촌동,286-1,12330,,,
모아드림타운1차,2000,8800,2006,6,16,82.8908,2,소촌동,286-1,12330,,,
모아드림타운1차,2000,8950,2006,6,16,82.8908,8,소촌동,286-1,12330,,,
모아드림타운1차,2000,6220,2006,6,16,59.3556,5,소촌동,286-1,12330,,,
모아드림타운1차,2000,8950,2006,6,16,82.8908,3,소촌동,286-1,12330,,,
모아드림타운1차,2000,6220,2006,6,16,59.3556,6,소촌동,286-1,12330,,,
모아드림타운1차,2000,8950,2006,6,16,82.8908,4,소촌동,286-1,12330,,,
모아드림타운1차,2000,8950,2006,6,16,82.8908,4,소촌동,286-1,12330,,,
모아드림타운1차,2000,8801,2006,6,16,82.8908,2,소촌동,286-1,12330,,,
모아드림타운1차,2000,6220,2006,6,16,59.3556,8,소촌동,286-1,12330,,,
모아드림타운1차,2000,6220,2006,6,16,59.3556,7,소촌동,286-1,12330,,,
모아드림타운1차,2000,6220,2006,6,16,59.3556,4,소촌동,286-1,12330,,,
모아드림타운1차,2000,6220,2006,6,16,59.3556,7,소촌동,286-1,12330,,,
부영그린타운,2005,14700,2006,6,16,84.8512,8,산월동,885-3,12330,,,
서경,1998,4500,2006,6,16,59.79,5,도산동,1081,12330,,,
신창5차호반베르디움,2005,15200,2006,6,16,84.976,3,신창동,1111,12330,,,
"운남주공1,2단지",1997,4500,2006,6,16,49.69,4,운남동,776-1,12330,,,
운남주공8단지,2000,6233,2006,6,16,59.42,18,운남동,781-1,12330,,,
운남주공8단지,2000,6185,2006,6,16,59.42,4,운남동,781-1,12330,,,
운남주공8단지,2000,6412,2006,6,16,59.41,12,운남동,781-1,12330,,,
운남주공8단지,2000,4599,2006,6,16,49.34,12,운남동,781-1,12330,,,
운남주공8단지,2000,6365,2006,6,16,59.41,9,운남동,781-1,12330,,,
운남주공8단지,2000,6309,2006,6,16,59.41,4,운남동,781-1,12330,,,
운남주공8단지,2000,6356,2006,6,16,59.41,20,운남동,781-1,12330,,,
운남주공8단지,2000,6422,2006,6,16,59.41,7,운남동,781-1,12330,,,
운남주공8단지,2000,6403,2006,6,16,59.41,12,운남동,781-1,12330,,,
운남주공8단지,2000,6271,2006,6,16,59.41,8,운남동,781-1,12330,,,
운남주공8단지,2000,6375,2006,6,16,59.42,10,운남동,781-1,12330,,,
운남주공8단지,2000,5950,2006,6,16,59.42,14,운남동,781-1,12330,,,
운남주공8단지,2000,5950,2006,6,16,59.42,12,운남동,781-1,12330,,,
운남주공8단지,2000,6356,2006,6,16,59.41,14,운남동,781-1,12330,,,
운남주공8단지,2000,6006,2006,6,16,59.41,17,운남동,781-1,12330,,,
운남주공8단지,2000,6053,2006,6,16,59.41,5,운남동,781-1,12330,,,
운남주공8단지,2000,5950,2006,6,16,59.42,9,운남동,781-1,12330,,,
운남주공8단지,2000,6356,2006,6,16,59.41,16,운남동,781-1,12330,,,
운남주공8단지,2000,6053,2006,6,16,59.41,14,운남동,781-1,12330,,,
운남주공8단지,2000,6365,2006,6,16,59.41,16,운남동,781-1,12330,,,
운남주공8단지,2000,6271,2006,6,16,59.41,14,운남동,781-1,12330,,,
운남주공8단지,2000,6271,2006,6,16,59.41,13,운남동,781-1,12330,,,
운남주공8단지,2000,6393,2006,6,16,59.41,11,운남동,781-1,12330,,,
운남주공8단지,2000,5997,2006,6,16,59.42,3,운남동,781-1,12330,,,
운남주공8단지,2000,6044,2006,6,16,59.42,9,운남동,781-1,12330,,,
운남주공8단지,2000,6375,2006,6,16,59.42,6,운남동,781-1,12330,,,
운남주공8단지,2000,6393,2006,6,16,59.41,12,운남동,781-1,12330,,,
운남주공8단지,2000,6233,2006,6,16,59.42,9,운남동,781-1,12330,,,
운남주공8단지,2000,6422,2006,6,16,59.41,12,운남동,781-1,12330,,,
운남주공8단지,2000,6271,2006,6,16,59.42,13,운남동,781-1,12330,,,
운남주공8단지,2000,6422,2006,6,16,59.41,5,운남동,781-1,12330,,,
운남주공8단지,2000,6422,2006,6,16,59.41,9,운남동,781-1,12330,,,
운남주공8단지,2000,6384,2006,6,16,59.41,18,운남동,781-1,12330,,,
운남주공8단지,2000,6403,2006,6,16,59.41,13,운남동,781-1,12330,,,
운남주공8단지,2000,6356,2006,6,16,59.41,4,운남동,781-1,12330,,,
운남주공8단지,2000,6422,2006,6,16,59.41,14,운남동,781-1,12330,,,
운남주공8단지,2000,6422,2006,6,16,59.41,17,운남동,781-1,12330,,,
중흥1차,1995,4914,2006,6,16,59.94,14,도천동,627-1,12330,,,
첨단남양파크,1996,6270,2006,6,16,59.82,1,월계동,765-6,12330,,,
첨단동아,1997,8750,2006,6,16,77.81,1,월계동,758-3,12330,,,
첨단라인1,1995,5830,2006,6,16,60,5,월계동,765-2,12330,,,
호반,1998,3450,2006,6,16,39.68,7,비아동,152-5,12330,,,
호반,1998,3450,2006,6,16,39.68,2,비아동,152-5,12330,,,
호반,1998,3300,2006,6,16,37.83,13,비아동,152-5,12330,,,
호반,1998,3300,2006,6,16,37.83,5,비아동,152-5,12330,,,
호반,1998,5000,2006,6,16,59.88,6,비아동,152-5,12330,,,
호반,1998,3450,2006,6,16,39.68,2,비아동,152-5,12330,,,
호반,1998,3300,2006,6,16,37.83,5,비아동,152-5,12330,,,
호반,1998,3300,2006,6,16,37.83,19,비아동,152-5,12330,,,
호반,1998,3450,2006,6,16,39.68,19,비아동,152-5,12330,,,
호반,1998,3450,2006,6,16,39.68,19,비아동,152-5,12330,,,
호반,1998,3450,2006,6,16,39.68,18,비아동,152-5,12330,,,
호반,1998,3450,2006,6,16,39.68,18,비아동,152-5,12330,,,
호반,1998,3450,2006,6,16,39.68,17,비아동,152-5,12330,,,
호반,1998,3450,2006,6,16,39.68,14,비아동,152-5,12330,,,
호반,1998,3450,2006,6,16,39.68,13,비아동,152-5,12330,,,
호반,1998,3450,2006,6,16,39.68,13,비아동,152-5,12330,,,
호반,1998,3450,2006,6,16,39.68,12,비아동,152-5,12330,,,
호반,1998,3450,2006,6,16,39.68,11,비아동,152-5,12330,,,
호반,1998,3450,2006,6,16,39.68,10,비아동,152-5,12330,,,
호반,1998,3450,2006,6,16,39.68,10,비아동,152-5,12330,,,
호반,1998,3450,2006,6,16,39.68,9,비아동,152-5,12330,,,
호반,1998,3450,2006,6,16,39.68,9,비아동,152-5,12330,,,
호반,1998,3450,2006,6,16,39.68,8,비아동,152-5,12330,,,
호반,1998,3450,2006,6,16,39.68,7,비아동,152-5,12330,,,
호반,1998,3450,2006,6,16,39.68,7,비아동,152-5,12330,,,
호반,1998,3450,2006,6,16,39.68,6,비아동,152-5,12330,,,
호반,1998,3450,2006,6,16,39.68,3,비아동,152-5,12330,,,
호반,1998,3450,2006,6,16,39.68,3,비아동,152-5,12330,,,
호반,1998,3450,2006,6,16,39.68,2,비아동,152-5,12330,,,
호반,1998,3450,2006,6,16,39.68,2,비아동,152-5,12330,,,
호반,1998,3450,2006,6,16,39.68,2,비아동,152-5,12330,,,
호반,1998,3450,2006,6,16,39.68,2,비아동,152-5,12330,,,
호반,1998,3450,2006,6,16,39.68,1,비아동,152-5,12330,,,
호반,1998,3300,2006,6,16,37.83,19,비아동,152-5,12330,,,
호반,1998,3300,2006,6,16,37.83,19,비아동,152-5,12330,,,
호반,1998,3300,2006,6,16,37.83,16,비아동,152-5,12330,,,
호반,1998,3300,2006,6,16,37.83,9,비아동,152-5,12330,,,
호반,1998,3300,2006,6,16,37.83,6,비아동,152-5,12330,,,
호반,1998,3300,2006,6,16,37.83,19,비아동,152-5,12330,,,
호반,1998,3300,2006,6,16,37.83,18,비아동,152-5,12330,,,
호반,1998,3300,2006,6,16,37.83,17,비아동,152-5,12330,,,
호반,1998,3300,2006,6,16,37.83,17,비아동,152-5,12330,,,
호반,1998,3300,2006,6,16,37.83,16,비아동,152-5,12330,,,
호반,1998,3300,2006,6,16,37.83,15,비아동,152-5,12330,,,
호반,1998,3300,2006,6,16,37.83,15,비아동,152-5,12330,,,
호반,1998,3300,2006,6,16,37.83,15,비아동,152-5,12330,,,
호반,1998,3300,2006,6,16,37.83,15,비아동,152-5,12330,,,
호반,1998,3300,2006,6,16,37.83,14,비아동,152-5,12330,,,
호반,1998,3300,2006,6,16,37.83,13,비아동,152-5,12330,,,
호반,1998,3300,2006,6,16,37.83,12,비아동,152-5,12330,,,
호반,1998,3300,2006,6,16,37.83,12,비아동,152-5,12330,,,
호반,1998,3300,2006,6,16,37.83,11,비아동,152-5,12330,,,
호반,1998,3300,2006,6,16,37.83,10,비아동,152-5,12330,,,
호반,1998,3300,2006,6,16,37.83,8,비아동,152-5,12330,,,
호반,1998,3300,2006,6,16,37.83,8,비아동,152-5,12330,,,
호반,1998,3300,2006,6,16,37.83,6,비아동,152-5,12330,,,
호반,1998,3300,2006,6,16,37.83,6,비아동,152-5,12330,,,
호반,1998,3300,2006,6,16,37.83,4,비아동,152-5,12330,,,
호반,1998,3300,2006,6,16,37.83,3,비아동,152-5,12330,,,
호반,1998,3300,2006,6,16,37.83,3,비아동,152-5,12330,,,
호반,1998,3300,2006,6,16,37.83,2,비아동,152-5,12330,,,
호반,1998,3300,2006,6,16,37.83,1,비아동,152-5,12330,,,
호반,1998,3300,2006,6,16,37.83,1,비아동,152-5,12330,,,
호반,1998,5000,2006,6,16,59.88,11,비아동,152-5,12330,,,
호반,1998,5000,2006,6,16,59.88,1,비아동,152-5,12330,,,
호반,1998,5000,2006,6,16,59.88,1,비아동,152-5,12330,,,
호반,1998,5000,2006,6,16,59.88,8,비아동,152-5,12330,,,
호반2차,1997,5700,2006,6,16,59.82,2,월계동,763-6,12330,,,
금호,1996,11350,2006,6,17,92.39,11,월계동,756-5,12330,,,
금호타운,1991,8350,2006,6,17,84.72,15,월곡동,613-1,12330,,,
온세계아이조움,2004,11800,2006,6,17,84.5844,1,송정동,223,12330,,,
일신,1992,7480,2006,6,17,84.51,2,월곡동,538-1,12330,,,
성원,1997,11450,2006,6,18,93.18,7,월계동,755-4,12330,,,
온세계아이조움,2004,12400,2006,6,18,84.5844,4,송정동,223,12330,,,
온세계아이조움,2004,12400,2006,6,18,84.5844,4,송정동,223,12330,,,
해광샹그릴라,2005,13490,2006,6,18,84.9106,11,신창동,855-9,12330,,,
금호타운,1991,7000,2006,6,19,74,2,월곡동,613-1,12330,,,
동산아파트,1991,4700,2006,6,19,59.61,11,우산동,1572-5,12330,,,
리버힐,1992,4000,2006,6,19,49.86,12,우산동,1602-2,12330,,,
모아드림타운1차,2000,6100,2006,6,19,59.3556,11,소촌동,286-1,12330,,,
모아드림타운1차,2000,6220,2006,6,19,59.3556,7,소촌동,286-1,12330,,,
모아드림타운1차,2000,8800,2006,6,19,82.8908,10,소촌동,286-1,12330,,,
모아드림타운1차,2000,8950,2006,6,19,82.8908,8,소촌동,286-1,12330,,,
모아드림타운1차,2000,6220,2006,6,19,59.3556,9,소촌동,286-1,12330,,,
모아드림타운1차,2000,6220,2006,6,19,59.3556,7,소촌동,286-1,12330,,,
모아드림타운1차,2000,6220,2006,6,19,59.3556,3,소촌동,286-1,12330,,,
모아드림타운1차,2000,5900,2006,6,19,59.3556,1,소촌동,286-1,12330,,,
모아드림타운1차,2000,6220,2006,6,19,59.3556,10,소촌동,286-1,12330,,,
모아드림타운1차,2000,6220,2006,6,19,59.3556,7,소촌동,286-1,12330,,,
모아드림타운1차,2000,8950,2006,6,19,82.8908,7,소촌동,286-1,12330,,,
모아드림타운1차,2000,8950,2006,6,19,82.8908,10,소촌동,286-1,12330,,,
모아드림타운1차,2000,8950,2006,6,19,82.8908,9,소촌동,286-1,12330,,,
모아드림타운1차,2000,8950,2006,6,19,82.8908,8,소촌동,286-1,12330,,,
모아드림타운1차,2000,8950,2006,6,19,82.8908,6,소촌동,286-1,12330,,,
모아드림타운1차,2000,8950,2006,6,19,82.8908,6,소촌동,286-1,12330,,,
모아드림타운1차,2000,8950,2006,6,19,82.8908,5,소촌동,286-1,12330,,,
모아드림타운1차,2000,8800,2006,6,19,82.8908,2,소촌동,286-1,12330,,,
모아드림타운1차,2000,8950,2006,6,19,82.8908,5,소촌동,286-1,12330,,,
모아드림타운1차,2000,8950,2006,6,19,82.8908,4,소촌동,286-1,12330,,,
모아드림타운1차,2000,8950,2006,6,19,82.8908,3,소촌동,286-1,12330,,,
모아드림타운1차,2000,6220,2006,6,19,59.3556,9,소촌동,286-1,12330,,,
모아드림타운1차,2000,6220,2006,6,19,59.3556,5,소촌동,286-1,12330,,,
모아드림타운1차,2000,6220,2006,6,19,59.3556,5,소촌동,286-1,12330,,,
모아드림타운1차,2000,6220,2006,6,19,59.3556,6,소촌동,286-1,12330,,,
서라,1995,6200,2006,6,19,59.97,3,월계동,764-2,12330,,,
온세계아이조움,2004,12400,2006,6,19,84.5844,6,송정동,223,12330,,,
온세계아이조움,2004,12400,2006,6,19,84.5844,3,송정동,223,12330,,,
운남주공5단지,1997,8300,2006,6,19,84.77,20,운남동,769-1,12330,,,
운남주공8단지,2000,6365,2006,6,19,59.41,16,운남동,781-1,12330,,,
운남주공8단지,2000,6185,2006,6,19,59.42,19,운남동,781-1,12330,,,
운남주공8단지,2000,6375,2006,6,19,59.42,5,운남동,781-1,12330,,,
운남주공8단지,2000,6450,2006,6,19,59.42,6,운남동,781-1,12330,,,
운남주공8단지,2000,6365,2006,6,19,59.41,22,운남동,781-1,12330,,,
운남주공8단지,2000,6393,2006,6,19,59.41,16,운남동,781-1,12330,,,
운남주공8단지,2000,6157,2006,6,19,59.42,20,운남동,781-1,12330,,,
운남주공8단지,2000,6053,2006,6,19,59.41,8,운남동,781-1,12330,,,
운남주공8단지,2000,6271,2006,6,19,59.41,18,운남동,781-1,12330,,,
운남주공8단지,2000,6384,2006,6,19,59.41,11,운남동,781-1,12330,,,
운남주공8단지,2000,6403,2006,6,19,59.41,5,운남동,781-1,12330,,,
운남주공8단지,2000,6403,2006,6,19,59.41,9,운남동,781-1,12330,,,
운남주공8단지,2000,6271,2006,6,19,59.42,10,운남동,781-1,12330,,,
운남주공8단지,2000,6412,2006,6,19,59.41,19,운남동,781-1,12330,,,
운남주공8단지,2000,6214,2006,6,19,59.41,23,운남동,781-1,12330,,,
운남주공8단지,2000,6365,2006,6,19,59.41,9,운남동,781-1,12330,,,
운남주공8단지,2000,6346,2006,6,19,59.41,4,운남동,781-1,12330,,,
운남주공8단지,2000,6233,2006,6,19,59.42,6,운남동,781-1,12330,,,
운남주공8단지,2000,6318,2006,6,19,59.41,4,운남동,781-1,12330,,,
운남주공8단지,2000,6053,2006,6,19,59.41,8,운남동,781-1,12330,,,
운남주공8단지,2000,6053,2006,6,19,59.41,13,운남동,781-1,12330,,,
운남주공8단지,2000,5950,2006,6,19,59.42,6,운남동,781-1,12330,,,
운남주공8단지,2000,4590,2006,6,19,49.55,8,운남동,781-1,12330,,,
운남주공8단지,2000,6271,2006,6,19,59.41,15,운남동,781-1,12330,,,
운남주공8단지,2000,6271,2006,6,19,59.41,19,운남동,781-1,12330,,,
운남주공8단지,2000,6346,2006,6,19,59.41,3,운남동,781-1,12330,,,
운남주공8단지,2000,6271,2006,6,19,59.41,19,운남동,781-1,12330,,,
운남주공8단지,2000,6375,2006,6,19,59.42,9,운남동,781-1,12330,,,
운남주공8단지,2000,6053,2006,6,19,59.41,15,운남동,781-1,12330,,,
운남주공8단지,2000,6412,2006,6,19,59.41,21,운남동,781-1,12330,,,
운남주공8단지,2000,6384,2006,6,19,59.41,12,운남동,781-1,12330,,,
운남주공8단지,2000,5950,2006,6,19,59.42,9,운남동,781-1,12330,,,
운남주공8단지,2000,6261,2006,6,19,59.41,2,운남동,781-1,12330,,,
중흥2차,1995,4807,2006,6,19,59.76,14,도천동,628-1,12330,,,
첨단라인1,1995,5920,2006,6,19,60,1,월계동,765-2,12330,,,
하남주공(2단지),1991,3400,2006,6,19,44.52,13,우산동,1571-1,12330,,,
호반,1998,3500,2006,6,19,39.68,5,비아동,152-5,12330,,,
호반,1998,3300,2006,6,19,37.83,1,비아동,152-5,12330,,,
호반,1998,3350,2006,6,19,37.83,17,비아동,152-5,12330,,,
호반,1998,3500,2006,6,19,39.68,18,비아동,152-5,12330,,,
호반,1998,3500,2006,6,19,39.68,2,비아동,152-5,12330,,,
호반,1998,3480,2006,6,19,39.68,16,비아동,152-5,12330,,,
호반,1998,3500,2006,6,19,39.68,10,비아동,152-5,12330,,,
호반,1998,3500,2006,6,19,39.68,4,비아동,152-5,12330,,,
호반2차,1997,5250,2006,6,19,59.82,1,월계동,763-6,12330,,,
호반2차,1997,5350,2006,6,19,59.82,4,월계동,763-6,12330,,,
대덕9,1995,4100,2006,6,20,50.895,10,송정동,230-8,12330,,,
명지2차,2005,12850,2006,6,20,84.8858,3,송정동,448-1,12330,,,
모아드림타운1차,2000,6100,2006,6,20,59.3556,10,소촌동,286-1,12330,,,
모아드림타운1차,2000,6220,2006,6,20,59.3556,10,소촌동,286-1,12330,,,
모아드림타운1차,2000,6220,2006,6,20,59.3556,10,소촌동,286-1,12330,,,
모아드림타운1차,2000,6220,2006,6,20,59.3556,9,소촌동,286-1,12330,,,
모아드림타운1차,2000,8950,2006,6,20,82.8908,4,소촌동,286-1,12330,,,
모아드림타운1차,2000,8950,2006,6,20,82.8908,6,소촌동,286-1,12330,,,
모아드림타운1차,2000,8950,2006,6,20,82.8908,6,소촌동,286-1,12330,,,
모아드림타운1차,2000,8950,2006,6,20,82.8908,9,소촌동,286-1,12330,,,
모아드림타운1차,2000,8950,2006,6,20,82.8908,8,소촌동,286-1,12330,,,
모아드림타운1차,2000,8950,2006,6,20,82.8908,6,소촌동,286-1,12330,,,
모아드림타운1차,2000,8950,2006,6,20,82.8908,3,소촌동,286-1,12330,,,
모아드림타운1차,2000,8950,2006,6,20,82.8908,5,소촌동,286-1,12330,,,
모아드림타운1차,2000,8950,2006,6,20,82.8908,3,소촌동,286-1,12330,,,
모아드림타운1차,2000,6220,2006,6,20,59.3556,9,소촌동,286-1,12330,,,
모아드림타운1차,2000,6220,2006,6,20,59.3556,6,소촌동,286-1,12330,,,
모아드림타운1차,2000,6100,2006,6,20,59.3556,11,소촌동,286-1,12330,,,
모아드림타운1차,2000,6220,2006,6,20,59.3556,10,소촌동,286-1,12330,,,
부영그린타운,2005,14700,2006,6,20,84.8512,4,산월동,885-3,12330,,,
삼성,1996,8450,2006,6,20,70.97,14,운남동,387-22,12330,,,
삼성,1996,6800,2006,6,20,59.91,17,운남동,387-22,12330,,,
신창6차호반베르디움,2005,16300,2006,6,20,84.9429,12,신가동,1048,12330,,,
신창동모아미래도,2000,4994,2006,6,20,47.7,1,신창동,462-2,12330,,,
운남주공4단지,1996,4800,2006,6,20,49.69,12,운남동,771-1,12330,,,
운남주공8단지,2000,4590,2006,6,20,49.55,6,운남동,781-1,12330,,,
운남주공8단지,2000,4599,2006,6,20,49.34,7,운남동,781-1,12330,,,
운남주공8단지,2000,6271,2006,6,20,59.42,9,운남동,781-1,12330,,,
운남주공8단지,2000,4486,2006,6,20,49.55,8,운남동,781-1,12330,,,
운남주공8단지,2000,6365,2006,6,20,59.41,3,운남동,781-1,12330,,,
운남주공8단지,2000,5950,2006,6,20,59.42,15,운남동,781-1,12330,,,
운남주공8단지,2000,4599,2006,6,20,49.34,5,운남동,781-1,12330,,,
운남주공8단지,2000,4533,2006,6,20,49.55,13,운남동,781-1,12330,,,
운남주공8단지,2000,6280,2006,6,20,59.41,2,운남동,781-1,12330,,,
운남주공8단지,2000,5902,2006,6,20,59.42,2,운남동,781-1,12330,,,
운남주공8단지,2000,6233,2006,6,20,59.42,9,운남동,781-1,12330,,,
운남주공8단지,2000,6233,2006,6,20,59.42,2,운남동,781-1,12330,,,
운남주공8단지,2000,6356,2006,6,20,59.41,3,운남동,781-1,12330,,,
운남주공8단지,2000,4505,2006,6,20,49.55,18,운남동,781-1,12330,,,
운남주공8단지,2000,4575,2006,6,20,49.34,4,운남동,781-1,12330,,,
운남주공8단지,2000,6299,2006,6,20,59.42,14,운남동,781-1,12330,,,
운남주공8단지,2000,6243,2006,6,20,59.41,20,운남동,781-1,12330,,,
운남주공8단지,2000,6006,2006,6,20,59.41,4,운남동,781-1,12330,,,
운남주공8단지,2000,6356,2006,6,20,59.41,21,운남동,781-1,12330,,,
운남주공8단지,2000,6271,2006,6,20,59.42,13,운남동,781-1,12330,,,
운남주공8단지,2000,6157,2006,6,20,59.42,20,운남동,781-1,12330,,,
운남주공8단지,2000,6299,2006,6,20,59.42,11,운남동,781-1,12330,,,
운남주공8단지,2000,6422,2006,6,20,59.41,7,운남동,781-1,12330,,,
운남주공8단지,2000,6384,2006,6,20,59.41,17,운남동,781-1,12330,,,
운남주공8단지,2000,5903,2006,6,20,59.42,4,운남동,781-1,12330,,,
운남주공8단지,2000,6356,2006,6,20,59.41,18,운남동,781-1,12330,,,
운남주공8단지,2000,6243,2006,6,20,59.41,20,운남동,781-1,12330,,,
운남주공8단지,2000,6299,2006,6,20,59.42,13,운남동,781-1,12330,,,
운남주공8단지,2000,4486,2006,6,20,49.55,13,운남동,781-1,12330,,,
운남주공8단지,2000,5950,2006,6,20,59.42,10,운남동,781-1,12330,,,
운남주공8단지,2000,6318,2006,6,20,59.41,4,운남동,781-1,12330,,,
운남주공8단지,2000,6271,2006,6,20,59.41,11,운남동,781-1,12330,,,
운남주공8단지,2000,6412,2006,6,20,59.41,19,운남동,781-1,12330,,,
운남주공8단지,2000,6337,2006,6,20,59.41,19,운남동,781-1,12330,,,
운남주공8단지,2000,5903,2006,6,20,59.42,3,운남동,781-1,12330,,,
운남주공8단지,2000,6091,2006,6,20,59.42,2,운남동,781-1,12330,,,
운남주공8단지,2000,5808,2006,6,20,59.42,18,운남동,781-1,12330,,,
운남주공8단지,2000,6271,2006,6,20,59.41,7,운남동,781-1,12330,,,
운남주공8단지,2000,6356,2006,6,20,59.41,17,운남동,781-1,12330,,,
운남주공8단지,2000,4590,2006,6,20,49.55,10,운남동,781-1,12330,,,
운남주공8단지,2000,6375,2006,6,20,59.42,7,운남동,781-1,12330,,,
운남주공8단지,2000,5997,2006,6,20,59.42,4,운남동,781-1,12330,,,
운남주공8단지,2000,6053,2006,6,20,59.41,12,운남동,781-1,12330,,,
운남주공8단지,2000,6309,2006,6,20,59.41,22,운남동,781-1,12330,,,
운남주공8단지,2000,6053,2006,6,20,59.41,12,운남동,781-1,12330,,,
운남주공8단지,2000,6412,2006,6,20,59.41,18,운남동,781-1,12330,,,
운남주공8단지,2000,6356,2006,6,20,59.41,7,운남동,781-1,12330,,,
운남주공8단지,2000,6053,2006,6,20,59.41,13,운남동,781-1,12330,,,
운남주공8단지,2000,6271,2006,6,20,59.41,5,운남동,781-1,12330,,,
운남주공8단지,2000,6337,2006,6,20,59.41,4,운남동,781-1,12330,,,
운남주공8단지,2000,6271,2006,6,20,59.41,6,운남동,781-1,12330,,,
운남주공8단지,2000,4505,2006,6,20,49.55,13,운남동,781-1,12330,,,
운남주공8단지,2000,6271,2006,6,20,59.41,5,운남동,781-1,12330,,,
운남주공8단지,2000,4528,2006,6,20,49.34,2,운남동,781-1,12330,,,
운남주공8단지,2000,4599,2006,6,20,49.34,9,운남동,781-1,12330,,,
운남주공8단지,2000,6044,2006,6,20,59.42,6,운남동,781-1,12330,,,
운남주공8단지,2000,4306,2006,6,20,51.94,1,운남동,781-1,12330,,,
운남주공8단지,2000,6252,2006,6,20,59.42,3,운남동,781-1,12330,,,
운남주공8단지,2000,6243,2006,6,20,59.41,2,운남동,781-1,12330,,,
운남주공8단지,2000,4505,2006,6,20,49.55,9,운남동,781-1,12330,,,
운남주공8단지,2000,6412,2006,6,20,59.41,13,운남동,781-1,12330,,,
운남주공8단지,2000,6412,2006,6,20,59.41,5,운남동,781-1,12330,,,
운남주공8단지,2000,4410,2006,6,20,49.55,8,운남동,781-1,12330,,,
운남주공8단지,2000,6129,2006,6,20,59.41,23,운남동,781-1,12330,,,
운남주공8단지,2000,6025,2006,6,20,59.42,1,운남동,781-1,12330,,,
운남주공8단지,2000,6185,2006,6,20,59.42,3,운남동,781-1,12330,,,
운남주공8단지,2000,6271,2006,6,20,59.42,11,운남동,781-1,12330,,,
운남주공8단지,2000,4334,2006,6,20,51.94,1,운남동,781-1,12330,,,
운남주공8단지,2000,4325,2006,6,20,51.94,1,운남동,781-1,12330,,,
운남주공8단지,2000,6270,2006,6,20,59.41,2,운남동,781-1,12330,,,
운남주공8단지,2000,6403,2006,6,20,59.41,9,운남동,781-1,12330,,,
운남주공8단지,2000,6422,2006,6,20,59.41,18,운남동,781-1,12330,,,
운남주공8단지,2000,4599,2006,6,20,49.34,5,운남동,781-1,12330,,,
운남주공8단지,2000,4505,2006,6,20,49.55,11,운남동,781-1,12330,,,
운남주공8단지,2000,6403,2006,6,20,59.42,14,운남동,781-1,12330,,,
운남주공8단지,2000,4590,2006,6,20,49.55,5,운남동,781-1,12330,,,
운남주공8단지,2000,5949,2006,6,20,59.42,1,운남동,781-1,12330,,,
운남주공8단지,2000,4339,2006,6,20,49.55,18,운남동,781-1,12330,,,
운남주공8단지,2000,6271,2006,6,20,59.41,9,운남동,781-1,12330,,,
운남주공8단지,2000,4410,2006,6,20,49.55,7,운남동,781-1,12330,,,
운남주공8단지,2000,6271,2006,6,20,59.41,17,운남동,781-1,12330,,,
운남주공8단지,2000,6044,2006,6,20,59.42,16,운남동,781-1,12330,,,
운남주공8단지,2000,6356,2006,6,20,59.41,7,운남동,781-1,12330,,,
운남주공8단지,2000,6157,2006,6,20,59.42,2,운남동,781-1,12330,,,
운남주공8단지,2000,6006,2006,6,20,59.41,3,운남동,781-1,12330,,,
운남주공8단지,2000,5997,2006,6,20,59.42,4,운남동,781-1,12330,,,
운남주공8단지,2000,6224,2006,6,20,59.42,4,운남동,781-1,12330,,,
운남주공8단지,2000,6053,2006,6,20,59.41,15,운남동,781-1,12330,,,
운남주공8단지,2000,4519,2006,6,20,49.55,20,운남동,781-1,12330,,,
운남주공8단지,2000,6053,2006,6,20,59.41,5,운남동,781-1,12330,,,
운남주공8단지,2000,5950,2006,6,20,59.42,8,운남동,781-1,12330,,,
운남주공8단지,2000,4533,2006,6,20,49.55,15,운남동,781-1,12330,,,
운남주공8단지,2000,5808,2006,6,20,59.42,18,운남동,781-1,12330,,,
운남주공8단지,2000,6006,2006,6,20,59.41,3,운남동,781-1,12330,,,
운남주공8단지,2000,6252,2006,6,20,59.42,19,운남동,781-1,12330,,,
운남주공8단지,2000,4292,2006,6,20,49.55,2,운남동,781-1,12330,,,
운남주공8단지,2000,5950,2006,6,20,59.42,10,운남동,781-1,12330,,,
운남주공8단지,2000,4590,2006,6,20,49.55,7,운남동,781-1,12330,,,
운남주공8단지,2000,4155,2006,6,20,51.94,1,운남동,781-1,12330,,,
운남주공8단지,2000,6271,2006,6,20,59.41,14,운남동,781-1,12330,,,
운남주공8단지,2000,6185,2006,6,20,59.42,4,운남동,781-1,12330,,,
운남주공8단지,2000,6356,2006,6,20,59.41,3,운남동,781-1,12330,,,
운남주공8단지,2000,6129,2006,6,20,59.41,2,운남동,781-1,12330,,,
운남주공8단지,2000,6271,2006,6,20,59.41,20,운남동,781-1,12330,,,
운남주공8단지,2000,6053,2006,6,20,59.41,11,운남동,781-1,12330,,,
운남주공8단지,2000,6223,2006,6,20,59.41,20,운남동,781-1,12330,,,
운남주공8단지,2000,6044,2006,6,20,59.42,7,운남동,781-1,12330,,,
운남주공8단지,2000,6053,2006,6,20,59.41,7,운남동,781-1,12330,,,
운남주공8단지,2000,6403,2006,6,20,59.41,10,운남동,781-1,12330,,,
운남주공8단지,2000,5902,2006,6,20,59.42,2,운남동,781-1,12330,,,
운남주공8단지,2000,6044,2006,6,20,59.42,5,운남동,781-1,12330,,,
운남주공8단지,2000,6233,2006,6,20,59.42,17,운남동,781-1,12330,,,
운남주공8단지,2000,6233,2006,6,20,59.42,16,운남동,781-1,12330,,,
운남주공8단지,2000,6318,2006,6,20,59.41,3,운남동,781-1,12330,,,
운남주공8단지,2000,6271,2006,6,20,59.41,17,운남동,781-1,12330,,,
운남주공8단지,2000,5950,2006,6,20,59.42,7,운남동,781-1,12330,,,
운남주공8단지,2000,6185,2006,6,20,59.42,3,운남동,781-1,12330,,,
운남주공8단지,2000,6318,2006,6,20,59.41,4,운남동,781-1,12330,,,
운남주공8단지,2000,6393,2006,6,20,59.41,12,운남동,781-1,12330,,,
운남주공8단지,2000,6271,2006,6,20,59.41,8,운남동,781-1,12330,,,
운남주공8단지,2000,6271,2006,6,20,59.41,10,운남동,781-1,12330,,,
운남주공8단지,2000,6393,2006,6,20,59.41,13,운남동,781-1,12330,,,
운남주공8단지,2000,6393,2006,6,20,59.41,13,운남동,781-1,12330,,,
운남주공8단지,2000,6224,2006,6,20,59.41,3,운남동,781-1,12330,,,
운남주공8단지,2000,6044,2006,6,20,59.42,11,운남동,781-1,12330,,,
운남주공8단지,2000,6044,2006,6,20,59.42,13,운남동,781-1,12330,,,
운남주공8단지,2000,6365,2006,6,20,59.41,11,운남동,781-1,12330,,,
운남주공8단지,2000,6393,2006,6,20,59.41,7,운남동,781-1,12330,,,
운남주공8단지,2000,6233,2006,6,20,59.42,2,운남동,781-1,12330,,,
운남주공8단지,2000,4344,2006,6,20,51.94,1,운남동,781-1,12330,,,
운남주공8단지,2000,6271,2006,6,20,59.41,16,운남동,781-1,12330,,,
운남주공8단지,2000,5949,2006,6,20,59.42,1,운남동,781-1,12330,,,
첨단동부,1997,14000,2006,6,20,91.882,13,월계동,757-3,12330,,,
한성2차,1991,4730,2006,6,20,59.04,11,월곡동,614-2,12330,,,
한성2차,1991,3800,2006,6,20,49.98,6,월곡동,614-2,12330,,,
해광샹그릴라,2005,13490,2006,6,20,84.9106,10,신창동,855-9,12330,,,
호반,1998,3350,2006,6,20,37.83,5,비아동,152-5,12330,,,
호반,1998,3500,2006,6,20,39.68,15,비아동,152-5,12330,,,
호반,1998,3350,2006,6,20,37.83,18,비아동,152-5,12330,,,
호반,1998,3500,2006,6,20,39.68,7,비아동,152-5,12330,,,
호반,1998,3480,2006,6,20,39.68,20,비아동,152-5,12330,,,
호반,1998,3480,2006,6,20,39.68,11,비아동,152-5,12330,,,
호반,1998,3500,2006,6,20,39.68,11,비아동,152-5,12330,,,
호반,1998,3350,2006,6,20,37.83,11,비아동,152-5,12330,,,
호반,1998,3500,2006,6,20,39.68,10,비아동,152-5,12330,,,
호반,1998,3500,2006,6,20,39.68,6,비아동,152-5,12330,,,
호반,1998,3350,2006,6,20,37.83,16,비아동,152-5,12330,,,
호반,1998,3350,2006,6,20,37.83,4,비아동,152-5,12330,,,
금강3차,2000,5870,2006,6,21,59.84,8,송정동,238,12330,,,
금호,1996,11200,2006,6,21,92.39,6,월계동,756-5,12330,,,
금호타운,1991,8400,2006,6,21,84.72,13,월곡동,613-1,12330,,,
금호훼밀리파크,1994,7000,2006,6,21,84.99,2,소촌동,46-2,12330,,,
남양,1998,5400,2006,6,21,59.88,7,운남동,387-24,12330,,,
대화,1995,4650,2006,6,21,59.99,7,소촌동,440-1,12330,,,
대화,1998,4800,2006,6,21,59.91,10,송정동,202,12330,,,
라인2차,1997,5000,2006,6,21,59.9,3,소촌동,97-1,12330,,,
리버힐,1992,4300,2006,6,21,49.72,10,우산동,1602-2,12330,,,
모아드림타운1차,2000,6220,2006,6,21,59.3556,6,소촌동,286-1,12330,,,
온세계아이조움,2004,12000,2006,6,21,84.5844,2,송정동,223,12330,,,
운남주공8단지,2000,6233,2006,6,21,59.42,2,운남동,781-1,12330,,,
운남주공8단지,2000,6270,2006,6,21,59.41,18,운남동,781-1,12330,,,
운남주공8단지,2000,4528,2006,6,21,49.34,15,운남동,781-1,12330,,,
운남주공8단지,2000,4599,2006,6,21,49.34,8,운남동,781-1,12330,,,
운남주공8단지,2000,6346,2006,6,21,59.41,3,운남동,781-1,12330,,,
운남주공8단지,2000,6270,2006,6,21,59.41,23,운남동,781-1,12330,,,
운남주공8단지,2000,6337,2006,6,21,59.41,4,운남동,781-1,12330,,,
운남주공8단지,2000,6365,2006,6,21,59.41,3,운남동,781-1,12330,,,
운남주공8단지,2000,6356,2006,6,21,59.41,17,운남동,781-1,12330,,,
운남주공8단지,2000,6129,2006,6,21,59.41,2,운남동,781-1,12330,,,
운남주공8단지,2000,6185,2006,6,21,59.42,3,운남동,781-1,12330,,,
운남주공8단지,2000,6044,2006,6,21,59.42,16,운남동,781-1,12330,,,
운남주공8단지,2000,6271,2006,6,21,59.42,5,운남동,781-1,12330,,,
운남주공8단지,2000,6299,2006,6,21,59.42,5,운남동,781-1,12330,,,
운남주공8단지,2000,6412,2006,6,21,59.41,6,운남동,781-1,12330,,,
운남주공8단지,2000,6224,2006,6,21,59.42,3,운남동,781-1,12330,,,
운남주공8단지,2000,6271,2006,6,21,59.42,12,운남동,781-1,12330,,,
운남주공8단지,2000,6327,2006,6,21,59.42,3,운남동,781-1,12330,,,
운남주공8단지,2000,6271,2006,6,21,59.42,17,운남동,781-1,12330,,,
운남주공8단지,2000,6327,2006,6,21,59.42,3,운남동,781-1,12330,,,
운남주공8단지,2000,6356,2006,6,21,59.41,20,운남동,781-1,12330,,,
운남주공8단지,2000,4533,2006,6,21,49.55,6,운남동,781-1,12330,,,
운남주공8단지,2000,6053,2006,6,21,59.41,6,운남동,781-1,12330,,,
운남주공8단지,2000,6299,2006,6,21,59.42,5,운남동,781-1,12330,,,
운남주공8단지,2000,6025,2006,6,21,59.42,1,운남동,781-1,12330,,,
운남주공8단지,2000,6365,2006,6,21,59.41,4,운남동,781-1,12330,,,
운남주공8단지,2000,6308,2006,6,21,59.42,15,운남동,781-1,12330,,,
운남주공8단지,2000,6271,2006,6,21,59.42,11,운남동,781-1,12330,,,
운남주공8단지,2000,6214,2006,6,21,59.41,2,운남동,781-1,12330,,,
운남주공8단지,2000,5874,2006,6,21,59.42,1,운남동,781-1,12330,,,
운남주공8단지,2000,6412,2006,6,21,59.41,16,운남동,781-1,12330,,,
운남주공8단지,2000,6271,2006,6,21,59.41,12,운남동,781-1,12330,,,
운남주공8단지,2000,6261,2006,6,21,59.41,2,운남동,781-1,12330,,,
운남주공8단지,2000,6223,2006,6,21,59.41,2,운남동,781-1,12330,,,
운남주공8단지,2000,4386,2006,6,21,49.55,17,운남동,781-1,12330,,,
운남주공8단지,2000,5997,2006,6,21,59.42,3,운남동,781-1,12330,,,
운남주공8단지,2000,5950,2006,6,21,59.42,13,운남동,781-1,12330,,,
운남주공8단지,2000,6223,2006,6,21,59.41,2,운남동,781-1,12330,,,
운남주공8단지,2000,6271,2006,6,21,59.41,13,운남동,781-1,12330,,,
운남주공8단지,2000,6129,2006,6,21,59.41,2,운남동,781-1,12330,,,
운남주공8단지,2000,6356,2006,6,21,59.41,5,운남동,781-1,12330,,,
운남주공8단지,2000,6356,2006,6,21,59.41,17,운남동,781-1,12330,,,
운남주공8단지,2000,6053,2006,6,21,59.41,11,운남동,781-1,12330,,,
운남주공8단지,2000,6053,2006,6,21,59.41,5,운남동,781-1,12330,,,
운남주공8단지,2000,4533,2006,6,21,49.55,12,운남동,781-1,12330,,,
운남주공8단지,2000,6412,2006,6,21,59.41,21,운남동,781-1,12330,,,
운남주공8단지,2000,6053,2006,6,21,59.41,10,운남동,781-1,12330,,,
운남주공8단지,2000,4486,2006,6,21,49.55,11,운남동,781-1,12330,,,
운남주공8단지,2000,6450,2006,6,21,59.42,13,운남동,781-1,12330,,,
운남주공8단지,2000,4250,2006,6,21,51.94,1,운남동,781-1,12330,,,
운남주공8단지,2000,6271,2006,6,21,59.41,15,운남동,781-1,12330,,,
운남주공8단지,2000,6308,2006,6,21,59.42,2,운남동,781-1,12330,,,
운남주공8단지,2000,6356,2006,6,21,59.41,3,운남동,781-1,12330,,,
운남주공8단지,2000,6044,2006,6,21,59.42,10,운남동,781-1,12330,,,
운남주공8단지,2000,6185,2006,6,21,59.42,4,운남동,781-1,12330,,,
운남주공8단지,2000,6270,2006,6,21,59.41,2,운남동,781-1,12330,,,
운남주공8단지,2000,6091,2006,6,21,59.42,20,운남동,781-1,12330,,,
운남주공8단지,2000,6356,2006,6,21,59.41,5,운남동,781-1,12330,,,
운남주공8단지,2000,4410,2006,6,21,49.55,5,운남동,781-1,12330,,,
운남주공8단지,2000,5912,2006,6,21,59.41,18,운남동,781-1,12330,,,
운남주공8단지,2000,6129,2006,6,21,59.41,2,운남동,781-1,12330,,,
운남주공8단지,2000,4599,2006,6,21,49.34,11,운남동,781-1,12330,,,
운남주공8단지,2000,6233,2006,6,21,59.42,11,운남동,781-1,12330,,,
운남주공8단지,2000,6091,2006,6,21,59.42,2,운남동,781-1,12330,,,
운남주공8단지,2000,6006,2006,6,21,59.41,4,운남동,781-1,12330,,,
운남주공8단지,2000,6412,2006,6,21,59.41,17,운남동,781-1,12330,,,
운남주공8단지,2000,6450,2006,6,21,59.42,10,운남동,781-1,12330,,,
운남주공8단지,2000,6271,2006,6,21,59.42,16,운남동,781-1,12330,,,
운남주공8단지,2000,6374,2006,6,21,59.41,3,운남동,781-1,12330,,,
운남주공8단지,2000,4599,2006,6,21,49.34,10,운남동,781-1,12330,,,
운남주공8단지,2000,6412,2006,6,21,59.41,8,운남동,781-1,12330,,,
운남주공8단지,2000,4599,2006,6,21,49.34,11,운남동,781-1,12330,,,
운남주공8단지,2000,6185,2006,6,21,59.42,19,운남동,781-1,12330,,,
운남주공8단지,2000,6356,2006,6,21,59.41,6,운남동,781-1,12330,,,
운남주공8단지,2000,6393,2006,6,21,59.41,14,운남동,781-1,12330,,,
운남주공8단지,2000,5997,2006,6,21,59.42,17,운남동,781-1,12330,,,
운남주공8단지,2000,6299,2006,6,21,59.42,8,운남동,781-1,12330,,,
운남주공8단지,2000,6375,2006,6,21,59.42,8,운남동,781-1,12330,,,
운남주공8단지,2000,5950,2006,6,21,59.42,5,운남동,781-1,12330,,,
운남주공8단지,2000,5950,2006,6,21,59.42,16,운남동,781-1,12330,,,
운남주공8단지,2000,5950,2006,6,21,59.42,7,운남동,781-1,12330,,,
운남주공8단지,2000,5808,2006,6,21,59.42,2,운남동,781-1,12330,,,
운남주공8단지,2000,5950,2006,6,21,59.42,13,운남동,781-1,12330,,,
운남주공8단지,2000,5950,2006,6,21,59.42,6,운남동,781-1,12330,,,
운남주공8단지,2000,6006,2006,6,21,59.41,3,운남동,781-1,12330,,,
운남주공8단지,2000,5808,2006,6,21,59.42,2,운남동,781-1,12330,,,
운남주공8단지,2000,7770,2006,6,21,59.42,10,운남동,781-1,12330,,,
운남주공8단지,2000,6412,2006,6,21,59.41,20,운남동,781-1,12330,,,
운남주공8단지,2000,6374,2006,6,21,59.41,4,운남동,781-1,12330,,,
운남주공8단지,2000,6271,2006,6,21,59.41,16,운남동,781-1,12330,,,
운남주공8단지,2000,6271,2006,6,21,59.41,11,운남동,781-1,12330,,,
운남주공8단지,2000,6233,2006,6,21,59.42,7,운남동,781-1,12330,,,
운남주공8단지,2000,6393,2006,6,21,59.41,11,운남동,781-1,12330,,,
운남주공8단지,2000,6044,2006,6,21,59.42,9,운남동,781-1,12330,,,
운남주공8단지,2000,4344,2006,6,21,51.94,1,운남동,781-1,12330,,,
운남주공8단지,2000,6044,2006,6,21,59.42,11,운남동,781-1,12330,,,
운남주공8단지,2000,6375,2006,6,21,59.42,11,운남동,781-1,12330,,,
운남주공8단지,2000,5619,2006,6,21,59.42,1,운남동,781-1,12330,,,
운남주공8단지,2000,4363,2006,6,21,49.55,11,운남동,781-1,12330,,,
운남주공8단지,2000,6346,2006,6,21,59.41,4,운남동,781-1,12330,,,
운남주공8단지,2000,6280,2006,6,21,59.41,20,운남동,781-1,12330,,,
운남주공8단지,2000,6261,2006,6,21,59.41,15,운남동,781-1,12330,,,
운남주공8단지,2000,5950,2006,6,21,59.42,8,운남동,781-1,12330,,,
운남주공8단지,2000,6412,2006,6,21,59.41,7,운남동,781-1,12330,,,
운남주공8단지,2000,6422,2006,6,21,59.41,5,운남동,781-1,12330,,,
운남주공8단지,2000,6271,2006,6,21,59.41,17,운남동,781-1,12330,,,
운남주공8단지,2000,6500,2006,6,21,59.41,3,운남동,781-1,12330,,,
운남주공8단지,2000,6060,2006,6,21,59.41,18,운남동,781-1,12330,,,
중흥1차,1995,4914,2006,6,21,59.94,2,도천동,627-1,12330,,,
중흥2,1998,6000,2006,6,21,59.955,10,신가동,302-25,12330,,,
첨단두산2,1996,6470,2006,6,21,59.997,2,월계동,765-8,12330,,,
첨단라인5,1997,15000,2006,6,21,114.7,7,월계동,756-6,12330,,,
호반,1998,3450,2006,6,21,39.68,4,비아동,152-5,12330,,,
호반,1998,3450,2006,6,21,39.68,4,비아동,152-5,12330,,,
호반,1998,3300,2006,6,21,37.83,19,비아동,152-5,12330,,,
호반,1998,3450,2006,6,21,39.68,13,비아동,152-5,12330,,,
호반,1998,3300,2006,6,21,37.83,20,비아동,152-5,12330,,,
호반,1998,3300,2006,6,21,37.83,17,비아동,152-5,12330,,,
호반,1998,3300,2006,6,21,37.83,16,비아동,152-5,12330,,,
호반,1998,3300,2006,6,21,37.83,14,비아동,152-5,12330,,,
호반,1998,3300,2006,6,21,37.83,13,비아동,152-5,12330,,,
호반,1998,3300,2006,6,21,37.83,11,비아동,152-5,12330,,,
호반,1998,3300,2006,6,21,37.83,9,비아동,152-5,12330,,,
호반,1998,3300,2006,6,21,37.83,8,비아동,152-5,12330,,,
호반,1998,3300,2006,6,21,37.83,8,비아동,152-5,12330,,,
호반,1998,3300,2006,6,21,37.83,7,비아동,152-5,12330,,,
호반,1998,3450,2006,6,21,39.68,1,비아동,152-5,12330,,,
호반,1998,3450,2006,6,21,39.68,5,비아동,152-5,12330,,,
호반,1998,3450,2006,6,21,39.68,4,비아동,152-5,12330,,,
호반,1998,3450,2006,6,21,39.68,4,비아동,152-5,12330,,,
호반,1998,3450,2006,6,21,39.68,3,비아동,152-5,12330,,,
호반,1998,3450,2006,6,21,39.68,2,비아동,152-5,12330,,,
호반,1998,3450,2006,6,21,39.68,2,비아동,152-5,12330,,,
호반,1998,3450,2006,6,21,39.68,1,비아동,152-5,12330,,,
호반,1998,3450,2006,6,21,39.68,5,비아동,152-5,12330,,,
호반,1998,3450,2006,6,21,39.68,6,비아동,152-5,12330,,,
호반,1998,3450,2006,6,21,39.68,18,비아동,152-5,12330,,,
호반,1998,3450,2006,6,21,39.68,12,비아동,152-5,12330,,,
호반,1998,3300,2006,6,21,37.83,16,비아동,152-5,12330,,,
호반,1998,3300,2006,6,21,37.83,7,비아동,152-5,12330,,,
호반,1998,3450,2006,6,21,39.68,7,비아동,152-5,12330,,,
호반,1998,3500,2006,6,21,39.68,14,비아동,152-5,12330,,,
호반,1998,3450,2006,6,21,39.68,17,비아동,152-5,12330,,,
호반,1998,3450,2006,6,21,39.68,18,비아동,152-5,12330,,,
호반,1998,3300,2006,6,21,37.83,16,비아동,152-5,12330,,,
호반,1998,3450,2006,6,21,39.68,16,비아동,152-5,12330,,,
호반,1998,3300,2006,6,21,37.83,16,비아동,152-5,12330,,,
호반,1998,3450,2006,6,21,39.68,20,비아동,152-5,12330,,,
호반,1998,3450,2006,6,21,39.68,20,비아동,152-5,12330,,,
호반,1998,3450,2006,6,21,39.68,20,비아동,152-5,12330,,,
호반,1998,3450,2006,6,21,39.68,20,비아동,152-5,12330,,,
호반,1998,3450,2006,6,21,39.68,20,비아동,152-5,12330,,,
호반,1998,3450,2006,6,21,39.68,19,비아동,152-5,12330,,,
호반,1998,3450,2006,6,21,39.68,19,비아동,152-5,12330,,,
호반,1998,3450,2006,6,21,39.68,19,비아동,152-5,12330,,,
호반,1998,3450,2006,6,21,39.68,19,비아동,152-5,12330,,,
호반,1998,3450,2006,6,21,39.68,18,비아동,152-5,12330,,,
호반,1998,3450,2006,6,21,39.68,17,비아동,152-5,12330,,,
호반,1998,3450,2006,6,21,39.68,17,비아동,152-5,12330,,,
호반,1998,3450,2006,6,21,39.68,17,비아동,152-5,12330,,,
호반,1998,3450,2006,6,21,39.68,16,비아동,152-5,12330,,,
호반,1998,3450,2006,6,21,39.68,16,비아동,152-5,12330,,,
호반,1998,3450,2006,6,21,39.68,16,비아동,152-5,12330,,,
호반,1998,3450,2006,6,21,39.68,16,비아동,152-5,12330,,,
호반,1998,3450,2006,6,21,39.68,15,비아동,152-5,12330,,,
호반,1998,3450,2006,6,21,39.68,15,비아동,152-5,12330,,,
호반,1998,3450,2006,6,21,39.68,15,비아동,152-5,12330,,,
호반,1998,3450,2006,6,21,39.68,15,비아동,152-5,12330,,,
호반,1998,3450,2006,6,21,39.68,15,비아동,152-5,12330,,,
호반,1998,3450,2006,6,21,39.68,15,비아동,152-5,12330,,,
호반,1998,3450,2006,6,21,39.68,14,비아동,152-5,12330,,,
호반,1998,3450,2006,6,21,39.68,14,비아동,152-5,12330,,,
호반,1998,3450,2006,6,21,39.68,14,비아동,152-5,12330,,,
호반,1998,3450,2006,6,21,39.68,14,비아동,152-5,12330,,,
호반,1998,3450,2006,6,21,39.68,13,비아동,152-5,12330,,,
호반,1998,3450,2006,6,21,39.68,13,비아동,152-5,12330,,,
호반,1998,3450,2006,6,21,39.68,12,비아동,152-5,12330,,,
호반,1998,3450,2006,6,21,39.68,12,비아동,152-5,12330,,,
호반,1998,3450,2006,6,21,39.68,12,비아동,152-5,12330,,,
호반,1998,3450,2006,6,21,39.68,12,비아동,152-5,12330,,,
호반,1998,3450,2006,6,21,39.68,12,비아동,152-5,12330,,,
호반,1998,3450,2006,6,21,39.68,11,비아동,152-5,12330,,,
호반,1998,3450,2006,6,21,39.68,11,비아동,152-5,12330,,,
호반,1998,3450,2006,6,21,39.68,11,비아동,152-5,12330,,,
호반,1998,3450,2006,6,21,39.68,11,비아동,152-5,12330,,,
호반,1998,3450,2006,6,21,39.68,11,비아동,152-5,12330,,,
호반,1998,3450,2006,6,21,39.68,11,비아동,152-5,12330,,,
호반,1998,3450,2006,6,21,39.68,11,비아동,152-5,12330,,,
호반,1998,3450,2006,6,21,39.68,10,비아동,152-5,12330,,,
호반,1998,3450,2006,6,21,39.68,10,비아동,152-5,12330,,,
호반,1998,3450,2006,6,21,39.68,9,비아동,152-5,12330,,,
호반,1998,3300,2006,6,21,37.83,16,비아동,152-5,12330,,,
호반,1998,3300,2006,6,21,37.83,16,비아동,152-5,12330,,,
호반,1998,3300,2006,6,21,37.83,15,비아동,152-5,12330,,,
호반,1998,3300,2006,6,21,37.83,14,비아동,152-5,12330,,,
호반,1998,3300,2006,6,21,37.83,14,비아동,152-5,12330,,,
호반,1998,3300,2006,6,21,37.83,14,비아동,152-5,12330,,,
호반,1998,3300,2006,6,21,37.83,14,비아동,152-5,12330,,,
호반,1998,3300,2006,6,21,37.83,13,비아동,152-5,12330,,,
호반,1998,3300,2006,6,21,37.83,13,비아동,152-5,12330,,,
호반,1998,3300,2006,6,21,37.83,13,비아동,152-5,12330,,,
호반,1998,3300,2006,6,21,37.83,13,비아동,152-5,12330,,,
호반,1998,3300,2006,6,21,37.83,10,비아동,152-5,12330,,,
호반,1998,3300,2006,6,21,37.83,9,비아동,152-5,12330,,,
호반,1998,3300,2006,6,21,37.83,8,비아동,152-5,12330,,,
호반,1998,3300,2006,6,21,37.83,8,비아동,152-5,12330,,,
호반,1998,3300,2006,6,21,37.83,7,비아동,152-5,12330,,,
호반,1998,3300,2006,6,21,37.83,7,비아동,152-5,12330,,,
호반,1998,3300,2006,6,21,37.83,7,비아동,152-5,12330,,,
호반,1998,3300,2006,6,21,37.83,6,비아동,152-5,12330,,,
호반,1998,3300,2006,6,21,37.83,5,비아동,152-5,12330,,,
호반,1998,3450,2006,6,21,39.68,4,비아동,152-5,12330,,,
호반,1998,3450,2006,6,21,39.68,3,비아동,152-5,12330,,,
호반,1998,3450,2006,6,21,39.68,3,비아동,152-5,12330,,,
호반,1998,3450,2006,6,21,39.68,3,비아동,152-5,12330,,,
호반,1998,3450,2006,6,21,39.68,8,비아동,152-5,12330,,,
호반,1998,3450,2006,6,21,39.68,7,비아동,152-5,12330,,,
호반,1998,3450,2006,6,21,39.68,7,비아동,152-5,12330,,,
호반,1998,3450,2006,6,21,39.68,6,비아동,152-5,12330,,,
호반,1998,3450,2006,6,21,39.68,6,비아동,152-5,12330,,,
호반,1998,3450,2006,6,21,39.68,6,비아동,152-5,12330,,,
호반,1998,3450,2006,6,21,39.68,6,비아동,152-5,12330,,,
호반,1998,3450,2006,6,21,39.68,9,비아동,152-5,12330,,,
호반,1998,3450,2006,6,21,39.68,9,비아동,152-5,12330,,,
호반,1998,3450,2006,6,21,39.68,8,비아동,152-5,12330,,,
호반,1998,3450,2006,6,21,39.68,8,비아동,152-5,12330,,,
호반,1998,3450,2006,6,21,39.68,8,비아동,152-5,12330,,,
호반,1998,3300,2006,6,21,37.83,11,비아동,152-5,12330,,,
호반,1998,3300,2006,6,21,37.83,4,비아동,152-5,12330,,,
호반,1998,3300,2006,6,21,37.83,18,비아동,152-5,12330,,,
호반,1998,3300,2006,6,21,37.83,11,비아동,152-5,12330,,,
호반,1998,3300,2006,6,21,37.83,3,비아동,152-5,12330,,,
호반,1998,3300,2006,6,21,37.83,4,비아동,152-5,12330,,,
호반,1998,3300,2006,6,21,37.83,2,비아동,152-5,12330,,,
호반,1998,3300,2006,6,21,37.83,20,비아동,152-5,12330,,,
호반,1998,3300,2006,6,21,37.83,20,비아동,152-5,12330,,,
호반,1998,3300,2006,6,21,37.83,20,비아동,152-5,12330,,,
호반,1998,3300,2006,6,21,37.83,20,비아동,152-5,12330,,,
호반,1998,3300,2006,6,21,37.83,18,비아동,152-5,12330,,,
호반,1998,3300,2006,6,21,37.83,18,비아동,152-5,12330,,,
호반,1998,3300,2006,6,21,37.83,18,비아동,152-5,12330,,,
호반,1998,3300,2006,6,21,37.83,18,비아동,152-5,12330,,,
호반,1998,3300,2006,6,21,37.83,18,비아동,152-5,12330,,,
호반,1998,3300,2006,6,21,37.83,17,비아동,152-5,12330,,,
호반,1998,3300,2006,6,21,37.83,17,비아동,152-5,12330,,,
호반,1998,3300,2006,6,21,37.83,17,비아동,152-5,12330,,,
호반,1998,3300,2006,6,21,37.83,17,비아동,152-5,12330,,,
호반,1998,3300,2006,6,21,37.83,17,비아동,152-5,12330,,,
호반,1998,3300,2006,6,21,37.83,13,비아동,152-5,12330,,,
호반,1998,3300,2006,6,21,37.83,12,비아동,152-5,12330,,,
호반,1998,3300,2006,6,21,37.83,11,비아동,152-5,12330,,,
호반,1998,3300,2006,6,21,37.83,11,비아동,152-5,12330,,,
호반,1998,3300,2006,6,21,37.83,10,비아동,152-5,12330,,,
호반,1998,3300,2006,6,21,37.83,10,비아동,152-5,12330,,,
호반,1998,3300,2006,6,21,37.83,10,비아동,152-5,12330,,,
호반,1998,3300,2006,6,21,37.83,5,비아동,152-5,12330,,,
호반,1998,3300,2006,6,21,37.83,5,비아동,152-5,12330,,,
호반,1998,3300,2006,6,21,37.83,5,비아동,152-5,12330,,,
호반,1998,3300,2006,6,21,37.83,5,비아동,152-5,12330,,,
호반,1998,3300,2006,6,21,37.83,4,비아동,152-5,12330,,,
호반,1998,3300,2006,6,21,37.83,2,비아동,152-5,12330,,,
호반,1998,3300,2006,6,21,37.83,1,비아동,152-5,12330,,,
호반,1998,5000,2006,6,21,59.88,3,비아동,152-5,12330,,,
호반,1998,5000,2006,6,21,59.88,11,비아동,152-5,12330,,,
호반,1998,5000,2006,6,21,59.88,10,비아동,152-5,12330,,,
호반,1998,5000,2006,6,21,59.88,8,비아동,152-5,12330,,,
호반,1998,3300,2006,6,21,37.83,1,비아동,152-5,12330,,,
호반,1998,5000,2006,6,21,59.88,6,비아동,152-5,12330,,,
호반,1998,5000,2006,6,21,59.88,12,비아동,152-5,12330,,,
호반,1998,5000,2006,6,21,59.88,5,비아동,152-5,12330,,,
호반,1998,4850,2006,6,21,59.88,1,비아동,152-5,12330,,,
호반,1998,5000,2006,6,21,59.88,10,비아동,152-5,12330,,,
가천,1997,4650,2006,6,22,59.88,3,운수동,65-50,12330,,,
모아드림타운1차,2000,8950,2006,6,22,82.8908,3,소촌동,286-1,12330,,,
모아드림타운1차,2000,6100,2006,6,22,59.3556,2,소촌동,286-1,12330,,,
모아드림타운1차,2000,8950,2006,6,22,82.8908,6,소촌동,286-1,12330,,,
모아드림타운1차,2000,8800,2006,6,22,82.8908,11,소촌동,286-1,12330,,,
모아드림타운1차,2000,8950,2006,6,22,82.8908,7,소촌동,286-1,12330,,,
모아드림타운1차,2000,6220,2006,6,22,59.3556,6,소촌동,286-1,12330,,,
모아드림타운1차,2000,6220,2006,6,22,59.3556,10,소촌동,286-1,12330,,,
모아드림타운1차,2000,6220,2006,6,22,59.3556,9,소촌동,286-1,12330,,,
모아드림타운1차,2000,8950,2006,6,22,82.8908,9,소촌동,286-1,12330,,,
모아드림타운1차,2000,8950,2006,6,22,82.8908,9,소촌동,286-1,12330,,,
모아드림타운1차,2000,6220,2006,6,22,59.3556,6,소촌동,286-1,12330,,,
우미,1997,5200,2006,6,22,60,4,도산동,1077-1,12330,,,
운남주공8단지,2000,5903,2006,6,22,59.42,3,운남동,781-1,12330,,,
운남주공8단지,2000,4599,2006,6,22,49.34,12,운남동,781-1,12330,,,
운남주공8단지,2000,4519,2006,6,22,49.55,20,운남동,781-1,12330,,,
운남주공8단지,2000,6271,2006,6,22,59.42,18,운남동,781-1,12330,,,
운남주공8단지,2000,6006,2006,6,22,59.41,3,운남동,781-1,12330,,,
운남주공8단지,2000,6251,2006,6,22,59.41,2,운남동,781-1,12330,,,
운남주공8단지,2000,4325,2006,6,22,51.94,1,운남동,781-1,12330,,,
운남주공8단지,2000,5900,2006,6,22,59.42,4,운남동,781-1,12330,,,
운남주공8단지,2000,4575,2006,6,22,49.34,4,운남동,781-1,12330,,,
운남주공8단지,2000,4410,2006,6,22,49.55,9,운남동,781-1,12330,,,
운남주공8단지,2000,6053,2006,6,22,59.41,10,운남동,781-1,12330,,,
운남주공8단지,2000,4486,2006,6,22,49.55,17,운남동,781-1,12330,,,
운남주공8단지,2000,4250,2006,6,22,51.94,1,운남동,781-1,12330,,,
운남주공8단지,2000,6271,2006,6,22,59.41,7,운남동,781-1,12330,,,
운남주공8단지,2000,6356,2006,6,22,59.41,10,운남동,781-1,12330,,,
운남주공8단지,2000,5874,2006,6,22,59.42,1,운남동,781-1,12330,,,
운남주공8단지,2000,6309,2006,6,22,59.41,3,운남동,781-1,12330,,,
운남주공8단지,2000,4590,2006,6,22,49.55,11,운남동,781-1,12330,,,
운남주공8단지,2000,6091,2006,6,22,59.42,20,운남동,781-1,12330,,,
운남주공8단지,2000,6403,2006,6,22,59.41,8,운남동,781-1,12330,,,
운남주공8단지,2000,6271,2006,6,22,59.42,8,운남동,781-1,12330,,,
운남주공8단지,2000,6403,2006,6,22,59.41,11,운남동,781-1,12330,,,
운남주공8단지,2000,6356,2006,6,22,59.41,6,운남동,781-1,12330,,,
운남주공8단지,2000,6006,2006,6,22,59.41,17,운남동,781-1,12330,,,
운남주공8단지,2000,6271,2006,6,22,59.41,12,운남동,781-1,12330,,,
운남주공8단지,2000,6053,2006,6,22,59.41,6,운남동,781-1,12330,,,
운남주공8단지,2000,6252,2006,6,22,59.42,3,운남동,781-1,12330,,,
운남주공8단지,2000,6044,2006,6,22,59.42,5,운남동,781-1,12330,,,
운남주공8단지,2000,6271,2006,6,22,59.41,21,운남동,781-1,12330,,,
운남주공8단지,2000,6271,2006,6,22,59.42,15,운남동,781-1,12330,,,
운남주공8단지,2000,6271,2006,6,22,59.41,6,운남동,781-1,12330,,,
운남주공8단지,2000,5903,2006,6,22,59.42,4,운남동,781-1,12330,,,
운남주공8단지,2000,5950,2006,6,22,59.42,15,운남동,781-1,12330,,,
운남주공8단지,2000,5950,2006,6,22,59.42,11,운남동,781-1,12330,,,
운남주공8단지,2000,6375,2006,6,22,59.42,13,운남동,781-1,12330,,,
운남주공8단지,2000,6356,2006,6,22,59.41,11,운남동,781-1,12330,,,
운남주공8단지,2000,6375,2006,6,22,59.42,15,운남동,781-1,12330,,,
운남주공8단지,2000,6053,2006,6,22,59.41,11,운남동,781-1,12330,,,
운남주공8단지,2000,6299,2006,6,22,59.42,12,운남동,781-1,12330,,,
운남주공8단지,2000,6224,2006,6,22,59.41,22,운남동,781-1,12330,,,
운남주공8단지,2000,6450,2006,6,22,59.42,10,운남동,781-1,12330,,,
운남주공8단지,2000,6422,2006,6,22,59.41,8,운남동,781-1,12330,,,
운남주공8단지,2000,6403,2006,6,22,59.41,6,운남동,781-1,12330,,,
운남주공8단지,2000,6271,2006,6,22,59.41,16,운남동,781-1,12330,,,
운남주공8단지,2000,4486,2006,6,22,49.55,11,운남동,781-1,12330,,,
운남주공8단지,2000,6450,2006,6,22,59.42,8,운남동,781-1,12330,,,
운남주공8단지,2000,6053,2006,6,22,59.41,9,운남동,781-1,12330,,,
운남주공8단지,2000,6157,2006,6,22,59.42,2,운남동,781-1,12330,,,
운남주공8단지,2000,6356,2006,6,22,59.41,13,운남동,781-1,12330,,,
운남주공8단지,2000,5808,2006,6,22,59.42,2,운남동,781-1,12330,,,
운남주공8단지,2000,6214,2006,6,22,59.41,2,운남동,781-1,12330,,,
운남주공8단지,2000,6356,2006,6,22,59.41,20,운남동,781-1,12330,,,
운남주공8단지,2000,6365,2006,6,22,59.41,22,운남동,781-1,12330,,,
운남주공8단지,2000,6422,2006,6,22,59.41,10,운남동,781-1,12330,,,
운남주공8단지,2000,6422,2006,6,22,59.41,15,운남동,781-1,12330,,,
운남주공8단지,2000,6384,2006,6,22,59.41,14,운남동,781-1,12330,,,
운남주공8단지,2000,6412,2006,6,22,59.41,20,운남동,781-1,12330,,,
운남주공8단지,2000,6403,2006,6,22,59.41,13,운남동,781-1,12330,,,
운남주공8단지,2000,6450,2006,6,22,59.42,9,운남동,781-1,12330,,,
운남주공8단지,2000,6422,2006,6,22,59.41,16,운남동,781-1,12330,,,
운남주공8단지,2000,6384,2006,6,22,59.41,16,운남동,781-1,12330,,,
운남주공8단지,2000,6233,2006,6,22,59.42,20,운남동,781-1,12330,,,
운남주공8단지,2000,6365,2006,6,22,59.41,13,운남동,781-1,12330,,,
운남주공8단지,2000,6422,2006,6,22,59.41,17,운남동,781-1,12330,,,
운남주공8단지,2000,6365,2006,6,22,59.41,6,운남동,781-1,12330,,,
운남주공8단지,2000,6393,2006,6,22,59.41,6,운남동,781-1,12330,,,
운남주공8단지,2000,4590,2006,6,22,59.42,10,운남동,781-1,12330,,,
운남주공8단지,2000,6044,2006,6,22,59.42,8,운남동,781-1,12330,,,
운남주공8단지,2000,6251,2006,6,22,59.41,2,운남동,781-1,12330,,,
운남주공8단지,2000,6224,2006,6,22,59.41,4,운남동,781-1,12330,,,
운남주공8단지,2000,6233,2006,6,22,59.42,8,운남동,781-1,12330,,,
운남주공8단지,2000,6318,2006,6,22,59.41,3,운남동,781-1,12330,,,
운남주공8단지,2000,6271,2006,6,22,59.41,10,운남동,781-1,12330,,,
운남주공8단지,2000,6224,2006,6,22,59.41,4,운남동,781-1,12330,,,
운남주공8단지,2000,6393,2006,6,22,59.41,16,운남동,781-1,12330,,,
운남주공8단지,2000,4287,2006,6,22,51.94,1,운남동,781-1,12330,,,
운남주공8단지,2000,6000,2006,6,22,59.42,1,운남동,781-1,12330,,,
운남주공8단지,2000,4533,2006,6,22,49.55,9,운남동,781-1,12330,,,
운남주공8단지,2000,5903,2006,6,22,59.42,4,운남동,781-1,12330,,,
운남주공8단지,2000,4316,2006,6,22,51.94,1,운남동,781-1,12330,,,
운남주공8단지,2000,4287,2006,6,22,51.94,1,운남동,781-1,12330,,,
운남주공8단지,2000,4363,2006,6,22,49.55,15,운남동,781-1,12330,,,
일신,1995,10400,2006,6,22,92.205,11,월계동,757-8,12330,,,
중흥2,1998,6000,2006,6,22,59.955,6,신가동,302-25,12330,,,
중흥2차,1995,4000,2006,6,22,59.76,9,도천동,628-1,12330,,,
중흥2차,1995,4000,2006,6,22,59.76,7,도천동,628-1,12330,,,
중흥2차,1995,4000,2006,6,22,59.76,6,도천동,628-1,12330,,,
호반,1998,4150,2006,6,22,37.83,7,비아동,152-5,12330,,,
호반,1998,3350,2006,6,22,37.83,12,비아동,152-5,12330,,,
호반,1998,3350,2006,6,22,37.83,15,비아동,152-5,12330,,,
금강3차,2000,5650,2006,6,23,59.94,1,송정동,238,12330,,,
금강3차,2000,5650,2006,6,23,59.94,13,송정동,238,12330,,,
대화,1995,4800,2006,6,23,59.99,9,소촌동,440-1,12330,,,
모아드림타운1차,2000,6220,2006,6,23,59.3556,9,소촌동,286-1,12330,,,
모아드림타운1차,2000,6220,2006,6,23,59.3556,4,소촌동,286-1,12330,,,
모아드림타운1차,2000,8950,2006,6,23,82.8908,7,소촌동,286-1,12330,,,
삼성,1996,8300,2006,6,23,70.97,14,운남동,387-22,12330,,,
어등하이빌,1992,5500,2006,6,23,59.67,5,우산동,1572-6,12330,,,
운남주공8단지,2000,4297,2006,6,23,51.94,1,운남동,781-1,12330,,,
운남주공8단지,2000,4306,2006,6,23,51.94,1,운남동,781-1,12330,,,
운남주공8단지,2000,4486,2006,6,23,49.55,6,운남동,781-1,12330,,,
운남주공8단지,2000,4533,2006,6,23,49.55,17,운남동,781-1,12330,,,
운남주공8단지,2000,4510,2006,6,23,49.55,4,운남동,781-1,12330,,,
운남주공8단지,2000,4505,2006,6,23,49.55,7,운남동,781-1,12330,,,
운남주공8단지,2000,4590,2006,6,23,49.55,18,운남동,781-1,12330,,,
운남주공8단지,2000,4590,2006,6,23,49.55,17,운남동,781-1,12330,,,
운남주공8단지,2000,4599,2006,6,23,49.34,9,운남동,781-1,12330,,,
운남주공8단지,2000,6384,2006,6,23,59.41,16,운남동,781-1,12330,,,
운남주공8단지,2000,4505,2006,6,23,49.55,6,운남동,781-1,12330,,,
운남주공8단지,2000,4344,2006,6,23,51.94,1,운남동,781-1,12330,,,
운남주공8단지,2000,4363,2006,6,23,49.55,8,운남동,781-1,12330,,,
운남주공8단지,2000,4363,2006,6,23,49.55,7,운남동,781-1,12330,,,
운남주공8단지,2000,4486,2006,6,23,49.55,12,운남동,781-1,12330,,,
운남주공8단지,2000,6280,2006,6,23,59.41,20,운남동,781-1,12330,,,
운남주공8단지,2000,4505,2006,6,23,49.55,16,운남동,781-1,12330,,,
운남주공8단지,2000,4363,2006,6,23,49.55,8,운남동,781-1,12330,,,
운남주공8단지,2000,4590,2006,6,23,49.55,15,운남동,781-1,12330,,,
운남주공8단지,2000,4533,2006,6,23,49.55,7,운남동,781-1,12330,,,
운남주공8단지,2000,6337,2006,6,23,59.41,19,운남동,781-1,12330,,,
운남주공8단지,2000,4410,2006,6,23,49.55,12,운남동,781-1,12330,,,
운남주공8단지,2000,4566,2006,6,23,49.55,19,운남동,781-1,12330,,,
운남주공8단지,2000,4590,2006,6,23,49.55,16,운남동,781-1,12330,,,
운남주공8단지,2000,4590,2006,6,23,49.55,12,운남동,781-1,12330,,,
운남주공8단지,2000,4590,2006,6,23,49.55,9,운남동,781-1,12330,,,
운남주공8단지,2000,4590,2006,6,23,49.55,8,운남동,781-1,12330,,,
운남주공8단지,2000,4590,2006,6,23,49.55,6,운남동,781-1,12330,,,
운남주공8단지,2000,4566,2006,6,23,49.55,4,운남동,781-1,12330,,,
운남주공8단지,2000,4505,2006,6,23,49.55,10,운남동,781-1,12330,,,
운남주공8단지,2000,4533,2006,6,23,49.55,16,운남동,781-1,12330,,,
운남주공8단지,2000,4386,2006,6,23,49.55,4,운남동,781-1,12330,,,
운남주공8단지,2000,4462,2006,6,23,49.55,4,운남동,781-1,12330,,,
운남주공8단지,2000,6271,2006,6,23,59.42,16,운남동,781-1,12330,,,
운남주공8단지,2000,4486,2006,6,23,49.55,5,운남동,781-1,12330,,,
운남주공8단지,2000,4415,2006,6,23,49.55,20,운남동,781-1,12330,,,
운남주공8단지,2000,4415,2006,6,23,49.55,20,운남동,781-1,12330,,,
운남주공8단지,2000,4505,2006,6,23,49.55,20,운남동,781-1,12330,,,
운남주공8단지,2000,4486,2006,6,23,49.55,7,운남동,781-1,12330,,,
운남주공8단지,2000,4297,2006,6,23,51.94,1,운남동,781-1,12330,,,
운남주공8단지,2000,4486,2006,6,23,49.55,18,운남동,781-1,12330,,,
운남주공8단지,2000,4505,2006,6,23,49.55,12,운남동,781-1,12330,,,
운남주공8단지,2000,4590,2006,6,23,49.55,14,운남동,781-1,12330,,,
운남주공8단지,2000,4363,2006,6,23,49.55,13,운남동,781-1,12330,,,
운남주공8단지,2000,4363,2006,6,23,49.55,14,운남동,781-1,12330,,,
운남주공8단지,2000,4575,2006,6,23,49.34,14,운남동,781-1,12330,,,
운남주공8단지,2000,4566,2006,6,23,49.55,3,운남동,781-1,12330,,,
운남주공8단지,2000,4533,2006,6,23,49.55,18,운남동,781-1,12330,,,
운남주공8단지,2000,4590,2006,6,23,49.55,7,운남동,781-1,12330,,,
운남주공8단지,2000,4410,2006,6,23,49.55,13,운남동,781-1,12330,,,
운남주공8단지,2000,6403,2006,6,23,59.41,6,운남동,781-1,12330,,,
운남주공8단지,2000,6375,2006,6,23,59.42,6,운남동,781-1,12330,,,
운남주공8단지,2000,4363,2006,6,23,49.55,9,운남동,781-1,12330,,,
운남주공8단지,2000,4363,2006,6,23,49.55,10,운남동,781-1,12330,,,
운남주공8단지,2000,4590,2006,6,23,49.55,17,운남동,781-1,12330,,,
운남주공8단지,2000,4590,2006,6,23,49.55,9,운남동,781-1,12330,,,
운남주공8단지,2000,4363,2006,6,23,49.55,15,운남동,781-1,12330,,,
운남주공8단지,2000,6299,2006,6,23,59.42,6,운남동,781-1,12330,,,
운남주공8단지,2000,6374,2006,6,23,59.41,4,운남동,781-1,12330,,,
운남주공8단지,2000,6309,2006,6,23,59.41,3,운남동,781-1,12330,,,
운남주공8단지,2000,4533,2006,6,23,49.55,10,운남동,781-1,12330,,,
운남주공8단지,2000,4486,2006,6,23,49.55,15,운남동,781-1,12330,,,
운남주공8단지,2000,4486,2006,6,23,49.55,6,운남동,781-1,12330,,,
운남주공8단지,2000,4486,2006,6,23,49.55,9,운남동,781-1,12330,,,
운남주공8단지,2000,4410,2006,6,23,49.55,15,운남동,781-1,12330,,,
운남주공8단지,2000,4590,2006,6,23,49.55,14,운남동,781-1,12330,,,
운남주공8단지,2000,4155,2006,6,23,51.94,1,운남동,781-1,12330,,,
운남주공8단지,2000,4363,2006,6,23,49.55,12,운남동,781-1,12330,,,
운남주공8단지,2000,6299,2006,6,23,59.42,11,운남동,781-1,12330,,,
운남주공8단지,2000,4363,2006,6,23,49.55,5,운남동,781-1,12330,,,
운남주공8단지,2000,6308,2006,6,23,59.42,2,운남동,781-1,12330,,,
운남주공8단지,2000,4297,2006,6,23,51.94,1,운남동,781-1,12330,,,
운남주공8단지,2000,6450,2006,6,23,59.42,10,운남동,781-1,12330,,,
운남주공8단지,2000,6450,2006,6,23,59.42,9,운남동,781-1,12330,,,
운남주공8단지,2000,4599,2006,6,23,49.34,8,운남동,781-1,12330,,,
운남주공8단지,2000,6450,2006,6,23,59.42,7,운남동,781-1,12330,,,
운남주공8단지,2000,6403,2006,6,23,59.42,3,운남동,781-1,12330,,,
운남주공8단지,2000,4486,2006,6,23,49.55,16,운남동,781-1,12330,,,
운남주공8단지,2000,6422,2006,6,23,59.41,6,운남동,781-1,12330,,,
운남주공8단지,2000,6412,2006,6,23,59.41,17,운남동,781-1,12330,,,
운남주공8단지,2000,6450,2006,6,23,59.42,5,운남동,781-1,12330,,,
운남주공8단지,2000,6356,2006,6,23,59.41,14,운남동,781-1,12330,,,
운남주공8단지,2000,4325,2006,6,23,51.94,1,운남동,781-1,12330,,,
운남주공8단지,2000,4325,2006,6,23,51.94,1,운남동,781-1,12330,,,
운남주공8단지,2000,6450,2006,6,23,59.42,6,운남동,781-1,12330,,,
운남주공8단지,2000,6403,2006,6,23,59.42,3,운남동,781-1,12330,,,
운남주공8단지,2000,6280,2006,6,23,59.41,2,운남동,781-1,12330,,,
운남주공8단지,2000,6412,2006,6,23,59.41,18,운남동,781-1,12330,,,
운남주공8단지,2000,6450,2006,6,23,59.42,12,운남동,781-1,12330,,,
운남주공8단지,2000,4462,2006,6,23,49.55,19,운남동,781-1,12330,,,
운남주공8단지,2000,4486,2006,6,23,49.55,15,운남동,781-1,12330,,,
운남주공8단지,2000,4486,2006,6,23,49.55,7,운남동,781-1,12330,,,
운남주공8단지,2000,4486,2006,6,23,49.55,12,운남동,781-1,12330,,,
운남주공8단지,2000,4486,2006,6,23,49.55,13,운남동,781-1,12330,,,
운남주공8단지,2000,4486,2006,6,23,49.55,14,운남동,781-1,12330,,,
운남주공8단지,2000,6403,2006,6,23,59.42,3,운남동,781-1,12330,,,
운남주공8단지,2000,6365,2006,6,23,59.41,12,운남동,781-1,12330,,,
운남주공8단지,2000,6393,2006,6,23,59.41,7,운남동,781-1,12330,,,
운남주공8단지,2000,4462,2006,6,23,49.55,3,운남동,781-1,12330,,,
운남주공8단지,2000,4386,2006,6,23,49.55,3,운남동,781-1,12330,,,
운남주공8단지,2000,4510,2006,6,23,49.55,3,운남동,781-1,12330,,,
운남주공8단지,2000,4486,2006,6,23,49.55,18,운남동,781-1,12330,,,
운남주공8단지,2000,6233,2006,6,23,59.42,16,운남동,781-1,12330,,,
운남주공8단지,2000,4486,2006,6,23,49.55,14,운남동,781-1,12330,,,
운남주공8단지,2000,4533,2006,6,23,49.55,14,운남동,781-1,12330,,,
운남주공8단지,2000,4533,2006,6,23,49.55,5,운남동,781-1,12330,,,
운남주공8단지,2000,4462,2006,6,23,49.55,4,운남동,781-1,12330,,,
운남주공8단지,2000,4566,2006,6,23,49.55,3,운남동,781-1,12330,,,
운남주공8단지,2000,4599,2006,6,23,49.34,13,운남동,781-1,12330,,,
송정주공,1982,4300,2006,6,24,48.69,2,우산동,1079-3,12330,,,
신창3차호반베르디움,2005,13000,2006,6,24,69.4646,7,신창동,1118,12330,,,
우미3,1997,6950,2006,6,24,59.83,2,월계동,763-3,12330,,,
첨단금광,1997,11370,2006,6,24,92.115,3,월계동,757-7,12330,,,
삼능,1996,8350,2006,6,25,78.02,5,월계동,759-2,12330,,,
상아,1996,7800,2006,6,25,84.9,13,송정동,965-1,12330,,,
금강3차,2000,5870,2006,6,26,59.84,2,송정동,238,12330,,,
대화,1998,5000,2006,6,26,59.91,9,송정동,202,12330,,,
명지2차,2005,9000,2006,6,26,84.8858,9,송정동,448-1,12330,,,
삼능,2003,13500,2006,6,26,84.986,10,신창동,1108-3,12330,,,
송정주공,1982,4850,2006,6,26,45.73,3,우산동,1079-3,12330,,,
신창5차호반베르디움,2005,15200,2006,6,26,84.976,4,신창동,1111,12330,,,
신창동모아미래도,2000,3940,2006,6,26,36.45,4,신창동,462-2,12330,,,
신창동모아미래도,2000,3740,2006,6,26,36.45,13,신창동,462-2,12330,,,
신창동모아미래도,2000,3940,2006,6,26,36.45,12,신창동,462-2,12330,,,
신창동모아미래도,2000,6402,2006,6,26,59.7,3,신창동,462-2,12330,,,
신창동모아미래도,2000,5094,2006,6,26,47.7,2,신창동,462-2,12330,,,
신창동모아미래도,2000,5294,2006,6,26,47.7,11,신창동,462-2,12330,,,
신창동모아미래도,2000,3940,2006,6,26,36.45,9,신창동,462-2,12330,,,
운남주공5단지,1997,9000,2006,6,26,84.77,13,운남동,769-1,12330,,,
운남주공8단지,2000,6346,2006,6,26,59.41,3,운남동,781-1,12330,,,
운남주공8단지,2000,6365,2006,6,26,59.41,3,운남동,781-1,12330,,,
운남주공8단지,2000,4339,2006,6,26,49.55,17,운남동,781-1,12330,,,
운남주공8단지,2000,5950,2006,6,26,59.42,14,운남동,781-1,12330,,,
운남주공8단지,2000,6224,2006,6,26,59.41,22,운남동,781-1,12330,,,
운남주공8단지,2000,6185,2006,6,26,59.42,19,운남동,781-1,12330,,,
운남주공8단지,2000,4363,2006,6,26,49.55,16,운남동,781-1,12330,,,
운남주공8단지,2000,6271,2006,6,26,59.41,19,운남동,781-1,12330,,,
운남주공8단지,2000,6430,2006,6,26,59.41,23,운남동,781-1,12330,,,
운남주공8단지,2000,6356,2006,6,26,59.41,11,운남동,781-1,12330,,,
운남주공8단지,2000,5912,2006,6,26,59.41,2,운남동,781-1,12330,,,
운남주공8단지,2000,6356,2006,6,26,59.41,4,운남동,781-1,12330,,,
운남주공8단지,2000,5950,2006,6,26,59.42,11,운남동,781-1,12330,,,
운남주공8단지,2000,6261,2006,6,26,59.41,15,운남동,781-1,12330,,,
운남주공8단지,2000,6422,2006,6,26,59.41,9,운남동,781-1,12330,,,
운남주공8단지,2000,6412,2006,6,26,59.41,12,운남동,781-1,12330,,,
운남주공8단지,2000,4505,2006,6,26,49.55,17,운남동,781-1,12330,,,
운남주공8단지,2000,6422,2006,6,26,59.41,7,운남동,781-1,12330,,,
운남주공8단지,2000,5808,2006,6,26,59.42,18,운남동,781-1,12330,,,
운남주공8단지,2000,6384,2006,6,26,59.41,16,운남동,781-1,12330,,,
운남주공8단지,2000,6365,2006,6,26,59.41,10,운남동,781-1,12330,,,
운남주공8단지,2000,6271,2006,6,26,59.41,14,운남동,781-1,12330,,,
운남주공8단지,2000,6309,2006,6,26,59.41,22,운남동,781-1,12330,,,
운남주공8단지,2000,6233,2006,6,26,59.42,2,운남동,781-1,12330,,,
운남주공8단지,2000,6403,2006,6,26,59.41,11,운남동,781-1,12330,,,
운남주공8단지,2000,6365,2006,6,26,59.41,10,운남동,781-1,12330,,,
운남주공8단지,2000,5525,2006,6,26,59.42,1,운남동,781-1,12330,,,
운남주공8단지,2000,6365,2006,6,26,59.41,13,운남동,781-1,12330,,,
운남주공8단지,2000,6375,2006,6,26,59.42,5,운남동,781-1,12330,,,
운남주공8단지,2000,6365,2006,6,26,59.41,15,운남동,781-1,12330,,,
운남주공8단지,2000,6384,2006,6,26,59.41,18,운남동,781-1,12330,,,
운남주공8단지,2000,6337,2006,6,26,59.41,3,운남동,781-1,12330,,,
운남주공8단지,2000,6308,2006,6,26,59.42,15,운남동,781-1,12330,,,
운남주공8단지,2000,4363,2006,6,26,49.55,6,운남동,781-1,12330,,,
운남주공8단지,2000,6356,2006,6,26,59.41,13,운남동,781-1,12330,,,
운남주공8단지,2000,6356,2006,6,26,59.41,8,운남동,781-1,12330,,,
운남주공8단지,2000,6356,2006,6,26,59.41,14,운남동,781-1,12330,,,
운남주공8단지,2000,4363,2006,6,26,49.55,13,운남동,781-1,12330,,,
운남주공8단지,2000,6271,2006,6,26,59.41,20,운남동,781-1,12330,,,
운남주공8단지,2000,6271,2006,6,26,59.41,10,운남동,781-1,12330,,,
운남주공8단지,2000,6403,2006,6,26,59.41,9,운남동,781-1,12330,,,
운남주공8단지,2000,6356,2006,6,26,59.41,15,운남동,781-1,12330,,,
운남주공8단지,2000,6375,2006,6,26,59.42,17,운남동,781-1,12330,,,
운남주공8단지,2000,6356,2006,6,26,59.41,8,운남동,781-1,12330,,,
운남주공8단지,2000,6356,2006,6,26,59.41,9,운남동,781-1,12330,,,
운남주공8단지,2000,6365,2006,6,26,59.41,5,운남동,781-1,12330,,,
운남주공8단지,2000,6375,2006,6,26,59.42,17,운남동,781-1,12330,,,
운남주공8단지,2000,6233,2006,6,26,59.42,12,운남동,781-1,12330,,,
운남주공8단지,2000,6233,2006,6,26,59.42,17,운남동,781-1,12330,,,
운남주공8단지,2000,4363,2006,6,26,49.55,6,운남동,781-1,12330,,,
운남주공8단지,2000,6233,2006,6,26,59.42,18,운남동,781-1,12330,,,
운남주공8단지,2000,6393,2006,6,26,59.41,8,운남동,781-1,12330,,,
운남주공8단지,2000,6393,2006,6,26,59.41,9,운남동,781-1,12330,,,
운남주공8단지,2000,6271,2006,6,26,59.41,8,운남동,781-1,12330,,,
운남주공8단지,2000,4505,2006,6,26,49.55,15,운남동,781-1,12330,,,
일신,1992,8100,2006,6,26,84.69,12,월곡동,538-1,12330,,,
제일파크맨션,1992,6800,2006,6,26,75.18,15,우산동,1572-1,12330,,,
중흥2,1998,6000,2006,6,26,71.345,11,신가동,302-25,12330,,,
한성1차,1988,3850,2006,6,26,47.21,4,월곡동,614-1,12330,,,
대주,1996,9550,2006,6,27,84.98,2,월계동,758-6,12330,,,
대화,1998,4850,2006,6,27,59.91,9,송정동,202,12330,,,
리버힐,1992,4000,2006,6,27,49.86,4,우산동,1602-2,12330,,,
모아드림타운1차,2000,8950,2006,6,27,82.8908,5,소촌동,286-1,12330,,,
모아드림타운1차,2000,8800,2006,6,27,82.8908,10,소촌동,286-1,12330,,,
모아드림타운1차,2000,6220,2006,6,27,59.3556,10,소촌동,286-1,12330,,,
삼능,2003,13300,2006,6,27,84.986,19,신창동,1108-3,12330,,,
신창동모아미래도,2000,4152,2006,6,27,37.95,13,신창동,462-2,12330,,,
신창동모아미래도,2000,4152,2006,6,27,37.95,5,신창동,462-2,12330,,,
신창동모아미래도,2000,5294,2006,6,27,47.7,4,신창동,462-2,12330,,,
신창동모아미래도,2000,6202,2006,6,27,59.7,2,신창동,462-2,12330,,,
신창동모아미래도,2000,3940,2006,6,27,36.45,6,신창동,462-2,12330,,,
신창동모아미래도,2000,5094,2006,6,27,47.7,2,신창동,462-2,12330,,,
신창동모아미래도,2000,3940,2006,6,27,36.45,9,신창동,462-2,12330,,,
신창동모아미래도,2000,5294,2006,6,27,47.7,7,신창동,462-2,12330,,,
신창동모아미래도,2000,3940,2006,6,27,36.45,6,신창동,462-2,12330,,,
신창동모아미래도,2000,5294,2006,6,27,47.7,6,신창동,462-2,12330,,,
신창동모아미래도,2000,3940,2006,6,27,36.45,5,신창동,462-2,12330,,,
신창동모아미래도,2000,3940,2006,6,27,36.45,5,신창동,462-2,12330,,,
신창동모아미래도,2000,5294,2006,6,27,47.7,5,신창동,462-2,12330,,,
신창동모아미래도,2000,5294,2006,6,27,47.7,4,신창동,462-2,12330,,,
신창동모아미래도,2000,5294,2006,6,27,47.7,4,신창동,462-2,12330,,,
신창동모아미래도,2000,5394,2006,6,27,49.5,4,신창동,462-2,12330,,,
신창동모아미래도,2000,3940,2006,6,27,36.45,3,신창동,462-2,12330,,,
신창동모아미래도,2000,5094,2006,6,27,47.7,2,신창동,462-2,12330,,,
신창동모아미래도,2000,6402,2006,6,27,59.7,8,신창동,462-2,12330,,,
신창동모아미래도,2000,6402,2006,6,27,59.7,9,신창동,462-2,12330,,,
신창동모아미래도,2000,4994,2006,6,27,47.7,1,신창동,462-2,12330,,,
신창동모아미래도,2000,3640,2006,6,27,36.45,1,신창동,462-2,12330,,,
신창동모아미래도,2000,5094,2006,6,27,49.5,1,신창동,462-2,12330,,,
신창동모아미래도,2000,6402,2006,6,27,59.7,8,신창동,462-2,12330,,,
신창동모아미래도,2000,6402,2006,6,27,59.7,7,신창동,462-2,12330,,,
신창동모아미래도,2000,6402,2006,6,27,59.7,7,신창동,462-2,12330,,,
신창동모아미래도,2000,6402,2006,6,27,59.7,6,신창동,462-2,12330,,,
신창동모아미래도,2000,6402,2006,6,27,59.7,4,신창동,462-2,12330,,,
신창동모아미래도,2000,5294,2006,6,27,47.7,12,신창동,462-2,12330,,,
신창동모아미래도,2000,3940,2006,6,27,36.45,12,신창동,462-2,12330,,,
신창동모아미래도,2000,3940,2006,6,27,36.45,11,신창동,462-2,12330,,,
신창동모아미래도,2000,5294,2006,6,27,47.7,11,신창동,462-2,12330,,,
신창동모아미래도,2000,5294,2006,6,27,47.7,9,신창동,462-2,12330,,,
신창동모아미래도,2000,5294,2006,6,27,47.7,9,신창동,462-2,12330,,,
신창동모아미래도,2000,3940,2006,6,27,36.45,8,신창동,462-2,12330,,,
신창동모아미래도,2000,3940,2006,6,27,36.45,8,신창동,462-2,12330,,,
신창동모아미래도,2000,4152,2006,6,27,37.95,3,신창동,462-2,12330,,,
신창동모아미래도,2000,3940,2006,6,27,36.45,3,신창동,462-2,12330,,,
신창동모아미래도,2000,3940,2006,6,27,36.45,7,신창동,462-2,12330,,,
신창동모아미래도,2000,6402,2006,6,27,59.7,4,신창동,462-2,12330,,,
신창동모아미래도,2000,6402,2006,6,27,59.7,3,신창동,462-2,12330,,,
신창동모아미래도,2000,6102,2006,6,27,59.7,1,신창동,462-2,12330,,,
신창동모아미래도,2000,5294,2006,6,27,47.7,7,신창동,462-2,12330,,,
신창동모아미래도,2000,3940,2006,6,27,36.45,9,신창동,462-2,12330,,,
운남주공8단지,2000,4434,2006,6,27,49.55,2,운남동,781-1,12330,,,
운남주공8단지,2000,6271,2006,6,27,59.42,7,운남동,781-1,12330,,,
운남주공8단지,2000,6280,2006,6,27,59.41,2,운남동,781-1,12330,,,
운남주공8단지,2000,6224,2006,6,27,59.41,3,운남동,781-1,12330,,,
운남주공8단지,2000,6271,2006,6,27,59.41,21,운남동,781-1,12330,,,
운남주공8단지,2000,6053,2006,6,27,59.41,15,운남동,781-1,12330,,,
운남주공8단지,2000,4590,2006,6,27,49.55,6,운남동,781-1,12330,,,
운남주공8단지,2000,6365,2006,6,27,59.41,4,운남동,781-1,12330,,,
운남주공8단지,2000,6412,2006,6,27,59.41,14,운남동,781-1,12330,,,
운남주공8단지,2000,4339,2006,6,27,49.55,2,운남동,781-1,12330,,,
운남주공8단지,2000,6356,2006,6,27,59.41,12,운남동,781-1,12330,,,
운남주공8단지,2000,6346,2006,6,27,59.41,17,운남동,781-1,12330,,,
운남주공8단지,2000,6053,2006,6,27,59.41,5,운남동,781-1,12330,,,
운남주공8단지,2000,6233,2006,6,27,59.42,12,운남동,781-1,12330,,,
운남주공8단지,2000,6233,2006,6,27,59.42,7,운남동,781-1,12330,,,
운남주공8단지,2000,5912,2006,6,27,59.41,18,운남동,781-1,12330,,,
운남주공8단지,2000,6356,2006,6,27,59.41,5,운남동,781-1,12330,,,
운남주공8단지,2000,5912,2006,6,27,59.41,2,운남동,781-1,12330,,,
운남주공8단지,2000,6384,2006,6,27,59.41,7,운남동,781-1,12330,,,
운남주공8단지,2000,6422,2006,6,27,59.41,15,운남동,781-1,12330,,,
운남주공8단지,2000,6412,2006,6,27,59.41,7,운남동,781-1,12330,,,
운남주공8단지,2000,6384,2006,6,27,59.41,17,운남동,781-1,12330,,,
운남주공8단지,2000,6403,2006,6,27,59.41,6,운남동,781-1,12330,,,
운남주공8단지,2000,6422,2006,6,27,59.41,5,운남동,781-1,12330,,,
운남주공8단지,2000,4528,2006,6,27,49.34,2,운남동,781-1,12330,,,
운남주공8단지,2000,6271,2006,6,27,59.42,14,운남동,781-1,12330,,,
운남주공8단지,2000,6412,2006,6,27,59.41,14,운남동,781-1,12330,,,
운남주공8단지,2000,6450,2006,6,27,59.42,7,운남동,781-1,12330,,,
운남주공8단지,2000,4505,2006,6,27,49.55,2,운남동,781-1,12330,,,
운남주공8단지,2000,4505,2006,6,27,49.55,14,운남동,781-1,12330,,,
운남주공8단지,2000,6422,2006,6,27,59.41,10,운남동,781-1,12330,,,
운남주공8단지,2000,5902,2006,6,27,59.42,18,운남동,781-1,12330,,,
운남주공8단지,2000,6233,2006,6,27,59.42,18,운남동,781-1,12330,,,
운남주공8단지,2000,6271,2006,6,27,59.41,21,운남동,781-1,12330,,,
운남주공8단지,2000,6356,2006,6,27,59.41,19,운남동,781-1,12330,,,
운남주공8단지,2000,5950,2006,6,27,59.42,11,운남동,781-1,12330,,,
운남주공8단지,2000,6233,2006,6,27,59.42,5,운남동,781-1,12330,,,
운남주공8단지,2000,6393,2006,6,27,59.41,14,운남동,781-1,12330,,,
운남주공8단지,2000,6403,2006,6,27,59.41,13,운남동,781-1,12330,,,
운남주공8단지,2000,6393,2006,6,27,59.41,12,운남동,781-1,12330,,,
운남주공8단지,2000,6403,2006,6,27,59.41,12,운남동,781-1,12330,,,
운남주공8단지,2000,6365,2006,6,27,59.41,10,운남동,781-1,12330,,,
운남주공8단지,2000,6422,2006,6,27,59.41,13,운남동,781-1,12330,,,
운남주공8단지,2000,5950,2006,6,27,59.42,6,운남동,781-1,12330,,,
운남주공8단지,2000,6318,2006,6,27,59.41,19,운남동,781-1,12330,,,
운남주공8단지,2000,6271,2006,6,27,59.41,14,운남동,781-1,12330,,,
운남주공8단지,2000,6422,2006,6,27,59.41,7,운남동,781-1,12330,,,
운남주공8단지,2000,6384,2006,6,27,59.41,11,운남동,781-1,12330,,,
운남주공8단지,2000,6412,2006,6,27,59.41,14,운남동,781-1,12330,,,
운남주공8단지,2000,6450,2006,6,27,59.42,5,운남동,781-1,12330,,,
운남주공8단지,2000,6375,2006,6,27,59.42,10,운남동,781-1,12330,,,
운남주공8단지,2000,6299,2006,6,27,59.42,16,운남동,781-1,12330,,,
운남주공8단지,2000,6053,2006,6,27,59.41,13,운남동,781-1,12330,,,
운남주공8단지,2000,4363,2006,6,27,49.55,5,운남동,781-1,12330,,,
운남주공8단지,2000,6233,2006,6,27,59.42,13,운남동,781-1,12330,,,
운남주공8단지,2000,6356,2006,6,27,59.41,17,운남동,781-1,12330,,,
운남주공8단지,2000,6233,2006,6,27,59.42,14,운남동,781-1,12330,,,
운남주공8단지,2000,6233,2006,6,27,59.42,5,운남동,781-1,12330,,,
운남주공8단지,2000,4410,2006,6,27,49.55,16,운남동,781-1,12330,,,
운남주공8단지,2000,6365,2006,6,27,59.41,6,운남동,781-1,12330,,,
운남주공8단지,2000,6251,2006,6,27,59.41,18,운남동,781-1,12330,,,
운남주공8단지,2000,6365,2006,6,27,59.41,11,운남동,781-1,12330,,,
운남주공8단지,2000,6271,2006,6,27,59.41,13,운남동,781-1,12330,,,
운남주공8단지,2000,6318,2006,6,27,59.41,4,운남동,781-1,12330,,,
운남주공8단지,2000,6233,2006,6,27,59.42,6,운남동,781-1,12330,,,
운남주공8단지,2000,6044,2006,6,27,59.42,10,운남동,781-1,12330,,,
운남주공8단지,2000,6384,2006,6,27,59.41,10,운남동,781-1,12330,,,
운남주공8단지,2000,6374,2006,6,27,59.41,3,운남동,781-1,12330,,,
첨단두산1차,1996,5700,2006,6,27,59.997,5,월계동,764-4,12330,,,
한성1차,1988,3700,2006,6,27,47.54,4,월곡동,614-1,12330,,,
호반2차,1998,5200,2006,6,27,59.95,12,도산동,782,12330,,,
건영,1998,10700,2006,6,28,86.11,10,월계동,755-5,12330,,,
금강3차,2000,5870,2006,6,28,59.84,6,송정동,238,12330,,,
기산,1996,6770,2006,6,28,66.27,1,월계동,758-8,12330,,,
모아드림타운1차,2000,8950,2006,6,28,82.8908,8,소촌동,286-1,12330,,,
부영그린타운,2005,14700,2006,6,28,84.8512,5,산월동,885-3,12330,,,
신창6차호반베르디움,2005,13450,2006,6,28,70.9346,18,신가동,1048,12330,,,
온세계아이조움,2004,12400,2006,6,28,84.5844,9,송정동,223,12330,,,
운남주공8단지,2000,6422,2006,6,28,59.41,10,운남동,781-1,12330,,,
운남주공8단지,2000,4363,2006,6,28,49.55,7,운남동,781-1,12330,,,
운남주공8단지,2000,4481,2006,6,28,49.55,4,운남동,781-1,12330,,,
운남주공8단지,2000,4339,2006,6,28,49.55,4,운남동,781-1,12330,,,
운남주공8단지,2000,4339,2006,6,28,49.55,3,운남동,781-1,12330,,,
운남주공8단지,2000,4339,2006,6,28,49.55,4,운남동,781-1,12330,,,
운남주공8단지,2000,4505,2006,6,28,49.55,8,운남동,781-1,12330,,,
운남주공8단지,2000,6356,2006,6,28,59.41,19,운남동,781-1,12330,,,
운남주공8단지,2000,6374,2006,6,28,59.41,4,운남동,781-1,12330,,,
운남주공8단지,2000,6308,2006,6,28,59.42,2,운남동,781-1,12330,,,
운남주공8단지,2000,6412,2006,6,28,59.41,9,운남동,781-1,12330,,,
운남주공8단지,2000,4519,2006,6,28,49.55,2,운남동,781-1,12330,,,
운남주공8단지,2000,6356,2006,6,28,59.41,19,운남동,781-1,12330,,,
운남주공8단지,2000,6270,2006,6,28,59.41,23,운남동,781-1,12330,,,
운남주공8단지,2000,6223,2006,6,28,59.41,2,운남동,781-1,12330,,,
운남주공8단지,2000,4481,2006,6,28,49.55,3,운남동,781-1,12330,,,
운남주공8단지,2000,6422,2006,6,28,59.41,12,운남동,781-1,12330,,,
운남주공8단지,2000,6375,2006,6,28,59.42,15,운남동,781-1,12330,,,
운남주공8단지,2000,6375,2006,6,28,59.42,8,운남동,781-1,12330,,,
운남주공8단지,2000,6252,2006,6,28,59.42,19,운남동,781-1,12330,,,
운남주공8단지,2000,6375,2006,6,28,59.42,14,운남동,781-1,12330,,,
운남주공8단지,2000,6375,2006,6,28,59.42,18,운남동,781-1,12330,,,
운남주공8단지,2000,6356,2006,6,28,59.41,19,운남동,781-1,12330,,,
운남주공8단지,2000,5950,2006,6,28,59.42,5,운남동,781-1,12330,,,
운남주공8단지,2000,6327,2006,6,28,59.42,4,운남동,781-1,12330,,,
운남주공8단지,2000,6356,2006,6,28,59.41,6,운남동,781-1,12330,,,
운남주공8단지,2000,6053,2006,6,28,59.41,12,운남동,781-1,12330,,,
운남주공8단지,2000,4599,2006,6,28,49.34,13,운남동,781-1,12330,,,
운남주공8단지,2000,6422,2006,6,28,59.41,9,운남동,781-1,12330,,,
운남주공8단지,2000,6384,2006,6,28,59.41,13,운남동,781-1,12330,,,
운남주공8단지,2000,6365,2006,6,28,59.41,8,운남동,781-1,12330,,,
운남주공8단지,2000,6224,2006,6,28,59.41,4,운남동,781-1,12330,,,
운남주공8단지,2000,4519,2006,6,28,49.55,2,운남동,781-1,12330,,,
운남주공8단지,2000,4434,2006,6,28,49.55,20,운남동,781-1,12330,,,
운남주공8단지,2000,6450,2006,6,28,59.42,13,운남동,781-1,12330,,,
운남주공8단지,2000,6299,2006,6,28,59.42,10,운남동,781-1,12330,,,
운남주공8단지,2000,6318,2006,6,28,59.41,3,운남동,781-1,12330,,,
운남주공8단지,2000,6384,2006,6,28,59.41,7,운남동,781-1,12330,,,
첨단동부,1997,13800,2006,6,28,91.882,11,월계동,757-3,12330,,,
첨단두산2,1996,6270,2006,6,28,59.997,4,월계동,765-8,12330,,,
첨단라인1,1995,6700,2006,6,28,60,3,월계동,765-2,12330,,,
첨단선경,1997,10600,2006,6,28,92.78,8,월계동,756-3,12330,,,
호반2차,1997,6100,2006,6,28,59.82,2,월계동,763-6,12330,,,
호반2차,1997,5150,2006,6,28,59.82,2,월계동,763-6,12330,,,
금호,1996,11000,2006,6,29,92.39,5,월계동,756-5,12330,,,
신창동모아미래도,2000,6402,2006,6,29,59.7,5,신창동,462-2,12330,,,
운남주공5단지,1997,9900,2006,6,29,84.77,12,운남동,769-1,12330,,,
운남주공8단지,2000,5525,2006,6,29,59.42,1,운남동,781-1,12330,,,
운남주공8단지,2000,6365,2006,6,29,59.41,4,운남동,781-1,12330,,,
운남주공8단지,2000,6412,2006,6,29,59.41,20,운남동,781-1,12330,,,
운남주공8단지,2000,6356,2006,6,29,59.41,4,운남동,781-1,12330,,,
운남주공8단지,2000,5619,2006,6,29,59.42,1,운남동,781-1,12330,,,
운남주공8단지,2000,4528,2006,6,29,49.34,15,운남동,781-1,12330,,,
운남주공8단지,2000,4486,2006,6,29,49.55,10,운남동,781-1,12330,,,
운남주공8단지,2000,5808,2006,6,29,59.42,2,운남동,781-1,12330,,,
운남주공8단지,2000,6025,2006,6,29,59.42,1,운남동,781-1,12330,,,
운남주공8단지,2000,6053,2006,6,29,59.41,14,운남동,781-1,12330,,,
운남주공8단지,2000,6337,2006,6,29,59.41,4,운남동,781-1,12330,,,
운남주공8단지,2000,5808,2006,6,29,59.42,18,운남동,781-1,12330,,,
운남주공8단지,2000,6224,2006,6,29,59.42,19,운남동,781-1,12330,,,
운남주공8단지,2000,5808,2006,6,29,59.42,1,운남동,781-1,12330,,,
운남주공8단지,2000,6129,2006,6,29,59.42,2,운남동,781-1,12330,,,
운남주공8단지,2000,6450,2006,6,29,59.42,5,운남동,781-1,12330,,,
운남주공8단지,2000,5950,2006,6,29,59.42,13,운남동,781-1,12330,,,
운남주공8단지,2000,6384,2006,6,29,59.41,7,운남동,781-1,12330,,,
운남주공8단지,2000,6270,2006,6,29,59.41,2,운남동,781-1,12330,,,
운남주공8단지,2000,6271,2006,6,29,59.42,17,운남동,781-1,12330,,,
운남주공8단지,2000,5808,2006,6,29,59.42,1,운남동,781-1,12330,,,
운남주공8단지,2000,4306,2006,6,29,51.94,1,운남동,781-1,12330,,,
운남주공8단지,2000,6365,2006,6,29,59.41,6,운남동,781-1,12330,,,
운남주공8단지,2000,6252,2006,6,29,59.42,4,운남동,781-1,12330,,,
운남주공8단지,2000,4297,2006,6,29,51.94,1,운남동,781-1,12330,,,
운남주공8단지,2000,6309,2006,6,29,59.41,22,운남동,781-1,12330,,,
운남주공8단지,2000,6243,2006,6,29,59.41,2,운남동,781-1,12330,,,
운남주공8단지,2000,6356,2006,6,29,59.41,18,운남동,781-1,12330,,,
운남주공8단지,2000,6375,2006,6,29,59.42,18,운남동,781-1,12330,,,
운남주공8단지,2000,6375,2006,6,29,59.42,9,운남동,781-1,12330,,,
운남주공8단지,2000,5903,2006,6,29,59.42,3,운남동,781-1,12330,,,
운남주공8단지,2000,6214,2006,6,29,59.41,2,운남동,781-1,12330,,,
운남주공8단지,2000,5950,2006,6,29,59.42,7,운남동,781-1,12330,,,
운남주공8단지,2000,6356,2006,6,29,59.41,14,운남동,781-1,12330,,,
운남주공8단지,2000,6006,2006,6,29,59.41,17,운남동,781-1,12330,,,
운남주공8단지,2000,6356,2006,6,29,59.41,21,운남동,781-1,12330,,,
운남주공8단지,2000,5525,2006,6,29,59.42,1,운남동,781-1,12330,,,
운남주공8단지,2000,6375,2006,6,29,59.42,18,운남동,781-1,12330,,,
운남주공8단지,2000,6412,2006,6,29,59.41,20,운남동,781-1,12330,,,
운남주공8단지,2000,5912,2006,6,29,59.41,2,운남동,781-1,12330,,,
운남주공8단지,2000,6384,2006,6,29,59.41,6,운남동,781-1,12330,,,
운남주공8단지,2000,6243,2006,6,29,59.41,2,운남동,781-1,12330,,,
운남주공8단지,2000,6384,2006,6,29,59.41,5,운남동,781-1,12330,,,
운남주공8단지,2000,5846,2006,6,29,59.42,1,운남동,781-1,12330,,,
운남주공8단지,2000,6422,2006,6,29,59.41,11,운남동,781-1,12330,,,
운남주공8단지,2000,6422,2006,6,29,59.41,14,운남동,781-1,12330,,,
운남주공8단지,2000,4334,2006,6,29,51.94,1,운남동,781-1,12330,,,
운남주공8단지,2000,6403,2006,6,29,59.42,3,운남동,781-1,12330,,,
운남주공8단지,2000,6422,2006,6,29,59.41,6,운남동,781-1,12330,,,
운남주공8단지,2000,6384,2006,6,29,59.41,6,운남동,781-1,12330,,,
운남주공8단지,2000,6365,2006,6,29,59.41,4,운남동,781-1,12330,,,
운남주공8단지,2000,6450,2006,6,29,59.42,13,운남동,781-1,12330,,,
운남주공8단지,2000,6422,2006,6,29,59.41,15,운남동,781-1,12330,,,
운남주공8단지,2000,6550,2006,6,29,59.41,10,운남동,781-1,12330,,,
운남주공8단지,2000,6233,2006,6,29,59.42,13,운남동,781-1,12330,,,
운남주공8단지,2000,6375,2006,6,29,59.42,16,운남동,781-1,12330,,,
운남주공8단지,2000,6365,2006,6,29,59.41,10,운남동,781-1,12330,,,
운남주공8단지,2000,6309,2006,6,29,59.41,4,운남동,781-1,12330,,,
운남주공8단지,2000,4363,2006,6,29,49.55,10,운남동,781-1,12330,,,
운남주공8단지,2000,6393,2006,6,29,59.41,5,운남동,781-1,12330,,,
운남주공8단지,2000,6412,2006,6,29,59.41,8,운남동,781-1,12330,,,
운남주공8단지,2000,6270,2006,6,29,59.41,23,운남동,781-1,12330,,,
운남주공8단지,2000,4410,2006,6,29,49.55,10,운남동,781-1,12330,,,
운남주공8단지,2000,4462,2006,6,29,49.55,19,운남동,781-1,12330,,,
운남주공8단지,2000,6318,2006,6,29,59.41,19,운남동,781-1,12330,,,
운남주공8단지,2000,6233,2006,6,29,59.42,17,운남동,781-1,12330,,,
운남주공8단지,2000,6346,2006,6,29,59.41,17,운남동,781-1,12330,,,
운남주공8단지,2000,4486,2006,6,29,49.55,9,운남동,781-1,12330,,,
운남주공8단지,2000,6271,2006,6,29,59.41,20,운남동,781-1,12330,,,
운남주공8단지,2000,6233,2006,6,29,59.42,13,운남동,781-1,12330,,,
운남주공8단지,2000,6375,2006,6,29,59.42,7,운남동,781-1,12330,,,
운남주공8단지,2000,6403,2006,6,29,59.41,5,운남동,781-1,12330,,,
운남주공8단지,2000,6053,2006,6,29,59.41,16,운남동,781-1,12330,,,
운남주공8단지,2000,5950,2006,6,29,59.42,8,운남동,781-1,12330,,,
운남주공8단지,2000,4287,2006,6,29,51.94,1,운남동,781-1,12330,,,
운남주공8단지,2000,6356,2006,6,29,59.41,14,운남동,781-1,12330,,,
운남주공8단지,2000,6233,2006,6,29,59.42,18,운남동,781-1,12330,,,
첨단라인1,1995,6500,2006,6,29,60,4,월계동,765-2,12330,,,
해광샹그릴라,2005,14700,2006,6,29,84.9814,15,신창동,855-9,12330,,,
해광샹그릴라,2005,13490,2006,6,29,84.9106,8,신창동,855-9,12330,,,
호반,1998,5000,2006,6,29,59.88,3,비아동,152-5,12330,,,
호반,1998,3300,2006,6,29,37.83,20,비아동,152-5,12330,,,
호반,1998,3300,2006,6,29,37.83,19,비아동,152-5,12330,,,
호반,1998,3300,2006,6,29,37.83,9,비아동,152-5,12330,,,
호반,1998,3300,2006,6,29,37.83,4,비아동,152-5,12330,,,
호반,1998,3300,2006,6,29,37.83,1,비아동,152-5,12330,,,
호반,1998,3500,2006,6,29,39.68,13,비아동,152-5,12330,,,
호반2차,1997,5350,2006,6,29,59.82,4,월계동,763-6,12330,,,
호반2차,1998,5200,2006,6,29,59.95,6,도산동,782,12330,,,
호반2차,1998,4900,2006,6,29,59.95,1,도산동,782,12330,,,
호반2차,1998,3500,2006,6,29,39.86,10,도산동,782,12330,,,
호반2차,1998,5200,2006,6,29,59.95,10,도산동,782,12330,,,
호반2차,1998,5200,2006,6,29,59.95,9,도산동,782,12330,,,
호반2차,1998,5200,2006,6,29,59.95,11,도산동,782,12330,,,
호반2차,1998,5200,2006,6,29,59.95,6,도산동,782,12330,,,
호반2차,1998,5200,2006,6,29,59.95,6,도산동,782,12330,,,
호반리젠시빌1차,2001,11300,2006,6,29,84.0624,7,신가동,1019-2,12330,,,
호반리젠시빌1차,2001,11300,2006,6,29,84.0624,6,신가동,1019-2,12330,,,
호반리젠시빌1차,2001,11300,2006,6,29,84.0624,14,신가동,1019-2,12330,,,
호반리젠시빌1차,2001,11300,2006,6,29,84.0624,3,신가동,1019-2,12330,,,
호반리젠시빌1차,2001,11300,2006,6,29,84.0624,17,신가동,1019-2,12330,,,
호반리젠시빌1차,2001,11300,2006,6,29,84.0624,8,신가동,1019-2,12330,,,
호반리젠시빌1차,2001,11300,2006,6,29,84.0624,5,신가동,1019-2,12330,,,
호반리젠시빌1차,2001,11300,2006,6,29,84.0624,11,신가동,1019-2,12330,,,
호반리젠시빌1차,2001,11300,2006,6,29,84.0624,14,신가동,1019-2,12330,,,
호반리젠시빌2차,2001,11000,2006,6,29,84.0624,8,신가동,961-1,12330,,,
호반리젠시빌2차,2001,11000,2006,6,29,84.0624,3,신가동,961-1,12330,,,
호반리젠시빌2차,2001,11000,2006,6,29,84.0624,2,신가동,961-1,12330,,,
호반리젠시빌2차,2001,11000,2006,6,29,84.0624,2,신가동,961-1,12330,,,
호반리젠시빌2차,2001,11000,2006,6,29,84.0624,4,신가동,961-1,12330,,,
EG스위트밸리3차,2004,12780,2006,6,30,84.439,4,소촌동,232-6,12330,,,
금호,1996,11550,2006,6,30,92.39,11,월계동,756-5,12330,,,
라인2차,1997,5180,2006,6,30,59.9,3,소촌동,97-1,12330,,,
모아드림타운1차,2000,6100,2006,6,30,59.3556,2,소촌동,286-1,12330,,,
보라2,1992,3500,2006,6,30,44.7,9,소촌동,536-9,12330,,,
서라2,1995,4180,2006,6,30,59.985,15,소촌동,612,12330,,,
온세계아이조움,2004,12400,2006,6,30,84.5844,4,송정동,223,12330,,,
온세계아이조움,2004,12400,2006,6,30,84.5844,7,송정동,223,12330,,,
"운남주공1,2단지",1997,5000,2006,6,30,49.69,10,운남동,776-1,12330,,,
운남주공3단지,1996,5700,2006,6,30,59.76,15,운남동,777-1,12330,,,
운남주공4단지,1996,6000,2006,6,30,59.76,18,운남동,771-1,12330,,,
운남주공4단지,1996,6225,2006,6,30,59.76,11,운남동,771-1,12330,,,
운남주공8단지,2000,4292,2006,6,30,49.55,2,운남동,781-1,12330,,,
운남주공8단지,2000,4287,2006,6,30,51.94,1,운남동,781-1,12330,,,
운남주공8단지,2000,6299,2006,6,30,59.42,17,운남동,781-1,12330,,,
운남주공8단지,2000,4155,2006,6,30,51.94,1,운남동,781-1,12330,,,
운남주공8단지,2000,4155,2006,6,30,51.94,1,운남동,781-1,12330,,,
운남주공8단지,2000,6053,2006,6,30,59.41,11,운남동,781-1,12330,,,
운남주공8단지,2000,6403,2006,6,30,59.41,12,운남동,781-1,12330,,,
운남주공8단지,2000,6422,2006,6,30,59.41,8,운남동,781-1,12330,,,
운남주공8단지,2000,5912,2006,6,30,59.41,18,운남동,781-1,12330,,,
운남주공8단지,2000,4510,2006,6,30,49.55,19,운남동,781-1,12330,,,
운남주공8단지,2000,6356,2006,6,30,59.41,18,운남동,781-1,12330,,,
운남주공8단지,2000,6053,2006,6,30,59.41,15,운남동,781-1,12330,,,
운남주공8단지,2000,6299,2006,6,30,59.42,16,운남동,781-1,12330,,,
운남주공8단지,2000,6053,2006,6,30,59.41,13,운남동,781-1,12330,,,
운남주공8단지,2000,6375,2006,6,30,59.42,11,운남동,781-1,12330,,,
운남주공8단지,2000,6053,2006,6,30,59.41,14,운남동,781-1,12330,,,
운남주공8단지,2000,6214,2006,6,30,59.41,2,운남동,781-1,12330,,,
운남주공8단지,2000,4339,2006,6,30,49.55,3,운남동,781-1,12330,,,
운남주공8단지,2000,6375,2006,6,30,59.42,7,운남동,781-1,12330,,,
운남주공8단지,2000,6375,2006,6,30,59.42,6,운남동,781-1,12330,,,
운남주공8단지,2000,5997,2006,6,30,59.42,17,운남동,781-1,12330,,,
운남주공8단지,2000,6271,2006,6,30,59.41,12,운남동,781-1,12330,,,
운남주공8단지,2000,6271,2006,6,30,59.41,13,운남동,781-1,12330,,,
운남주공8단지,2000,6470,2006,6,30,59.41,4,운남동,781-1,12330,,,
운남주공8단지,2000,6271,2006,6,30,59.42,12,운남동,781-1,12330,,,
운남주공8단지,2000,6375,2006,6,30,59.42,8,운남동,781-1,12330,,,
운남주공8단지,2000,4462,2006,6,30,49.55,2,운남동,781-1,12330,,,
운남주공8단지,2000,6271,2006,6,30,59.41,8,운남동,781-1,12330,,,
운남주공8단지,2000,6091,2006,6,30,59.42,2,운남동,781-1,12330,,,
운남주공8단지,2000,4462,2006,6,30,49.55,3,운남동,781-1,12330,,,
운남주공8단지,2000,4316,2006,6,30,51.94,1,운남동,781-1,12330,,,
운남주공8단지,2000,6393,2006,6,30,59.41,6,운남동,781-1,12330,,,
운남주공8단지,2000,6271,2006,6,30,59.41,18,운남동,781-1,12330,,,
운남주공8단지,2000,6365,2006,6,30,59.41,14,운남동,781-1,12330,,,
운남주공8단지,2000,6384,2006,6,30,59.41,5,운남동,781-1,12330,,,
중흥2,1998,6000,2006,6,30,59.955,14,신가동,302-25,12330,,,
한성1차,1988,3200,2006,6,30,47.21,3,월곡동,614-1,12330,,,
해광샹그릴라,2005,12840,2006,6,30,84.9106,1,신창동,855-9,12330,,,
호반1,1995,5200,2006,6,30,59.95,12,도산동,1136-1,12330,,,
