단지명,건축년도,거래금액(만원),계약년,계약월,계약일,전용면적(㎡),층,법정동,지번,시군구코드,거래유형,매수자구분,매도자구분
리버힐,1992,4000,2007,5,1,49.86,1,우산동,1602-2,12330,,,
삼성,1996,6900,2007,5,1,59.91,6,운남동,387-22,12330,,,
송광1,1994,4370,2007,5,1,59.94,6,우산동,1062-3,12330,,,
"운남주공1,2단지",1997,5000,2007,5,1,59.76,18,운남동,776-1,12330,,,
운남주공7단지,2001,8100,2007,5,1,59.29,15,운남동,794-3,12330,,,
운남주공7단지,2001,5100,2007,5,1,49.83,20,운남동,794-3,12330,,,
제일파크맨션,1992,7300,2007,5,1,78.38,11,우산동,1572-1,12330,,,
첨단라인8,1997,6400,2007,5,1,59.9,3,월계동,763-2,12330,,,
하남우미,1992,4450,2007,5,1,49.92,13,우산동,1572-2,12330,,,
하남주공(2단지),1991,3300,2007,5,1,38.64,7,우산동,1571-1,12330,,,
하남주공(2단지),1991,3750,2007,5,1,44.94,9,우산동,1571-1,12330,,,
대덕,1991,3400,2007,5,2,49.5,6,우산동,1039-5,12330,,,
대덕1,1990,2400,2007,5,2,31.59,8,도산동,1138-2,12330,,,
대주피오레1차,2000,8860,2007,5,2,84.98,8,도산동,790,12330,,,
대주피오레1차,2000,8860,2007,5,2,84.98,5,도산동,790,12330,,,
대주피오레1차,2000,8860,2007,5,2,84.98,5,도산동,790,12330,,,
대주피오레1차,2000,8860,2007,5,2,84.98,7,도산동,790,12330,,,
대주피오레1차,2000,8860,2007,5,2,84.98,12,도산동,790,12330,,,
대주피오레1차,2000,8860,2007,5,2,84.98,7,도산동,790,12330,,,
대주피오레1차,2000,8860,2007,5,2,84.98,3,도산동,790,12330,,,
대주피오레1차,2000,8860,2007,5,2,84.98,10,도산동,790,12330,,,
대주피오레1차,2000,8631,2007,5,2,84.98,13,도산동,790,12330,,,
대주피오레1차,2000,8860,2007,5,2,84.98,12,도산동,790,12330,,,
대주피오레1차,2000,8860,2007,5,2,84.98,12,도산동,790,12330,,,
대주피오레1차,2000,8860,2007,5,2,84.98,12,도산동,790,12330,,,
대주피오레1차,2000,8860,2007,5,2,84.98,11,도산동,790,12330,,,
대주피오레1차,2000,8860,2007,5,2,84.98,11,도산동,790,12330,,,
대주피오레1차,2000,8860,2007,5,2,84.98,11,도산동,790,12330,,,
대주피오레1차,2000,8754,2007,5,2,84.98,10,도산동,790,12330,,,
대주피오레1차,2000,8860,2007,5,2,84.98,10,도산동,790,12330,,,
대주피오레1차,2000,8860,2007,5,2,84.98,10,도산동,790,12330,,,
대주피오레1차,2000,8860,2007,5,2,84.98,9,도산동,790,12330,,,
대주피오레1차,2000,8860,2007,5,2,84.98,9,도산동,790,12330,,,
대주피오레1차,2000,8860,2007,5,2,84.98,9,도산동,790,12330,,,
대주피오레1차,2000,8860,2007,5,2,84.98,8,도산동,790,12330,,,
대주피오레1차,2000,8860,2007,5,2,84.98,7,도산동,790,12330,,,
대주피오레1차,2000,8860,2007,5,2,84.98,7,도산동,790,12330,,,
대주피오레1차,2000,8860,2007,5,2,84.98,7,도산동,790,12330,,,
대주피오레1차,2000,8524,2007,5,2,84.98,13,도산동,790,12330,,,
대주피오레1차,2000,8631,2007,5,2,84.98,13,도산동,790,12330,,,
대주피오레1차,2000,8860,2007,5,2,84.98,7,도산동,790,12330,,,
대주피오레1차,2000,8860,2007,5,2,84.98,7,도산동,790,12330,,,
대주피오레1차,2000,8754,2007,5,2,84.98,12,도산동,790,12330,,,
대주피오레1차,2000,8860,2007,5,2,84.98,12,도산동,790,12330,,,
대주피오레1차,2000,8860,2007,5,2,84.98,12,도산동,790,12330,,,
대주피오레1차,2000,8860,2007,5,2,84.98,12,도산동,790,12330,,,
대주피오레1차,2000,8754,2007,5,2,84.98,6,도산동,790,12330,,,
대주피오레1차,2000,8754,2007,5,2,84.98,11,도산동,790,12330,,,
대주피오레1차,2000,8860,2007,5,2,84.98,6,도산동,790,12330,,,
대주피오레1차,2000,8860,2007,5,2,84.98,11,도산동,790,12330,,,
대주피오레1차,2000,8860,2007,5,2,84.98,11,도산동,790,12330,,,
대주피오레1차,2000,8754,2007,5,2,84.98,5,도산동,790,12330,,,
대주피오레1차,2000,8860,2007,5,2,84.98,5,도산동,790,12330,,,
대주피오레1차,2000,8860,2007,5,2,84.98,10,도산동,790,12330,,,
대주피오레1차,2000,8860,2007,5,2,84.98,4,도산동,790,12330,,,
대주피오레1차,2000,8860,2007,5,2,84.98,4,도산동,790,12330,,,
대주피오레1차,2000,8860,2007,5,2,84.98,4,도산동,790,12330,,,
대주피오레1차,2000,8860,2007,5,2,84.98,4,도산동,790,12330,,,
대주피오레1차,2000,8754,2007,5,2,84.98,3,도산동,790,12330,,,
대주피오레1차,2000,8860,2007,5,2,84.98,3,도산동,790,12330,,,
대주피오레1차,2000,8631,2007,5,2,84.98,2,도산동,790,12330,,,
대주피오레1차,2000,8631,2007,5,2,84.98,2,도산동,790,12330,,,
대주피오레1차,2000,8860,2007,5,2,84.98,3,도산동,790,12330,,,
대주피오레1차,2000,8860,2007,5,2,84.98,8,도산동,790,12330,,,
대주피오레1차,2000,8860,2007,5,2,84.98,12,도산동,790,12330,,,
대주피오레1차,2000,8860,2007,5,2,84.98,12,도산동,790,12330,,,
대주피오레1차,2000,8860,2007,5,2,84.98,10,도산동,790,12330,,,
대주피오레1차,2000,8860,2007,5,2,84.98,10,도산동,790,12330,,,
대주피오레1차,2000,8860,2007,5,2,84.98,10,도산동,790,12330,,,
대주피오레1차,2000,8860,2007,5,2,84.98,9,도산동,790,12330,,,
대주피오레1차,2000,8860,2007,5,2,84.98,9,도산동,790,12330,,,
대주피오레1차,2000,8860,2007,5,2,84.98,9,도산동,790,12330,,,
대주피오레1차,2000,8860,2007,5,2,84.98,8,도산동,790,12330,,,
대주피오레1차,2000,8860,2007,5,2,84.98,8,도산동,790,12330,,,
대주피오레1차,2000,8860,2007,5,2,84.98,8,도산동,790,12330,,,
대주피오레1차,2000,8860,2007,5,2,84.98,7,도산동,790,12330,,,
대주피오레1차,2000,8860,2007,5,2,84.98,7,도산동,790,12330,,,
대주피오레1차,2000,8860,2007,5,2,84.98,6,도산동,790,12330,,,
대주피오레1차,2000,8860,2007,5,2,84.98,5,도산동,790,12330,,,
대주피오레1차,2000,8860,2007,5,2,84.98,5,도산동,790,12330,,,
대주피오레1차,2000,8754,2007,5,2,84.98,4,도산동,790,12330,,,
대주피오레1차,2000,8860,2007,5,2,84.98,7,도산동,790,12330,,,
대주피오레1차,2000,8860,2007,5,2,84.98,7,도산동,790,12330,,,
대주피오레1차,2000,8860,2007,5,2,84.98,6,도산동,790,12330,,,
대주피오레1차,2000,8860,2007,5,2,84.98,5,도산동,790,12330,,,
대주피오레1차,2000,8860,2007,5,2,84.98,5,도산동,790,12330,,,
대주피오레1차,2000,8860,2007,5,2,84.98,5,도산동,790,12330,,,
대주피오레1차,2000,8860,2007,5,2,84.98,3,도산동,790,12330,,,
대주피오레1차,2000,8860,2007,5,2,84.98,3,도산동,790,12330,,,
대주피오레1차,2000,8631,2007,5,2,84.98,2,도산동,790,12330,,,
대주피오레1차,2000,8860,2007,5,2,84.98,8,도산동,790,12330,,,
대주피오레1차,2000,8631,2007,5,2,84.98,6,도산동,790,12330,,,
대주피오레1차,2000,8631,2007,5,2,84.98,7,도산동,790,12330,,,
대주피오레1차,2000,8631,2007,5,2,84.98,7,도산동,790,12330,,,
대주피오레1차,2000,8631,2007,5,2,84.98,7,도산동,790,12330,,,
대주피오레1차,2000,8860,2007,5,2,84.98,6,도산동,790,12330,,,
대주피오레1차,2000,8860,2007,5,2,84.98,5,도산동,790,12330,,,
대주피오레1차,2000,8860,2007,5,2,84.98,4,도산동,790,12330,,,
대주피오레1차,2000,8860,2007,5,2,84.98,4,도산동,790,12330,,,
대주피오레1차,2000,8860,2007,5,2,84.98,3,도산동,790,12330,,,
대주피오레1차,2000,8860,2007,5,2,84.98,3,도산동,790,12330,,,
대주피오레1차,2000,8860,2007,5,2,84.98,3,도산동,790,12330,,,
대주피오레1차,2000,8860,2007,5,2,84.98,4,도산동,790,12330,,,
대주피오레1차,2000,8860,2007,5,2,84.98,3,도산동,790,12330,,,
대주피오레1차,2000,8615,2007,5,2,84.98,1,도산동,790,12330,,,
대주피오레1차,2000,8860,2007,5,2,84.98,10,도산동,790,12330,,,
대주피오레1차,2000,8615,2007,5,2,84.98,1,도산동,790,12330,,,
대주피오레1차,2000,8860,2007,5,2,84.98,6,도산동,790,12330,,,
대주피오레1차,2000,8860,2007,5,2,84.98,12,도산동,790,12330,,,
대주피오레1차,2000,8860,2007,5,2,84.98,10,도산동,790,12330,,,
수동리안아파트,2002,6389,2007,5,2,59.77,13,신가동,1019-1,12330,,,
수동리안아파트,2002,6502,2007,5,2,59.71,12,신가동,1019-1,12330,,,
수동리안아파트,2002,6487,2007,5,2,59.77,4,신가동,1019-1,12330,,,
수동리안아파트,2002,6487,2007,5,2,59.77,8,신가동,1019-1,12330,,,
수동리안아파트,2002,6513,2007,5,2,59.96,5,신가동,1019-1,12330,,,
수동리안아파트,2002,9506,2007,5,2,84.86,10,신가동,1019-1,12330,,,
수동리안아파트,2002,9311,2007,5,2,84.83,5,신가동,1019-1,12330,,,
수동리안아파트,2002,9506,2007,5,2,84.86,4,신가동,1019-1,12330,,,
수동리안아파트,2002,9163,2007,5,2,84.83,13,신가동,1019-1,12330,,,
수동리안아파트,2002,9311,2007,5,2,84.83,7,신가동,1019-1,12330,,,
수동리안아파트,2002,9311,2007,5,2,84.83,7,신가동,1019-1,12330,,,
수동리안아파트,2002,9311,2007,5,2,84.83,6,신가동,1019-1,12330,,,
수동리안아파트,2002,9330,2007,5,2,84.86,4,신가동,1019-1,12330,,,
수동리안아파트,2002,9066,2007,5,2,84.83,2,신가동,1019-1,12330,,,
수동리안아파트,2002,9138,2007,5,2,84.86,1,신가동,1019-1,12330,,,
수동리안아파트,2002,9506,2007,5,2,84.86,10,신가동,1019-1,12330,,,
수동리안아파트,2002,9506,2007,5,2,84.86,6,신가동,1019-1,12330,,,
수동리안아파트,2002,9311,2007,5,2,84.83,11,신가동,1019-1,12330,,,
수동리안아파트,2002,9311,2007,5,2,84.83,6,신가동,1019-1,12330,,,
수동리안아파트,2002,9311,2007,5,2,84.83,5,신가동,1019-1,12330,,,
수동리안아파트,2002,8949,2007,5,2,84.83,1,신가동,1019-1,12330,,,
수동리안아파트,2002,6448,2007,5,2,59.81,14,신가동,1019-1,12330,,,
수동리안아파트,2002,6448,2007,5,2,59.81,14,신가동,1019-1,12330,,,
수동리안아파트,2002,6545,2007,5,2,59.81,10,신가동,1019-1,12330,,,
수동리안아파트,2002,6545,2007,5,2,59.81,10,신가동,1019-1,12330,,,
수동리안아파트,2002,6545,2007,5,2,59.81,3,신가동,1019-1,12330,,,
수동리안아파트,2002,6545,2007,5,2,59.81,13,신가동,1019-1,12330,,,
수동리안아파트,2002,6545,2007,5,2,59.81,9,신가동,1019-1,12330,,,
수동리안아파트,2002,6487,2007,5,2,59.77,6,신가동,1019-1,12330,,,
수동리안아파트,2002,6545,2007,5,2,59.81,6,신가동,1019-1,12330,,,
어등하이빌,1992,5950,2007,5,2,59.67,5,우산동,1572-6,12330,,,
운남주공5단지,1997,8600,2007,5,2,84.77,9,운남동,769-1,12330,,,
운남주공7단지,2001,5000,2007,5,2,49.83,10,운남동,794-3,12330,,,
운남주공7단지,2001,4550,2007,5,2,49.83,23,운남동,794-3,12330,,,
운남주공7단지,2001,6500,2007,5,2,59.29,8,운남동,794-3,12330,,,
운남주공7단지,2001,6255,2007,5,2,59.29,2,운남동,794-3,12330,,,
운남주공7단지,2001,6350,2007,5,2,59.29,18,운남동,794-3,12330,,,
운남주공7단지,2001,6350,2007,5,2,59.29,7,운남동,794-3,12330,,,
운남주공7단지,2001,6350,2007,5,2,59.48,9,운남동,794-3,12330,,,
운남주공7단지,2001,6350,2007,5,2,59.29,9,운남동,794-3,12330,,,
운남주공7단지,2001,6350,2007,5,2,59.48,9,운남동,794-3,12330,,,
운남주공7단지,2001,6350,2007,5,2,59.48,6,운남동,794-3,12330,,,
운남주공7단지,2001,5975,2007,5,2,59.48,1,운남동,794-3,12330,,,
운남주공7단지,2001,3400,2007,5,2,39.99,5,운남동,794-3,12330,,,
운남주공7단지,2001,4595,2007,5,2,49.83,15,운남동,794-3,12330,,,
운남주공7단지,2001,4595,2007,5,2,49.83,12,운남동,794-3,12330,,,
운남주공7단지,2001,4550,2007,5,2,49.83,14,운남동,794-3,12330,,,
운남주공7단지,2001,4650,2007,5,2,49.83,23,운남동,794-3,12330,,,
운남주공7단지,2001,3550,2007,5,2,39.99,14,운남동,794-3,12330,,,
운남주공7단지,2001,4500,2007,5,2,49.83,4,운남동,794-3,12330,,,
운남주공7단지,2001,4550,2007,5,2,49.83,9,운남동,794-3,12330,,,
운남주공7단지,2001,4550,2007,5,2,49.83,13,운남동,794-3,12330,,,
운남주공7단지,2001,4500,2007,5,2,49.83,24,운남동,794-3,12330,,,
운남주공7단지,2001,4500,2007,5,2,49.83,4,운남동,794-3,12330,,,
운남주공7단지,2001,4550,2007,5,2,49.83,9,운남동,794-3,12330,,,
운남주공7단지,2001,4550,2007,5,2,49.83,17,운남동,794-3,12330,,,
운남주공7단지,2001,4550,2007,5,2,49.83,5,운남동,794-3,12330,,,
운남주공7단지,2001,4550,2007,5,2,49.83,17,운남동,794-3,12330,,,
운남주공7단지,2001,3550,2007,5,2,39.99,5,운남동,794-3,12330,,,
운남주공7단지,2001,4480,2007,5,2,49.83,14,운남동,794-3,12330,,,
운남주공7단지,2001,6415,2007,5,2,59.29,15,운남동,794-3,12330,,,
운남주공7단지,2001,3505,2007,5,2,39.99,4,운남동,794-3,12330,,,
운남주공7단지,2001,4430,2007,5,2,49.83,4,운남동,794-3,12330,,,
운남주공7단지,2001,6350,2007,5,2,59.48,12,운남동,794-3,12330,,,
한성1차,1988,2600,2007,5,2,47.07,3,월곡동,614-1,12330,,,
호반,1998,5850,2007,5,2,59.88,11,비아동,152-5,12330,,,
호반1,1995,5250,2007,5,2,59.95,11,도산동,1136-1,12330,,,
금호타운,1991,7250,2007,5,3,74,2,월곡동,613-1,12330,,,
대덕1,1990,2500,2007,5,3,39.15,7,도산동,1138-2,12330,,,
대주피오레1차,2000,8860,2007,5,3,84.98,9,도산동,790,12330,,,
대주피오레1차,2000,8860,2007,5,3,84.98,12,도산동,790,12330,,,
대주피오레1차,2000,8631,2007,5,3,84.98,13,도산동,790,12330,,,
대주피오레1차,2000,8631,2007,5,3,84.98,13,도산동,790,12330,,,
대주피오레1차,2000,8860,2007,5,3,84.98,12,도산동,790,12330,,,
대주피오레1차,2000,8860,2007,5,3,84.98,11,도산동,790,12330,,,
대주피오레1차,2000,8860,2007,5,3,84.98,11,도산동,790,12330,,,
대주피오레1차,2000,8860,2007,5,3,84.98,11,도산동,790,12330,,,
대주피오레1차,2000,8860,2007,5,3,84.98,10,도산동,790,12330,,,
대주피오레1차,2000,8860,2007,5,3,84.98,10,도산동,790,12330,,,
대주피오레1차,2000,8860,2007,5,3,84.98,10,도산동,790,12330,,,
대주피오레1차,2000,8754,2007,5,3,84.98,7,도산동,790,12330,,,
대주피오레1차,2000,8860,2007,5,3,84.98,7,도산동,790,12330,,,
대주피오레1차,2000,8524,2007,5,3,84.98,13,도산동,790,12330,,,
대주피오레1차,2000,8754,2007,5,3,84.98,6,도산동,790,12330,,,
대주피오레1차,2000,8860,2007,5,3,84.98,12,도산동,790,12330,,,
대주피오레1차,2000,8860,2007,5,3,84.98,12,도산동,790,12330,,,
대주피오레1차,2000,8860,2007,5,3,84.98,6,도산동,790,12330,,,
대주피오레1차,2000,8754,2007,5,3,84.98,11,도산동,790,12330,,,
대주피오레1차,2000,8860,2007,5,3,84.98,6,도산동,790,12330,,,
대주피오레1차,2000,8860,2007,5,3,84.98,6,도산동,790,12330,,,
대주피오레1차,2000,8860,2007,5,3,84.98,11,도산동,790,12330,,,
대주피오레1차,2000,8860,2007,5,3,84.98,11,도산동,790,12330,,,
대주피오레1차,2000,8860,2007,5,3,84.98,11,도산동,790,12330,,,
대주피오레1차,2000,8860,2007,5,3,84.98,11,도산동,790,12330,,,
대주피오레1차,2000,8860,2007,5,3,84.98,5,도산동,790,12330,,,
대주피오레1차,2000,8754,2007,5,3,84.98,10,도산동,790,12330,,,
대주피오레1차,2000,8754,2007,5,3,84.98,10,도산동,790,12330,,,
대주피오레1차,2000,8860,2007,5,3,84.98,10,도산동,790,12330,,,
대주피오레1차,2000,8860,2007,5,3,84.98,4,도산동,790,12330,,,
대주피오레1차,2000,8754,2007,5,3,84.98,9,도산동,790,12330,,,
대주피오레1차,2000,8754,2007,5,3,84.98,9,도산동,790,12330,,,
대주피오레1차,2000,8860,2007,5,3,84.98,4,도산동,790,12330,,,
대주피오레1차,2000,8524,2007,5,3,84.98,2,도산동,790,12330,,,
대주피오레1차,2000,8860,2007,5,3,84.98,9,도산동,790,12330,,,
대주피오레1차,2000,8860,2007,5,3,84.98,9,도산동,790,12330,,,
대주피오레1차,2000,8860,2007,5,3,84.98,9,도산동,790,12330,,,
대주피오레1차,2000,8754,2007,5,3,84.98,8,도산동,790,12330,,,
대주피오레1차,2000,8754,2007,5,3,84.98,8,도산동,790,12330,,,
대주피오레1차,2000,8631,2007,5,3,84.98,13,도산동,790,12330,,,
대주피오레1차,2000,8860,2007,5,3,84.98,12,도산동,790,12330,,,
대주피오레1차,2000,8860,2007,5,3,84.98,11,도산동,790,12330,,,
대주피오레1차,2000,8860,2007,5,3,84.98,11,도산동,790,12330,,,
대주피오레1차,2000,8860,2007,5,3,84.98,11,도산동,790,12330,,,
대주피오레1차,2000,8860,2007,5,3,84.98,10,도산동,790,12330,,,
대주피오레1차,2000,8860,2007,5,3,84.98,9,도산동,790,12330,,,
대주피오레1차,2000,8860,2007,5,3,84.98,9,도산동,790,12330,,,
대주피오레1차,2000,8860,2007,5,3,84.98,8,도산동,790,12330,,,
대주피오레1차,2000,8860,2007,5,3,84.98,7,도산동,790,12330,,,
대주피오레1차,2000,8860,2007,5,3,84.98,6,도산동,790,12330,,,
대주피오레1차,2000,8860,2007,5,3,84.98,8,도산동,790,12330,,,
대주피오레1차,2000,8860,2007,5,3,84.98,7,도산동,790,12330,,,
대주피오레1차,2000,8754,2007,5,3,84.98,6,도산동,790,12330,,,
대주피오레1차,2000,8860,2007,5,3,84.98,6,도산동,790,12330,,,
대주피오레1차,2000,8754,2007,5,3,84.98,5,도산동,790,12330,,,
대주피오레1차,2000,8860,2007,5,3,84.98,5,도산동,790,12330,,,
대주피오레1차,2000,8860,2007,5,3,84.98,4,도산동,790,12330,,,
대주피오레1차,2000,8860,2007,5,3,84.98,4,도산동,790,12330,,,
대주피오레1차,2000,8860,2007,5,3,84.98,3,도산동,790,12330,,,
대주피오레1차,2000,8615,2007,5,3,84.98,1,도산동,790,12330,,,
대주피오레1차,2000,8860,2007,5,3,84.98,6,도산동,790,12330,,,
대주피오레1차,2000,8860,2007,5,3,84.98,6,도산동,790,12330,,,
대주피오레1차,2000,8860,2007,5,3,84.98,6,도산동,790,12330,,,
대주피오레1차,2000,8860,2007,5,3,84.98,6,도산동,790,12330,,,
대주피오레1차,2000,8860,2007,5,3,84.98,5,도산동,790,12330,,,
대주피오레1차,2000,8860,2007,5,3,84.98,4,도산동,790,12330,,,
대주피오레1차,2000,8631,2007,5,3,84.98,2,도산동,790,12330,,,
대주피오레1차,2000,8615,2007,5,3,84.98,1,도산동,790,12330,,,
대주피오레1차,2000,8860,2007,5,3,84.98,8,도산동,790,12330,,,
대주피오레1차,2000,8860,2007,5,3,84.98,7,도산동,790,12330,,,
대주피오레1차,2000,8860,2007,5,3,84.98,5,도산동,790,12330,,,
대주피오레1차,2000,8860,2007,5,3,84.98,6,도산동,790,12330,,,
대주피오레1차,2000,8860,2007,5,3,84.98,5,도산동,790,12330,,,
대주피오레1차,2000,8860,2007,5,3,84.98,5,도산동,790,12330,,,
대주피오레1차,2000,8860,2007,5,3,84.98,4,도산동,790,12330,,,
대주피오레1차,2000,8860,2007,5,3,84.98,3,도산동,790,12330,,,
대주피오레1차,2000,8860,2007,5,3,84.98,3,도산동,790,12330,,,
대주피오레1차,2000,8860,2007,5,3,84.98,5,도산동,790,12330,,,
벽산,1998,12500,2007,5,3,101.88,5,월계동,757-6,12330,,,
서라,1995,6000,2007,5,3,59.93,4,월계동,764-2,12330,,,
수동리안아파트,2002,7000,2007,5,3,59.95,13,신가동,1019-1,12330,,,
수동리안아파트,2002,9163,2007,5,3,84.83,14,신가동,1019-1,12330,,,
수동리안아파트,2002,9311,2007,5,3,84.83,12,신가동,1019-1,12330,,,
수동리안아파트,2002,9311,2007,5,3,84.83,9,신가동,1019-1,12330,,,
수동리안아파트,2002,9311,2007,5,3,84.83,3,신가동,1019-1,12330,,,
수동리안아파트,2002,6545,2007,5,3,59.81,3,신가동,1019-1,12330,,,
수동리안아파트,2002,6545,2007,5,3,59.81,11,신가동,1019-1,12330,,,
수동리안아파트,2002,6545,2007,5,3,59.81,9,신가동,1019-1,12330,,,
수동리안아파트,2002,6545,2007,5,3,59.81,7,신가동,1019-1,12330,,,
수동리안아파트,2002,6545,2007,5,3,59.81,5,신가동,1019-1,12330,,,
수동리안아파트,2002,6487,2007,5,3,59.77,11,신가동,1019-1,12330,,,
수동리안아파트,2002,6487,2007,5,3,59.77,9,신가동,1019-1,12330,,,
수동리안아파트,2002,6487,2007,5,3,59.77,8,신가동,1019-1,12330,,,
수동리안아파트,2002,6487,2007,5,3,59.77,3,신가동,1019-1,12330,,,
수동리안아파트,2002,6487,2007,5,3,59.77,4,신가동,1019-1,12330,,,
수동리안아파트,2002,6513,2007,5,3,59.96,8,신가동,1019-1,12330,,,
수동리안아파트,2002,9311,2007,5,3,84.83,14,신가동,1019-1,12330,,,
수동리안아파트,2002,9311,2007,5,3,84.83,12,신가동,1019-1,12330,,,
수동리안아파트,2002,6545,2007,5,3,59.81,7,신가동,1019-1,12330,,,
수동리안아파트,2002,9506,2007,5,3,84.86,11,신가동,1019-1,12330,,,
수동리안아파트,2002,9311,2007,5,3,84.83,8,신가동,1019-1,12330,,,
수동리안아파트,2002,6545,2007,5,3,59.81,4,신가동,1019-1,12330,,,
수동리안아파트,2002,9311,2007,5,3,84.83,7,신가동,1019-1,12330,,,
수동리안아파트,2002,6348,2007,5,3,59.81,2,신가동,1019-1,12330,,,
수동리안아파트,2002,9311,2007,5,3,84.83,6,신가동,1019-1,12330,,,
수동리안아파트,2002,9330,2007,5,3,84.86,6,신가동,1019-1,12330,,,
수동리안아파트,2002,9506,2007,5,3,84.86,3,신가동,1019-1,12330,,,
수동리안아파트,2002,9311,2007,5,3,84.83,11,신가동,1019-1,12330,,,
수동리안아파트,2002,9311,2007,5,3,84.83,10,신가동,1019-1,12330,,,
수동리안아파트,2002,9311,2007,5,3,84.83,5,신가동,1019-1,12330,,,
수동리안아파트,2002,9311,2007,5,3,84.83,4,신가동,1019-1,12330,,,
수동리안아파트,2002,9330,2007,5,3,84.86,10,신가동,1019-1,12330,,,
수동리안아파트,2002,9311,2007,5,3,84.83,10,신가동,1019-1,12330,,,
수동리안아파트,2002,9311,2007,5,3,84.83,10,신가동,1019-1,12330,,,
수동리안아파트,2002,9506,2007,5,3,84.86,5,신가동,1019-1,12330,,,
수동리안아파트,2002,9330,2007,5,3,84.86,3,신가동,1019-1,12330,,,
수동리안아파트,2002,9506,2007,5,3,84.86,7,신가동,1019-1,12330,,,
수동리안아파트,2002,9311,2007,5,3,84.83,4,신가동,1019-1,12330,,,
수동리안아파트,2002,9311,2007,5,3,84.83,7,신가동,1019-1,12330,,,
신창3차호반베르디움,2005,13500,2007,5,3,84.8581,1,신창동,1118,12330,,,
운남주공3단지,1996,4120,2007,5,3,37.67,9,운남동,777-1,12330,,,
운남주공4단지,1996,5800,2007,5,3,59.76,2,운남동,771-1,12330,,,
운남주공7단지,2001,4200,2007,5,3,39.99,11,운남동,794-3,12330,,,
운남주공7단지,2001,6000,2007,5,3,49.83,11,운남동,794-3,12330,,,
운남주공7단지,2001,4550,2007,5,3,49.83,8,운남동,794-3,12330,,,
운남주공7단지,2001,4500,2007,5,3,49.83,4,운남동,794-3,12330,,,
운남주공7단지,2001,4500,2007,5,3,49.83,4,운남동,794-3,12330,,,
운남주공7단지,2001,4200,2007,5,3,39.99,9,운남동,794-3,12330,,,
운남주공7단지,2001,6290,2007,5,3,59.29,19,운남동,794-3,12330,,,
운남주공7단지,2001,6290,2007,5,3,59.48,17,운남동,794-3,12330,,,
운남주공7단지,2001,6275,2007,5,3,59.48,12,운남동,794-3,12330,,,
운남주공7단지,2001,6350,2007,5,3,59.29,14,운남동,794-3,12330,,,
운남주공7단지,2001,4595,2007,5,3,49.83,11,운남동,794-3,12330,,,
운남주공7단지,2001,4550,2007,5,3,49.83,11,운남동,794-3,12330,,,
운남주공7단지,2001,4430,2007,5,3,49.83,4,운남동,794-3,12330,,,
운남주공7단지,2001,4390,2007,5,3,49.83,2,운남동,794-3,12330,,,
운남주공7단지,2001,6500,2007,5,3,59.29,14,운남동,794-3,12330,,,
운남주공7단지,2001,6415,2007,5,3,59.29,17,운남동,794-3,12330,,,
운남주공7단지,2001,3465,2007,5,3,39.99,2,운남동,794-3,12330,,,
운남주공7단지,2001,4390,2007,5,3,49.83,2,운남동,794-3,12330,,,
운남주공7단지,2001,3550,2007,5,3,39.99,6,운남동,794-3,12330,,,
운남주공7단지,2001,3550,2007,5,3,39.99,10,운남동,794-3,12330,,,
운남주공7단지,2001,4480,2007,5,3,49.83,11,운남동,794-3,12330,,,
운남주공7단지,2001,4550,2007,5,3,49.83,12,운남동,794-3,12330,,,
운남주공7단지,2001,4550,2007,5,3,49.83,13,운남동,794-3,12330,,,
운남주공7단지,2001,4550,2007,5,3,49.83,6,운남동,794-3,12330,,,
운남주공7단지,2001,4550,2007,5,3,49.83,8,운남동,794-3,12330,,,
운남주공7단지,2001,4550,2007,5,3,49.83,22,운남동,794-3,12330,,,
운남주공7단지,2001,4450,2007,5,3,49.83,2,운남동,794-3,12330,,,
운남주공7단지,2001,4500,2007,5,3,49.83,4,운남동,794-3,12330,,,
첨단두산2,1996,6600,2007,5,3,59.997,2,월계동,765-8,12330,,,
하남우미,1992,4400,2007,5,3,49.14,12,우산동,1572-2,12330,,,
금강3차,2000,5650,2007,5,4,59.94,7,송정동,238,12330,,,
금강3차,2000,5500,2007,5,4,59.94,9,송정동,238,12330,,,
대주피오레1차,2000,8754,2007,5,4,84.98,8,도산동,790,12330,,,
대주피오레1차,2000,8860,2007,5,4,84.98,9,도산동,790,12330,,,
대주피오레1차,2000,8860,2007,5,4,84.98,6,도산동,790,12330,,,
대주피오레1차,2000,8860,2007,5,4,84.98,10,도산동,790,12330,,,
대주피오레1차,2000,8860,2007,5,4,84.98,9,도산동,790,12330,,,
대주피오레1차,2000,8860,2007,5,4,84.98,4,도산동,790,12330,,,
대주피오레1차,2000,8860,2007,5,4,84.98,7,도산동,790,12330,,,
대주피오레1차,2000,8754,2007,5,4,84.98,7,도산동,790,12330,,,
대주피오레1차,2000,8860,2007,5,4,84.98,6,도산동,790,12330,,,
대주피오레1차,2000,8860,2007,5,4,84.98,6,도산동,790,12330,,,
대주피오레1차,2000,8860,2007,5,4,84.98,10,도산동,790,12330,,,
대주피오레1차,2000,8860,2007,5,4,84.98,4,도산동,790,12330,,,
대주피오레1차,2000,8860,2007,5,4,84.98,8,도산동,790,12330,,,
대주피오레1차,2000,8631,2007,5,4,84.98,13,도산동,790,12330,,,
대주피오레1차,2000,8754,2007,5,4,84.98,12,도산동,790,12330,,,
대주피오레1차,2000,8860,2007,5,4,84.98,12,도산동,790,12330,,,
대주피오레1차,2000,8754,2007,5,4,84.98,11,도산동,790,12330,,,
대주피오레1차,2000,8860,2007,5,4,84.98,11,도산동,790,12330,,,
대주피오레1차,2000,8860,2007,5,4,84.98,10,도산동,790,12330,,,
대주피오레1차,2000,8754,2007,5,4,84.98,9,도산동,790,12330,,,
대주피오레1차,2000,8754,2007,5,4,84.98,9,도산동,790,12330,,,
대주피오레1차,2000,8754,2007,5,4,84.98,8,도산동,790,12330,,,
대주피오레1차,2000,8860,2007,5,4,84.98,8,도산동,790,12330,,,
대주피오레1차,2000,8860,2007,5,4,84.98,8,도산동,790,12330,,,
대주피오레1차,2000,8860,2007,5,4,84.98,8,도산동,790,12330,,,
대주피오레1차,2000,8860,2007,5,4,84.98,7,도산동,790,12330,,,
대주피오레1차,2000,8631,2007,5,4,84.98,13,도산동,790,12330,,,
대주피오레1차,2000,8631,2007,5,4,84.98,13,도산동,790,12330,,,
대주피오레1차,2000,8754,2007,5,4,84.98,12,도산동,790,12330,,,
대주피오레1차,2000,8860,2007,5,4,84.98,11,도산동,790,12330,,,
대주피오레1차,2000,8860,2007,5,4,84.98,10,도산동,790,12330,,,
대주피오레1차,2000,8860,2007,5,4,84.98,3,도산동,790,12330,,,
대주피오레1차,2000,8754,2007,5,4,84.98,4,도산동,790,12330,,,
대주피오레1차,2000,8631,2007,5,4,84.98,2,도산동,790,12330,,,
대주피오레1차,2000,8631,2007,5,4,84.98,2,도산동,790,12330,,,
대주피오레1차,2000,8860,2007,5,4,84.98,9,도산동,790,12330,,,
대주피오레1차,2000,8860,2007,5,4,84.98,12,도산동,790,12330,,,
대주피오레1차,2000,8860,2007,5,4,84.98,11,도산동,790,12330,,,
대주피오레1차,2000,8860,2007,5,4,84.98,11,도산동,790,12330,,,
대주피오레1차,2000,8860,2007,5,4,84.98,10,도산동,790,12330,,,
대주피오레1차,2000,8860,2007,5,4,84.98,9,도산동,790,12330,,,
대주피오레1차,2000,8860,2007,5,4,84.98,9,도산동,790,12330,,,
대주피오레1차,2000,8860,2007,5,4,84.98,8,도산동,790,12330,,,
대주피오레1차,2000,8860,2007,5,4,84.98,7,도산동,790,12330,,,
대주피오레1차,2000,8860,2007,5,4,84.98,7,도산동,790,12330,,,
대주피오레1차,2000,8860,2007,5,4,84.98,6,도산동,790,12330,,,
대주피오레1차,2000,8754,2007,5,4,84.98,5,도산동,790,12330,,,
대주피오레1차,2000,8860,2007,5,4,84.98,6,도산동,790,12330,,,
대주피오레1차,2000,8860,2007,5,4,84.98,5,도산동,790,12330,,,
대주피오레1차,2000,8860,2007,5,4,84.98,5,도산동,790,12330,,,
대주피오레1차,2000,8860,2007,5,4,84.98,4,도산동,790,12330,,,
대주피오레1차,2000,8860,2007,5,4,84.98,4,도산동,790,12330,,,
대주피오레1차,2000,8860,2007,5,4,84.98,3,도산동,790,12330,,,
대주피오레1차,2000,8860,2007,5,4,84.98,3,도산동,790,12330,,,
대주피오레1차,2000,8860,2007,5,4,84.98,3,도산동,790,12330,,,
대주피오레1차,2000,8860,2007,5,4,84.98,8,도산동,790,12330,,,
대주피오레1차,2000,8631,2007,5,4,84.98,6,도산동,790,12330,,,
대주피오레1차,2000,8631,2007,5,4,84.98,2,도산동,790,12330,,,
대주피오레1차,2000,8860,2007,5,4,84.98,6,도산동,790,12330,,,
대주피오레1차,2000,8860,2007,5,4,84.98,3,도산동,790,12330,,,
대주피오레1차,2000,8860,2007,5,4,84.98,4,도산동,790,12330,,,
대주피오레1차,2000,8754,2007,5,4,84.98,11,도산동,790,12330,,,
삼성,1996,8900,2007,5,4,84.92,16,운남동,387-22,12330,,,
삼성,1996,5400,2007,5,4,49.54,4,운남동,387-22,12330,,,
서라,1995,5750,2007,5,4,59.93,1,월계동,764-2,12330,,,
서라3,1998,5100,2007,5,4,59.985,14,소촌동,414-2,12330,,,
성원,1997,10250,2007,5,4,93.18,14,월계동,755-4,12330,,,
수동리안아파트,2002,7000,2007,5,4,59.81,13,신가동,1019-1,12330,,,
수동리안아파트,2002,9356,2007,5,4,84.86,14,신가동,1019-1,12330,,,
수동리안아파트,2002,9311,2007,5,4,84.83,13,신가동,1019-1,12330,,,
수동리안아파트,2002,9311,2007,5,4,84.83,10,신가동,1019-1,12330,,,
수동리안아파트,2002,9330,2007,5,4,84.86,5,신가동,1019-1,12330,,,
수동리안아파트,2002,9311,2007,5,4,84.83,4,신가동,1019-1,12330,,,
수동리안아파트,2002,9311,2007,5,4,84.83,3,신가동,1019-1,12330,,,
수동리안아파트,2002,9311,2007,5,4,84.83,3,신가동,1019-1,12330,,,
수동리안아파트,2002,9506,2007,5,4,84.86,3,신가동,1019-1,12330,,,
수동리안아파트,2002,9311,2007,5,4,84.83,13,신가동,1019-1,12330,,,
수동리안아파트,2002,9311,2007,5,4,84.83,10,신가동,1019-1,12330,,,
수동리안아파트,2002,9311,2007,5,4,84.83,8,신가동,1019-1,12330,,,
수동리안아파트,2002,9311,2007,5,4,84.83,8,신가동,1019-1,12330,,,
수동리안아파트,2002,9311,2007,5,4,84.83,7,신가동,1019-1,12330,,,
수동리안아파트,2002,9163,2007,5,4,84.83,14,신가동,1019-1,12330,,,
수동리안아파트,2002,9311,2007,5,4,84.83,10,신가동,1019-1,12330,,,
수동리안아파트,2002,9311,2007,5,4,84.83,9,신가동,1019-1,12330,,,
수동리안아파트,2002,9311,2007,5,4,84.83,7,신가동,1019-1,12330,,,
수동리안아파트,2002,9311,2007,5,4,84.83,4,신가동,1019-1,12330,,,
수동리안아파트,2002,6545,2007,5,4,59.81,11,신가동,1019-1,12330,,,
수동리안아파트,2002,6545,2007,5,4,59.81,9,신가동,1019-1,12330,,,
수동리안아파트,2002,6545,2007,5,4,59.81,6,신가동,1019-1,12330,,,
수동리안아파트,2002,6545,2007,5,4,59.81,4,신가동,1019-1,12330,,,
수동리안아파트,2002,6466,2007,5,4,59.95,13,신가동,1019-1,12330,,,
수동리안아파트,2002,6563,2007,5,4,59.95,8,신가동,1019-1,12330,,,
수동리안아파트,2002,6545,2007,5,4,59.81,6,신가동,1019-1,12330,,,
수동리안아파트,2002,6545,2007,5,4,59.81,6,신가동,1019-1,12330,,,
수동리안아파트,2002,6545,2007,5,4,59.81,9,신가동,1019-1,12330,,,
수동리안아파트,2002,6487,2007,5,4,59.77,7,신가동,1019-1,12330,,,
수동리안아파트,2002,6563,2007,5,4,59.95,7,신가동,1019-1,12330,,,
수동리안아파트,2002,9311,2007,5,4,84.83,6,신가동,1019-1,12330,,,
수동리안아파트,2002,9311,2007,5,4,84.83,6,신가동,1019-1,12330,,,
운남주공7단지,2001,3850,2007,5,4,39.99,7,운남동,794-3,12330,,,
운남주공7단지,2001,5500,2007,5,4,49.83,7,운남동,794-3,12330,,,
운남주공7단지,2001,4550,2007,5,4,49.83,18,운남동,794-3,12330,,,
운남주공7단지,2001,6150,2007,5,4,59.48,16,운남동,794-3,12330,,,
운남주공7단지,2001,6350,2007,5,4,59.29,7,운남동,794-3,12330,,,
운남주공7단지,2001,6350,2007,5,4,59.48,5,운남동,794-3,12330,,,
운남주공7단지,2001,4310,2007,5,4,49.97,4,운남동,794-3,12330,,,
운남주공7단지,2001,3330,2007,5,4,39.99,2,운남동,794-3,12330,,,
운남주공7단지,2001,4595,2007,5,4,49.83,10,운남동,794-3,12330,,,
운남주공7단지,2001,4595,2007,5,4,49.83,8,운남동,794-3,12330,,,
운남주공7단지,2001,4550,2007,5,4,49.83,22,운남동,794-3,12330,,,
운남주공7단지,2001,4550,2007,5,4,49.83,21,운남동,794-3,12330,,,
운남주공7단지,2001,4550,2007,5,4,49.83,11,운남동,794-3,12330,,,
운남주공7단지,2001,4480,2007,5,4,49.83,7,운남동,794-3,12330,,,
운남주공7단지,2001,4390,2007,5,4,49.83,2,운남동,794-3,12330,,,
운남주공7단지,2001,6500,2007,5,4,59.29,13,운남동,794-3,12330,,,
운남주공7단지,2001,6500,2007,5,4,59.29,13,운남동,794-3,12330,,,
운남주공7단지,2001,3550,2007,5,4,39.99,13,운남동,794-3,12330,,,
운남주공7단지,2001,6350,2007,5,4,59.29,4,운남동,794-3,12330,,,
운남주공7단지,2001,4550,2007,5,4,49.83,8,운남동,794-3,12330,,,
운남주공7단지,2001,4550,2007,5,4,49.83,23,운남동,794-3,12330,,,
운남주공7단지,2001,4480,2007,5,4,49.83,13,운남동,794-3,12330,,,
운남주공7단지,2001,4550,2007,5,4,49.83,19,운남동,794-3,12330,,,
운남주공8단지,2000,5525,2007,5,4,59.42,1,운남동,781-1,12330,,,
중흥1차,1995,4700,2007,5,4,59.94,9,도천동,627-1,12330,,,
중흥2,1998,5800,2007,5,4,59.73,15,신가동,302-25,12330,,,
중흥2차,1995,4600,2007,5,4,59.76,12,도천동,628-1,12330,,,
첨단동부,1997,15000,2007,5,4,126.645,4,월계동,757-3,12330,,,
첨단라인1,1995,6600,2007,5,4,60,3,월계동,765-2,12330,,,
첨단라인2차,1995,6400,2007,5,4,60,3,월계동,764-5,12330,,,
첨단우미2,1997,8000,2007,5,4,78.54,2,월계동,761-4,12330,,,
하남주공(2단지),1991,3800,2007,5,4,44.52,7,우산동,1571-1,12330,,,
한성2차,1991,4200,2007,5,4,49.98,5,월곡동,614-2,12330,,,
호반2차,1998,3572,2007,5,4,39.86,2,도산동,782,12330,,,
호반리젠시빌1차,2001,11700,2007,5,4,84.0624,3,신가동,1019-2,12330,,,
서라1,1995,5570,2007,5,5,59.965,5,소촌동,610,12330,,,
운남주공7단지,2001,7750,2007,5,5,59.29,13,운남동,794-3,12330,,,
삼능,1996,7400,2007,5,6,78.02,5,월계동,759-2,12330,,,
건영,1998,10200,2007,5,7,86.11,6,월계동,755-5,12330,,,
금호,1996,10350,2007,5,7,92.39,12,월계동,756-5,12330,,,
명지2차,2005,13500,2007,5,7,84.8858,7,송정동,448-1,12330,,,
모아드림타운1차,2000,8950,2007,5,7,82.8908,6,소촌동,286-1,12330,,,
모아드림타운1차,2000,8950,2007,5,7,82.8908,6,소촌동,286-1,12330,,,
삼성,1996,5000,2007,5,7,49.54,2,운남동,387-22,12330,,,
서라1,1995,3500,2007,5,7,59.965,9,소촌동,610,12330,,,
수동리안아파트,2002,6487,2007,5,7,59.77,11,신가동,1019-1,12330,,,
수동리안아파트,2002,6502,2007,5,7,59.71,10,신가동,1019-1,12330,,,
수동리안아파트,2002,6502,2007,5,7,59.71,14,신가동,1019-1,12330,,,
수동리안아파트,2002,6513,2007,5,7,59.96,6,신가동,1019-1,12330,,,
수동리안아파트,2002,6502,2007,5,7,59.71,5,신가동,1019-1,12330,,,
수동리안아파트,2002,9163,2007,5,7,84.83,15,신가동,1019-1,12330,,,
수동리안아파트,2002,9311,2007,5,7,84.83,7,신가동,1019-1,12330,,,
수동리안아파트,2002,9311,2007,5,7,84.83,6,신가동,1019-1,12330,,,
수동리안아파트,2002,9311,2007,5,7,84.83,5,신가동,1019-1,12330,,,
수동리안아파트,2002,9311,2007,5,7,84.83,3,신가동,1019-1,12330,,,
수동리안아파트,2002,9066,2007,5,7,84.83,2,신가동,1019-1,12330,,,
수동리안아파트,2002,9311,2007,5,7,84.83,9,신가동,1019-1,12330,,,
수동리안아파트,2002,9311,2007,5,7,84.83,5,신가동,1019-1,12330,,,
수동리안아파트,2002,9311,2007,5,7,84.83,3,신가동,1019-1,12330,,,
수동리안아파트,2002,9163,2007,5,7,84.83,13,신가동,1019-1,12330,,,
수동리안아파트,2002,9311,2007,5,7,84.83,11,신가동,1019-1,12330,,,
수동리안아파트,2002,9311,2007,5,7,84.83,11,신가동,1019-1,12330,,,
수동리안아파트,2002,9330,2007,5,7,84.86,7,신가동,1019-1,12330,,,
수동리안아파트,2002,9506,2007,5,7,84.86,7,신가동,1019-1,12330,,,
수동리안아파트,2002,9311,2007,5,7,84.83,7,신가동,1019-1,12330,,,
수동리안아파트,2002,9330,2007,5,7,84.86,6,신가동,1019-1,12330,,,
수동리안아파트,2002,9311,2007,5,7,84.83,5,신가동,1019-1,12330,,,
수동리안아파트,2002,6348,2007,5,7,59.81,2,신가동,1019-1,12330,,,
수동리안아파트,2002,9182,2007,5,7,84.86,13,신가동,1019-1,12330,,,
수동리안아파트,2002,9311,2007,5,7,84.83,11,신가동,1019-1,12330,,,
수동리안아파트,2002,9311,2007,5,7,84.83,8,신가동,1019-1,12330,,,
수동리안아파트,2002,9311,2007,5,7,84.83,10,신가동,1019-1,12330,,,
수동리안아파트,2002,9311,2007,5,7,84.83,10,신가동,1019-1,12330,,,
수동리안아파트,2002,9311,2007,5,7,84.83,8,신가동,1019-1,12330,,,
수동리안아파트,2002,6545,2007,5,7,59.81,12,신가동,1019-1,12330,,,
수동리안아파트,2002,6545,2007,5,7,59.81,11,신가동,1019-1,12330,,,
수동리안아파트,2002,6448,2007,5,7,59.81,13,신가동,1019-1,12330,,,
수동리안아파트,2002,6448,2007,5,7,59.81,13,신가동,1019-1,12330,,,
수동리안아파트,2002,6487,2007,5,7,59.77,12,신가동,1019-1,12330,,,
수동리안아파트,2002,6545,2007,5,7,59.81,12,신가동,1019-1,12330,,,
수동리안아파트,2002,6545,2007,5,7,59.81,12,신가동,1019-1,12330,,,
수동리안아파트,2002,6545,2007,5,7,59.81,12,신가동,1019-1,12330,,,
수동리안아파트,2002,6487,2007,5,7,59.77,9,신가동,1019-1,12330,,,
수동리안아파트,2002,6545,2007,5,7,59.81,6,신가동,1019-1,12330,,,
수동리안아파트,2002,6563,2007,5,7,59.95,8,신가동,1019-1,12330,,,
수동리안아파트,2002,6513,2007,5,7,59.96,3,신가동,1019-1,12330,,,
수동리안아파트,2002,10400,2007,5,7,84.83,9,신가동,1019-1,12330,,,
운남주공5단지,1997,10250,2007,5,7,84.77,15,운남동,769-1,12330,,,
운남주공7단지,2001,5400,2007,5,7,49.83,3,운남동,794-3,12330,,,
운남주공7단지,2001,6350,2007,5,7,59.29,13,운남동,794-3,12330,,,
운남주공7단지,2001,4550,2007,5,7,49.83,19,운남동,794-3,12330,,,
운남주공7단지,2001,4595,2007,5,7,49.83,5,운남동,794-3,12330,,,
운남주공7단지,2001,3550,2007,5,7,39.99,10,운남동,794-3,12330,,,
운남주공7단지,2001,6500,2007,5,7,59.29,11,운남동,794-3,12330,,,
운남주공7단지,2001,4480,2007,5,7,49.83,11,운남동,794-3,12330,,,
운남주공7단지,2001,4430,2007,5,7,49.83,3,운남동,794-3,12330,,,
운남주공7단지,2001,4550,2007,5,7,49.83,9,운남동,794-3,12330,,,
운남주공7단지,2001,4550,2007,5,7,49.83,8,운남동,794-3,12330,,,
운남주공7단지,2001,4550,2007,5,7,49.83,6,운남동,794-3,12330,,,
운남주공7단지,2001,3550,2007,5,7,39.99,12,운남동,794-3,12330,,,
운남주공7단지,2001,4480,2007,5,7,49.83,11,운남동,794-3,12330,,,
운남주공7단지,2001,4480,2007,5,7,49.83,8,운남동,794-3,12330,,,
운남주공7단지,2001,4480,2007,5,7,49.83,6,운남동,794-3,12330,,,
운남주공7단지,2001,3550,2007,5,7,39.99,6,운남동,794-3,12330,,,
운남주공7단지,2001,6350,2007,5,7,59.29,7,운남동,794-3,12330,,,
운남주공7단지,2001,6350,2007,5,7,59.48,13,운남동,794-3,12330,,,
운남주공7단지,2001,6225,2007,5,7,59.29,16,운남동,794-3,12330,,,
운남주공7단지,2001,6350,2007,5,7,59.29,11,운남동,794-3,12330,,,
운남주공7단지,2001,6350,2007,5,7,59.29,9,운남동,794-3,12330,,,
운남주공7단지,2001,6350,2007,5,7,59.48,8,운남동,794-3,12330,,,
운남주공7단지,2001,6200,2007,5,7,59.48,4,운남동,794-3,12330,,,
운남주공7단지,2001,4350,2007,5,7,49.97,16,운남동,794-3,12330,,,
운남주공7단지,2001,4350,2007,5,7,49.97,5,운남동,794-3,12330,,,
운남주공7단지,2001,3550,2007,5,7,39.99,12,운남동,794-3,12330,,,
운남주공7단지,2001,4595,2007,5,7,49.83,20,운남동,794-3,12330,,,
운남주공7단지,2001,4595,2007,5,7,49.83,10,운남동,794-3,12330,,,
운남주공7단지,2001,4550,2007,5,7,49.83,3,운남동,794-3,12330,,,
운남주공7단지,2001,4390,2007,5,7,49.83,2,운남동,794-3,12330,,,
운남주공7단지,2001,4550,2007,5,7,49.83,20,운남동,794-3,12330,,,
운남주공7단지,2001,6415,2007,5,7,59.29,14,운남동,794-3,12330,,,
첨단선경,1997,9000,2007,5,7,92.78,1,월계동,756-3,12330,,,
첨단우미1,1995,7550,2007,5,7,78.54,1,월계동,759-1,12330,,,
하남주공(2단지),1991,3250,2007,5,7,38.64,9,우산동,1571-1,12330,,,
호반2차,1998,6100,2007,5,7,59.95,5,도산동,782,12330,,,
가천,1997,4850,2007,5,8,59.88,13,운수동,65-50,12330,,,
가천,1997,5300,2007,5,8,59.88,9,운수동,65-50,12330,,,
금호타운,1991,8550,2007,5,8,84.72,13,월곡동,613-1,12330,,,
금호타운,1991,8200,2007,5,8,84.72,1,월곡동,613-1,12330,,,
금호훼밀리파크,1994,7100,2007,5,8,84.99,3,소촌동,46-2,12330,,,
남양,1998,5400,2007,5,8,59.88,8,운남동,387-24,12330,,,
대덕9,1995,5750,2007,5,8,59.925,13,송정동,230-8,12330,,,
대주,1996,8850,2007,5,8,78.66,3,월계동,758-6,12330,,,
삼성,1996,5300,2007,5,8,49.54,18,운남동,387-22,12330,,,
서라2,1995,4800,2007,5,8,59.985,4,소촌동,612,12330,,,
성원,1997,9500,2007,5,8,93.18,4,월계동,755-4,12330,,,
수동리안아파트,2002,7100,2007,5,8,59.96,10,신가동,1019-1,12330,,,
수동리안아파트,2002,6513,2007,5,8,59.96,13,신가동,1019-1,12330,,,
수동리안아파트,2002,6502,2007,5,8,59.71,11,신가동,1019-1,12330,,,
수동리안아파트,2002,6487,2007,5,8,59.77,5,신가동,1019-1,12330,,,
수동리안아파트,2002,6259,2007,5,8,59.77,1,신가동,1019-1,12330,,,
수동리안아파트,2002,6389,2007,5,8,59.77,15,신가동,1019-1,12330,,,
수동리안아파트,2002,6513,2007,5,8,59.96,12,신가동,1019-1,12330,,,
수동리안아파트,2002,6487,2007,5,8,59.77,6,신가동,1019-1,12330,,,
수동리안아파트,2002,9311,2007,5,8,84.83,12,신가동,1019-1,12330,,,
수동리안아파트,2002,9311,2007,5,8,84.83,10,신가동,1019-1,12330,,,
수동리안아파트,2002,9311,2007,5,8,84.83,9,신가동,1019-1,12330,,,
수동리안아파트,2002,9311,2007,5,8,84.83,8,신가동,1019-1,12330,,,
수동리안아파트,2002,9506,2007,5,8,84.86,7,신가동,1019-1,12330,,,
수동리안아파트,2002,9330,2007,5,8,84.86,4,신가동,1019-1,12330,,,
수동리안아파트,2002,9311,2007,5,8,84.83,3,신가동,1019-1,12330,,,
수동리안아파트,2002,9066,2007,5,8,84.83,2,신가동,1019-1,12330,,,
수동리안아파트,2002,9311,2007,5,8,84.83,6,신가동,1019-1,12330,,,
수동리안아파트,2002,9506,2007,5,8,84.86,13,신가동,1019-1,12330,,,
수동리안아파트,2002,9506,2007,5,8,84.86,12,신가동,1019-1,12330,,,
수동리안아파트,2002,9311,2007,5,8,84.83,12,신가동,1019-1,12330,,,
수동리안아파트,2002,9311,2007,5,8,84.83,12,신가동,1019-1,12330,,,
수동리안아파트,2002,9330,2007,5,8,84.86,9,신가동,1019-1,12330,,,
수동리안아파트,2002,9311,2007,5,8,84.83,9,신가동,1019-1,12330,,,
수동리안아파트,2002,9311,2007,5,8,84.83,7,신가동,1019-1,12330,,,
수동리안아파트,2002,9311,2007,5,8,84.83,6,신가동,1019-1,12330,,,
수동리안아파트,2002,9311,2007,5,8,84.83,4,신가동,1019-1,12330,,,
수동리안아파트,2002,9506,2007,5,8,84.86,13,신가동,1019-1,12330,,,
수동리안아파트,2002,9311,2007,5,8,84.83,13,신가동,1019-1,12330,,,
수동리안아파트,2002,9330,2007,5,8,84.86,9,신가동,1019-1,12330,,,
수동리안아파트,2002,9311,2007,5,8,84.83,7,신가동,1019-1,12330,,,
수동리안아파트,2002,9311,2007,5,8,84.83,5,신가동,1019-1,12330,,,
수동리안아파트,2002,9311,2007,5,8,84.83,5,신가동,1019-1,12330,,,
수동리안아파트,2002,9085,2007,5,8,84.86,2,신가동,1019-1,12330,,,
수동리안아파트,2002,9066,2007,5,8,84.83,2,신가동,1019-1,12330,,,
수동리안아파트,2002,9066,2007,5,8,84.83,2,신가동,1019-1,12330,,,
수동리안아파트,2002,9311,2007,5,8,84.83,13,신가동,1019-1,12330,,,
수동리안아파트,2002,9311,2007,5,8,84.83,11,신가동,1019-1,12330,,,
수동리안아파트,2002,9311,2007,5,8,84.83,7,신가동,1019-1,12330,,,
수동리안아파트,2002,9311,2007,5,8,84.83,6,신가동,1019-1,12330,,,
수동리안아파트,2002,9311,2007,5,8,84.83,5,신가동,1019-1,12330,,,
수동리안아파트,2002,9066,2007,5,8,84.83,2,신가동,1019-1,12330,,,
수동리안아파트,2002,9066,2007,5,8,84.83,2,신가동,1019-1,12330,,,
수동리안아파트,2002,6545,2007,5,8,59.81,12,신가동,1019-1,12330,,,
수동리안아파트,2002,6545,2007,5,8,59.81,6,신가동,1019-1,12330,,,
수동리안아파트,2002,6545,2007,5,8,59.81,6,신가동,1019-1,12330,,,
수동리안아파트,2002,6487,2007,5,8,59.77,11,신가동,1019-1,12330,,,
수동리안아파트,2002,6545,2007,5,8,59.81,11,신가동,1019-1,12330,,,
수동리안아파트,2002,6545,2007,5,8,59.81,8,신가동,1019-1,12330,,,
수동리안아파트,2002,6513,2007,5,8,59.96,7,신가동,1019-1,12330,,,
수동리안아파트,2002,6545,2007,5,8,59.81,4,신가동,1019-1,12330,,,
수동리안아파트,2002,6563,2007,5,8,59.95,3,신가동,1019-1,12330,,,
수동리안아파트,2002,6545,2007,5,8,59.81,10,신가동,1019-1,12330,,,
수동리안아파트,2002,6545,2007,5,8,59.81,9,신가동,1019-1,12330,,,
수동리안아파트,2002,6487,2007,5,8,59.77,5,신가동,1019-1,12330,,,
수동리안아파트,2002,6487,2007,5,8,59.77,3,신가동,1019-1,12330,,,
수동리안아파트,2002,6353,2007,5,8,59.96,2,신가동,1019-1,12330,,,
수동리안아파트,2002,6403,2007,5,8,59.95,2,신가동,1019-1,12330,,,
수동리안아파트,2002,8949,2007,5,8,84.83,1,신가동,1019-1,12330,,,
온세계아이조움,2004,12600,2007,5,8,84.5844,6,송정동,223,12330,,,
운남주공7단지,2001,6275,2007,5,8,59.48,10,운남동,794-3,12330,,,
운남주공7단지,2001,4595,2007,5,8,49.83,12,운남동,794-3,12330,,,
운남주공7단지,2001,6415,2007,5,8,59.29,8,운남동,794-3,12330,,,
운남주공7단지,2001,6225,2007,5,8,59.29,2,운남동,794-3,12330,,,
운남주공7단지,2001,4350,2007,5,8,49.97,5,운남동,794-3,12330,,,
운남주공7단지,2001,6225,2007,5,8,59.29,16,운남동,794-3,12330,,,
운남주공7단지,2001,6350,2007,5,8,59.29,12,운남동,794-3,12330,,,
운남주공7단지,2001,6200,2007,5,8,59.48,15,운남동,794-3,12330,,,
운남주공7단지,2001,6350,2007,5,8,59.48,6,운남동,794-3,12330,,,
운남주공7단지,2001,3495,2007,5,8,39.99,8,운남동,794-3,12330,,,
운남주공7단지,2001,4550,2007,5,8,49.83,22,운남동,794-3,12330,,,
운남주공7단지,2001,4550,2007,5,8,49.83,9,운남동,794-3,12330,,,
운남주공7단지,2001,4550,2007,5,8,49.83,21,운남동,794-3,12330,,,
운남주공7단지,2001,4450,2007,5,8,49.83,25,운남동,794-3,12330,,,
운남주공7단지,2001,4550,2007,5,8,49.83,15,운남동,794-3,12330,,,
운남주공7단지,2001,4550,2007,5,8,49.83,12,운남동,794-3,12330,,,
운남주공7단지,2001,6500,2007,5,8,59.29,5,운남동,794-3,12330,,,
운남주공7단지,2001,6500,2007,5,8,59.29,13,운남동,794-3,12330,,,
운남주공7단지,2001,4550,2007,5,8,49.83,10,운남동,794-3,12330,,,
운남주공7단지,2001,4270,2007,5,8,49.83,1,운남동,794-3,12330,,,
운남주공7단지,2001,4550,2007,5,8,49.83,21,운남동,794-3,12330,,,
운남주공7단지,2001,4550,2007,5,8,49.83,20,운남동,794-3,12330,,,
운남주공7단지,2001,4550,2007,5,8,49.83,14,운남동,794-3,12330,,,
운남주공7단지,2001,4500,2007,5,8,49.83,3,운남동,794-3,12330,,,
운남주공7단지,2001,4480,2007,5,8,49.83,9,운남동,794-3,12330,,,
운남주공7단지,2001,4550,2007,5,8,49.83,7,운남동,794-3,12330,,,
제일파크맨션,1992,7300,2007,5,8,78.38,8,우산동,1572-1,12330,,,
중흥1차,1995,4000,2007,5,8,59.94,13,도천동,627-1,12330,,,
중흥2,1998,6000,2007,5,8,59.955,11,신가동,302-25,12330,,,
첨단대우,1997,13000,2007,5,8,99.9,10,월계동,755-2,12330,,,
첨단대우,1997,12000,2007,5,8,99.9,5,월계동,755-2,12330,,,
첨단동부,1997,18400,2007,5,8,126.645,8,월계동,757-3,12330,,,
첨단라인8,1997,6000,2007,5,8,59.9,4,월계동,763-2,12330,,,
풍영리버빌(신가부영),2001,12150,2007,5,8,84.9873,7,신창동,1108-1,12330,,,
호반리젠시빌1차,2001,11000,2007,5,8,84.0624,11,신가동,1019-2,12330,,,
EG스위트밸리1차,2001,9860,2007,5,9,84.9831,9,소촌동,290-25,12330,,,
금호타운,1991,8100,2007,5,9,84.72,4,월곡동,613-1,12330,,,
벽산,1998,12700,2007,5,9,101.88,2,월계동,757-6,12330,,,
수동리안아파트,2002,6513,2007,5,9,59.96,12,신가동,1019-1,12330,,,
수동리안아파트,2002,6513,2007,5,9,59.96,14,신가동,1019-1,12330,,,
수동리안아파트,2002,6487,2007,5,9,59.77,10,신가동,1019-1,12330,,,
수동리안아파트,2002,6487,2007,5,9,59.77,7,신가동,1019-1,12330,,,
수동리안아파트,2002,6502,2007,5,9,59.71,7,신가동,1019-1,12330,,,
수동리안아파트,2002,6513,2007,5,9,59.96,5,신가동,1019-1,12330,,,
수동리안아파트,2002,6353,2007,5,9,59.96,2,신가동,1019-1,12330,,,
수동리안아파트,2002,6487,2007,5,9,59.77,13,신가동,1019-1,12330,,,
수동리안아파트,2002,6502,2007,5,9,59.71,11,신가동,1019-1,12330,,,
수동리안아파트,2002,6502,2007,5,9,59.71,8,신가동,1019-1,12330,,,
수동리안아파트,2002,9311,2007,5,9,84.83,14,신가동,1019-1,12330,,,
수동리안아파트,2002,9311,2007,5,9,84.83,13,신가동,1019-1,12330,,,
수동리안아파트,2002,9311,2007,5,9,84.83,12,신가동,1019-1,12330,,,
수동리안아파트,2002,9311,2007,5,9,84.83,8,신가동,1019-1,12330,,,
수동리안아파트,2002,9311,2007,5,9,84.83,7,신가동,1019-1,12330,,,
수동리안아파트,2002,9311,2007,5,9,84.83,6,신가동,1019-1,12330,,,
수동리안아파트,2002,9311,2007,5,9,84.83,4,신가동,1019-1,12330,,,
수동리안아파트,2002,9311,2007,5,9,84.83,4,신가동,1019-1,12330,,,
수동리안아파트,2002,8949,2007,5,9,84.83,1,신가동,1019-1,12330,,,
수동리안아파트,2002,9330,2007,5,9,84.86,13,신가동,1019-1,12330,,,
수동리안아파트,2002,9163,2007,5,9,84.83,13,신가동,1019-1,12330,,,
수동리안아파트,2002,9330,2007,5,9,84.86,12,신가동,1019-1,12330,,,
수동리안아파트,2002,9330,2007,5,9,84.86,11,신가동,1019-1,12330,,,
수동리안아파트,2002,9506,2007,5,9,84.86,6,신가동,1019-1,12330,,,
수동리안아파트,2002,9311,2007,5,9,84.83,6,신가동,1019-1,12330,,,
수동리안아파트,2002,9311,2007,5,9,84.83,5,신가동,1019-1,12330,,,
수동리안아파트,2002,9506,2007,5,9,84.86,11,신가동,1019-1,12330,,,
수동리안아파트,2002,9311,2007,5,9,84.83,10,신가동,1019-1,12330,,,
수동리안아파트,2002,9311,2007,5,9,84.83,8,신가동,1019-1,12330,,,
수동리안아파트,2002,9311,2007,5,9,84.83,4,신가동,1019-1,12330,,,
수동리안아파트,2002,9311,2007,5,9,84.83,13,신가동,1019-1,12330,,,
수동리안아파트,2002,9311,2007,5,9,84.83,9,신가동,1019-1,12330,,,
수동리안아파트,2002,9311,2007,5,9,84.83,4,신가동,1019-1,12330,,,
수동리안아파트,2002,9311,2007,5,9,84.83,3,신가동,1019-1,12330,,,
수동리안아파트,2002,6545,2007,5,9,59.81,12,신가동,1019-1,12330,,,
수동리안아파트,2002,6545,2007,5,9,59.81,10,신가동,1019-1,12330,,,
수동리안아파트,2002,6545,2007,5,9,59.81,3,신가동,1019-1,12330,,,
수동리안아파트,2002,6563,2007,5,9,59.95,12,신가동,1019-1,12330,,,
수동리안아파트,2002,6563,2007,5,9,59.95,10,신가동,1019-1,12330,,,
수동리안아파트,2002,6545,2007,5,9,59.81,10,신가동,1019-1,12330,,,
수동리안아파트,2002,6487,2007,5,9,59.77,8,신가동,1019-1,12330,,,
수동리안아파트,2002,6545,2007,5,9,59.81,7,신가동,1019-1,12330,,,
수동리안아파트,2002,6545,2007,5,9,59.81,6,신가동,1019-1,12330,,,
수동리안아파트,2002,6563,2007,5,9,59.95,4,신가동,1019-1,12330,,,
수동리안아파트,2002,6545,2007,5,9,59.81,4,신가동,1019-1,12330,,,
수동리안아파트,2002,6448,2007,5,9,59.81,14,신가동,1019-1,12330,,,
수동리안아파트,2002,6545,2007,5,9,59.81,12,신가동,1019-1,12330,,,
수동리안아파트,2002,6545,2007,5,9,59.81,8,신가동,1019-1,12330,,,
수동리안아파트,2002,6545,2007,5,9,59.81,7,신가동,1019-1,12330,,,
수동리안아파트,2002,6513,2007,5,9,59.96,7,신가동,1019-1,12330,,,
수동리안아파트,2002,6545,2007,5,9,59.81,7,신가동,1019-1,12330,,,
수동리안아파트,2002,6545,2007,5,9,59.81,6,신가동,1019-1,12330,,,
수동리안아파트,2002,6545,2007,5,9,59.81,5,신가동,1019-1,12330,,,
수동리안아파트,2002,6545,2007,5,9,59.81,5,신가동,1019-1,12330,,,
수동리안아파트,2002,6487,2007,5,9,59.77,4,신가동,1019-1,12330,,,
수동리안아파트,2002,6545,2007,5,9,59.81,3,신가동,1019-1,12330,,,
운남주공4단지,1996,6100,2007,5,9,59.76,20,운남동,771-1,12330,,,
운남주공7단지,2001,6100,2007,5,9,49.83,13,운남동,794-3,12330,,,
운남주공7단지,2001,5400,2007,5,9,49.83,15,운남동,794-3,12330,,,
운남주공7단지,2001,8350,2007,5,9,59.29,13,운남동,794-3,12330,,,
운남주공7단지,2001,4390,2007,5,9,49.83,21,운남동,794-3,12330,,,
운남주공7단지,2001,4550,2007,5,9,49.83,23,운남동,794-3,12330,,,
운남주공7단지,2001,4480,2007,5,9,49.83,15,운남동,794-3,12330,,,
운남주공7단지,2001,4550,2007,5,9,49.83,9,운남동,794-3,12330,,,
운남주공7단지,2001,4270,2007,5,9,49.83,1,운남동,794-3,12330,,,
운남주공7단지,2001,4480,2007,5,9,49.83,9,운남동,794-3,12330,,,
운남주공7단지,2001,4550,2007,5,9,49.83,20,운남동,794-3,12330,,,
운남주공7단지,2001,4550,2007,5,9,49.83,21,운남동,794-3,12330,,,
운남주공7단지,2001,4550,2007,5,9,49.83,10,운남동,794-3,12330,,,
운남주공7단지,2001,4550,2007,5,9,49.83,11,운남동,794-3,12330,,,
운남주공7단지,2001,6360,2007,5,9,59.29,19,운남동,794-3,12330,,,
운남주공7단지,2001,4500,2007,5,9,49.83,4,운남동,794-3,12330,,,
운남주공7단지,2001,3550,2007,5,9,39.99,17,운남동,794-3,12330,,,
운남주공7단지,2001,4480,2007,5,9,49.83,16,운남동,794-3,12330,,,
운남주공7단지,2001,6425,2007,5,9,59.29,3,운남동,794-3,12330,,,
운남주공7단지,2001,4480,2007,5,9,49.83,15,운남동,794-3,12330,,,
운남주공7단지,2001,6350,2007,5,9,59.29,13,운남동,794-3,12330,,,
운남주공7단지,2001,4500,2007,5,9,49.83,3,운남동,794-3,12330,,,
운남주공7단지,2001,6290,2007,5,9,59.29,19,운남동,794-3,12330,,,
운남주공7단지,2001,6290,2007,5,9,59.29,15,운남동,794-3,12330,,,
운남주공7단지,2001,6350,2007,5,9,59.29,6,운남동,794-3,12330,,,
운남주공7단지,2001,6290,2007,5,9,59.29,4,운남동,794-3,12330,,,
운남주공7단지,2001,5975,2007,5,9,59.29,1,운남동,794-3,12330,,,
운남주공7단지,2001,6350,2007,5,9,59.48,5,운남동,794-3,12330,,,
운남주공7단지,2001,3550,2007,5,9,39.99,12,운남동,794-3,12330,,,
운남주공7단지,2001,4595,2007,5,9,49.83,22,운남동,794-3,12330,,,
운남주공7단지,2001,3495,2007,5,9,39.99,9,운남동,794-3,12330,,,
운남주공7단지,2001,4480,2007,5,9,49.83,24,운남동,794-3,12330,,,
운남주공7단지,2001,4550,2007,5,9,49.83,10,운남동,794-3,12330,,,
운남주공7단지,2001,4210,2007,5,9,49.83,1,운남동,794-3,12330,,,
운남주공7단지,2001,6350,2007,5,9,59.29,3,운남동,794-3,12330,,,
첨단선경,1997,11100,2007,5,9,92.78,5,월계동,756-3,12330,,,
하남우미,1992,3850,2007,5,9,49.92,1,우산동,1572-2,12330,,,
호반리젠시빌1차,2001,11500,2007,5,9,84.0624,11,신가동,1019-2,12330,,,
금호타운,1991,7550,2007,5,10,74,7,월곡동,613-1,12330,,,
대주피오레1차,2000,8860,2007,5,10,84.98,12,도산동,790,12330,,,
대화,1995,5200,2007,5,10,59.99,11,소촌동,440-1,12330,,,
라인2차,1997,6100,2007,5,10,59.9,7,소촌동,97-1,12330,,,
삼성,1996,9800,2007,5,10,84.92,15,운남동,387-22,12330,,,
상아,1996,6450,2007,5,10,59.88,7,송정동,965-1,12330,,,
서경,1998,5900,2007,5,10,58.8,11,도산동,1081,12330,,,
서라1,1995,5300,2007,5,10,59.965,6,소촌동,610,12330,,,
송광파크맨션2차,1995,5200,2007,5,10,59.935,9,소촌동,455,12330,,,
수동리안아파트,2002,6545,2007,5,10,59.81,6,신가동,1019-1,12330,,,
수동리안아파트,2002,6545,2007,5,10,59.81,4,신가동,1019-1,12330,,,
수동리안아파트,2002,6545,2007,5,10,59.81,7,신가동,1019-1,12330,,,
수동리안아파트,2002,6545,2007,5,10,59.81,7,신가동,1019-1,12330,,,
수동리안아파트,2002,6545,2007,5,10,59.81,4,신가동,1019-1,12330,,,
수동리안아파트,2002,6545,2007,5,10,59.81,7,신가동,1019-1,12330,,,
수동리안아파트,2002,6545,2007,5,10,59.81,3,신가동,1019-1,12330,,,
수동리안아파트,2002,6563,2007,5,10,59.95,9,신가동,1019-1,12330,,,
수동리안아파트,2002,6545,2007,5,10,59.81,9,신가동,1019-1,12330,,,
수동리안아파트,2002,6545,2007,5,10,59.81,8,신가동,1019-1,12330,,,
수동리안아파트,2002,6545,2007,5,10,59.81,12,신가동,1019-1,12330,,,
수동리안아파트,2002,6545,2007,5,10,59.81,7,신가동,1019-1,12330,,,
수동리안아파트,2002,6487,2007,5,10,59.77,5,신가동,1019-1,12330,,,
수동리안아파트,2002,6545,2007,5,10,59.81,4,신가동,1019-1,12330,,,
수동리안아파트,2002,6545,2007,5,10,59.81,4,신가동,1019-1,12330,,,
수동리안아파트,2002,6487,2007,5,10,59.77,10,신가동,1019-1,12330,,,
수동리안아파트,2002,6487,2007,5,10,59.77,9,신가동,1019-1,12330,,,
수동리안아파트,2002,6545,2007,5,10,59.81,10,신가동,1019-1,12330,,,
수동리안아파트,2002,6513,2007,5,10,59.96,9,신가동,1019-1,12330,,,
수동리안아파트,2002,6502,2007,5,10,59.71,8,신가동,1019-1,12330,,,
수동리안아파트,2002,6502,2007,5,10,59.71,6,신가동,1019-1,12330,,,
수동리안아파트,2002,6404,2007,5,10,59.71,15,신가동,1019-1,12330,,,
수동리안아파트,2002,6487,2007,5,10,59.77,10,신가동,1019-1,12330,,,
수동리안아파트,2002,6487,2007,5,10,59.77,9,신가동,1019-1,12330,,,
수동리안아파트,2002,6513,2007,5,10,59.96,9,신가동,1019-1,12330,,,
수동리안아파트,2002,6502,2007,5,10,59.71,9,신가동,1019-1,12330,,,
수동리안아파트,2002,6487,2007,5,10,59.77,7,신가동,1019-1,12330,,,
수동리안아파트,2002,6513,2007,5,10,59.96,7,신가동,1019-1,12330,,,
수동리안아파트,2002,6290,2007,5,10,59.77,2,신가동,1019-1,12330,,,
수동리안아파트,2002,9163,2007,5,10,84.83,15,신가동,1019-1,12330,,,
수동리안아파트,2002,9163,2007,5,10,84.83,15,신가동,1019-1,12330,,,
수동리안아파트,2002,9311,2007,5,10,84.83,11,신가동,1019-1,12330,,,
수동리안아파트,2002,9311,2007,5,10,84.83,11,신가동,1019-1,12330,,,
수동리안아파트,2002,9311,2007,5,10,84.83,9,신가동,1019-1,12330,,,
수동리안아파트,2002,9311,2007,5,10,84.83,9,신가동,1019-1,12330,,,
수동리안아파트,2002,9330,2007,5,10,84.86,7,신가동,1019-1,12330,,,
수동리안아파트,2002,9506,2007,5,10,84.86,6,신가동,1019-1,12330,,,
수동리안아파트,2002,9311,2007,5,10,84.83,5,신가동,1019-1,12330,,,
수동리안아파트,2002,9506,2007,5,10,84.86,5,신가동,1019-1,12330,,,
수동리안아파트,2002,9311,2007,5,10,84.83,3,신가동,1019-1,12330,,,
수동리안아파트,2002,9330,2007,5,10,84.86,3,신가동,1019-1,12330,,,
수동리안아파트,2002,9085,2007,5,10,84.86,2,신가동,1019-1,12330,,,
수동리안아파트,2002,9311,2007,5,10,84.83,12,신가동,1019-1,12330,,,
수동리안아파트,2002,9311,2007,5,10,84.83,11,신가동,1019-1,12330,,,
수동리안아파트,2002,9311,2007,5,10,84.83,10,신가동,1019-1,12330,,,
수동리안아파트,2002,9311,2007,5,10,84.83,8,신가동,1019-1,12330,,,
수동리안아파트,2002,9311,2007,5,10,84.83,7,신가동,1019-1,12330,,,
수동리안아파트,2002,9311,2007,5,10,84.83,6,신가동,1019-1,12330,,,
수동리안아파트,2002,9311,2007,5,10,84.83,8,신가동,1019-1,12330,,,
수동리안아파트,2002,8949,2007,5,10,84.83,1,신가동,1019-1,12330,,,
수동리안아파트,2002,6545,2007,5,10,59.81,12,신가동,1019-1,12330,,,
수동리안아파트,2002,6545,2007,5,10,59.81,11,신가동,1019-1,12330,,,
수동리안아파트,2002,9311,2007,5,10,84.83,5,신가동,1019-1,12330,,,
수동리안아파트,2002,9311,2007,5,10,84.83,12,신가동,1019-1,12330,,,
수동리안아파트,2002,9311,2007,5,10,84.83,10,신가동,1019-1,12330,,,
수동리안아파트,2002,9311,2007,5,10,84.83,12,신가동,1019-1,12330,,,
수동리안아파트,2002,9311,2007,5,10,84.83,12,신가동,1019-1,12330,,,
수동리안아파트,2002,9330,2007,5,10,84.86,11,신가동,1019-1,12330,,,
수동리안아파트,2002,9311,2007,5,10,84.83,11,신가동,1019-1,12330,,,
수동리안아파트,2002,9311,2007,5,10,84.83,10,신가동,1019-1,12330,,,
수동리안아파트,2002,9311,2007,5,10,84.83,10,신가동,1019-1,12330,,,
수동리안아파트,2002,9311,2007,5,10,84.83,9,신가동,1019-1,12330,,,
수동리안아파트,2002,9311,2007,5,10,84.83,9,신가동,1019-1,12330,,,
수동리안아파트,2002,9311,2007,5,10,84.83,9,신가동,1019-1,12330,,,
수동리안아파트,2002,9506,2007,5,10,84.86,8,신가동,1019-1,12330,,,
수동리안아파트,2002,9311,2007,5,10,84.83,7,신가동,1019-1,12330,,,
수동리안아파트,2002,9311,2007,5,10,84.83,6,신가동,1019-1,12330,,,
수동리안아파트,2002,9311,2007,5,10,84.83,5,신가동,1019-1,12330,,,
수동리안아파트,2002,9311,2007,5,10,84.83,5,신가동,1019-1,12330,,,
수동리안아파트,2002,9311,2007,5,10,84.83,4,신가동,1019-1,12330,,,
수동리안아파트,2002,9311,2007,5,10,84.83,4,신가동,1019-1,12330,,,
수동리안아파트,2002,9311,2007,5,10,84.83,3,신가동,1019-1,12330,,,
수동리안아파트,2002,9257,2007,5,10,84.86,2,신가동,1019-1,12330,,,
수동리안아파트,2002,9163,2007,5,10,84.83,14,신가동,1019-1,12330,,,
수동리안아파트,2002,9311,2007,5,10,84.83,13,신가동,1019-1,12330,,,
수동리안아파트,2002,9311,2007,5,10,84.83,12,신가동,1019-1,12330,,,
수동리안아파트,2002,9311,2007,5,10,84.83,9,신가동,1019-1,12330,,,
수동리안아파트,2002,9311,2007,5,10,84.83,4,신가동,1019-1,12330,,,
수동리안아파트,2002,9356,2007,5,10,84.86,14,신가동,1019-1,12330,,,
수동리안아파트,2002,9163,2007,5,10,84.83,14,신가동,1019-1,12330,,,
수동리안아파트,2002,9163,2007,5,10,84.83,14,신가동,1019-1,12330,,,
수동리안아파트,2002,9163,2007,5,10,84.83,14,신가동,1019-1,12330,,,
수동리안아파트,2002,9506,2007,5,10,84.86,12,신가동,1019-1,12330,,,
수동리안아파트,2002,9311,2007,5,10,84.83,5,신가동,1019-1,12330,,,
수동리안아파트,2002,9311,2007,5,10,84.83,7,신가동,1019-1,12330,,,
수동리안아파트,2002,6545,2007,5,10,59.81,3,신가동,1019-1,12330,,,
수동리안아파트,2002,6348,2007,5,10,59.81,2,신가동,1019-1,12330,,,
수동리안아파트,2002,6348,2007,5,10,59.81,2,신가동,1019-1,12330,,,
수동리안아파트,2002,6487,2007,5,10,59.77,13,신가동,1019-1,12330,,,
수동리안아파트,2002,6448,2007,5,10,59.81,13,신가동,1019-1,12330,,,
수동리안아파트,2002,6487,2007,5,10,59.77,12,신가동,1019-1,12330,,,
수동리안아파트,2002,6545,2007,5,10,59.81,12,신가동,1019-1,12330,,,
수동리안아파트,2002,6545,2007,5,10,59.81,11,신가동,1019-1,12330,,,
수동리안아파트,2002,6487,2007,5,10,59.77,10,신가동,1019-1,12330,,,
수동리안아파트,2002,6545,2007,5,10,59.81,7,신가동,1019-1,12330,,,
수동리안아파트,2002,6563,2007,5,10,59.95,4,신가동,1019-1,12330,,,
수동리안아파트,2002,6545,2007,5,10,59.81,3,신가동,1019-1,12330,,,
어등하이빌,1992,4000,2007,5,10,41.04,5,우산동,1572-6,12330,,,
어등하이빌,1992,5800,2007,5,10,59.67,7,우산동,1572-6,12330,,,
우미,1997,5300,2007,5,10,60,13,도산동,1077-1,12330,,,
운남주공3단지,1996,5400,2007,5,10,58.14,1,운남동,777-1,12330,,,
운남주공7단지,2001,7570,2007,5,10,59.29,15,운남동,794-3,12330,,,
운남주공7단지,2001,5920,2007,5,10,59.48,1,운남동,794-3,12330,,,
운남주공7단지,2001,6350,2007,5,10,59.29,8,운남동,794-3,12330,,,
운남주공7단지,2001,6000,2007,5,10,49.83,11,운남동,794-3,12330,,,
운남주공7단지,2001,5000,2007,5,10,49.83,4,운남동,794-3,12330,,,
운남주공7단지,2001,4550,2007,5,10,49.83,14,운남동,794-3,12330,,,
운남주공7단지,2001,4550,2007,5,10,49.83,11,운남동,794-3,12330,,,
운남주공7단지,2001,4550,2007,5,10,49.83,8,운남동,794-3,12330,,,
운남주공7단지,2001,4210,2007,5,10,49.83,1,운남동,794-3,12330,,,
운남주공7단지,2001,6360,2007,5,10,59.29,16,운남동,794-3,12330,,,
운남주공7단지,2001,4500,2007,5,10,49.83,24,운남동,794-3,12330,,,
운남주공7단지,2001,4550,2007,5,10,49.83,23,운남동,794-3,12330,,,
운남주공7단지,2001,6500,2007,5,10,59.29,12,운남동,794-3,12330,,,
운남주공7단지,2001,6500,2007,5,10,59.29,10,운남동,794-3,12330,,,
운남주공7단지,2001,6350,2007,5,10,59.29,3,운남동,794-3,12330,,,
운남주공7단지,2001,6225,2007,5,10,59.29,2,운남동,794-3,12330,,,
운남주공7단지,2001,4480,2007,5,10,49.83,10,운남동,794-3,12330,,,
운남주공7단지,2001,4550,2007,5,10,49.83,4,운남동,794-3,12330,,,
운남주공7단지,2001,6425,2007,5,10,59.29,15,운남동,794-3,12330,,,
운남주공7단지,2001,6350,2007,5,10,59.29,10,운남동,794-3,12330,,,
운남주공7단지,2001,6200,2007,5,10,59.48,4,운남동,794-3,12330,,,
운남주공7단지,2001,6290,2007,5,10,59.48,4,운남동,794-3,12330,,,
운남주공7단지,2001,4350,2007,5,10,49.97,10,운남동,794-3,12330,,,
운남주공7단지,2001,4595,2007,5,10,49.83,15,운남동,794-3,12330,,,
운남주공7단지,2001,4595,2007,5,10,49.83,13,운남동,794-3,12330,,,
운남주공7단지,2001,4595,2007,5,10,49.83,11,운남동,794-3,12330,,,
운남주공7단지,2001,4290,2007,5,10,49.83,1,운남동,794-3,12330,,,
운남주공7단지,2001,6415,2007,5,10,59.29,13,운남동,794-3,12330,,,
운남주공7단지,2001,4595,2007,5,10,49.83,5,운남동,794-3,12330,,,
운남주공7단지,2001,6350,2007,5,10,59.29,5,운남동,794-3,12330,,,
운남주공7단지,2001,4595,2007,5,10,49.83,18,운남동,794-3,12330,,,
중흥2차,1995,4807,2007,5,10,59.76,11,도천동,628-1,12330,,,
첨단대우,1997,17900,2007,5,10,133.82,9,월계동,755-2,12330,,,
첨단두산2,1996,6300,2007,5,10,59.997,2,월계동,765-8,12330,,,
첨단라인5,1997,9000,2007,5,10,84.99,11,월계동,756-6,12330,,,
첨단우미2,1997,6000,2007,5,10,78.54,2,월계동,761-4,12330,,,
하남주공(2단지),1991,3750,2007,5,10,44.52,11,우산동,1571-1,12330,,,
하남주공(2단지),1991,3450,2007,5,10,38.64,2,우산동,1571-1,12330,,,
하남주공(2단지),1991,3800,2007,5,10,44.52,4,우산동,1571-1,12330,,,
해광샹그릴라,2005,14440,2007,5,10,84.9106,15,신창동,855-9,12330,,,
호반1,1995,5000,2007,5,10,59.95,2,도산동,1136-1,12330,,,
호반리젠시빌1,2003,10200,2007,5,10,84.3979,2,산월동,885-2,12330,,,
호반리젠시빌1,2003,10200,2007,5,10,84.3979,9,산월동,885-2,12330,,,
호반리젠시빌2,2003,10200,2007,5,10,84.3979,6,산월동,884-1,12330,,,
호반리젠시빌2,2003,10200,2007,5,10,84.3979,9,산월동,884-1,12330,,,
호반리젠시빌2,2003,9949,2007,5,10,84.3979,2,산월동,884-1,12330,,,
호반리젠시빌2,2003,10200,2007,5,10,84.3979,3,산월동,884-1,12330,,,
호반리젠시빌2,2003,10200,2007,5,10,84.3979,14,산월동,884-1,12330,,,
호반리젠시빌3,2003,9400,2007,5,10,72.504,6,산월동,884-2,12330,,,
호반리젠시빌3,2003,9000,2007,5,10,72.504,2,산월동,884-2,12330,,,
호반리젠시빌3,2003,9969,2007,5,10,84.3979,8,산월동,884-2,12330,,,
호반리젠시빌4,2003,10390,2007,5,10,83.7154,15,산월동,883-1,12330,,,
호반리젠시빌4,2003,10359,2007,5,10,83.7154,15,산월동,883-1,12330,,,
호반리젠시빌4,2003,10800,2007,5,10,83.7154,8,산월동,883-1,12330,,,
호반리젠시빌4,2003,10800,2007,5,10,83.7154,14,산월동,883-1,12330,,,
호반리젠시빌4,2003,10800,2007,5,10,83.7154,10,산월동,883-1,12330,,,
호반리젠시빌4,2003,10600,2007,5,10,83.7154,8,산월동,883-1,12330,,,
EG스위트밸리2차,2001,9860,2007,5,11,84.9831,10,소촌동,791-22,12330,,,
금호타운,1991,5000,2007,5,11,56.69,12,월곡동,613-1,12330,,,
금호타운,1991,8680,2007,5,11,84.72,5,월곡동,613-1,12330,,,
대주피오레1차,2000,8631,2007,5,11,84.98,13,도산동,790,12330,,,
동산아파트,1991,4600,2007,5,11,59.61,1,우산동,1572-5,12330,,,
송정주공,1982,4950,2007,5,11,50.59,1,우산동,1079-3,12330,,,
수동리안아파트,2002,10400,2007,5,11,84.83,12,신가동,1019-1,12330,,,
수동리안아파트,2002,6513,2007,5,11,59.96,11,신가동,1019-1,12330,,,
수동리안아파트,2002,6487,2007,5,11,59.77,8,신가동,1019-1,12330,,,
수동리안아파트,2002,6487,2007,5,11,59.77,6,신가동,1019-1,12330,,,
수동리안아파트,2002,6513,2007,5,11,59.96,4,신가동,1019-1,12330,,,
수동리안아파트,2002,6513,2007,5,11,59.96,13,신가동,1019-1,12330,,,
수동리안아파트,2002,6487,2007,5,11,59.77,12,신가동,1019-1,12330,,,
수동리안아파트,2002,6487,2007,5,11,59.77,11,신가동,1019-1,12330,,,
수동리안아파트,2002,6502,2007,5,11,59.71,10,신가동,1019-1,12330,,,
수동리안아파트,2002,6487,2007,5,11,59.77,3,신가동,1019-1,12330,,,
수동리안아파트,2002,9163,2007,5,11,84.83,15,신가동,1019-1,12330,,,
수동리안아파트,2002,9182,2007,5,11,84.86,14,신가동,1019-1,12330,,,
수동리안아파트,2002,9311,2007,5,11,84.83,11,신가동,1019-1,12330,,,
수동리안아파트,2002,9311,2007,5,11,84.83,10,신가동,1019-1,12330,,,
수동리안아파트,2002,9311,2007,5,11,84.83,9,신가동,1019-1,12330,,,
수동리안아파트,2002,9506,2007,5,11,84.86,8,신가동,1019-1,12330,,,
수동리안아파트,2002,9311,2007,5,11,84.83,5,신가동,1019-1,12330,,,
수동리안아파트,2002,9311,2007,5,11,84.83,4,신가동,1019-1,12330,,,
수동리안아파트,2002,9257,2007,5,11,84.86,2,신가동,1019-1,12330,,,
수동리안아파트,2002,8949,2007,5,11,84.83,1,신가동,1019-1,12330,,,
수동리안아파트,2002,9163,2007,5,11,84.83,13,신가동,1019-1,12330,,,
수동리안아파트,2002,9311,2007,5,11,84.83,11,신가동,1019-1,12330,,,
수동리안아파트,2002,9311,2007,5,11,84.83,9,신가동,1019-1,12330,,,
수동리안아파트,2002,9311,2007,5,11,84.83,8,신가동,1019-1,12330,,,
수동리안아파트,2002,9311,2007,5,11,84.83,8,신가동,1019-1,12330,,,
수동리안아파트,2002,9311,2007,5,11,84.83,6,신가동,1019-1,12330,,,
수동리안아파트,2002,9311,2007,5,11,84.83,4,신가동,1019-1,12330,,,
수동리안아파트,2002,9356,2007,5,11,84.86,14,신가동,1019-1,12330,,,
수동리안아파트,2002,9163,2007,5,11,84.83,13,신가동,1019-1,12330,,,
수동리안아파트,2002,9506,2007,5,11,84.86,11,신가동,1019-1,12330,,,
수동리안아파트,2002,9311,2007,5,11,84.83,9,신가동,1019-1,12330,,,
수동리안아파트,2002,9311,2007,5,11,84.83,9,신가동,1019-1,12330,,,
수동리안아파트,2002,9330,2007,5,11,84.86,8,신가동,1019-1,12330,,,
수동리안아파트,2002,9311,2007,5,11,84.83,8,신가동,1019-1,12330,,,
수동리안아파트,2002,9311,2007,5,11,84.83,6,신가동,1019-1,12330,,,
수동리안아파트,2002,9311,2007,5,11,84.83,6,신가동,1019-1,12330,,,
수동리안아파트,2002,9311,2007,5,11,84.83,5,신가동,1019-1,12330,,,
수동리안아파트,2002,9311,2007,5,11,84.83,4,신가동,1019-1,12330,,,
수동리안아파트,2002,9311,2007,5,11,84.83,4,신가동,1019-1,12330,,,
수동리안아파트,2002,9311,2007,5,11,84.83,3,신가동,1019-1,12330,,,
수동리안아파트,2002,6545,2007,5,11,59.81,13,신가동,1019-1,12330,,,
수동리안아파트,2002,6545,2007,5,11,59.81,10,신가동,1019-1,12330,,,
수동리안아파트,2002,6545,2007,5,11,59.81,9,신가동,1019-1,12330,,,
수동리안아파트,2002,6545,2007,5,11,59.81,8,신가동,1019-1,12330,,,
수동리안아파트,2002,6545,2007,5,11,59.81,10,신가동,1019-1,12330,,,
수동리안아파트,2002,6545,2007,5,11,59.81,9,신가동,1019-1,12330,,,
수동리안아파트,2002,6545,2007,5,11,59.81,8,신가동,1019-1,12330,,,
수동리안아파트,2002,6513,2007,5,11,59.96,5,신가동,1019-1,12330,,,
수동리안아파트,2002,6545,2007,5,11,59.81,5,신가동,1019-1,12330,,,
수동리안아파트,2002,6545,2007,5,11,59.81,5,신가동,1019-1,12330,,,
수동리안아파트,2002,6290,2007,5,11,59.77,2,신가동,1019-1,12330,,,
수동리안아파트,2002,6303,2007,5,11,59.81,1,신가동,1019-1,12330,,,
수동리안아파트,2002,6448,2007,5,11,59.81,12,신가동,1019-1,12330,,,
수동리안아파트,2002,6545,2007,5,11,59.81,11,신가동,1019-1,12330,,,
수동리안아파트,2002,6545,2007,5,11,59.81,10,신가동,1019-1,12330,,,
수동리안아파트,2002,6545,2007,5,11,59.81,8,신가동,1019-1,12330,,,
수동리안아파트,2002,6545,2007,5,11,59.81,8,신가동,1019-1,12330,,,
수동리안아파트,2002,6545,2007,5,11,59.81,6,신가동,1019-1,12330,,,
수동리안아파트,2002,6545,2007,5,11,59.81,5,신가동,1019-1,12330,,,
수동리안아파트,2002,9311,2007,5,11,84.83,3,신가동,1019-1,12330,,,
수동리안아파트,2002,9311,2007,5,11,84.83,8,신가동,1019-1,12330,,,
수동리안아파트,2002,9311,2007,5,11,84.83,6,신가동,1019-1,12330,,,
수동리안아파트,2002,9330,2007,5,11,84.86,5,신가동,1019-1,12330,,,
수동리안아파트,2002,9311,2007,5,11,84.83,4,신가동,1019-1,12330,,,
수동리안아파트,2002,9311,2007,5,11,84.83,4,신가동,1019-1,12330,,,
수동리안아파트,2002,9311,2007,5,11,84.83,12,신가동,1019-1,12330,,,
수동리안아파트,2002,9311,2007,5,11,84.83,11,신가동,1019-1,12330,,,
수동리안아파트,2002,9330,2007,5,11,84.86,6,신가동,1019-1,12330,,,
수동리안아파트,2002,9311,2007,5,11,84.83,6,신가동,1019-1,12330,,,
수동리안아파트,2002,9311,2007,5,11,84.83,3,신가동,1019-1,12330,,,
수동리안아파트,2002,9311,2007,5,11,84.83,11,신가동,1019-1,12330,,,
수동리안아파트,2002,9311,2007,5,11,84.83,3,신가동,1019-1,12330,,,
수동리안아파트,2002,9311,2007,5,11,84.83,3,신가동,1019-1,12330,,,
수동리안아파트,2002,9311,2007,5,11,84.83,11,신가동,1019-1,12330,,,
"운남주공1,2단지",1997,6200,2007,5,11,59.76,16,운남동,776-1,12330,,,
운남주공7단지,2001,4600,2007,5,11,49.83,10,운남동,794-3,12330,,,
운남주공7단지,2001,8200,2007,5,11,59.48,6,운남동,794-3,12330,,,
운남주공7단지,2001,5000,2007,5,11,49.83,5,운남동,794-3,12330,,,
운남주공7단지,2001,3455,2007,5,11,39.99,3,운남동,794-3,12330,,,
운남주공7단지,2001,4550,2007,5,11,49.83,23,운남동,794-3,12330,,,
운남주공7단지,2001,4390,2007,5,11,49.83,21,운남동,794-3,12330,,,
운남주공7단지,2001,6415,2007,5,11,59.29,7,운남동,794-3,12330,,,
운남주공7단지,2001,6225,2007,5,11,59.29,2,운남동,794-3,12330,,,
운남주공7단지,2001,4550,2007,5,11,49.83,15,운남동,794-3,12330,,,
운남주공7단지,2001,4550,2007,5,11,49.83,7,운남동,794-3,12330,,,
운남주공7단지,2001,4550,2007,5,11,49.83,11,운남동,794-3,12330,,,
운남주공7단지,2001,4550,2007,5,11,49.83,9,운남동,794-3,12330,,,
운남주공7단지,2001,4480,2007,5,11,49.83,12,운남동,794-3,12330,,,
운남주공7단지,2001,4480,2007,5,11,49.83,6,운남동,794-3,12330,,,
운남주공7단지,2001,6350,2007,5,11,59.29,18,운남동,794-3,12330,,,
운남주공7단지,2001,6415,2007,5,11,59.29,13,운남동,794-3,12330,,,
운남주공7단지,2001,6500,2007,5,11,59.29,11,운남동,794-3,12330,,,
운남주공7단지,2001,6350,2007,5,11,59.29,16,운남동,794-3,12330,,,
운남주공7단지,2001,6350,2007,5,11,59.29,5,운남동,794-3,12330,,,
운남주공7단지,2001,6290,2007,5,11,59.29,4,운남동,794-3,12330,,,
운남주공7단지,2001,4310,2007,5,11,49.97,4,운남동,794-3,12330,,,
운남주공7단지,2001,4595,2007,5,11,49.83,19,운남동,794-3,12330,,,
운남주공7단지,2001,4595,2007,5,11,49.83,18,운남동,794-3,12330,,,
운남주공7단지,2001,4595,2007,5,11,49.83,14,운남동,794-3,12330,,,
운남주공7단지,2001,4595,2007,5,11,49.83,10,운남동,794-3,12330,,,
운남주공7단지,2001,4595,2007,5,11,49.83,7,운남동,794-3,12330,,,
운남주공7단지,2001,4595,2007,5,11,49.83,5,운남동,794-3,12330,,,
운남주공7단지,2001,4550,2007,5,11,49.83,11,운남동,794-3,12330,,,
운남주공7단지,2001,4480,2007,5,11,49.83,10,운남동,794-3,12330,,,
운남주공7단지,2001,4550,2007,5,11,49.83,15,운남동,794-3,12330,,,
운남주공7단지,2001,4550,2007,5,11,49.83,15,운남동,794-3,12330,,,
운남주공7단지,2001,4550,2007,5,11,49.83,20,운남동,794-3,12330,,,
운남주공7단지,2001,4550,2007,5,11,49.83,13,운남동,794-3,12330,,,
운남주공7단지,2001,4500,2007,5,11,49.83,24,운남동,794-3,12330,,,
중흥1차,1995,5300,2007,5,11,59.94,13,도천동,627-1,12330,,,
중흥2차,1995,4807,2007,5,11,59.76,8,도천동,628-1,12330,,,
중흥2차,1995,4797,2007,5,11,59.76,12,도천동,628-1,12330,,,
대덕무지개,1993,4500,2007,5,12,59.88,5,소촌동,69-3,12330,,,
대주피오레1차,2000,8631,2007,5,12,84.98,2,도산동,790,12330,,,
송광파크맨션2차,1995,5600,2007,5,12,59.935,9,소촌동,455,12330,,,
첨단대우,1997,13000,2007,5,12,99.9,7,월계동,755-2,12330,,,
첨단라인1,1995,6350,2007,5,12,60,3,월계동,765-2,12330,,,
호반리젠시빌1차,2001,11590,2007,5,12,84.0624,5,신가동,1019-2,12330,,,
"운남주공1,2단지",1997,4900,2007,5,13,49.69,12,운남동,776-1,12330,,,
운남주공7단지,2001,5800,2007,5,13,49.83,10,운남동,794-3,12330,,,
EG스위트밸리3차,2004,11500,2007,5,14,84.439,1,소촌동,232-6,12330,,,
건영,1998,10000,2007,5,14,99.96,3,월계동,755-5,12330,,,
금호타운,1991,8800,2007,5,14,84.72,13,월곡동,613-1,12330,,,
수동리안아파트,2002,6545,2007,5,14,59.81,7,신가동,1019-1,12330,,,
신창동모아미래도,2000,5000,2007,5,14,59.7,1,신창동,462-2,12330,,,
어등하이빌,1992,5650,2007,5,14,59.67,11,우산동,1572-6,12330,,,
"운남주공1,2단지",1997,4900,2007,5,14,49.69,12,운남동,776-1,12330,,,
"운남주공1,2단지",1997,5750,2007,5,14,59.76,2,운남동,776-1,12330,,,
운남주공7단지,2001,6500,2007,5,14,59.29,16,운남동,794-3,12330,,,
운남주공7단지,2001,4480,2007,5,14,49.83,18,운남동,794-3,12330,,,
운남주공7단지,2001,6225,2007,5,14,59.29,20,운남동,794-3,12330,,,
운남주공7단지,2001,6350,2007,5,14,59.29,14,운남동,794-3,12330,,,
운남주공7단지,2001,3495,2007,5,14,39.99,5,운남동,794-3,12330,,,
운남주공7단지,2001,4595,2007,5,14,49.83,17,운남동,794-3,12330,,,
운남주공7단지,2001,4595,2007,5,14,49.83,15,운남동,794-3,12330,,,
운남주공7단지,2001,4595,2007,5,14,49.83,10,운남동,794-3,12330,,,
운남주공7단지,2001,4595,2007,5,14,49.83,5,운남동,794-3,12330,,,
운남주공7단지,2001,4480,2007,5,14,49.83,15,운남동,794-3,12330,,,
운남주공7단지,2001,4550,2007,5,14,49.83,13,운남동,794-3,12330,,,
운남주공7단지,2001,4480,2007,5,14,49.83,18,운남동,794-3,12330,,,
운남주공7단지,2001,4550,2007,5,14,49.83,7,운남동,794-3,12330,,,
운남주공7단지,2001,4550,2007,5,14,49.83,5,운남동,794-3,12330,,,
운남주공7단지,2001,4450,2007,5,14,49.83,25,운남동,794-3,12330,,,
운남주공7단지,2001,4550,2007,5,14,49.83,22,운남동,794-3,12330,,,
운남주공7단지,2001,4550,2007,5,14,49.83,21,운남동,794-3,12330,,,
운남주공7단지,2001,4550,2007,5,14,49.83,20,운남동,794-3,12330,,,
운남주공7단지,2001,4450,2007,5,14,49.83,2,운남동,794-3,12330,,,
운남주공7단지,2001,4480,2007,5,14,49.83,14,운남동,794-3,12330,,,
운남주공7단지,2001,3550,2007,5,14,39.99,14,운남동,794-3,12330,,,
운남주공7단지,2001,3550,2007,5,14,39.99,13,운남동,794-3,12330,,,
운남주공7단지,2001,3550,2007,5,14,39.99,7,운남동,794-3,12330,,,
운남주공7단지,2001,3505,2007,5,14,39.99,3,운남동,794-3,12330,,,
운남주공7단지,2001,6500,2007,5,14,59.29,17,운남동,794-3,12330,,,
운남주공7단지,2001,3550,2007,5,14,39.99,15,운남동,794-3,12330,,,
운남주공7단지,2001,6500,2007,5,14,59.29,9,운남동,794-3,12330,,,
운남주공7단지,2001,4480,2007,5,14,49.83,8,운남동,794-3,12330,,,
운남주공7단지,2001,6500,2007,5,14,59.29,6,운남동,794-3,12330,,,
운남주공7단지,2001,6350,2007,5,14,59.29,8,운남동,794-3,12330,,,
운남주공7단지,2001,4550,2007,5,14,49.83,20,운남동,794-3,12330,,,
운남주공7단지,2001,3800,2007,5,14,39.99,9,운남동,794-3,12330,,,
운남주공7단지,2001,4550,2007,5,14,49.83,10,운남동,794-3,12330,,,
일신,1995,9150,2007,5,14,92.205,5,월계동,757-8,12330,,,
첨단대우,1997,10000,2007,5,14,92.1,11,월계동,755-2,12330,,,
첨단동아,1997,9360,2007,5,14,84.65,2,월계동,758-3,12330,,,
첨단두산1차,1996,6300,2007,5,14,59.997,2,월계동,764-4,12330,,,
첨단라인1,1995,5960,2007,5,14,60,1,월계동,765-2,12330,,,
첨단라인1,1995,6480,2007,5,14,60,3,월계동,765-2,12330,,,
호반청암빌라트,1993,4000,2007,5,14,49.65,1,도산동,840-1,12330,,,
EG스위트밸리3차,2004,12780,2007,5,15,84.439,8,소촌동,232-6,12330,,,
대광로제비앙,2007,16545,2007,5,15,84.8724,5,우산동,1311-1,12330,,,
대광로제비앙,2007,16545,2007,5,15,84.8724,5,우산동,1311-1,12330,,,
대광로제비앙,2007,16545,2007,5,15,84.8724,5,우산동,1311-1,12330,,,
대광로제비앙,2007,16545,2007,5,15,84.8724,6,우산동,1311-1,12330,,,
대광로제비앙,2007,16545,2007,5,15,84.8724,11,우산동,1311-1,12330,,,
대광로제비앙,2007,16545,2007,5,15,84.8724,7,우산동,1311-1,12330,,,
대광로제비앙,2007,16545,2007,5,15,84.8724,7,우산동,1311-1,12330,,,
대광로제비앙,2007,16545,2007,5,15,84.8724,6,우산동,1311-1,12330,,,
대광로제비앙,2007,16545,2007,5,15,84.8724,6,우산동,1311-1,12330,,,
대광로제비앙,2007,16545,2007,5,15,84.8724,6,우산동,1311-1,12330,,,
대광로제비앙,2007,16545,2007,5,15,84.8724,5,우산동,1311-1,12330,,,
리버힐,1992,4250,2007,5,15,49.72,7,우산동,1602-2,12330,,,
명지2차,2005,13600,2007,5,15,84.8858,9,송정동,448-1,12330,,,
삼성,1996,9600,2007,5,15,84.92,8,운남동,387-22,12330,,,
삼성,1996,5600,2007,5,15,49.54,18,운남동,387-22,12330,,,
송광파크맨션3,1995,4700,2007,5,15,59.94,1,소촌동,603-3,12330,,,
운남주공5단지,1997,9300,2007,5,15,84.77,12,운남동,769-1,12330,,,
운남주공7단지,2001,4000,2007,5,15,39.99,20,운남동,794-3,12330,,,
운남주공7단지,2001,4500,2007,5,15,49.83,24,운남동,794-3,12330,,,
운남주공7단지,2001,4550,2007,5,15,49.83,7,운남동,794-3,12330,,,
운남주공7단지,2001,6350,2007,5,15,59.29,18,운남동,794-3,12330,,,
운남주공7단지,2001,8300,2007,5,15,59.29,16,운남동,794-3,12330,,,
운남주공7단지,2001,6275,2007,5,15,59.48,11,운남동,794-3,12330,,,
운남주공7단지,2001,4480,2007,5,15,49.83,7,운남동,794-3,12330,,,
운남주공7단지,2001,6350,2007,5,15,59.29,10,운남동,794-3,12330,,,
운남주공7단지,2001,6350,2007,5,15,59.29,8,운남동,794-3,12330,,,
운남주공7단지,2001,3400,2007,5,15,39.9,9,운남동,794-3,12330,,,
운남주공7단지,2001,3495,2007,5,15,39.99,11,운남동,794-3,12330,,,
운남주공7단지,2001,3400,2007,5,15,39.99,5,운남동,794-3,12330,,,
운남주공7단지,2001,4595,2007,5,15,49.83,13,운남동,794-3,12330,,,
운남주공7단지,2001,3550,2007,5,15,39.99,15,운남동,794-3,12330,,,
운남주공7단지,2001,3550,2007,5,15,39.99,15,운남동,794-3,12330,,,
운남주공7단지,2001,3550,2007,5,15,39.99,9,운남동,794-3,12330,,,
운남주공7단지,2001,4550,2007,5,15,49.83,5,운남동,794-3,12330,,,
운남주공7단지,2001,6415,2007,5,15,59.29,16,운남동,794-3,12330,,,
운남주공7단지,2001,4450,2007,5,15,49.83,2,운남동,794-3,12330,,,
운남주공7단지,2001,4550,2007,5,15,49.83,19,운남동,794-3,12330,,,
운남주공7단지,2001,3550,2007,5,15,39.99,7,운남동,794-3,12330,,,
운남주공7단지,2001,4550,2007,5,15,49.83,15,운남동,794-3,12330,,,
운남주공7단지,2001,4500,2007,5,15,49.83,3,운남동,794-3,12330,,,
일신,1995,9800,2007,5,15,92.205,11,월계동,757-8,12330,,,
첨단라인6,1997,8150,2007,5,15,84.83,2,월계동,761-3,12330,,,
호반,1998,5700,2007,5,15,59.88,19,비아동,152-5,12330,,,
호반,1998,5200,2007,5,15,59.88,6,비아동,152-5,12330,,,
EG스위트밸리2차,2001,9860,2007,5,16,84.9831,3,소촌동,791-22,12330,,,
금호타운,1991,5820,2007,5,16,56.69,8,월곡동,613-1,12330,,,
라인2,1998,9350,2007,5,16,84.99,12,송정동,918-3,12330,,,
라인2차,1997,5350,2007,5,16,59.9,4,소촌동,97-1,12330,,,
명지2차,2005,13600,2007,5,16,84.8858,6,송정동,448-1,12330,,,
수동리안아파트,2002,6487,2007,5,16,59.77,14,신가동,1019-1,12330,,,
온세계아이조움,2004,12850,2007,5,16,84.5844,11,송정동,223,12330,,,
온세계아이조움,2004,12800,2007,5,16,84.5844,4,송정동,223,12330,,,
운남주공4단지,1996,5000,2007,5,16,59.76,2,운남동,771-1,12330,,,
운남주공7단지,2001,4595,2007,5,16,49.83,6,운남동,794-3,12330,,,
운남주공7단지,2001,4480,2007,5,16,49.83,10,운남동,794-3,12330,,,
운남주공7단지,2001,4480,2007,5,16,49.83,13,운남동,794-3,12330,,,
운남주공7단지,2001,4595,2007,5,16,49.83,6,운남동,794-3,12330,,,
운남주공7단지,2001,4550,2007,5,16,49.83,16,운남동,794-3,12330,,,
운남주공7단지,2001,4550,2007,5,16,49.83,11,운남동,794-3,12330,,,
운남주공7단지,2001,4480,2007,5,16,49.83,5,운남동,794-3,12330,,,
운남주공7단지,2001,4550,2007,5,16,49.83,12,운남동,794-3,12330,,,
운남주공7단지,2001,4450,2007,5,16,49.83,25,운남동,794-3,12330,,,
운남주공7단지,2001,4550,2007,5,16,49.83,19,운남동,794-3,12330,,,
운남주공7단지,2001,4550,2007,5,16,49.83,19,운남동,794-3,12330,,,
운남주공7단지,2001,4480,2007,5,16,49.83,15,운남동,794-3,12330,,,
운남주공7단지,2001,4480,2007,5,16,49.83,9,운남동,794-3,12330,,,
운남주공7단지,2001,4480,2007,5,16,49.83,7,운남동,794-3,12330,,,
운남주공7단지,2001,6415,2007,5,16,59.29,12,운남동,794-3,12330,,,
운남주공7단지,2001,6350,2007,5,16,59.48,14,운남동,794-3,12330,,,
운남주공7단지,2001,6275,2007,5,16,59.48,12,운남동,794-3,12330,,,
운남주공7단지,2001,6350,2007,5,16,59.48,5,운남동,794-3,12330,,,
운남주공7단지,2001,6290,2007,5,16,59.48,3,운남동,794-3,12330,,,
운남주공7단지,2001,4310,2007,5,16,49.97,3,운남동,794-3,12330,,,
운남주공7단지,2001,3400,2007,5,16,39.99,8,운남동,794-3,12330,,,
운남주공7단지,2001,4595,2007,5,16,49.83,22,운남동,794-3,12330,,,
운남주공7단지,2001,4595,2007,5,16,49.83,16,운남동,794-3,12330,,,
운남주공7단지,2001,6275,2007,5,16,59.48,11,운남동,794-3,12330,,,
운남주공7단지,2001,5200,2007,5,16,49.83,11,운남동,794-3,12330,,,
운남주공7단지,2001,6350,2007,5,16,59.29,6,운남동,794-3,12330,,,
운남주공7단지,2001,6350,2007,5,16,59.29,15,운남동,794-3,12330,,,
운남주공7단지,2001,6350,2007,5,16,59.48,10,운남동,794-3,12330,,,
운남주공7단지,2001,6350,2007,5,16,59.48,14,운남동,794-3,12330,,,
첨단라인1,1995,6600,2007,5,16,60,3,월계동,765-2,12330,,,
하남우미,1992,3850,2007,5,16,49.14,1,우산동,1572-2,12330,,,
하남주공(2단지),1991,3750,2007,5,16,44.52,7,우산동,1571-1,12330,,,
해광샹그릴라,2005,14440,2007,5,16,84.9106,15,신창동,855-9,12330,,,
호반리젠시빌1차,2001,11250,2007,5,16,84.0624,13,신가동,1019-2,12330,,,
호반리젠시빌1차,2001,12800,2007,5,16,84.0624,15,신가동,1019-2,12330,,,
금강3차,2000,5800,2007,5,17,59.84,7,송정동,238,12330,,,
대주피오레1차,2000,8860,2007,5,17,84.98,8,도산동,790,12330,,,
라인2차,1997,5700,2007,5,17,59.9,3,소촌동,97-1,12330,,,
삼능,2003,11000,2007,5,17,84.986,8,신창동,1108-3,12330,,,
삼능,1996,7650,2007,5,17,78.02,5,월계동,759-2,12330,,,
삼성,1996,8300,2007,5,17,70.97,15,운남동,387-22,12330,,,
수동리안아파트,2002,6288,2007,5,17,59.96,1,신가동,1019-1,12330,,,
수동리안아파트,2002,9330,2007,5,17,84.86,7,신가동,1019-1,12330,,,
"운남주공1,2단지",1997,4200,2007,5,17,37.67,12,운남동,776-1,12330,,,
운남주공3단지,1996,5000,2007,5,17,49.69,11,운남동,777-1,12330,,,
운남주공4단지,1996,5300,2007,5,17,58.14,15,운남동,771-1,12330,,,
운남주공7단지,2001,6425,2007,5,17,59.29,15,운남동,794-3,12330,,,
운남주공7단지,2001,4550,2007,5,17,49.83,7,운남동,794-3,12330,,,
운남주공7단지,2001,4450,2007,5,17,49.83,2,운남동,794-3,12330,,,
운남주공7단지,2001,4480,2007,5,17,49.83,5,운남동,794-3,12330,,,
운남주공7단지,2001,4550,2007,5,17,49.83,17,운남동,794-3,12330,,,
운남주공7단지,2001,4550,2007,5,17,49.83,23,운남동,794-3,12330,,,
운남주공7단지,2001,4550,2007,5,17,49.83,14,운남동,794-3,12330,,,
운남주공7단지,2001,4550,2007,5,17,49.83,17,운남동,794-3,12330,,,
운남주공7단지,2001,4550,2007,5,17,49.83,16,운남동,794-3,12330,,,
운남주공7단지,2001,4550,2007,5,17,49.83,6,운남동,794-3,12330,,,
운남주공7단지,2001,4500,2007,5,17,49.83,4,운남동,794-3,12330,,,
운남주공7단지,2001,4550,2007,5,17,49.83,22,운남동,794-3,12330,,,
운남주공7단지,2001,4550,2007,5,17,49.83,14,운남동,794-3,12330,,,
운남주공7단지,2001,4550,2007,5,17,49.83,10,운남동,794-3,12330,,,
운남주공7단지,2001,4550,2007,5,17,49.83,9,운남동,794-3,12330,,,
운남주공7단지,2001,4550,2007,5,17,49.83,8,운남동,794-3,12330,,,
운남주공7단지,2001,4450,2007,5,17,49.83,2,운남동,794-3,12330,,,
운남주공7단지,2001,4450,2007,5,17,49.83,2,운남동,794-3,12330,,,
운남주공7단지,2001,4480,2007,5,17,49.83,10,운남동,794-3,12330,,,
운남주공7단지,2001,4430,2007,5,17,49.83,3,운남동,794-3,12330,,,
운남주공7단지,2001,6350,2007,5,17,59.29,12,운남동,794-3,12330,,,
운남주공7단지,2001,6290,2007,5,17,59.29,3,운남동,794-3,12330,,,
운남주공7단지,2001,6225,2007,5,17,59.48,2,운남동,794-3,12330,,,
운남주공7단지,2001,4350,2007,5,17,49.97,11,운남동,794-3,12330,,,
운남주공7단지,2001,4350,2007,5,17,49.97,10,운남동,794-3,12330,,,
운남주공7단지,2001,3550,2007,5,17,39.99,9,운남동,794-3,12330,,,
운남주공7단지,2001,4595,2007,5,17,49.83,9,운남동,794-3,12330,,,
운남주공7단지,2001,4595,2007,5,17,49.83,6,운남동,794-3,12330,,,
운남주공7단지,2001,4480,2007,5,17,49.83,13,운남동,794-3,12330,,,
운남주공7단지,2001,4480,2007,5,17,49.83,10,운남동,794-3,12330,,,
운남주공7단지,2001,6500,2007,5,17,59.29,6,운남동,794-3,12330,,,
운남주공7단지,2001,4500,2007,5,17,49.83,24,운남동,794-3,12330,,,
운남주공7단지,2001,4550,2007,5,17,49.83,15,운남동,794-3,12330,,,
운남주공7단지,2001,4350,2007,5,17,49.97,9,운남동,794-3,12330,,,
운남주공7단지,2001,4595,2007,5,17,49.83,10,운남동,794-3,12330,,,
운남주공7단지,2001,4480,2007,5,17,49.83,18,운남동,794-3,12330,,,
운남주공7단지,2001,4480,2007,5,17,49.83,9,운남동,794-3,12330,,,
운남주공7단지,2001,6350,2007,5,17,59.48,8,운남동,794-3,12330,,,
정석그린,1995,4700,2007,5,17,59.97,11,신촌동,827-1,12330,,,
중흥1,1995,6300,2007,5,17,59.94,6,신창동,855-3,12330,,,
하남주공(2단지),1991,3750,2007,5,17,44.52,12,우산동,1571-1,12330,,,
금강3차,2000,6300,2007,5,18,59.84,4,송정동,238,12330,,,
남양,1998,8450,2007,5,18,76.14,17,운남동,387-24,12330,,,
리버힐,1992,4300,2007,5,18,49.72,13,우산동,1602-2,12330,,,
리버힐,1992,3950,2007,5,18,49.86,11,우산동,1602-2,12330,,,
모아드림타운1차,2000,6700,2007,5,18,59.3556,9,소촌동,286-1,12330,,,
삼성,1996,6900,2007,5,18,59.91,11,운남동,387-22,12330,,,
서경,1998,5550,2007,5,18,59.79,9,도산동,1081,12330,,,
수동리안아파트,2002,10500,2007,5,18,84.83,6,신가동,1019-1,12330,,,
수동리안아파트,2002,6545,2007,5,18,59.81,10,신가동,1019-1,12330,,,
수동리안아파트,2002,10000,2007,5,18,84.83,14,신가동,1019-1,12330,,,
운남주공7단지,2001,6290,2007,5,18,59.48,3,운남동,794-3,12330,,,
운남주공7단지,2001,3330,2007,5,18,39.99,1,운남동,794-3,12330,,,
운남주공7단지,2001,3550,2007,5,18,39.99,16,운남동,794-3,12330,,,
운남주공7단지,2001,4390,2007,5,18,49.83,2,운남동,794-3,12330,,,
운남주공7단지,2001,4480,2007,5,18,49.83,5,운남동,794-3,12330,,,
운남주공7단지,2001,4480,2007,5,18,49.83,10,운남동,794-3,12330,,,
운남주공7단지,2001,3550,2007,5,18,39.99,12,운남동,794-3,12330,,,
운남주공7단지,2001,4480,2007,5,18,49.83,13,운남동,794-3,12330,,,
운남주공7단지,2001,4550,2007,5,18,49.83,7,운남동,794-3,12330,,,
운남주공7단지,2001,4550,2007,5,18,49.83,16,운남동,794-3,12330,,,
운남주공7단지,2001,4500,2007,5,18,49.83,3,운남동,794-3,12330,,,
운남주공7단지,2001,4550,2007,5,18,49.83,5,운남동,794-3,12330,,,
운남주공7단지,2001,4550,2007,5,18,49.83,12,운남동,794-3,12330,,,
운남주공7단지,2001,4550,2007,5,18,49.83,17,운남동,794-3,12330,,,
운남주공7단지,2001,4500,2007,5,18,49.83,24,운남동,794-3,12330,,,
운남주공7단지,2001,4550,2007,5,18,49.83,11,운남동,794-3,12330,,,
운남주공7단지,2001,4550,2007,5,18,49.83,13,운남동,794-3,12330,,,
운남주공7단지,2001,4500,2007,5,18,49.83,17,운남동,794-3,12330,,,
운남주공7단지,2001,6350,2007,5,18,59.29,6,운남동,794-3,12330,,,
운남주공7단지,2001,4550,2007,5,18,49.83,3,운남동,794-3,12330,,,
운남주공7단지,2001,6350,2007,5,18,59.29,18,운남동,794-3,12330,,,
운남주공7단지,2001,6290,2007,5,18,59.48,17,운남동,794-3,12330,,,
운남주공7단지,2001,3495,2007,5,18,39.99,16,운남동,794-3,12330,,,
운남주공7단지,2001,3400,2007,5,18,39.99,12,운남동,794-3,12330,,,
운남주공7단지,2001,3455,2007,5,18,39.99,4,운남동,794-3,12330,,,
운남주공7단지,2001,4550,2007,5,18,49.83,23,운남동,794-3,12330,,,
운남주공7단지,2001,4550,2007,5,18,49.83,3,운남동,794-3,12330,,,
운남주공7단지,2001,6350,2007,5,18,59.29,6,운남동,794-3,12330,,,
운남주공7단지,2001,7800,2007,5,18,59.29,19,운남동,794-3,12330,,,
운남주공7단지,2001,6275,2007,5,18,59.48,10,운남동,794-3,12330,,,
운남주공7단지,2001,4550,2007,5,18,49.83,5,운남동,794-3,12330,,,
첨단동아,1997,8500,2007,5,18,77.81,4,월계동,758-3,12330,,,
하남우미,1992,4200,2007,5,18,49.92,3,우산동,1572-2,12330,,,
호반2차,1998,5000,2007,5,18,59.95,13,도산동,782,12330,,,
호반리젠시빌1차,2001,10900,2007,5,18,84.0624,2,신가동,1019-2,12330,,,
대덕무지개,1993,4600,2007,5,19,59.88,3,소촌동,69-3,12330,,,
대덕훼밀리,1994,4150,2007,5,19,49.77,6,산정동,933,12330,,,
벽산,1998,12700,2007,5,19,101.88,2,월계동,757-6,12330,,,
수동리안아파트,2002,7450,2007,5,19,59.81,6,신가동,1019-1,12330,,,
운남주공7단지,2001,8000,2007,5,19,59.48,10,운남동,794-3,12330,,,
운남주공7단지,2001,5900,2007,5,19,49.83,8,운남동,794-3,12330,,,
운남주공7단지,2001,5900,2007,5,19,49.83,24,운남동,794-3,12330,,,
운남주공8단지,2000,8200,2007,5,19,59.41,7,운남동,781-1,12330,,,
제일파크맨션,1992,7300,2007,5,19,75.18,3,우산동,1572-1,12330,,,
첨단동아,1997,9400,2007,5,19,84.65,3,월계동,758-3,12330,,,
첨단라인1,1995,6500,2007,5,19,60,3,월계동,765-2,12330,,,
금호타운,1991,8200,2007,5,20,84.72,9,월곡동,613-1,12330,,,
우미,1997,4900,2007,5,20,60,11,도산동,1077-1,12330,,,
제일파크맨션,1992,7300,2007,5,20,78.38,2,우산동,1572-1,12330,,,
첨단두산2,1996,6200,2007,5,20,59.997,4,월계동,765-8,12330,,,
EG스위트밸리2차,2001,9860,2007,5,21,84.9831,5,소촌동,791-22,12330,,,
금강3차,2000,6150,2007,5,21,59.84,7,송정동,238,12330,,,
대주,1996,8450,2007,5,21,84.98,5,월계동,758-6,12330,,,
모아,1997,12700,2007,5,21,95.31,9,월계동,757-5,12330,,,
모아드림타운1차,2000,7350,2007,5,21,59.3556,9,소촌동,286-1,12330,,,
삼성,1996,9050,2007,5,21,84.92,10,운남동,387-22,12330,,,
수동리안아파트,2002,6545,2007,5,21,59.81,13,신가동,1019-1,12330,,,
수동리안아파트,2002,6950,2007,5,21,59.71,7,신가동,1019-1,12330,,,
수동리안아파트,2002,6950,2007,5,21,59.71,13,신가동,1019-1,12330,,,
수동리안아파트,2002,6550,2007,5,21,59.96,10,신가동,1019-1,12330,,,
수동리안아파트,2002,6450,2007,5,21,59.96,13,신가동,1019-1,12330,,,
수동리안아파트,2002,6380,2007,5,21,59.81,2,신가동,1019-1,12330,,,
수동리안아파트,2002,6590,2007,5,21,59.81,11,신가동,1019-1,12330,,,
수동리안아파트,2002,6416,2007,5,21,59.96,15,신가동,1019-1,12330,,,
수동리안아파트,2002,6513,2007,5,21,59.96,10,신가동,1019-1,12330,,,
수동리안아파트,2002,6502,2007,5,21,59.71,9,신가동,1019-1,12330,,,
수동리안아파트,2002,6513,2007,5,21,59.96,6,신가동,1019-1,12330,,,
수동리안아파트,2002,6502,2007,5,21,59.71,12,신가동,1019-1,12330,,,
수동리안아파트,2002,9257,2007,5,21,84.86,2,신가동,1019-1,12330,,,
수동리안아파트,2002,6545,2007,5,21,59.81,10,신가동,1019-1,12330,,,
수동리안아파트,2002,6545,2007,5,21,59.81,5,신가동,1019-1,12330,,,
수동리안아파트,2002,6545,2007,5,21,59.81,5,신가동,1019-1,12330,,,
수동리안아파트,2002,6545,2007,5,21,59.81,3,신가동,1019-1,12330,,,
수동리안아파트,2002,6389,2007,5,21,59.77,13,신가동,1019-1,12330,,,
수동리안아파트,2002,6448,2007,5,21,59.81,13,신가동,1019-1,12330,,,
수동리안아파트,2002,6487,2007,5,21,59.77,7,신가동,1019-1,12330,,,
수동리안아파트,2002,6563,2007,5,21,59.95,6,신가동,1019-1,12330,,,
수동리안아파트,2002,6563,2007,5,21,59.95,5,신가동,1019-1,12330,,,
수동리안아파트,2002,6563,2007,5,21,59.95,13,신가동,1019-1,12330,,,
수동리안아파트,2002,6513,2007,5,21,59.96,11,신가동,1019-1,12330,,,
수동리안아파트,2002,6563,2007,5,21,59.95,10,신가동,1019-1,12330,,,
수동리안아파트,2002,6563,2007,5,21,59.95,6,신가동,1019-1,12330,,,
수동리안아파트,2002,6545,2007,5,21,59.81,4,신가동,1019-1,12330,,,
수동리안아파트,2002,6545,2007,5,21,59.81,3,신가동,1019-1,12330,,,
수동리안아파트,2002,6545,2007,5,21,59.81,3,신가동,1019-1,12330,,,
우미,1997,5200,2007,5,21,60,4,도산동,1077-1,12330,,,
운남주공3단지,1996,4700,2007,5,21,49.69,1,운남동,777-1,12330,,,
운남주공4단지,1996,5200,2007,5,21,58.14,4,운남동,771-1,12330,,,
운남주공7단지,2001,7500,2007,5,21,59.29,19,운남동,794-3,12330,,,
운남주공7단지,2001,4480,2007,5,21,49.83,11,운남동,794-3,12330,,,
운남주공7단지,2001,4450,2007,5,21,49.83,25,운남동,794-3,12330,,,
운남주공7단지,2001,4550,2007,5,21,49.83,12,운남동,794-3,12330,,,
운남주공7단지,2001,4550,2007,5,21,49.83,8,운남동,794-3,12330,,,
운남주공7단지,2001,4480,2007,5,21,49.83,17,운남동,794-3,12330,,,
운남주공7단지,2001,4430,2007,5,21,49.83,3,운남동,794-3,12330,,,
운남주공7단지,2001,3550,2007,5,21,39.99,5,운남동,794-3,12330,,,
운남주공7단지,2001,6415,2007,5,21,59.29,8,운남동,794-3,12330,,,
운남주공7단지,2001,6500,2007,5,21,59.29,10,운남동,794-3,12330,,,
운남주공7단지,2001,3550,2007,5,21,39.99,17,운남동,794-3,12330,,,
운남주공7단지,2001,4480,2007,5,21,49.83,6,운남동,794-3,12330,,,
운남주공7단지,2001,4480,2007,5,21,49.83,16,운남동,794-3,12330,,,
운남주공7단지,2001,4550,2007,5,21,49.83,11,운남동,794-3,12330,,,
운남주공7단지,2001,4550,2007,5,21,49.83,12,운남동,794-3,12330,,,
운남주공7단지,2001,4550,2007,5,21,49.83,13,운남동,794-3,12330,,,
운남주공7단지,2001,4550,2007,5,21,49.83,18,운남동,794-3,12330,,,
운남주공7단지,2001,4450,2007,5,21,49.83,2,운남동,794-3,12330,,,
운남주공7단지,2001,4550,2007,5,21,49.83,18,운남동,794-3,12330,,,
운남주공7단지,2001,4550,2007,5,21,49.83,19,운남동,794-3,12330,,,
운남주공7단지,2001,4550,2007,5,21,49.83,12,운남동,794-3,12330,,,
운남주공7단지,2001,4550,2007,5,21,49.83,18,운남동,794-3,12330,,,
운남주공7단지,2001,4595,2007,5,21,49.83,6,운남동,794-3,12330,,,
운남주공7단지,2001,4595,2007,5,21,49.83,6,운남동,794-3,12330,,,
운남주공7단지,2001,3430,2007,5,21,39.99,2,운남동,794-3,12330,,,
운남주공7단지,2001,4310,2007,5,21,49.97,3,운남동,794-3,12330,,,
운남주공7단지,2001,4310,2007,5,21,49.97,3,운남동,794-3,12330,,,
운남주공7단지,2001,3400,2007,5,21,39.9,12,운남동,794-3,12330,,,
운남주공7단지,2001,5920,2007,5,21,59.48,1,운남동,794-3,12330,,,
운남주공7단지,2001,6350,2007,5,21,59.29,12,운남동,794-3,12330,,,
운남주공7단지,2001,6350,2007,5,21,59.48,12,운남동,794-3,12330,,,
운남주공7단지,2001,4595,2007,5,21,49.83,15,운남동,794-3,12330,,,
첨단두산1차,1996,6150,2007,5,21,59.857,4,월계동,764-4,12330,,,
해광샹그릴라,2005,13490,2007,5,21,84.9106,11,신창동,855-9,12330,,,
EG스위트밸리3차,2004,13300,2007,5,22,84.439,7,소촌동,232-6,12330,,,
금강3차,2000,5800,2007,5,22,59.94,7,송정동,238,12330,,,
금호타운,1991,9000,2007,5,22,84.72,5,월곡동,613-1,12330,,,
대주피오레1차,2000,8754,2007,5,22,84.98,7,도산동,790,12330,,,
명지2차,2005,13600,2007,5,22,84.8858,12,송정동,448-1,12330,,,
모아드림타운1차,2000,8950,2007,5,22,82.8908,8,소촌동,286-1,12330,,,
모아드림타운1차,2000,8950,2007,5,22,82.8908,7,소촌동,286-1,12330,,,
삼성,1996,5750,2007,5,22,49.54,8,운남동,387-22,12330,,,
삼성,1996,6750,2007,5,22,59.91,10,운남동,387-22,12330,,,
서라2,1995,5200,2007,5,22,59.985,9,소촌동,612,12330,,,
서라3,1998,4500,2007,5,22,59.7,5,소촌동,414-2,12330,,,
수동리안아파트,2002,6960,2007,5,22,59.96,11,신가동,1019-1,12330,,,
수동리안아파트,2002,6700,2007,5,22,59.81,12,신가동,1019-1,12330,,,
수동리안아파트,2002,6700,2007,5,22,59.81,3,신가동,1019-1,12330,,,
수동리안아파트,2002,6513,2007,5,22,59.96,8,신가동,1019-1,12330,,,
수동리안아파트,2002,6502,2007,5,22,59.71,5,신가동,1019-1,12330,,,
수동리안아파트,2002,6513,2007,5,22,59.96,8,신가동,1019-1,12330,,,
수동리안아파트,2002,6353,2007,5,22,59.96,2,신가동,1019-1,12330,,,
수동리안아파트,2002,9163,2007,5,22,84.83,13,신가동,1019-1,12330,,,
수동리안아파트,2002,9066,2007,5,22,84.83,2,신가동,1019-1,12330,,,
수동리안아파트,2002,8949,2007,5,22,84.83,1,신가동,1019-1,12330,,,
수동리안아파트,2002,9085,2007,5,22,84.86,2,신가동,1019-1,12330,,,
수동리안아파트,2002,9066,2007,5,22,84.83,2,신가동,1019-1,12330,,,
수동리안아파트,2002,9311,2007,5,22,84.83,12,신가동,1019-1,12330,,,
수동리안아파트,2002,9163,2007,5,22,84.83,14,신가동,1019-1,12330,,,
수동리안아파트,2002,6545,2007,5,22,59.81,13,신가동,1019-1,12330,,,
수동리안아파트,2002,6545,2007,5,22,59.81,9,신가동,1019-1,12330,,,
수동리안아파트,2002,6545,2007,5,22,59.81,5,신가동,1019-1,12330,,,
수동리안아파트,2002,6513,2007,5,22,59.96,12,신가동,1019-1,12330,,,
수동리안아파트,2002,6513,2007,5,22,59.96,9,신가동,1019-1,12330,,,
수동리안아파트,2002,6563,2007,5,22,59.95,7,신가동,1019-1,12330,,,
수동리안아파트,2002,6563,2007,5,22,59.95,12,신가동,1019-1,12330,,,
수동리안아파트,2002,6563,2007,5,22,59.95,9,신가동,1019-1,12330,,,
수동리안아파트,2002,6545,2007,5,22,59.81,4,신가동,1019-1,12330,,,
수동리안아파트,2002,6513,2007,5,22,59.96,4,신가동,1019-1,12330,,,
수동리안아파트,2002,6348,2007,5,22,59.81,2,신가동,1019-1,12330,,,
신동아,1996,10800,2007,5,22,116.186,1,월계동,756-2,12330,,,
어등하이빌,1992,5650,2007,5,22,59.67,10,우산동,1572-6,12330,,,
"운남주공1,2단지",1997,6300,2007,5,22,59.76,14,운남동,776-1,12330,,,
운남주공3단지,1996,5650,2007,5,22,58.14,7,운남동,777-1,12330,,,
운남주공3단지,1996,6000,2007,5,22,59.76,18,운남동,777-1,12330,,,
운남주공7단지,2001,4550,2007,5,22,49.83,16,운남동,794-3,12330,,,
운남주공7단지,2001,4550,2007,5,22,49.83,20,운남동,794-3,12330,,,
운남주공7단지,2001,6500,2007,5,22,59.29,5,운남동,794-3,12330,,,
운남주공7단지,2001,6350,2007,5,22,59.29,17,운남동,794-3,12330,,,
운남주공7단지,2001,6225,2007,5,22,59.29,2,운남동,794-3,12330,,,
운남주공7단지,2001,6350,2007,5,22,59.48,14,운남동,794-3,12330,,,
운남주공7단지,2001,6350,2007,5,22,59.48,13,운남동,794-3,12330,,,
운남주공7단지,2001,4350,2007,5,22,49.97,15,운남동,794-3,12330,,,
운남주공7단지,2001,4350,2007,5,22,49.97,6,운남동,794-3,12330,,,
운남주공7단지,2001,3400,2007,5,22,39.99,16,운남동,794-3,12330,,,
운남주공7단지,2001,4595,2007,5,22,49.83,14,운남동,794-3,12330,,,
운남주공7단지,2001,4550,2007,5,22,49.83,4,운남동,794-3,12330,,,
운남주공7단지,2001,6350,2007,5,22,59.29,8,운남동,794-3,12330,,,
운남주공7단지,2001,4500,2007,5,22,49.83,24,운남동,794-3,12330,,,
운남주공7단지,2001,4550,2007,5,22,49.83,9,운남동,794-3,12330,,,
운남주공7단지,2001,4550,2007,5,22,49.83,20,운남동,794-3,12330,,,
운남주공7단지,2001,4550,2007,5,22,49.83,12,운남동,794-3,12330,,,
운남주공7단지,2001,4550,2007,5,22,49.83,10,운남동,794-3,12330,,,
운남주공7단지,2001,4550,2007,5,22,49.83,6,운남동,794-3,12330,,,
운남주공7단지,2001,4550,2007,5,22,49.83,11,운남동,794-3,12330,,,
운남주공7단지,2001,4450,2007,5,22,49.83,2,운남동,794-3,12330,,,
운남주공7단지,2001,3550,2007,5,22,39.99,17,운남동,794-3,12330,,,
운남주공7단지,2001,3550,2007,5,22,39.99,8,운남동,794-3,12330,,,
운남주공7단지,2001,4430,2007,5,22,49.83,4,운남동,794-3,12330,,,
운남주공7단지,2001,6255,2007,5,22,59.29,19,운남동,794-3,12330,,,
운남주공7단지,2001,4480,2007,5,22,49.83,19,운남동,794-3,12330,,,
운남주공7단지,2001,6500,2007,5,22,59.29,14,운남동,794-3,12330,,,
운남주공7단지,2001,3550,2007,5,22,39.99,8,운남동,794-3,12330,,,
운남주공7단지,2001,6350,2007,5,22,59.29,4,운남동,794-3,12330,,,
운남주공7단지,2001,3800,2007,5,22,39.99,5,운남동,794-3,12330,,,
운남주공7단지,2001,6350,2007,5,22,59.29,17,운남동,794-3,12330,,,
운남주공7단지,2001,4550,2007,5,22,49.83,19,운남동,794-3,12330,,,
일신,1992,7500,2007,5,22,84.51,2,월곡동,538-1,12330,,,
중흥2,1998,6200,2007,5,22,59.73,5,신가동,302-25,12330,,,
첨단대우,1997,12500,2007,5,22,99.9,5,월계동,755-2,12330,,,
호반2차,1998,5400,2007,5,22,59.95,3,도산동,782,12330,,,
호반리젠시빌2,2003,11700,2007,5,22,84.3979,15,산월동,884-1,12330,,,
대덕훼밀리,1992,4800,2007,5,23,59.96,11,우산동,1074-1,12330,,,
대주피오레1차,2000,9280,2007,5,23,84.98,11,도산동,790,12330,,,
수동리안아파트,2002,7390,2007,5,23,59.81,12,신가동,1019-1,12330,,,
수동리안아파트,2002,6563,2007,5,23,59.95,5,신가동,1019-1,12330,,,
수동리안아파트,2002,9311,2007,5,23,84.83,8,신가동,1019-1,12330,,,
수동리안아파트,2002,9066,2007,5,23,84.83,2,신가동,1019-1,12330,,,
수동리안아파트,2002,6545,2007,5,23,59.81,11,신가동,1019-1,12330,,,
온세계아이조움,2004,13500,2007,5,23,84.5844,9,송정동,223,12330,,,
운남주공4단지,1996,6100,2007,5,23,59.76,15,운남동,771-1,12330,,,
운남주공7단지,2001,4900,2007,5,23,49.83,6,운남동,794-3,12330,,,
운남주공7단지,2001,4595,2007,5,23,49.83,11,운남동,794-3,12330,,,
운남주공7단지,2001,3550,2007,5,23,39.99,9,운남동,794-3,12330,,,
운남주공7단지,2001,4480,2007,5,23,49.83,10,운남동,794-3,12330,,,
운남주공7단지,2001,4480,2007,5,23,49.83,7,운남동,794-3,12330,,,
운남주공7단지,2001,4550,2007,5,23,49.83,18,운남동,794-3,12330,,,
운남주공7단지,2001,4550,2007,5,23,49.83,17,운남동,794-3,12330,,,
운남주공7단지,2001,6500,2007,5,23,59.29,7,운남동,794-3,12330,,,
운남주공7단지,2001,4550,2007,5,23,49.83,9,운남동,794-3,12330,,,
운남주공7단지,2001,6350,2007,5,23,59.29,9,운남동,794-3,12330,,,
운남주공7단지,2001,6290,2007,5,23,59.29,4,운남동,794-3,12330,,,
운남주공7단지,2001,6290,2007,5,23,59.29,3,운남동,794-3,12330,,,
운남주공7단지,2001,6290,2007,5,23,59.48,17,운남동,794-3,12330,,,
운남주공7단지,2001,6200,2007,5,23,59.48,15,운남동,794-3,12330,,,
운남주공7단지,2001,3400,2007,5,23,39.9,12,운남동,794-3,12330,,,
운남주공7단지,2001,4350,2007,5,23,49.97,11,운남동,794-3,12330,,,
운남주공7단지,2001,6275,2007,5,23,59.48,10,운남동,794-3,12330,,,
운남주공7단지,2001,4480,2007,5,23,49.83,5,운남동,794-3,12330,,,
운남주공7단지,2001,4550,2007,5,23,49.83,16,운남동,794-3,12330,,,
운남주공7단지,2001,4550,2007,5,23,49.83,12,운남동,794-3,12330,,,
운남주공7단지,2001,4550,2007,5,23,49.83,10,운남동,794-3,12330,,,
운남주공7단지,2001,4450,2007,5,23,49.83,2,운남동,794-3,12330,,,
운남주공7단지,2001,4550,2007,5,23,49.83,12,운남동,794-3,12330,,,
운남주공7단지,2001,4550,2007,5,23,49.83,8,운남동,794-3,12330,,,
운남주공7단지,2001,4550,2007,5,23,49.83,17,운남동,794-3,12330,,,
운남주공7단지,2001,4480,2007,5,23,49.83,15,운남동,794-3,12330,,,
운남주공7단지,2001,4480,2007,5,23,49.83,14,운남동,794-3,12330,,,
운남주공7단지,2001,4480,2007,5,23,49.83,13,운남동,794-3,12330,,,
운남주공7단지,2001,3550,2007,5,23,39.99,5,운남동,794-3,12330,,,
운남주공7단지,2001,6500,2007,5,23,59.29,14,운남동,794-3,12330,,,
운남주공7단지,2001,6500,2007,5,23,59.29,10,운남동,794-3,12330,,,
운남주공7단지,2001,3550,2007,5,23,39.99,7,운남동,794-3,12330,,,
운남주공7단지,2001,6500,2007,5,23,59.29,5,운남동,794-3,12330,,,
운남주공7단지,2001,4430,2007,5,23,49.83,4,운남동,794-3,12330,,,
운남주공7단지,2001,6010,2007,5,23,59.29,1,운남동,794-3,12330,,,
운남주공7단지,2001,4550,2007,5,23,49.83,21,운남동,794-3,12330,,,
운남주공7단지,2001,6350,2007,5,23,59.48,16,운남동,794-3,12330,,,
운남주공7단지,2001,4500,2007,5,23,49.83,4,운남동,794-3,12330,,,
운남주공7단지,2001,4480,2007,5,23,49.83,6,운남동,794-3,12330,,,
운남주공7단지,2001,6350,2007,5,23,59.48,13,운남동,794-3,12330,,,
운남주공7단지,2001,6200,2007,5,23,59.48,15,운남동,794-3,12330,,,
운남주공7단지,2001,4550,2007,5,23,49.83,6,운남동,794-3,12330,,,
운남주공7단지,2001,6350,2007,5,23,59.48,11,운남동,794-3,12330,,,
첨단금광,1997,9100,2007,5,23,92.115,2,월계동,757-7,12330,,,
첨단대우,1997,18000,2007,5,23,133.82,15,월계동,755-2,12330,,,
첨단대우,1997,12500,2007,5,23,92.1,12,월계동,755-2,12330,,,
첨단라인5,1997,12000,2007,5,23,114.7,11,월계동,756-6,12330,,,
한성2차,1991,4800,2007,5,23,59.04,5,월곡동,614-2,12330,,,
호반,1998,4700,2007,5,23,59.88,3,비아동,152-5,12330,,,
호반,1998,4900,2007,5,23,59.88,2,비아동,152-5,12330,,,
호반,1998,3500,2007,5,23,39.68,16,비아동,152-5,12330,,,
호반2차,1997,5488,2007,5,23,59.82,5,월계동,763-6,12330,,,
금호,1996,9200,2007,5,24,92.39,15,월계동,756-5,12330,,,
수동리안아파트,2002,10000,2007,5,24,84.86,9,신가동,1019-1,12330,,,
수동리안아파트,2002,6500,2007,5,24,59.96,15,신가동,1019-1,12330,,,
수동리안아파트,2002,10050,2007,5,24,84.83,5,신가동,1019-1,12330,,,
수동리안아파트,2002,6900,2007,5,24,59.71,8,신가동,1019-1,12330,,,
수동리안아파트,2002,6900,2007,5,24,59.81,11,신가동,1019-1,12330,,,
운남주공3단지,1996,5700,2007,5,24,59.76,4,운남동,777-1,12330,,,
운남주공7단지,2001,5800,2007,5,24,49.83,17,운남동,794-3,12330,,,
중흥2,1998,10000,2007,5,24,84.66,11,신가동,302-25,12330,,,
태양,1988,4800,2007,5,24,60,9,산정동,939,12330,,,
금호타운,1991,6800,2007,5,25,74,2,월곡동,613-1,12330,,,
대덕9,1995,5400,2007,5,25,59.925,13,송정동,230-8,12330,,,
라인2,1998,6100,2007,5,25,59.87,11,송정동,918-3,12330,,,
라인2,1998,8400,2007,5,25,77.15,12,송정동,918-3,12330,,,
명지2차,2005,13600,2007,5,25,84.8858,9,송정동,448-1,12330,,,
무등파크맨션,1994,4000,2007,5,25,59.88,2,도산동,1138-1,12330,,,
보라맨션,1991,4500,2007,5,25,63.24,2,송정동,815-8,12330,,,
삼성,1996,5350,2007,5,25,49.54,3,운남동,387-22,12330,,,
송광파크맨션2차,1995,3600,2007,5,25,50.85,5,소촌동,455,12330,,,
수동리안아파트,2002,7050,2007,5,25,59.77,12,신가동,1019-1,12330,,,
수동리안아파트,2002,10200,2007,5,25,84.86,5,신가동,1019-1,12330,,,
수동리안아파트,2002,8949,2007,5,25,84.83,1,신가동,1019-1,12330,,,
수동리안아파트,2002,9506,2007,5,25,84.86,9,신가동,1019-1,12330,,,
수동리안아파트,2002,9163,2007,5,25,84.83,13,신가동,1019-1,12330,,,
수동리안아파트,2002,9311,2007,5,25,84.83,5,신가동,1019-1,12330,,,
"운남주공1,2단지",1997,6000,2007,5,25,58.14,13,운남동,776-1,12330,,,
운남주공7단지,2001,6000,2007,5,25,49.83,8,운남동,794-3,12330,,,
운남주공7단지,2001,3900,2007,5,25,39.99,11,운남동,794-3,12330,,,
운남주공7단지,2001,4550,2007,5,25,49.83,21,운남동,794-3,12330,,,
운남주공7단지,2001,3495,2007,5,25,39.99,16,운남동,794-3,12330,,,
운남주공7단지,2001,4550,2007,5,25,49.83,22,운남동,794-3,12330,,,
운남주공7단지,2001,4430,2007,5,25,49.83,4,운남동,794-3,12330,,,
운남주공7단지,2001,3550,2007,5,25,39.99,5,운남동,794-3,12330,,,
운남주공7단지,2001,6500,2007,5,25,59.29,9,운남동,794-3,12330,,,
운남주공7단지,2001,6415,2007,5,25,59.29,10,운남동,794-3,12330,,,
운남주공7단지,2001,6415,2007,5,25,59.29,10,운남동,794-3,12330,,,
운남주공7단지,2001,6415,2007,5,25,59.29,14,운남동,794-3,12330,,,
운남주공7단지,2001,6500,2007,5,25,59.29,15,운남동,794-3,12330,,,
운남주공7단지,2001,6415,2007,5,25,59.29,16,운남동,794-3,12330,,,
운남주공7단지,2001,3465,2007,5,25,39.99,2,운남동,794-3,12330,,,
운남주공7단지,2001,4480,2007,5,25,49.83,6,운남동,794-3,12330,,,
운남주공7단지,2001,4480,2007,5,25,49.83,13,운남동,794-3,12330,,,
운남주공7단지,2001,4390,2007,5,25,49.83,18,운남동,794-3,12330,,,
운남주공7단지,2001,4550,2007,5,25,49.83,14,운남동,794-3,12330,,,
운남주공7단지,2001,4500,2007,5,25,49.83,24,운남동,794-3,12330,,,
운남주공7단지,2001,4450,2007,5,25,49.83,2,운남동,794-3,12330,,,
운남주공7단지,2001,4550,2007,5,25,49.83,15,운남동,794-3,12330,,,
운남주공7단지,2001,4550,2007,5,25,49.83,16,운남동,794-3,12330,,,
운남주공7단지,2001,4550,2007,5,25,49.83,22,운남동,794-3,12330,,,
운남주공7단지,2001,4550,2007,5,25,49.83,8,운남동,794-3,12330,,,
운남주공7단지,2001,4550,2007,5,25,49.83,15,운남동,794-3,12330,,,
운남주공7단지,2001,4500,2007,5,25,49.83,24,운남동,794-3,12330,,,
운남주공7단지,2001,4450,2007,5,25,49.83,25,운남동,794-3,12330,,,
운남주공7단지,2001,6350,2007,5,25,59.29,14,운남동,794-3,12330,,,
운남주공7단지,2001,6350,2007,5,25,59.29,14,운남동,794-3,12330,,,
운남주공7단지,2001,6350,2007,5,25,59.29,13,운남동,794-3,12330,,,
운남주공7단지,2001,6350,2007,5,25,59.29,10,운남동,794-3,12330,,,
운남주공7단지,2001,6350,2007,5,25,59.29,9,운남동,794-3,12330,,,
운남주공7단지,2001,6350,2007,5,25,59.29,9,운남동,794-3,12330,,,
운남주공7단지,2001,6350,2007,5,25,59.29,6,운남동,794-3,12330,,,
운남주공7단지,2001,6350,2007,5,25,59.48,15,운남동,794-3,12330,,,
운남주공7단지,2001,6275,2007,5,25,59.48,13,운남동,794-3,12330,,,
운남주공7단지,2001,6275,2007,5,25,59.48,9,운남동,794-3,12330,,,
운남주공7단지,2001,6350,2007,5,25,59.48,7,운남동,794-3,12330,,,
운남주공7단지,2001,6350,2007,5,25,59.48,7,운남동,794-3,12330,,,
운남주공7단지,2001,6150,2007,5,25,59.48,2,운남동,794-3,12330,,,
운남주공7단지,2001,3400,2007,5,25,39.9,8,운남동,794-3,12330,,,
운남주공7단지,2001,3355,2007,5,25,39.9,3,운남동,794-3,12330,,,
운남주공7단지,2001,3505,2007,5,25,39.99,14,운남동,794-3,12330,,,
운남주공7단지,2001,3495,2007,5,25,39.99,12,운남동,794-3,12330,,,
운남주공7단지,2001,3495,2007,5,25,39.99,9,운남동,794-3,12330,,,
운남주공7단지,2001,4480,2007,5,25,49.83,24,운남동,794-3,12330,,,
운남주공7단지,2001,4595,2007,5,25,49.83,18,운남동,794-3,12330,,,
운남주공7단지,2001,4550,2007,5,25,49.83,5,운남동,794-3,12330,,,
운남주공7단지,2001,4595,2007,5,25,49.83,16,운남동,794-3,12330,,,
운남주공7단지,2001,4550,2007,5,25,49.83,21,운남동,794-3,12330,,,
운남주공7단지,2001,4595,2007,5,25,49.83,13,운남동,794-3,12330,,,
운남주공7단지,2001,4550,2007,5,25,49.83,14,운남동,794-3,12330,,,
운남주공7단지,2001,4595,2007,5,25,49.83,13,운남동,794-3,12330,,,
운남주공7단지,2001,4595,2007,5,25,49.83,8,운남동,794-3,12330,,,
운남주공7단지,2001,4595,2007,5,25,49.83,7,운남동,794-3,12330,,,
운남주공7단지,2001,4595,2007,5,25,49.83,6,운남동,794-3,12330,,,
운남주공7단지,2001,6275,2007,5,25,59.48,5,운남동,794-3,12330,,,
운남주공7단지,2001,4550,2007,5,25,49.83,15,운남동,794-3,12330,,,
운남주공7단지,2001,4550,2007,5,25,49.83,19,운남동,794-3,12330,,,
운남주공7단지,2001,4550,2007,5,25,49.83,14,운남동,794-3,12330,,,
운남주공7단지,2001,7300,2007,5,25,59.29,17,운남동,794-3,12330,,,
첨단라인1,1995,5850,2007,5,25,60,5,월계동,765-2,12330,,,
풍영리버빌(신가부영),2001,10800,2007,5,25,84.9873,20,신창동,1108-1,12330,,,
한성1차,1988,3800,2007,5,25,47.54,2,월곡동,614-1,12330,,,
한성2차,1991,6450,2007,5,25,84.24,16,월곡동,614-2,12330,,,
호반2차,1997,5800,2007,5,25,59.82,5,월계동,763-6,12330,,,
금강3차,2000,6300,2007,5,26,59.84,12,송정동,238,12330,,,
벽산,1998,12850,2007,5,26,101.88,10,월계동,757-6,12330,,,
신창5차호반베르디움,2005,16300,2007,5,26,84.8968,11,신창동,1111,12330,,,
첨단선경,1997,10500,2007,5,26,92.78,12,월계동,756-3,12330,,,
호반2차,1997,5950,2007,5,26,59.82,5,월계동,763-6,12330,,,
수동리안아파트,2002,7380,2007,5,27,59.71,8,신가동,1019-1,12330,,,
수동리안아파트,2002,6900,2007,5,27,59.95,6,신가동,1019-1,12330,,,
운남주공8단지,2000,8270,2007,5,27,59.42,7,운남동,781-1,12330,,,
호반1차,1995,6300,2007,5,27,59.95,2,월계동,764-3,12330,,,
EG스위트밸리3차,2004,13880,2007,5,28,84.439,11,소촌동,232-6,12330,,,
금호타운,1991,8500,2007,5,28,84.72,8,월곡동,613-1,12330,,,
대주피오레1차,2000,8860,2007,5,28,84.98,5,도산동,790,12330,,,
라인1,1997,5030,2007,5,28,59.82,10,송정동,425-2,12330,,,
리버힐,1992,4350,2007,5,28,49.72,3,우산동,1602-2,12330,,,
모아드림타운1차,2000,8950,2007,5,28,82.8908,7,소촌동,286-1,12330,,,
수동리안아파트,2002,6700,2007,5,28,59.81,13,신가동,1019-1,12330,,,
수동리안아파트,2002,9311,2007,5,28,84.83,11,신가동,1019-1,12330,,,
수동리안아파트,2002,9311,2007,5,28,84.83,8,신가동,1019-1,12330,,,
수동리안아파트,2002,6466,2007,5,28,59.95,14,신가동,1019-1,12330,,,
운남주공7단지,2001,6225,2007,5,28,59.29,20,운남동,794-3,12330,,,
운남주공7단지,2001,6350,2007,5,28,59.48,5,운남동,794-3,12330,,,
운남주공7단지,2001,4550,2007,5,28,49.83,14,운남동,794-3,12330,,,
운남주공7단지,2001,3550,2007,5,28,39.99,6,운남동,794-3,12330,,,
운남주공7단지,2001,6350,2007,5,28,59.29,9,운남동,794-3,12330,,,
운남주공7단지,2001,6290,2007,5,28,59.29,4,운남동,794-3,12330,,,
운남주공7단지,2001,6350,2007,5,28,59.48,13,운남동,794-3,12330,,,
운남주공7단지,2001,6350,2007,5,28,59.48,12,운남동,794-3,12330,,,
운남주공7단지,2001,6275,2007,5,28,59.48,9,운남동,794-3,12330,,,
운남주공7단지,2001,4595,2007,5,28,49.83,13,운남동,794-3,12330,,,
운남주공7단지,2001,3400,2007,5,28,39.9,12,운남동,794-3,12330,,,
운남주공7단지,2001,4350,2007,5,28,49.97,7,운남동,794-3,12330,,,
운남주공7단지,2001,3400,2007,5,28,39.9,7,운남동,794-3,12330,,,
운남주공7단지,2001,4350,2007,5,28,49.97,5,운남동,794-3,12330,,,
운남주공7단지,2001,3400,2007,5,28,39.99,11,운남동,794-3,12330,,,
운남주공7단지,2001,4550,2007,5,28,49.83,23,운남동,794-3,12330,,,
운남주공7단지,2001,4595,2007,5,28,49.83,21,운남동,794-3,12330,,,
운남주공7단지,2001,4595,2007,5,28,49.83,21,운남동,794-3,12330,,,
운남주공7단지,2001,4595,2007,5,28,49.83,20,운남동,794-3,12330,,,
운남주공7단지,2001,4595,2007,5,28,49.83,15,운남동,794-3,12330,,,
운남주공7단지,2001,6350,2007,5,28,59.48,7,운남동,794-3,12330,,,
운남주공7단지,2001,6350,2007,5,28,59.48,6,운남동,794-3,12330,,,
운남주공7단지,2001,6275,2007,5,28,59.48,5,운남동,794-3,12330,,,
운남주공7단지,2001,6200,2007,5,28,59.48,3,운남동,794-3,12330,,,
운남주공7단지,2001,3550,2007,5,28,39.99,7,운남동,794-3,12330,,,
운남주공7단지,2001,3550,2007,5,28,39.99,7,운남동,794-3,12330,,,
운남주공7단지,2001,4480,2007,5,28,49.83,5,운남동,794-3,12330,,,
운남주공7단지,2001,6425,2007,5,28,59.29,4,운남동,794-3,12330,,,
운남주공7단지,2001,3505,2007,5,28,39.99,4,운남동,794-3,12330,,,
운남주공7단지,2001,6360,2007,5,28,59.29,2,운남동,794-3,12330,,,
운남주공7단지,2001,6415,2007,5,28,59.29,11,운남동,794-3,12330,,,
운남주공7단지,2001,4450,2007,5,28,49.83,25,운남동,794-3,12330,,,
운남주공7단지,2001,4550,2007,5,28,49.83,15,운남동,794-3,12330,,,
운남주공7단지,2001,4550,2007,5,28,49.83,7,운남동,794-3,12330,,,
운남주공7단지,2001,4450,2007,5,28,49.83,2,운남동,794-3,12330,,,
운남주공7단지,2001,3550,2007,5,28,39.99,11,운남동,794-3,12330,,,
운남주공7단지,2001,6350,2007,5,28,59.29,18,운남동,794-3,12330,,,
운남주공7단지,2001,4550,2007,5,28,49.83,9,운남동,794-3,12330,,,
운남주공7단지,2001,4595,2007,5,28,49.83,12,운남동,794-3,12330,,,
운남주공7단지,2001,4595,2007,5,28,49.83,11,운남동,794-3,12330,,,
운남주공7단지,2001,4480,2007,5,28,49.83,2,운남동,794-3,12330,,,
운남주공7단지,2001,4450,2007,5,28,49.83,25,운남동,794-3,12330,,,
운남주공7단지,2001,4550,2007,5,28,49.83,22,운남동,794-3,12330,,,
운남주공7단지,2001,4550,2007,5,28,49.83,15,운남동,794-3,12330,,,
운남주공7단지,2001,4550,2007,5,28,49.83,7,운남동,794-3,12330,,,
운남주공7단지,2001,4550,2007,5,28,49.83,19,운남동,794-3,12330,,,
운남주공7단지,2001,4550,2007,5,28,49.83,12,운남동,794-3,12330,,,
운남주공7단지,2001,4550,2007,5,28,49.83,9,운남동,794-3,12330,,,
운남주공7단지,2001,4550,2007,5,28,49.83,23,운남동,794-3,12330,,,
운남주공7단지,2001,4550,2007,5,28,49.83,17,운남동,794-3,12330,,,
운남주공7단지,2001,4550,2007,5,28,49.83,20,운남동,794-3,12330,,,
운남주공7단지,2001,6350,2007,5,28,59.48,12,운남동,794-3,12330,,,
운남주공7단지,2001,4595,2007,5,28,49.83,16,운남동,794-3,12330,,,
운남주공7단지,2001,4595,2007,5,28,49.83,5,운남동,794-3,12330,,,
운남주공8단지,2000,7400,2007,5,28,59.41,9,운남동,781-1,12330,,,
첨단동부,1997,12100,2007,5,28,91.882,7,월계동,757-3,12330,,,
첨단라인1,1995,6250,2007,5,28,60,4,월계동,765-2,12330,,,
한성1차,1988,4000,2007,5,28,49.32,1,월곡동,614-1,12330,,,
호반1,1995,5000,2007,5,28,59.95,10,도산동,1136-1,12330,,,
호반리젠시빌4,2003,10250,2007,5,28,83.7154,13,산월동,883-1,12330,,,
금호,1996,8500,2007,5,29,92.39,4,월계동,756-5,12330,,,
부영그린타운,2005,14700,2007,5,29,84.8512,13,산월동,885-3,12330,,,
수동리안아파트,2002,7350,2007,5,29,59.81,6,신가동,1019-1,12330,,,
수동리안아파트,2002,9311,2007,5,29,84.83,11,신가동,1019-1,12330,,,
수동리안아파트,2002,6545,2007,5,29,59.81,5,신가동,1019-1,12330,,,
신창5차호반베르디움,2005,15100,2007,5,29,84.9429,19,신창동,1111,12330,,,
운남주공7단지,2001,6415,2007,5,29,59.29,11,운남동,794-3,12330,,,
운남주공7단지,2001,4550,2007,5,29,49.83,19,운남동,794-3,12330,,,
운남주공7단지,2001,4550,2007,5,29,49.83,23,운남동,794-3,12330,,,
운남주공7단지,2001,3400,2007,5,29,39.99,11,운남동,794-3,12330,,,
운남주공7단지,2001,4430,2007,5,29,49.83,3,운남동,794-3,12330,,,
운남주공7단지,2001,6415,2007,5,29,59.29,6,운남동,794-3,12330,,,
운남주공7단지,2001,4480,2007,5,29,49.83,12,운남동,794-3,12330,,,
운남주공7단지,2001,6415,2007,5,29,59.29,17,운남동,794-3,12330,,,
운남주공7단지,2001,4430,2007,5,29,49.83,20,운남동,794-3,12330,,,
운남주공7단지,2001,4480,2007,5,29,49.83,8,운남동,794-3,12330,,,
운남주공7단지,2001,4480,2007,5,29,49.83,11,운남동,794-3,12330,,,
운남주공7단지,2001,3550,2007,5,29,39.99,13,운남동,794-3,12330,,,
운남주공7단지,2001,4480,2007,5,29,49.83,13,운남동,794-3,12330,,,
운남주공7단지,2001,3550,2007,5,29,39.99,14,운남동,794-3,12330,,,
운남주공7단지,2001,4480,2007,5,29,49.83,14,운남동,794-3,12330,,,
운남주공7단지,2001,3550,2007,5,29,39.99,16,운남동,794-3,12330,,,
운남주공7단지,2001,4500,2007,5,29,49.83,3,운남동,794-3,12330,,,
운남주공7단지,2001,4550,2007,5,29,49.83,8,운남동,794-3,12330,,,
운남주공7단지,2001,4550,2007,5,29,49.83,15,운남동,794-3,12330,,,
운남주공7단지,2001,4550,2007,5,29,49.83,16,운남동,794-3,12330,,,
운남주공7단지,2001,4550,2007,5,29,49.83,19,운남동,794-3,12330,,,
운남주공7단지,2001,4500,2007,5,29,49.83,3,운남동,794-3,12330,,,
운남주공7단지,2001,4550,2007,5,29,49.83,5,운남동,794-3,12330,,,
운남주공7단지,2001,4550,2007,5,29,49.83,9,운남동,794-3,12330,,,
운남주공7단지,2001,4550,2007,5,29,49.83,17,운남동,794-3,12330,,,
운남주공7단지,2001,4550,2007,5,29,49.83,9,운남동,794-3,12330,,,
운남주공7단지,2001,4550,2007,5,29,49.83,10,운남동,794-3,12330,,,
운남주공7단지,2001,4550,2007,5,29,49.83,12,운남동,794-3,12330,,,
운남주공7단지,2001,4550,2007,5,29,49.83,17,운남동,794-3,12330,,,
운남주공7단지,2001,4550,2007,5,29,49.83,19,운남동,794-3,12330,,,
운남주공7단지,2001,6350,2007,5,29,59.29,11,운남동,794-3,12330,,,
운남주공7단지,2001,6350,2007,5,29,59.29,5,운남동,794-3,12330,,,
운남주공7단지,2001,6275,2007,5,29,59.48,11,운남동,794-3,12330,,,
운남주공7단지,2001,6350,2007,5,29,59.48,10,운남동,794-3,12330,,,
운남주공7단지,2001,6290,2007,5,29,59.48,3,운남동,794-3,12330,,,
운남주공7단지,2001,4350,2007,5,29,49.97,12,운남동,794-3,12330,,,
운남주공7단지,2001,4350,2007,5,29,49.97,8,운남동,794-3,12330,,,
운남주공7단지,2001,4350,2007,5,29,49.97,7,운남동,794-3,12330,,,
운남주공7단지,2001,3400,2007,5,29,39.9,6,운남동,794-3,12330,,,
운남주공7단지,2001,4310,2007,5,29,49.97,3,운남동,794-3,12330,,,
운남주공7단지,2001,3495,2007,5,29,39.99,10,운남동,794-3,12330,,,
운남주공7단지,2001,3505,2007,5,29,39.99,6,운남동,794-3,12330,,,
운남주공7단지,2001,3505,2007,5,29,39.99,3,운남동,794-3,12330,,,
운남주공7단지,2001,4595,2007,5,29,49.83,18,운남동,794-3,12330,,,
운남주공7단지,2001,4595,2007,5,29,49.83,14,운남동,794-3,12330,,,
운남주공7단지,2001,4595,2007,5,29,49.83,8,운남동,794-3,12330,,,
운남주공7단지,2001,4595,2007,5,29,49.83,22,운남동,794-3,12330,,,
운남주공7단지,2001,4595,2007,5,29,49.83,22,운남동,794-3,12330,,,
운남주공7단지,2001,4595,2007,5,29,49.83,22,운남동,794-3,12330,,,
운남주공7단지,2001,4595,2007,5,29,49.83,21,운남동,794-3,12330,,,
운남주공7단지,2001,4595,2007,5,29,49.83,21,운남동,794-3,12330,,,
운남주공7단지,2001,4595,2007,5,29,49.83,21,운남동,794-3,12330,,,
운남주공7단지,2001,4595,2007,5,29,49.83,20,운남동,794-3,12330,,,
운남주공7단지,2001,4595,2007,5,29,49.83,20,운남동,794-3,12330,,,
운남주공7단지,2001,4595,2007,5,29,49.83,18,운남동,794-3,12330,,,
운남주공7단지,2001,4595,2007,5,29,49.83,16,운남동,794-3,12330,,,
운남주공7단지,2001,4550,2007,5,29,49.83,20,운남동,794-3,12330,,,
운남주공7단지,2001,4595,2007,5,29,49.83,8,운남동,794-3,12330,,,
운남주공7단지,2001,6350,2007,5,29,59.29,5,운남동,794-3,12330,,,
운남주공8단지,2000,7950,2007,5,29,59.42,6,운남동,781-1,12330,,,
첨단남양파크,1996,5950,2007,5,29,59.92,5,월계동,765-6,12330,,,
첨단두산1차,1996,6300,2007,5,29,59.857,3,월계동,764-4,12330,,,
첨단우미2,1997,7500,2007,5,29,78.54,5,월계동,761-4,12330,,,
한성2차,1991,6900,2007,5,29,84.24,9,월곡동,614-2,12330,,,
해광샹그릴라,2005,15000,2007,5,29,84.9106,15,신창동,855-9,12330,,,
호반2차,1997,6300,2007,5,29,59.82,4,월계동,763-6,12330,,,
EG스위트밸리1차,2001,9860,2007,5,30,84.9831,9,소촌동,290-25,12330,,,
대덕무지개,1993,4500,2007,5,30,59.88,6,소촌동,69-3,12330,,,
대화,1998,4700,2007,5,30,59.91,1,송정동,202,12330,,,
삼라,1997,5100,2007,5,30,59.94,4,소촌동,594-1,12330,,,
삼라,1997,5000,2007,5,30,59.94,1,소촌동,594-1,12330,,,
삼라,1997,5050,2007,5,30,59.94,2,소촌동,594-1,12330,,,
삼라,1997,5100,2007,5,30,59.94,5,소촌동,594-1,12330,,,
삼성,1996,8150,2007,5,30,70.97,11,운남동,387-22,12330,,,
송광파크맨션2차,1995,4050,2007,5,30,50.85,3,소촌동,455,12330,,,
수동리안아파트,2002,9311,2007,5,30,84.83,7,신가동,1019-1,12330,,,
수동리안아파트,2002,6513,2007,5,30,59.96,11,신가동,1019-1,12330,,,
수동리안아파트,2002,6288,2007,5,30,59.96,1,신가동,1019-1,12330,,,
신동아,1996,11700,2007,5,30,102.95,11,월계동,756-2,12330,,,
"운남주공1,2단지",1997,5050,2007,5,30,49.69,4,운남동,776-1,12330,,,
운남주공7단지,2001,4595,2007,5,30,49.83,20,운남동,794-3,12330,,,
운남주공7단지,2001,4595,2007,5,30,49.83,16,운남동,794-3,12330,,,
운남주공7단지,2001,4550,2007,5,30,49.83,19,운남동,794-3,12330,,,
운남주공7단지,2001,4500,2007,5,30,49.83,4,운남동,794-3,12330,,,
운남주공7단지,2001,4550,2007,5,30,49.83,18,운남동,794-3,12330,,,
운남주공7단지,2001,4550,2007,5,30,49.83,5,운남동,794-3,12330,,,
운남주공7단지,2001,4550,2007,5,30,49.83,21,운남동,794-3,12330,,,
운남주공7단지,2001,4550,2007,5,30,49.83,21,운남동,794-3,12330,,,
운남주공7단지,2001,4550,2007,5,30,49.83,18,운남동,794-3,12330,,,
운남주공7단지,2001,4550,2007,5,30,49.83,18,운남동,794-3,12330,,,
운남주공7단지,2001,4550,2007,5,30,49.83,6,운남동,794-3,12330,,,
운남주공7단지,2001,4550,2007,5,30,49.83,6,운남동,794-3,12330,,,
운남주공7단지,2001,4550,2007,5,30,49.83,6,운남동,794-3,12330,,,
운남주공7단지,2001,3355,2007,5,30,39.99,17,운남동,794-3,12330,,,
운남주공7단지,2001,6350,2007,5,30,59.48,11,운남동,794-3,12330,,,
운남주공7단지,2001,6350,2007,5,30,59.48,16,운남동,794-3,12330,,,
운남주공7단지,2001,4480,2007,5,30,49.83,7,운남동,794-3,12330,,,
운남주공7단지,2001,6255,2007,5,30,59.29,2,운남동,794-3,12330,,,
운남주공7단지,2001,3550,2007,5,30,39.99,15,운남동,794-3,12330,,,
운남주공7단지,2001,4550,2007,5,30,49.83,18,운남동,794-3,12330,,,
운남주공7단지,2001,4550,2007,5,30,49.83,5,운남동,794-3,12330,,,
운남주공7단지,2001,4480,2007,5,30,49.83,15,운남동,794-3,12330,,,
운남주공7단지,2001,4480,2007,5,30,49.83,16,운남동,794-3,12330,,,
운남주공7단지,2001,3550,2007,5,30,39.99,18,운남동,794-3,12330,,,
운남주공7단지,2001,4550,2007,5,30,49.83,6,운남동,794-3,12330,,,
운남주공7단지,2001,4210,2007,5,30,49.83,1,운남동,794-3,12330,,,
운남주공7단지,2001,6100,2007,5,30,59.29,1,운남동,794-3,12330,,,
운남주공7단지,2001,6350,2007,5,30,59.29,4,운남동,794-3,12330,,,
운남주공7단지,2001,3550,2007,5,30,39.99,9,운남동,794-3,12330,,,
운남주공7단지,2001,6415,2007,5,30,59.29,9,운남동,794-3,12330,,,
운남주공7단지,2001,6415,2007,5,30,59.29,13,운남동,794-3,12330,,,
운남주공7단지,2001,3550,2007,5,30,39.99,18,운남동,794-3,12330,,,
운남주공7단지,2001,4550,2007,5,30,49.83,12,운남동,794-3,12330,,,
운남주공7단지,2001,4550,2007,5,30,49.83,14,운남동,794-3,12330,,,
운남주공7단지,2001,4450,2007,5,30,49.83,25,운남동,794-3,12330,,,
운남주공7단지,2001,4550,2007,5,30,49.83,16,운남동,794-3,12330,,,
운남주공7단지,2001,6350,2007,5,30,59.29,8,운남동,794-3,12330,,,
운남주공7단지,2001,6350,2007,5,30,59.48,10,운남동,794-3,12330,,,
운남주공7단지,2001,6150,2007,5,30,59.48,2,운남동,794-3,12330,,,
운남주공7단지,2001,6225,2007,5,30,59.48,18,운남동,794-3,12330,,,
운남주공7단지,2001,4350,2007,5,30,49.97,16,운남동,794-3,12330,,,
운남주공7단지,2001,3400,2007,5,30,39.9,10,운남동,794-3,12330,,,
운남주공7단지,2001,4350,2007,5,30,49.97,9,운남동,794-3,12330,,,
운남주공7단지,2001,6275,2007,5,30,59.48,9,운남동,794-3,12330,,,
운남주공7단지,2001,6225,2007,5,30,59.48,2,운남동,794-3,12330,,,
운남주공7단지,2001,3495,2007,5,30,39.99,15,운남동,794-3,12330,,,
운남주공7단지,2001,6225,2007,5,30,59.48,2,운남동,794-3,12330,,,
운남주공7단지,2001,4290,2007,5,30,49.83,1,운남동,794-3,12330,,,
운남주공7단지,2001,6225,2007,5,30,59.29,2,운남동,794-3,12330,,,
운남주공7단지,2001,4550,2007,5,30,49.83,4,운남동,794-3,12330,,,
운남주공7단지,2001,3495,2007,5,30,39.99,15,운남동,794-3,12330,,,
운남주공7단지,2001,3400,2007,5,30,39.9,13,운남동,794-3,12330,,,
운남주공7단지,2001,3495,2007,5,30,39.99,9,운남동,794-3,12330,,,
운남주공7단지,2001,3495,2007,5,30,39.99,8,운남동,794-3,12330,,,
운남주공7단지,2001,3495,2007,5,30,39.99,7,운남동,794-3,12330,,,
운남주공7단지,2001,3400,2007,5,30,39.99,5,운남동,794-3,12330,,,
운남주공7단지,2001,3505,2007,5,30,39.99,3,운남동,794-3,12330,,,
운남주공8단지,2000,4750,2007,5,30,49.55,2,운남동,781-1,12330,,,
첨단선경,1997,15000,2007,5,30,118.42,7,월계동,756-3,12330,,,
한성1차,1988,4250,2007,5,30,49.32,3,월곡동,614-1,12330,,,
금호타운,1991,8500,2007,5,31,84.72,12,월곡동,613-1,12330,,,
대덕훼밀리,1994,5100,2007,5,31,59.88,10,산정동,933,12330,,,
동산아파트,1991,4700,2007,5,31,59.61,14,우산동,1572-5,12330,,,
삼라,1997,5100,2007,5,31,59.94,11,소촌동,594-1,12330,,,
수동리안아파트,2002,6513,2007,5,31,59.96,7,신가동,1019-1,12330,,,
수동리안아파트,2002,6545,2007,5,31,59.81,4,신가동,1019-1,12330,,,
운남주공7단지,2001,6350,2007,5,31,59.29,14,운남동,794-3,12330,,,
운남주공7단지,2001,4550,2007,5,31,49.83,9,운남동,794-3,12330,,,
운남주공7단지,2001,4550,2007,5,31,49.83,12,운남동,794-3,12330,,,
운남주공7단지,2001,6415,2007,5,31,59.29,7,운남동,794-3,12330,,,
운남주공7단지,2001,4430,2007,5,31,49.83,17,운남동,794-3,12330,,,
운남주공7단지,2001,6290,2007,5,31,59.29,3,운남동,794-3,12330,,,
운남주공7단지,2001,6350,2007,5,31,59.29,17,운남동,794-3,12330,,,
운남주공7단지,2001,4595,2007,5,31,49.83,5,운남동,794-3,12330,,,
운남주공7단지,2001,6350,2007,5,31,59.48,11,운남동,794-3,12330,,,
운남주공7단지,2001,3550,2007,5,31,39.99,10,운남동,794-3,12330,,,
운남주공7단지,2001,4480,2007,5,31,49.83,24,운남동,794-3,12330,,,
운남주공7단지,2001,4550,2007,5,31,49.83,5,운남동,794-3,12330,,,
운남주공7단지,2001,6350,2007,5,31,59.29,11,운남동,794-3,12330,,,
운남주공7단지,2001,6350,2007,5,31,59.29,7,운남동,794-3,12330,,,
운남주공7단지,2001,6350,2007,5,31,59.29,5,운남동,794-3,12330,,,
운남주공7단지,2001,6275,2007,5,31,59.48,7,운남동,794-3,12330,,,
운남주공7단지,2001,6200,2007,5,31,59.48,4,운남동,794-3,12330,,,
운남주공7단지,2001,6200,2007,5,31,59.48,3,운남동,794-3,12330,,,
운남주공7단지,2001,4260,2007,5,31,49.97,18,운남동,794-3,12330,,,
운남주공7단지,2001,4595,2007,5,31,49.83,9,운남동,794-3,12330,,,
운남주공7단지,2001,4595,2007,5,31,49.83,7,운남동,794-3,12330,,,
운남주공7단지,2001,6415,2007,5,31,59.29,5,운남동,794-3,12330,,,
운남주공7단지,2001,6500,2007,5,31,59.29,7,운남동,794-3,12330,,,
운남주공7단지,2001,3550,2007,5,31,39.99,13,운남동,794-3,12330,,,
운남주공7단지,2001,4430,2007,5,31,49.83,17,운남동,794-3,12330,,,
운남주공7단지,2001,4550,2007,5,31,49.83,11,운남동,794-3,12330,,,
운남주공7단지,2001,4550,2007,5,31,49.83,10,운남동,794-3,12330,,,
운남주공7단지,2001,4550,2007,5,31,49.83,12,운남동,794-3,12330,,,
운남주공7단지,2001,4550,2007,5,31,49.83,14,운남동,794-3,12330,,,
운남주공7단지,2001,4550,2007,5,31,49.83,15,운남동,794-3,12330,,,
운남주공7단지,2001,4450,2007,5,31,49.83,25,운남동,794-3,12330,,,
운남주공7단지,2001,5800,2007,5,31,49.83,18,운남동,794-3,12330,,,
일신,1992,7600,2007,5,31,84.51,10,월곡동,538-1,12330,,,
첨단라인1,1995,5750,2007,5,31,60,5,월계동,765-2,12330,,,
하남우미,1992,4350,2007,5,31,49.14,7,우산동,1572-2,12330,,,
