단지명,건축년도,거래금액(만원),계약년,계약월,계약일,전용면적(㎡),층,법정동,지번,시군구코드,거래유형,매수자구분,매도자구분
가천,1997,4800,2009,7,1,59.88,1,운수동,65-50,12330,,,
금호타운,1991,8200,2009,7,1,84.72,4,월곡동,613-1,12330,,,
대덕훼밀리,1994,4450,2009,7,1,49.77,5,산정동,933,12330,,,
대방노블랜드,2009,21577,2009,7,1,84.9366,25,신가동,1304,12330,,,
대주,1996,8900,2009,7,1,84.98,4,월계동,758-6,12330,,,
라인2,1998,5700,2009,7,1,59.87,11,송정동,918-3,12330,,,
리버힐,1992,4370,2009,7,1,49.86,13,우산동,1602-2,12330,,,
리버힐,1992,4000,2009,7,1,49.72,4,우산동,1602-2,12330,,,
새한포유,2008,18500,2009,7,1,84.9401,4,장덕동,1689,12330,,,
서라1,1995,5700,2009,7,1,59.965,7,소촌동,610,12330,,,
송광파크맨션3,1995,4500,2009,7,1,59.94,4,소촌동,603-3,12330,,,
수완GS자이,2008,33460,2009,7,1,121.5193,13,장덕동,1116,12330,,,
수완GS자이,2008,33460,2009,7,1,121.5193,7,장덕동,1116,12330,,,
신안실크밸리,2009,18090,2009,7,1,84.9612,19,장덕동,1110,12330,,,
신안실크밸리,2009,9184,2009,7,1,84.9129,17,장덕동,1110,12330,,,
신안실크밸리,2009,9168,2009,7,1,84.9612,18,장덕동,1110,12330,,,
신안실크밸리,2009,9184,2009,7,1,84.9129,12,장덕동,1110,12330,,,
신안실크밸리,2009,9422,2009,7,1,84.9612,21,장덕동,1110,12330,,,
신안실크밸리,2009,9168,2009,7,1,84.9612,14,장덕동,1110,12330,,,
신안실크밸리,2009,9184,2009,7,1,84.9129,8,장덕동,1110,12330,,,
신안실크밸리,2009,9168,2009,7,1,84.9612,16,장덕동,1110,12330,,,
신안실크밸리,2009,9184,2009,7,1,84.9129,19,장덕동,1110,12330,,,
신안실크밸리,2009,9168,2009,7,1,84.9612,12,장덕동,1110,12330,,,
신안실크밸리,2009,9184,2009,7,1,84.9129,6,장덕동,1110,12330,,,
신안실크밸리,2009,9168,2009,7,1,84.9612,18,장덕동,1110,12330,,,
신안실크밸리,2009,9168,2009,7,1,84.9612,16,장덕동,1110,12330,,,
신안실크밸리,2009,9184,2009,7,1,84.9129,5,장덕동,1110,12330,,,
신창1차남양휴튼,2007,23000,2009,7,1,125.1218,15,신창동,1121,12330,,,
영무예다음,2008,17900,2009,7,1,84.5949,4,장덕동,1122,12330,,,
우미린1차,2008,17970,2009,7,1,84.1244,1,수완동,1488,12330,,,
우미린1차,2008,19120,2009,7,1,84.1244,7,수완동,1488,12330,,,
우미린2차,2008,19220,2009,7,1,84.9547,14,수완동,908,12330,,,
우미린2차,2008,19220,2009,7,1,84.9547,11,수완동,908,12330,,,
운남주공10단지,2003,6450,2009,7,1,59.77,2,월곡동,685-1,12330,,,
운남주공10단지,2003,10000,2009,7,1,84.86,1,월곡동,685-1,12330,,,
운남주공5단지,1997,8000,2009,7,1,84.77,5,운남동,769-1,12330,,,
운남주공8단지,2000,8300,2009,7,1,59.42,14,운남동,781-1,12330,,,
운남주공9단지,2003,8000,2009,7,1,75.99,3,월곡동,681-1,12330,,,
운남주공9단지,2003,9000,2009,7,1,84.75,6,월곡동,681-1,12330,,,
중흥2,1998,5800,2009,7,1,59.955,12,신가동,302-25,12330,,,
중흥S클래스1단지,2009,19430,2009,7,1,84.6347,7,신가동,1306,12330,,,
중흥에스-클래스2단지,2008,19370,2009,7,1,84.9684,11,흑석동,518,12330,,,
첨단라인5,1997,9300,2009,7,1,84.99,10,월계동,756-6,12330,,,
첨단우미1,1995,7400,2009,7,1,78.54,5,월계동,759-1,12330,,,
한양수자인,2009,17805,2009,7,1,84.6075,3,신가동,1055,12330,,,
금강3차,2000,5600,2009,7,2,59.94,11,송정동,238,12330,,,
금호타운,1991,5500,2009,7,2,59.78,7,월곡동,613-1,12330,,,
대방노블랜드,2009,19113,2009,7,2,84.9366,6,신가동,1304,12330,,,
대방노블랜드,2009,19113,2009,7,2,84.9366,9,신가동,1304,12330,,,
라인1,1997,5200,2009,7,2,59.82,3,송정동,425-2,12330,,,
삼능,1996,7900,2009,7,2,78.02,4,월계동,759-2,12330,,,
삼성,1996,6150,2009,7,2,59.91,10,운남동,387-22,12330,,,
송광파크맨션3,1995,4650,2009,7,2,59.94,10,소촌동,603-3,12330,,,
수완GS자이,2008,39270,2009,7,2,147.815,14,장덕동,1116,12330,,,
신동아,1996,11400,2009,7,2,116.186,2,월계동,756-2,12330,,,
신안실크밸리,2009,18090,2009,7,2,84.9612,12,장덕동,1110,12330,,,
신안실크밸리,2009,18090,2009,7,2,84.9612,20,장덕동,1110,12330,,,
신안실크밸리,2009,16100,2009,7,2,84.9612,17,장덕동,1110,12330,,,
양우내안애,2008,16900,2009,7,2,84.9423,8,장덕동,1109,12330,,,
온세계아이조움,2004,13200,2009,7,2,84.5844,12,송정동,223,12330,,,
운남주공4단지,1996,5700,2009,7,2,59.76,4,운남동,771-1,12330,,,
운남주공4단지,1996,5250,2009,7,2,58.14,1,운남동,771-1,12330,,,
운남주공7단지,2001,6600,2009,7,2,59.48,3,운남동,794-3,12330,,,
운남주공7단지,2001,4600,2009,7,2,39.99,16,운남동,794-3,12330,,,
중흥S클래스1단지,2009,19430,2009,7,2,84.6347,9,신가동,1306,12330,,,
중흥S클래스1단지,2009,16900,2009,7,2,84.9264,23,신가동,1306,12330,,,
중흥S클래스1단지,2009,19130,2009,7,2,84.9264,24,신가동,1306,12330,,,
중흥에스-클래스2단지,2008,19770,2009,7,2,84.4012,8,흑석동,518,12330,,,
진흥더루벤스,2009,17080,2009,7,2,84.967,8,장덕동,1306,12330,,,
첨단선경,1997,9500,2009,7,2,92.78,1,월계동,756-3,12330,,,
하남주공(2단지),1991,3900,2009,7,2,44.52,8,우산동,1571-1,12330,,,
대방노블랜드,2009,19113,2009,7,3,84.9366,21,신가동,1304,12330,,,
대방노블랜드,2009,18613,2009,7,3,84.9366,4,신가동,1304,12330,,,
대방노블랜드,2009,19113,2009,7,3,84.9366,24,신가동,1304,12330,,,
무등파크맨션,1994,5200,2009,7,3,59.88,4,도산동,1138-1,12330,,,
삼성,1996,7900,2009,7,3,70.97,21,운남동,387-22,12330,,,
삼성,1996,7800,2009,7,3,70.97,8,운남동,387-22,12330,,,
수동리안아파트,2002,8200,2009,7,3,59.81,5,신가동,1019-1,12330,,,
신안실크밸리,2009,18090,2009,7,3,84.9612,16,장덕동,1110,12330,,,
양우내안애,2008,16900,2009,7,3,84.9423,6,장덕동,1109,12330,,,
양우내안애,2008,16900,2009,7,3,84.9423,6,장덕동,1109,12330,,,
양우내안애,2008,16900,2009,7,3,84.9423,20,장덕동,1109,12330,,,
영무예다음,2008,17800,2009,7,3,84.5949,12,장덕동,1122,12330,,,
운남주공3단지,1996,5100,2009,7,3,58.14,2,운남동,777-1,12330,,,
운남주공3단지,1996,4100,2009,7,3,37.67,7,운남동,777-1,12330,,,
운남주공3단지,1996,5300,2009,7,3,59.76,20,운남동,777-1,12330,,,
운남주공7단지,2001,5700,2009,7,3,49.97,5,운남동,794-3,12330,,,
운남주공8단지,2000,7000,2009,7,3,59.42,18,운남동,781-1,12330,,,
운남주공8단지,2000,8500,2009,7,3,59.41,19,운남동,781-1,12330,,,
운남주공9단지,2003,8485,2009,7,3,75.99,7,월곡동,681-1,12330,,,
중흥S클래스1단지,2009,19430,2009,7,3,84.6347,18,신가동,1306,12330,,,
중흥S클래스1단지,2009,18530,2009,7,3,84.6347,21,신가동,1306,12330,,,
진흥더루벤스,2009,17080,2009,7,3,84.967,7,장덕동,1306,12330,,,
진흥더루벤스,2009,9710,2009,7,3,84.953,13,장덕동,1306,12330,,,
진흥더루벤스,2009,9890,2009,7,3,84.967,6,장덕동,1306,12330,,,
진흥더루벤스,2009,9550,2009,7,3,84.967,5,장덕동,1306,12330,,,
진흥더루벤스,2009,9890,2009,7,3,84.967,8,장덕동,1306,12330,,,
첨단남양파크,1996,6000,2009,7,3,59.92,5,월계동,765-6,12330,,,
첨단대우,1997,18400,2009,7,3,133.82,5,월계동,755-2,12330,,,
첨단대우,1997,12100,2009,7,3,99.9,4,월계동,755-2,12330,,,
풍영리버빌(신가부영),2001,10200,2009,7,3,84.9873,18,신창동,1108-1,12330,,,
하남주공(2단지),1991,3650,2009,7,3,44.94,13,우산동,1571-1,12330,,,
한양수자인,2009,17516,2009,7,3,84.6075,17,신가동,1055,12330,,,
한양수자인,2009,18432,2009,7,3,84.6075,15,신가동,1055,12330,,,
호반,1998,6450,2009,7,3,59.88,9,비아동,152-5,12330,,,
금호,1996,10350,2009,7,4,92.39,7,월계동,756-5,12330,,,
금호타운,1991,8550,2009,7,4,84.72,14,월곡동,613-1,12330,,,
대방노블랜드,2009,19113,2009,7,4,84.9366,7,신가동,1304,12330,,,
대방노블랜드,2009,19113,2009,7,4,84.9366,23,신가동,1304,12330,,,
삼성,1996,7400,2009,7,4,70.97,6,운남동,387-22,12330,,,
신안실크밸리,2009,16500,2009,7,4,84.9129,11,장덕동,1110,12330,,,
양우내안애,2008,16900,2009,7,4,84.9423,4,장덕동,1109,12330,,,
영무예다음,2008,18050,2009,7,4,84.5949,9,장덕동,1122,12330,,,
온세계아이조움,2004,12950,2009,7,4,84.5844,7,송정동,223,12330,,,
우미3,1997,6200,2009,7,4,59.83,2,월계동,763-3,12330,,,
우미3,1997,6800,2009,7,4,59.83,3,월계동,763-3,12330,,,
우미린1차,2008,17400,2009,7,4,84.1244,4,수완동,1488,12330,,,
운남주공7단지,2001,5400,2009,7,4,39.99,13,운남동,794-3,12330,,,
운남주공7단지,2001,6500,2009,7,4,49.83,13,운남동,794-3,12330,,,
운남주공8단지,2000,8450,2009,7,4,59.42,19,운남동,781-1,12330,,,
운남주공9단지,2003,10000,2009,7,4,75.99,5,월곡동,681-1,12330,,,
중흥S클래스1단지,2009,17230,2009,7,4,84.6347,22,신가동,1306,12330,,,
한양수자인,2009,18161,2009,7,4,84.8894,3,신가동,1055,12330,,,
호반리젠시빌1차,2001,10550,2009,7,4,84.0624,12,신가동,1019-2,12330,,,
대방노블랜드,2009,19113,2009,7,5,84.9366,18,신가동,1304,12330,,,
신안실크밸리,2009,18120,2009,7,5,84.9129,11,장덕동,1110,12330,,,
신창5차호반베르디움,2005,14900,2009,7,5,84.976,12,신창동,1111,12330,,,
양우내안애,2008,16900,2009,7,5,84.9423,7,장덕동,1109,12330,,,
어등하이빌,1992,4050,2009,7,5,41.04,16,우산동,1572-6,12330,,,
우미3,1997,6200,2009,7,5,59.83,1,월계동,763-3,12330,,,
우미린1차,2008,18000,2009,7,5,84.1244,10,수완동,1488,12330,,,
우미린2차,2008,17650,2009,7,5,84.9547,10,수완동,908,12330,,,
우미린2차,2008,16000,2009,7,5,84.9626,3,수완동,908,12330,,,
운남주공5단지,1997,8100,2009,7,5,84.8,2,운남동,769-1,12330,,,
대광로제비앙,2007,24200,2009,7,6,109.7772,3,우산동,1311-1,12330,,,
대덕,1991,4000,2009,7,6,59.94,5,우산동,1039-5,12330,,,
대방노블랜드,2009,19113,2009,7,6,84.9366,18,신가동,1304,12330,,,
대방노블랜드,2009,21577,2009,7,6,84.9366,25,신가동,1304,12330,,,
대방노블랜드,2009,17913,2009,7,6,84.9366,2,신가동,1304,12330,,,
대방노블랜드,2009,19113,2009,7,6,84.9366,22,신가동,1304,12330,,,
대방노블랜드,2009,19113,2009,7,6,84.9366,20,신가동,1304,12330,,,
모아엘가,2009,19800,2009,7,6,84.9331,5,수완동,1486,12330,,,
모아엘가,2009,17310,2009,7,6,76.7138,6,수완동,1486,12330,,,
보경해피드림,2006,8500,2009,7,6,84.9546,1,도산동,56-5,12330,,,
삼능,2003,11950,2009,7,6,84.986,9,신창동,1108-3,12330,,,
삼성,1996,7900,2009,7,6,70.97,6,운남동,387-22,12330,,,
새한포유,2008,19830,2009,7,6,84.9401,12,장덕동,1689,12330,,,
새한포유,2008,21265,2009,7,6,84.9401,7,장덕동,1689,12330,,,
수동리안아파트,2002,5300,2009,7,6,59.81,12,신가동,1019-1,12330,,,
신창5차호반베르디움,2005,16700,2009,7,6,84.6799,18,신창동,1111,12330,,,
양우내안애,2008,16900,2009,7,6,84.9423,13,장덕동,1109,12330,,,
어등하이빌,1992,4000,2009,7,6,41.04,10,우산동,1572-6,12330,,,
어등하이빌,1992,3800,2009,7,6,41.04,15,우산동,1572-6,12330,,,
우미린1차,2008,17970,2009,7,6,84.1244,1,수완동,1488,12330,,,
우미린1차,2008,19120,2009,7,6,84.1244,10,수완동,1488,12330,,,
우미린2차,2008,19120,2009,7,6,84.835,8,수완동,908,12330,,,
운남주공10단지,2003,9026,2009,7,6,84.03,9,월곡동,685-1,12330,,,
운남주공6단지,2001,12000,2009,7,6,84.28,8,운남동,782-1,12330,,,
운남주공8단지,2000,7600,2009,7,6,59.41,3,운남동,781-1,12330,,,
운남주공8단지,2000,8660,2009,7,6,59.41,15,운남동,781-1,12330,,,
운남주공9단지,2003,9100,2009,7,6,84.86,10,월곡동,681-1,12330,,,
중흥S클래스1단지,2009,19430,2009,7,6,84.6347,22,신가동,1306,12330,,,
중흥S클래스1단지,2009,22040,2009,7,6,84.4012,25,신가동,1306,12330,,,
중흥S클래스1단지,2009,19130,2009,7,6,84.6347,9,신가동,1306,12330,,,
중흥S클래스1단지,2009,18030,2009,7,6,84.6347,12,신가동,1306,12330,,,
진흥더루벤스,2009,17080,2009,7,6,84.967,7,장덕동,1306,12330,,,
진흥더루벤스,2009,17080,2009,7,6,84.967,13,장덕동,1306,12330,,,
첨단두산1차,1996,6500,2009,7,6,59.857,2,월계동,764-4,12330,,,
하남우미,1992,4500,2009,7,6,49.14,6,우산동,1572-2,12330,,,
한양수자인,2009,18158,2009,7,6,84.6075,3,신가동,1055,12330,,,
한양수자인,2009,18800,2009,7,6,84.8894,9,신가동,1055,12330,,,
호반리젠시빌3,2003,11500,2009,7,6,84.3979,14,산월동,884-2,12330,,,
호반리젠시빌4,2003,11600,2009,7,6,83.7154,5,산월동,883-1,12330,,,
기산,1996,6780,2009,7,7,66.27,3,월계동,758-8,12330,,,
대덕무지개,1993,4000,2009,7,7,59.88,8,소촌동,69-3,12330,,,
대방노블랜드,2009,19113,2009,7,7,84.9366,22,신가동,1304,12330,,,
대주피오레2차,2001,9500,2009,7,7,84.7575,11,도산동,820,12330,,,
리버힐,1992,4400,2009,7,7,49.86,14,우산동,1602-2,12330,,,
리버힐,1992,4300,2009,7,7,49.86,2,우산동,1602-2,12330,,,
모아미래도,2001,7015,2009,7,7,59.9451,3,월계동,763-5,12330,,,
모아미래도,2001,6300,2009,7,7,59.9451,5,월계동,763-5,12330,,,
모아미래도,2001,6300,2009,7,7,59.9451,5,월계동,763-5,12330,,,
모아미래도,2001,6600,2009,7,7,59.9451,1,월계동,763-5,12330,,,
모아엘가,2009,19400,2009,7,7,84.9331,4,수완동,1486,12330,,,
보경해피드림,2006,8700,2009,7,7,84.9546,15,도산동,56-5,12330,,,
보경해피드림,2006,8700,2009,7,7,84.9546,13,도산동,56-5,12330,,,
보경해피드림,2006,8900,2009,7,7,84.9546,5,도산동,56-5,12330,,,
보경해피드림,2006,8900,2009,7,7,84.9546,5,도산동,56-5,12330,,,
보경해피드림,2006,8900,2009,7,7,84.9546,3,도산동,56-5,12330,,,
보경해피드림,2006,8900,2009,7,7,84.9546,4,도산동,56-5,12330,,,
삼성,1996,6500,2009,7,7,59.91,8,운남동,387-22,12330,,,
수동리안아파트,2002,8300,2009,7,7,59.77,3,신가동,1019-1,12330,,,
수완GS자이,2008,33460,2009,7,7,121.5193,19,장덕동,1116,12330,,,
신안실크밸리,2009,18120,2009,7,7,84.9129,8,장덕동,1110,12330,,,
신안실크밸리,2009,18120,2009,7,7,84.9129,4,장덕동,1110,12330,,,
신안실크밸리,2009,17120,2009,7,7,84.9129,2,장덕동,1110,12330,,,
신창5차호반베르디움,2005,13700,2009,7,7,84.976,9,신창동,1111,12330,,,
양우내안애,2008,16900,2009,7,7,84.9423,5,장덕동,1109,12330,,,
양우내안애,2008,8631,2009,7,7,84.9423,15,장덕동,1109,12330,,,
양우내안애,2008,8631,2009,7,7,84.9423,20,장덕동,1109,12330,,,
양우내안애,2008,8631,2009,7,7,84.9423,3,장덕동,1109,12330,,,
우미린1차,2008,19120,2009,7,7,84.1244,9,수완동,1488,12330,,,
우미린2차,2008,17970,2009,7,7,84.835,1,수완동,908,12330,,,
우미린2차,2008,19400,2009,7,7,84.9626,12,수완동,908,12330,,,
운남주공8단지,2000,6125,2009,7,7,51.94,1,운남동,781-1,12330,,,
중흥S클래스1단지,2009,19830,2009,7,7,84.4012,8,신가동,1306,12330,,,
진흥더루벤스,2009,17080,2009,7,7,84.967,6,장덕동,1306,12330,,,
첨단라인1,1995,6400,2009,7,7,60,4,월계동,765-2,12330,,,
첨단라인1,1995,7600,2009,7,7,60,3,월계동,765-2,12330,,,
코오롱하늘채,2008,25640,2009,7,7,103.71,5,수완동,913,12330,,,
코오롱하늘채,2008,26420,2009,7,7,105.2,7,수완동,913,12330,,,
코오롱하늘채,2008,25790,2009,7,7,103.71,6,수완동,913,12330,,,
코오롱하늘채,2008,26290,2009,7,7,103.71,8,수완동,913,12330,,,
코오롱하늘채,2008,32760,2009,7,7,128.79,12,수완동,913,12330,,,
하남우미,1992,4400,2009,7,7,49.14,13,우산동,1572-2,12330,,,
하남주공(2단지),1991,3000,2009,7,7,44.52,2,우산동,1571-1,12330,,,
한양수자인,2009,18432,2009,7,7,84.6075,7,신가동,1055,12330,,,
한양수자인,2009,18432,2009,7,7,84.6075,8,신가동,1055,12330,,,
한양수자인,2009,18816,2009,7,7,84.6075,10,신가동,1055,12330,,,
한양수자인,2009,18441,2009,7,7,84.7928,18,신가동,1055,12330,,,
호반,1998,6800,2009,7,7,59.88,3,비아동,152-5,12330,,,
금호타운,1991,7600,2009,7,8,84.72,8,월곡동,613-1,12330,,,
대방노블랜드,2009,19130,2009,7,8,84.9366,9,신가동,1304,12330,,,
대방노블랜드,2009,19113,2009,7,8,84.9366,12,신가동,1304,12330,,,
대방노블랜드,2009,19113,2009,7,8,84.9366,8,신가동,1304,12330,,,
대방노블랜드,2009,19113,2009,7,8,84.9366,5,신가동,1304,12330,,,
대방노블랜드,2009,19113,2009,7,8,84.9366,7,신가동,1304,12330,,,
대방노블랜드,2009,18313,2009,7,8,84.9366,3,신가동,1304,12330,,,
대방노블랜드,2009,19113,2009,7,8,84.9366,18,신가동,1304,12330,,,
대주피오레1차,2000,8860,2009,7,8,84.98,3,도산동,790,12330,,,
라인2,1998,5950,2009,7,8,59.87,3,송정동,918-3,12330,,,
라인2차,1997,5650,2009,7,8,59.9,9,소촌동,97-1,12330,,,
명지2차,2005,11750,2009,7,8,84.8858,11,송정동,448-1,12330,,,
보경해피드림,2006,8700,2009,7,8,84.9546,2,도산동,56-5,12330,,,
서라2,1995,4700,2009,7,8,59.985,9,소촌동,612,12330,,,
신안실크밸리,2009,18090,2009,7,8,84.9612,6,장덕동,1110,12330,,,
신창3차부영사랑으로,2006,11180,2009,7,8,59.748,9,신창동,1110,12330,,,
운남주공5단지,1997,8200,2009,7,8,84.8,15,운남동,769-1,12330,,,
운남주공5단지,1997,9000,2009,7,8,84.77,9,운남동,769-1,12330,,,
일신,1992,7270,2009,7,8,84.51,3,월곡동,538-1,12330,,,
제일파크맨션,1992,6000,2009,7,8,78.38,10,우산동,1572-1,12330,,,
중흥2,1998,6500,2009,7,8,59.955,8,신가동,302-25,12330,,,
중흥S클래스1단지,2009,18450,2009,7,8,84.6347,23,신가동,1306,12330,,,
첨단대우,1997,12600,2009,7,8,99.9,10,월계동,755-2,12330,,,
첨단대우,1997,13250,2009,7,8,99.9,13,월계동,755-2,12330,,,
첨단동부,1997,11600,2009,7,8,91.882,7,월계동,757-3,12330,,,
첨단동아,1997,7850,2009,7,8,77.81,1,월계동,758-3,12330,,,
코오롱하늘채,2008,25140,2009,7,8,103.71,5,수완동,913,12330,,,
코오롱하늘채,2008,25020,2009,7,8,103.71,1,수완동,913,12330,,,
코오롱하늘채,2008,32760,2009,7,8,128.79,9,수완동,913,12330,,,
한양수자인,2009,18432,2009,7,8,84.6075,6,신가동,1055,12330,,,
호반,1998,6300,2009,7,8,59.88,13,비아동,152-5,12330,,,
대광로제비앙,2007,24200,2009,7,9,109.7772,3,우산동,1311-1,12330,,,
무등파크맨션,1994,5100,2009,7,9,59.88,5,도산동,1138-1,12330,,,
삼성,1996,9450,2009,7,9,84.93,1,월계동,758-7,12330,,,
삼성,1996,9550,2009,7,9,84.93,2,월계동,758-7,12330,,,
신안실크밸리,2009,18090,2009,7,9,84.9612,19,장덕동,1110,12330,,,
신안실크밸리,2009,17090,2009,7,9,84.9612,2,장덕동,1110,12330,,,
신안실크밸리,2009,9176,2009,7,9,84.9612,8,장덕동,1110,12330,,,
어등하이빌,1992,5400,2009,7,9,59.67,17,우산동,1572-6,12330,,,
우미린1차,2008,17970,2009,7,9,84.1244,3,수완동,1488,12330,,,
우미린2차,2008,17530,2009,7,9,84.9547,6,수완동,908,12330,,,
우미린2차,2008,17900,2009,7,9,84.9547,16,수완동,908,12330,,,
운남주공4단지,1996,5600,2009,7,9,59.76,7,운남동,771-1,12330,,,
운남주공6단지,2001,10000,2009,7,9,84.17,15,운남동,782-1,12330,,,
운남주공7단지,2001,6750,2009,7,9,59.29,3,운남동,794-3,12330,,,
운남주공8단지,2000,5800,2009,7,9,49.55,2,운남동,781-1,12330,,,
운남주공8단지,2000,8400,2009,7,9,59.41,7,운남동,781-1,12330,,,
운남주공9단지,2003,12000,2009,7,9,84.47,18,월곡동,681-1,12330,,,
중흥에스-클래스2단지,2008,19370,2009,7,9,84.9684,9,흑석동,518,12330,,,
첨단남양파크,1996,7050,2009,7,9,59.82,3,월계동,765-6,12330,,,
코오롱하늘채,2008,26290,2009,7,9,103.71,9,수완동,913,12330,,,
코오롱하늘채,2008,26290,2009,7,9,103.71,9,수완동,913,12330,,,
코오롱하늘채,2008,25770,2009,7,9,105.2,4,수완동,913,12330,,,
한성1차,1988,3900,2009,7,9,49.32,4,월곡동,614-1,12330,,,
금호타운,1991,6600,2009,7,10,74,10,월곡동,613-1,12330,,,
동산아파트,1991,4800,2009,7,10,59.61,14,우산동,1572-5,12330,,,
리버힐,1992,4000,2009,7,10,49.86,2,우산동,1602-2,12330,,,
리버힐,1992,4200,2009,7,10,49.86,2,우산동,1602-2,12330,,,
벽산,1998,12600,2009,7,10,101.88,7,월계동,757-6,12330,,,
보경해피드림,2006,9350,2009,7,10,84.9546,15,도산동,56-5,12330,,,
삼능,2003,11400,2009,7,10,84.986,3,신창동,1108-3,12330,,,
서라1,1995,5350,2009,7,10,59.965,6,소촌동,610,12330,,,
영무예다음,2008,17000,2009,7,10,84.5949,5,장덕동,1122,12330,,,
영무예다음,2008,17900,2009,7,10,84.5949,7,장덕동,1122,12330,,,
우미3,1997,6900,2009,7,10,59.83,3,월계동,763-3,12330,,,
우미이노스빌,2002,9400,2009,7,10,59.6722,9,신가동,1012,12330,,,
우미이노스빌,2002,8000,2009,7,10,59.8276,1,신가동,1012,12330,,,
"운남주공1,2단지",1997,3750,2009,7,10,37.67,9,운남동,776-1,12330,,,
운남주공10단지,2003,9650,2009,7,10,84.86,11,월곡동,685-1,12330,,,
운남주공5단지,1997,8500,2009,7,10,84.77,14,운남동,769-1,12330,,,
운남주공8단지,2000,6770,2009,7,10,49.34,7,운남동,781-1,12330,,,
운남주공8단지,2000,8200,2009,7,10,59.41,6,운남동,781-1,12330,,,
운남주공9단지,2003,9400,2009,7,10,84.03,13,월곡동,681-1,12330,,,
중흥1,1995,6300,2009,7,10,59.94,10,신창동,855-3,12330,,,
중흥S클래스1단지,2009,19430,2009,7,10,84.6347,8,신가동,1306,12330,,,
첨단두산2,1996,7250,2009,7,10,59.997,3,월계동,765-8,12330,,,
코오롱하늘채,2008,32760,2009,7,10,128.79,13,수완동,913,12330,,,
코오롱하늘채,2008,32760,2009,7,10,128.79,7,수완동,913,12330,,,
코오롱하늘채,2008,25620,2009,7,10,105.2,3,수완동,913,12330,,,
한양수자인,2009,18432,2009,7,10,84.6075,17,신가동,1055,12330,,,
대덕9,1995,5900,2009,7,11,59.925,8,송정동,230-8,12330,,,
대방노블랜드,2009,17913,2009,7,11,84.9366,2,신가동,1304,12330,,,
대방노블랜드,2009,19113,2009,7,11,84.9366,7,신가동,1304,12330,,,
대주,1996,9450,2009,7,11,84.98,3,월계동,758-6,12330,,,
대주,1996,8900,2009,7,11,84.98,4,월계동,758-6,12330,,,
명지2차,2005,13300,2009,7,11,84.8858,11,송정동,448-1,12330,,,
수완GS자이,2008,33460,2009,7,11,121.5193,16,장덕동,1116,12330,,,
신안실크밸리,2009,18120,2009,7,11,84.9129,12,장덕동,1110,12330,,,
신안실크밸리,2009,17090,2009,7,11,84.9612,2,장덕동,1110,12330,,,
신안실크밸리,2009,18090,2009,7,11,84.9612,12,장덕동,1110,12330,,,
신창3차호반베르디움,2005,14500,2009,7,11,84.8581,16,신창동,1118,12330,,,
신창5차호반베르디움,2005,15300,2009,7,11,84.9429,13,신창동,1111,12330,,,
신창5차호반베르디움,2005,11750,2009,7,11,84.976,1,신창동,1111,12330,,,
신창5차호반베르디움,2005,13500,2009,7,11,84.8968,3,신창동,1111,12330,,,
신한화,1997,5400,2009,7,11,59.88,12,송정동,266,12330,,,
우미린1차,2008,19120,2009,7,11,84.1244,13,수완동,1488,12330,,,
우미린2차,2008,18450,2009,7,11,84.9626,15,수완동,908,12330,,,
"운남주공1,2단지",1997,5200,2009,7,11,58.14,8,운남동,776-1,12330,,,
운남주공7단지,2001,8100,2009,7,11,59.29,16,운남동,794-3,12330,,,
중흥S클래스1단지,2009,17000,2009,7,11,84.6347,22,신가동,1306,12330,,,
첨단라인1,1995,7000,2009,7,11,59.99,2,월계동,765-2,12330,,,
한양수자인,2009,18800,2009,7,11,84.8894,20,신가동,1055,12330,,,
한양수자인,2009,18800,2009,7,11,84.8894,16,신가동,1055,12330,,,
호반리젠시빌1차,2001,11500,2009,7,11,84.0624,14,신가동,1019-2,12330,,,
호반리젠시빌1차,2001,11300,2009,7,11,84.0624,17,신가동,1019-2,12330,,,
대방노블랜드,2009,19113,2009,7,12,84.9366,15,신가동,1304,12330,,,
대방노블랜드,2009,19113,2009,7,12,84.9366,18,신가동,1304,12330,,,
양우내안애,2008,16900,2009,7,12,84.9423,5,장덕동,1109,12330,,,
양우내안애,2008,15000,2009,7,12,84.9423,5,장덕동,1109,12330,,,
양우내안애,2008,16550,2009,7,12,84.9423,2,장덕동,1109,12330,,,
우미린2차,2008,19220,2009,7,12,84.9547,17,수완동,908,12330,,,
운남주공10단지,2003,8780,2009,7,12,59.33,11,월곡동,685-1,12330,,,
운남주공10단지,2003,8750,2009,7,12,59.92,6,월곡동,685-1,12330,,,
운남주공5단지,1997,8600,2009,7,12,84.77,19,운남동,769-1,12330,,,
중흥2,1998,6300,2009,7,12,59.73,3,신가동,302-25,12330,,,
중흥S클래스1단지,2009,19430,2009,7,12,84.6347,8,신가동,1306,12330,,,
중흥S클래스1단지,2009,19430,2009,7,12,84.6347,9,신가동,1306,12330,,,
한성1차,1988,3825,2009,7,12,49.32,2,월곡동,614-1,12330,,,
한양수자인,2009,18016,2009,7,12,84.6075,15,신가동,1055,12330,,,
라인2차,1997,5300,2009,7,13,59.9,9,소촌동,97-1,12330,,,
삼성,1996,8100,2009,7,13,84.92,12,운남동,387-22,12330,,,
성원,1997,8900,2009,7,13,93.18,1,월계동,755-4,12330,,,
수완GS자이,2008,33460,2009,7,13,121.5193,14,장덕동,1116,12330,,,
수완GS자이,2008,33460,2009,7,13,121.5193,8,장덕동,1116,12330,,,
신안실크밸리,2009,18120,2009,7,13,84.9129,7,장덕동,1110,12330,,,
신창6차호반베르디움,2005,13600,2009,7,13,84.9429,2,신가동,1048,12330,,,
우미린1차,2008,17970,2009,7,13,84.1244,1,수완동,1488,12330,,,
"운남주공1,2단지",1997,6000,2009,7,13,59.76,13,운남동,776-1,12330,,,
운남주공7단지,2001,6200,2009,7,13,49.83,21,운남동,794-3,12330,,,
운남주공7단지,2001,5300,2009,7,13,49.83,5,운남동,794-3,12330,,,
운남주공9단지,2003,8600,2009,7,13,75.99,14,월곡동,681-1,12330,,,
운남주공9단지,2003,9500,2009,7,13,84.86,8,월곡동,681-1,12330,,,
운남주공9단지,2003,12650,2009,7,13,84.03,9,월곡동,681-1,12330,,,
운남주공9단지,2003,9480,2009,7,13,84.03,1,월곡동,681-1,12330,,,
중흥2,1998,6300,2009,7,13,59.955,7,신가동,302-25,12330,,,
중흥S클래스1단지,2009,19430,2009,7,13,84.6347,22,신가동,1306,12330,,,
중흥S클래스1단지,2009,19430,2009,7,13,84.6347,22,신가동,1306,12330,,,
중흥S클래스1단지,2009,17000,2009,7,13,84.6347,15,신가동,1306,12330,,,
중흥S클래스1단지,2009,19830,2009,7,13,84.4012,23,신가동,1306,12330,,,
중흥S클래스1단지,2009,19830,2009,7,13,84.4012,6,신가동,1306,12330,,,
첨단금광,1997,10500,2009,7,13,92.115,6,월계동,757-7,12330,,,
코오롱하늘채,2008,38630,2009,7,13,152.24,2,수완동,913,12330,,,
코오롱하늘채,2008,26290,2009,7,13,103.71,9,수완동,913,12330,,,
코오롱하늘채,2008,38630,2009,7,13,152.24,2,수완동,913,12330,,,
코오롱하늘채,2008,26270,2009,7,13,105.2,4,수완동,913,12330,,,
코오롱하늘채,2008,26290,2009,7,13,103.71,7,수완동,913,12330,,,
코오롱하늘채,2008,25790,2009,7,13,103.71,6,수완동,913,12330,,,
코오롱하늘채,2008,26290,2009,7,13,103.71,6,수완동,913,12330,,,
코오롱하늘채,2008,25640,2009,7,13,103.71,4,수완동,913,12330,,,
코오롱하늘채,2008,25640,2009,7,13,103.71,4,수완동,913,12330,,,
코오롱하늘채,2008,31200,2009,7,13,123.38,5,수완동,913,12330,,,
현진에버빌1단지,2009,36800,2009,7,13,146.44,8,수완동,933,12330,,,
EG스위트밸리1차,2001,9900,2009,7,14,84.9831,15,소촌동,290-25,12330,,,
대방노블랜드,2009,19113,2009,7,14,84.9366,16,신가동,1304,12330,,,
대방노블랜드,2009,19113,2009,7,14,84.9366,16,신가동,1304,12330,,,
대방노블랜드,2009,20125,2009,7,14,84.9683,12,신가동,1304,12330,,,
보경해피드림,2006,9300,2009,7,14,84.9546,2,도산동,56-5,12330,,,
부영그린타운,2005,14100,2009,7,14,84.8512,8,산월동,885-3,12330,,,
삼성,1996,5700,2009,7,14,49.54,13,운남동,387-22,12330,,,
신안실크밸리,2009,18090,2009,7,14,84.9612,19,장덕동,1110,12330,,,
신창5차호반베르디움,2005,14399,2009,7,14,84.9429,22,신창동,1111,12330,,,
양우내안애,2008,16550,2009,7,14,84.9423,2,장덕동,1109,12330,,,
우미린1차,2008,17590,2009,7,14,84.3379,1,수완동,1488,12330,,,
우미린2차,2008,17300,2009,7,14,84.9547,8,수완동,908,12330,,,
운남주공10단지,2003,8973,2009,7,14,84.82,17,월곡동,685-1,12330,,,
운남주공6단지,2001,11400,2009,7,14,84.17,9,운남동,782-1,12330,,,
운남주공7단지,2001,6000,2009,7,14,49.83,22,운남동,794-3,12330,,,
중흥1차,1995,5000,2009,7,14,59.94,11,도천동,627-1,12330,,,
중흥S클래스1단지,2009,19430,2009,7,14,84.6347,22,신가동,1306,12330,,,
중흥S클래스1단지,2009,19430,2009,7,14,84.6347,18,신가동,1306,12330,,,
중흥S클래스1단지,2009,19430,2009,7,14,84.6347,12,신가동,1306,12330,,,
코오롱하늘채,2008,25790,2009,7,14,103.71,6,수완동,913,12330,,,
코오롱하늘채,2008,31950,2009,7,14,123.38,8,수완동,913,12330,,,
코오롱하늘채,2008,13454,2009,7,14,103.71,8,수완동,913,12330,,,
태양,1988,2800,2009,7,14,32.28,10,산정동,939,12330,,,
한양수자인,2009,18800,2009,7,14,84.8894,24,신가동,1055,12330,,,
EG스위트밸리3차,2004,13300,2009,7,15,84.439,10,소촌동,232-6,12330,,,
대방노블랜드,2009,19113,2009,7,15,84.9366,19,신가동,1304,12330,,,
대방노블랜드,2009,19113,2009,7,15,84.9366,15,신가동,1304,12330,,,
명지2차,2005,12600,2009,7,15,84.8858,4,송정동,448-1,12330,,,
모아드림타운1차,2000,10200,2009,7,15,82.8908,7,소촌동,286-1,12330,,,
수완GS자이,2008,27300,2009,7,15,121.5193,3,장덕동,1116,12330,,,
신안실크밸리,2009,18090,2009,7,15,84.9612,10,장덕동,1110,12330,,,
신안실크밸리,2009,18120,2009,7,15,84.9129,13,장덕동,1110,12330,,,
신안실크밸리,2009,18090,2009,7,15,84.9612,15,장덕동,1110,12330,,,
양우내안애,2008,8638,2009,7,15,84.9423,4,장덕동,1109,12330,,,
양우내안애,2008,8638,2009,7,15,84.9423,5,장덕동,1109,12330,,,
우미린1차,2008,19520,2009,7,15,84.5566,13,수완동,1488,12330,,,
우미린2차,2008,19220,2009,7,15,84.9547,11,수완동,908,12330,,,
운남주공8단지,2000,7950,2009,7,15,59.42,8,운남동,781-1,12330,,,
중흥S클래스1단지,2009,19430,2009,7,15,84.6347,21,신가동,1306,12330,,,
중흥S클래스1단지,2009,19830,2009,7,15,84.4012,21,신가동,1306,12330,,,
첨단라인8,1997,6700,2009,7,15,59.9,2,월계동,763-2,12330,,,
코오롱하늘채,2008,31950,2009,7,15,123.38,7,수완동,913,12330,,,
코오롱하늘채,2008,25640,2009,7,15,103.71,4,수완동,913,12330,,,
코오롱하늘채,2008,26290,2009,7,15,103.71,7,수완동,913,12330,,,
코오롱하늘채,2008,25720,2009,7,15,103.71,3,수완동,913,12330,,,
코오롱하늘채,2008,25640,2009,7,15,103.71,5,수완동,913,12330,,,
하남주공(2단지),1991,3500,2009,7,15,38.64,4,우산동,1571-1,12330,,,
해광샹그릴라,2005,13490,2009,7,15,84.9106,3,신창동,855-9,12330,,,
라인1,1997,6050,2009,7,16,59.91,11,송정동,425-2,12330,,,
라인2차,1997,5150,2009,7,16,59.9,4,소촌동,97-1,12330,,,
명지2차,2005,12650,2009,7,16,84.8858,1,송정동,448-1,12330,,,
송정주공,1982,3800,2009,7,16,45.73,1,우산동,1079-3,12330,,,
신동아,1996,13300,2009,7,16,116.186,7,월계동,756-2,12330,,,
신안실크밸리,2009,16000,2009,7,16,84.9129,3,장덕동,1110,12330,,,
신안실크밸리,2009,9182,2009,7,16,84.9612,15,장덕동,1110,12330,,,
신안실크밸리,2009,9182,2009,7,16,84.9612,14,장덕동,1110,12330,,,
신안실크밸리,2009,9197,2009,7,16,84.9129,6,장덕동,1110,12330,,,
신안실크밸리,2009,9197,2009,7,16,84.9129,10,장덕동,1110,12330,,,
신안실크밸리,2009,8690,2009,7,16,84.9129,2,장덕동,1110,12330,,,
신안실크밸리,2009,9182,2009,7,16,84.9612,8,장덕동,1110,12330,,,
운남주공8단지,2000,6500,2009,7,16,49.55,14,운남동,781-1,12330,,,
운남주공9단지,2003,11700,2009,7,16,84.86,14,월곡동,681-1,12330,,,
중흥에스-클래스3단지,2008,19540,2009,7,16,84.9684,11,흑석동,503,12330,,,
중흥에스-클래스3단지,2008,19540,2009,7,16,84.9684,6,흑석동,503,12330,,,
첨단동부,1997,11500,2009,7,16,91.882,15,월계동,757-3,12330,,,
코오롱하늘채,2008,25720,2009,7,16,103.71,3,수완동,913,12330,,,
하남주공(2단지),1991,4050,2009,7,16,44.52,8,우산동,1571-1,12330,,,
한양수자인,2009,18800,2009,7,16,84.8894,18,신가동,1055,12330,,,
건영,1998,9800,2009,7,17,86.11,11,월계동,755-5,12330,,,
대방노블랜드,2009,19113,2009,7,17,84.9366,19,신가동,1304,12330,,,
대방노블랜드,2009,19113,2009,7,17,84.9366,18,신가동,1304,12330,,,
모아엘가,2009,19400,2009,7,17,84.9331,4,수완동,1486,12330,,,
모아엘가,2009,17050,2009,7,17,79.8427,3,수완동,1486,12330,,,
모아엘가,2009,17310,2009,7,17,76.7138,5,수완동,1486,12330,,,
보경해피드림,2006,9500,2009,7,17,84.9546,14,도산동,56-5,12330,,,
삼성,1996,9050,2009,7,17,84.92,15,운남동,387-22,12330,,,
수완GS자이,2008,36471,2009,7,17,121.5193,20,장덕동,1116,12330,,,
양우내안애,2008,16550,2009,7,17,84.9423,2,장덕동,1109,12330,,,
우미린2차,2008,18230,2009,7,17,84.9626,1,수완동,908,12330,,,
우미린2차,2008,19220,2009,7,17,84.7885,7,수완동,908,12330,,,
운남주공3단지,1996,5600,2009,7,17,59.76,13,운남동,777-1,12330,,,
운남주공4단지,1996,4500,2009,7,17,49.69,5,운남동,771-1,12330,,,
운남주공7단지,2001,5500,2009,7,17,49.83,24,운남동,794-3,12330,,,
운남주공9단지,2003,9400,2009,7,17,84.75,14,월곡동,681-1,12330,,,
첨단동아,1997,8100,2009,7,17,77.81,5,월계동,758-3,12330,,,
첨단우미1,1995,8400,2009,7,17,78.54,4,월계동,759-1,12330,,,
코오롱하늘채,2008,24920,2009,7,17,105.2,7,수완동,913,12330,,,
코오롱하늘채,2008,31950,2009,7,17,123.38,7,수완동,913,12330,,,
코오롱하늘채,2008,25640,2009,7,17,103.71,5,수완동,913,12330,,,
풍영리버빌(신가부영),2001,10150,2009,7,17,84.9873,17,신창동,1108-1,12330,,,
한양수자인,2009,18816,2009,7,17,84.6075,6,신가동,1055,12330,,,
대방노블랜드,2009,20125,2009,7,18,84.9683,7,신가동,1304,12330,,,
대방노블랜드,2009,19113,2009,7,18,84.9366,20,신가동,1304,12330,,,
대방노블랜드,2009,19111,2009,7,18,84.9366,13,신가동,1304,12330,,,
대방노블랜드,2009,19113,2009,7,18,84.9366,24,신가동,1304,12330,,,
삼성,1996,8200,2009,7,18,84.92,8,운남동,387-22,12330,,,
서경,1998,6250,2009,7,18,59.79,7,도산동,1081,12330,,,
송광파크맨션3,1995,3700,2009,7,18,59.94,6,소촌동,603-3,12330,,,
신안실크밸리,2009,18090,2009,7,18,84.9612,7,장덕동,1110,12330,,,
신안실크밸리,2009,18120,2009,7,18,84.9129,13,장덕동,1110,12330,,,
신안실크밸리,2009,18120,2009,7,18,84.9129,18,장덕동,1110,12330,,,
신안실크밸리,2009,18120,2009,7,18,84.9129,7,장덕동,1110,12330,,,
신안실크밸리,2009,18090,2009,7,18,84.9612,15,장덕동,1110,12330,,,
신안실크밸리,2009,18120,2009,7,18,84.9129,9,장덕동,1110,12330,,,
신창3차부영사랑으로,2006,10300,2009,7,18,59.748,16,신창동,1110,12330,,,
신창6차부영사랑으로,2006,19113,2009,7,18,84.9931,6,신가동,1034,12330,,,
우미린2차,2008,17590,2009,7,18,84.835,2,수완동,908,12330,,,
"운남주공1,2단지",1997,3850,2009,7,18,37.67,2,운남동,776-1,12330,,,
운남주공4단지,1996,4400,2009,7,18,37.67,10,운남동,771-1,12330,,,
운남주공7단지,2001,8370,2009,7,18,59.48,18,운남동,794-3,12330,,,
운남주공8단지,2000,6450,2009,7,18,49.34,6,운남동,781-1,12330,,,
운남주공9단지,2003,10000,2009,7,18,84.03,9,월곡동,681-1,12330,,,
중흥S클래스1단지,2009,17200,2009,7,18,84.6347,21,신가동,1306,12330,,,
중흥S클래스1단지,2009,19430,2009,7,18,84.6347,8,신가동,1306,12330,,,
첨단라인1,1995,6750,2009,7,18,60,3,월계동,765-2,12330,,,
첨단우미1,1995,8950,2009,7,18,78.54,3,월계동,759-1,12330,,,
코오롱하늘채,2008,25790,2009,7,18,103.71,7,수완동,913,12330,,,
한양수자인,2009,18432,2009,7,18,84.6075,5,신가동,1055,12330,,,
한양수자인,2009,18800,2009,7,18,84.8894,18,신가동,1055,12330,,,
한양수자인,2009,18800,2009,7,18,84.8894,7,신가동,1055,12330,,,
한양수자인,2009,18800,2009,7,18,84.8894,15,신가동,1055,12330,,,
호반1,1995,5400,2009,7,18,59.95,10,도산동,1136-1,12330,,,
호반리젠시빌1,2003,10900,2009,7,18,84.3979,7,산월동,885-2,12330,,,
EG스위트밸리3차,2004,11500,2009,7,19,84.439,10,소촌동,232-6,12330,,,
대방노블랜드,2009,19113,2009,7,19,84.9366,11,신가동,1304,12330,,,
대방노블랜드,2009,19113,2009,7,19,84.9366,17,신가동,1304,12330,,,
대방노블랜드,2009,20125,2009,7,19,84.9683,8,신가동,1304,12330,,,
대천,1984,3900,2009,7,19,58.95,5,송정동,880-2,12330,,,
삼성,1996,7550,2009,7,19,70.97,6,운남동,387-22,12330,,,
신안실크밸리,2009,18090,2009,7,19,84.9612,13,장덕동,1110,12330,,,
신안실크밸리,2009,18090,2009,7,19,84.9612,10,장덕동,1110,12330,,,
신창3차호반베르디움,2005,14200,2009,7,19,84.8581,8,신창동,1118,12330,,,
신창3차호반베르디움,2005,14300,2009,7,19,84.8581,10,신창동,1118,12330,,,
신촌동명지로드힐,2006,15980,2009,7,19,84.6119,7,신촌동,706-2,12330,,,
양우내안애,2008,16900,2009,7,19,84.9423,4,장덕동,1109,12330,,,
우미린1차,2008,18730,2009,7,19,84.1244,5,수완동,1488,12330,,,
운남주공3단지,1996,5400,2009,7,19,59.76,17,운남동,777-1,12330,,,
운남주공6단지,2001,12440,2009,7,19,84.28,11,운남동,782-1,12330,,,
운남주공6단지,2001,12300,2009,7,19,84.28,15,운남동,782-1,12330,,,
운남주공7단지,2001,5500,2009,7,19,49.83,7,운남동,794-3,12330,,,
운남주공8단지,2000,6550,2009,7,19,49.55,10,운남동,781-1,12330,,,
코오롱하늘채,2008,31700,2009,7,19,128.79,16,수완동,913,12330,,,
대방노블랜드,2009,19113,2009,7,20,84.9366,20,신가동,1304,12330,,,
리버힐,1992,4340,2009,7,20,49.86,3,우산동,1602-2,12330,,,
리버힐,1992,4408,2009,7,20,49.86,12,우산동,1602-2,12330,,,
명지2차,2005,11000,2009,7,20,84.8858,7,송정동,448-1,12330,,,
모아엘가,2009,19200,2009,7,20,84.9331,2,수완동,1486,12330,,,
모아엘가,2009,19800,2009,7,20,84.9331,12,수완동,1486,12330,,,
부영1차,2003,10500,2009,7,20,84.9763,9,산월동,882-1,12330,,,
부영1차,2003,10500,2009,7,20,84.9763,13,산월동,882-1,12330,,,
부영1차,2003,10500,2009,7,20,84.9763,11,산월동,882-1,12330,,,
부영1차,2003,10500,2009,7,20,84.9763,7,산월동,882-1,12330,,,
부영1차,2003,10500,2009,7,20,84.9763,12,산월동,882-1,12330,,,
부영1차,2003,10500,2009,7,20,84.9763,5,산월동,882-1,12330,,,
부영1차,2003,10500,2009,7,20,84.9763,7,산월동,882-1,12330,,,
부영1차,2003,10500,2009,7,20,84.9763,5,산월동,882-1,12330,,,
부영1차,2003,10500,2009,7,20,84.9763,7,산월동,882-1,12330,,,
부영1차,2003,10500,2009,7,20,84.9763,8,산월동,882-1,12330,,,
부영1차,2003,10395,2009,7,20,84.9763,2,산월동,882-1,12330,,,
부영1차,2003,10395,2009,7,20,84.9763,2,산월동,882-1,12330,,,
부영1차,2003,10500,2009,7,20,84.9763,12,산월동,882-1,12330,,,
부영1차,2003,10500,2009,7,20,84.9763,14,산월동,882-1,12330,,,
부영1차,2003,10500,2009,7,20,84.9763,12,산월동,882-1,12330,,,
부영1차,2003,10500,2009,7,20,84.9763,13,산월동,882-1,12330,,,
부영1차,2003,10500,2009,7,20,84.9763,8,산월동,882-1,12330,,,
부영1차,2003,10500,2009,7,20,84.9763,14,산월동,882-1,12330,,,
부영1차,2003,10500,2009,7,20,84.9763,12,산월동,882-1,12330,,,
부영1차,2003,10500,2009,7,20,84.9763,9,산월동,882-1,12330,,,
부영1차,2003,10500,2009,7,20,84.9763,9,산월동,882-1,12330,,,
부영1차,2003,10500,2009,7,20,84.9763,8,산월동,882-1,12330,,,
부영1차,2003,10500,2009,7,20,84.9763,7,산월동,882-1,12330,,,
부영1차,2003,10500,2009,7,20,84.9763,6,산월동,882-1,12330,,,
부영1차,2003,10500,2009,7,20,84.9763,4,산월동,882-1,12330,,,
부영1차,2003,10395,2009,7,20,84.9763,2,산월동,882-1,12330,,,
부영1차,2003,10500,2009,7,20,84.9763,10,산월동,882-1,12330,,,
부영1차,2003,10500,2009,7,20,84.9763,8,산월동,882-1,12330,,,
부영1차,2003,10500,2009,7,20,84.9763,12,산월동,882-1,12330,,,
부영1차,2003,10500,2009,7,20,84.9763,12,산월동,882-1,12330,,,
부영1차,2003,10500,2009,7,20,84.9763,11,산월동,882-1,12330,,,
부영1차,2003,10500,2009,7,20,84.9763,10,산월동,882-1,12330,,,
부영1차,2003,10500,2009,7,20,84.9763,6,산월동,882-1,12330,,,
부영1차,2003,10500,2009,7,20,84.9763,4,산월동,882-1,12330,,,
부영1차,2003,10500,2009,7,20,84.9763,14,산월동,882-1,12330,,,
부영1차,2003,10500,2009,7,20,84.9763,11,산월동,882-1,12330,,,
부영1차,2003,10500,2009,7,20,84.9763,8,산월동,882-1,12330,,,
부영1차,2003,10500,2009,7,20,84.9763,8,산월동,882-1,12330,,,
부영1차,2003,10500,2009,7,20,84.9763,7,산월동,882-1,12330,,,
부영1차,2003,10500,2009,7,20,84.9763,4,산월동,882-1,12330,,,
부영1차,2003,10395,2009,7,20,84.9763,2,산월동,882-1,12330,,,
부영1차,2003,10500,2009,7,20,84.9763,14,산월동,882-1,12330,,,
부영1차,2003,10500,2009,7,20,84.9763,14,산월동,882-1,12330,,,
부영1차,2003,10500,2009,7,20,84.9763,8,산월동,882-1,12330,,,
부영1차,2003,10500,2009,7,20,84.9763,4,산월동,882-1,12330,,,
부영1차,2003,10500,2009,7,20,84.9763,14,산월동,882-1,12330,,,
부영1차,2003,10500,2009,7,20,84.9763,13,산월동,882-1,12330,,,
부영1차,2003,10500,2009,7,20,84.9763,12,산월동,882-1,12330,,,
부영1차,2003,10500,2009,7,20,84.9763,10,산월동,882-1,12330,,,
부영1차,2003,10500,2009,7,20,84.9763,8,산월동,882-1,12330,,,
부영1차,2003,10500,2009,7,20,84.9763,5,산월동,882-1,12330,,,
부영1차,2003,10290,2009,7,20,84.9763,1,산월동,882-1,12330,,,
부영1차,2003,10500,2009,7,20,84.9763,12,산월동,882-1,12330,,,
부영1차,2003,10500,2009,7,20,84.9763,9,산월동,882-1,12330,,,
부영1차,2003,10500,2009,7,20,84.9763,9,산월동,882-1,12330,,,
부영1차,2003,10500,2009,7,20,84.9763,6,산월동,882-1,12330,,,
부영1차,2003,10500,2009,7,20,84.9763,3,산월동,882-1,12330,,,
부영1차,2003,10500,2009,7,20,84.9763,13,산월동,882-1,12330,,,
부영1차,2003,10500,2009,7,20,84.9763,12,산월동,882-1,12330,,,
부영1차,2003,10500,2009,7,20,84.9763,11,산월동,882-1,12330,,,
부영1차,2003,10500,2009,7,20,84.9763,6,산월동,882-1,12330,,,
부영1차,2003,10500,2009,7,20,84.9763,5,산월동,882-1,12330,,,
부영1차,2003,10500,2009,7,20,84.9763,10,산월동,882-1,12330,,,
부영1차,2003,10395,2009,7,20,84.9763,2,산월동,882-1,12330,,,
부영1차,2003,10500,2009,7,20,84.9763,12,산월동,882-1,12330,,,
부영1차,2003,10290,2009,7,20,84.9763,1,산월동,882-1,12330,,,
부영1차,2003,10500,2009,7,20,84.9763,12,산월동,882-1,12330,,,
부영1차,2003,10500,2009,7,20,84.9763,8,산월동,882-1,12330,,,
부영1차,2003,10500,2009,7,20,84.9763,7,산월동,882-1,12330,,,
부영1차,2003,10500,2009,7,20,84.9763,6,산월동,882-1,12330,,,
부영1차,2003,10500,2009,7,20,84.9763,4,산월동,882-1,12330,,,
부영1차,2003,10500,2009,7,20,84.9763,4,산월동,882-1,12330,,,
부영1차,2003,10290,2009,7,20,84.9763,1,산월동,882-1,12330,,,
부영1차,2003,10500,2009,7,20,84.9763,12,산월동,882-1,12330,,,
부영1차,2003,10500,2009,7,20,84.9763,10,산월동,882-1,12330,,,
부영1차,2003,10500,2009,7,20,84.9763,9,산월동,882-1,12330,,,
부영1차,2003,10500,2009,7,20,84.9763,8,산월동,882-1,12330,,,
부영1차,2003,10500,2009,7,20,84.9763,8,산월동,882-1,12330,,,
부영1차,2003,10500,2009,7,20,84.9763,6,산월동,882-1,12330,,,
부영1차,2003,10500,2009,7,20,84.9763,10,산월동,882-1,12330,,,
부영1차,2003,10500,2009,7,20,84.9763,7,산월동,882-1,12330,,,
부영1차,2003,10500,2009,7,20,84.9763,6,산월동,882-1,12330,,,
부영1차,2003,10500,2009,7,20,84.9763,11,산월동,882-1,12330,,,
부영1차,2003,10500,2009,7,20,84.9763,9,산월동,882-1,12330,,,
부영1차,2003,10500,2009,7,20,84.9763,6,산월동,882-1,12330,,,
송광파크맨션3,1995,4500,2009,7,20,59.94,1,소촌동,603-3,12330,,,
신안실크밸리,2009,18120,2009,7,20,84.9129,11,장덕동,1110,12330,,,
신안실크밸리,2009,18090,2009,7,20,84.9612,13,장덕동,1110,12330,,,
우미,1997,5200,2009,7,20,60,11,도산동,1077-1,12330,,,
우미린1차,2008,17970,2009,7,20,84.1244,1,수완동,1488,12330,,,
운남주공4단지,1996,5850,2009,7,20,59.76,19,운남동,771-1,12330,,,
운남주공7단지,2001,6750,2009,7,20,59.29,15,운남동,794-3,12330,,,
운남주공7단지,2001,8500,2009,7,20,59.48,13,운남동,794-3,12330,,,
운남주공9단지,2003,10450,2009,7,20,75.99,13,월곡동,681-1,12330,,,
중흥S클래스1단지,2009,19040,2009,7,20,84.4012,3,신가동,1306,12330,,,
중흥S클래스1단지,2009,22040,2009,7,20,84.4012,25,신가동,1306,12330,,,
중흥S클래스1단지,2009,16856,2009,7,20,84.4012,18,신가동,1306,12330,,,
중흥에스-클래스2단지,2008,21970,2009,7,20,84.4012,20,흑석동,518,12330,,,
중흥에스-클래스2단지,2008,19370,2009,7,20,84.9684,11,흑석동,518,12330,,,
중흥에스-클래스3단지,2008,16609,2009,7,20,84.9684,6,흑석동,503,12330,,,
첨단금광,1997,10250,2009,7,20,92.115,14,월계동,757-7,12330,,,
첨단남양파크,1996,6000,2009,7,20,59.92,4,월계동,765-6,12330,,,
첨단두산1차,1996,6650,2009,7,20,59.997,2,월계동,764-4,12330,,,
첨단라인1,1995,6000,2009,7,20,60,2,월계동,765-2,12330,,,
첨단라인1,1995,6500,2009,7,20,60,4,월계동,765-2,12330,,,
코오롱하늘채,2008,32760,2009,7,20,128.79,11,수완동,913,12330,,,
한양수자인,2009,18432,2009,7,20,84.6075,6,신가동,1055,12330,,,
한양수자인,2009,18532,2009,7,20,84.8894,4,신가동,1055,12330,,,
호반리젠시빌1,2003,12000,2009,7,20,84.3979,11,산월동,885-2,12330,,,
호반리젠시빌3,2003,10700,2009,7,20,84.3979,5,산월동,884-2,12330,,,
호반리젠시빌3,2003,10500,2009,7,20,84.3979,14,산월동,884-2,12330,,,
금강3차,2000,4900,2009,7,21,59.94,1,송정동,238,12330,,,
기산,1996,9350,2009,7,21,84.06,3,월계동,758-8,12330,,,
대방노블랜드,2009,19113,2009,7,21,84.9366,14,신가동,1304,12330,,,
대방노블랜드,2009,19113,2009,7,21,84.9366,17,신가동,1304,12330,,,
대방노블랜드,2009,19113,2009,7,21,84.9366,7,신가동,1304,12330,,,
대방노블랜드,2009,19113,2009,7,21,84.9366,13,신가동,1304,12330,,,
대방노블랜드,2009,19113,2009,7,21,84.9366,12,신가동,1304,12330,,,
대방노블랜드,2009,19113,2009,7,21,84.9366,18,신가동,1304,12330,,,
대방노블랜드,2009,19113,2009,7,21,84.9366,15,신가동,1304,12330,,,
대방노블랜드,2009,19113,2009,7,21,84.9366,11,신가동,1304,12330,,,
모아,1997,6500,2009,7,21,59.52,10,송정동,593,12330,,,
모아엘가,2009,19400,2009,7,21,84.9331,4,수완동,1486,12330,,,
모아엘가,2009,17050,2009,7,21,79.8427,3,수완동,1486,12330,,,
부영1차,2003,10500,2009,7,21,84.9763,10,산월동,882-1,12330,,,
부영1차,2003,10500,2009,7,21,84.9763,5,산월동,882-1,12330,,,
부영1차,2003,10500,2009,7,21,84.9763,8,산월동,882-1,12330,,,
부영1차,2003,10500,2009,7,21,84.9763,14,산월동,882-1,12330,,,
부영1차,2003,10500,2009,7,21,84.9763,7,산월동,882-1,12330,,,
부영1차,2003,10500,2009,7,21,84.9763,7,산월동,882-1,12330,,,
부영1차,2003,10500,2009,7,21,84.9763,13,산월동,882-1,12330,,,
부영1차,2003,10500,2009,7,21,84.9763,5,산월동,882-1,12330,,,
부영1차,2003,10500,2009,7,21,84.9763,11,산월동,882-1,12330,,,
부영1차,2003,10500,2009,7,21,84.9763,10,산월동,882-1,12330,,,
부영1차,2003,10500,2009,7,21,84.9763,13,산월동,882-1,12330,,,
부영1차,2003,10500,2009,7,21,84.9763,10,산월동,882-1,12330,,,
부영1차,2003,10500,2009,7,21,84.9763,12,산월동,882-1,12330,,,
부영1차,2003,10500,2009,7,21,84.9763,6,산월동,882-1,12330,,,
부영1차,2003,10500,2009,7,21,84.9763,3,산월동,882-1,12330,,,
부영1차,2003,10500,2009,7,21,84.9763,8,산월동,882-1,12330,,,
부영1차,2003,10500,2009,7,21,84.9763,9,산월동,882-1,12330,,,
부영1차,2003,10500,2009,7,21,84.9763,4,산월동,882-1,12330,,,
부영1차,2003,10500,2009,7,21,84.9763,13,산월동,882-1,12330,,,
부영1차,2003,10500,2009,7,21,84.9763,9,산월동,882-1,12330,,,
부영1차,2003,10500,2009,7,21,84.9763,13,산월동,882-1,12330,,,
부영1차,2003,10500,2009,7,21,84.9763,9,산월동,882-1,12330,,,
부영1차,2003,10500,2009,7,21,84.9763,9,산월동,882-1,12330,,,
부영1차,2003,10500,2009,7,21,84.9763,12,산월동,882-1,12330,,,
부영1차,2003,10500,2009,7,21,84.9763,11,산월동,882-1,12330,,,
부영1차,2003,10500,2009,7,21,84.9763,7,산월동,882-1,12330,,,
부영1차,2003,10500,2009,7,21,84.9763,10,산월동,882-1,12330,,,
부영1차,2003,10500,2009,7,21,84.9763,10,산월동,882-1,12330,,,
부영1차,2003,10500,2009,7,21,84.9763,5,산월동,882-1,12330,,,
부영1차,2003,10500,2009,7,21,84.9763,3,산월동,882-1,12330,,,
부영1차,2003,10500,2009,7,21,84.9763,3,산월동,882-1,12330,,,
부영1차,2003,10500,2009,7,21,84.9763,13,산월동,882-1,12330,,,
부영1차,2003,10500,2009,7,21,84.9763,10,산월동,882-1,12330,,,
부영1차,2003,10500,2009,7,21,84.9763,7,산월동,882-1,12330,,,
부영1차,2003,10500,2009,7,21,84.9763,6,산월동,882-1,12330,,,
부영1차,2003,10500,2009,7,21,84.9763,5,산월동,882-1,12330,,,
부영1차,2003,10500,2009,7,21,84.9763,11,산월동,882-1,12330,,,
부영1차,2003,10500,2009,7,21,84.9763,9,산월동,882-1,12330,,,
부영1차,2003,10500,2009,7,21,84.9763,8,산월동,882-1,12330,,,
부영1차,2003,10500,2009,7,21,84.9763,8,산월동,882-1,12330,,,
부영1차,2003,10500,2009,7,21,84.9763,13,산월동,882-1,12330,,,
부영1차,2003,10500,2009,7,21,84.9763,13,산월동,882-1,12330,,,
부영1차,2003,10500,2009,7,21,84.9763,12,산월동,882-1,12330,,,
부영1차,2003,10500,2009,7,21,84.9763,5,산월동,882-1,12330,,,
부영1차,2003,10500,2009,7,21,84.9763,10,산월동,882-1,12330,,,
부영1차,2003,10500,2009,7,21,84.9763,9,산월동,882-1,12330,,,
부영1차,2003,10500,2009,7,21,84.9763,8,산월동,882-1,12330,,,
부영1차,2003,10500,2009,7,21,84.9763,13,산월동,882-1,12330,,,
부영1차,2003,10500,2009,7,21,84.9763,11,산월동,882-1,12330,,,
부영1차,2003,10500,2009,7,21,84.9763,8,산월동,882-1,12330,,,
부영1차,2003,10500,2009,7,21,84.9763,6,산월동,882-1,12330,,,
부영1차,2003,10500,2009,7,21,84.9763,11,산월동,882-1,12330,,,
부영1차,2003,10500,2009,7,21,84.9763,10,산월동,882-1,12330,,,
부영1차,2003,10500,2009,7,21,84.9763,7,산월동,882-1,12330,,,
부영1차,2003,10500,2009,7,21,84.9763,4,산월동,882-1,12330,,,
부영1차,2003,10500,2009,7,21,84.9763,3,산월동,882-1,12330,,,
부영1차,2003,10500,2009,7,21,84.9763,11,산월동,882-1,12330,,,
부영1차,2003,10500,2009,7,21,84.9763,11,산월동,882-1,12330,,,
부영1차,2003,10500,2009,7,21,84.9763,6,산월동,882-1,12330,,,
부영1차,2003,10500,2009,7,21,84.9763,5,산월동,882-1,12330,,,
부영1차,2003,10500,2009,7,21,84.9763,3,산월동,882-1,12330,,,
부영1차,2003,10500,2009,7,21,84.9763,12,산월동,882-1,12330,,,
부영1차,2003,10500,2009,7,21,84.9763,10,산월동,882-1,12330,,,
부영1차,2003,10500,2009,7,21,84.9763,4,산월동,882-1,12330,,,
부영1차,2003,10500,2009,7,21,84.9763,3,산월동,882-1,12330,,,
부영1차,2003,10500,2009,7,21,84.9763,11,산월동,882-1,12330,,,
부영1차,2003,10500,2009,7,21,84.9763,7,산월동,882-1,12330,,,
수완GS자이,2008,39270,2009,7,21,147.815,14,장덕동,1116,12330,,,
신창동모아미래도,2000,4280,2009,7,21,47.7,1,신창동,462-2,12330,,,
신창동모아미래도,2000,4100,2009,7,21,37.95,9,신창동,462-2,12330,,,
양우내안애,2008,8645,2009,7,21,84.9423,3,장덕동,1109,12330,,,
운남주공10단지,2003,11000,2009,7,21,84.03,5,월곡동,685-1,12330,,,
운남주공7단지,2001,6450,2009,7,21,49.83,6,운남동,794-3,12330,,,
운남주공7단지,2001,7500,2009,7,21,59.48,15,운남동,794-3,12330,,,
운남주공7단지,2001,5000,2009,7,21,39.99,20,운남동,794-3,12330,,,
운남주공8단지,2000,8080,2009,7,21,59.42,6,운남동,781-1,12330,,,
운남주공8단지,2000,8400,2009,7,21,59.42,17,운남동,781-1,12330,,,
운남주공8단지,2000,8500,2009,7,21,59.42,17,운남동,781-1,12330,,,
운남주공9단지,2003,9500,2009,7,21,84.47,1,월곡동,681-1,12330,,,
첨단동아,1997,9100,2009,7,21,77.81,4,월계동,758-3,12330,,,
첨단라인1,1995,6800,2009,7,21,59.99,3,월계동,765-2,12330,,,
코오롱하늘채,2008,25720,2009,7,21,103.71,3,수완동,913,12330,,,
코오롱하늘채,2008,31200,2009,7,21,123.38,5,수완동,913,12330,,,
코오롱하늘채,2008,26290,2009,7,21,103.71,9,수완동,913,12330,,,
코오롱하늘채,2008,26290,2009,7,21,103.71,7,수완동,913,12330,,,
하남우미,1992,4500,2009,7,21,49.14,3,우산동,1572-2,12330,,,
하남주공(2단지),1991,3780,2009,7,21,44.94,4,우산동,1571-1,12330,,,
한성1차,1988,3900,2009,7,21,49.32,2,월곡동,614-1,12330,,,
한성2차,1991,6100,2009,7,21,84.24,5,월곡동,614-2,12330,,,
한양수자인,2009,18800,2009,7,21,84.8894,6,신가동,1055,12330,,,
한양수자인,2009,18158,2009,7,21,84.6075,3,신가동,1055,12330,,,
현진에버빌1단지,2009,29070,2009,7,21,116.27,7,수완동,933,12330,,,
현진에버빌1단지,2009,33500,2009,7,21,129.79,17,수완동,933,12330,,,
EG스위트밸리2차,2001,10091,2009,7,22,84.9831,8,소촌동,791-22,12330,,,
금호훼밀리파크,1994,7350,2009,7,22,84.99,6,소촌동,46-2,12330,,,
금호훼밀리파크,1994,6750,2009,7,22,84.99,5,소촌동,46-2,12330,,,
대덕9,1995,4100,2009,7,22,50.895,2,송정동,230-8,12330,,,
대방노블랜드,2009,19113,2009,7,22,84.9366,15,신가동,1304,12330,,,
대방노블랜드,2009,19113,2009,7,22,84.9366,16,신가동,1304,12330,,,
대방노블랜드,2009,19113,2009,7,22,84.9366,12,신가동,1304,12330,,,
라인2차,1997,5500,2009,7,22,59.9,8,소촌동,97-1,12330,,,
부영1차,2003,10500,2009,7,22,84.9763,12,산월동,882-1,12330,,,
부영1차,2003,10500,2009,7,22,84.9763,10,산월동,882-1,12330,,,
부영1차,2003,10500,2009,7,22,84.9763,12,산월동,882-1,12330,,,
부영1차,2003,10500,2009,7,22,84.9763,11,산월동,882-1,12330,,,
부영1차,2003,10500,2009,7,22,84.9763,14,산월동,882-1,12330,,,
부영1차,2003,10500,2009,7,22,84.9763,10,산월동,882-1,12330,,,
부영1차,2003,10500,2009,7,22,84.9763,6,산월동,882-1,12330,,,
부영1차,2003,10500,2009,7,22,84.9763,13,산월동,882-1,12330,,,
부영1차,2003,10500,2009,7,22,84.9763,12,산월동,882-1,12330,,,
부영1차,2003,10500,2009,7,22,84.9763,10,산월동,882-1,12330,,,
부영1차,2003,10500,2009,7,22,84.9763,7,산월동,882-1,12330,,,
부영1차,2003,10500,2009,7,22,84.9763,14,산월동,882-1,12330,,,
부영1차,2003,10500,2009,7,22,84.9763,13,산월동,882-1,12330,,,
부영1차,2003,10500,2009,7,22,84.9763,11,산월동,882-1,12330,,,
부영1차,2003,10500,2009,7,22,84.9763,10,산월동,882-1,12330,,,
부영1차,2003,10500,2009,7,22,84.9763,8,산월동,882-1,12330,,,
부영1차,2003,10500,2009,7,22,84.9763,8,산월동,882-1,12330,,,
부영1차,2003,10500,2009,7,22,84.9763,7,산월동,882-1,12330,,,
부영1차,2003,10500,2009,7,22,84.9763,13,산월동,882-1,12330,,,
부영1차,2003,10500,2009,7,22,84.9763,11,산월동,882-1,12330,,,
부영1차,2003,10500,2009,7,22,84.9763,9,산월동,882-1,12330,,,
부영1차,2003,10500,2009,7,22,84.9763,9,산월동,882-1,12330,,,
부영1차,2003,10500,2009,7,22,84.9763,8,산월동,882-1,12330,,,
부영1차,2003,10500,2009,7,22,84.9763,7,산월동,882-1,12330,,,
부영1차,2003,10500,2009,7,22,84.9763,5,산월동,882-1,12330,,,
부영1차,2003,10500,2009,7,22,84.9763,3,산월동,882-1,12330,,,
부영1차,2003,10500,2009,7,22,84.9763,12,산월동,882-1,12330,,,
부영1차,2003,10500,2009,7,22,84.9763,11,산월동,882-1,12330,,,
부영1차,2003,10500,2009,7,22,84.9763,9,산월동,882-1,12330,,,
부영1차,2003,10500,2009,7,22,84.9763,4,산월동,882-1,12330,,,
부영1차,2003,10500,2009,7,22,84.9763,12,산월동,882-1,12330,,,
부영1차,2003,10500,2009,7,22,84.9763,3,산월동,882-1,12330,,,
부영1차,2003,10500,2009,7,22,84.9763,14,산월동,882-1,12330,,,
부영1차,2003,10500,2009,7,22,84.9763,12,산월동,882-1,12330,,,
부영1차,2003,10500,2009,7,22,84.9763,10,산월동,882-1,12330,,,
부영1차,2003,10500,2009,7,22,84.9763,9,산월동,882-1,12330,,,
부영1차,2003,10500,2009,7,22,84.9763,6,산월동,882-1,12330,,,
부영1차,2003,10500,2009,7,22,84.9763,4,산월동,882-1,12330,,,
부영1차,2003,10500,2009,7,22,84.9763,4,산월동,882-1,12330,,,
부영1차,2003,10500,2009,7,22,84.9763,13,산월동,882-1,12330,,,
부영1차,2003,10500,2009,7,22,84.9763,12,산월동,882-1,12330,,,
부영1차,2003,10500,2009,7,22,84.9763,11,산월동,882-1,12330,,,
부영1차,2003,10500,2009,7,22,84.9763,10,산월동,882-1,12330,,,
부영1차,2003,10500,2009,7,22,84.9763,10,산월동,882-1,12330,,,
부영1차,2003,10500,2009,7,22,84.9763,4,산월동,882-1,12330,,,
부영1차,2003,10500,2009,7,22,84.9763,13,산월동,882-1,12330,,,
부영1차,2003,10500,2009,7,22,84.9763,13,산월동,882-1,12330,,,
부영1차,2003,10500,2009,7,22,84.9763,12,산월동,882-1,12330,,,
부영1차,2003,10500,2009,7,22,84.9763,5,산월동,882-1,12330,,,
부영1차,2003,10500,2009,7,22,84.9763,13,산월동,882-1,12330,,,
부영1차,2003,10500,2009,7,22,84.9763,13,산월동,882-1,12330,,,
부영1차,2003,10500,2009,7,22,84.9763,12,산월동,882-1,12330,,,
부영1차,2003,10500,2009,7,22,84.9763,12,산월동,882-1,12330,,,
부영1차,2003,10500,2009,7,22,84.9763,11,산월동,882-1,12330,,,
부영1차,2003,10500,2009,7,22,84.9763,9,산월동,882-1,12330,,,
부영1차,2003,10500,2009,7,22,84.9763,8,산월동,882-1,12330,,,
부영1차,2003,10500,2009,7,22,84.9763,7,산월동,882-1,12330,,,
부영1차,2003,10500,2009,7,22,84.9763,7,산월동,882-1,12330,,,
부영1차,2003,10500,2009,7,22,84.9763,7,산월동,882-1,12330,,,
부영1차,2003,10395,2009,7,22,84.9763,2,산월동,882-1,12330,,,
부영1차,2003,10500,2009,7,22,84.9763,12,산월동,882-1,12330,,,
부영1차,2003,10500,2009,7,22,84.9763,4,산월동,882-1,12330,,,
부영1차,2003,10500,2009,7,22,84.9763,13,산월동,882-1,12330,,,
부영1차,2003,10500,2009,7,22,84.9763,8,산월동,882-1,12330,,,
부영1차,2003,10500,2009,7,22,84.9763,11,산월동,882-1,12330,,,
부영1차,2003,10395,2009,7,22,84.9763,2,산월동,882-1,12330,,,
부영1차,2003,10500,2009,7,22,84.9763,12,산월동,882-1,12330,,,
부영1차,2003,10500,2009,7,22,84.9763,11,산월동,882-1,12330,,,
부영1차,2003,10500,2009,7,22,84.9763,11,산월동,882-1,12330,,,
부영1차,2003,10500,2009,7,22,84.9763,9,산월동,882-1,12330,,,
부영1차,2003,10500,2009,7,22,84.9763,9,산월동,882-1,12330,,,
부영1차,2003,10500,2009,7,22,84.9763,9,산월동,882-1,12330,,,
부영1차,2003,10500,2009,7,22,84.9763,7,산월동,882-1,12330,,,
부영1차,2003,10500,2009,7,22,84.9763,10,산월동,882-1,12330,,,
부영1차,2003,10500,2009,7,22,84.9763,8,산월동,882-1,12330,,,
부영1차,2003,10395,2009,7,22,84.9763,2,산월동,882-1,12330,,,
부영1차,2003,10500,2009,7,22,84.9763,10,산월동,882-1,12330,,,
부영1차,2003,10500,2009,7,22,84.9763,6,산월동,882-1,12330,,,
부영1차,2003,10500,2009,7,22,84.9763,5,산월동,882-1,12330,,,
삼성,1996,8500,2009,7,22,84.92,11,운남동,387-22,12330,,,
새한포유,2008,18000,2009,7,22,84.9401,3,장덕동,1689,12330,,,
수동리안아파트,2002,7500,2009,7,22,59.96,8,신가동,1019-1,12330,,,
수동리안아파트,2002,7600,2009,7,22,59.81,2,신가동,1019-1,12330,,,
수완GS자이,2008,33460,2009,7,22,121.5193,21,장덕동,1116,12330,,,
수완GS자이,2008,33460,2009,7,22,121.5193,19,장덕동,1116,12330,,,
수완GS자이,2008,33460,2009,7,22,121.5193,8,장덕동,1116,12330,,,
신안실크밸리,2009,16090,2009,7,22,84.9612,13,장덕동,1110,12330,,,
운남주공4단지,1996,5500,2009,7,22,59.76,11,운남동,771-1,12330,,,
운남주공4단지,1996,4200,2009,7,22,37.67,11,운남동,771-1,12330,,,
운남주공4단지,1996,5550,2009,7,22,58.14,9,운남동,771-1,12330,,,
운남주공5단지,1997,8700,2009,7,22,84.77,7,운남동,769-1,12330,,,
운남주공7단지,2001,8330,2009,7,22,59.29,9,운남동,794-3,12330,,,
운남주공7단지,2001,7500,2009,7,22,59.29,12,운남동,794-3,12330,,,
코오롱하늘채,2008,26290,2009,7,22,103.71,7,수완동,913,12330,,,
한성2차,1991,4850,2009,7,22,59.04,5,월곡동,614-2,12330,,,
한양수자인,2009,18816,2009,7,22,84.6075,8,신가동,1055,12330,,,
현진에버빌1단지,2009,29775,2009,7,22,116.27,5,수완동,933,12330,,,
현진에버빌2단지,2009,19400,2009,7,22,84.9649,7,장덕동,1593,12330,,,
호반,1998,6550,2009,7,22,59.88,10,비아동,152-5,12330,,,
호반리젠시빌1,2003,11600,2009,7,22,84.3979,3,산월동,885-2,12330,,,
대방노블랜드,2009,19113,2009,7,23,84.9366,21,신가동,1304,12330,,,
대방노블랜드,2009,19113,2009,7,23,84.9366,7,신가동,1304,12330,,,
대방노블랜드,2009,9634,2009,7,23,84.9366,17,신가동,1304,12330,,,
대방노블랜드,2009,9634,2009,7,23,84.9366,16,신가동,1304,12330,,,
대방노블랜드,2009,9634,2009,7,23,84.9366,17,신가동,1304,12330,,,
대방노블랜드,2009,9030,2009,7,23,84.9366,2,신가동,1304,12330,,,
대방노블랜드,2009,9634,2009,7,23,84.9366,17,신가동,1304,12330,,,
대방노블랜드,2009,9634,2009,7,23,84.9366,7,신가동,1304,12330,,,
대방노블랜드,2009,9634,2009,7,23,84.9366,11,신가동,1304,12330,,,
대방노블랜드,2009,9634,2009,7,23,84.9366,14,신가동,1304,12330,,,
대방노블랜드,2009,9634,2009,7,23,84.9366,15,신가동,1304,12330,,,
대방노블랜드,2009,9634,2009,7,23,84.9366,16,신가동,1304,12330,,,
대방노블랜드,2009,9634,2009,7,23,84.9366,11,신가동,1304,12330,,,
대방노블랜드,2009,9634,2009,7,23,84.9366,13,신가동,1304,12330,,,
대방노블랜드,2009,9634,2009,7,23,84.9366,9,신가동,1304,12330,,,
대방노블랜드,2009,9634,2009,7,23,84.9366,15,신가동,1304,12330,,,
대방노블랜드,2009,9382,2009,7,23,84.9366,4,신가동,1304,12330,,,
대방노블랜드,2009,9634,2009,7,23,84.9366,7,신가동,1304,12330,,,
대주피오레1차,2000,9600,2009,7,23,84.98,8,도산동,790,12330,,,
대주피오레1차,2000,8631,2009,7,23,84.98,2,도산동,790,12330,,,
부영1차,2003,10500,2009,7,23,84.9763,7,산월동,882-1,12330,,,
부영1차,2003,10500,2009,7,23,84.9763,14,산월동,882-1,12330,,,
부영1차,2003,10500,2009,7,23,84.9763,3,산월동,882-1,12330,,,
부영1차,2003,10500,2009,7,23,84.9763,9,산월동,882-1,12330,,,
부영1차,2003,10500,2009,7,23,84.9763,8,산월동,882-1,12330,,,
부영1차,2003,10500,2009,7,23,84.9763,12,산월동,882-1,12330,,,
부영1차,2003,10500,2009,7,23,84.9763,8,산월동,882-1,12330,,,
부영1차,2003,10500,2009,7,23,84.9763,5,산월동,882-1,12330,,,
부영1차,2003,10500,2009,7,23,84.9763,12,산월동,882-1,12330,,,
부영1차,2003,10500,2009,7,23,84.9763,9,산월동,882-1,12330,,,
부영1차,2003,10500,2009,7,23,84.9763,6,산월동,882-1,12330,,,
부영1차,2003,10500,2009,7,23,84.9763,5,산월동,882-1,12330,,,
부영1차,2003,10500,2009,7,23,84.9763,4,산월동,882-1,12330,,,
부영1차,2003,10500,2009,7,23,84.9763,13,산월동,882-1,12330,,,
부영1차,2003,10500,2009,7,23,84.9763,11,산월동,882-1,12330,,,
부영1차,2003,10500,2009,7,23,84.9763,9,산월동,882-1,12330,,,
부영1차,2003,10500,2009,7,23,84.9763,9,산월동,882-1,12330,,,
부영1차,2003,10500,2009,7,23,84.9763,8,산월동,882-1,12330,,,
부영1차,2003,10500,2009,7,23,84.9763,4,산월동,882-1,12330,,,
부영1차,2003,10395,2009,7,23,84.9763,2,산월동,882-1,12330,,,
부영1차,2003,10290,2009,7,23,84.9763,1,산월동,882-1,12330,,,
부영1차,2003,10500,2009,7,23,84.9763,13,산월동,882-1,12330,,,
부영1차,2003,10500,2009,7,23,84.9763,8,산월동,882-1,12330,,,
부영1차,2003,10500,2009,7,23,84.9763,8,산월동,882-1,12330,,,
부영1차,2003,10500,2009,7,23,84.9763,8,산월동,882-1,12330,,,
부영1차,2003,10290,2009,7,23,84.9763,1,산월동,882-1,12330,,,
부영1차,2003,10500,2009,7,23,84.9763,13,산월동,882-1,12330,,,
부영1차,2003,10500,2009,7,23,84.9763,11,산월동,882-1,12330,,,
부영1차,2003,10500,2009,7,23,84.9763,10,산월동,882-1,12330,,,
부영1차,2003,10500,2009,7,23,84.9763,9,산월동,882-1,12330,,,
부영1차,2003,10500,2009,7,23,84.9763,7,산월동,882-1,12330,,,
부영1차,2003,10500,2009,7,23,84.9763,3,산월동,882-1,12330,,,
부영1차,2003,10395,2009,7,23,84.9763,2,산월동,882-1,12330,,,
부영1차,2003,10500,2009,7,23,84.9763,10,산월동,882-1,12330,,,
부영1차,2003,10500,2009,7,23,84.9763,9,산월동,882-1,12330,,,
부영1차,2003,10500,2009,7,23,84.9763,7,산월동,882-1,12330,,,
부영1차,2003,10500,2009,7,23,84.9763,4,산월동,882-1,12330,,,
부영1차,2003,10500,2009,7,23,84.9763,3,산월동,882-1,12330,,,
부영1차,2003,10500,2009,7,23,84.9763,11,산월동,882-1,12330,,,
부영1차,2003,10500,2009,7,23,84.9763,10,산월동,882-1,12330,,,
부영1차,2003,10500,2009,7,23,84.9763,6,산월동,882-1,12330,,,
부영1차,2003,10500,2009,7,23,84.9763,4,산월동,882-1,12330,,,
부영1차,2003,10395,2009,7,23,84.9763,2,산월동,882-1,12330,,,
부영1차,2003,10500,2009,7,23,84.9763,13,산월동,882-1,12330,,,
부영1차,2003,10500,2009,7,23,84.9763,11,산월동,882-1,12330,,,
부영1차,2003,10500,2009,7,23,84.9763,10,산월동,882-1,12330,,,
부영1차,2003,10500,2009,7,23,84.9763,9,산월동,882-1,12330,,,
부영1차,2003,10500,2009,7,23,84.9763,3,산월동,882-1,12330,,,
부영1차,2003,10500,2009,7,23,84.9763,12,산월동,882-1,12330,,,
부영1차,2003,10500,2009,7,23,84.9763,12,산월동,882-1,12330,,,
부영1차,2003,10500,2009,7,23,84.9763,11,산월동,882-1,12330,,,
부영1차,2003,10500,2009,7,23,84.9763,9,산월동,882-1,12330,,,
부영1차,2003,10500,2009,7,23,84.9763,7,산월동,882-1,12330,,,
부영1차,2003,10500,2009,7,23,84.9763,7,산월동,882-1,12330,,,
부영1차,2003,10500,2009,7,23,84.9763,6,산월동,882-1,12330,,,
부영1차,2003,10500,2009,7,23,84.9763,9,산월동,882-1,12330,,,
부영1차,2003,10500,2009,7,23,84.9763,7,산월동,882-1,12330,,,
부영1차,2003,10500,2009,7,23,84.9763,5,산월동,882-1,12330,,,
부영1차,2003,10500,2009,7,23,84.9763,3,산월동,882-1,12330,,,
부영1차,2003,10500,2009,7,23,84.9763,9,산월동,882-1,12330,,,
부영1차,2003,10500,2009,7,23,84.9763,7,산월동,882-1,12330,,,
부영1차,2003,10500,2009,7,23,84.9763,11,산월동,882-1,12330,,,
부영1차,2003,10500,2009,7,23,84.9763,13,산월동,882-1,12330,,,
부영1차,2003,10500,2009,7,23,84.9763,13,산월동,882-1,12330,,,
부영1차,2003,10500,2009,7,23,84.9763,11,산월동,882-1,12330,,,
부영1차,2003,10500,2009,7,23,84.9763,8,산월동,882-1,12330,,,
부영1차,2003,10500,2009,7,23,84.9763,8,산월동,882-1,12330,,,
부영1차,2003,10500,2009,7,23,84.9763,7,산월동,882-1,12330,,,
부영1차,2003,10500,2009,7,23,84.9763,8,산월동,882-1,12330,,,
부영1차,2003,10500,2009,7,23,84.9763,7,산월동,882-1,12330,,,
부영1차,2003,10500,2009,7,23,84.9763,12,산월동,882-1,12330,,,
부영1차,2003,10500,2009,7,23,84.9763,4,산월동,882-1,12330,,,
부영1차,2003,10500,2009,7,23,84.9763,11,산월동,882-1,12330,,,
부영1차,2003,10500,2009,7,23,84.9763,10,산월동,882-1,12330,,,
부영1차,2003,10500,2009,7,23,84.9763,10,산월동,882-1,12330,,,
부영1차,2003,10500,2009,7,23,84.9763,4,산월동,882-1,12330,,,
부영1차,2003,10500,2009,7,23,84.9763,11,산월동,882-1,12330,,,
부영1차,2003,10500,2009,7,23,84.9763,14,산월동,882-1,12330,,,
부영1차,2003,10500,2009,7,23,84.9763,11,산월동,882-1,12330,,,
부영1차,2003,10500,2009,7,23,84.9763,7,산월동,882-1,12330,,,
부영1차,2003,10500,2009,7,23,84.9763,4,산월동,882-1,12330,,,
부영1차,2003,10500,2009,7,23,84.9763,9,산월동,882-1,12330,,,
부영1차,2003,10500,2009,7,23,84.9763,13,산월동,882-1,12330,,,
삼성,1996,8000,2009,7,23,84.92,7,운남동,387-22,12330,,,
새한포유,2008,21265,2009,7,23,84.9401,7,장덕동,1689,12330,,,
송정주공,1982,4230,2009,7,23,40.32,1,우산동,1079-3,12330,,,
신안실크밸리,2009,18090,2009,7,23,84.9612,9,장덕동,1110,12330,,,
신창5차호반베르디움,2005,13900,2009,7,23,84.6799,1,신창동,1111,12330,,,
운남주공10단지,2003,9800,2009,7,23,84.03,4,월곡동,685-1,12330,,,
운남주공10단지,2003,9026,2009,7,23,84.03,12,월곡동,685-1,12330,,,
운남주공8단지,2000,8285,2009,7,23,59.41,3,운남동,781-1,12330,,,
운남주공9단지,2003,10920,2009,7,23,75.99,10,월곡동,681-1,12330,,,
첨단대우,1997,18300,2009,7,23,133.82,12,월계동,755-2,12330,,,
코오롱하늘채,2008,37630,2009,7,23,152.24,1,수완동,913,12330,,,
호반리젠시빌2,2003,12000,2009,7,23,84.3979,3,산월동,884-1,12330,,,
호반리젠시빌4,2003,10660,2009,7,23,83.7154,6,산월동,883-1,12330,,,
EG스위트밸리3차,2004,13500,2009,7,24,84.439,9,소촌동,232-6,12330,,,
금호,1996,10300,2009,7,24,92.39,8,월계동,756-5,12330,,,
대방노블랜드,2009,19113,2009,7,24,84.9366,11,신가동,1304,12330,,,
동산아파트,1991,4800,2009,7,24,59.61,5,우산동,1572-5,12330,,,
보경해피드림,2006,8900,2009,7,24,84.9546,5,도산동,56-5,12330,,,
부영1차,2003,10500,2009,7,24,84.9763,10,산월동,882-1,12330,,,
부영1차,2003,10500,2009,7,24,84.9763,5,산월동,882-1,12330,,,
부영1차,2003,10500,2009,7,24,84.9763,7,산월동,882-1,12330,,,
부영1차,2003,10500,2009,7,24,84.9763,5,산월동,882-1,12330,,,
부영1차,2003,10500,2009,7,24,84.9763,12,산월동,882-1,12330,,,
부영1차,2003,10500,2009,7,24,84.9763,5,산월동,882-1,12330,,,
부영1차,2003,10500,2009,7,24,84.9763,11,산월동,882-1,12330,,,
부영1차,2003,10500,2009,7,24,84.9763,5,산월동,882-1,12330,,,
부영1차,2003,10500,2009,7,24,84.9763,11,산월동,882-1,12330,,,
부영1차,2003,10500,2009,7,24,84.9763,12,산월동,882-1,12330,,,
부영1차,2003,10500,2009,7,24,84.9763,4,산월동,882-1,12330,,,
부영1차,2003,10500,2009,7,24,84.9763,14,산월동,882-1,12330,,,
부영1차,2003,10500,2009,7,24,84.9763,11,산월동,882-1,12330,,,
부영1차,2003,10500,2009,7,24,84.9763,8,산월동,882-1,12330,,,
부영1차,2003,10500,2009,7,24,84.9763,7,산월동,882-1,12330,,,
부영1차,2003,10500,2009,7,24,84.9763,6,산월동,882-1,12330,,,
부영1차,2003,10500,2009,7,24,84.9763,4,산월동,882-1,12330,,,
부영1차,2003,10500,2009,7,24,84.9763,12,산월동,882-1,12330,,,
부영1차,2003,10500,2009,7,24,84.9763,11,산월동,882-1,12330,,,
부영1차,2003,10500,2009,7,24,84.9763,5,산월동,882-1,12330,,,
부영1차,2003,10500,2009,7,24,84.9763,4,산월동,882-1,12330,,,
부영1차,2003,10395,2009,7,24,84.9763,2,산월동,882-1,12330,,,
부영1차,2003,10500,2009,7,24,84.9763,11,산월동,882-1,12330,,,
부영1차,2003,10500,2009,7,24,84.9763,7,산월동,882-1,12330,,,
부영1차,2003,10500,2009,7,24,84.9763,5,산월동,882-1,12330,,,
부영1차,2003,10500,2009,7,24,84.9763,13,산월동,882-1,12330,,,
부영1차,2003,10500,2009,7,24,84.9763,10,산월동,882-1,12330,,,
부영1차,2003,10500,2009,7,24,84.9763,3,산월동,882-1,12330,,,
부영1차,2003,10500,2009,7,24,84.9763,11,산월동,882-1,12330,,,
부영1차,2003,10500,2009,7,24,84.9763,10,산월동,882-1,12330,,,
부영1차,2003,10500,2009,7,24,84.9763,4,산월동,882-1,12330,,,
부영1차,2003,10500,2009,7,24,84.9763,4,산월동,882-1,12330,,,
부영1차,2003,10500,2009,7,24,84.9763,3,산월동,882-1,12330,,,
부영1차,2003,10500,2009,7,24,84.9763,14,산월동,882-1,12330,,,
부영1차,2003,10500,2009,7,24,84.9763,9,산월동,882-1,12330,,,
부영1차,2003,10500,2009,7,24,84.9763,3,산월동,882-1,12330,,,
부영1차,2003,10500,2009,7,24,84.9763,14,산월동,882-1,12330,,,
부영1차,2003,10500,2009,7,24,84.9763,13,산월동,882-1,12330,,,
부영1차,2003,10500,2009,7,24,84.9763,12,산월동,882-1,12330,,,
부영1차,2003,10500,2009,7,24,84.9763,8,산월동,882-1,12330,,,
부영1차,2003,10500,2009,7,24,84.9763,4,산월동,882-1,12330,,,
부영1차,2003,10500,2009,7,24,84.9763,3,산월동,882-1,12330,,,
부영1차,2003,10500,2009,7,24,84.9763,8,산월동,882-1,12330,,,
부영1차,2003,10500,2009,7,24,84.9763,5,산월동,882-1,12330,,,
부영1차,2003,10500,2009,7,24,84.9763,4,산월동,882-1,12330,,,
부영1차,2003,10500,2009,7,24,84.9763,10,산월동,882-1,12330,,,
부영1차,2003,10500,2009,7,24,84.9763,10,산월동,882-1,12330,,,
부영1차,2003,10500,2009,7,24,84.9763,7,산월동,882-1,12330,,,
부영1차,2003,10500,2009,7,24,84.9763,6,산월동,882-1,12330,,,
부영1차,2003,10500,2009,7,24,84.9763,4,산월동,882-1,12330,,,
부영1차,2003,10500,2009,7,24,84.9763,7,산월동,882-1,12330,,,
부영1차,2003,10500,2009,7,24,84.9763,4,산월동,882-1,12330,,,
부영1차,2003,10500,2009,7,24,84.9763,3,산월동,882-1,12330,,,
부영1차,2003,10500,2009,7,24,84.9763,11,산월동,882-1,12330,,,
부영1차,2003,10500,2009,7,24,84.9763,10,산월동,882-1,12330,,,
부영1차,2003,10500,2009,7,24,84.9763,6,산월동,882-1,12330,,,
부영1차,2003,10500,2009,7,24,84.9763,6,산월동,882-1,12330,,,
부영1차,2003,10500,2009,7,24,84.9763,5,산월동,882-1,12330,,,
부영1차,2003,10500,2009,7,24,84.9763,3,산월동,882-1,12330,,,
부영1차,2003,10500,2009,7,24,84.9763,3,산월동,882-1,12330,,,
부영1차,2003,10500,2009,7,24,84.9763,5,산월동,882-1,12330,,,
부영1차,2003,10500,2009,7,24,84.9763,5,산월동,882-1,12330,,,
부영1차,2003,10500,2009,7,24,84.9763,10,산월동,882-1,12330,,,
부영1차,2003,10500,2009,7,24,84.9763,9,산월동,882-1,12330,,,
부영1차,2003,10500,2009,7,24,84.9763,7,산월동,882-1,12330,,,
부영1차,2003,10395,2009,7,24,84.9763,2,산월동,882-1,12330,,,
부영1차,2003,10500,2009,7,24,84.9763,12,산월동,882-1,12330,,,
부영1차,2003,10500,2009,7,24,84.9763,10,산월동,882-1,12330,,,
부영1차,2003,10500,2009,7,24,84.9763,7,산월동,882-1,12330,,,
부영1차,2003,10500,2009,7,24,84.9763,8,산월동,882-1,12330,,,
부영1차,2003,10500,2009,7,24,84.9763,7,산월동,882-1,12330,,,
수완GS자이,2008,33460,2009,7,24,121.5193,7,장덕동,1116,12330,,,
수완GS자이,2008,33460,2009,7,24,121.5193,15,장덕동,1116,12330,,,
신창동모아미래도,2000,7000,2009,7,24,59.7,8,신창동,462-2,12330,,,
신한화,1997,6250,2009,7,24,59.88,5,송정동,266,12330,,,
신한화,1997,5500,2009,7,24,59.88,13,송정동,266,12330,,,
양우내안애,2008,16900,2009,7,24,84.9423,6,장덕동,1109,12330,,,
운남주공10단지,2003,11450,2009,7,24,84.86,4,월곡동,685-1,12330,,,
제일파크맨션,1992,5500,2009,7,24,78.38,15,우산동,1572-1,12330,,,
제일파크맨션,1992,6450,2009,7,24,75.18,6,우산동,1572-1,12330,,,
진흥더루벤스,2009,9890,2009,7,24,84.967,13,장덕동,1306,12330,,,
진흥더루벤스,2009,9890,2009,7,24,84.967,6,장덕동,1306,12330,,,
진흥더루벤스,2009,9890,2009,7,24,84.967,7,장덕동,1306,12330,,,
첨단금광,1997,8000,2009,7,24,92.115,15,월계동,757-7,12330,,,
첨단대우,1997,13000,2009,7,24,99.9,7,월계동,755-2,12330,,,
첨단라인1,1995,6900,2009,7,24,59.99,2,월계동,765-2,12330,,,
코오롱하늘채,2008,31950,2009,7,24,123.38,7,수완동,913,12330,,,
코오롱하늘채,2008,26290,2009,7,24,103.71,8,수완동,913,12330,,,
현진에버빌1단지,2009,46465,2009,7,24,169.94,4,수완동,933,12330,,,
호반리젠시빌3,2003,9900,2009,7,24,72.504,14,산월동,884-2,12330,,,
호반리젠시빌4,2003,12600,2009,7,24,83.7154,14,산월동,883-1,12330,,,
금호타운,1991,7875,2009,7,25,84.72,10,월곡동,613-1,12330,,,
대방노블랜드,2009,19113,2009,7,25,84.9366,12,신가동,1304,12330,,,
대방노블랜드,2009,19113,2009,7,25,84.9366,9,신가동,1304,12330,,,
대방노블랜드,2009,19113,2009,7,25,84.9366,22,신가동,1304,12330,,,
보경해피드림,2006,8500,2009,7,25,84.9546,1,도산동,56-5,12330,,,
부영1차,2003,10500,2009,7,25,84.9763,8,산월동,882-1,12330,,,
부영1차,2003,10500,2009,7,25,84.9763,11,산월동,882-1,12330,,,
부영1차,2003,10500,2009,7,25,84.9763,9,산월동,882-1,12330,,,
부영1차,2003,10500,2009,7,25,84.9763,7,산월동,882-1,12330,,,
부영1차,2003,10500,2009,7,25,84.9763,10,산월동,882-1,12330,,,
부영1차,2003,10500,2009,7,25,84.9763,8,산월동,882-1,12330,,,
부영1차,2003,10500,2009,7,25,84.9763,9,산월동,882-1,12330,,,
부영1차,2003,10500,2009,7,25,84.9763,13,산월동,882-1,12330,,,
부영1차,2003,10500,2009,7,25,84.9763,12,산월동,882-1,12330,,,
부영1차,2003,10500,2009,7,25,84.9763,9,산월동,882-1,12330,,,
부영1차,2003,10500,2009,7,25,84.9763,4,산월동,882-1,12330,,,
부영1차,2003,10500,2009,7,25,84.9763,10,산월동,882-1,12330,,,
부영1차,2003,10500,2009,7,25,84.9763,8,산월동,882-1,12330,,,
부영1차,2003,10500,2009,7,25,84.9763,7,산월동,882-1,12330,,,
부영1차,2003,10500,2009,7,25,84.9763,6,산월동,882-1,12330,,,
부영1차,2003,10500,2009,7,25,84.9763,10,산월동,882-1,12330,,,
부영1차,2003,10500,2009,7,25,84.9763,7,산월동,882-1,12330,,,
부영1차,2003,10500,2009,7,25,84.9763,6,산월동,882-1,12330,,,
부영1차,2003,10500,2009,7,25,84.9763,6,산월동,882-1,12330,,,
부영1차,2003,10500,2009,7,25,84.9763,9,산월동,882-1,12330,,,
부영1차,2003,10500,2009,7,25,84.9763,10,산월동,882-1,12330,,,
부영1차,2003,10500,2009,7,25,84.9763,8,산월동,882-1,12330,,,
부영1차,2003,10500,2009,7,25,84.9763,10,산월동,882-1,12330,,,
부영1차,2003,10500,2009,7,25,84.9763,8,산월동,882-1,12330,,,
부영1차,2003,10500,2009,7,25,84.9763,7,산월동,882-1,12330,,,
부영1차,2003,10500,2009,7,25,84.9763,5,산월동,882-1,12330,,,
부영1차,2003,10500,2009,7,25,84.9763,12,산월동,882-1,12330,,,
부영1차,2003,10500,2009,7,25,84.9763,12,산월동,882-1,12330,,,
부영1차,2003,10500,2009,7,25,84.9763,5,산월동,882-1,12330,,,
부영1차,2003,10500,2009,7,25,84.9763,9,산월동,882-1,12330,,,
성원,1997,14500,2009,7,25,114.08,9,월계동,755-4,12330,,,
신안실크밸리,2009,18090,2009,7,25,84.9612,5,장덕동,1110,12330,,,
운남주공10단지,2003,8600,2009,7,25,75.99,7,월곡동,685-1,12330,,,
운남주공3단지,1996,5450,2009,7,25,59.76,11,운남동,777-1,12330,,,
운남주공5단지,1997,8400,2009,7,25,84.77,11,운남동,769-1,12330,,,
운남주공8단지,2000,8000,2009,7,25,59.41,10,운남동,781-1,12330,,,
운남주공9단지,2003,12200,2009,7,25,84.03,12,월곡동,681-1,12330,,,
제일파크맨션,1992,6150,2009,7,25,78.38,3,우산동,1572-1,12330,,,
중흥S클래스1단지,2009,19430,2009,7,25,84.6347,5,신가동,1306,12330,,,
첨단대우,1997,12800,2009,7,25,99.9,8,월계동,755-2,12330,,,
풍영리버빌(신가부영),2001,11150,2009,7,25,84.9873,12,신창동,1108-1,12330,,,
한성1차,1988,3800,2009,7,25,49.32,2,월곡동,614-1,12330,,,
현진에버빌1단지,2009,29775,2009,7,25,116.27,3,수완동,933,12330,,,
호반리젠시빌2,2003,12550,2009,7,25,84.3979,14,산월동,884-1,12330,,,
대방노블랜드,2009,19113,2009,7,26,84.9366,16,신가동,1304,12330,,,
대방노블랜드,2009,19113,2009,7,26,84.9366,23,신가동,1304,12330,,,
대방노블랜드,2009,19113,2009,7,26,84.9366,13,신가동,1304,12330,,,
부영1차,2003,10500,2009,7,26,84.9763,6,산월동,882-1,12330,,,
부영1차,2003,10500,2009,7,26,84.9763,10,산월동,882-1,12330,,,
부영1차,2003,10500,2009,7,26,84.9763,10,산월동,882-1,12330,,,
부영1차,2003,10500,2009,7,26,84.9763,3,산월동,882-1,12330,,,
부영1차,2003,10500,2009,7,26,84.9763,11,산월동,882-1,12330,,,
부영1차,2003,10290,2009,7,26,84.9763,1,산월동,882-1,12330,,,
부영1차,2003,10500,2009,7,26,84.9763,13,산월동,882-1,12330,,,
부영1차,2003,10500,2009,7,26,84.9763,3,산월동,882-1,12330,,,
부영1차,2003,10500,2009,7,26,84.9763,11,산월동,882-1,12330,,,
부영1차,2003,10500,2009,7,26,84.9763,12,산월동,882-1,12330,,,
부영1차,2003,10500,2009,7,26,84.9763,11,산월동,882-1,12330,,,
부영1차,2003,10290,2009,7,26,84.9763,1,산월동,882-1,12330,,,
부영1차,2003,10500,2009,7,26,84.9763,9,산월동,882-1,12330,,,
부영1차,2003,10500,2009,7,26,84.9763,4,산월동,882-1,12330,,,
부영1차,2003,10500,2009,7,26,84.9763,6,산월동,882-1,12330,,,
부영1차,2003,10500,2009,7,26,84.9763,8,산월동,882-1,12330,,,
부영1차,2003,10500,2009,7,26,84.9763,4,산월동,882-1,12330,,,
부영1차,2003,10500,2009,7,26,84.9763,8,산월동,882-1,12330,,,
부영1차,2003,10500,2009,7,26,84.9763,11,산월동,882-1,12330,,,
부영1차,2003,10500,2009,7,26,84.9763,9,산월동,882-1,12330,,,
부영1차,2003,10500,2009,7,26,84.9763,6,산월동,882-1,12330,,,
부영1차,2003,10395,2009,7,26,84.9763,2,산월동,882-1,12330,,,
부영1차,2003,10500,2009,7,26,84.9763,9,산월동,882-1,12330,,,
부영1차,2003,10500,2009,7,26,84.9763,3,산월동,882-1,12330,,,
운남주공10단지,2003,7000,2009,7,26,59.92,8,월곡동,685-1,12330,,,
운남주공10단지,2003,8650,2009,7,26,59.77,4,월곡동,685-1,12330,,,
운남주공10단지,2003,8550,2009,7,26,59.92,16,월곡동,685-1,12330,,,
운남주공3단지,1996,5300,2009,7,26,59.76,2,운남동,777-1,12330,,,
운남주공4단지,1996,5750,2009,7,26,59.76,11,운남동,771-1,12330,,,
운남주공6단지,2001,11750,2009,7,26,84.28,6,운남동,782-1,12330,,,
한양수자인,2009,18816,2009,7,26,84.6075,5,신가동,1055,12330,,,
현진에버빌1단지,2009,39865,2009,7,26,169.94,5,수완동,933,12330,,,
대방노블랜드,2009,19113,2009,7,27,84.9366,7,신가동,1304,12330,,,
대방노블랜드,2009,19113,2009,7,27,84.9366,20,신가동,1304,12330,,,
모아엘가,2009,19800,2009,7,27,84.9331,15,수완동,1486,12330,,,
부영1차,2003,10500,2009,7,27,84.9763,11,산월동,882-1,12330,,,
부영1차,2003,10500,2009,7,27,84.9763,7,산월동,882-1,12330,,,
부영1차,2003,10500,2009,7,27,84.9763,9,산월동,882-1,12330,,,
부영1차,2003,10500,2009,7,27,84.9763,11,산월동,882-1,12330,,,
부영1차,2003,10500,2009,7,27,84.9763,12,산월동,882-1,12330,,,
부영1차,2003,10500,2009,7,27,84.9763,8,산월동,882-1,12330,,,
부영1차,2003,10500,2009,7,27,84.9763,3,산월동,882-1,12330,,,
부영1차,2003,10500,2009,7,27,84.9763,3,산월동,882-1,12330,,,
부영1차,2003,10500,2009,7,27,84.9763,12,산월동,882-1,12330,,,
부영1차,2003,10395,2009,7,27,84.9763,2,산월동,882-1,12330,,,
부영1차,2003,10395,2009,7,27,84.9763,2,산월동,882-1,12330,,,
부영1차,2003,10500,2009,7,27,84.9763,7,산월동,882-1,12330,,,
부영1차,2003,10500,2009,7,27,84.9763,9,산월동,882-1,12330,,,
부영1차,2003,10500,2009,7,27,84.9763,6,산월동,882-1,12330,,,
부영1차,2003,10500,2009,7,27,84.9763,8,산월동,882-1,12330,,,
부영1차,2003,10500,2009,7,27,84.9763,8,산월동,882-1,12330,,,
부영1차,2003,10500,2009,7,27,84.9763,9,산월동,882-1,12330,,,
부영1차,2003,10500,2009,7,27,84.9763,14,산월동,882-1,12330,,,
부영1차,2003,10500,2009,7,27,84.9763,13,산월동,882-1,12330,,,
부영1차,2003,10500,2009,7,27,84.9763,12,산월동,882-1,12330,,,
부영1차,2003,10500,2009,7,27,84.9763,10,산월동,882-1,12330,,,
부영1차,2003,10500,2009,7,27,84.9763,10,산월동,882-1,12330,,,
부영1차,2003,10500,2009,7,27,84.9763,7,산월동,882-1,12330,,,
부영1차,2003,10500,2009,7,27,84.9763,7,산월동,882-1,12330,,,
부영1차,2003,10500,2009,7,27,84.9763,4,산월동,882-1,12330,,,
부영1차,2003,10500,2009,7,27,84.9763,3,산월동,882-1,12330,,,
부영1차,2003,10500,2009,7,27,84.9763,3,산월동,882-1,12330,,,
부영1차,2003,10290,2009,7,27,84.9763,1,산월동,882-1,12330,,,
부영1차,2003,10500,2009,7,27,84.9763,14,산월동,882-1,12330,,,
부영1차,2003,10500,2009,7,27,84.9763,13,산월동,882-1,12330,,,
부영1차,2003,10500,2009,7,27,84.9763,13,산월동,882-1,12330,,,
부영1차,2003,10500,2009,7,27,84.9763,7,산월동,882-1,12330,,,
부영1차,2003,10500,2009,7,27,84.9763,4,산월동,882-1,12330,,,
부영1차,2003,10500,2009,7,27,84.9763,3,산월동,882-1,12330,,,
부영1차,2003,10500,2009,7,27,84.9763,14,산월동,882-1,12330,,,
부영1차,2003,10500,2009,7,27,84.9763,10,산월동,882-1,12330,,,
부영1차,2003,10500,2009,7,27,84.9763,9,산월동,882-1,12330,,,
부영1차,2003,10500,2009,7,27,84.9763,6,산월동,882-1,12330,,,
부영1차,2003,10500,2009,7,27,84.9763,5,산월동,882-1,12330,,,
부영1차,2003,10500,2009,7,27,84.9763,3,산월동,882-1,12330,,,
부영1차,2003,10500,2009,7,27,84.9763,13,산월동,882-1,12330,,,
부영1차,2003,10500,2009,7,27,84.9763,12,산월동,882-1,12330,,,
부영1차,2003,10500,2009,7,27,84.9763,12,산월동,882-1,12330,,,
부영1차,2003,10500,2009,7,27,84.9763,7,산월동,882-1,12330,,,
부영1차,2003,10500,2009,7,27,84.9763,5,산월동,882-1,12330,,,
부영1차,2003,10290,2009,7,27,84.9763,1,산월동,882-1,12330,,,
부영1차,2003,10500,2009,7,27,84.9763,14,산월동,882-1,12330,,,
부영1차,2003,10500,2009,7,27,84.9763,11,산월동,882-1,12330,,,
부영1차,2003,10500,2009,7,27,84.9763,9,산월동,882-1,12330,,,
부영1차,2003,10500,2009,7,27,84.9763,6,산월동,882-1,12330,,,
부영1차,2003,10500,2009,7,27,84.9763,6,산월동,882-1,12330,,,
부영1차,2003,10500,2009,7,27,84.9763,11,산월동,882-1,12330,,,
부영1차,2003,10500,2009,7,27,84.9763,10,산월동,882-1,12330,,,
부영1차,2003,10500,2009,7,27,84.9763,7,산월동,882-1,12330,,,
부영1차,2003,10500,2009,7,27,84.9763,6,산월동,882-1,12330,,,
부영1차,2003,10500,2009,7,27,84.9763,5,산월동,882-1,12330,,,
부영1차,2003,10500,2009,7,27,84.9763,5,산월동,882-1,12330,,,
부영1차,2003,10500,2009,7,27,84.9763,14,산월동,882-1,12330,,,
부영1차,2003,10500,2009,7,27,84.9763,13,산월동,882-1,12330,,,
부영1차,2003,10500,2009,7,27,84.9763,13,산월동,882-1,12330,,,
부영1차,2003,10500,2009,7,27,84.9763,7,산월동,882-1,12330,,,
부영1차,2003,10500,2009,7,27,84.9763,6,산월동,882-1,12330,,,
부영1차,2003,10500,2009,7,27,84.9763,10,산월동,882-1,12330,,,
부영1차,2003,10500,2009,7,27,84.9763,9,산월동,882-1,12330,,,
부영1차,2003,10500,2009,7,27,84.9763,6,산월동,882-1,12330,,,
부영1차,2003,10500,2009,7,27,84.9763,3,산월동,882-1,12330,,,
부영1차,2003,10500,2009,7,27,84.9763,11,산월동,882-1,12330,,,
부영1차,2003,10500,2009,7,27,84.9763,10,산월동,882-1,12330,,,
부영1차,2003,10500,2009,7,27,84.9763,6,산월동,882-1,12330,,,
부영1차,2003,10500,2009,7,27,84.9763,3,산월동,882-1,12330,,,
부영1차,2003,10500,2009,7,27,84.9763,11,산월동,882-1,12330,,,
부영1차,2003,10500,2009,7,27,84.9763,10,산월동,882-1,12330,,,
부영1차,2003,10500,2009,7,27,84.9763,9,산월동,882-1,12330,,,
부영1차,2003,10500,2009,7,27,84.9763,9,산월동,882-1,12330,,,
부영1차,2003,10500,2009,7,27,84.9763,9,산월동,882-1,12330,,,
부영1차,2003,10500,2009,7,27,84.9763,7,산월동,882-1,12330,,,
부영1차,2003,10500,2009,7,27,84.9763,5,산월동,882-1,12330,,,
부영1차,2003,10500,2009,7,27,84.9763,4,산월동,882-1,12330,,,
부영1차,2003,10395,2009,7,27,84.9763,2,산월동,882-1,12330,,,
부영1차,2003,10395,2009,7,27,84.9763,2,산월동,882-1,12330,,,
부영1차,2003,10500,2009,7,27,84.9763,12,산월동,882-1,12330,,,
부영1차,2003,10500,2009,7,27,84.9763,11,산월동,882-1,12330,,,
부영1차,2003,10500,2009,7,27,84.9763,9,산월동,882-1,12330,,,
부영1차,2003,10500,2009,7,27,84.9763,6,산월동,882-1,12330,,,
부영1차,2003,10500,2009,7,27,84.9763,4,산월동,882-1,12330,,,
부영1차,2003,10185,2009,7,27,84.9763,3,산월동,882-1,12330,,,
부영1차,2003,10500,2009,7,27,84.9763,11,산월동,882-1,12330,,,
부영1차,2003,10500,2009,7,27,84.9763,4,산월동,882-1,12330,,,
부영1차,2003,10500,2009,7,27,84.9763,11,산월동,882-1,12330,,,
부영1차,2003,10500,2009,7,27,84.9763,10,산월동,882-1,12330,,,
부영1차,2003,10500,2009,7,27,84.9763,8,산월동,882-1,12330,,,
부영1차,2003,10500,2009,7,27,84.9763,5,산월동,882-1,12330,,,
부영1차,2003,10500,2009,7,27,84.9763,11,산월동,882-1,12330,,,
부영1차,2003,10500,2009,7,27,84.9763,9,산월동,882-1,12330,,,
부영1차,2003,10500,2009,7,27,84.9763,7,산월동,882-1,12330,,,
부영1차,2003,10500,2009,7,27,84.9763,5,산월동,882-1,12330,,,
부영1차,2003,10500,2009,7,27,84.9763,5,산월동,882-1,12330,,,
부영1차,2003,10500,2009,7,27,84.9763,4,산월동,882-1,12330,,,
부영1차,2003,10500,2009,7,27,84.9763,4,산월동,882-1,12330,,,
부영1차,2003,10395,2009,7,27,84.9763,2,산월동,882-1,12330,,,
수완GS자이,2008,33380,2009,7,27,147.815,17,장덕동,1116,12330,,,
수완GS자이,2008,33460,2009,7,27,121.5193,17,장덕동,1116,12330,,,
수완GS자이,2008,39270,2009,7,27,147.815,13,장덕동,1116,12330,,,
수완GS자이,2008,35030,2009,7,27,129.4802,9,장덕동,1116,12330,,,
수완GS자이,2008,33460,2009,7,27,121.5193,16,장덕동,1116,12330,,,
신안실크밸리,2009,18090,2009,7,27,84.9612,11,장덕동,1110,12330,,,
신안실크밸리,2009,15490,2009,7,27,84.9129,3,장덕동,1110,12330,,,
신안실크밸리,2009,9207,2009,7,27,84.9129,19,장덕동,1110,12330,,,
신안실크밸리,2009,9207,2009,7,27,84.9129,16,장덕동,1110,12330,,,
신안실크밸리,2009,9207,2009,7,27,84.9129,9,장덕동,1110,12330,,,
신안실크밸리,2009,9192,2009,7,27,84.9612,10,장덕동,1110,12330,,,
신안실크밸리,2009,9207,2009,7,27,84.9129,14,장덕동,1110,12330,,,
신안실크밸리,2009,8191,2009,7,27,84.9129,1,장덕동,1110,12330,,,
신안실크밸리,2009,9192,2009,7,27,84.9612,20,장덕동,1110,12330,,,
신안실크밸리,2009,9207,2009,7,27,84.9129,19,장덕동,1110,12330,,,
신안실크밸리,2009,9192,2009,7,27,84.9612,6,장덕동,1110,12330,,,
양우내안애,2008,16900,2009,7,27,84.9423,4,장덕동,1109,12330,,,
온세계아이조움,2004,12000,2009,7,27,84.5844,4,송정동,223,12330,,,
운남주공10단지,2003,11500,2009,7,27,84.82,14,월곡동,685-1,12330,,,
운남주공3단지,1996,5500,2009,7,27,59.76,13,운남동,777-1,12330,,,
운남주공8단지,2000,8200,2009,7,27,59.41,13,운남동,781-1,12330,,,
중흥S클래스1단지,2009,21640,2009,7,27,84.6347,15,신가동,1306,12330,,,
중흥에스-클래스2단지,2008,19370,2009,7,27,84.9684,10,흑석동,518,12330,,,
첨단두산1차,1996,6180,2009,7,27,59.857,4,월계동,764-4,12330,,,
첨단라인5,1997,9600,2009,7,27,84.99,11,월계동,756-6,12330,,,
첨단라인7,1997,7350,2009,7,27,84.83,4,월계동,761-5,12330,,,
코오롱하늘채,2008,32010,2009,7,27,128.79,5,수완동,913,12330,,,
코오롱하늘채,2008,32010,2009,7,27,128.79,3,수완동,913,12330,,,
코오롱하늘채,2008,25790,2009,7,27,103.71,8,수완동,913,12330,,,
풍영리버빌(신가부영),2001,10500,2009,7,27,84.9873,5,신창동,1108-1,12330,,,
하남주공(2단지),1991,3400,2009,7,27,38.64,7,우산동,1571-1,12330,,,
해광샹그릴라,2005,11600,2009,7,27,84.9106,7,신창동,855-9,12330,,,
현진에버빌1단지,2009,28600,2009,7,27,116.27,4,수완동,933,12330,,,
현진에버빌2단지,2009,23910,2009,7,27,84.9644,19,장덕동,1593,12330,,,
호반리젠시빌4,2003,10880,2009,7,27,83.7154,14,산월동,883-1,12330,,,
대방노블랜드,2009,19113,2009,7,28,84.9366,21,신가동,1304,12330,,,
대방노블랜드,2009,19113,2009,7,28,84.9366,11,신가동,1304,12330,,,
부영1차,2003,10500,2009,7,28,84.9763,5,산월동,882-1,12330,,,
부영1차,2003,10500,2009,7,28,84.9763,5,산월동,882-1,12330,,,
부영1차,2003,10500,2009,7,28,84.9763,13,산월동,882-1,12330,,,
부영1차,2003,10500,2009,7,28,84.9763,12,산월동,882-1,12330,,,
부영1차,2003,10500,2009,7,28,84.9763,13,산월동,882-1,12330,,,
부영1차,2003,10500,2009,7,28,84.9763,11,산월동,882-1,12330,,,
부영1차,2003,10500,2009,7,28,84.9763,7,산월동,882-1,12330,,,
부영1차,2003,10395,2009,7,28,84.9763,2,산월동,882-1,12330,,,
부영1차,2003,10500,2009,7,28,84.9763,14,산월동,882-1,12330,,,
부영1차,2003,10500,2009,7,28,84.9763,11,산월동,882-1,12330,,,
부영1차,2003,10500,2009,7,28,84.9763,9,산월동,882-1,12330,,,
부영1차,2003,10500,2009,7,28,84.9763,8,산월동,882-1,12330,,,
부영1차,2003,10500,2009,7,28,84.9763,8,산월동,882-1,12330,,,
부영1차,2003,10500,2009,7,28,84.9763,6,산월동,882-1,12330,,,
부영1차,2003,10500,2009,7,28,84.9763,6,산월동,882-1,12330,,,
부영1차,2003,10500,2009,7,28,84.9763,7,산월동,882-1,12330,,,
부영1차,2003,10500,2009,7,28,84.9763,3,산월동,882-1,12330,,,
부영1차,2003,10500,2009,7,28,84.9763,13,산월동,882-1,12330,,,
부영1차,2003,10500,2009,7,28,84.9763,13,산월동,882-1,12330,,,
부영1차,2003,10500,2009,7,28,84.9763,10,산월동,882-1,12330,,,
부영1차,2003,10500,2009,7,28,84.9763,4,산월동,882-1,12330,,,
부영1차,2003,10500,2009,7,28,84.9763,13,산월동,882-1,12330,,,
부영1차,2003,10500,2009,7,28,84.9763,12,산월동,882-1,12330,,,
부영1차,2003,10500,2009,7,28,84.9763,11,산월동,882-1,12330,,,
부영1차,2003,10500,2009,7,28,84.9763,3,산월동,882-1,12330,,,
부영1차,2003,10500,2009,7,28,84.9763,11,산월동,882-1,12330,,,
부영1차,2003,10290,2009,7,28,84.9763,1,산월동,882-1,12330,,,
부영1차,2003,10500,2009,7,28,84.9763,7,산월동,882-1,12330,,,
부영1차,2003,10500,2009,7,28,84.9763,9,산월동,882-1,12330,,,
부영1차,2003,10500,2009,7,28,84.9763,9,산월동,882-1,12330,,,
부영1차,2003,10500,2009,7,28,84.9763,8,산월동,882-1,12330,,,
부영1차,2003,10500,2009,7,28,84.9763,7,산월동,882-1,12330,,,
부영1차,2003,10500,2009,7,28,84.9763,5,산월동,882-1,12330,,,
부영1차,2003,10500,2009,7,28,84.9763,8,산월동,882-1,12330,,,
부영1차,2003,10500,2009,7,28,84.9763,4,산월동,882-1,12330,,,
부영1차,2003,10500,2009,7,28,84.9763,11,산월동,882-1,12330,,,
부영1차,2003,10500,2009,7,28,84.9763,9,산월동,882-1,12330,,,
부영1차,2003,10500,2009,7,28,84.9763,10,산월동,882-1,12330,,,
부영1차,2003,10500,2009,7,28,84.9763,8,산월동,882-1,12330,,,
부영1차,2003,10500,2009,7,28,84.9763,7,산월동,882-1,12330,,,
부영1차,2003,10500,2009,7,28,84.9763,7,산월동,882-1,12330,,,
부영1차,2003,10500,2009,7,28,84.9763,7,산월동,882-1,12330,,,
부영1차,2003,10500,2009,7,28,84.9763,12,산월동,882-1,12330,,,
부영1차,2003,10500,2009,7,28,84.9763,4,산월동,882-1,12330,,,
부영1차,2003,10500,2009,7,28,84.9763,3,산월동,882-1,12330,,,
부영1차,2003,10500,2009,7,28,84.9763,11,산월동,882-1,12330,,,
부영1차,2003,10500,2009,7,28,84.9763,9,산월동,882-1,12330,,,
부영1차,2003,10500,2009,7,28,84.9763,9,산월동,882-1,12330,,,
부영1차,2003,10500,2009,7,28,84.9763,4,산월동,882-1,12330,,,
부영1차,2003,10500,2009,7,28,84.9763,3,산월동,882-1,12330,,,
부영1차,2003,10290,2009,7,28,84.9763,1,산월동,882-1,12330,,,
부영1차,2003,10500,2009,7,28,84.9763,5,산월동,882-1,12330,,,
부영1차,2003,10500,2009,7,28,84.9763,12,산월동,882-1,12330,,,
부영1차,2003,10500,2009,7,28,84.9763,5,산월동,882-1,12330,,,
부영1차,2003,10395,2009,7,28,84.9763,2,산월동,882-1,12330,,,
부영1차,2003,10500,2009,7,28,84.9763,13,산월동,882-1,12330,,,
부영1차,2003,10500,2009,7,28,84.9763,6,산월동,882-1,12330,,,
부영1차,2003,10500,2009,7,28,84.9763,9,산월동,882-1,12330,,,
부영1차,2003,10500,2009,7,28,84.9763,5,산월동,882-1,12330,,,
부영1차,2003,10500,2009,7,28,84.9763,9,산월동,882-1,12330,,,
부영1차,2003,10500,2009,7,28,84.9763,11,산월동,882-1,12330,,,
부영1차,2003,10500,2009,7,28,84.9763,6,산월동,882-1,12330,,,
부영1차,2003,10500,2009,7,28,84.9763,4,산월동,882-1,12330,,,
부영1차,2003,10500,2009,7,28,84.9763,4,산월동,882-1,12330,,,
부영1차,2003,10500,2009,7,28,84.9763,4,산월동,882-1,12330,,,
부영1차,2003,10500,2009,7,28,84.9763,3,산월동,882-1,12330,,,
부영1차,2003,10500,2009,7,28,84.9763,12,산월동,882-1,12330,,,
부영1차,2003,10500,2009,7,28,84.9763,8,산월동,882-1,12330,,,
부영1차,2003,10500,2009,7,28,84.9763,7,산월동,882-1,12330,,,
부영1차,2003,10395,2009,7,28,84.9763,2,산월동,882-1,12330,,,
부영1차,2003,10500,2009,7,28,84.9763,11,산월동,882-1,12330,,,
서라,1995,5950,2009,7,28,59.93,1,월계동,764-2,12330,,,
서라,1997,5650,2009,7,28,59.31,10,도산동,1281-5,12330,,,
서라1,1995,5750,2009,7,28,59.965,10,소촌동,610,12330,,,
신동아,1996,14100,2009,7,28,116.186,4,월계동,756-2,12330,,,
신안실크밸리,2009,18120,2009,7,28,84.9129,17,장덕동,1110,12330,,,
양우내안애,2008,8649,2009,7,28,84.9423,13,장덕동,1109,12330,,,
양우내안애,2008,8649,2009,7,28,84.9423,17,장덕동,1109,12330,,,
양우내안애,2008,8649,2009,7,28,84.9423,22,장덕동,1109,12330,,,
운남주공10단지,2003,6800,2009,7,28,59.77,14,월곡동,685-1,12330,,,
운남주공5단지,1997,8950,2009,7,28,84.77,17,운남동,769-1,12330,,,
운남주공5단지,1997,8400,2009,7,28,84.8,17,운남동,769-1,12330,,,
운남주공5단지,1997,8000,2009,7,28,84.77,3,운남동,769-1,12330,,,
운남주공8단지,2000,7600,2009,7,28,59.42,18,운남동,781-1,12330,,,
운남주공9단지,2003,10500,2009,7,28,75.99,11,월곡동,681-1,12330,,,
일신,1992,7000,2009,7,28,72.475,8,월곡동,538-1,12330,,,
중흥S클래스1단지,2009,19830,2009,7,28,84.4012,20,신가동,1306,12330,,,
첨단남양파크,1996,7000,2009,7,28,59.92,3,월계동,765-6,12330,,,
첨단라인1,1995,6800,2009,7,28,60,3,월계동,765-2,12330,,,
첨단우미2,1997,7950,2009,7,28,78.54,4,월계동,761-4,12330,,,
코오롱하늘채,2008,26290,2009,7,28,103.71,6,수완동,913,12330,,,
코오롱하늘채,2008,13140,2009,7,28,103.71,4,수완동,913,12330,,,
코오롱하늘채,2008,13140,2009,7,28,103.71,5,수완동,913,12330,,,
코오롱하늘채,2008,13473,2009,7,28,103.71,6,수완동,913,12330,,,
코오롱하늘채,2008,13473,2009,7,28,103.71,7,수완동,913,12330,,,
코오롱하늘채,2008,13473,2009,7,28,103.71,7,수완동,913,12330,,,
코오롱하늘채,2008,13473,2009,7,28,103.71,7,수완동,913,12330,,,
코오롱하늘채,2008,13473,2009,7,28,103.71,7,수완동,913,12330,,,
코오롱하늘채,2008,13473,2009,7,28,103.71,8,수완동,913,12330,,,
코오롱하늘채,2008,13473,2009,7,28,103.71,9,수완동,913,12330,,,
코오롱하늘채,2008,12873,2009,7,28,105.2,3,수완동,913,12330,,,
코오롱하늘채,2008,13206,2009,7,28,105.2,4,수완동,913,12330,,,
코오롱하늘채,2008,15989,2009,7,28,123.38,5,수완동,913,12330,,,
코오롱하늘채,2008,16373,2009,7,28,123.38,6,수완동,913,12330,,,
코오롱하늘채,2008,16373,2009,7,28,123.38,7,수완동,913,12330,,,
코오롱하늘채,2008,13130,2009,7,28,105.2,3,수완동,913,12330,,,
코오롱하늘채,2008,13463,2009,7,28,105.2,4,수완동,913,12330,,,
코오롱하늘채,2008,15989,2009,7,28,123.38,5,수완동,913,12330,,,
코오롱하늘채,2008,16404,2009,7,28,128.79,5,수완동,913,12330,,,
코오롱하늘채,2008,16373,2009,7,28,123.38,6,수완동,913,12330,,,
코오롱하늘채,2008,16373,2009,7,28,123.38,6,수완동,913,12330,,,
코오롱하늘채,2008,16789,2009,7,28,128.79,6,수완동,913,12330,,,
코오롱하늘채,2008,16373,2009,7,28,123.38,7,수완동,913,12330,,,
코오롱하늘채,2008,16373,2009,7,28,123.38,7,수완동,913,12330,,,
코오롱하늘채,2008,16789,2009,7,28,128.79,7,수완동,913,12330,,,
코오롱하늘채,2008,12822,2009,7,28,103.71,1,수완동,913,12330,,,
코오롱하늘채,2008,13181,2009,7,28,103.71,3,수완동,913,12330,,,
코오롱하늘채,2008,13140,2009,7,28,103.71,4,수완동,913,12330,,,
코오롱하늘채,2008,13140,2009,7,28,103.71,5,수완동,913,12330,,,
코오롱하늘채,2008,13140,2009,7,28,103.71,5,수완동,913,12330,,,
코오롱하늘채,2008,13140,2009,7,28,103.71,5,수완동,913,12330,,,
코오롱하늘채,2008,13140,2009,7,28,103.71,5,수완동,913,12330,,,
코오롱하늘채,2008,13473,2009,7,28,103.71,6,수완동,913,12330,,,
코오롱하늘채,2008,13473,2009,7,28,103.71,6,수완동,913,12330,,,
코오롱하늘채,2008,13473,2009,7,28,103.71,6,수완동,913,12330,,,
코오롱하늘채,2008,13473,2009,7,28,103.71,7,수완동,913,12330,,,
코오롱하늘채,2008,13473,2009,7,28,103.71,7,수완동,913,12330,,,
코오롱하늘채,2008,13473,2009,7,28,103.71,7,수완동,913,12330,,,
코오롱하늘채,2008,13473,2009,7,28,103.71,7,수완동,913,12330,,,
코오롱하늘채,2008,13473,2009,7,28,103.71,8,수완동,913,12330,,,
코오롱하늘채,2008,13473,2009,7,28,103.71,8,수완동,913,12330,,,
코오롱하늘채,2008,13473,2009,7,28,103.71,9,수완동,913,12330,,,
코오롱하늘채,2008,13473,2009,7,28,103.71,9,수완동,913,12330,,,
코오롱하늘채,2008,13473,2009,7,28,103.71,9,수완동,913,12330,,,
코오롱하늘채,2008,13473,2009,7,28,103.71,9,수완동,913,12330,,,
코오롱하늘채,2008,13181,2009,7,28,103.71,3,수완동,913,12330,,,
코오롱하늘채,2008,13181,2009,7,28,103.71,3,수완동,913,12330,,,
코오롱하늘채,2008,13140,2009,7,28,103.71,4,수완동,913,12330,,,
코오롱하늘채,2008,13140,2009,7,28,103.71,4,수완동,913,12330,,,
코오롱하늘채,2008,13140,2009,7,28,103.71,4,수완동,913,12330,,,
코오롱하늘채,2008,13140,2009,7,28,103.71,4,수완동,913,12330,,,
코오롱하늘채,2008,13140,2009,7,28,103.71,5,수완동,913,12330,,,
코오롱하늘채,2008,16373,2009,7,28,123.38,7,수완동,913,12330,,,
코오롱하늘채,2008,15989,2009,7,28,123.38,5,수완동,913,12330,,,
코오롱하늘채,2008,15989,2009,7,28,123.38,5,수완동,913,12330,,,
코오롱하늘채,2008,16789,2009,7,28,128.79,7,수완동,913,12330,,,
코오롱하늘채,2008,16373,2009,7,28,123.38,8,수완동,913,12330,,,
코오롱하늘채,2008,16789,2009,7,28,128.79,11,수완동,913,12330,,,
코오롱하늘채,2008,16789,2009,7,28,128.79,13,수완동,913,12330,,,
코오롱하늘채,2008,19284,2009,7,28,152.24,1,수완동,913,12330,,,
코오롱하늘채,2008,19797,2009,7,28,152.24,2,수완동,913,12330,,,
코오롱하늘채,2008,19797,2009,7,28,152.24,2,수완동,913,12330,,,
코오롱하늘채,2008,13473,2009,7,28,103.71,6,수완동,913,12330,,,
코오롱하늘채,2008,12884,2009,7,28,103.71,5,수완동,913,12330,,,
코오롱하늘채,2008,13217,2009,7,28,103.71,6,수완동,913,12330,,,
코오롱하늘채,2008,13217,2009,7,28,103.71,6,수완동,913,12330,,,
코오롱하늘채,2008,13217,2009,7,28,103.71,6,수완동,913,12330,,,
코오롱하늘채,2008,13217,2009,7,28,103.71,7,수완동,913,12330,,,
한양수자인,2009,18158,2009,7,28,84.6075,4,신가동,1055,12330,,,
해광샹그릴라,2005,13300,2009,7,28,84.9106,11,신창동,855-9,12330,,,
해광샹그릴라,2005,13490,2009,7,28,84.9106,3,신창동,855-9,12330,,,
호반리젠시빌1,2003,10240,2009,7,28,84.3979,7,산월동,885-2,12330,,,
호반리젠시빌1,2003,10110,2009,7,28,84.3979,3,산월동,885-2,12330,,,
호반리젠시빌1,2003,10380,2009,7,28,84.3979,12,산월동,885-2,12330,,,
호반리젠시빌1,2003,10380,2009,7,28,84.3979,14,산월동,885-2,12330,,,
호반리젠시빌1,2003,10210,2009,7,28,84.3979,5,산월동,885-2,12330,,,
호반리젠시빌1,2003,10290,2009,7,28,84.3979,7,산월동,885-2,12330,,,
호반리젠시빌1,2003,10280,2009,7,28,84.3979,15,산월동,885-2,12330,,,
호반리젠시빌1,2003,10330,2009,7,28,84.3979,14,산월동,885-2,12330,,,
호반리젠시빌1,2003,10380,2009,7,28,84.3979,14,산월동,885-2,12330,,,
호반리젠시빌1,2003,10380,2009,7,28,84.3979,13,산월동,885-2,12330,,,
호반리젠시빌1,2003,10380,2009,7,28,84.3979,12,산월동,885-2,12330,,,
호반리젠시빌1,2003,10330,2009,7,28,84.3979,11,산월동,885-2,12330,,,
호반리젠시빌1,2003,10380,2009,7,28,84.3979,11,산월동,885-2,12330,,,
호반리젠시빌1,2003,10330,2009,7,28,84.3979,10,산월동,885-2,12330,,,
호반리젠시빌1,2003,10380,2009,7,28,84.3979,10,산월동,885-2,12330,,,
호반리젠시빌1,2003,10330,2009,7,28,84.3979,10,산월동,885-2,12330,,,
호반리젠시빌1,2003,10380,2009,7,28,84.3979,9,산월동,885-2,12330,,,
호반리젠시빌1,2003,10330,2009,7,28,84.3979,8,산월동,885-2,12330,,,
호반리젠시빌1,2003,10380,2009,7,28,84.3979,8,산월동,885-2,12330,,,
호반리젠시빌1,2003,10380,2009,7,28,84.3979,8,산월동,885-2,12330,,,
호반리젠시빌1,2003,10330,2009,7,28,84.3979,8,산월동,885-2,12330,,,
호반리젠시빌1,2003,10210,2009,7,28,84.3979,6,산월동,885-2,12330,,,
호반리젠시빌1,2003,10160,2009,7,28,84.3979,6,산월동,885-2,12330,,,
호반리젠시빌1,2003,10210,2009,7,28,84.3979,5,산월동,885-2,12330,,,
호반리젠시빌1,2003,10210,2009,7,28,84.3979,5,산월동,885-2,12330,,,
호반리젠시빌1,2003,10210,2009,7,28,84.3979,5,산월동,885-2,12330,,,
호반리젠시빌1,2003,10160,2009,7,28,84.3979,4,산월동,885-2,12330,,,
호반리젠시빌1,2003,10210,2009,7,28,84.3979,4,산월동,885-2,12330,,,
호반리젠시빌1,2003,10060,2009,7,28,84.3979,3,산월동,885-2,12330,,,
호반리젠시빌1,2003,10230,2009,7,28,84.3979,15,산월동,885-2,12330,,,
호반리젠시빌1,2003,10110,2009,7,28,84.3979,3,산월동,885-2,12330,,,
호반리젠시빌1,2003,10280,2009,7,28,84.3979,15,산월동,885-2,12330,,,
호반리젠시빌1,2003,10110,2009,7,28,84.3979,3,산월동,885-2,12330,,,
호반리젠시빌1,2003,10330,2009,7,28,84.3979,14,산월동,885-2,12330,,,
호반리젠시빌1,2003,10330,2009,7,28,84.3979,13,산월동,885-2,12330,,,
호반리젠시빌1,2003,9990,2009,7,28,84.3979,2,산월동,885-2,12330,,,
호반리젠시빌1,2003,10380,2009,7,28,84.3979,13,산월동,885-2,12330,,,
호반리젠시빌1,2003,10330,2009,7,28,84.3979,12,산월동,885-2,12330,,,
호반리젠시빌1,2003,9990,2009,7,28,84.3979,2,산월동,885-2,12330,,,
호반리젠시빌1,2003,10380,2009,7,28,84.3979,12,산월동,885-2,12330,,,
호반리젠시빌1,2003,9990,2009,7,28,84.3979,2,산월동,885-2,12330,,,
호반리젠시빌1,2003,10380,2009,7,28,84.3979,12,산월동,885-2,12330,,,
호반리젠시빌1,2003,10280,2009,7,28,84.3979,14,산월동,885-2,12330,,,
호반리젠시빌1,2003,10330,2009,7,28,84.3979,11,산월동,885-2,12330,,,
호반리젠시빌1,2003,10280,2009,7,28,84.3979,14,산월동,885-2,12330,,,
호반리젠시빌1,2003,10380,2009,7,28,84.3979,11,산월동,885-2,12330,,,
호반리젠시빌1,2003,10380,2009,7,28,84.3979,11,산월동,885-2,12330,,,
호반리젠시빌1,2003,10230,2009,7,28,84.3979,14,산월동,885-2,12330,,,
호반리젠시빌1,2003,10380,2009,7,28,84.3979,10,산월동,885-2,12330,,,
호반리젠시빌1,2003,10330,2009,7,28,84.3979,13,산월동,885-2,12330,,,
호반리젠시빌1,2003,10330,2009,7,28,84.3979,9,산월동,885-2,12330,,,
호반리젠시빌1,2003,10380,2009,7,28,84.3979,13,산월동,885-2,12330,,,
호반리젠시빌1,2003,10380,2009,7,28,84.3979,9,산월동,885-2,12330,,,
호반리젠시빌1,2003,10380,2009,7,28,84.3979,13,산월동,885-2,12330,,,
호반리젠시빌1,2003,10380,2009,7,28,84.3979,9,산월동,885-2,12330,,,
호반리젠시빌1,2003,10380,2009,7,28,84.3979,13,산월동,885-2,12330,,,
호반리젠시빌1,2003,10330,2009,7,28,84.3979,9,산월동,885-2,12330,,,
호반리젠시빌1,2003,10330,2009,7,28,84.3979,13,산월동,885-2,12330,,,
호반리젠시빌1,2003,10380,2009,7,28,84.3979,8,산월동,885-2,12330,,,
호반리젠시빌1,2003,10330,2009,7,28,84.3979,12,산월동,885-2,12330,,,
호반리젠시빌1,2003,10380,2009,7,28,84.3979,8,산월동,885-2,12330,,,
호반리젠시빌1,2003,10380,2009,7,28,84.3979,8,산월동,885-2,12330,,,
호반리젠시빌1,2003,10380,2009,7,28,84.3979,12,산월동,885-2,12330,,,
호반리젠시빌1,2003,10290,2009,7,28,84.3979,7,산월동,885-2,12330,,,
호반리젠시빌1,2003,10290,2009,7,28,84.3979,7,산월동,885-2,12330,,,
호반리젠시빌1,2003,10380,2009,7,28,84.3979,12,산월동,885-2,12330,,,
호반리젠시빌1,2003,10290,2009,7,28,84.3979,7,산월동,885-2,12330,,,
호반리젠시빌1,2003,10290,2009,7,28,84.3979,7,산월동,885-2,12330,,,
호반리젠시빌1,2003,10380,2009,7,28,84.3979,11,산월동,885-2,12330,,,
호반리젠시빌1,2003,10160,2009,7,28,84.3979,6,산월동,885-2,12330,,,
호반리젠시빌1,2003,10380,2009,7,28,84.3979,11,산월동,885-2,12330,,,
호반리젠시빌1,2003,10210,2009,7,28,84.3979,6,산월동,885-2,12330,,,
호반리젠시빌1,2003,10330,2009,7,28,84.3979,10,산월동,885-2,12330,,,
호반리젠시빌1,2003,10160,2009,7,28,84.3979,5,산월동,885-2,12330,,,
호반리젠시빌1,2003,10330,2009,7,28,84.3979,9,산월동,885-2,12330,,,
호반리젠시빌1,2003,10210,2009,7,28,84.3979,5,산월동,885-2,12330,,,
호반리젠시빌1,2003,10160,2009,7,28,84.3979,4,산월동,885-2,12330,,,
호반리젠시빌1,2003,10380,2009,7,28,84.3979,9,산월동,885-2,12330,,,
호반리젠시빌1,2003,10210,2009,7,28,84.3979,4,산월동,885-2,12330,,,
호반리젠시빌1,2003,10210,2009,7,28,84.3979,4,산월동,885-2,12330,,,
호반리젠시빌1,2003,10380,2009,7,28,84.3979,8,산월동,885-2,12330,,,
호반리젠시빌1,2003,10210,2009,7,28,84.3979,4,산월동,885-2,12330,,,
호반리젠시빌1,2003,10240,2009,7,28,84.3979,7,산월동,885-2,12330,,,
호반리젠시빌1,2003,10160,2009,7,28,84.3979,4,산월동,885-2,12330,,,
호반리젠시빌1,2003,10290,2009,7,28,84.3979,7,산월동,885-2,12330,,,
호반리젠시빌1,2003,10240,2009,7,28,84.3979,7,산월동,885-2,12330,,,
호반리젠시빌1,2003,10110,2009,7,28,84.3979,3,산월동,885-2,12330,,,
호반리젠시빌1,2003,10210,2009,7,28,84.3979,6,산월동,885-2,12330,,,
호반리젠시빌1,2003,10210,2009,7,28,84.3979,6,산월동,885-2,12330,,,
호반리젠시빌1,2003,10110,2009,7,28,84.3979,3,산월동,885-2,12330,,,
호반리젠시빌1,2003,9990,2009,7,28,84.3979,2,산월동,885-2,12330,,,
호반리젠시빌1,2003,9990,2009,7,28,84.3979,2,산월동,885-2,12330,,,
호반리젠시빌1,2003,9990,2009,7,28,84.3979,2,산월동,885-2,12330,,,
호반리젠시빌1,2003,10160,2009,7,28,84.3979,5,산월동,885-2,12330,,,
호반리젠시빌1,2003,10210,2009,7,28,84.3979,5,산월동,885-2,12330,,,
호반리젠시빌1,2003,10210,2009,7,28,84.3979,5,산월동,885-2,12330,,,
호반리젠시빌1,2003,10280,2009,7,28,84.3979,15,산월동,885-2,12330,,,
호반리젠시빌1,2003,10210,2009,7,28,84.3979,5,산월동,885-2,12330,,,
호반리젠시빌1,2003,10230,2009,7,28,84.3979,15,산월동,885-2,12330,,,
호반리젠시빌1,2003,10160,2009,7,28,84.3979,5,산월동,885-2,12330,,,
호반리젠시빌1,2003,10280,2009,7,28,84.3979,14,산월동,885-2,12330,,,
호반리젠시빌1,2003,10330,2009,7,28,84.3979,13,산월동,885-2,12330,,,
호반리젠시빌1,2003,10210,2009,7,28,84.3979,4,산월동,885-2,12330,,,
호반리젠시빌1,2003,10380,2009,7,28,84.3979,13,산월동,885-2,12330,,,
호반리젠시빌1,2003,10210,2009,7,28,84.3979,4,산월동,885-2,12330,,,
호반리젠시빌1,2003,10380,2009,7,28,84.3979,12,산월동,885-2,12330,,,
호반리젠시빌1,2003,10160,2009,7,28,84.3979,4,산월동,885-2,12330,,,
호반리젠시빌1,2003,10380,2009,7,28,84.3979,11,산월동,885-2,12330,,,
호반리젠시빌1,2003,10380,2009,7,28,84.3979,11,산월동,885-2,12330,,,
호반리젠시빌1,2003,10060,2009,7,28,84.3979,3,산월동,885-2,12330,,,
호반리젠시빌1,2003,10380,2009,7,28,84.3979,10,산월동,885-2,12330,,,
호반리젠시빌1,2003,10330,2009,7,28,84.3979,9,산월동,885-2,12330,,,
호반리젠시빌1,2003,10110,2009,7,28,84.3979,3,산월동,885-2,12330,,,
호반리젠시빌1,2003,10380,2009,7,28,84.3979,9,산월동,885-2,12330,,,
호반리젠시빌1,2003,10110,2009,7,28,84.3979,3,산월동,885-2,12330,,,
호반리젠시빌1,2003,10380,2009,7,28,84.3979,9,산월동,885-2,12330,,,
호반리젠시빌1,2003,9940,2009,7,28,84.3979,2,산월동,885-2,12330,,,
호반리젠시빌1,2003,9990,2009,7,28,84.3979,2,산월동,885-2,12330,,,
호반리젠시빌1,2003,9990,2009,7,28,84.3979,2,산월동,885-2,12330,,,
호반리젠시빌1,2003,10330,2009,7,28,84.3979,8,산월동,885-2,12330,,,
호반리젠시빌1,2003,9990,2009,7,28,84.3979,2,산월동,885-2,12330,,,
호반리젠시빌1,2003,10380,2009,7,28,84.3979,8,산월동,885-2,12330,,,
호반리젠시빌1,2003,10380,2009,7,28,84.3979,8,산월동,885-2,12330,,,
호반리젠시빌1,2003,9840,2009,7,28,84.3979,1,산월동,885-2,12330,,,
호반리젠시빌1,2003,10330,2009,7,28,84.3979,8,산월동,885-2,12330,,,
호반리젠시빌1,2003,10240,2009,7,28,84.3979,7,산월동,885-2,12330,,,
호반리젠시빌1,2003,10290,2009,7,28,84.3979,7,산월동,885-2,12330,,,
호반리젠시빌1,2003,10290,2009,7,28,84.3979,7,산월동,885-2,12330,,,
호반리젠시빌1,2003,10290,2009,7,28,84.3979,7,산월동,885-2,12330,,,
호반리젠시빌1,2003,10240,2009,7,28,84.3979,7,산월동,885-2,12330,,,
호반리젠시빌1,2003,10210,2009,7,28,84.3979,6,산월동,885-2,12330,,,
호반리젠시빌1,2003,10210,2009,7,28,84.3979,6,산월동,885-2,12330,,,
호반리젠시빌1,2003,10210,2009,7,28,84.3979,6,산월동,885-2,12330,,,
호반리젠시빌1,2003,10210,2009,7,28,84.3979,6,산월동,885-2,12330,,,
호반리젠시빌1,2003,10160,2009,7,28,84.3979,6,산월동,885-2,12330,,,
호반리젠시빌1,2003,10210,2009,7,28,84.3979,5,산월동,885-2,12330,,,
호반리젠시빌1,2003,10210,2009,7,28,84.3979,5,산월동,885-2,12330,,,
호반리젠시빌1,2003,10210,2009,7,28,84.3979,4,산월동,885-2,12330,,,
호반리젠시빌1,2003,10210,2009,7,28,84.3979,4,산월동,885-2,12330,,,
호반리젠시빌1,2003,10110,2009,7,28,84.3979,3,산월동,885-2,12330,,,
호반리젠시빌1,2003,10060,2009,7,28,84.3979,3,산월동,885-2,12330,,,
호반리젠시빌1,2003,9990,2009,7,28,84.3979,2,산월동,885-2,12330,,,
호반리젠시빌1,2003,9990,2009,7,28,84.3979,2,산월동,885-2,12330,,,
호반리젠시빌1,2003,9840,2009,7,28,84.3979,1,산월동,885-2,12330,,,
호반리젠시빌1,2003,9890,2009,7,28,84.3979,1,산월동,885-2,12330,,,
호반리젠시빌1,2003,9890,2009,7,28,84.3979,1,산월동,885-2,12330,,,
호반리젠시빌2,2003,9840,2009,7,28,84.3979,1,산월동,884-1,12330,,,
호반리젠시빌2,2003,10330,2009,7,28,84.3979,11,산월동,884-1,12330,,,
호반리젠시빌2,2003,10230,2009,7,28,84.3979,15,산월동,884-1,12330,,,
호반리젠시빌2,2003,10110,2009,7,28,84.3979,3,산월동,884-1,12330,,,
호반리젠시빌2,2003,10400,2009,7,28,84.3979,12,산월동,884-1,12330,,,
호반리젠시빌2,2003,10290,2009,7,28,84.3979,7,산월동,884-1,12330,,,
호반리젠시빌2,2003,10400,2009,7,28,84.3979,13,산월동,884-1,12330,,,
호반리젠시빌2,2003,9940,2009,7,28,84.3979,2,산월동,884-1,12330,,,
호반리젠시빌2,2003,10300,2009,7,28,84.3979,14,산월동,884-1,12330,,,
호반리젠시빌2,2003,10330,2009,7,28,84.3979,14,산월동,884-1,12330,,,
호반리젠시빌2,2003,9890,2009,7,28,84.3979,1,산월동,884-1,12330,,,
호반리젠시빌2,2003,10450,2009,7,28,84.3979,10,산월동,884-1,12330,,,
호반리젠시빌2,2003,10210,2009,7,28,84.3979,5,산월동,884-1,12330,,,
호반리젠시빌2,2003,10060,2009,7,28,84.3979,3,산월동,884-1,12330,,,
호반리젠시빌2,2003,9840,2009,7,28,84.3979,1,산월동,884-1,12330,,,
호반리젠시빌2,2003,10230,2009,7,28,84.3979,15,산월동,884-1,12330,,,
호반리젠시빌2,2003,10380,2009,7,28,84.3979,14,산월동,884-1,12330,,,
호반리젠시빌2,2003,10380,2009,7,28,84.3979,14,산월동,884-1,12330,,,
호반리젠시빌2,2003,10380,2009,7,28,84.3979,13,산월동,884-1,12330,,,
호반리젠시빌2,2003,10330,2009,7,28,84.3979,12,산월동,884-1,12330,,,
호반리젠시빌2,2003,10380,2009,7,28,84.3979,12,산월동,884-1,12330,,,
호반리젠시빌2,2003,10380,2009,7,28,84.3979,12,산월동,884-1,12330,,,
호반리젠시빌2,2003,10380,2009,7,28,84.3979,11,산월동,884-1,12330,,,
호반리젠시빌2,2003,10330,2009,7,28,84.3979,10,산월동,884-1,12330,,,
호반리젠시빌2,2003,10380,2009,7,28,84.3979,10,산월동,884-1,12330,,,
호반리젠시빌2,2003,10380,2009,7,28,84.3979,9,산월동,884-1,12330,,,
호반리젠시빌2,2003,10330,2009,7,28,84.3979,9,산월동,884-1,12330,,,
호반리젠시빌2,2003,10330,2009,7,28,84.3979,8,산월동,884-1,12330,,,
호반리젠시빌2,2003,10380,2009,7,28,84.3979,8,산월동,884-1,12330,,,
호반리젠시빌2,2003,10330,2009,7,28,84.3979,8,산월동,884-1,12330,,,
호반리젠시빌2,2003,10290,2009,7,28,84.3979,7,산월동,884-1,12330,,,
호반리젠시빌2,2003,10290,2009,7,28,84.3979,7,산월동,884-1,12330,,,
호반리젠시빌2,2003,10210,2009,7,28,84.3979,6,산월동,884-1,12330,,,
호반리젠시빌2,2003,10210,2009,7,28,84.3979,6,산월동,884-1,12330,,,
호반리젠시빌2,2003,10160,2009,7,28,84.3979,6,산월동,884-1,12330,,,
호반리젠시빌2,2003,10210,2009,7,28,84.3979,5,산월동,884-1,12330,,,
호반리젠시빌2,2003,10160,2009,7,28,84.3979,5,산월동,884-1,12330,,,
호반리젠시빌2,2003,10160,2009,7,28,84.3979,4,산월동,884-1,12330,,,
호반리젠시빌2,2003,10060,2009,7,28,84.3979,3,산월동,884-1,12330,,,
호반리젠시빌2,2003,10110,2009,7,28,84.3979,3,산월동,884-1,12330,,,
호반리젠시빌2,2003,9890,2009,7,28,84.3979,1,산월동,884-1,12330,,,
호반리젠시빌2,2003,9840,2009,7,28,84.3979,1,산월동,884-1,12330,,,
호반리젠시빌2,2003,10060,2009,7,28,84.3979,3,산월동,884-1,12330,,,
호반리젠시빌2,2003,10280,2009,7,28,84.3979,15,산월동,884-1,12330,,,
호반리젠시빌2,2003,10380,2009,7,28,84.3979,14,산월동,884-1,12330,,,
호반리젠시빌2,2003,10280,2009,7,28,84.3979,15,산월동,884-1,12330,,,
호반리젠시빌2,2003,10380,2009,7,28,84.3979,14,산월동,884-1,12330,,,
호반리젠시빌2,2003,10230,2009,7,28,84.3979,15,산월동,884-1,12330,,,
호반리젠시빌2,2003,10330,2009,7,28,84.3979,14,산월동,884-1,12330,,,
호반리젠시빌2,2003,10330,2009,7,28,84.3979,14,산월동,884-1,12330,,,
호반리젠시빌2,2003,10380,2009,7,28,84.3979,13,산월동,884-1,12330,,,
호반리젠시빌2,2003,10380,2009,7,28,84.3979,12,산월동,884-1,12330,,,
호반리젠시빌2,2003,10380,2009,7,28,84.3979,13,산월동,884-1,12330,,,
호반리젠시빌2,2003,10380,2009,7,28,84.3979,11,산월동,884-1,12330,,,
호반리젠시빌2,2003,10380,2009,7,28,84.3979,13,산월동,884-1,12330,,,
호반리젠시빌2,2003,10380,2009,7,28,84.3979,11,산월동,884-1,12330,,,
호반리젠시빌2,2003,10380,2009,7,28,84.3979,11,산월동,884-1,12330,,,
호반리젠시빌2,2003,10330,2009,7,28,84.3979,12,산월동,884-1,12330,,,
호반리젠시빌2,2003,10380,2009,7,28,84.3979,12,산월동,884-1,12330,,,
호반리젠시빌2,2003,10330,2009,7,28,84.3979,11,산월동,884-1,12330,,,
호반리젠시빌2,2003,10380,2009,7,28,84.3979,10,산월동,884-1,12330,,,
호반리젠시빌2,2003,10330,2009,7,28,84.3979,10,산월동,884-1,12330,,,
호반리젠시빌2,2003,10330,2009,7,28,84.3979,9,산월동,884-1,12330,,,
호반리젠시빌2,2003,10380,2009,7,28,84.3979,10,산월동,884-1,12330,,,
호반리젠시빌2,2003,10330,2009,7,28,84.3979,9,산월동,884-1,12330,,,
호반리젠시빌2,2003,10380,2009,7,28,84.3979,10,산월동,884-1,12330,,,
호반리젠시빌2,2003,10380,2009,7,28,84.3979,8,산월동,884-1,12330,,,
호반리젠시빌2,2003,10210,2009,7,28,84.3979,6,산월동,884-1,12330,,,
호반리젠시빌2,2003,10380,2009,7,28,84.3979,10,산월동,884-1,12330,,,
호반리젠시빌2,2003,10210,2009,7,28,84.3979,6,산월동,884-1,12330,,,
호반리젠시빌2,2003,10330,2009,7,28,84.3979,9,산월동,884-1,12330,,,
호반리젠시빌2,2003,10160,2009,7,28,84.3979,5,산월동,884-1,12330,,,
호반리젠시빌2,2003,10380,2009,7,28,84.3979,9,산월동,884-1,12330,,,
호반리젠시빌2,2003,10160,2009,7,28,84.3979,4,산월동,884-1,12330,,,
호반리젠시빌2,2003,10060,2009,7,28,84.3979,3,산월동,884-1,12330,,,
호반리젠시빌2,2003,10380,2009,7,28,84.3979,9,산월동,884-1,12330,,,
호반리젠시빌2,2003,9940,2009,7,28,84.3979,2,산월동,884-1,12330,,,
호반리젠시빌2,2003,9890,2009,7,28,84.3979,1,산월동,884-1,12330,,,
호반리젠시빌2,2003,10330,2009,7,28,84.3979,9,산월동,884-1,12330,,,
호반리젠시빌2,2003,9890,2009,7,28,84.3979,1,산월동,884-1,12330,,,
호반리젠시빌2,2003,10380,2009,7,28,84.3979,8,산월동,884-1,12330,,,
호반리젠시빌2,2003,10380,2009,7,28,84.3979,8,산월동,884-1,12330,,,
호반리젠시빌2,2003,10380,2009,7,28,84.3979,8,산월동,884-1,12330,,,
호반리젠시빌2,2003,10330,2009,7,28,84.3979,8,산월동,884-1,12330,,,
호반리젠시빌2,2003,10300,2009,7,28,84.3979,14,산월동,884-1,12330,,,
호반리젠시빌2,2003,10240,2009,7,28,84.3979,7,산월동,884-1,12330,,,
호반리젠시빌2,2003,10210,2009,7,28,84.3979,6,산월동,884-1,12330,,,
호반리젠시빌2,2003,10300,2009,7,28,84.3979,14,산월동,884-1,12330,,,
호반리젠시빌2,2003,10400,2009,7,28,84.3979,13,산월동,884-1,12330,,,
호반리젠시빌2,2003,10210,2009,7,28,84.3979,6,산월동,884-1,12330,,,
호반리젠시빌2,2003,10400,2009,7,28,84.3979,13,산월동,884-1,12330,,,
호반리젠시빌2,2003,10450,2009,7,28,84.3979,12,산월동,884-1,12330,,,
호반리젠시빌2,2003,10400,2009,7,28,84.3979,12,산월동,884-1,12330,,,
호반리젠시빌2,2003,10400,2009,7,28,84.3979,11,산월동,884-1,12330,,,
호반리젠시빌2,2003,10280,2009,7,28,84.3979,15,산월동,884-1,12330,,,
호반리젠시빌2,2003,10160,2009,7,28,84.3979,6,산월동,884-1,12330,,,
호반리젠시빌2,2003,10450,2009,7,28,84.3979,11,산월동,884-1,12330,,,
호반리젠시빌2,2003,10210,2009,7,28,84.3979,5,산월동,884-1,12330,,,
호반리젠시빌2,2003,10280,2009,7,28,84.3979,15,산월동,884-1,12330,,,
호반리젠시빌2,2003,10160,2009,7,28,84.3979,5,산월동,884-1,12330,,,
호반리젠시빌2,2003,10400,2009,7,28,84.3979,11,산월동,884-1,12330,,,
호반리젠시빌2,2003,10210,2009,7,28,84.3979,4,산월동,884-1,12330,,,
호반리젠시빌2,2003,10400,2009,7,28,84.3979,10,산월동,884-1,12330,,,
호반리젠시빌2,2003,10280,2009,7,28,84.3979,15,산월동,884-1,12330,,,
호반리젠시빌2,2003,10450,2009,7,28,84.3979,10,산월동,884-1,12330,,,
호반리젠시빌2,2003,10380,2009,7,28,84.3979,14,산월동,884-1,12330,,,
호반리젠시빌2,2003,10400,2009,7,28,84.3979,10,산월동,884-1,12330,,,
호반리젠시빌2,2003,10210,2009,7,28,84.3979,4,산월동,884-1,12330,,,
호반리젠시빌2,2003,10160,2009,7,28,84.3979,4,산월동,884-1,12330,,,
호반리젠시빌2,2003,10400,2009,7,28,84.3979,9,산월동,884-1,12330,,,
호반리젠시빌2,2003,10450,2009,7,28,84.3979,9,산월동,884-1,12330,,,
호반리젠시빌2,2003,10380,2009,7,28,84.3979,14,산월동,884-1,12330,,,
호반리젠시빌2,2003,10110,2009,7,28,84.3979,3,산월동,884-1,12330,,,
호반리젠시빌2,2003,10400,2009,7,28,84.3979,9,산월동,884-1,12330,,,
호반리젠시빌2,2003,10330,2009,7,28,84.3979,13,산월동,884-1,12330,,,
호반리젠시빌2,2003,10110,2009,7,28,84.3979,3,산월동,884-1,12330,,,
호반리젠시빌2,2003,10450,2009,7,28,84.3979,8,산월동,884-1,12330,,,
호반리젠시빌2,2003,10110,2009,7,28,84.3979,3,산월동,884-1,12330,,,
호반리젠시빌2,2003,10380,2009,7,28,84.3979,13,산월동,884-1,12330,,,
호반리젠시빌2,2003,10060,2009,7,28,84.3979,3,산월동,884-1,12330,,,
호반리젠시빌2,2003,10450,2009,7,28,84.3979,8,산월동,884-1,12330,,,
호반리젠시빌2,2003,10380,2009,7,28,84.3979,13,산월동,884-1,12330,,,
호반리젠시빌2,2003,10270,2009,7,28,84.3979,7,산월동,884-1,12330,,,
호반리젠시빌2,2003,9940,2009,7,28,84.3979,2,산월동,884-1,12330,,,
호반리젠시빌2,2003,10320,2009,7,28,84.3979,7,산월동,884-1,12330,,,
호반리젠시빌2,2003,9990,2009,7,28,84.3979,2,산월동,884-1,12330,,,
호반리젠시빌2,2003,10330,2009,7,28,84.3979,13,산월동,884-1,12330,,,
호반리젠시빌2,2003,10270,2009,7,28,84.3979,7,산월동,884-1,12330,,,
호반리젠시빌2,2003,9990,2009,7,28,84.3979,2,산월동,884-1,12330,,,
호반리젠시빌2,2003,10330,2009,7,28,84.3979,12,산월동,884-1,12330,,,
호반리젠시빌2,2003,10210,2009,7,28,84.3979,6,산월동,884-1,12330,,,
호반리젠시빌2,2003,10160,2009,7,28,84.3979,5,산월동,884-1,12330,,,
호반리젠시빌2,2003,10210,2009,7,28,84.3979,5,산월동,884-1,12330,,,
호반리젠시빌2,2003,10380,2009,7,28,84.3979,12,산월동,884-1,12330,,,
호반리젠시빌2,2003,10160,2009,7,28,84.3979,5,산월동,884-1,12330,,,
호반리젠시빌2,2003,9990,2009,7,28,84.3979,2,산월동,884-1,12330,,,
호반리젠시빌2,2003,10330,2009,7,28,84.3979,12,산월동,884-1,12330,,,
호반리젠시빌2,2003,9890,2009,7,28,84.3979,1,산월동,884-1,12330,,,
호반리젠시빌2,2003,10380,2009,7,28,84.3979,11,산월동,884-1,12330,,,
호반리젠시빌2,2003,9840,2009,7,28,84.3979,1,산월동,884-1,12330,,,
호반리젠시빌2,2003,10160,2009,7,28,84.3979,4,산월동,884-1,12330,,,
호반리젠시빌2,2003,10380,2009,7,28,84.3979,11,산월동,884-1,12330,,,
호반리젠시빌2,2003,10160,2009,7,28,84.3979,4,산월동,884-1,12330,,,
호반리젠시빌2,2003,10110,2009,7,28,84.3979,3,산월동,884-1,12330,,,
호반리젠시빌2,2003,10330,2009,7,28,84.3979,11,산월동,884-1,12330,,,
호반리젠시빌2,2003,9990,2009,7,28,84.3979,2,산월동,884-1,12330,,,
호반리젠시빌2,2003,9940,2009,7,28,84.3979,2,산월동,884-1,12330,,,
호반리젠시빌2,2003,9890,2009,7,28,84.3979,1,산월동,884-1,12330,,,
호반리젠시빌2,2003,9890,2009,7,28,84.3979,1,산월동,884-1,12330,,,
호반리젠시빌2,2003,10330,2009,7,28,84.3979,10,산월동,884-1,12330,,,
호반리젠시빌2,2003,10380,2009,7,28,84.3979,10,산월동,884-1,12330,,,
호반리젠시빌2,2003,10350,2009,7,28,84.3979,14,산월동,884-1,12330,,,
호반리젠시빌2,2003,10380,2009,7,28,84.3979,10,산월동,884-1,12330,,,
호반리젠시빌2,2003,10300,2009,7,28,84.3979,14,산월동,884-1,12330,,,
호반리젠시빌2,2003,10380,2009,7,28,84.3979,10,산월동,884-1,12330,,,
호반리젠시빌2,2003,10450,2009,7,28,84.3979,13,산월동,884-1,12330,,,
호반리젠시빌2,2003,10380,2009,7,28,84.3979,9,산월동,884-1,12330,,,
호반리젠시빌2,2003,10450,2009,7,28,84.3979,13,산월동,884-1,12330,,,
호반리젠시빌2,2003,10380,2009,7,28,84.3979,9,산월동,884-1,12330,,,
호반리젠시빌2,2003,10330,2009,7,28,84.3979,9,산월동,884-1,12330,,,
호반리젠시빌2,2003,10450,2009,7,28,84.3979,12,산월동,884-1,12330,,,
호반리젠시빌2,2003,10330,2009,7,28,84.3979,8,산월동,884-1,12330,,,
호반리젠시빌2,2003,10400,2009,7,28,84.3979,10,산월동,884-1,12330,,,
호반리젠시빌2,2003,10380,2009,7,28,84.3979,8,산월동,884-1,12330,,,
호반리젠시빌2,2003,10450,2009,7,28,84.3979,9,산월동,884-1,12330,,,
호반리젠시빌2,2003,10240,2009,7,28,84.3979,7,산월동,884-1,12330,,,
호반리젠시빌2,2003,10250,2009,7,28,84.3979,7,산월동,884-1,12330,,,
호반리젠시빌2,2003,10290,2009,7,28,84.3979,7,산월동,884-1,12330,,,
호반리젠시빌2,2003,10250,2009,7,28,84.3979,7,산월동,884-1,12330,,,
호반리젠시빌2,2003,10210,2009,7,28,84.3979,6,산월동,884-1,12330,,,
호반리젠시빌2,2003,10210,2009,7,28,84.3979,6,산월동,884-1,12330,,,
호반리젠시빌2,2003,10210,2009,7,28,84.3979,6,산월동,884-1,12330,,,
호반리젠시빌2,2003,10160,2009,7,28,84.3979,6,산월동,884-1,12330,,,
호반리젠시빌2,2003,10210,2009,7,28,84.3979,6,산월동,884-1,12330,,,
호반리젠시빌2,2003,10160,2009,7,28,84.3979,4,산월동,884-1,12330,,,
호반리젠시빌2,2003,10210,2009,7,28,84.3979,5,산월동,884-1,12330,,,
호반리젠시빌2,2003,9990,2009,7,28,84.3979,2,산월동,884-1,12330,,,
호반리젠시빌2,2003,10210,2009,7,28,84.3979,5,산월동,884-1,12330,,,
호반리젠시빌2,2003,9840,2009,7,28,84.3979,1,산월동,884-1,12330,,,
호반리젠시빌2,2003,10210,2009,7,28,84.3979,5,산월동,884-1,12330,,,
호반리젠시빌2,2003,10210,2009,7,28,84.3979,5,산월동,884-1,12330,,,
호반리젠시빌2,2003,9890,2009,7,28,84.3979,1,산월동,884-1,12330,,,
호반리젠시빌2,2003,10210,2009,7,28,84.3979,4,산월동,884-1,12330,,,
호반리젠시빌2,2003,10350,2009,7,28,84.3979,14,산월동,884-1,12330,,,
호반리젠시빌2,2003,10350,2009,7,28,84.3979,14,산월동,884-1,12330,,,
호반리젠시빌2,2003,10210,2009,7,28,84.3979,4,산월동,884-1,12330,,,
호반리젠시빌2,2003,10450,2009,7,28,84.3979,13,산월동,884-1,12330,,,
호반리젠시빌2,2003,10060,2009,7,28,84.3979,3,산월동,884-1,12330,,,
호반리젠시빌2,2003,10450,2009,7,28,84.3979,12,산월동,884-1,12330,,,
호반리젠시빌2,2003,9990,2009,7,28,84.3979,2,산월동,884-1,12330,,,
호반리젠시빌2,2003,10400,2009,7,28,84.3979,11,산월동,884-1,12330,,,
호반리젠시빌2,2003,10400,2009,7,28,84.3979,10,산월동,884-1,12330,,,
호반리젠시빌2,2003,9890,2009,7,28,84.3979,1,산월동,884-1,12330,,,
호반리젠시빌2,2003,10450,2009,7,28,84.3979,10,산월동,884-1,12330,,,
호반리젠시빌2,2003,10280,2009,7,28,84.3979,15,산월동,884-1,12330,,,
호반리젠시빌2,2003,10280,2009,7,28,84.3979,15,산월동,884-1,12330,,,
호반리젠시빌2,2003,10400,2009,7,28,84.3979,10,산월동,884-1,12330,,,
호반리젠시빌2,2003,10230,2009,7,28,84.3979,15,산월동,884-1,12330,,,
호반리젠시빌2,2003,10400,2009,7,28,84.3979,9,산월동,884-1,12330,,,
호반리젠시빌2,2003,10330,2009,7,28,84.3979,14,산월동,884-1,12330,,,
호반리젠시빌2,2003,10330,2009,7,28,84.3979,14,산월동,884-1,12330,,,
호반리젠시빌2,2003,10400,2009,7,28,84.3979,8,산월동,884-1,12330,,,
호반리젠시빌2,2003,10330,2009,7,28,84.3979,13,산월동,884-1,12330,,,
호반리젠시빌2,2003,10450,2009,7,28,84.3979,8,산월동,884-1,12330,,,
호반리젠시빌2,2003,10380,2009,7,28,84.3979,12,산월동,884-1,12330,,,
호반리젠시빌2,2003,10450,2009,7,28,84.3979,8,산월동,884-1,12330,,,
호반리젠시빌2,2003,10380,2009,7,28,84.3979,11,산월동,884-1,12330,,,
호반리젠시빌2,2003,10450,2009,7,28,84.3979,8,산월동,884-1,12330,,,
호반리젠시빌2,2003,10380,2009,7,28,84.3979,10,산월동,884-1,12330,,,
호반리젠시빌2,2003,10450,2009,7,28,84.3979,8,산월동,884-1,12330,,,
호반리젠시빌2,2003,10380,2009,7,28,84.3979,10,산월동,884-1,12330,,,
호반리젠시빌2,2003,10400,2009,7,28,84.3979,8,산월동,884-1,12330,,,
호반리젠시빌2,2003,10330,2009,7,28,84.3979,10,산월동,884-1,12330,,,
호반리젠시빌2,2003,10250,2009,7,28,84.3979,7,산월동,884-1,12330,,,
호반리젠시빌2,2003,10330,2009,7,28,84.3979,9,산월동,884-1,12330,,,
호반리젠시빌2,2003,10300,2009,7,28,84.3979,7,산월동,884-1,12330,,,
호반리젠시빌2,2003,10380,2009,7,28,84.3979,8,산월동,884-1,12330,,,
호반리젠시빌2,2003,10300,2009,7,28,84.3979,7,산월동,884-1,12330,,,
호반리젠시빌2,2003,10380,2009,7,28,84.3979,8,산월동,884-1,12330,,,
호반리젠시빌2,2003,10300,2009,7,28,84.3979,7,산월동,884-1,12330,,,
호반리젠시빌2,2003,10300,2009,7,28,84.3979,7,산월동,884-1,12330,,,
호반리젠시빌2,2003,10240,2009,7,28,84.3979,7,산월동,884-1,12330,,,
호반리젠시빌2,2003,10250,2009,7,28,84.3979,7,산월동,884-1,12330,,,
호반리젠시빌2,2003,10290,2009,7,28,84.3979,7,산월동,884-1,12330,,,
호반리젠시빌2,2003,10160,2009,7,28,84.3979,5,산월동,884-1,12330,,,
호반리젠시빌2,2003,10290,2009,7,28,84.3979,7,산월동,884-1,12330,,,
호반리젠시빌2,2003,10210,2009,7,28,84.3979,5,산월동,884-1,12330,,,
호반리젠시빌2,2003,10210,2009,7,28,84.3979,5,산월동,884-1,12330,,,
호반리젠시빌2,2003,10210,2009,7,28,84.3979,5,산월동,884-1,12330,,,
호반리젠시빌2,2003,10160,2009,7,28,84.3979,5,산월동,884-1,12330,,,
호반리젠시빌2,2003,10160,2009,7,28,84.3979,4,산월동,884-1,12330,,,
호반리젠시빌2,2003,10240,2009,7,28,84.3979,7,산월동,884-1,12330,,,
호반리젠시빌2,2003,10210,2009,7,28,84.3979,4,산월동,884-1,12330,,,
호반리젠시빌2,2003,10210,2009,7,28,84.3979,6,산월동,884-1,12330,,,
호반리젠시빌2,2003,10210,2009,7,28,84.3979,4,산월동,884-1,12330,,,
호반리젠시빌2,2003,10210,2009,7,28,84.3979,5,산월동,884-1,12330,,,
호반리젠시빌2,2003,10060,2009,7,28,84.3979,3,산월동,884-1,12330,,,
호반리젠시빌2,2003,9940,2009,7,28,84.3979,2,산월동,884-1,12330,,,
호반리젠시빌2,2003,9990,2009,7,28,84.3979,2,산월동,884-1,12330,,,
호반리젠시빌2,2003,9840,2009,7,28,84.3979,1,산월동,884-1,12330,,,
호반리젠시빌2,2003,10160,2009,7,28,84.3979,5,산월동,884-1,12330,,,
호반리젠시빌2,2003,9890,2009,7,28,84.3979,1,산월동,884-1,12330,,,
호반리젠시빌2,2003,10110,2009,7,28,84.3979,3,산월동,884-1,12330,,,
호반리젠시빌2,2003,10060,2009,7,28,84.3979,3,산월동,884-1,12330,,,
호반리젠시빌2,2003,9940,2009,7,28,84.3979,2,산월동,884-1,12330,,,
호반리젠시빌2,2003,9990,2009,7,28,84.3979,2,산월동,884-1,12330,,,
호반리젠시빌2,2003,9840,2009,7,28,84.3979,1,산월동,884-1,12330,,,
호반리젠시빌2,2003,9940,2009,7,28,84.3979,2,산월동,884-1,12330,,,
호반리젠시빌2,2003,9840,2009,7,28,84.3979,1,산월동,884-1,12330,,,
호반리젠시빌3,2003,10700,2009,7,28,72.504,10,산월동,884-2,12330,,,
호반리젠시빌3,2003,9940,2009,7,28,84.3979,2,산월동,884-2,12330,,,
호반리젠시빌3,2003,10210,2009,7,28,84.3979,5,산월동,884-2,12330,,,
호반리젠시빌3,2003,8980,2009,7,28,72.504,2,산월동,884-2,12330,,,
호반리젠시빌3,2003,9370,2009,7,28,72.504,13,산월동,884-2,12330,,,
호반리젠시빌3,2003,9100,2009,7,28,72.504,3,산월동,884-2,12330,,,
호반리젠시빌3,2003,10380,2009,7,28,84.3979,11,산월동,884-2,12330,,,
호반리젠시빌3,2003,10240,2009,7,28,84.3979,7,산월동,884-2,12330,,,
호반리젠시빌3,2003,10160,2009,7,28,84.3979,4,산월동,884-2,12330,,,
호반리젠시빌3,2003,10230,2009,7,28,84.3979,15,산월동,884-2,12330,,,
호반리젠시빌3,2003,10330,2009,7,28,84.3979,11,산월동,884-2,12330,,,
호반리젠시빌3,2003,9890,2009,7,28,84.3979,1,산월동,884-2,12330,,,
호반리젠시빌3,2003,9100,2009,7,28,72.504,3,산월동,884-2,12330,,,
호반리젠시빌3,2003,10300,2009,7,28,84.3979,13,산월동,884-2,12330,,,
호반리젠시빌3,2003,10380,2009,7,28,84.3979,13,산월동,884-2,12330,,,
호반리젠시빌3,2003,10330,2009,7,28,84.3979,9,산월동,884-2,12330,,,
호반리젠시빌3,2003,10280,2009,7,28,84.3979,15,산월동,884-2,12330,,,
호반리젠시빌3,2003,10230,2009,7,28,84.3979,15,산월동,884-2,12330,,,
호반리젠시빌3,2003,10330,2009,7,28,84.3979,14,산월동,884-2,12330,,,
호반리젠시빌3,2003,10380,2009,7,28,84.3979,13,산월동,884-2,12330,,,
호반리젠시빌3,2003,10330,2009,7,28,84.3979,13,산월동,884-2,12330,,,
호반리젠시빌3,2003,10380,2009,7,28,84.3979,12,산월동,884-2,12330,,,
호반리젠시빌3,2003,10380,2009,7,28,84.3979,11,산월동,884-2,12330,,,
호반리젠시빌3,2003,10380,2009,7,28,84.3979,11,산월동,884-2,12330,,,
호반리젠시빌3,2003,10330,2009,7,28,84.3979,11,산월동,884-2,12330,,,
호반리젠시빌3,2003,10330,2009,7,28,84.3979,10,산월동,884-2,12330,,,
호반리젠시빌3,2003,10380,2009,7,28,84.3979,10,산월동,884-2,12330,,,
호반리젠시빌3,2003,10380,2009,7,28,84.3979,9,산월동,884-2,12330,,,
호반리젠시빌3,2003,10330,2009,7,28,84.3979,9,산월동,884-2,12330,,,
호반리젠시빌3,2003,10380,2009,7,28,84.3979,8,산월동,884-2,12330,,,
호반리젠시빌3,2003,10290,2009,7,28,84.3979,7,산월동,884-2,12330,,,
호반리젠시빌3,2003,10240,2009,7,28,84.3979,7,산월동,884-2,12330,,,
호반리젠시빌3,2003,10210,2009,7,28,84.3979,5,산월동,884-2,12330,,,
호반리젠시빌3,2003,10160,2009,7,28,84.3979,5,산월동,884-2,12330,,,
호반리젠시빌3,2003,10160,2009,7,28,84.3979,4,산월동,884-2,12330,,,
호반리젠시빌3,2003,10060,2009,7,28,84.3979,3,산월동,884-2,12330,,,
호반리젠시빌3,2003,9940,2009,7,28,84.3979,2,산월동,884-2,12330,,,
호반리젠시빌3,2003,9840,2009,7,28,84.3979,1,산월동,884-2,12330,,,
호반리젠시빌3,2003,10230,2009,7,28,84.3979,15,산월동,884-2,12330,,,
호반리젠시빌3,2003,10380,2009,7,28,84.3979,14,산월동,884-2,12330,,,
호반리젠시빌3,2003,10330,2009,7,28,84.3979,14,산월동,884-2,12330,,,
호반리젠시빌3,2003,10330,2009,7,28,84.3979,13,산월동,884-2,12330,,,
호반리젠시빌3,2003,10380,2009,7,28,84.3979,13,산월동,884-2,12330,,,
호반리젠시빌3,2003,10380,2009,7,28,84.3979,12,산월동,884-2,12330,,,
호반리젠시빌3,2003,10380,2009,7,28,84.3979,12,산월동,884-2,12330,,,
호반리젠시빌3,2003,10330,2009,7,28,84.3979,10,산월동,884-2,12330,,,
호반리젠시빌3,2003,10380,2009,7,28,84.3979,9,산월동,884-2,12330,,,
호반리젠시빌3,2003,10380,2009,7,28,84.3979,9,산월동,884-2,12330,,,
호반리젠시빌3,2003,10380,2009,7,28,84.3979,8,산월동,884-2,12330,,,
호반리젠시빌3,2003,10240,2009,7,28,84.3979,7,산월동,884-2,12330,,,
호반리젠시빌3,2003,10210,2009,7,28,84.3979,6,산월동,884-2,12330,,,
호반리젠시빌3,2003,10210,2009,7,28,84.3979,6,산월동,884-2,12330,,,
호반리젠시빌3,2003,10160,2009,7,28,84.3979,5,산월동,884-2,12330,,,
호반리젠시빌3,2003,10210,2009,7,28,84.3979,5,산월동,884-2,12330,,,
호반리젠시빌3,2003,10210,2009,7,28,84.3979,4,산월동,884-2,12330,,,
호반리젠시빌3,2003,10160,2009,7,28,84.3979,4,산월동,884-2,12330,,,
호반리젠시빌3,2003,10110,2009,7,28,84.3979,3,산월동,884-2,12330,,,
호반리젠시빌3,2003,9940,2009,7,28,84.3979,2,산월동,884-2,12330,,,
호반리젠시빌3,2003,9840,2009,7,28,84.3979,1,산월동,884-2,12330,,,
호반리젠시빌3,2003,9890,2009,7,28,84.3979,1,산월동,884-2,12330,,,
호반리젠시빌3,2003,9840,2009,7,28,84.3979,1,산월동,884-2,12330,,,
호반리젠시빌3,2003,9220,2009,7,28,72.504,15,산월동,884-2,12330,,,
호반리젠시빌3,2003,9320,2009,7,28,72.504,14,산월동,884-2,12330,,,
호반리젠시빌3,2003,9320,2009,7,28,72.504,13,산월동,884-2,12330,,,
호반리젠시빌3,2003,9370,2009,7,28,72.504,13,산월동,884-2,12330,,,
호반리젠시빌3,2003,9370,2009,7,28,72.504,13,산월동,884-2,12330,,,
호반리젠시빌3,2003,9370,2009,7,28,72.504,13,산월동,884-2,12330,,,
호반리젠시빌3,2003,9370,2009,7,28,72.504,13,산월동,884-2,12330,,,
호반리젠시빌3,2003,9370,2009,7,28,72.504,12,산월동,884-2,12330,,,
호반리젠시빌3,2003,9320,2009,7,28,72.504,12,산월동,884-2,12330,,,
호반리젠시빌3,2003,9370,2009,7,28,72.504,11,산월동,884-2,12330,,,
호반리젠시빌3,2003,9320,2009,7,28,72.504,11,산월동,884-2,12330,,,
호반리젠시빌3,2003,9370,2009,7,28,72.504,10,산월동,884-2,12330,,,
호반리젠시빌3,2003,10160,2009,7,28,84.3979,5,산월동,884-2,12330,,,
호반리젠시빌3,2003,10210,2009,7,28,84.3979,4,산월동,884-2,12330,,,
호반리젠시빌3,2003,10110,2009,7,28,84.3979,3,산월동,884-2,12330,,,
호반리젠시빌3,2003,10110,2009,7,28,84.3979,3,산월동,884-2,12330,,,
호반리젠시빌3,2003,10060,2009,7,28,84.3979,3,산월동,884-2,12330,,,
호반리젠시빌3,2003,9220,2009,7,28,72.504,15,산월동,884-2,12330,,,
호반리젠시빌3,2003,9370,2009,7,28,72.504,14,산월동,884-2,12330,,,
호반리젠시빌3,2003,9370,2009,7,28,72.504,14,산월동,884-2,12330,,,
호반리젠시빌3,2003,9320,2009,7,28,72.504,10,산월동,884-2,12330,,,
호반리젠시빌3,2003,9320,2009,7,28,72.504,14,산월동,884-2,12330,,,
호반리젠시빌3,2003,9320,2009,7,28,72.504,13,산월동,884-2,12330,,,
호반리젠시빌3,2003,9320,2009,7,28,72.504,8,산월동,884-2,12330,,,
호반리젠시빌3,2003,9370,2009,7,28,72.504,13,산월동,884-2,12330,,,
호반리젠시빌3,2003,9370,2009,7,28,72.504,13,산월동,884-2,12330,,,
호반리젠시빌3,2003,9370,2009,7,28,72.504,8,산월동,884-2,12330,,,
호반리젠시빌3,2003,9320,2009,7,28,72.504,13,산월동,884-2,12330,,,
호반리젠시빌3,2003,9370,2009,7,28,72.504,8,산월동,884-2,12330,,,
호반리젠시빌3,2003,9320,2009,7,28,72.504,12,산월동,884-2,12330,,,
호반리젠시빌3,2003,9370,2009,7,28,72.504,12,산월동,884-2,12330,,,
호반리젠시빌3,2003,9150,2009,7,28,72.504,6,산월동,884-2,12330,,,
호반리젠시빌3,2003,9370,2009,7,28,72.504,12,산월동,884-2,12330,,,
호반리젠시빌3,2003,9320,2009,7,28,72.504,12,산월동,884-2,12330,,,
호반리젠시빌3,2003,9200,2009,7,28,72.504,6,산월동,884-2,12330,,,
호반리젠시빌3,2003,9370,2009,7,28,72.504,11,산월동,884-2,12330,,,
호반리젠시빌3,2003,9200,2009,7,28,72.504,6,산월동,884-2,12330,,,
호반리젠시빌3,2003,9320,2009,7,28,72.504,10,산월동,884-2,12330,,,
호반리젠시빌3,2003,9150,2009,7,28,72.504,5,산월동,884-2,12330,,,
호반리젠시빌3,2003,9370,2009,7,28,72.504,10,산월동,884-2,12330,,,
호반리젠시빌3,2003,9200,2009,7,28,72.504,5,산월동,884-2,12330,,,
호반리젠시빌3,2003,9370,2009,7,28,72.504,10,산월동,884-2,12330,,,
호반리젠시빌3,2003,9200,2009,7,28,72.504,5,산월동,884-2,12330,,,
호반리젠시빌3,2003,9200,2009,7,28,72.504,5,산월동,884-2,12330,,,
호반리젠시빌3,2003,9370,2009,7,28,72.504,10,산월동,884-2,12330,,,
호반리젠시빌3,2003,9370,2009,7,28,72.504,9,산월동,884-2,12330,,,
호반리젠시빌3,2003,9370,2009,7,28,72.504,9,산월동,884-2,12330,,,
호반리젠시빌3,2003,9320,2009,7,28,72.504,9,산월동,884-2,12330,,,
호반리젠시빌3,2003,9370,2009,7,28,72.504,8,산월동,884-2,12330,,,
호반리젠시빌3,2003,9370,2009,7,28,72.504,8,산월동,884-2,12330,,,
호반리젠시빌3,2003,9230,2009,7,28,72.504,7,산월동,884-2,12330,,,
호반리젠시빌3,2003,9200,2009,7,28,72.504,5,산월동,884-2,12330,,,
호반리젠시빌3,2003,9200,2009,7,28,72.504,5,산월동,884-2,12330,,,
호반리젠시빌3,2003,9200,2009,7,28,72.504,5,산월동,884-2,12330,,,
호반리젠시빌3,2003,9150,2009,7,28,72.504,5,산월동,884-2,12330,,,
호반리젠시빌3,2003,9050,2009,7,28,72.504,3,산월동,884-2,12330,,,
호반리젠시빌3,2003,9050,2009,7,28,72.504,3,산월동,884-2,12330,,,
호반리젠시빌3,2003,9100,2009,7,28,72.504,3,산월동,884-2,12330,,,
호반리젠시빌3,2003,9050,2009,7,28,72.504,3,산월동,884-2,12330,,,
호반리젠시빌3,2003,8980,2009,7,28,72.504,2,산월동,884-2,12330,,,
호반리젠시빌3,2003,8880,2009,7,28,72.504,1,산월동,884-2,12330,,,
호반리젠시빌3,2003,9100,2009,7,28,72.504,3,산월동,884-2,12330,,,
호반리젠시빌3,2003,8880,2009,7,28,72.504,1,산월동,884-2,12330,,,
호반리젠시빌3,2003,9990,2009,7,28,84.3979,2,산월동,884-2,12330,,,
호반리젠시빌3,2003,8880,2009,7,28,72.504,1,산월동,884-2,12330,,,
호반리젠시빌3,2003,9100,2009,7,28,72.504,3,산월동,884-2,12330,,,
호반리젠시빌3,2003,10330,2009,7,28,84.3979,12,산월동,884-2,12330,,,
호반리젠시빌3,2003,10380,2009,7,28,84.3979,12,산월동,884-2,12330,,,
호반리젠시빌3,2003,9100,2009,7,28,72.504,3,산월동,884-2,12330,,,
호반리젠시빌3,2003,10330,2009,7,28,84.3979,11,산월동,884-2,12330,,,
호반리젠시빌3,2003,10330,2009,7,28,84.3979,10,산월동,884-2,12330,,,
호반리젠시빌3,2003,8930,2009,7,28,72.504,2,산월동,884-2,12330,,,
호반리젠시빌3,2003,10330,2009,7,28,84.3979,10,산월동,884-2,12330,,,
호반리젠시빌3,2003,8980,2009,7,28,72.504,2,산월동,884-2,12330,,,
호반리젠시빌3,2003,10380,2009,7,28,84.3979,9,산월동,884-2,12330,,,
호반리젠시빌3,2003,10330,2009,7,28,84.3979,8,산월동,884-2,12330,,,
호반리젠시빌3,2003,8880,2009,7,28,72.504,1,산월동,884-2,12330,,,
호반리젠시빌3,2003,10280,2009,7,28,84.3979,15,산월동,884-2,12330,,,
호반리젠시빌3,2003,10210,2009,7,28,84.3979,5,산월동,884-2,12330,,,
호반리젠시빌3,2003,10230,2009,7,28,84.3979,15,산월동,884-2,12330,,,
호반리젠시빌3,2003,10160,2009,7,28,84.3979,4,산월동,884-2,12330,,,
호반리젠시빌3,2003,10210,2009,7,28,84.3979,4,산월동,884-2,12330,,,
호반리젠시빌3,2003,10330,2009,7,28,84.3979,13,산월동,884-2,12330,,,
호반리젠시빌3,2003,10110,2009,7,28,84.3979,3,산월동,884-2,12330,,,
호반리젠시빌3,2003,10330,2009,7,28,84.3979,13,산월동,884-2,12330,,,
호반리젠시빌3,2003,9940,2009,7,28,84.3979,2,산월동,884-2,12330,,,
호반리젠시빌3,2003,10330,2009,7,28,84.3979,11,산월동,884-2,12330,,,
호반리젠시빌3,2003,10330,2009,7,28,84.3979,11,산월동,884-2,12330,,,
호반리젠시빌3,2003,10380,2009,7,28,84.3979,10,산월동,884-2,12330,,,
호반리젠시빌3,2003,10380,2009,7,28,84.3979,9,산월동,884-2,12330,,,
호반리젠시빌3,2003,10380,2009,7,28,84.3979,9,산월동,884-2,12330,,,
호반리젠시빌3,2003,10330,2009,7,28,84.3979,9,산월동,884-2,12330,,,
호반리젠시빌3,2003,10380,2009,7,28,84.3979,8,산월동,884-2,12330,,,
호반리젠시빌3,2003,10290,2009,7,28,84.3979,7,산월동,884-2,12330,,,
호반리젠시빌3,2003,10210,2009,7,28,84.3979,6,산월동,884-2,12330,,,
호반리젠시빌3,2003,10210,2009,7,28,84.3979,6,산월동,884-2,12330,,,
호반리젠시빌3,2003,10160,2009,7,28,84.3979,6,산월동,884-2,12330,,,
호반리젠시빌3,2003,10160,2009,7,28,84.3979,5,산월동,884-2,12330,,,
호반리젠시빌3,2003,10160,2009,7,28,84.3979,4,산월동,884-2,12330,,,
호반리젠시빌3,2003,10110,2009,7,28,84.3979,3,산월동,884-2,12330,,,
호반리젠시빌3,2003,9990,2009,7,28,84.3979,2,산월동,884-2,12330,,,
호반리젠시빌3,2003,9940,2009,7,28,84.3979,2,산월동,884-2,12330,,,
호반리젠시빌3,2003,9840,2009,7,28,84.3979,1,산월동,884-2,12330,,,
호반리젠시빌3,2003,10210,2009,7,28,84.3979,5,산월동,884-2,12330,,,
호반리젠시빌3,2003,9940,2009,7,28,84.3979,2,산월동,884-2,12330,,,
호반리젠시빌3,2003,9370,2009,7,28,72.504,14,산월동,884-2,12330,,,
호반리젠시빌3,2003,10240,2009,7,28,84.3979,7,산월동,884-2,12330,,,
호반리젠시빌3,2003,10160,2009,7,28,84.3979,6,산월동,884-2,12330,,,
호반리젠시빌3,2003,9990,2009,7,28,84.3979,2,산월동,884-2,12330,,,
호반리젠시빌3,2003,9270,2009,7,28,72.504,15,산월동,884-2,12330,,,
호반리젠시빌3,2003,9270,2009,7,28,72.504,15,산월동,884-2,12330,,,
호반리젠시빌3,2003,9270,2009,7,28,72.504,15,산월동,884-2,12330,,,
호반리젠시빌3,2003,9320,2009,7,28,72.504,14,산월동,884-2,12330,,,
호반리젠시빌3,2003,9370,2009,7,28,72.504,14,산월동,884-2,12330,,,
호반리젠시빌3,2003,9370,2009,7,28,72.504,14,산월동,884-2,12330,,,
호반리젠시빌3,2003,9320,2009,7,28,72.504,14,산월동,884-2,12330,,,
호반리젠시빌3,2003,9320,2009,7,28,72.504,13,산월동,884-2,12330,,,
호반리젠시빌3,2003,9370,2009,7,28,72.504,13,산월동,884-2,12330,,,
호반리젠시빌3,2003,9370,2009,7,28,72.504,13,산월동,884-2,12330,,,
호반리젠시빌3,2003,9370,2009,7,28,72.504,13,산월동,884-2,12330,,,
호반리젠시빌3,2003,9320,2009,7,28,72.504,12,산월동,884-2,12330,,,
호반리젠시빌3,2003,9320,2009,7,28,72.504,11,산월동,884-2,12330,,,
호반리젠시빌3,2003,9370,2009,7,28,72.504,11,산월동,884-2,12330,,,
호반리젠시빌3,2003,9370,2009,7,28,72.504,10,산월동,884-2,12330,,,
호반리젠시빌3,2003,9370,2009,7,28,72.504,10,산월동,884-2,12330,,,
호반리젠시빌3,2003,9320,2009,7,28,72.504,9,산월동,884-2,12330,,,
호반리젠시빌3,2003,9370,2009,7,28,72.504,9,산월동,884-2,12330,,,
호반리젠시빌3,2003,9370,2009,7,28,72.504,8,산월동,884-2,12330,,,
호반리젠시빌3,2003,9370,2009,7,28,72.504,8,산월동,884-2,12330,,,
호반리젠시빌3,2003,9230,2009,7,28,72.504,7,산월동,884-2,12330,,,
호반리젠시빌3,2003,9280,2009,7,28,72.504,7,산월동,884-2,12330,,,
호반리젠시빌3,2003,9230,2009,7,28,72.504,7,산월동,884-2,12330,,,
호반리젠시빌3,2003,9200,2009,7,28,72.504,5,산월동,884-2,12330,,,
호반리젠시빌3,2003,9200,2009,7,28,72.504,4,산월동,884-2,12330,,,
호반리젠시빌3,2003,9150,2009,7,28,72.504,4,산월동,884-2,12330,,,
호반리젠시빌3,2003,9100,2009,7,28,72.504,3,산월동,884-2,12330,,,
호반리젠시빌3,2003,9100,2009,7,28,72.504,3,산월동,884-2,12330,,,
호반리젠시빌3,2003,9100,2009,7,28,72.504,3,산월동,884-2,12330,,,
호반리젠시빌3,2003,9100,2009,7,28,72.504,3,산월동,884-2,12330,,,
호반리젠시빌3,2003,9990,2009,7,28,84.3979,2,산월동,884-2,12330,,,
호반리젠시빌3,2003,8980,2009,7,28,72.504,2,산월동,884-2,12330,,,
호반리젠시빌3,2003,8880,2009,7,28,72.504,1,산월동,884-2,12330,,,
호반리젠시빌3,2003,10280,2009,7,28,84.3979,14,산월동,884-2,12330,,,
호반리젠시빌3,2003,10330,2009,7,28,84.3979,13,산월동,884-2,12330,,,
호반리젠시빌3,2003,10380,2009,7,28,84.3979,12,산월동,884-2,12330,,,
호반리젠시빌3,2003,10380,2009,7,28,84.3979,12,산월동,884-2,12330,,,
호반리젠시빌3,2003,10380,2009,7,28,84.3979,9,산월동,884-2,12330,,,
호반리젠시빌3,2003,10380,2009,7,28,84.3979,8,산월동,884-2,12330,,,
호반리젠시빌3,2003,10330,2009,7,28,84.3979,8,산월동,884-2,12330,,,
호반리젠시빌3,2003,10290,2009,7,28,84.3979,7,산월동,884-2,12330,,,
호반리젠시빌3,2003,10210,2009,7,28,84.3979,5,산월동,884-2,12330,,,
호반리젠시빌3,2003,9940,2009,7,28,84.3979,2,산월동,884-2,12330,,,
호반리젠시빌3,2003,9890,2009,7,28,84.3979,1,산월동,884-2,12330,,,
호반리젠시빌3,2003,9840,2009,7,28,84.3979,1,산월동,884-2,12330,,,
호반리젠시빌3,2003,9340,2009,7,28,72.504,15,산월동,884-2,12330,,,
호반리젠시빌3,2003,9440,2009,7,28,72.504,14,산월동,884-2,12330,,,
호반리젠시빌3,2003,9440,2009,7,28,72.504,14,산월동,884-2,12330,,,
호반리젠시빌3,2003,9440,2009,7,28,72.504,13,산월동,884-2,12330,,,
호반리젠시빌3,2003,9440,2009,7,28,72.504,13,산월동,884-2,12330,,,
호반리젠시빌3,2003,9440,2009,7,28,72.504,12,산월동,884-2,12330,,,
호반리젠시빌3,2003,9440,2009,7,28,72.504,12,산월동,884-2,12330,,,
호반리젠시빌3,2003,9390,2009,7,28,72.504,11,산월동,884-2,12330,,,
호반리젠시빌3,2003,9440,2009,7,28,72.504,11,산월동,884-2,12330,,,
호반리젠시빌3,2003,9390,2009,7,28,72.504,10,산월동,884-2,12330,,,
호반리젠시빌3,2003,9440,2009,7,28,72.504,10,산월동,884-2,12330,,,
호반리젠시빌3,2003,9440,2009,7,28,72.504,10,산월동,884-2,12330,,,
호반리젠시빌3,2003,9390,2009,7,28,72.504,10,산월동,884-2,12330,,,
호반리젠시빌3,2003,9440,2009,7,28,72.504,9,산월동,884-2,12330,,,
호반리젠시빌3,2003,9440,2009,7,28,72.504,9,산월동,884-2,12330,,,
호반리젠시빌3,2003,9440,2009,7,28,72.504,9,산월동,884-2,12330,,,
호반리젠시빌3,2003,9390,2009,7,28,72.504,8,산월동,884-2,12330,,,
호반리젠시빌3,2003,9440,2009,7,28,72.504,8,산월동,884-2,12330,,,
호반리젠시빌3,2003,9440,2009,7,28,72.504,8,산월동,884-2,12330,,,
호반리젠시빌3,2003,9440,2009,7,28,72.504,8,산월동,884-2,12330,,,
호반리젠시빌3,2003,9200,2009,7,28,72.504,6,산월동,884-2,12330,,,
호반리젠시빌3,2003,9200,2009,7,28,72.504,6,산월동,884-2,12330,,,
호반리젠시빌3,2003,9200,2009,7,28,72.504,5,산월동,884-2,12330,,,
호반리젠시빌3,2003,9200,2009,7,28,72.504,5,산월동,884-2,12330,,,
호반리젠시빌3,2003,9200,2009,7,28,72.504,5,산월동,884-2,12330,,,
호반리젠시빌3,2003,9150,2009,7,28,72.504,5,산월동,884-2,12330,,,
호반리젠시빌3,2003,9150,2009,7,28,72.504,4,산월동,884-2,12330,,,
호반리젠시빌3,2003,9200,2009,7,28,72.504,4,산월동,884-2,12330,,,
호반리젠시빌3,2003,9200,2009,7,28,72.504,4,산월동,884-2,12330,,,
호반리젠시빌3,2003,9150,2009,7,28,72.504,4,산월동,884-2,12330,,,
호반리젠시빌3,2003,9050,2009,7,28,72.504,3,산월동,884-2,12330,,,
호반리젠시빌3,2003,9100,2009,7,28,72.504,3,산월동,884-2,12330,,,
호반리젠시빌3,2003,8980,2009,7,28,72.504,2,산월동,884-2,12330,,,
호반리젠시빌3,2003,8980,2009,7,28,72.504,2,산월동,884-2,12330,,,
호반리젠시빌3,2003,8980,2009,7,28,72.504,2,산월동,884-2,12330,,,
호반리젠시빌3,2003,8830,2009,7,28,72.504,1,산월동,884-2,12330,,,
호반리젠시빌3,2003,8880,2009,7,28,72.504,1,산월동,884-2,12330,,,
호반리젠시빌3,2003,8880,2009,7,28,72.504,1,산월동,884-2,12330,,,
호반리젠시빌3,2003,8830,2009,7,28,72.504,1,산월동,884-2,12330,,,
호반리젠시빌3,2003,10350,2009,7,28,84.3979,13,산월동,884-2,12330,,,
호반리젠시빌3,2003,10450,2009,7,28,84.3979,12,산월동,884-2,12330,,,
호반리젠시빌3,2003,10400,2009,7,28,84.3979,12,산월동,884-2,12330,,,
호반리젠시빌3,2003,10450,2009,7,28,84.3979,11,산월동,884-2,12330,,,
호반리젠시빌3,2003,10450,2009,7,28,84.3979,11,산월동,884-2,12330,,,
호반리젠시빌3,2003,10400,2009,7,28,84.3979,10,산월동,884-2,12330,,,
호반리젠시빌3,2003,10400,2009,7,28,84.3979,9,산월동,884-2,12330,,,
호반리젠시빌3,2003,10450,2009,7,28,84.3979,9,산월동,884-2,12330,,,
호반리젠시빌3,2003,10450,2009,7,28,84.3979,9,산월동,884-2,12330,,,
호반리젠시빌3,2003,10400,2009,7,28,84.3979,9,산월동,884-2,12330,,,
호반리젠시빌3,2003,10250,2009,7,28,84.3979,7,산월동,884-2,12330,,,
호반리젠시빌3,2003,10160,2009,7,28,84.3979,6,산월동,884-2,12330,,,
호반리젠시빌3,2003,10210,2009,7,28,84.3979,6,산월동,884-2,12330,,,
호반리젠시빌3,2003,10210,2009,7,28,84.3979,6,산월동,884-2,12330,,,
호반리젠시빌3,2003,10210,2009,7,28,84.3979,5,산월동,884-2,12330,,,
호반리젠시빌3,2003,10210,2009,7,28,84.3979,5,산월동,884-2,12330,,,
호반리젠시빌3,2003,10160,2009,7,28,84.3979,4,산월동,884-2,12330,,,
호반리젠시빌3,2003,10210,2009,7,28,84.3979,4,산월동,884-2,12330,,,
호반리젠시빌3,2003,10060,2009,7,28,84.3979,3,산월동,884-2,12330,,,
호반리젠시빌3,2003,10110,2009,7,28,84.3979,3,산월동,884-2,12330,,,
호반리젠시빌3,2003,10060,2009,7,28,84.3979,3,산월동,884-2,12330,,,
호반리젠시빌3,2003,9990,2009,7,28,84.3979,2,산월동,884-2,12330,,,
호반리젠시빌3,2003,9940,2009,7,28,84.3979,2,산월동,884-2,12330,,,
호반리젠시빌3,2003,9890,2009,7,28,84.3979,1,산월동,884-2,12330,,,
호반리젠시빌4,2003,10730,2009,7,28,83.7154,15,산월동,883-1,12330,,,
호반리젠시빌4,2003,10880,2009,7,28,83.7154,10,산월동,883-1,12330,,,
호반리젠시빌4,2003,10390,2009,7,28,83.7154,1,산월동,883-1,12330,,,
호반리젠시빌4,2003,10710,2009,7,28,83.7154,4,산월동,883-1,12330,,,
호반리젠시빌4,2003,10660,2009,7,28,83.7154,4,산월동,883-1,12330,,,
호반리젠시빌4,2003,10880,2009,7,28,83.7154,10,산월동,883-1,12330,,,
호반리젠시빌4,2003,10830,2009,7,28,83.7154,8,산월동,883-1,12330,,,
호반리젠시빌4,2003,10610,2009,7,28,83.7154,3,산월동,883-1,12330,,,
호반리젠시빌4,2003,10880,2009,7,28,83.7154,14,산월동,883-1,12330,,,
호반리젠시빌4,2003,10730,2009,7,28,83.7154,15,산월동,883-1,12330,,,
호반리젠시빌4,2003,10880,2009,7,28,83.7154,8,산월동,883-1,12330,,,
호반리젠시빌4,2003,10780,2009,7,28,83.7154,15,산월동,883-1,12330,,,
호반리젠시빌4,2003,10730,2009,7,28,83.7154,15,산월동,883-1,12330,,,
호반리젠시빌4,2003,10830,2009,7,28,83.7154,14,산월동,883-1,12330,,,
호반리젠시빌4,2003,10880,2009,7,28,83.7154,14,산월동,883-1,12330,,,
호반리젠시빌4,2003,10880,2009,7,28,83.7154,13,산월동,883-1,12330,,,
호반리젠시빌4,2003,10830,2009,7,28,83.7154,13,산월동,883-1,12330,,,
호반리젠시빌4,2003,10880,2009,7,28,83.7154,12,산월동,883-1,12330,,,
호반리젠시빌4,2003,10880,2009,7,28,83.7154,12,산월동,883-1,12330,,,
호반리젠시빌4,2003,10830,2009,7,28,83.7154,12,산월동,883-1,12330,,,
호반리젠시빌4,2003,10880,2009,7,28,83.7154,11,산월동,883-1,12330,,,
호반리젠시빌4,2003,10880,2009,7,28,83.7154,11,산월동,883-1,12330,,,
호반리젠시빌4,2003,10880,2009,7,28,83.7154,11,산월동,883-1,12330,,,
호반리젠시빌4,2003,10830,2009,7,28,83.7154,11,산월동,883-1,12330,,,
호반리젠시빌4,2003,10880,2009,7,28,83.7154,10,산월동,883-1,12330,,,
호반리젠시빌4,2003,10880,2009,7,28,83.7154,10,산월동,883-1,12330,,,
호반리젠시빌4,2003,10830,2009,7,28,83.7154,10,산월동,883-1,12330,,,
호반리젠시빌4,2003,10830,2009,7,28,83.7154,9,산월동,883-1,12330,,,
호반리젠시빌4,2003,10830,2009,7,28,83.7154,9,산월동,883-1,12330,,,
호반리젠시빌4,2003,10880,2009,7,28,83.7154,8,산월동,883-1,12330,,,
호반리젠시빌4,2003,10830,2009,7,28,83.7154,8,산월동,883-1,12330,,,
호반리젠시빌4,2003,10790,2009,7,28,83.7154,7,산월동,883-1,12330,,,
호반리젠시빌4,2003,10790,2009,7,28,83.7154,7,산월동,883-1,12330,,,
호반리젠시빌4,2003,10790,2009,7,28,83.7154,7,산월동,883-1,12330,,,
호반리젠시빌4,2003,10740,2009,7,28,83.7154,7,산월동,883-1,12330,,,
호반리젠시빌4,2003,10710,2009,7,28,83.7154,6,산월동,883-1,12330,,,
호반리젠시빌4,2003,10710,2009,7,28,83.7154,5,산월동,883-1,12330,,,
호반리젠시빌4,2003,10660,2009,7,28,83.7154,4,산월동,883-1,12330,,,
호반리젠시빌4,2003,10710,2009,7,28,83.7154,4,산월동,883-1,12330,,,
호반리젠시빌4,2003,10660,2009,7,28,83.7154,4,산월동,883-1,12330,,,
호반리젠시빌4,2003,10560,2009,7,28,83.7154,3,산월동,883-1,12330,,,
호반리젠시빌4,2003,10610,2009,7,28,83.7154,3,산월동,883-1,12330,,,
호반리젠시빌4,2003,10490,2009,7,28,83.7154,2,산월동,883-1,12330,,,
호반리젠시빌4,2003,10490,2009,7,28,83.7154,2,산월동,883-1,12330,,,
호반리젠시빌4,2003,10730,2009,7,28,83.7154,15,산월동,883-1,12330,,,
호반리젠시빌4,2003,10780,2009,7,28,83.7154,15,산월동,883-1,12330,,,
호반리젠시빌4,2003,10780,2009,7,28,83.7154,15,산월동,883-1,12330,,,
호반리젠시빌4,2003,10730,2009,7,28,83.7154,15,산월동,883-1,12330,,,
호반리젠시빌4,2003,10880,2009,7,28,83.7154,14,산월동,883-1,12330,,,
호반리젠시빌4,2003,10830,2009,7,28,83.7154,14,산월동,883-1,12330,,,
호반리젠시빌4,2003,10880,2009,7,28,83.7154,13,산월동,883-1,12330,,,
호반리젠시빌4,2003,10880,2009,7,28,83.7154,13,산월동,883-1,12330,,,
호반리젠시빌4,2003,10830,2009,7,28,83.7154,12,산월동,883-1,12330,,,
호반리젠시빌4,2003,10880,2009,7,28,83.7154,12,산월동,883-1,12330,,,
호반리젠시빌4,2003,10880,2009,7,28,83.7154,12,산월동,883-1,12330,,,
호반리젠시빌4,2003,10830,2009,7,28,83.7154,11,산월동,883-1,12330,,,
호반리젠시빌4,2003,10880,2009,7,28,83.7154,10,산월동,883-1,12330,,,
호반리젠시빌4,2003,10880,2009,7,28,83.7154,10,산월동,883-1,12330,,,
호반리젠시빌4,2003,10880,2009,7,28,83.7154,9,산월동,883-1,12330,,,
호반리젠시빌4,2003,10880,2009,7,28,83.7154,9,산월동,883-1,12330,,,
호반리젠시빌4,2003,10830,2009,7,28,83.7154,8,산월동,883-1,12330,,,
호반리젠시빌4,2003,10880,2009,7,28,83.7154,8,산월동,883-1,12330,,,
호반리젠시빌4,2003,10830,2009,7,28,83.7154,8,산월동,883-1,12330,,,
호반리젠시빌4,2003,10790,2009,7,28,83.7154,7,산월동,883-1,12330,,,
호반리젠시빌4,2003,10790,2009,7,28,83.7154,7,산월동,883-1,12330,,,
호반리젠시빌4,2003,10710,2009,7,28,83.7154,6,산월동,883-1,12330,,,
호반리젠시빌4,2003,10710,2009,7,28,83.7154,6,산월동,883-1,12330,,,
호반리젠시빌4,2003,10660,2009,7,28,83.7154,6,산월동,883-1,12330,,,
호반리젠시빌4,2003,10660,2009,7,28,83.7154,5,산월동,883-1,12330,,,
호반리젠시빌4,2003,10710,2009,7,28,83.7154,5,산월동,883-1,12330,,,
호반리젠시빌4,2003,10710,2009,7,28,83.7154,5,산월동,883-1,12330,,,
호반리젠시빌4,2003,10660,2009,7,28,83.7154,4,산월동,883-1,12330,,,
호반리젠시빌4,2003,10710,2009,7,28,83.7154,4,산월동,883-1,12330,,,
호반리젠시빌4,2003,10710,2009,7,28,83.7154,4,산월동,883-1,12330,,,
호반리젠시빌4,2003,10710,2009,7,28,83.7154,4,산월동,883-1,12330,,,
호반리젠시빌4,2003,10660,2009,7,28,83.7154,4,산월동,883-1,12330,,,
호반리젠시빌4,2003,10560,2009,7,28,83.7154,3,산월동,883-1,12330,,,
호반리젠시빌4,2003,10610,2009,7,28,83.7154,3,산월동,883-1,12330,,,
호반리젠시빌4,2003,10610,2009,7,28,83.7154,3,산월동,883-1,12330,,,
호반리젠시빌4,2003,10490,2009,7,28,83.7154,2,산월동,883-1,12330,,,
호반리젠시빌4,2003,10780,2009,7,28,83.7154,15,산월동,883-1,12330,,,
호반리젠시빌4,2003,10730,2009,7,28,83.7154,15,산월동,883-1,12330,,,
호반리젠시빌4,2003,10880,2009,7,28,83.7154,14,산월동,883-1,12330,,,
호반리젠시빌4,2003,10880,2009,7,28,83.7154,13,산월동,883-1,12330,,,
호반리젠시빌4,2003,10880,2009,7,28,83.7154,11,산월동,883-1,12330,,,
호반리젠시빌4,2003,10880,2009,7,28,83.7154,11,산월동,883-1,12330,,,
호반리젠시빌4,2003,10880,2009,7,28,83.7154,10,산월동,883-1,12330,,,
호반리젠시빌4,2003,10830,2009,7,28,83.7154,10,산월동,883-1,12330,,,
호반리젠시빌4,2003,10880,2009,7,28,83.7154,9,산월동,883-1,12330,,,
호반리젠시빌4,2003,10830,2009,7,28,83.7154,9,산월동,883-1,12330,,,
호반리젠시빌4,2003,10830,2009,7,28,83.7154,8,산월동,883-1,12330,,,
호반리젠시빌4,2003,10880,2009,7,28,83.7154,8,산월동,883-1,12330,,,
호반리젠시빌4,2003,10880,2009,7,28,83.7154,8,산월동,883-1,12330,,,
호반리젠시빌4,2003,10740,2009,7,28,83.7154,7,산월동,883-1,12330,,,
호반리젠시빌4,2003,10710,2009,7,28,83.7154,6,산월동,883-1,12330,,,
호반리젠시빌4,2003,10660,2009,7,28,83.7154,5,산월동,883-1,12330,,,
호반리젠시빌4,2003,10710,2009,7,28,83.7154,5,산월동,883-1,12330,,,
호반리젠시빌4,2003,10560,2009,7,28,83.7154,3,산월동,883-1,12330,,,
호반리젠시빌4,2003,10610,2009,7,28,83.7154,3,산월동,883-1,12330,,,
호반리젠시빌4,2003,10490,2009,7,28,83.7154,2,산월동,883-1,12330,,,
호반리젠시빌4,2003,10490,2009,7,28,83.7154,2,산월동,883-1,12330,,,
호반리젠시빌4,2003,10440,2009,7,28,83.7154,2,산월동,883-1,12330,,,
호반리젠시빌4,2003,10340,2009,7,28,83.7154,1,산월동,883-1,12330,,,
호반리젠시빌4,2003,10780,2009,7,28,83.7154,15,산월동,883-1,12330,,,
호반리젠시빌4,2003,10780,2009,7,28,83.7154,15,산월동,883-1,12330,,,
호반리젠시빌4,2003,10880,2009,7,28,83.7154,14,산월동,883-1,12330,,,
호반리젠시빌4,2003,10880,2009,7,28,83.7154,14,산월동,883-1,12330,,,
호반리젠시빌4,2003,10880,2009,7,28,83.7154,14,산월동,883-1,12330,,,
호반리젠시빌4,2003,10830,2009,7,28,83.7154,14,산월동,883-1,12330,,,
호반리젠시빌4,2003,10830,2009,7,28,83.7154,13,산월동,883-1,12330,,,
호반리젠시빌4,2003,10880,2009,7,28,83.7154,13,산월동,883-1,12330,,,
호반리젠시빌4,2003,10880,2009,7,28,83.7154,13,산월동,883-1,12330,,,
호반리젠시빌4,2003,10830,2009,7,28,83.7154,12,산월동,883-1,12330,,,
호반리젠시빌4,2003,10880,2009,7,28,83.7154,12,산월동,883-1,12330,,,
호반리젠시빌4,2003,10830,2009,7,28,83.7154,12,산월동,883-1,12330,,,
호반리젠시빌4,2003,10880,2009,7,28,83.7154,11,산월동,883-1,12330,,,
호반리젠시빌4,2003,10880,2009,7,28,83.7154,10,산월동,883-1,12330,,,
호반리젠시빌4,2003,10880,2009,7,28,83.7154,10,산월동,883-1,12330,,,
호반리젠시빌4,2003,10830,2009,7,28,83.7154,10,산월동,883-1,12330,,,
호반리젠시빌4,2003,10830,2009,7,28,83.7154,9,산월동,883-1,12330,,,
호반리젠시빌4,2003,10880,2009,7,28,83.7154,9,산월동,883-1,12330,,,
호반리젠시빌4,2003,10880,2009,7,28,83.7154,9,산월동,883-1,12330,,,
호반리젠시빌4,2003,10880,2009,7,28,83.7154,8,산월동,883-1,12330,,,
호반리젠시빌4,2003,10880,2009,7,28,83.7154,8,산월동,883-1,12330,,,
호반리젠시빌4,2003,10740,2009,7,28,83.7154,7,산월동,883-1,12330,,,
호반리젠시빌4,2003,10790,2009,7,28,83.7154,7,산월동,883-1,12330,,,
호반리젠시빌4,2003,10790,2009,7,28,83.7154,7,산월동,883-1,12330,,,
호반리젠시빌4,2003,10740,2009,7,28,83.7154,7,산월동,883-1,12330,,,
호반리젠시빌4,2003,10710,2009,7,28,83.7154,6,산월동,883-1,12330,,,
호반리젠시빌4,2003,10660,2009,7,28,83.7154,5,산월동,883-1,12330,,,
호반리젠시빌4,2003,10710,2009,7,28,83.7154,5,산월동,883-1,12330,,,
호반리젠시빌4,2003,10560,2009,7,28,83.7154,3,산월동,883-1,12330,,,
호반리젠시빌4,2003,10610,2009,7,28,83.7154,3,산월동,883-1,12330,,,
호반리젠시빌4,2003,10610,2009,7,28,83.7154,3,산월동,883-1,12330,,,
호반리젠시빌4,2003,10490,2009,7,28,83.7154,2,산월동,883-1,12330,,,
호반리젠시빌4,2003,10490,2009,7,28,83.7154,2,산월동,883-1,12330,,,
호반리젠시빌4,2003,10340,2009,7,28,83.7154,1,산월동,883-1,12330,,,
호반리젠시빌4,2003,10390,2009,7,28,83.7154,1,산월동,883-1,12330,,,
호반리젠시빌4,2003,10780,2009,7,28,83.7154,14,산월동,883-1,12330,,,
호반리젠시빌4,2003,10830,2009,7,28,83.7154,13,산월동,883-1,12330,,,
호반리젠시빌4,2003,10880,2009,7,28,83.7154,13,산월동,883-1,12330,,,
호반리젠시빌4,2003,10830,2009,7,28,83.7154,12,산월동,883-1,12330,,,
호반리젠시빌4,2003,10880,2009,7,28,83.7154,12,산월동,883-1,12330,,,
호반리젠시빌4,2003,10880,2009,7,28,83.7154,11,산월동,883-1,12330,,,
호반리젠시빌4,2003,10830,2009,7,28,83.7154,10,산월동,883-1,12330,,,
호반리젠시빌4,2003,10830,2009,7,28,83.7154,9,산월동,883-1,12330,,,
호반리젠시빌4,2003,10830,2009,7,28,83.7154,8,산월동,883-1,12330,,,
호반리젠시빌4,2003,10880,2009,7,28,83.7154,8,산월동,883-1,12330,,,
호반리젠시빌4,2003,10790,2009,7,28,83.7154,7,산월동,883-1,12330,,,
호반리젠시빌4,2003,10790,2009,7,28,83.7154,7,산월동,883-1,12330,,,
호반리젠시빌4,2003,10660,2009,7,28,83.7154,6,산월동,883-1,12330,,,
호반리젠시빌4,2003,10660,2009,7,28,83.7154,6,산월동,883-1,12330,,,
호반리젠시빌4,2003,10710,2009,7,28,83.7154,5,산월동,883-1,12330,,,
호반리젠시빌4,2003,10660,2009,7,28,83.7154,5,산월동,883-1,12330,,,
호반리젠시빌4,2003,10660,2009,7,28,83.7154,4,산월동,883-1,12330,,,
호반리젠시빌4,2003,10710,2009,7,28,83.7154,4,산월동,883-1,12330,,,
호반리젠시빌4,2003,10560,2009,7,28,83.7154,3,산월동,883-1,12330,,,
호반리젠시빌4,2003,10610,2009,7,28,83.7154,3,산월동,883-1,12330,,,
호반리젠시빌4,2003,10440,2009,7,28,83.7154,2,산월동,883-1,12330,,,
호반리젠시빌4,2003,10490,2009,7,28,83.7154,2,산월동,883-1,12330,,,
호반리젠시빌4,2003,10440,2009,7,28,83.7154,2,산월동,883-1,12330,,,
호반리젠시빌4,2003,10340,2009,7,28,83.7154,1,산월동,883-1,12330,,,
호반리젠시빌4,2003,10780,2009,7,28,83.7154,15,산월동,883-1,12330,,,
호반리젠시빌4,2003,10730,2009,7,28,83.7154,15,산월동,883-1,12330,,,
호반리젠시빌4,2003,10880,2009,7,28,83.7154,14,산월동,883-1,12330,,,
호반리젠시빌4,2003,10880,2009,7,28,83.7154,14,산월동,883-1,12330,,,
호반리젠시빌4,2003,10880,2009,7,28,83.7154,14,산월동,883-1,12330,,,
호반리젠시빌4,2003,10830,2009,7,28,83.7154,14,산월동,883-1,12330,,,
호반리젠시빌4,2003,10880,2009,7,28,83.7154,13,산월동,883-1,12330,,,
호반리젠시빌4,2003,10830,2009,7,28,83.7154,12,산월동,883-1,12330,,,
호반리젠시빌4,2003,10830,2009,7,28,83.7154,11,산월동,883-1,12330,,,
호반리젠시빌4,2003,10880,2009,7,28,83.7154,11,산월동,883-1,12330,,,
호반리젠시빌4,2003,10880,2009,7,28,83.7154,11,산월동,883-1,12330,,,
호반리젠시빌4,2003,10830,2009,7,28,83.7154,11,산월동,883-1,12330,,,
호반리젠시빌4,2003,10880,2009,7,28,83.7154,10,산월동,883-1,12330,,,
호반리젠시빌4,2003,10880,2009,7,28,83.7154,10,산월동,883-1,12330,,,
호반리젠시빌4,2003,10830,2009,7,28,83.7154,9,산월동,883-1,12330,,,
호반리젠시빌4,2003,10790,2009,7,28,83.7154,7,산월동,883-1,12330,,,
호반리젠시빌4,2003,10790,2009,7,28,83.7154,7,산월동,883-1,12330,,,
호반리젠시빌4,2003,10790,2009,7,28,83.7154,7,산월동,883-1,12330,,,
호반리젠시빌4,2003,10740,2009,7,28,83.7154,7,산월동,883-1,12330,,,
호반리젠시빌4,2003,10660,2009,7,28,83.7154,6,산월동,883-1,12330,,,
호반리젠시빌4,2003,10710,2009,7,28,83.7154,6,산월동,883-1,12330,,,
호반리젠시빌4,2003,10710,2009,7,28,83.7154,6,산월동,883-1,12330,,,
호반리젠시빌4,2003,10710,2009,7,28,83.7154,6,산월동,883-1,12330,,,
호반리젠시빌4,2003,10660,2009,7,28,83.7154,6,산월동,883-1,12330,,,
호반리젠시빌4,2003,10710,2009,7,28,83.7154,5,산월동,883-1,12330,,,
호반리젠시빌4,2003,10710,2009,7,28,83.7154,5,산월동,883-1,12330,,,
호반리젠시빌4,2003,10710,2009,7,28,83.7154,5,산월동,883-1,12330,,,
호반리젠시빌4,2003,10660,2009,7,28,83.7154,5,산월동,883-1,12330,,,
호반리젠시빌4,2003,10710,2009,7,28,83.7154,4,산월동,883-1,12330,,,
호반리젠시빌4,2003,10710,2009,7,28,83.7154,4,산월동,883-1,12330,,,
호반리젠시빌4,2003,10710,2009,7,28,83.7154,4,산월동,883-1,12330,,,
호반리젠시빌4,2003,10660,2009,7,28,83.7154,4,산월동,883-1,12330,,,
호반리젠시빌4,2003,10560,2009,7,28,83.7154,3,산월동,883-1,12330,,,
호반리젠시빌4,2003,10610,2009,7,28,83.7154,3,산월동,883-1,12330,,,
호반리젠시빌4,2003,10440,2009,7,28,83.7154,2,산월동,883-1,12330,,,
호반리젠시빌4,2003,10490,2009,7,28,83.7154,2,산월동,883-1,12330,,,
호반리젠시빌4,2003,10490,2009,7,28,83.7154,2,산월동,883-1,12330,,,
호반리젠시빌4,2003,10390,2009,7,28,83.7154,1,산월동,883-1,12330,,,
호반리젠시빌4,2003,10730,2009,7,28,83.7154,12,산월동,883-1,12330,,,
호반리젠시빌4,2003,10780,2009,7,28,83.7154,12,산월동,883-1,12330,,,
호반리젠시빌4,2003,10830,2009,7,28,83.7154,11,산월동,883-1,12330,,,
호반리젠시빌4,2003,10880,2009,7,28,83.7154,11,산월동,883-1,12330,,,
호반리젠시빌4,2003,10830,2009,7,28,83.7154,10,산월동,883-1,12330,,,
호반리젠시빌4,2003,10880,2009,7,28,83.7154,10,산월동,883-1,12330,,,
호반리젠시빌4,2003,10830,2009,7,28,83.7154,10,산월동,883-1,12330,,,
호반리젠시빌4,2003,10880,2009,7,28,83.7154,9,산월동,883-1,12330,,,
호반리젠시빌4,2003,10830,2009,7,28,83.7154,9,산월동,883-1,12330,,,
호반리젠시빌4,2003,10830,2009,7,28,83.7154,8,산월동,883-1,12330,,,
호반리젠시빌4,2003,10880,2009,7,28,83.7154,8,산월동,883-1,12330,,,
호반리젠시빌4,2003,10740,2009,7,28,83.7154,7,산월동,883-1,12330,,,
호반리젠시빌4,2003,10660,2009,7,28,83.7154,6,산월동,883-1,12330,,,
호반리젠시빌4,2003,10660,2009,7,28,83.7154,6,산월동,883-1,12330,,,
호반리젠시빌4,2003,10660,2009,7,28,83.7154,5,산월동,883-1,12330,,,
호반리젠시빌4,2003,10710,2009,7,28,83.7154,4,산월동,883-1,12330,,,
호반리젠시빌4,2003,10610,2009,7,28,83.7154,3,산월동,883-1,12330,,,
호반리젠시빌4,2003,10560,2009,7,28,83.7154,3,산월동,883-1,12330,,,
호반리젠시빌4,2003,10490,2009,7,28,83.7154,2,산월동,883-1,12330,,,
호반리젠시빌4,2003,10390,2009,7,28,83.7154,1,산월동,883-1,12330,,,
EG스위트밸리3차,2004,12700,2009,7,29,84.439,12,소촌동,232-6,12330,,,
대방노블랜드,2009,19113,2009,7,29,84.9366,10,신가동,1304,12330,,,
대방노블랜드,2009,19113,2009,7,29,84.9366,7,신가동,1304,12330,,,
대방노블랜드,2009,19113,2009,7,29,84.9366,17,신가동,1304,12330,,,
대방노블랜드,2009,19113,2009,7,29,84.9366,22,신가동,1304,12330,,,
리버힐,1992,4350,2009,7,29,49.86,10,우산동,1602-2,12330,,,
모아,1997,12050,2009,7,29,95.31,8,월계동,757-5,12330,,,
부영1차,2003,10500,2009,7,29,84.9763,8,산월동,882-1,12330,,,
부영1차,2003,10500,2009,7,29,84.9763,12,산월동,882-1,12330,,,
부영1차,2003,10500,2009,7,29,84.9763,3,산월동,882-1,12330,,,
부영1차,2003,10500,2009,7,29,84.9763,7,산월동,882-1,12330,,,
부영1차,2003,10500,2009,7,29,84.9763,6,산월동,882-1,12330,,,
부영1차,2003,10500,2009,7,29,84.9763,7,산월동,882-1,12330,,,
부영1차,2003,10500,2009,7,29,84.9763,7,산월동,882-1,12330,,,
부영1차,2003,10500,2009,7,29,84.9763,11,산월동,882-1,12330,,,
부영1차,2003,10500,2009,7,29,84.9763,10,산월동,882-1,12330,,,
부영1차,2003,10395,2009,7,29,84.9763,2,산월동,882-1,12330,,,
부영1차,2003,10500,2009,7,29,84.9763,11,산월동,882-1,12330,,,
부영1차,2003,10500,2009,7,29,84.9763,11,산월동,882-1,12330,,,
부영1차,2003,10500,2009,7,29,84.9763,3,산월동,882-1,12330,,,
부영1차,2003,10500,2009,7,29,84.9763,5,산월동,882-1,12330,,,
부영1차,2003,10500,2009,7,29,84.9763,12,산월동,882-1,12330,,,
부영1차,2003,10500,2009,7,29,84.9763,8,산월동,882-1,12330,,,
부영1차,2003,10500,2009,7,29,84.9763,7,산월동,882-1,12330,,,
부영1차,2003,10500,2009,7,29,84.9763,14,산월동,882-1,12330,,,
부영1차,2003,10500,2009,7,29,84.9763,9,산월동,882-1,12330,,,
부영1차,2003,10500,2009,7,29,84.9763,6,산월동,882-1,12330,,,
부영1차,2003,10500,2009,7,29,84.9763,5,산월동,882-1,12330,,,
부영1차,2003,10500,2009,7,29,84.9763,5,산월동,882-1,12330,,,
부영1차,2003,10500,2009,7,29,84.9763,3,산월동,882-1,12330,,,
부영1차,2003,10500,2009,7,29,84.9763,5,산월동,882-1,12330,,,
부영1차,2003,10500,2009,7,29,84.9763,14,산월동,882-1,12330,,,
부영1차,2003,10500,2009,7,29,84.9763,14,산월동,882-1,12330,,,
부영1차,2003,10500,2009,7,29,84.9763,12,산월동,882-1,12330,,,
부영1차,2003,10500,2009,7,29,84.9763,8,산월동,882-1,12330,,,
부영1차,2003,10500,2009,7,29,84.9763,7,산월동,882-1,12330,,,
부영1차,2003,10500,2009,7,29,84.9763,4,산월동,882-1,12330,,,
부영1차,2003,10500,2009,7,29,84.9763,11,산월동,882-1,12330,,,
부영1차,2003,10500,2009,7,29,84.9763,10,산월동,882-1,12330,,,
부영1차,2003,10500,2009,7,29,84.9763,9,산월동,882-1,12330,,,
부영1차,2003,10500,2009,7,29,84.9763,8,산월동,882-1,12330,,,
부영1차,2003,10500,2009,7,29,84.9763,5,산월동,882-1,12330,,,
부영1차,2003,10500,2009,7,29,84.9763,12,산월동,882-1,12330,,,
부영1차,2003,10500,2009,7,29,84.9763,5,산월동,882-1,12330,,,
부영1차,2003,10500,2009,7,29,84.9763,14,산월동,882-1,12330,,,
부영1차,2003,10500,2009,7,29,84.9763,13,산월동,882-1,12330,,,
부영1차,2003,10290,2009,7,29,84.9763,1,산월동,882-1,12330,,,
부영1차,2003,10500,2009,7,29,84.9763,11,산월동,882-1,12330,,,
부영1차,2003,10500,2009,7,29,84.9763,11,산월동,882-1,12330,,,
부영1차,2003,10500,2009,7,29,84.9763,9,산월동,882-1,12330,,,
부영1차,2003,10395,2009,7,29,84.9763,2,산월동,882-1,12330,,,
부영1차,2003,10500,2009,7,29,84.9763,13,산월동,882-1,12330,,,
부영1차,2003,10500,2009,7,29,84.9763,11,산월동,882-1,12330,,,
부영1차,2003,10500,2009,7,29,84.9763,10,산월동,882-1,12330,,,
부영1차,2003,10500,2009,7,29,84.9763,9,산월동,882-1,12330,,,
부영1차,2003,10500,2009,7,29,84.9763,8,산월동,882-1,12330,,,
부영1차,2003,10500,2009,7,29,84.9763,8,산월동,882-1,12330,,,
부영1차,2003,10500,2009,7,29,84.9763,4,산월동,882-1,12330,,,
부영1차,2003,10500,2009,7,29,84.9763,12,산월동,882-1,12330,,,
부영1차,2003,10500,2009,7,29,84.9763,8,산월동,882-1,12330,,,
부영1차,2003,10500,2009,7,29,84.9763,4,산월동,882-1,12330,,,
부영1차,2003,10500,2009,7,29,84.9763,3,산월동,882-1,12330,,,
부영1차,2003,10395,2009,7,29,84.9763,2,산월동,882-1,12330,,,
부영1차,2003,10500,2009,7,29,84.9763,8,산월동,882-1,12330,,,
부영1차,2003,10500,2009,7,29,84.9763,8,산월동,882-1,12330,,,
부영1차,2003,10500,2009,7,29,84.9763,4,산월동,882-1,12330,,,
부영1차,2003,10395,2009,7,29,84.9763,2,산월동,882-1,12330,,,
부영1차,2003,10500,2009,7,29,84.9763,11,산월동,882-1,12330,,,
부영1차,2003,10500,2009,7,29,84.9763,10,산월동,882-1,12330,,,
부영1차,2003,10500,2009,7,29,84.9763,7,산월동,882-1,12330,,,
부영1차,2003,10500,2009,7,29,84.9763,7,산월동,882-1,12330,,,
부영1차,2003,10500,2009,7,29,84.9763,3,산월동,882-1,12330,,,
부영1차,2003,10395,2009,7,29,84.9763,2,산월동,882-1,12330,,,
부영1차,2003,10500,2009,7,29,84.9763,12,산월동,882-1,12330,,,
부영1차,2003,10500,2009,7,29,84.9763,10,산월동,882-1,12330,,,
부영1차,2003,10500,2009,7,29,84.9763,6,산월동,882-1,12330,,,
부영1차,2003,10500,2009,7,29,84.9763,5,산월동,882-1,12330,,,
부영1차,2003,10500,2009,7,29,84.9763,4,산월동,882-1,12330,,,
부영1차,2003,10395,2009,7,29,84.9763,2,산월동,882-1,12330,,,
부영1차,2003,10395,2009,7,29,84.9763,2,산월동,882-1,12330,,,
부영1차,2003,10500,2009,7,29,84.9763,7,산월동,882-1,12330,,,
부영1차,2003,10500,2009,7,29,84.9763,6,산월동,882-1,12330,,,
부영1차,2003,10500,2009,7,29,84.9763,6,산월동,882-1,12330,,,
부영1차,2003,10500,2009,7,29,84.9763,5,산월동,882-1,12330,,,
부영1차,2003,10500,2009,7,29,84.9763,4,산월동,882-1,12330,,,
부영1차,2003,10500,2009,7,29,84.9763,4,산월동,882-1,12330,,,
부영1차,2003,10500,2009,7,29,84.9763,3,산월동,882-1,12330,,,
부영1차,2003,10395,2009,7,29,84.9763,2,산월동,882-1,12330,,,
부영1차,2003,10500,2009,7,29,84.9763,11,산월동,882-1,12330,,,
부영1차,2003,10395,2009,7,29,84.9763,2,산월동,882-1,12330,,,
부영1차,2003,10500,2009,7,29,84.9763,12,산월동,882-1,12330,,,
부영1차,2003,10500,2009,7,29,84.9763,10,산월동,882-1,12330,,,
부영1차,2003,10500,2009,7,29,84.9763,8,산월동,882-1,12330,,,
부영1차,2003,10500,2009,7,29,84.9763,3,산월동,882-1,12330,,,
부영1차,2003,10500,2009,7,29,84.9763,11,산월동,882-1,12330,,,
송광파크맨션3,1995,4250,2009,7,29,59.94,1,소촌동,603-3,12330,,,
신창5차호반베르디움,2005,14900,2009,7,29,84.976,22,신창동,1111,12330,,,
양우내안애,2008,16900,2009,7,29,84.9423,8,장덕동,1109,12330,,,
운남주공3단지,1996,5000,2009,7,29,49.69,7,운남동,777-1,12330,,,
운남주공3단지,1996,5550,2009,7,29,58.14,9,운남동,777-1,12330,,,
운남주공4단지,1996,5700,2009,7,29,59.76,9,운남동,771-1,12330,,,
운남주공6단지,2001,12300,2009,7,29,84.28,14,운남동,782-1,12330,,,
일신,1995,10300,2009,7,29,92.205,11,월계동,757-8,12330,,,
첨단남양파크,1996,5000,2009,7,29,59.82,5,월계동,765-6,12330,,,
첨단두산2,1996,5400,2009,7,29,59.997,5,월계동,765-8,12330,,,
첨단라인8,1997,6130,2009,7,29,59.9,1,월계동,763-2,12330,,,
하남주공(2단지),1991,4300,2009,7,29,44.52,1,우산동,1571-1,12330,,,
한성1차,1988,3400,2009,7,29,49.32,5,월곡동,614-1,12330,,,
한양수자인,2009,18800,2009,7,29,84.8894,14,신가동,1055,12330,,,
한양수자인,2009,18816,2009,7,29,84.6075,6,신가동,1055,12330,,,
한양수자인,2009,18816,2009,7,29,84.6075,7,신가동,1055,12330,,,
호반리젠시빌1,2003,10160,2009,7,29,84.3979,5,산월동,885-2,12330,,,
호반리젠시빌1,2003,10110,2009,7,29,84.3979,3,산월동,885-2,12330,,,
호반리젠시빌1,2003,10300,2009,7,29,84.3979,13,산월동,885-2,12330,,,
호반리젠시빌1,2003,10110,2009,7,29,84.3979,3,산월동,885-2,12330,,,
호반리젠시빌1,2003,10330,2009,7,29,84.3979,13,산월동,885-2,12330,,,
호반리젠시빌1,2003,10330,2009,7,29,84.3979,12,산월동,885-2,12330,,,
호반리젠시빌1,2003,10380,2009,7,29,84.3979,12,산월동,885-2,12330,,,
호반리젠시빌1,2003,10330,2009,7,29,84.3979,12,산월동,885-2,12330,,,
호반리젠시빌1,2003,10380,2009,7,29,84.3979,11,산월동,885-2,12330,,,
호반리젠시빌1,2003,10330,2009,7,29,84.3979,11,산월동,885-2,12330,,,
호반리젠시빌1,2003,10380,2009,7,29,84.3979,10,산월동,885-2,12330,,,
호반리젠시빌1,2003,10160,2009,7,29,84.3979,6,산월동,885-2,12330,,,
호반리젠시빌1,2003,10210,2009,7,29,84.3979,4,산월동,885-2,12330,,,
호반리젠시빌1,2003,9890,2009,7,29,84.3979,1,산월동,885-2,12330,,,
호반리젠시빌1,2003,9840,2009,7,29,84.3979,1,산월동,885-2,12330,,,
호반리젠시빌1,2003,10230,2009,7,29,84.3979,14,산월동,885-2,12330,,,
호반리젠시빌1,2003,10280,2009,7,29,84.3979,14,산월동,885-2,12330,,,
호반리젠시빌1,2003,10380,2009,7,29,84.3979,12,산월동,885-2,12330,,,
호반리젠시빌1,2003,10330,2009,7,29,84.3979,11,산월동,885-2,12330,,,
호반리젠시빌1,2003,10330,2009,7,29,84.3979,10,산월동,885-2,12330,,,
호반리젠시빌1,2003,10380,2009,7,29,84.3979,9,산월동,885-2,12330,,,
호반리젠시빌1,2003,10210,2009,7,29,84.3979,6,산월동,885-2,12330,,,
호반리젠시빌1,2003,10210,2009,7,29,84.3979,6,산월동,885-2,12330,,,
호반리젠시빌1,2003,10210,2009,7,29,84.3979,5,산월동,885-2,12330,,,
호반리젠시빌1,2003,10280,2009,7,29,84.3979,15,산월동,885-2,12330,,,
호반리젠시빌1,2003,10160,2009,7,29,84.3979,4,산월동,885-2,12330,,,
호반리젠시빌1,2003,10210,2009,7,29,84.3979,4,산월동,885-2,12330,,,
호반리젠시빌1,2003,10380,2009,7,29,84.3979,12,산월동,885-2,12330,,,
호반리젠시빌1,2003,10330,2009,7,29,84.3979,12,산월동,885-2,12330,,,
호반리젠시빌1,2003,10110,2009,7,29,84.3979,3,산월동,885-2,12330,,,
호반리젠시빌1,2003,10330,2009,7,29,84.3979,11,산월동,885-2,12330,,,
호반리젠시빌1,2003,9890,2009,7,29,84.3979,1,산월동,885-2,12330,,,
호반리젠시빌1,2003,10330,2009,7,29,84.3979,10,산월동,885-2,12330,,,
호반리젠시빌1,2003,10230,2009,7,29,84.3979,15,산월동,885-2,12330,,,
호반리젠시빌1,2003,10380,2009,7,29,84.3979,10,산월동,885-2,12330,,,
호반리젠시빌1,2003,10240,2009,7,29,84.3979,7,산월동,885-2,12330,,,
호반리젠시빌1,2003,10380,2009,7,29,84.3979,14,산월동,885-2,12330,,,
호반리젠시빌1,2003,10210,2009,7,29,84.3979,4,산월동,885-2,12330,,,
호반리젠시빌1,2003,10380,2009,7,29,84.3979,13,산월동,885-2,12330,,,
호반리젠시빌1,2003,10380,2009,7,29,84.3979,10,산월동,885-2,12330,,,
호반리젠시빌1,2003,10060,2009,7,29,84.3979,3,산월동,885-2,12330,,,
호반리젠시빌1,2003,10380,2009,7,29,84.3979,14,산월동,885-2,12330,,,
호반리젠시빌1,2003,10380,2009,7,29,84.3979,9,산월동,885-2,12330,,,
호반리젠시빌1,2003,10290,2009,7,29,84.3979,7,산월동,885-2,12330,,,
호반리젠시빌1,2003,9940,2009,7,29,84.3979,2,산월동,885-2,12330,,,
호반리젠시빌1,2003,10380,2009,7,29,84.3979,13,산월동,885-2,12330,,,
호반리젠시빌1,2003,12500,2009,7,29,84.3979,12,산월동,885-2,12330,,,
호반리젠시빌1차,2001,10930,2009,7,29,84.0624,5,신가동,1019-2,12330,,,
호반리젠시빌2,2003,10110,2009,7,29,84.3979,3,산월동,884-1,12330,,,
호반리젠시빌2,2003,10160,2009,7,29,84.3979,6,산월동,884-1,12330,,,
호반리젠시빌2,2003,10900,2009,7,29,84.3979,8,산월동,884-1,12330,,,
호반리젠시빌2,2003,10330,2009,7,29,84.3979,14,산월동,884-1,12330,,,
호반리젠시빌2,2003,10290,2009,7,29,84.3979,7,산월동,884-1,12330,,,
호반리젠시빌2,2003,9990,2009,7,29,84.3979,2,산월동,884-1,12330,,,
호반리젠시빌2,2003,9990,2009,7,29,84.3979,2,산월동,884-1,12330,,,
호반리젠시빌2,2003,9840,2009,7,29,84.3979,1,산월동,884-1,12330,,,
호반리젠시빌2,2003,10160,2009,7,29,84.3979,4,산월동,884-1,12330,,,
호반리젠시빌2,2003,10330,2009,7,29,84.3979,13,산월동,884-1,12330,,,
호반리젠시빌2,2003,10380,2009,7,29,84.3979,9,산월동,884-1,12330,,,
호반리젠시빌2,2003,10240,2009,7,29,84.3979,7,산월동,884-1,12330,,,
호반리젠시빌2,2003,10280,2009,7,29,84.3979,15,산월동,884-1,12330,,,
호반리젠시빌2,2003,10280,2009,7,29,84.3979,15,산월동,884-1,12330,,,
호반리젠시빌2,2003,10380,2009,7,29,84.3979,13,산월동,884-1,12330,,,
호반리젠시빌2,2003,10380,2009,7,29,84.3979,11,산월동,884-1,12330,,,
호반리젠시빌2,2003,10380,2009,7,29,84.3979,11,산월동,884-1,12330,,,
호반리젠시빌2,2003,10330,2009,7,29,84.3979,10,산월동,884-1,12330,,,
호반리젠시빌2,2003,10380,2009,7,29,84.3979,9,산월동,884-1,12330,,,
호반리젠시빌2,2003,10380,2009,7,29,84.3979,9,산월동,884-1,12330,,,
호반리젠시빌2,2003,10380,2009,7,29,84.3979,9,산월동,884-1,12330,,,
호반리젠시빌2,2003,10380,2009,7,29,84.3979,8,산월동,884-1,12330,,,
호반리젠시빌2,2003,10240,2009,7,29,84.3979,7,산월동,884-1,12330,,,
호반리젠시빌2,2003,10160,2009,7,29,84.3979,6,산월동,884-1,12330,,,
호반리젠시빌2,2003,10210,2009,7,29,84.3979,6,산월동,884-1,12330,,,
호반리젠시빌2,2003,10210,2009,7,29,84.3979,5,산월동,884-1,12330,,,
호반리젠시빌2,2003,10210,2009,7,29,84.3979,5,산월동,884-1,12330,,,
호반리젠시빌2,2003,10210,2009,7,29,84.3979,4,산월동,884-1,12330,,,
호반리젠시빌2,2003,10110,2009,7,29,84.3979,3,산월동,884-1,12330,,,
호반리젠시빌2,2003,10060,2009,7,29,84.3979,3,산월동,884-1,12330,,,
호반리젠시빌2,2003,9990,2009,7,29,84.3979,2,산월동,884-1,12330,,,
호반리젠시빌2,2003,10380,2009,7,29,84.3979,13,산월동,884-1,12330,,,
호반리젠시빌2,2003,10330,2009,7,29,84.3979,10,산월동,884-1,12330,,,
호반리젠시빌2,2003,10380,2009,7,29,84.3979,8,산월동,884-1,12330,,,
호반리젠시빌2,2003,10290,2009,7,29,84.3979,7,산월동,884-1,12330,,,
호반리젠시빌2,2003,10210,2009,7,29,84.3979,5,산월동,884-1,12330,,,
호반리젠시빌2,2003,10230,2009,7,29,84.3979,15,산월동,884-1,12330,,,
호반리젠시빌2,2003,10380,2009,7,29,84.3979,14,산월동,884-1,12330,,,
호반리젠시빌2,2003,10380,2009,7,29,84.3979,14,산월동,884-1,12330,,,
호반리젠시빌2,2003,10330,2009,7,29,84.3979,8,산월동,884-1,12330,,,
호반리젠시빌2,2003,10160,2009,7,29,84.3979,6,산월동,884-1,12330,,,
호반리젠시빌2,2003,10210,2009,7,29,84.3979,5,산월동,884-1,12330,,,
호반리젠시빌2,2003,10160,2009,7,29,84.3979,5,산월동,884-1,12330,,,
호반리젠시빌2,2003,10210,2009,7,29,84.3979,4,산월동,884-1,12330,,,
호반리젠시빌2,2003,10060,2009,7,29,84.3979,3,산월동,884-1,12330,,,
호반리젠시빌2,2003,10110,2009,7,29,84.3979,3,산월동,884-1,12330,,,
호반리젠시빌2,2003,10230,2009,7,29,84.3979,15,산월동,884-1,12330,,,
호반리젠시빌2,2003,9940,2009,7,29,84.3979,2,산월동,884-1,12330,,,
호반리젠시빌2,2003,10380,2009,7,29,84.3979,14,산월동,884-1,12330,,,
호반리젠시빌2,2003,10380,2009,7,29,84.3979,12,산월동,884-1,12330,,,
호반리젠시빌2,2003,10330,2009,7,29,84.3979,11,산월동,884-1,12330,,,
호반리젠시빌2,2003,10450,2009,7,29,84.3979,13,산월동,884-1,12330,,,
호반리젠시빌2,2003,10330,2009,7,29,84.3979,10,산월동,884-1,12330,,,
호반리젠시빌2,2003,10160,2009,7,29,84.3979,5,산월동,884-1,12330,,,
호반리젠시빌2,2003,10160,2009,7,29,84.3979,4,산월동,884-1,12330,,,
호반리젠시빌2,2003,10450,2009,7,29,84.3979,12,산월동,884-1,12330,,,
호반리젠시빌2,2003,10210,2009,7,29,84.3979,4,산월동,884-1,12330,,,
호반리젠시빌2,2003,10450,2009,7,29,84.3979,9,산월동,884-1,12330,,,
호반리젠시빌2,2003,10060,2009,7,29,84.3979,3,산월동,884-1,12330,,,
호반리젠시빌2,2003,10210,2009,7,29,84.3979,4,산월동,884-1,12330,,,
호반리젠시빌2,2003,10380,2009,7,29,84.3979,14,산월동,884-1,12330,,,
호반리젠시빌2,2003,10210,2009,7,29,84.3979,4,산월동,884-1,12330,,,
호반리젠시빌2,2003,10380,2009,7,29,84.3979,13,산월동,884-1,12330,,,
호반리젠시빌2,2003,10380,2009,7,29,84.3979,13,산월동,884-1,12330,,,
호반리젠시빌2,2003,10110,2009,7,29,84.3979,3,산월동,884-1,12330,,,
호반리젠시빌2,2003,10380,2009,7,29,84.3979,12,산월동,884-1,12330,,,
호반리젠시빌2,2003,10380,2009,7,29,84.3979,11,산월동,884-1,12330,,,
호반리젠시빌2,2003,9940,2009,7,29,84.3979,2,산월동,884-1,12330,,,
호반리젠시빌2,2003,10380,2009,7,29,84.3979,11,산월동,884-1,12330,,,
호반리젠시빌2,2003,10300,2009,7,29,84.3979,14,산월동,884-1,12330,,,
호반리젠시빌2,2003,10450,2009,7,29,84.3979,10,산월동,884-1,12330,,,
호반리젠시빌2,2003,10110,2009,7,29,84.3979,3,산월동,884-1,12330,,,
호반리젠시빌2,2003,9990,2009,7,29,84.3979,2,산월동,884-1,12330,,,
호반리젠시빌2,2003,10380,2009,7,29,84.3979,10,산월동,884-1,12330,,,
호반리젠시빌2,2003,10380,2009,7,29,84.3979,9,산월동,884-1,12330,,,
호반리젠시빌2,2003,10450,2009,7,29,84.3979,13,산월동,884-1,12330,,,
호반리젠시빌2,2003,10400,2009,7,29,84.3979,9,산월동,884-1,12330,,,
호반리젠시빌2,2003,10450,2009,7,29,84.3979,9,산월동,884-1,12330,,,
호반리젠시빌2,2003,10240,2009,7,29,84.3979,7,산월동,884-1,12330,,,
호반리젠시빌2,2003,9890,2009,7,29,84.3979,1,산월동,884-1,12330,,,
호반리젠시빌2,2003,10210,2009,7,29,84.3979,6,산월동,884-1,12330,,,
호반리젠시빌2,2003,9890,2009,7,29,84.3979,1,산월동,884-1,12330,,,
호반리젠시빌2,2003,10450,2009,7,29,84.3979,10,산월동,884-1,12330,,,
호반리젠시빌3,2003,8830,2009,7,29,72.504,1,산월동,884-2,12330,,,
호반리젠시빌3,2003,8830,2009,7,29,72.504,1,산월동,884-2,12330,,,
호반리젠시빌3,2003,10160,2009,7,29,84.3979,4,산월동,884-2,12330,,,
호반리젠시빌3,2003,10350,2009,7,29,84.3979,13,산월동,884-2,12330,,,
호반리젠시빌3,2003,9370,2009,7,29,72.504,12,산월동,884-2,12330,,,
호반리젠시빌3,2003,9370,2009,7,29,72.504,11,산월동,884-2,12330,,,
호반리젠시빌3,2003,9200,2009,7,29,72.504,4,산월동,884-2,12330,,,
호반리젠시빌3,2003,10380,2009,7,29,84.3979,13,산월동,884-2,12330,,,
호반리젠시빌3,2003,10380,2009,7,29,84.3979,11,산월동,884-2,12330,,,
호반리젠시빌3,2003,10330,2009,7,29,84.3979,10,산월동,884-2,12330,,,
호반리젠시빌3,2003,10330,2009,7,29,84.3979,10,산월동,884-2,12330,,,
호반리젠시빌3,2003,10330,2009,7,29,84.3979,9,산월동,884-2,12330,,,
호반리젠시빌3,2003,10240,2009,7,29,84.3979,7,산월동,884-2,12330,,,
호반리젠시빌3,2003,10160,2009,7,29,84.3979,6,산월동,884-2,12330,,,
호반리젠시빌3,2003,10110,2009,7,29,84.3979,3,산월동,884-2,12330,,,
호반리젠시빌3,2003,9840,2009,7,29,84.3979,1,산월동,884-2,12330,,,
호반리젠시빌3,2003,9220,2009,7,29,72.504,15,산월동,884-2,12330,,,
호반리젠시빌3,2003,9270,2009,7,29,72.504,15,산월동,884-2,12330,,,
호반리젠시빌3,2003,9320,2009,7,29,72.504,13,산월동,884-2,12330,,,
호반리젠시빌3,2003,9370,2009,7,29,72.504,12,산월동,884-2,12330,,,
호반리젠시빌3,2003,9320,2009,7,29,72.504,12,산월동,884-2,12330,,,
호반리젠시빌3,2003,9370,2009,7,29,72.504,11,산월동,884-2,12330,,,
호반리젠시빌3,2003,9320,2009,7,29,72.504,10,산월동,884-2,12330,,,
호반리젠시빌3,2003,9370,2009,7,29,72.504,9,산월동,884-2,12330,,,
호반리젠시빌3,2003,9280,2009,7,29,72.504,7,산월동,884-2,12330,,,
호반리젠시빌3,2003,9280,2009,7,29,72.504,7,산월동,884-2,12330,,,
호반리젠시빌3,2003,9150,2009,7,29,72.504,6,산월동,884-2,12330,,,
호반리젠시빌3,2003,9200,2009,7,29,72.504,6,산월동,884-2,12330,,,
호반리젠시빌3,2003,9200,2009,7,29,72.504,6,산월동,884-2,12330,,,
호반리젠시빌3,2003,9200,2009,7,29,72.504,6,산월동,884-2,12330,,,
호반리젠시빌3,2003,9200,2009,7,29,72.504,5,산월동,884-2,12330,,,
호반리젠시빌3,2003,9200,2009,7,29,72.504,5,산월동,884-2,12330,,,
호반리젠시빌3,2003,9200,2009,7,29,72.504,4,산월동,884-2,12330,,,
호반리젠시빌3,2003,9050,2009,7,29,72.504,3,산월동,884-2,12330,,,
호반리젠시빌3,2003,10380,2009,7,29,84.3979,12,산월동,884-2,12330,,,
호반리젠시빌3,2003,8930,2009,7,29,72.504,2,산월동,884-2,12330,,,
호반리젠시빌3,2003,10330,2009,7,29,84.3979,8,산월동,884-2,12330,,,
호반리젠시빌3,2003,10210,2009,7,29,84.3979,5,산월동,884-2,12330,,,
호반리젠시빌3,2003,8830,2009,7,29,72.504,1,산월동,884-2,12330,,,
호반리젠시빌3,2003,9990,2009,7,29,84.3979,2,산월동,884-2,12330,,,
호반리젠시빌3,2003,10330,2009,7,29,84.3979,14,산월동,884-2,12330,,,
호반리젠시빌3,2003,10280,2009,7,29,84.3979,15,산월동,884-2,12330,,,
호반리젠시빌3,2003,10380,2009,7,29,84.3979,13,산월동,884-2,12330,,,
호반리젠시빌3,2003,10380,2009,7,29,84.3979,10,산월동,884-2,12330,,,
호반리젠시빌3,2003,10330,2009,7,29,84.3979,9,산월동,884-2,12330,,,
호반리젠시빌3,2003,10330,2009,7,29,84.3979,12,산월동,884-2,12330,,,
호반리젠시빌3,2003,10210,2009,7,29,84.3979,5,산월동,884-2,12330,,,
호반리젠시빌3,2003,10330,2009,7,29,84.3979,12,산월동,884-2,12330,,,
호반리젠시빌3,2003,10160,2009,7,29,84.3979,5,산월동,884-2,12330,,,
호반리젠시빌3,2003,10330,2009,7,29,84.3979,11,산월동,884-2,12330,,,
호반리젠시빌3,2003,9890,2009,7,29,84.3979,1,산월동,884-2,12330,,,
호반리젠시빌3,2003,10330,2009,7,29,84.3979,10,산월동,884-2,12330,,,
호반리젠시빌3,2003,10330,2009,7,29,84.3979,9,산월동,884-2,12330,,,
호반리젠시빌3,2003,10330,2009,7,29,84.3979,8,산월동,884-2,12330,,,
호반리젠시빌3,2003,9270,2009,7,29,72.504,15,산월동,884-2,12330,,,
호반리젠시빌3,2003,9320,2009,7,29,72.504,14,산월동,884-2,12330,,,
호반리젠시빌3,2003,10240,2009,7,29,84.3979,7,산월동,884-2,12330,,,
호반리젠시빌3,2003,9370,2009,7,29,72.504,12,산월동,884-2,12330,,,
호반리젠시빌3,2003,10290,2009,7,29,84.3979,7,산월동,884-2,12330,,,
호반리젠시빌3,2003,9370,2009,7,29,72.504,12,산월동,884-2,12330,,,
호반리젠시빌3,2003,10210,2009,7,29,84.3979,6,산월동,884-2,12330,,,
호반리젠시빌3,2003,9370,2009,7,29,72.504,11,산월동,884-2,12330,,,
호반리젠시빌3,2003,10160,2009,7,29,84.3979,5,산월동,884-2,12330,,,
호반리젠시빌3,2003,9320,2009,7,29,72.504,10,산월동,884-2,12330,,,
호반리젠시빌3,2003,9370,2009,7,29,72.504,9,산월동,884-2,12330,,,
호반리젠시빌3,2003,9990,2009,7,29,84.3979,2,산월동,884-2,12330,,,
호반리젠시빌3,2003,9280,2009,7,29,72.504,7,산월동,884-2,12330,,,
호반리젠시빌3,2003,9370,2009,7,29,72.504,14,산월동,884-2,12330,,,
호반리젠시빌3,2003,9200,2009,7,29,72.504,5,산월동,884-2,12330,,,
호반리젠시빌3,2003,9370,2009,7,29,72.504,12,산월동,884-2,12330,,,
호반리젠시빌3,2003,9200,2009,7,29,72.504,4,산월동,884-2,12330,,,
호반리젠시빌3,2003,9370,2009,7,29,72.504,10,산월동,884-2,12330,,,
호반리젠시빌3,2003,9200,2009,7,29,72.504,4,산월동,884-2,12330,,,
호반리젠시빌3,2003,9370,2009,7,29,72.504,9,산월동,884-2,12330,,,
호반리젠시빌3,2003,9280,2009,7,29,72.504,7,산월동,884-2,12330,,,
호반리젠시빌3,2003,9150,2009,7,29,72.504,4,산월동,884-2,12330,,,
호반리젠시빌3,2003,8980,2009,7,29,72.504,2,산월동,884-2,12330,,,
호반리젠시빌3,2003,9200,2009,7,29,72.504,6,산월동,884-2,12330,,,
호반리젠시빌3,2003,8980,2009,7,29,72.504,2,산월동,884-2,12330,,,
호반리젠시빌3,2003,9150,2009,7,29,72.504,5,산월동,884-2,12330,,,
호반리젠시빌3,2003,9200,2009,7,29,72.504,4,산월동,884-2,12330,,,
호반리젠시빌3,2003,10210,2009,7,29,84.3979,6,산월동,884-2,12330,,,
호반리젠시빌3,2003,9200,2009,7,29,72.504,4,산월동,884-2,12330,,,
호반리젠시빌3,2003,10210,2009,7,29,84.3979,4,산월동,884-2,12330,,,
호반리젠시빌3,2003,8880,2009,7,29,72.504,1,산월동,884-2,12330,,,
호반리젠시빌3,2003,9100,2009,7,29,72.504,3,산월동,884-2,12330,,,
호반리젠시빌3,2003,9840,2009,7,29,84.3979,1,산월동,884-2,12330,,,
호반리젠시빌3,2003,10330,2009,7,29,84.3979,14,산월동,884-2,12330,,,
호반리젠시빌3,2003,9340,2009,7,29,72.504,15,산월동,884-2,12330,,,
호반리젠시빌3,2003,8980,2009,7,29,72.504,2,산월동,884-2,12330,,,
호반리젠시빌3,2003,9440,2009,7,29,72.504,14,산월동,884-2,12330,,,
호반리젠시빌3,2003,10380,2009,7,29,84.3979,14,산월동,884-2,12330,,,
호반리젠시빌3,2003,9390,2009,7,29,72.504,14,산월동,884-2,12330,,,
호반리젠시빌3,2003,10280,2009,7,29,84.3979,13,산월동,884-2,12330,,,
호반리젠시빌3,2003,9390,2009,7,29,72.504,13,산월동,884-2,12330,,,
호반리젠시빌3,2003,10280,2009,7,29,84.3979,13,산월동,884-2,12330,,,
호반리젠시빌3,2003,10380,2009,7,29,84.3979,14,산월동,884-2,12330,,,
호반리젠시빌3,2003,10380,2009,7,29,84.3979,12,산월동,884-2,12330,,,
호반리젠시빌3,2003,9440,2009,7,29,72.504,12,산월동,884-2,12330,,,
호반리젠시빌3,2003,10330,2009,7,29,84.3979,12,산월동,884-2,12330,,,
호반리젠시빌3,2003,10380,2009,7,29,84.3979,13,산월동,884-2,12330,,,
호반리젠시빌3,2003,10380,2009,7,29,84.3979,11,산월동,884-2,12330,,,
호반리젠시빌3,2003,9440,2009,7,29,72.504,11,산월동,884-2,12330,,,
호반리젠시빌3,2003,9440,2009,7,29,72.504,11,산월동,884-2,12330,,,
호반리젠시빌3,2003,9440,2009,7,29,72.504,9,산월동,884-2,12330,,,
호반리젠시빌3,2003,9390,2009,7,29,72.504,8,산월동,884-2,12330,,,
호반리젠시빌3,2003,9290,2009,7,29,72.504,7,산월동,884-2,12330,,,
호반리젠시빌3,2003,9150,2009,7,29,72.504,6,산월동,884-2,12330,,,
호반리젠시빌3,2003,9150,2009,7,29,72.504,5,산월동,884-2,12330,,,
호반리젠시빌3,2003,9200,2009,7,29,72.504,4,산월동,884-2,12330,,,
호반리젠시빌3,2003,9200,2009,7,29,72.504,4,산월동,884-2,12330,,,
호반리젠시빌3,2003,8930,2009,7,29,72.504,2,산월동,884-2,12330,,,
호반리젠시빌3,2003,8880,2009,7,29,72.504,1,산월동,884-2,12330,,,
호반리젠시빌3,2003,10450,2009,7,29,84.3979,12,산월동,884-2,12330,,,
호반리젠시빌3,2003,10400,2009,7,29,84.3979,11,산월동,884-2,12330,,,
호반리젠시빌3,2003,10450,2009,7,29,84.3979,10,산월동,884-2,12330,,,
호반리젠시빌3,2003,10400,2009,7,29,84.3979,8,산월동,884-2,12330,,,
호반리젠시빌3,2003,10300,2009,7,29,84.3979,7,산월동,884-2,12330,,,
호반리젠시빌3,2003,10160,2009,7,29,84.3979,5,산월동,884-2,12330,,,
호반리젠시빌3,2003,9890,2009,7,29,84.3979,1,산월동,884-2,12330,,,
호반리젠시빌3,2003,10900,2009,7,29,72.504,8,산월동,884-2,12330,,,
호반리젠시빌3,2003,10160,2009,7,29,84.3979,5,산월동,884-2,12330,,,
호반리젠시빌4,2003,10610,2009,7,29,83.7154,3,산월동,883-1,12330,,,
호반리젠시빌4,2003,10790,2009,7,29,83.7154,7,산월동,883-1,12330,,,
호반리젠시빌4,2003,10730,2009,7,29,83.7154,14,산월동,883-1,12330,,,
호반리젠시빌4,2003,10780,2009,7,29,83.7154,15,산월동,883-1,12330,,,
호반리젠시빌4,2003,10880,2009,7,29,83.7154,14,산월동,883-1,12330,,,
호반리젠시빌4,2003,10830,2009,7,29,83.7154,13,산월동,883-1,12330,,,
호반리젠시빌4,2003,10880,2009,7,29,83.7154,13,산월동,883-1,12330,,,
호반리젠시빌4,2003,10830,2009,7,29,83.7154,11,산월동,883-1,12330,,,
호반리젠시빌4,2003,10880,2009,7,29,83.7154,11,산월동,883-1,12330,,,
호반리젠시빌4,2003,10880,2009,7,29,83.7154,9,산월동,883-1,12330,,,
호반리젠시빌4,2003,10880,2009,7,29,83.7154,8,산월동,883-1,12330,,,
호반리젠시빌4,2003,10710,2009,7,29,83.7154,6,산월동,883-1,12330,,,
호반리젠시빌4,2003,10660,2009,7,29,83.7154,6,산월동,883-1,12330,,,
호반리젠시빌4,2003,10660,2009,7,29,83.7154,5,산월동,883-1,12330,,,
호반리젠시빌4,2003,10710,2009,7,29,83.7154,5,산월동,883-1,12330,,,
호반리젠시빌4,2003,10660,2009,7,29,83.7154,5,산월동,883-1,12330,,,
호반리젠시빌4,2003,10710,2009,7,29,83.7154,4,산월동,883-1,12330,,,
호반리젠시빌4,2003,10780,2009,7,29,83.7154,15,산월동,883-1,12330,,,
호반리젠시빌4,2003,10880,2009,7,29,83.7154,13,산월동,883-1,12330,,,
호반리젠시빌4,2003,10880,2009,7,29,83.7154,13,산월동,883-1,12330,,,
호반리젠시빌4,2003,10830,2009,7,29,83.7154,10,산월동,883-1,12330,,,
호반리젠시빌4,2003,10880,2009,7,29,83.7154,10,산월동,883-1,12330,,,
호반리젠시빌4,2003,10790,2009,7,29,83.7154,7,산월동,883-1,12330,,,
호반리젠시빌4,2003,10710,2009,7,29,83.7154,6,산월동,883-1,12330,,,
호반리젠시빌4,2003,10710,2009,7,29,83.7154,5,산월동,883-1,12330,,,
호반리젠시빌4,2003,10440,2009,7,29,83.7154,2,산월동,883-1,12330,,,
호반리젠시빌4,2003,10490,2009,7,29,83.7154,2,산월동,883-1,12330,,,
호반리젠시빌4,2003,10830,2009,7,29,83.7154,14,산월동,883-1,12330,,,
호반리젠시빌4,2003,10880,2009,7,29,83.7154,12,산월동,883-1,12330,,,
호반리젠시빌4,2003,10830,2009,7,29,83.7154,12,산월동,883-1,12330,,,
호반리젠시빌4,2003,10660,2009,7,29,83.7154,4,산월동,883-1,12330,,,
호반리젠시빌4,2003,10710,2009,7,29,83.7154,4,산월동,883-1,12330,,,
호반리젠시빌4,2003,10880,2009,7,29,83.7154,13,산월동,883-1,12330,,,
호반리젠시빌4,2003,10830,2009,7,29,83.7154,13,산월동,883-1,12330,,,
호반리젠시빌4,2003,10880,2009,7,29,83.7154,10,산월동,883-1,12330,,,
호반리젠시빌4,2003,10880,2009,7,29,83.7154,8,산월동,883-1,12330,,,
호반리젠시빌4,2003,10710,2009,7,29,83.7154,6,산월동,883-1,12330,,,
호반리젠시빌4,2003,10660,2009,7,29,83.7154,6,산월동,883-1,12330,,,
호반리젠시빌4,2003,10660,2009,7,29,83.7154,4,산월동,883-1,12330,,,
호반리젠시빌4,2003,10730,2009,7,29,83.7154,14,산월동,883-1,12330,,,
호반리젠시빌4,2003,10880,2009,7,29,83.7154,13,산월동,883-1,12330,,,
호반리젠시빌4,2003,10880,2009,7,29,83.7154,12,산월동,883-1,12330,,,
호반리젠시빌4,2003,10830,2009,7,29,83.7154,11,산월동,883-1,12330,,,
호반리젠시빌4,2003,10830,2009,7,29,83.7154,10,산월동,883-1,12330,,,
호반리젠시빌4,2003,10660,2009,7,29,83.7154,4,산월동,883-1,12330,,,
호반리젠시빌4,2003,10610,2009,7,29,83.7154,3,산월동,883-1,12330,,,
호반리젠시빌4,2003,10390,2009,7,29,83.7154,1,산월동,883-1,12330,,,
호반리젠시빌4,2003,10390,2009,7,29,83.7154,1,산월동,883-1,12330,,,
호반리젠시빌4,2003,10340,2009,7,29,83.7154,1,산월동,883-1,12330,,,
호반리젠시빌4,2003,10780,2009,7,29,83.7154,15,산월동,883-1,12330,,,
호반리젠시빌4,2003,10830,2009,7,29,83.7154,14,산월동,883-1,12330,,,
호반리젠시빌4,2003,10830,2009,7,29,83.7154,13,산월동,883-1,12330,,,
호반리젠시빌4,2003,10830,2009,7,29,83.7154,10,산월동,883-1,12330,,,
호반리젠시빌4,2003,10830,2009,7,29,83.7154,9,산월동,883-1,12330,,,
호반리젠시빌4,2003,10880,2009,7,29,83.7154,9,산월동,883-1,12330,,,
호반리젠시빌4,2003,10880,2009,7,29,83.7154,9,산월동,883-1,12330,,,
호반리젠시빌4,2003,10880,2009,7,29,83.7154,9,산월동,883-1,12330,,,
호반리젠시빌4,2003,10880,2009,7,29,83.7154,8,산월동,883-1,12330,,,
호반리젠시빌4,2003,10830,2009,7,29,83.7154,8,산월동,883-1,12330,,,
호반리젠시빌4,2003,10740,2009,7,29,83.7154,7,산월동,883-1,12330,,,
호반리젠시빌4,2003,10710,2009,7,29,83.7154,5,산월동,883-1,12330,,,
호반리젠시빌4,2003,10490,2009,7,29,83.7154,2,산월동,883-1,12330,,,
호반리젠시빌4,2003,10830,2009,7,29,83.7154,11,산월동,883-1,12330,,,
호반리젠시빌4,2003,10880,2009,7,29,83.7154,9,산월동,883-1,12330,,,
호반리젠시빌4,2003,10710,2009,7,29,83.7154,5,산월동,883-1,12330,,,
호반리젠시빌4,2003,10710,2009,7,29,83.7154,5,산월동,883-1,12330,,,
호반리젠시빌4,2003,10660,2009,7,29,83.7154,4,산월동,883-1,12330,,,
호반리젠시빌4,2003,10560,2009,7,29,83.7154,3,산월동,883-1,12330,,,
대방노블랜드,2009,19113,2009,7,30,84.9366,22,신가동,1304,12330,,,
동산아파트,1991,4580,2009,7,30,59.61,6,우산동,1572-5,12330,,,
라인2차,1997,5300,2009,7,30,59.9,3,소촌동,97-1,12330,,,
보경해피드림,2006,8900,2009,7,30,84.9546,7,도산동,56-5,12330,,,
부영1차,2003,15800,2009,7,30,84.9763,9,산월동,882-1,12330,,,
부영1차,2003,10500,2009,7,30,84.9763,7,산월동,882-1,12330,,,
부영1차,2003,10500,2009,7,30,84.9763,12,산월동,882-1,12330,,,
부영1차,2003,10500,2009,7,30,84.9763,14,산월동,882-1,12330,,,
부영1차,2003,10500,2009,7,30,84.9763,7,산월동,882-1,12330,,,
부영1차,2003,10500,2009,7,30,84.9763,10,산월동,882-1,12330,,,
부영1차,2003,10500,2009,7,30,84.9763,12,산월동,882-1,12330,,,
부영1차,2003,10500,2009,7,30,84.9763,10,산월동,882-1,12330,,,
부영1차,2003,10500,2009,7,30,84.9763,8,산월동,882-1,12330,,,
부영1차,2003,10395,2009,7,30,84.9763,2,산월동,882-1,12330,,,
부영1차,2003,10500,2009,7,30,84.9763,14,산월동,882-1,12330,,,
부영1차,2003,10500,2009,7,30,84.9763,12,산월동,882-1,12330,,,
부영1차,2003,10500,2009,7,30,84.9763,6,산월동,882-1,12330,,,
부영1차,2003,10500,2009,7,30,84.9763,4,산월동,882-1,12330,,,
부영1차,2003,10500,2009,7,30,84.9763,12,산월동,882-1,12330,,,
부영1차,2003,10500,2009,7,30,84.9763,8,산월동,882-1,12330,,,
부영1차,2003,10500,2009,7,30,84.9763,6,산월동,882-1,12330,,,
부영1차,2003,10500,2009,7,30,84.9763,15,산월동,882-1,12330,,,
부영1차,2003,10500,2009,7,30,84.9763,12,산월동,882-1,12330,,,
부영1차,2003,10500,2009,7,30,84.9763,10,산월동,882-1,12330,,,
부영1차,2003,10500,2009,7,30,84.9763,8,산월동,882-1,12330,,,
부영1차,2003,10500,2009,7,30,84.9763,7,산월동,882-1,12330,,,
부영1차,2003,10500,2009,7,30,84.9763,6,산월동,882-1,12330,,,
부영1차,2003,10500,2009,7,30,84.9763,5,산월동,882-1,12330,,,
부영1차,2003,10500,2009,7,30,84.9763,5,산월동,882-1,12330,,,
부영1차,2003,10500,2009,7,30,84.9763,4,산월동,882-1,12330,,,
부영1차,2003,10500,2009,7,30,84.9763,14,산월동,882-1,12330,,,
부영1차,2003,10500,2009,7,30,84.9763,14,산월동,882-1,12330,,,
부영1차,2003,10500,2009,7,30,84.9763,6,산월동,882-1,12330,,,
부영1차,2003,10500,2009,7,30,84.9763,5,산월동,882-1,12330,,,
부영1차,2003,10500,2009,7,30,84.9763,4,산월동,882-1,12330,,,
부영1차,2003,10395,2009,7,30,84.9763,2,산월동,882-1,12330,,,
부영1차,2003,10500,2009,7,30,84.9763,13,산월동,882-1,12330,,,
부영1차,2003,10500,2009,7,30,84.9763,12,산월동,882-1,12330,,,
부영1차,2003,10500,2009,7,30,84.9763,5,산월동,882-1,12330,,,
부영1차,2003,10500,2009,7,30,84.9763,13,산월동,882-1,12330,,,
부영1차,2003,10500,2009,7,30,84.9763,12,산월동,882-1,12330,,,
부영1차,2003,10500,2009,7,30,84.9763,11,산월동,882-1,12330,,,
부영1차,2003,10500,2009,7,30,84.9763,10,산월동,882-1,12330,,,
부영1차,2003,10500,2009,7,30,84.9763,6,산월동,882-1,12330,,,
부영1차,2003,10500,2009,7,30,84.9763,5,산월동,882-1,12330,,,
부영1차,2003,10500,2009,7,30,84.9763,5,산월동,882-1,12330,,,
부영1차,2003,10500,2009,7,30,84.9763,3,산월동,882-1,12330,,,
부영1차,2003,10500,2009,7,30,84.9763,12,산월동,882-1,12330,,,
부영1차,2003,10500,2009,7,30,84.9763,10,산월동,882-1,12330,,,
부영1차,2003,10500,2009,7,30,84.9763,6,산월동,882-1,12330,,,
부영1차,2003,10500,2009,7,30,84.9763,6,산월동,882-1,12330,,,
부영1차,2003,10500,2009,7,30,84.9763,5,산월동,882-1,12330,,,
부영1차,2003,10500,2009,7,30,84.9763,4,산월동,882-1,12330,,,
부영1차,2003,10500,2009,7,30,84.9763,13,산월동,882-1,12330,,,
부영1차,2003,10185,2009,7,30,84.9763,11,산월동,882-1,12330,,,
부영1차,2003,10500,2009,7,30,84.9763,11,산월동,882-1,12330,,,
부영1차,2003,10500,2009,7,30,84.9763,8,산월동,882-1,12330,,,
부영1차,2003,10500,2009,7,30,84.9763,6,산월동,882-1,12330,,,
부영1차,2003,10395,2009,7,30,84.9763,2,산월동,882-1,12330,,,
부영1차,2003,10500,2009,7,30,84.9763,7,산월동,882-1,12330,,,
부영1차,2003,10500,2009,7,30,84.9763,6,산월동,882-1,12330,,,
부영1차,2003,10500,2009,7,30,84.9763,11,산월동,882-1,12330,,,
부영1차,2003,10500,2009,7,30,84.9763,8,산월동,882-1,12330,,,
부영1차,2003,10500,2009,7,30,84.9763,5,산월동,882-1,12330,,,
부영1차,2003,10500,2009,7,30,84.9763,13,산월동,882-1,12330,,,
부영1차,2003,10500,2009,7,30,84.9763,11,산월동,882-1,12330,,,
부영1차,2003,10500,2009,7,30,84.9763,10,산월동,882-1,12330,,,
부영1차,2003,10500,2009,7,30,84.9763,9,산월동,882-1,12330,,,
부영1차,2003,10500,2009,7,30,84.9763,9,산월동,882-1,12330,,,
부영1차,2003,10500,2009,7,30,84.9763,8,산월동,882-1,12330,,,
부영1차,2003,10500,2009,7,30,84.9763,5,산월동,882-1,12330,,,
부영1차,2003,10395,2009,7,30,84.9763,2,산월동,882-1,12330,,,
부영1차,2003,10500,2009,7,30,84.9763,4,산월동,882-1,12330,,,
부영1차,2003,10290,2009,7,30,84.9763,1,산월동,882-1,12330,,,
부영1차,2003,10500,2009,7,30,84.9763,9,산월동,882-1,12330,,,
부영1차,2003,10500,2009,7,30,84.9763,7,산월동,882-1,12330,,,
부영1차,2003,10500,2009,7,30,84.9763,6,산월동,882-1,12330,,,
부영1차,2003,10500,2009,7,30,84.9763,10,산월동,882-1,12330,,,
부영1차,2003,10500,2009,7,30,84.9763,5,산월동,882-1,12330,,,
부영1차,2003,10500,2009,7,30,84.9763,7,산월동,882-1,12330,,,
부영1차,2003,10500,2009,7,30,84.9763,8,산월동,882-1,12330,,,
삼성,1996,5400,2009,7,30,49.54,4,운남동,387-22,12330,,,
상아,1996,4500,2009,7,30,59.97,3,송정동,965-1,12330,,,
서경,1998,6350,2009,7,30,59.79,9,도산동,1081,12330,,,
서라,1995,6350,2009,7,30,59.97,2,월계동,764-2,12330,,,
수완GS자이,2008,30000,2009,7,30,121.5193,2,장덕동,1116,12330,,,
신창5차호반베르디움,2005,15500,2009,7,30,84.6799,23,신창동,1111,12330,,,
어등하이빌,1992,5600,2009,7,30,59.67,13,우산동,1572-6,12330,,,
우미린2차,2008,18300,2009,7,30,84.9547,11,수완동,908,12330,,,
우미이노스빌,2002,9650,2009,7,30,59.8527,9,신가동,1012,12330,,,
운남주공10단지,2003,8400,2009,7,30,59.92,3,월곡동,685-1,12330,,,
운남주공10단지,2003,6350,2009,7,30,59.77,1,월곡동,685-1,12330,,,
운남주공10단지,2003,9175,2009,7,30,84.86,6,월곡동,685-1,12330,,,
운남주공8단지,2000,7800,2009,7,30,59.42,15,운남동,781-1,12330,,,
운남주공9단지,2003,12150,2009,7,30,84.86,17,월곡동,681-1,12330,,,
중흥2,1998,6475,2009,7,30,59.73,13,신가동,302-25,12330,,,
중흥2,1998,6380,2009,7,30,59.73,15,신가동,302-25,12330,,,
중흥S클래스1단지,2009,19430,2009,7,30,84.6347,18,신가동,1306,12330,,,
중흥S클래스1단지,2009,19430,2009,7,30,84.6347,13,신가동,1306,12330,,,
첨단두산2,1996,6900,2009,7,30,59.997,3,월계동,765-8,12330,,,
첨단라인1,1995,5200,2009,7,30,60,1,월계동,765-2,12330,,,
해광샹그릴라,2005,13100,2009,7,30,84.9106,2,신창동,855-9,12330,,,
호반리젠시빌1차,2001,11970,2009,7,30,84.0624,19,신가동,1019-2,12330,,,
호반리젠시빌3,2003,10950,2009,7,30,72.504,14,산월동,884-2,12330,,,
대덕훼밀리,1994,3950,2009,7,31,49.77,5,산정동,933,12330,,,
대주피오레2차,2001,8800,2009,7,31,84.7575,2,도산동,820,12330,,,
리버힐,1992,4000,2009,7,31,49.72,2,우산동,1602-2,12330,,,
부영1차,2003,10290,2009,7,31,84.9763,1,산월동,882-1,12330,,,
부영1차,2003,10500,2009,7,31,84.9763,5,산월동,882-1,12330,,,
부영1차,2003,10500,2009,7,31,84.9763,5,산월동,882-1,12330,,,
부영1차,2003,10500,2009,7,31,84.9763,4,산월동,882-1,12330,,,
부영1차,2003,10500,2009,7,31,84.9763,10,산월동,882-1,12330,,,
부영1차,2003,10500,2009,7,31,84.9763,4,산월동,882-1,12330,,,
부영1차,2003,10500,2009,7,31,84.9763,3,산월동,882-1,12330,,,
부영1차,2003,10500,2009,7,31,84.9763,3,산월동,882-1,12330,,,
부영1차,2003,10500,2009,7,31,84.9763,11,산월동,882-1,12330,,,
부영1차,2003,10500,2009,7,31,84.9763,13,산월동,882-1,12330,,,
부영1차,2003,10500,2009,7,31,84.9763,7,산월동,882-1,12330,,,
부영1차,2003,10500,2009,7,31,84.9763,3,산월동,882-1,12330,,,
부영1차,2003,10395,2009,7,31,84.9763,2,산월동,882-1,12330,,,
부영1차,2003,10500,2009,7,31,84.9763,14,산월동,882-1,12330,,,
부영1차,2003,10500,2009,7,31,84.9763,9,산월동,882-1,12330,,,
부영1차,2003,10500,2009,7,31,84.9763,6,산월동,882-1,12330,,,
부영1차,2003,10500,2009,7,31,84.9763,4,산월동,882-1,12330,,,
부영1차,2003,10500,2009,7,31,84.9763,3,산월동,882-1,12330,,,
부영1차,2003,10290,2009,7,31,84.9763,1,산월동,882-1,12330,,,
부영1차,2003,10500,2009,7,31,84.9763,9,산월동,882-1,12330,,,
부영1차,2003,10500,2009,7,31,84.9763,8,산월동,882-1,12330,,,
부영1차,2003,10500,2009,7,31,84.9763,10,산월동,882-1,12330,,,
부영1차,2003,10500,2009,7,31,84.9763,9,산월동,882-1,12330,,,
부영1차,2003,10500,2009,7,31,84.9763,7,산월동,882-1,12330,,,
부영1차,2003,10500,2009,7,31,84.9763,6,산월동,882-1,12330,,,
부영1차,2003,10500,2009,7,31,84.9763,5,산월동,882-1,12330,,,
부영1차,2003,10500,2009,7,31,84.9763,12,산월동,882-1,12330,,,
부영1차,2003,10500,2009,7,31,84.9763,9,산월동,882-1,12330,,,
부영1차,2003,10500,2009,7,31,84.9763,6,산월동,882-1,12330,,,
부영1차,2003,10500,2009,7,31,84.9763,5,산월동,882-1,12330,,,
부영1차,2003,10500,2009,7,31,84.9763,5,산월동,882-1,12330,,,
부영1차,2003,10500,2009,7,31,84.9763,9,산월동,882-1,12330,,,
부영1차,2003,10500,2009,7,31,84.9763,6,산월동,882-1,12330,,,
부영1차,2003,10500,2009,7,31,84.9763,10,산월동,882-1,12330,,,
부영1차,2003,10500,2009,7,31,84.9763,8,산월동,882-1,12330,,,
부영1차,2003,10500,2009,7,31,84.9763,6,산월동,882-1,12330,,,
부영1차,2003,10500,2009,7,31,84.9763,10,산월동,882-1,12330,,,
부영1차,2003,10500,2009,7,31,84.9763,6,산월동,882-1,12330,,,
부영1차,2003,10500,2009,7,31,84.9763,5,산월동,882-1,12330,,,
부영1차,2003,10500,2009,7,31,84.9763,4,산월동,882-1,12330,,,
부영1차,2003,10500,2009,7,31,84.9763,3,산월동,882-1,12330,,,
부영1차,2003,10500,2009,7,31,84.9763,9,산월동,882-1,12330,,,
부영1차,2003,10500,2009,7,31,84.9763,5,산월동,882-1,12330,,,
부영1차,2003,10500,2009,7,31,84.9763,12,산월동,882-1,12330,,,
부영1차,2003,10500,2009,7,31,84.9763,5,산월동,882-1,12330,,,
부영1차,2003,10500,2009,7,31,84.9763,12,산월동,882-1,12330,,,
부영1차,2003,10500,2009,7,31,84.9763,7,산월동,882-1,12330,,,
부영1차,2003,10500,2009,7,31,84.9763,4,산월동,882-1,12330,,,
부영1차,2003,10500,2009,7,31,84.9763,5,산월동,882-1,12330,,,
부영1차,2003,10500,2009,7,31,84.9763,4,산월동,882-1,12330,,,
부영1차,2003,10500,2009,7,31,84.9763,12,산월동,882-1,12330,,,
부영1차,2003,10290,2009,7,31,84.9763,1,산월동,882-1,12330,,,
부영1차,2003,10500,2009,7,31,84.9763,10,산월동,882-1,12330,,,
부영그린타운,2005,14330,2009,7,31,84.8512,5,산월동,885-3,12330,,,
삼성,1996,7650,2009,7,31,70.97,17,운남동,387-22,12330,,,
신동아,1996,9500,2009,7,31,102.95,1,월계동,756-2,12330,,,
신안실크밸리,2009,18090,2009,7,31,84.9612,8,장덕동,1110,12330,,,
신안실크밸리,2009,18090,2009,7,31,84.9612,19,장덕동,1110,12330,,,
신창5차호반베르디움,2005,14300,2009,7,31,84.976,12,신창동,1111,12330,,,
양우내안애,2008,16900,2009,7,31,84.9423,4,장덕동,1109,12330,,,
양우내안애,2008,8140,2009,7,31,84.9423,1,장덕동,1109,12330,,,
양우내안애,2008,8140,2009,7,31,84.9423,1,장덕동,1109,12330,,,
양우내안애,2008,8140,2009,7,31,84.9423,1,장덕동,1109,12330,,,
양우내안애,2008,8140,2009,7,31,84.9423,1,장덕동,1109,12330,,,
양우내안애,2008,8473,2009,7,31,84.9423,2,장덕동,1109,12330,,,
양우내안애,2008,8473,2009,7,31,84.9423,2,장덕동,1109,12330,,,
양우내안애,2008,8473,2009,7,31,84.9423,2,장덕동,1109,12330,,,
양우내안애,2008,8473,2009,7,31,84.9423,2,장덕동,1109,12330,,,
양우내안애,2008,8652,2009,7,31,84.9423,3,장덕동,1109,12330,,,
양우내안애,2008,8652,2009,7,31,84.9423,4,장덕동,1109,12330,,,
양우내안애,2008,8652,2009,7,31,84.9423,4,장덕동,1109,12330,,,
양우내안애,2008,8652,2009,7,31,84.9423,5,장덕동,1109,12330,,,
양우내안애,2008,8652,2009,7,31,84.9423,6,장덕동,1109,12330,,,
양우내안애,2008,8652,2009,7,31,84.9423,6,장덕동,1109,12330,,,
양우내안애,2008,8652,2009,7,31,84.9423,6,장덕동,1109,12330,,,
양우내안애,2008,8652,2009,7,31,84.9423,7,장덕동,1109,12330,,,
양우내안애,2008,8652,2009,7,31,84.9423,7,장덕동,1109,12330,,,
양우내안애,2008,8652,2009,7,31,84.9423,8,장덕동,1109,12330,,,
양우내안애,2008,8652,2009,7,31,84.9423,8,장덕동,1109,12330,,,
양우내안애,2008,8652,2009,7,31,84.9423,8,장덕동,1109,12330,,,
양우내안애,2008,8652,2009,7,31,84.9423,9,장덕동,1109,12330,,,
양우내안애,2008,8652,2009,7,31,84.9423,10,장덕동,1109,12330,,,
양우내안애,2008,8652,2009,7,31,84.9423,11,장덕동,1109,12330,,,
양우내안애,2008,8652,2009,7,31,84.9423,11,장덕동,1109,12330,,,
양우내안애,2008,8652,2009,7,31,84.9423,12,장덕동,1109,12330,,,
양우내안애,2008,8652,2009,7,31,84.9423,15,장덕동,1109,12330,,,
양우내안애,2008,8652,2009,7,31,84.9423,16,장덕동,1109,12330,,,
양우내안애,2008,8652,2009,7,31,84.9423,16,장덕동,1109,12330,,,
양우내안애,2008,8652,2009,7,31,84.9423,18,장덕동,1109,12330,,,
양우내안애,2008,8652,2009,7,31,84.9423,19,장덕동,1109,12330,,,
양우내안애,2008,8652,2009,7,31,84.9423,19,장덕동,1109,12330,,,
양우내안애,2008,8652,2009,7,31,84.9423,20,장덕동,1109,12330,,,
양우내안애,2008,8652,2009,7,31,84.9423,21,장덕동,1109,12330,,,
양우내안애,2008,8652,2009,7,31,84.9423,21,장덕동,1109,12330,,,
양우내안애,2008,8652,2009,7,31,84.9423,21,장덕동,1109,12330,,,
양우내안애,2008,8652,2009,7,31,84.9423,22,장덕동,1109,12330,,,
양우내안애,2008,8140,2009,7,31,84.9423,1,장덕동,1109,12330,,,
양우내안애,2008,8140,2009,7,31,84.9423,1,장덕동,1109,12330,,,
양우내안애,2008,8473,2009,7,31,84.9423,2,장덕동,1109,12330,,,
양우내안애,2008,8473,2009,7,31,84.9423,2,장덕동,1109,12330,,,
양우내안애,2008,8652,2009,7,31,84.9423,3,장덕동,1109,12330,,,
양우내안애,2008,8652,2009,7,31,84.9423,4,장덕동,1109,12330,,,
양우내안애,2008,8652,2009,7,31,84.9423,4,장덕동,1109,12330,,,
양우내안애,2008,8140,2009,7,31,84.9423,1,장덕동,1109,12330,,,
양우내안애,2008,8473,2009,7,31,84.9423,2,장덕동,1109,12330,,,
양우내안애,2008,8473,2009,7,31,84.9423,2,장덕동,1109,12330,,,
양우내안애,2008,8652,2009,7,31,84.9423,4,장덕동,1109,12330,,,
양우내안애,2008,8652,2009,7,31,84.9423,5,장덕동,1109,12330,,,
양우내안애,2008,8652,2009,7,31,84.9423,5,장덕동,1109,12330,,,
양우내안애,2008,8652,2009,7,31,84.9423,6,장덕동,1109,12330,,,
우미린1차,2008,17970,2009,7,31,84.1244,2,수완동,1488,12330,,,
우미린2차,2008,18300,2009,7,31,84.9547,17,수완동,908,12330,,,
우미이노스빌,2002,9700,2009,7,31,59.8527,10,신가동,1012,12330,,,
운남주공10단지,2003,11150,2009,7,31,75.99,15,월곡동,685-1,12330,,,
운남주공6단지,2001,11500,2009,7,31,84.28,9,운남동,782-1,12330,,,
운남주공7단지,2001,4500,2009,7,31,39.99,17,운남동,794-3,12330,,,
운남주공8단지,2000,5800,2009,7,31,51.94,1,운남동,781-1,12330,,,
운남주공8단지,2000,7900,2009,7,31,59.42,15,운남동,781-1,12330,,,
운남주공9단지,2003,9400,2009,7,31,84.03,17,월곡동,681-1,12330,,,
운남주공9단지,2003,10300,2009,7,31,75.99,4,월곡동,681-1,12330,,,
중흥1,1995,6400,2009,7,31,59.94,9,신창동,855-3,12330,,,
중흥2,1998,6300,2009,7,31,59.955,9,신가동,302-25,12330,,,
중흥S클래스1단지,2009,19430,2009,7,31,84.6347,15,신가동,1306,12330,,,
중흥에스-클래스3단지,2008,19540,2009,7,31,84.9684,13,흑석동,503,12330,,,
첨단대우,1997,12100,2009,7,31,99.9,13,월계동,755-2,12330,,,
풍영리버빌(신가부영),2001,10500,2009,7,31,84.9873,10,신창동,1108-1,12330,,,
한양수자인,2009,18800,2009,7,31,84.8894,6,신가동,1055,12330,,,
한양수자인,2009,18800,2009,7,31,84.8894,9,신가동,1055,12330,,,
한양수자인,2009,18432,2009,7,31,84.6075,5,신가동,1055,12330,,,
해광샹그릴라,2005,13490,2009,7,31,84.9106,9,신창동,855-9,12330,,,
