단지명,건축년도,거래금액(만원),계약년,계약월,계약일,전용면적(㎡),층,법정동,지번,시군구코드,거래유형,매수자구분,매도자구분
건영,1988,17300,2006,9,1,65.43,4,하계동,271-3,11350,,,
건영2,1991,19700,2006,9,1,75.02,3,중계동,515-2,11350,,,
경남,1989,11750,2006,9,1,50.97,12,중계동,505,11350,,,
공릉동한보에센시티아파트,2000,22000,2006,9,1,84.93,8,공릉동,743,11350,,,
공릉동한보에센시티아파트,2000,14500,2006,9,1,59.4,12,공릉동,743,11350,,,
공릉해링턴플레이스,2000,41500,2006,9,1,99.917,7,공릉동,106,11350,,,
금호타운(583),1997,14700,2006,9,1,59.52,4,중계동,583,11350,,,
노원현대,1997,24500,2006,9,1,84.78,8,상계동,359,11350,,,
동신,1983,15250,2006,9,1,70.81,9,월계동,436,11350,,,
미성,1986,12580,2006,9,1,50.14,10,월계동,13,11350,,,
벽산,1988,13300,2006,9,1,57.71,6,하계동,271-3,11350,,,
벽산,1989,16400,2006,9,1,75.03,14,상계동,173-1,11350,,,
불암현대,1999,34500,2006,9,1,84.86,13,상계동,1293,11350,,,
사슴3,1995,6600,2006,9,1,33.18,5,월계동,320-11,11350,,,
사슴3,1995,7500,2006,9,1,39.6,5,월계동,320-11,11350,,,
사슴3,1995,7000,2006,9,1,39.6,11,월계동,320-11,11350,,,
삼호3,1986,16650,2006,9,1,59.22,5,월계동,13,11350,,,
삼호3,1986,16500,2006,9,1,59.22,4,월계동,13,11350,,,
상계불암대림,2000,15300,2006,9,1,59.22,5,상계동,1289,11350,,,
상계우방유쉘,2000,16300,2006,9,1,59.93,10,상계동,1295,11350,,,
상계주공11(고층),1988,12500,2006,9,1,60.5,1,상계동,652,11350,,,
상계주공12(고층),1988,10900,2006,9,1,49.94,8,상계동,647,11350,,,
상계주공14(저층),1989,22000,2006,9,1,84.41,3,상계동,626,11350,,,
상계주공2(고층),1987,15250,2006,9,1,58.01,11,상계동,740,11350,,,
상계주공4(고층),1988,15700,2006,9,1,62.1,9,상계동,749-5,11350,,,
상계주공6(고층),1988,16300,2006,9,1,59.28,13,상계동,720,11350,,,
상계주공7(고층),1988,11850,2006,9,1,49.94,7,상계동,691,11350,,,
상계주공7(고층),1988,7600,2006,9,1,45.9,9,상계동,691,11350,,,
상계주공8(저층),1988,17650,2006,9,1,38.52,3,상계동,677,11350,,,
상계주공9(고층),1988,8000,2006,9,1,45.9,7,상계동,670,11350,,,
상계주공9(고층),1988,27100,2006,9,1,79.07,10,상계동,670,11350,,,
상계주공9(고층),1988,7590,2006,9,1,45.9,6,상계동,670,11350,,,
수락파크빌,2001,35800,2006,9,1,84.62,8,상계동,1269,11350,,,
우국리더스빌,2006,15009,2006,9,1,49.6,8,공릉동,757,11350,,,
우국리더스빌,2006,15009,2006,9,1,49.6,3,공릉동,757,11350,,,
우국리더스빌,2006,15009,2006,9,1,49.6,1,공릉동,757,11350,,,
우국리더스빌,2006,20000,2006,9,1,65.6,1,공릉동,757,11350,,,
우국리더스빌,2006,15009,2006,9,1,49.6,8,공릉동,757,11350,,,
우국리더스빌,2006,18318,2006,9,1,59.96,7,공릉동,757,11350,,,
우국리더스빌,2006,15009,2006,9,1,49.6,3,공릉동,757,11350,,,
우국리더스빌,2006,15009,2006,9,1,49.6,1,공릉동,757,11350,,,
장미(시영6),1989,10000,2006,9,1,54.02,10,하계동,273,11350,,,
주공10,1995,20400,2006,9,1,58.14,10,중계동,360-16,11350,,,
주공2,1992,7800,2006,9,1,44.52,6,중계동,369,11350,,,
주공7,1993,8000,2006,9,1,44.1,4,중계동,363-1,11350,,,
중계3벽산,1999,28000,2006,9,1,85,10,중계동,592,11350,,,
중계그린1단지,1990,7400,2006,9,1,39.78,1,중계동,502-1,11350,,,
중계무지개,1991,7000,2006,9,1,39.96,9,중계동,512,11350,,,
진주브라운,2004,14700,2006,9,1,68.31,6,공릉동,585-7,11350,,,
청구3,1996,35000,2006,9,1,84.77,15,중계동,360-2,11350,,,
청솔(시영7),1989,10500,2006,9,1,49.5,4,하계동,274,11350,,,
초안1,1998,8000,2006,9,1,49.6,8,월계동,923,11350,,,
초안2,1997,9000,2006,9,1,49.6,1,월계동,924,11350,,,
학여울청구,1999,33100,2006,9,1,113.51,1,하계동,354,11350,,,
한신3차,1990,11500,2006,9,1,60.44,5,상계동,458,11350,,,
한양,1988,41400,2006,9,1,107.92,7,상계동,757,11350,,,
한진한화그랑빌,2002,39800,2006,9,1,114.97,25,월계동,18,11350,,,
한화꿈에그린,2005,37300,2006,9,1,84.902,15,중계동,598,11350,,,
현대,2000,25050,2006,9,1,84.98,6,월계동,929,11350,,,
현대,2000,15700,2006,9,1,59.95,11,월계동,929,11350,,,
건영,1988,18800,2006,9,2,74.58,1,하계동,271-3,11350,,,
건영3,1995,34800,2006,9,2,84.9,6,중계동,360-15,11350,,,
건영3,1995,36500,2006,9,2,84.9,5,중계동,360-15,11350,,,
건영3,1995,36500,2006,9,2,84.9,5,중계동,360-15,11350,,,
극동,1988,24200,2006,9,2,84.91,4,하계동,271-3,11350,,,
금호타운,1995,18850,2006,9,2,84.66,8,상계동,1270,11350,,,
노원현대,1997,25800,2006,9,2,84.78,6,상계동,359,11350,,,
대동황토방,2001,25000,2006,9,2,84.97,6,상계동,1284,11350,,,
동아불암,1999,15500,2006,9,2,59.4,13,상계동,1285,11350,,,
동일씨티빌,2006,12000,2006,9,2,59.82,6,상계동,1065-6,11350,,,
두산,1994,12500,2006,9,2,58.65,15,상계동,1110,11350,,,
두산힐스빌아파트,2000,27400,2006,9,2,84.9,19,공릉동,747,11350,,,
미륭,1986,13000,2006,9,2,51.48,11,월계동,13,11350,,,
미성,1989,21500,2006,9,2,72.17,5,하계동,280,11350,,,
미성,1989,26900,2006,9,2,84.94,12,하계동,280,11350,,,
불암현대,1999,14000,2006,9,2,59.4,3,상계동,1293,11350,,,
사슴3,1995,7100,2006,9,2,39.6,10,월계동,320-11,11350,,,
삼성,1999,15400,2006,9,2,59.9,2,중계동,593,11350,,,
삼성,1999,30900,2006,9,2,84.75,11,중계동,593,11350,,,
삼익포레스트아파트,1995,25000,2006,9,2,84.6,12,공릉동,737,11350,,,
삼창,1984,12700,2006,9,2,56.59,5,월계동,448-3,11350,,,
상계신동아,1995,19900,2006,9,2,84.99,13,상계동,463,11350,,,
상계주공11(고층),1988,12760,2006,9,2,58.01,3,상계동,652,11350,,,
상계주공12(고층),1988,14700,2006,9,2,61.52,4,상계동,647,11350,,,
상계주공2(고층),1987,19300,2006,9,2,68.86,11,상계동,740,11350,,,
상계주공2(고층),1987,7000,2006,9,2,32.39,4,상계동,740,11350,,,
상계주공3(고층),1987,17500,2006,9,2,68.86,15,상계동,730-2,11350,,,
상계주공3(고층),1987,18650,2006,9,2,68.86,7,상계동,730-2,11350,,,
상계주공3(고층),1987,12400,2006,9,2,60.5,9,상계동,730-2,11350,,,
상계주공6(고층),1988,13300,2006,9,2,58.01,12,상계동,720,11350,,,
상계주공9(고층),1988,25800,2006,9,2,79.07,5,상계동,670,11350,,,
상계주공9(고층),1988,15400,2006,9,2,61.52,12,상계동,670,11350,,,
상아,1989,19500,2006,9,2,72.73,13,중계동,505,11350,,,
성원(사슴4),1995,9850,2006,9,2,49.92,15,월계동,322-1,11350,,,
신도1차아파트,2002,24800,2006,9,2,81.3049,15,공릉동,748,11350,,,
양우,2002,25000,2006,9,2,79.4198,12,상계동,1299,11350,,,
염광,1996,25500,2006,9,2,84.5,7,중계동,445,11350,,,
우국리더스빌,2006,15009,2006,9,2,49.6,11,공릉동,757,11350,,,
우국리더스빌,2006,15015,2006,9,2,49.6,1,공릉동,757,11350,,,
우성,1988,46900,2006,9,2,127.22,7,하계동,270,11350,,,
장미(시영6),1989,11270,2006,9,2,54.29,12,하계동,273,11350,,,
장미(시영6),1989,10800,2006,9,2,54.29,9,하계동,273,11350,,,
장미(시영6),1989,10600,2006,9,2,54.29,3,하계동,273,11350,,,
장미(시영6),1989,13500,2006,9,2,64.62,14,하계동,273,11350,,,
장은하이빌,2002,15000,2006,9,2,55.7153,4,월계동,931,11350,,,
주공2,1992,11500,2006,9,2,58.65,9,월계동,556,11350,,,
주공2,1992,7450,2006,9,2,44.52,6,월계동,556,11350,,,
주공5,1992,9000,2006,9,2,44.52,13,중계동,359-1,11350,,,
주공5,1992,7800,2006,9,2,38.64,6,중계동,359-1,11350,,,
주공6,1993,8500,2006,9,2,44.1,7,중계동,364-12,11350,,,
주공6,1993,8800,2006,9,2,44.1,8,중계동,364-12,11350,,,
주공7,1993,8950,2006,9,2,44.1,7,중계동,363-1,11350,,,
주공8,1993,12000,2006,9,2,49.72,15,중계동,362-1,11350,,,
중계그린1단지,1990,11000,2006,9,2,49.85,11,중계동,502-1,11350,,,
중계그린1단지,1990,13000,2006,9,2,59.46,4,중계동,502-1,11350,,,
중계무지개,1991,7750,2006,9,2,39.96,9,중계동,512,11350,,,
중계무지개,1991,13900,2006,9,2,59.26,10,중계동,512,11350,,,
청백3,1998,11750,2006,9,2,59.4,3,월계동,780,11350,,,
청암2단지,2001,13300,2006,9,2,49.77,7,상계동,1276,11350,,,
코오롱,1997,25000,2006,9,2,84.9,16,상계동,1281,11350,,,
풍림아이원,2005,20200,2006,9,2,59.149,13,월계동,944,11350,,,
풍림아파트A,2001,22000,2006,9,2,59.94,16,공릉동,725,11350,,,
풍림아파트A,2001,23750,2006,9,2,84.99,1,공릉동,725,11350,,,
하계2현대,1997,26800,2006,9,2,75.35,4,하계동,288,11350,,,
한일2,2000,20500,2006,9,2,84.846,18,월계동,927,11350,,,
한진한화그랑빌,2002,40000,2006,9,2,114.97,5,월계동,18,11350,,,
한진한화그랑빌,2002,27500,2006,9,2,84.97,19,월계동,18,11350,,,
한진한화그랑빌,2002,27900,2006,9,2,84.97,25,월계동,18,11350,,,
현대,2000,24400,2006,9,2,84.98,1,월계동,929,11350,,,
현대,2000,14400,2006,9,2,59.95,3,월계동,929,11350,,,
현대2(4차),1993,26000,2006,9,2,84.78,9,중계동,578,11350,,,
두산,1994,8130,2006,9,3,41.85,3,상계동,1110,11350,,,
상계주공3(고층),1987,13000,2006,9,3,59.2,11,상계동,730-2,11350,,,
상계주공7(고층),1988,11600,2006,9,3,49.94,13,상계동,691,11350,,,
상계주공7(고층),1988,15200,2006,9,3,59.39,14,상계동,691,11350,,,
상계주공7(고층),1988,11600,2006,9,3,49.94,13,상계동,691,11350,,,
신원아파트,2000,17000,2006,9,3,84.99,1,공릉동,370-4,11350,,,
신원아파트,2000,12250,2006,9,3,59.59,6,공릉동,370-4,11350,,,
현대(6차),2018,37500,2006,9,3,122.69,1,중계동,34-5,11350,,,
현대2(4차),1993,26750,2006,9,3,84.78,3,중계동,578,11350,,,
건영,1988,20450,2006,9,4,74.58,7,하계동,271-3,11350,,,
건영3,1995,36500,2006,9,4,84.9,5,중계동,360-15,11350,,,
극동,1996,13750,2006,9,4,80.28,13,월계동,803-1,11350,,,
동아불암,1999,24450,2006,9,4,84.9,12,상계동,1285,11350,,,
두산,1994,16500,2006,9,4,66.6,3,상계동,1110,11350,,,
두산,1994,12300,2006,9,4,58.65,4,상계동,1110,11350,,,
두산,1994,7800,2006,9,4,41.85,4,상계동,1110,11350,,,
두산힐스빌아파트,2000,28500,2006,9,4,84.9,18,공릉동,747,11350,,,
두산힐스빌아파트,2000,21700,2006,9,4,84.9,1,공릉동,747,11350,,,
보람아파트,1988,12200,2006,9,4,54.59,10,상계동,639,11350,,,
보람아파트,1988,11800,2006,9,4,54.59,15,상계동,639,11350,,,
삼창,1984,11800,2006,9,4,56.59,1,월계동,448-3,11350,,,
상계우방유쉘,2000,24350,2006,9,4,84.94,3,상계동,1295,11350,,,
상계주공11(고층),1988,5300,2006,9,4,41.3,1,상계동,652,11350,,,
상계주공12(고층),1988,13600,2006,9,4,58.01,12,상계동,647,11350,,,
상계주공14(고층),1989,7950,2006,9,4,41.3,5,상계동,626,11350,,,
상계주공14(고층),1989,7400,2006,9,4,45.9,15,상계동,626,11350,,,
상계주공14(고층),1989,7270,2006,9,4,41.3,8,상계동,626,11350,,,
상계주공14(고층),1989,7270,2006,9,4,41.3,2,상계동,626,11350,,,
상계주공16(고층),1988,12400,2006,9,4,59.39,3,상계동,624,11350,,,
상계주공16(고층),1988,19300,2006,9,4,79.07,1,상계동,624,11350,,,
상계주공2(고층),1987,13700,2006,9,4,58.01,4,상계동,740,11350,,,
상계주공2(고층),1987,13700,2006,9,4,58.01,4,상계동,740,11350,,,
상계주공2(고층),1987,13700,2006,9,4,58.01,1,상계동,740,11350,,,
상계주공3(고층),1987,12000,2006,9,4,60.5,4,상계동,730-2,11350,,,
상계주공3(고층),1987,18700,2006,9,4,68.86,13,상계동,730-2,11350,,,
상계주공4(고층),1988,14700,2006,9,4,59.28,6,상계동,749-5,11350,,,
상계주공6(고층),1988,15350,2006,9,4,58.01,4,상계동,720,11350,,,
상계주공6(고층),1988,8700,2006,9,4,41.3,1,상계동,720,11350,,,
상계주공6(고층),1988,15800,2006,9,4,59.39,13,상계동,720,11350,,,
상계주공6(고층),1988,12800,2006,9,4,49.94,7,상계동,720,11350,,,
상계주공8(저층),1988,12000,2006,9,4,31.95,3,상계동,677,11350,,,
상계주공8(저층),1988,12750,2006,9,4,31.95,4,상계동,677,11350,,,
시영2단지(라이프)아파트,1994,8200,2006,9,4,39.6,10,공릉동,707,11350,,,
신도1차아파트,2002,22500,2006,9,4,72.8129,12,공릉동,748,11350,,,
양우,2002,23000,2006,9,4,79.4198,2,상계동,1299,11350,,,
양지마을(대림)2,1999,17500,2006,9,4,59.4,4,중계동,588,11350,,,
우국리더스빌,2006,15009,2006,9,4,49.6,6,공릉동,757,11350,,,
우국리더스빌,2006,15009,2006,9,4,49.6,9,공릉동,757,11350,,,
우남(저층),1984,17800,2006,9,4,82.13,4,월계동,492-1,11350,,,
은빛1단지,1998,11000,2006,9,4,49.77,3,상계동,1255,11350,,,
장미(시영6),1989,7600,2006,9,4,43.56,4,하계동,273,11350,,,
주공2,1992,11560,2006,9,4,58.65,7,월계동,556,11350,,,
주공5,1992,27800,2006,9,4,84.79,3,중계동,359-1,11350,,,
주공8,1993,13000,2006,9,4,49.72,8,중계동,362-1,11350,,,
중계무지개,1991,7100,2006,9,4,39.96,1,중계동,512,11350,,,
청구,1988,30500,2006,9,4,84.97,9,하계동,284,11350,,,
청백3,1998,12300,2006,9,4,59.4,7,월계동,780,11350,,,
태강아파트(아이파크),1999,11000,2006,9,4,49.6,15,공릉동,81,11350,,,
하계2현대,1997,28600,2006,9,4,75.35,12,하계동,288,11350,,,
학여울청구,1999,13700,2006,9,4,59.4,6,하계동,354,11350,,,
학여울청구,1999,23500,2006,9,4,84.77,15,하계동,354,11350,,,
한신1차,1987,10800,2006,9,4,53.96,6,상계동,135,11350,,,
한신3차,1990,19900,2006,9,4,84.59,5,상계동,458,11350,,,
한신3차,1990,13000,2006,9,4,60.44,4,상계동,458,11350,,,
한진한화그랑빌,2002,17000,2006,9,4,59.94,4,월계동,18,11350,,,
현대,1988,22950,2006,9,4,71.68,7,하계동,270,11350,,,
건영,1988,11300,2006,9,5,53.14,13,하계동,271-3,11350,,,
건영2,1991,20500,2006,9,5,75.02,6,중계동,515-2,11350,,,
건영3,1995,37500,2006,9,5,84.9,10,중계동,360-15,11350,,,
경남아너스빌,2002,24800,2006,9,5,79.098,9,중계동,597,11350,,,
경남아너스빌,2002,24800,2006,9,5,79.098,9,중계동,597,11350,,,
공릉우성아파트,1995,21800,2006,9,5,84.97,6,공릉동,738,11350,,,
극동,1996,14000,2006,9,5,80.28,17,월계동,803-1,11350,,,
동신,1983,16000,2006,9,5,71.14,5,월계동,436,11350,,,
동진,1988,7100,2006,9,5,51.3,1,중계동,103,11350,,,
두산,1994,14000,2006,9,5,59.97,8,상계동,1110,11350,,,
롯데(505),1989,19450,2006,9,5,72.49,9,중계동,505,11350,,,
미륭,1986,13500,2006,9,5,51.48,13,월계동,13,11350,,,
미성,1986,9450,2006,9,5,33.28,3,월계동,13,11350,,,
벽산,1988,19000,2006,9,5,70.56,5,하계동,271-3,11350,,,
벽산,1988,13500,2006,9,5,57.71,12,하계동,271-3,11350,,,
삼성,1999,16000,2006,9,5,59.9,18,중계동,593,11350,,,
삼호3,1986,16850,2006,9,5,59.22,8,월계동,13,11350,,,
삼호3,1986,15850,2006,9,5,59.22,14,월계동,13,11350,,,
상계2차중앙하이츠,1998,13350,2006,9,5,59.82,1,상계동,1282,11350,,,
상계대림,1989,13500,2006,9,5,59.67,8,상계동,172,11350,,,
상계불암대림,2000,15250,2006,9,5,59.22,6,상계동,1289,11350,,,
상계주공10(고층),1988,18590,2006,9,5,66.56,6,상계동,666,11350,,,
상계주공10(고층),1988,10700,2006,9,5,49.94,9,상계동,666,11350,,,
상계주공13(고층),1989,7300,2006,9,5,45.55,9,상계동,637,11350,,,
상계주공14(고층),1989,8000,2006,9,5,45.55,7,상계동,626,11350,,,
상계주공14(고층),1989,7600,2006,9,5,45.9,6,상계동,626,11350,,,
상계주공14(고층),1989,7780,2006,9,5,45.55,11,상계동,626,11350,,,
상계주공3(고층),1987,12300,2006,9,5,59.2,3,상계동,730-2,11350,,,
상계주공4(고층),1988,14900,2006,9,5,59.39,8,상계동,749-5,11350,,,
상계주공6(고층),1988,16000,2006,9,5,58.01,5,상계동,720,11350,,,
상계주공6(고층),1988,14500,2006,9,5,58.01,15,상계동,720,11350,,,
상계주공9(고층),1988,10650,2006,9,5,49.94,6,상계동,670,11350,,,
성원(사슴4),1995,10500,2006,9,5,49.92,9,월계동,322-1,11350,,,
성원(사슴4),1995,10500,2006,9,5,49.92,9,월계동,322-1,11350,,,
성원1,1996,30000,2006,9,5,84.78,6,중계동,580,11350,,,
수락산벨리체,2000,42000,2006,9,5,114.92,14,상계동,1265,11350,,,
신도1차아파트,2002,27700,2006,9,5,81.2768,17,공릉동,748,11350,,,
신동아(366),1993,61000,2006,9,5,115.35,9,중계동,366,11350,,,
양지마을(대림)1,1998,47700,2006,9,5,114.96,14,중계동,587,11350,,,
양지마을(대림)1,1998,33500,2006,9,5,84.9,7,중계동,587,11350,,,
양지마을(대림)2,1999,33500,2006,9,5,84.88,12,중계동,588,11350,,,
우성,1988,29000,2006,9,5,84.91,10,하계동,270,11350,,,
은빛2단지,1998,15400,2006,9,5,59.95,10,상계동,1256,11350,,,
장미(시영6),1989,10300,2006,9,5,54.02,11,하계동,273,11350,,,
장미(시영6),1989,10300,2006,9,5,54.02,13,하계동,273,11350,,,
주공2,1992,12550,2006,9,5,59.97,13,월계동,556,11350,,,
주공2,1992,8300,2006,9,5,44.52,13,중계동,369,11350,,,
주공5,1992,24900,2006,9,5,76.51,14,중계동,359-1,11350,,,
주공5,1992,25250,2006,9,5,76.51,10,중계동,359-1,11350,,,
주공7,1993,8300,2006,9,5,44.1,3,중계동,363-1,11350,,,
중계무지개,1991,15400,2006,9,5,59.26,10,중계동,512,11350,,,
중계무지개,1991,10950,2006,9,5,49.89,6,중계동,512,11350,,,
중계무지개,1991,7100,2006,9,5,39.82,1,중계동,512,11350,,,
청솔(시영7),1989,7500,2006,9,5,39.78,6,하계동,274,11350,,,
청솔(시영7),1989,8000,2006,9,5,39.78,4,하계동,274,11350,,,
청솔(시영7),1989,10700,2006,9,5,49.5,12,하계동,274,11350,,,
태강아파트(아이파크),1999,12320,2006,9,5,49.6,11,공릉동,81,11350,,,
한일2,2000,20900,2006,9,5,84.846,15,월계동,927,11350,,,
한진한화그랑빌,2002,29500,2006,9,5,84.97,26,월계동,18,11350,,,
한진한화그랑빌,2002,19500,2006,9,5,59.94,12,월계동,18,11350,,,
현대,2000,15700,2006,9,5,59.95,16,월계동,929,11350,,,
현대,2000,39000,2006,9,5,114.99,14,월계동,929,11350,,,
현대2(4차),1993,25300,2006,9,5,84.87,6,중계동,578,11350,,,
현대2차,1993,19800,2006,9,5,82.68,6,상계동,1078,11350,,,
LIG건영,1998,14000,2006,9,6,59.92,13,중계동,586,11350,,,
건영2,1991,21700,2006,9,6,84.96,1,중계동,515-2,11350,,,
극동,1988,24000,2006,9,6,84.91,3,하계동,271-3,11350,,,
극동늘푸른,2000,24100,2006,9,6,84.514,9,상계동,1128,11350,,,
극동늘푸른,2000,15000,2006,9,6,59.958,3,상계동,1128,11350,,,
녹주아파트,2002,17900,2006,9,6,84.7156,6,공릉동,750,11350,,,
대동,1997,21000,2006,9,6,84.85,11,월계동,925,11350,,,
동도센트리움(601),2005,28000,2006,9,6,84.949,2,중계동,601,11350,,,
동부아파트,1996,20300,2006,9,6,84.79,13,공릉동,705,11350,,,
동양엔파트,2003,36400,2006,9,6,84.88,10,상계동,1305,11350,,,
동진,1988,6900,2006,9,6,47.61,5,중계동,103,11350,,,
두산,1994,12000,2006,9,6,58.65,2,상계동,1110,11350,,,
두산,1994,8900,2006,9,6,41.85,15,상계동,1110,11350,,,
벽산,1988,19000,2006,9,6,70.56,9,하계동,271-3,11350,,,
보람아파트,1988,8300,2006,9,6,44.33,15,상계동,639,11350,,,
보람아파트,1988,18600,2006,9,6,68.99,5,상계동,639,11350,,,
보람아파트,1988,12300,2006,9,6,54.59,11,상계동,639,11350,,,
보람아파트,1988,18400,2006,9,6,68.99,14,상계동,639,11350,,,
보람아파트,1988,16800,2006,9,6,68.99,1,상계동,639,11350,,,
삼익포레스트아파트,1995,11200,2006,9,6,51.03,5,공릉동,737,11350,,,
삼호3,1986,16000,2006,9,6,59.22,14,월계동,13,11350,,,
삼호3,1986,15600,2006,9,6,59.22,1,월계동,13,11350,,,
상계1차중앙하이츠,1997,13500,2006,9,6,59.82,9,상계동,1279,11350,,,
상계1차현대아파트,1993,16700,2006,9,6,82.94,12,상계동,1055,11350,,,
상계주공1(고층),1988,12660,2006,9,6,58.01,4,상계동,765,11350,,,
상계주공10(고층),1988,7360,2006,9,6,45.9,12,상계동,666,11350,,,
상계주공10(고층),1988,7000,2006,9,6,45.9,2,상계동,666,11350,,,
상계주공11(고층),1988,11800,2006,9,6,60.5,7,상계동,652,11350,,,
상계주공11(고층),1988,11800,2006,9,6,58.01,7,상계동,652,11350,,,
상계주공12(고층),1988,10600,2006,9,6,49.94,6,상계동,647,11350,,,
상계주공14(고층),1989,7800,2006,9,6,45.9,9,상계동,626,11350,,,
상계주공14(고층),1989,7100,2006,9,6,45.9,11,상계동,626,11350,,,
상계주공14(고층),1989,7900,2006,9,6,45.55,13,상계동,626,11350,,,
상계주공14(고층),1989,7050,2006,9,6,45.55,4,상계동,626,11350,,,
상계주공14(고층),1989,7400,2006,9,6,41.3,5,상계동,626,11350,,,
상계주공16(고층),1988,8000,2006,9,6,45.77,13,상계동,624,11350,,,
상계주공3(고층),1987,13970,2006,9,6,58.01,5,상계동,730-2,11350,,,
상계주공3(고층),1987,15120,2006,9,6,59.39,8,상계동,730-2,11350,,,
상계주공4(고층),1988,28950,2006,9,6,83.7,24,상계동,749-5,11350,,,
상계주공6(고층),1988,15520,2006,9,6,58.01,14,상계동,720,11350,,,
상계주공7(고층),1988,8800,2006,9,6,41.3,7,상계동,691,11350,,,
상계주공9(고층),1988,7850,2006,9,6,45.9,12,상계동,670,11350,,,
상계현대3차,1999,22000,2006,9,6,84.96,4,상계동,1063,11350,,,
상계현대3차,1999,21000,2006,9,6,84.96,4,상계동,1063,11350,,,
상아,1989,38200,2006,9,6,114.57,14,중계동,505,11350,,,
서광,1994,13300,2006,9,6,59.96,8,월계동,922,11350,,,
시영2단지(라이프)아파트,1994,7000,2006,9,6,39.6,1,공릉동,707,11350,,,
시영3차(라이프)아파트,1994,7000,2006,9,6,34.44,14,공릉동,715,11350,,,
양우,2002,22000,2006,9,6,79.4198,2,상계동,1299,11350,,,
염광,1996,15200,2006,9,6,59.34,5,중계동,445,11350,,,
우림루미아트201동,2004,27500,2006,9,6,84.569,7,상계동,1307,11350,,,
장미(시영6),1989,10900,2006,9,6,54.02,10,하계동,273,11350,,,
장미(시영6),1989,7760,2006,9,6,43.56,12,하계동,273,11350,,,
주공10,1995,20000,2006,9,6,58.14,10,중계동,360-16,11350,,,
주공5,1992,17700,2006,9,6,58.46,6,중계동,359-1,11350,,,
주공6,1993,8850,2006,9,6,44.1,7,중계동,364-12,11350,,,
중계그린1단지,1990,7300,2006,9,6,39.92,8,중계동,502-1,11350,,,
중계그린1단지,1990,10400,2006,9,6,49.5,6,중계동,502-1,11350,,,
중계그린1단지,1990,13750,2006,9,6,59.22,8,중계동,502-1,11350,,,
중계그린1단지,1990,7500,2006,9,6,39.92,14,중계동,502-1,11350,,,
중계그린1단지,1990,10700,2006,9,6,49.85,8,중계동,502-1,11350,,,
중계무지개,1991,7800,2006,9,6,39.96,5,중계동,512,11350,,,
중계무지개,1991,7700,2006,9,6,39.96,5,중계동,512,11350,,,
중계무지개,1991,7750,2006,9,6,39.96,5,중계동,512,11350,,,
청구3,1996,38750,2006,9,6,84.77,8,중계동,360-2,11350,,,
청백4,1998,11600,2006,9,6,59.4,2,월계동,781,11350,,,
청백4,1998,21000,2006,9,6,84.54,11,월계동,781,11350,,,
초안산쌍용스윗닷홈,2006,24864,2006,9,6,84.69,1,월계동,945,11350,,,
초안산쌍용스윗닷홈,2006,25431,2006,9,6,84.69,2,월계동,945,11350,,,
태릉우성아파트,1985,26500,2006,9,6,84.97,3,공릉동,254,11350,,,
학여울청구,1999,25000,2006,9,6,84.77,6,하계동,354,11350,,,
한신1차,1987,10600,2006,9,6,53.96,13,상계동,135,11350,,,
한신2차,1988,18500,2006,9,6,84.92,5,상계동,451,11350,,,
한양,1988,29500,2006,9,6,87.49,7,상계동,757,11350,,,
한진한화그랑빌,2002,25300,2006,9,6,75.81,25,월계동,18,11350,,,
한진한화그랑빌,2002,28000,2006,9,6,84.97,8,월계동,18,11350,,,
화랑타운아파트,2000,35600,2006,9,6,84.65,8,공릉동,111,11350,,,
화랑타운아파트,2000,35000,2006,9,6,84.65,9,공릉동,111,11350,,,
건영,1988,19500,2006,9,7,74.58,3,하계동,271-3,11350,,,
건영,1988,23650,2006,9,7,84.93,1,하계동,271-3,11350,,,
경남,1989,11400,2006,9,7,50.97,8,중계동,505,11350,,,
극동,1988,15450,2006,9,7,70.56,15,하계동,271-3,11350,,,
극동,1988,10900,2006,9,7,55.72,1,하계동,271-3,11350,,,
동신,1983,15200,2006,9,7,71.77,6,월계동,436,11350,,,
동양엔파트,2003,37000,2006,9,7,84.98,14,상계동,1305,11350,,,
두산힐스빌아파트,2000,18300,2006,9,7,60,21,공릉동,747,11350,,,
미성,1986,9500,2006,9,7,33.28,3,월계동,13,11350,,,
벽산,1988,17300,2006,9,7,70.56,3,하계동,271-3,11350,,,
비콘아파트,2004,20300,2006,9,7,84.707,12,공릉동,755,11350,,,
삼성,1999,32900,2006,9,7,84.75,13,중계동,593,11350,,,
삼익2차아파트,2004,14200,2006,9,7,54.74,13,공릉동,754,11350,,,
삼익선경,1993,44500,2006,9,7,107.95,5,하계동,255-1,11350,,,
상계대림,1989,23800,2006,9,7,84.91,12,상계동,172,11350,,,
상계불암대림,2000,41800,2006,9,7,114.81,13,상계동,1289,11350,,,
상계불암대림,2000,15000,2006,9,7,59.22,10,상계동,1289,11350,,,
상계불암대림,2000,16100,2006,9,7,59.22,13,상계동,1289,11350,,,
상계주공1(고층),1988,12300,2006,9,7,58.01,12,상계동,765,11350,,,
상계주공1(고층),1988,6250,2006,9,7,32.39,1,상계동,765,11350,,,
상계주공10(고층),1988,10650,2006,9,7,49.94,6,상계동,666,11350,,,
상계주공11(고층),1988,12500,2006,9,7,59.39,10,상계동,652,11350,,,
상계주공13(고층),1989,7020,2006,9,7,45.9,1,상계동,637,11350,,,
상계주공14(고층),1989,7950,2006,9,7,41.3,12,상계동,626,11350,,,
상계주공16(고층),1988,12000,2006,9,7,59.39,4,상계동,624,11350,,,
상계주공16(고층),1988,8270,2006,9,7,45.77,9,상계동,624,11350,,,
상계주공16(고층),1988,7670,2006,9,7,45.77,3,상계동,624,11350,,,
상계주공2(고층),1987,12700,2006,9,7,60.5,5,상계동,740,11350,,,
상계주공3(고층),1987,25800,2006,9,7,75.2,2,상계동,730-2,11350,,,
상계주공3(고층),1987,8100,2006,9,7,37.46,6,상계동,730-2,11350,,,
상계주공4(고층),1988,12300,2006,9,7,49.94,13,상계동,749-5,11350,,,
상계주공7(고층),1988,8700,2006,9,7,41.3,7,상계동,691,11350,,,
상계주공7(고층),1988,11985,2006,9,7,49.94,4,상계동,691,11350,,,
상계주공8(저층),1988,17500,2006,9,7,38.52,2,상계동,677,11350,,,
상계주공9(고층),1988,11100,2006,9,7,49.94,6,상계동,670,11350,,,
상계주공9(고층),1988,10150,2006,9,7,49.94,3,상계동,670,11350,,,
유원,1998,16900,2006,9,7,84.93,6,월계동,880,11350,,,
은빛1단지,1998,11700,2006,9,7,49.77,9,상계동,1255,11350,,,
장미(시영6),1989,14650,2006,9,7,64.62,12,하계동,273,11350,,,
장미(시영6),1989,7500,2006,9,7,43.41,15,하계동,273,11350,,,
주공2,1992,7300,2006,9,7,44.52,9,월계동,556,11350,,,
중계그린1단지,1990,10800,2006,9,7,49.5,5,중계동,502-1,11350,,,
중계그린1단지,1990,7750,2006,9,7,39.92,2,중계동,502-1,11350,,,
중계무지개,1991,7500,2006,9,7,39.96,10,중계동,512,11350,,,
중계현대2,1991,18500,2006,9,7,84.34,1,중계동,435-1,11350,,,
중앙하이츠,1998,21000,2006,9,7,84.98,4,중계동,161-1,11350,,,
중앙하이츠,1998,22000,2006,9,7,84.85,3,중계동,161-1,11350,,,
청구,1988,20600,2006,9,7,70.69,1,하계동,284,11350,,,
청백3,1998,6500,2006,9,7,39.84,2,월계동,780,11350,,,
풍림아파트A,2001,29400,2006,9,7,84.99,20,공릉동,725,11350,,,
하계1청구,1997,36500,2006,9,7,84.6,13,하계동,251,11350,,,
한양,1988,29800,2006,9,7,86.62,12,상계동,757,11350,,,
현대,2000,29000,2006,9,7,84.98,18,월계동,929,11350,,,
현대아파트,1984,18000,2006,9,7,62.27,1,공릉동,230,11350,,,
화랑타운아파트,2000,28000,2006,9,7,84.65,1,공릉동,111,11350,,,
건영,1988,21500,2006,9,8,74.58,9,하계동,271-3,11350,,,
건영3,1995,32900,2006,9,8,84.9,1,중계동,360-15,11350,,,
경남아너스빌,2002,28900,2006,9,8,84.9132,11,중계동,597,11350,,,
공릉동한보에센시티아파트,2000,23750,2006,9,8,84.93,10,공릉동,743,11350,,,
금호타운(583),1997,25550,2006,9,8,84.98,2,중계동,583,11350,,,
대동,1997,13800,2006,9,8,59.76,8,월계동,925,11350,,,
동신,1983,14700,2006,9,8,70.81,2,월계동,436,11350,,,
동진신안,1993,47400,2006,9,8,101.99,5,중계동,364,11350,,,
롯데(505),1989,18700,2006,9,8,72.49,3,중계동,505,11350,,,
롯데(505),1989,19200,2006,9,8,72.49,6,중계동,505,11350,,,
롯데(505),1989,40000,2006,9,8,129.91,15,중계동,505,11350,,,
미성,1989,45500,2006,9,8,118.52,8,하계동,280,11350,,,
비선아파트,1999,12000,2006,9,8,48.93,2,공릉동,109,11350,,,
삼익4단지아파트,1994,14600,2006,9,8,59.04,11,공릉동,714,11350,,,
삼창,1984,12500,2006,9,8,56.59,5,월계동,448-3,11350,,,
삼창,1984,12400,2006,9,8,56.59,4,월계동,448-3,11350,,,
삼호3,1986,16650,2006,9,8,59.22,12,월계동,13,11350,,,
상계불암대림,2000,42250,2006,9,8,114.81,18,상계동,1289,11350,,,
상계주공1(고층),1988,11150,2006,9,8,49.94,6,상계동,765,11350,,,
상계주공11(고층),1988,10970,2006,9,8,49.94,5,상계동,652,11350,,,
상계주공16(고층),1988,12300,2006,9,8,45.77,9,상계동,624,11350,,,
상계주공2(고층),1987,6400,2006,9,8,32.39,2,상계동,740,11350,,,
상계주공3(고층),1987,25070,2006,9,8,73.94,10,상계동,730-2,11350,,,
상계주공4(고층),1988,14800,2006,9,8,59.28,14,상계동,749-5,11350,,,
상계주공4(고층),1988,12100,2006,9,8,49.94,13,상계동,749-5,11350,,,
상계주공4(고층),1988,6400,2006,9,8,32.39,11,상계동,749-5,11350,,,
상계주공6(고층),1988,13330,2006,9,8,59.2,3,상계동,720,11350,,,
상계주공6(고층),1988,15400,2006,9,8,58.01,3,상계동,720,11350,,,
상계주공6(고층),1988,14900,2006,9,8,58.01,4,상계동,720,11350,,,
상계주공7(고층),1988,8400,2006,9,8,41.3,13,상계동,691,11350,,,
상계주공7(고층),1988,8550,2006,9,8,41.3,6,상계동,691,11350,,,
상계주공9(고층),1988,10200,2006,9,8,49.94,8,상계동,670,11350,,,
서광,1994,15850,2006,9,8,69.68,15,월계동,922,11350,,,
신원아파트,2000,17300,2006,9,8,84.99,14,공릉동,370-4,11350,,,
우성,1988,47000,2006,9,8,127.22,6,하계동,270,11350,,,
장미(시영6),1989,7650,2006,9,8,43.56,7,하계동,273,11350,,,
장미(시영6),1989,13500,2006,9,8,64.88,1,하계동,273,11350,,,
주공5,1992,17500,2006,9,8,58.46,11,중계동,359-1,11350,,,
주공5,1992,17650,2006,9,8,58.46,11,중계동,359-1,11350,,,
주공5,1992,8700,2006,9,8,44.52,3,중계동,359-1,11350,,,
주공7,1993,8100,2006,9,8,44.1,1,중계동,363-1,11350,,,
중계그린1단지,1990,10050,2006,9,8,49.85,2,중계동,502-1,11350,,,
중계그린1단지,1990,14200,2006,9,8,59.87,11,중계동,502-1,11350,,,
중계그린1단지,1990,10400,2006,9,8,49.5,12,중계동,502-1,11350,,,
중계그린1단지,1990,8200,2006,9,8,39.91,8,중계동,502-1,11350,,,
중계그린1단지,1990,11180,2006,9,8,49.5,8,중계동,502-1,11350,,,
중계현대2,1991,19350,2006,9,8,84.34,3,중계동,435-1,11350,,,
진로유통조합대림,1992,22000,2006,9,8,84.94,1,중계동,78,11350,,,
청구,1988,30500,2006,9,8,84.97,4,하계동,284,11350,,,
청구3,1996,39000,2006,9,8,84.77,11,중계동,360-2,11350,,,
청구3,1996,35400,2006,9,8,84.77,15,중계동,360-2,11350,,,
초안2,1997,9800,2006,9,8,49.6,11,월계동,924,11350,,,
태릉우성아파트,1985,22000,2006,9,8,66.87,7,공릉동,254,11350,,,
학여울청구,1999,25500,2006,9,8,84.77,4,하계동,354,11350,,,
학여울청구,1999,40000,2006,9,8,113.51,12,하계동,354,11350,,,
한진한화그랑빌,2002,46700,2006,9,8,139.08,21,월계동,18,11350,,,
한진한화그랑빌,2002,26700,2006,9,8,84.97,7,월계동,18,11350,,,
한진한화그랑빌,2002,37000,2006,9,8,114.97,21,월계동,18,11350,,,
한진한화그랑빌,2002,18600,2006,9,8,59.94,11,월계동,18,11350,,,
한화꿈에그린,2005,37000,2006,9,8,84.902,8,중계동,598,11350,,,
현대,1988,30000,2006,9,8,84.95,13,하계동,270,11350,,,
현대,1988,28500,2006,9,8,84.96,15,하계동,270,11350,,,
현대2(4차),1993,24500,2006,9,8,84.78,6,중계동,578,11350,,,
현대그린,1998,26000,2006,9,8,84.99,7,중계동,49,11350,,,
건영3,1995,35700,2006,9,9,84.9,3,중계동,360-15,11350,,,
건영3,1995,36000,2006,9,9,84.9,15,중계동,360-15,11350,,,
극동,1988,16200,2006,9,9,70.56,15,하계동,271-3,11350,,,
대동황토방,2001,15850,2006,9,9,60,2,상계동,1284,11350,,,
대림,1988,35350,2006,9,9,93.75,8,상계동,695,11350,,,
동진,1988,7670,2006,9,9,51.3,4,중계동,103,11350,,,
두산힐스빌아파트,2000,26500,2006,9,9,84.9,3,공릉동,747,11350,,,
두산힐스빌아파트,2000,38900,2006,9,9,114.72,17,공릉동,747,11350,,,
롯데(505),1989,11200,2006,9,9,54.48,15,중계동,505,11350,,,
벽산,1988,18200,2006,9,9,70.56,12,하계동,271-3,11350,,,
보람아파트,1988,8470,2006,9,9,44.33,14,상계동,639,11350,,,
삼익포레스트아파트,1995,10700,2006,9,9,51.03,3,공릉동,737,11350,,,
상계주공10(고층),1988,14000,2006,9,9,61.52,7,상계동,666,11350,,,
상계주공10(고층),1988,10950,2006,9,9,49.94,13,상계동,666,11350,,,
상계주공11(고층),1988,13160,2006,9,9,58.01,2,상계동,652,11350,,,
상계주공12(고층),1988,18550,2006,9,9,66.56,9,상계동,647,11350,,,
상계주공13(고층),1989,12600,2006,9,9,58.01,11,상계동,637,11350,,,
상계주공2(고층),1987,13650,2006,9,9,58.01,4,상계동,740,11350,,,
상계주공3(고층),1987,12500,2006,9,9,59.2,4,상계동,730-2,11350,,,
상계주공4(고층),1988,23450,2006,9,9,75.2,3,상계동,749-5,11350,,,
상계주공6(고층),1988,16500,2006,9,9,58.01,5,상계동,720,11350,,,
상계주공6(고층),1988,16950,2006,9,9,58.01,14,상계동,720,11350,,,
상계주공6(고층),1988,16520,2006,9,9,58.01,8,상계동,720,11350,,,
상계주공8(저층),1988,23500,2006,9,9,47.25,3,상계동,677,11350,,,
상계주공9(고층),1988,8200,2006,9,9,45.9,3,상계동,670,11350,,,
상계주공9(고층),1988,14750,2006,9,9,61.52,4,상계동,670,11350,,,
상계주공9(고층),1988,10000,2006,9,9,49.94,3,상계동,670,11350,,,
상계주공9(고층),1988,11000,2006,9,9,49.94,7,상계동,670,11350,,,
상계현대3차,1999,20350,2006,9,9,84.96,2,상계동,1063,11350,,,
서광,1994,20500,2006,9,9,84.61,3,월계동,922,11350,,,
성원1,1996,54000,2006,9,9,134.78,10,중계동,580,11350,,,
성원1,1996,19900,2006,9,9,59.75,12,중계동,580,11350,,,
성원1,1996,30500,2006,9,9,84.78,8,중계동,580,11350,,,
우성,1988,46300,2006,9,9,127.22,13,하계동,270,11350,,,
우성,1988,29400,2006,9,9,84.91,13,하계동,270,11350,,,
월계역신도브래뉴,2005,26000,2006,9,9,84.5133,8,월계동,942,11350,,,
은빛1단지,1998,7900,2006,9,9,39.69,15,상계동,1255,11350,,,
은빛2단지,1998,10850,2006,9,9,49.77,7,상계동,1256,11350,,,
장미(시영6),1989,10500,2006,9,9,54.02,15,하계동,273,11350,,,
주공8,1993,13800,2006,9,9,49.72,9,중계동,362-1,11350,,,
중계그린1단지,1990,11500,2006,9,9,49.5,7,중계동,502-1,11350,,,
중앙하이츠,1998,23000,2006,9,9,84.98,18,중계동,161-1,11350,,,
풍림아이원,2005,17000,2006,9,9,59.149,1,월계동,944,11350,,,
풍림아파트A,2001,41000,2006,9,9,114.78,6,공릉동,725,11350,,,
하계1청구,1997,31000,2006,9,9,84.6,1,하계동,251,11350,,,
하계2현대,1997,28000,2006,9,9,75.35,10,하계동,288,11350,,,
학여울청구,1999,24600,2006,9,9,84.77,10,하계동,354,11350,,,
한신3차,1990,12900,2006,9,9,60.44,12,상계동,458,11350,,,
한진한화그랑빌,2002,49250,2006,9,9,139.08,16,월계동,18,11350,,,
한진한화그랑빌,2002,18000,2006,9,9,59.94,3,월계동,18,11350,,,
한화꿈에그린,2005,23500,2006,9,9,59.941,10,중계동,598,11350,,,
현대,2000,17300,2006,9,9,59.95,14,월계동,929,11350,,,
현대(6차),2018,45800,2006,9,9,122.69,13,중계동,34-5,11350,,,
현대(6차),2018,28500,2006,9,9,84.98,4,중계동,34-5,11350,,,
현대아파트,1984,22000,2006,9,9,62.27,1,공릉동,230,11350,,,
동신,1983,15000,2006,9,10,71.77,4,월계동,436,11350,,,
두산,1994,14000,2006,9,10,59.97,8,상계동,1110,11350,,,
미성,1986,9250,2006,9,10,33.28,4,월계동,13,11350,,,
미성,1986,12700,2006,9,10,50.14,7,월계동,13,11350,,,
보람아파트,1988,12500,2006,9,10,54.59,13,상계동,639,11350,,,
상계주공10(고층),1988,14220,2006,9,10,59.39,7,상계동,666,11350,,,
상계주공14(고층),1989,7700,2006,9,10,45.9,4,상계동,626,11350,,,
상계주공16(고층),1988,11700,2006,9,10,58.01,9,상계동,624,11350,,,
상계주공2(고층),1987,10900,2006,9,10,59.28,13,상계동,740,11350,,,
상계주공2(고층),1987,12800,2006,9,10,59.39,13,상계동,740,11350,,,
상계주공7(고층),1988,13150,2006,9,10,49.94,10,상계동,691,11350,,,
상계주공9(고층),1988,8000,2006,9,10,41.3,4,상계동,670,11350,,,
성원(사슴4),1995,7300,2006,9,10,39.6,1,월계동,322-1,11350,,,
신원아파트,2000,13400,2006,9,10,59.59,6,공릉동,370-4,11350,,,
염광,1996,27300,2006,9,10,84.5,5,중계동,445,11350,,,
은빛1단지,1998,11400,2006,9,10,49.77,11,상계동,1255,11350,,,
은빛1단지,1998,14600,2006,9,10,59.92,9,상계동,1255,11350,,,
은빛1단지,1998,8200,2006,9,10,39.7,13,상계동,1255,11350,,,
주공2,1992,6000,2006,9,10,38.64,8,월계동,556,11350,,,
주공2,1992,7350,2006,9,10,44.52,7,월계동,556,11350,,,
중계그린1단지,1990,8200,2006,9,10,39.78,5,중계동,502-1,11350,,,
태강아파트(아이파크),1999,11650,2006,9,10,49.6,10,공릉동,81,11350,,,
건영2,1991,20900,2006,9,11,75.02,11,중계동,515-2,11350,,,
극동,1988,24500,2006,9,11,84.91,3,하계동,271-3,11350,,,
극동늘푸른,2000,20000,2006,9,11,84.514,1,상계동,1128,11350,,,
대림벽산(363),1993,60000,2006,9,11,114.39,5,중계동,363,11350,,,
대명아파트,1989,16600,2006,9,11,66.24,4,공릉동,270-71,11350,,,
대창센시티,2002,18800,2006,9,11,84.8577,2,상계동,1302,11350,,,
두산,1994,20800,2006,9,11,84.09,4,상계동,1110,11350,,,
롯데(505),1989,19700,2006,9,11,72.49,9,중계동,505,11350,,,
미성,1986,9400,2006,9,11,33.28,2,월계동,13,11350,,,
미성,1989,27000,2006,9,11,84.94,13,하계동,280,11350,,,
미성,1986,9900,2006,9,11,33.28,3,월계동,13,11350,,,
보람아파트,1988,8250,2006,9,11,44.33,10,상계동,639,11350,,,
보람아파트,1988,12300,2006,9,11,54.59,14,상계동,639,11350,,,
불암현대,1999,16250,2006,9,11,59.4,20,상계동,1293,11350,,,
삼익2차아파트,2004,24500,2006,9,11,83.409,6,공릉동,754,11350,,,
삼호4,1987,15000,2006,9,11,59.49,6,월계동,12,11350,,,
상계1차중앙하이츠,1997,28000,2006,9,11,84.6,12,상계동,1279,11350,,,
상계1차현대아파트,1993,19700,2006,9,11,83.92,8,상계동,1055,11350,,,
상계1차현대아파트,1993,17200,2006,9,11,83.92,7,상계동,1055,11350,,,
상계주공1(고층),1988,8450,2006,9,11,41.3,4,상계동,765,11350,,,
상계주공1(고층),1988,8200,2006,9,11,41.3,8,상계동,765,11350,,,
상계주공11(고층),1988,14400,2006,9,11,58.01,13,상계동,652,11350,,,
상계주공14(고층),1989,8020,2006,9,11,41.3,8,상계동,626,11350,,,
상계주공14(고층),1989,8200,2006,9,11,45.55,9,상계동,626,11350,,,
상계주공14(고층),1989,7700,2006,9,11,45.9,4,상계동,626,11350,,,
상계주공14(고층),1989,8200,2006,9,11,45.9,9,상계동,626,11350,,,
상계주공14(고층),1989,13000,2006,9,11,59.39,12,상계동,626,11350,,,
상계주공16(고층),1988,12500,2006,9,11,59.39,4,상계동,624,11350,,,
상계주공2(고층),1987,16650,2006,9,11,68.86,10,상계동,740,11350,,,
상계주공4(고층),1988,8450,2006,9,11,41.3,9,상계동,749-5,11350,,,
상계주공5(저층),1987,12000,2006,9,11,31.98,4,상계동,721,11350,,,
상계주공9(고층),1988,14300,2006,9,11,61.52,4,상계동,670,11350,,,
상계주공9(고층),1988,7650,2006,9,11,45.9,4,상계동,670,11350,,,
상록수1단지,2002,13000,2006,9,11,53.656,11,상계동,1296,11350,,,
상록수1단지,2002,12350,2006,9,11,53.656,6,상계동,1296,11350,,,
상아,1989,9700,2006,9,11,51.29,1,중계동,505,11350,,,
서광,1994,12800,2006,9,11,59.96,3,월계동,922,11350,,,
성북맨션,1976,13000,2006,9,11,65.35,1,월계동,383-40,11350,,,
세양청마루,2005,26500,2006,9,11,84.939,3,월계동,943,11350,,,
신성미소지움아파트,2004,23500,2006,9,11,84.929,9,공릉동,756,11350,,,
염광,1996,15300,2006,9,11,59.34,11,중계동,445,11350,,,
우림루미아트1,2004,39500,2006,9,11,114.747,5,상계동,1306,11350,,,
장미(시영6),1989,14700,2006,9,11,64.88,9,하계동,273,11350,,,
주공2,1992,7900,2006,9,11,44.52,6,중계동,369,11350,,,
주공2,1992,7400,2006,9,11,44.52,15,중계동,369,11350,,,
주공4,1991,14600,2006,9,11,59.39,7,중계동,358-2,11350,,,
주공5,1992,27400,2006,9,11,84.79,2,중계동,359-1,11350,,,
주공8,1993,13900,2006,9,11,49.72,6,중계동,362-1,11350,,,
중계무지개,1991,13750,2006,9,11,59.26,12,중계동,512,11350,,,
청구,1988,30000,2006,9,11,84.97,5,하계동,284,11350,,,
청구3,1996,41000,2006,9,11,84.77,11,중계동,360-2,11350,,,
청솔(시영7),1989,7500,2006,9,11,39.78,4,하계동,274,11350,,,
청솔(시영7),1989,7800,2006,9,11,39.92,3,하계동,274,11350,,,
청암2단지,2001,16700,2006,9,11,59.4,9,상계동,1276,11350,,,
초안산쌍용스윗닷홈,2006,25431,2006,9,11,84.69,2,월계동,945,11350,,,
초안산쌍용스윗닷홈,2006,24864,2006,9,11,84.69,1,월계동,945,11350,,,
태강아파트(아이파크),1999,16400,2006,9,11,59.34,5,공릉동,81,11350,,,
풍림아파트A,2001,18800,2006,9,11,59.94,2,공릉동,725,11350,,,
하계1청구,1997,38800,2006,9,11,84.6,9,하계동,251,11350,,,
학여울청구,1999,24500,2006,9,11,84.77,17,하계동,354,11350,,,
한진한화그랑빌,2002,18750,2006,9,11,59.94,8,월계동,18,11350,,,
한화꿈에그린,2005,36000,2006,9,11,84.902,11,중계동,598,11350,,,
현대,1988,28210,2006,9,11,84.95,3,하계동,270,11350,,,
현대(6차),2018,15700,2006,9,11,59.84,4,중계동,34-5,11350,,,
건영,1988,20100,2006,9,12,74.58,8,하계동,271-3,11350,,,
건영3,1995,42000,2006,9,12,84.9,11,중계동,360-15,11350,,,
건영3,1995,40000,2006,9,12,84.9,9,중계동,360-15,11350,,,
경남아너스빌,2002,41150,2006,9,12,105.5954,7,중계동,597,11350,,,
경남아너스빌,2002,23300,2006,9,12,79.098,2,중계동,597,11350,,,
금호타운(583),1997,15300,2006,9,12,59.52,10,중계동,583,11350,,,
동도센트리움(601),2005,28100,2006,9,12,84.949,5,중계동,601,11350,,,
동부아파트,1996,19700,2006,9,12,84.79,12,공릉동,705,11350,,,
라이프,1993,65000,2006,9,12,115.65,9,중계동,366,11350,,,
롯데우성,1993,58000,2006,9,12,115.26,9,중계동,361-1,11350,,,
벽산,1988,13100,2006,9,12,57.71,4,하계동,271-3,11350,,,
삼익2차아파트,2004,25400,2006,9,12,84.458,9,공릉동,754,11350,,,
상계2차중앙하이츠,1998,28900,2006,9,12,84.6,19,상계동,1282,11350,,,
상계2차중앙하이츠,1998,27500,2006,9,12,84.6,13,상계동,1282,11350,,,
상계신동아,1995,21800,2006,9,12,84.99,6,상계동,463,11350,,,
상계주공1(고층),1988,10500,2006,9,12,49.94,11,상계동,765,11350,,,
상계주공1(고층),1988,5900,2006,9,12,32.39,1,상계동,765,11350,,,
상계주공10(고층),1988,7800,2006,9,12,45.9,5,상계동,666,11350,,,
상계주공10(고층),1988,11590,2006,9,12,58.01,1,상계동,666,11350,,,
상계주공12(고층),1988,13860,2006,9,12,61.52,4,상계동,647,11350,,,
상계주공12(고층),1988,19400,2006,9,12,66.56,12,상계동,647,11350,,,
상계주공12(고층),1988,7250,2006,9,12,41.3,4,상계동,647,11350,,,
상계주공14(고층),1989,10025,2006,9,12,49.94,15,상계동,626,11350,,,
상계주공14(고층),1989,7600,2006,9,12,45.9,13,상계동,626,11350,,,
상계주공16(고층),1988,8000,2006,9,12,45.77,10,상계동,624,11350,,,
상계주공16(고층),1988,12300,2006,9,12,59.39,6,상계동,624,11350,,,
상계주공16(고층),1988,8000,2006,9,12,45.77,3,상계동,624,11350,,,
상계주공16(고층),1988,8160,2006,9,12,45.77,9,상계동,624,11350,,,
상계주공2(고층),1987,14270,2006,9,12,58.01,10,상계동,740,11350,,,
상계주공3(고층),1987,13100,2006,9,12,58.01,12,상계동,730-2,11350,,,
상계주공6(고층),1988,16300,2006,9,12,59.28,4,상계동,720,11350,,,
상계주공6(고층),1988,14000,2006,9,12,58.01,6,상계동,720,11350,,,
상계주공6(고층),1988,12500,2006,9,12,49.94,2,상계동,720,11350,,,
상계주공7(고층),1988,8500,2006,9,12,41.3,7,상계동,691,11350,,,
상계주공7(고층),1988,7860,2006,9,12,41.3,2,상계동,691,11350,,,
상계주공7(고층),1988,7860,2006,9,12,41.3,2,상계동,691,11350,,,
상계주공7(고층),1988,14250,2006,9,12,58.01,13,상계동,691,11350,,,
상계주공9(고층),1988,10500,2006,9,12,49.94,3,상계동,670,11350,,,
시영2단지(라이프)아파트,1994,6400,2006,9,12,34.44,2,공릉동,707,11350,,,
염광,1996,26500,2006,9,12,84.5,2,중계동,445,11350,,,
우림루미아트1,2004,28000,2006,9,12,84.887,11,상계동,1306,11350,,,
월계흥화브라운빌,2004,16250,2006,9,12,59.79,8,월계동,939,11350,,,
월계흥화브라운빌,2004,23200,2006,9,12,84.91,13,월계동,939,11350,,,
은빛1단지,1998,14500,2006,9,12,59.95,5,상계동,1255,11350,,,
은빛1단지,1998,12500,2006,9,12,59.95,1,상계동,1255,11350,,,
은빛2단지,1998,7950,2006,9,12,39.69,9,상계동,1256,11350,,,
주공2,1992,6500,2006,9,12,38.64,2,월계동,556,11350,,,
주공5,1992,26400,2006,9,12,76.51,13,중계동,359-1,11350,,,
주공5,1992,29800,2006,9,12,84.79,3,중계동,359-1,11350,,,
주공7,1993,8550,2006,9,12,44.1,13,중계동,363-1,11350,,,
주공8,1993,14400,2006,9,12,49.72,11,중계동,362-1,11350,,,
주공8,1993,14850,2006,9,12,49.72,5,중계동,362-1,11350,,,
주공8,1993,14400,2006,9,12,49.72,3,중계동,362-1,11350,,,
중계그린1단지,1990,9600,2006,9,12,44.1,10,중계동,502-1,11350,,,
중계그린1단지,1990,7800,2006,9,12,39.91,8,중계동,502-1,11350,,,
중계무지개,1991,8000,2006,9,12,39.82,7,중계동,512,11350,,,
중계무지개,1991,7800,2006,9,12,39.82,3,중계동,512,11350,,,
중계무지개,1991,10400,2006,9,12,49.54,13,중계동,512,11350,,,
청백3,1998,11000,2006,9,12,49.77,11,월계동,780,11350,,,
청솔(시영7),1989,10410,2006,9,12,49.5,13,하계동,274,11350,,,
청암2단지,2001,13000,2006,9,12,49.77,10,상계동,1276,11350,,,
태강아파트(아이파크),1999,11780,2006,9,12,49.6,7,공릉동,81,11350,,,
태강아파트(아이파크),1999,16300,2006,9,12,59.34,9,공릉동,81,11350,,,
하계1청구,1997,35000,2006,9,12,84.6,12,하계동,251,11350,,,
학여울청구,1999,13800,2006,9,12,59.4,5,하계동,354,11350,,,
한진한화그랑빌,2002,19500,2006,9,12,59.94,11,월계동,18,11350,,,
한진한화그랑빌,2002,25500,2006,9,12,84.97,6,월계동,18,11350,,,
현대,2000,36500,2006,9,12,114.99,17,월계동,929,11350,,,
현대,1988,21900,2006,9,12,72.2,13,하계동,270,11350,,,
현대2차,1993,17000,2006,9,12,83.27,9,상계동,1078,11350,,,
현대성우아파트,2000,11300,2006,9,12,59.98,1,공릉동,741,11350,,,
건영,1988,10000,2006,9,13,45.55,7,하계동,271-3,11350,,,
광덕파크빌아파트,2003,18000,2006,9,13,84.69,12,공릉동,752,11350,,,
대동황토방,2001,34600,2006,9,13,114.72,18,상계동,1284,11350,,,
대망드림힐1,2003,22000,2006,9,13,70.8818,10,상계동,1304,11350,,,
동신아파트,1999,23200,2006,9,13,84.97,24,공릉동,745,11350,,,
동아불암,1999,25700,2006,9,13,84.9,6,상계동,1285,11350,,,
동원베네스트,2005,17500,2006,9,13,59.854,7,월계동,940,11350,,,
롯데(505),1989,19500,2006,9,13,72.49,8,중계동,505,11350,,,
미성,1989,40700,2006,9,13,118.52,11,하계동,280,11350,,,
미성,1986,12500,2006,9,13,50.14,3,월계동,13,11350,,,
벽산,1988,24900,2006,9,13,84.85,2,하계동,271-3,11350,,,
보람아파트,1988,8750,2006,9,13,44.33,4,상계동,639,11350,,,
비선아파트,1999,11650,2006,9,13,48.6,1,공릉동,109,11350,,,
삼익포레스트아파트,1995,20250,2006,9,13,84.6,2,공릉동,737,11350,,,
상계1차중앙하이츠,1997,29150,2006,9,13,84.6,17,상계동,1279,11350,,,
상계2차중앙하이츠,1998,42000,2006,9,13,134.97,3,상계동,1282,11350,,,
상계주공1(고층),1988,13800,2006,9,13,58.01,8,상계동,765,11350,,,
상계주공1(고층),1988,8200,2006,9,13,41.3,4,상계동,765,11350,,,
상계주공1(고층),1988,17400,2006,9,13,68.86,13,상계동,765,11350,,,
상계주공1(고층),1988,13900,2006,9,13,58.01,7,상계동,765,11350,,,
상계주공10(고층),1988,9980,2006,9,13,49.94,2,상계동,666,11350,,,
상계주공10(저층),1988,13900,2006,9,13,54.54,5,상계동,666,11350,,,
상계주공14(고층),1989,13500,2006,9,13,59.39,14,상계동,626,11350,,,
상계주공14(고층),1989,11320,2006,9,13,49.94,8,상계동,626,11350,,,
상계주공16(고층),1988,11770,2006,9,13,59.39,5,상계동,624,11350,,,
상계주공16(고층),1988,7800,2006,9,13,45.77,14,상계동,624,11350,,,
상계주공16(고층),1988,8450,2006,9,13,45.77,11,상계동,624,11350,,,
상계주공2(고층),1987,7500,2006,9,13,32.39,5,상계동,740,11350,,,
상계주공3(고층),1987,13050,2006,9,13,58.01,3,상계동,730-2,11350,,,
상계주공7(고층),1988,10300,2006,9,13,41.3,8,상계동,691,11350,,,
상아,1989,25700,2006,9,13,84.97,8,중계동,505,11350,,,
성원(사슴4),1995,11000,2006,9,13,49.92,7,월계동,322-1,11350,,,
센트럴타워,2005,36300,2006,9,13,122.99,10,상계동,581-2,11350,,,
우남그랜드,2001,24100,2006,9,13,84.73,16,월계동,930,11350,,,
은빛2단지,1998,12500,2006,9,13,49.77,9,상계동,1256,11350,,,
주공2,1992,8345,2006,9,13,44.52,12,중계동,369,11350,,,
주공2,1992,9500,2006,9,13,44.52,11,중계동,369,11350,,,
주공2,1992,8300,2006,9,13,44.52,7,중계동,369,11350,,,
주공4,1991,23700,2006,9,13,76.51,3,중계동,358-2,11350,,,
주공5,1992,24400,2006,9,13,76.51,15,중계동,359-1,11350,,,
중계그린1단지,1990,7700,2006,9,13,39.91,3,중계동,502-1,11350,,,
중계그린1단지,1990,7600,2006,9,13,39.92,4,중계동,502-1,11350,,,
중계그린1단지,1990,10700,2006,9,13,49.85,9,중계동,502-1,11350,,,
중계그린1단지,1990,10070,2006,9,13,49.5,6,중계동,502-1,11350,,,
중계무지개,1991,10000,2006,9,13,49.89,1,중계동,512,11350,,,
청솔(시영7),1989,7900,2006,9,13,39.78,12,하계동,274,11350,,,
청솔(시영7),1989,8000,2006,9,13,39.78,6,하계동,274,11350,,,
청솔(시영7),1989,10600,2006,9,13,49.5,5,하계동,274,11350,,,
초안1,1998,11100,2006,9,13,59.85,12,월계동,923,11350,,,
초안2,1997,10450,2006,9,13,59.85,1,월계동,924,11350,,,
초안2,1997,9100,2006,9,13,49.6,13,월계동,924,11350,,,
초안산쌍용스윗닷홈,2006,24864,2006,9,13,84.69,1,월계동,945,11350,,,
학여울청구,1999,24000,2006,9,13,84.77,15,하계동,354,11350,,,
학여울청구,1999,14100,2006,9,13,59.4,15,하계동,354,11350,,,
한진한화그랑빌,2002,48900,2006,9,13,139.08,13,월계동,18,11350,,,
현대,2000,25000,2006,9,13,84.98,2,월계동,929,11350,,,
현대1(4차),1993,22000,2006,9,13,84.99,1,중계동,577,11350,,,
현대2차,1993,17600,2006,9,13,82.68,2,상계동,1078,11350,,,
현대2차,1993,16000,2006,9,13,82.68,1,상계동,1078,11350,,,
효성아파트,1995,31000,2006,9,13,84.66,5,공릉동,742,11350,,,
금호타운(583),1997,15200,2006,9,14,59.52,4,중계동,583,11350,,,
대동황토방,2001,35500,2006,9,14,114.72,19,상계동,1284,11350,,,
롯데(505),1989,23800,2006,9,14,84.97,2,중계동,505,11350,,,
롯데우성,1993,59200,2006,9,14,115.26,14,중계동,361-1,11350,,,
문수해오름,2003,9400,2006,9,14,42.76,3,상계동,1303,11350,,,
미륭,1986,13200,2006,9,14,51.48,13,월계동,13,11350,,,
보람아파트,1988,23400,2006,9,14,79.25,15,상계동,639,11350,,,
삼익포레스트아파트,1995,11700,2006,9,14,51.03,8,공릉동,737,11350,,,
삼익포레스트아파트,1995,32000,2006,9,14,114.88,2,공릉동,737,11350,,,
삼창타워주상프라자,1997,18000,2006,9,14,84.3,9,중계동,584-1,11350,,,
삼호4,1987,14000,2006,9,14,59.49,3,월계동,12,11350,,,
상계2차중앙하이츠,1998,49000,2006,9,14,134.97,18,상계동,1282,11350,,,
상계주공1(고층),1988,12510,2006,9,14,58.01,8,상계동,765,11350,,,
상계주공1(고층),1988,9000,2006,9,14,49.94,10,상계동,765,11350,,,
상계주공10(고층),1988,8040,2006,9,14,45.9,12,상계동,666,11350,,,
상계주공10(고층),1988,12400,2006,9,14,58.01,6,상계동,666,11350,,,
상계주공14(고층),1989,7550,2006,9,14,41.3,4,상계동,626,11350,,,
상계주공14(고층),1989,8400,2006,9,14,45.55,8,상계동,626,11350,,,
상계주공16(고층),1988,11800,2006,9,14,59.39,13,상계동,624,11350,,,
상계주공2(고층),1987,14250,2006,9,14,58.01,12,상계동,740,11350,,,
상계주공2(고층),1987,15100,2006,9,14,58.01,9,상계동,740,11350,,,
상계주공3(고층),1987,16450,2006,9,14,59.39,13,상계동,730-2,11350,,,
상계주공5(저층),1987,12000,2006,9,14,31.98,3,상계동,721,11350,,,
상계주공5(저층),1987,11500,2006,9,14,31.98,5,상계동,721,11350,,,
상계주공6(고층),1988,15930,2006,9,14,58.01,13,상계동,720,11350,,,
상계주공6(고층),1988,16800,2006,9,14,59.28,7,상계동,720,11350,,,
상계주공8(저층),1988,12700,2006,9,14,31.95,1,상계동,677,11350,,,
성원1,1996,22000,2006,9,14,59.75,7,중계동,580,11350,,,
시영3차(라이프)아파트,1994,6900,2006,9,14,39.6,1,공릉동,715,11350,,,
신안,1999,19700,2006,9,14,59.97,15,중계동,590,11350,,,
장미(시영6),1989,9800,2006,9,14,49.5,15,하계동,273,11350,,,
주공5,1992,8100,2006,9,14,44.52,15,중계동,359-1,11350,,,
주공5,1992,30900,2006,9,14,84.79,11,중계동,359-1,11350,,,
중계그린1단지,1990,11400,2006,9,14,49.5,11,중계동,502-1,11350,,,
중계그린1단지,1990,9900,2006,9,14,44.1,6,중계동,502-1,11350,,,
중계무지개,1991,11200,2006,9,14,49.54,8,중계동,512,11350,,,
청솔(시영7),1989,10490,2006,9,14,49.5,8,하계동,274,11350,,,
청암2단지,2001,16450,2006,9,14,59.96,16,상계동,1276,11350,,,
태강아파트(아이파크),1999,17000,2006,9,14,59.34,11,공릉동,81,11350,,,
하계1청구,1997,29500,2006,9,14,84.6,1,하계동,251,11350,,,
하계1청구,1997,36500,2006,9,14,84.6,12,하계동,251,11350,,,
학여울청구,1999,27500,2006,9,14,84.77,12,하계동,354,11350,,,
한신3차,1990,20000,2006,9,14,84.59,13,상계동,458,11350,,,
한신동성,1993,50900,2006,9,14,112.24,9,하계동,256-5,11350,,,
한일2,2000,15300,2006,9,14,59.953,9,월계동,927,11350,,,
한진한화그랑빌,2002,27200,2006,9,14,84.97,21,월계동,18,11350,,,
한진한화그랑빌,2002,24200,2006,9,14,84.97,3,월계동,18,11350,,,
한진한화그랑빌,2002,48500,2006,9,14,139.08,12,월계동,18,11350,,,
현대1(4차),1993,22550,2006,9,14,71.16,7,중계동,577,11350,,,
건영,1988,10900,2006,9,15,53.14,6,하계동,271-3,11350,,,
건영,1988,11150,2006,9,15,53.14,10,하계동,271-3,11350,,,
건영,1988,21000,2006,9,15,74.58,7,하계동,271-3,11350,,,
경남,1989,20000,2006,9,15,74.2,12,중계동,505,11350,,,
대우,1998,30000,2006,9,15,99.98,13,월계동,775,11350,,,
동일씨티빌,2006,15000,2006,9,15,67.04,6,상계동,1065-6,11350,,,
미성,1986,12200,2006,9,15,50.14,3,월계동,13,11350,,,
비선아파트,1999,10500,2006,9,15,48.6,6,공릉동,109,11350,,,
비선아파트,1999,10500,2006,9,15,48.6,6,공릉동,109,11350,,,
삼성,1999,14200,2006,9,15,59.9,1,중계동,593,11350,,,
삼익4단지아파트,1994,11000,2006,9,15,49.5,1,공릉동,714,11350,,,
삼익포레스트아파트,1995,11500,2006,9,15,51.03,9,공릉동,737,11350,,,
상계주공10(고층),1988,10340,2006,9,15,49.94,6,상계동,666,11350,,,
상계주공10(고층),1988,8000,2006,9,15,45.9,8,상계동,666,11350,,,
상계주공10(고층),1988,12840,2006,9,15,58.01,9,상계동,666,11350,,,
상계주공10(고층),1988,8770,2006,9,15,45.77,9,상계동,666,11350,,,
상계주공10(고층),1988,18750,2006,9,15,68.86,5,상계동,666,11350,,,
상계주공11(고층),1988,8100,2006,9,15,41.3,14,상계동,652,11350,,,
상계주공12(고층),1988,11050,2006,9,15,49.94,8,상계동,647,11350,,,
상계주공12(고층),1988,8050,2006,9,15,41.3,5,상계동,647,11350,,,
상계주공2(고층),1987,14020,2006,9,15,58.01,5,상계동,740,11350,,,
상계주공2(고층),1987,12560,2006,9,15,58.01,1,상계동,740,11350,,,
상계주공2(고층),1987,6800,2006,9,15,32.39,14,상계동,740,11350,,,
상계주공6(고층),1988,7500,2006,9,15,37.46,5,상계동,720,11350,,,
상계주공6(고층),1988,16620,2006,9,15,58.01,9,상계동,720,11350,,,
상계주공6(고층),1988,16260,2006,9,15,59.39,9,상계동,720,11350,,,
상계주공7(고층),1988,15150,2006,9,15,58.01,1,상계동,691,11350,,,
상계주공7(고층),1988,12400,2006,9,15,49.94,2,상계동,691,11350,,,
상계주공7(고층),1988,9660,2006,9,15,45.9,14,상계동,691,11350,,,
상계주공7(고층),1988,9410,2006,9,15,45.9,6,상계동,691,11350,,,
상계주공9(고층),1988,10860,2006,9,15,49.94,4,상계동,670,11350,,,
시영2단지(라이프)아파트,1994,8000,2006,9,15,39.6,13,공릉동,707,11350,,,
시영3차(라이프)아파트,1994,7000,2006,9,15,34.44,4,공릉동,715,11350,,,
우남푸르미아,2006,16000,2006,9,15,59.92,3,월계동,946,11350,,,
우방,1999,14100,2006,9,15,59.74,15,하계동,353,11350,,,
장미(시영6),1989,8100,2006,9,15,43.56,6,하계동,273,11350,,,
장미(시영6),1989,8100,2006,9,15,43.56,6,하계동,273,11350,,,
장미(시영6),1989,7300,2006,9,15,39.78,2,하계동,273,11350,,,
주공10,1995,19000,2006,9,15,58.14,11,중계동,360-16,11350,,,
주공2,1992,7000,2006,9,15,44.52,15,월계동,556,11350,,,
주공6,1993,8400,2006,9,15,44.1,4,중계동,364-12,11350,,,
중계그린1단지,1990,10600,2006,9,15,49.5,6,중계동,502-1,11350,,,
중계그린1단지,1990,10050,2006,9,15,44.1,15,중계동,502-1,11350,,,
중계그린1단지,1990,7700,2006,9,15,39.78,2,중계동,502-1,11350,,,
중계그린1단지,1990,9800,2006,9,15,44.1,13,중계동,502-1,11350,,,
중계무지개,1991,7250,2006,9,15,39.96,1,중계동,512,11350,,,
중계무지개,1991,7800,2006,9,15,39.96,6,중계동,512,11350,,,
청백4,1998,8000,2006,9,15,39.84,6,월계동,781,11350,,,
청암2단지,2001,16800,2006,9,15,59.4,19,상계동,1276,11350,,,
초안2,1997,7250,2006,9,15,39.6,8,월계동,924,11350,,,
태강아파트(아이파크),1999,10800,2006,9,15,49.6,1,공릉동,81,11350,,,
하계2현대,1997,36200,2006,9,15,84.896,9,하계동,288,11350,,,
학여울청구,1999,34000,2006,9,15,113.51,14,하계동,354,11350,,,
학여울청구,1999,23000,2006,9,15,84.77,12,하계동,354,11350,,,
한신2,1988,10000,2006,9,15,44.52,15,하계동,284,11350,,,
한진한화그랑빌,2002,28000,2006,9,15,84.97,10,월계동,18,11350,,,
한진한화그랑빌,2002,19500,2006,9,15,59.94,15,월계동,18,11350,,,
현대(6차),2018,27000,2006,9,15,84.98,4,중계동,34-5,11350,,,
현대4차,1995,16400,2006,9,15,84.73,2,상계동,1271,11350,,,
화랑타운아파트,2000,27400,2006,9,15,84.65,1,공릉동,111,11350,,,
건양노블레스빌,2003,20000,2006,9,16,84.659,11,월계동,938,11350,,,
건영,1988,19000,2006,9,16,74.58,1,하계동,271-3,11350,,,
건영2,1991,24350,2006,9,16,84.96,12,중계동,515-2,11350,,,
건영3,1995,39000,2006,9,16,84.9,8,중계동,360-15,11350,,,
경남,1989,17900,2006,9,16,74.2,15,중계동,505,11350,,,
경남아너스빌,2002,28900,2006,9,16,84.9132,17,중계동,597,11350,,,
극동늘푸른,2000,23000,2006,9,16,84.514,3,상계동,1128,11350,,,
극동늘푸른,2000,24500,2006,9,16,84.514,17,상계동,1128,11350,,,
노원현대,1997,26800,2006,9,16,84.78,7,상계동,359,11350,,,
대림,1988,33000,2006,9,16,93.75,4,상계동,695,11350,,,
대림벽산(363),1993,48000,2006,9,16,114.39,1,중계동,363,11350,,,
대림벽산(363),1993,58500,2006,9,16,114.39,7,중계동,363,11350,,,
동신아파트,1999,16300,2006,9,16,59.99,12,공릉동,745,11350,,,
롯데우성,1993,55000,2006,9,16,115.26,3,중계동,361-1,11350,,,
미륭,1986,13100,2006,9,16,51.48,4,월계동,13,11350,,,
미성,1986,9250,2006,9,16,33.28,1,월계동,13,11350,,,
미성,1989,27400,2006,9,16,84.94,7,하계동,280,11350,,,
미성,1986,12400,2006,9,16,50.14,14,월계동,13,11350,,,
벽산,1989,8500,2006,9,16,46.8,11,상계동,173-1,11350,,,
벽산,1988,27800,2006,9,16,84.85,8,하계동,271-3,11350,,,
보람아파트,1988,12000,2006,9,16,54.59,5,상계동,639,11350,,,
보람아파트,1988,8800,2006,9,16,44.33,1,상계동,639,11350,,,
보람아파트,1988,18200,2006,9,16,68.99,5,상계동,639,11350,,,
보람아파트,1988,25700,2006,9,16,79.25,9,상계동,639,11350,,,
비선아파트,1999,17000,2006,9,16,59.97,14,공릉동,109,11350,,,
비선아파트,1999,12000,2006,9,16,48.6,12,공릉동,109,11350,,,
삼호3,1986,16400,2006,9,16,59.22,3,월계동,13,11350,,,
삼호3,1986,15500,2006,9,16,59.22,14,월계동,13,11350,,,
상계대림,1989,23000,2006,9,16,84.91,5,상계동,172,11350,,,
상계신동아,1995,12500,2006,9,16,59.4,4,상계동,463,11350,,,
상계신동아,1995,22000,2006,9,16,84.99,9,상계동,463,11350,,,
상계주공10(저층),1988,10300,2006,9,16,47.34,5,상계동,666,11350,,,
상계주공11(고층),1988,9400,2006,9,16,49.94,2,상계동,652,11350,,,
상계주공11(고층),1988,19200,2006,9,16,68.86,13,상계동,652,11350,,,
상계주공12(고층),1988,8000,2006,9,16,41.3,10,상계동,647,11350,,,
상계주공16(고층),1988,12000,2006,9,16,59.39,14,상계동,624,11350,,,
상계주공16(고층),1988,12000,2006,9,16,59.39,14,상계동,624,11350,,,
상계주공2(저층),1987,11300,2006,9,16,46.04,2,상계동,740,11350,,,
상계주공3(고층),1987,26500,2006,9,16,73.94,14,상계동,730-2,11350,,,
상계주공3(고층),1987,13800,2006,9,16,59.2,4,상계동,730-2,11350,,,
상계주공4(고층),1988,27600,2006,9,16,83.7,14,상계동,749-5,11350,,,
상계주공4(고층),1988,9000,2006,9,16,41.3,8,상계동,749-5,11350,,,
상계주공4(고층),1988,26550,2006,9,16,84.2,15,상계동,749-5,11350,,,
상계주공4(고층),1988,10070,2006,9,16,41.3,9,상계동,749-5,11350,,,
상계주공6(고층),1988,15500,2006,9,16,58.01,3,상계동,720,11350,,,
상계주공6(고층),1988,12700,2006,9,16,49.94,13,상계동,720,11350,,,
상계주공6(고층),1988,13200,2006,9,16,58.01,7,상계동,720,11350,,,
상계주공6(고층),1988,15580,2006,9,16,58.01,12,상계동,720,11350,,,
상계주공6(고층),1988,16103,2006,9,16,59.39,5,상계동,720,11350,,,
상계주공7(고층),1988,13850,2006,9,16,49.94,8,상계동,691,11350,,,
상계주공7(고층),1988,13000,2006,9,16,59.39,12,상계동,691,11350,,,
상계주공7(고층),1988,9470,2006,9,16,45.9,4,상계동,691,11350,,,
상계주공9(고층),1988,14500,2006,9,16,61.52,14,상계동,670,11350,,,
상계현대3차,1999,21700,2006,9,16,84.96,5,상계동,1063,11350,,,
성원(사슴4),1995,7700,2006,9,16,39.6,10,월계동,322-1,11350,,,
수락한신,1997,22250,2006,9,16,84.95,2,상계동,1277,11350,,,
양우,2002,23600,2006,9,16,79.4198,15,상계동,1299,11350,,,
염광,1996,15100,2006,9,16,59.34,6,중계동,445,11350,,,
우림루미아트201동,2004,28300,2006,9,16,84.569,7,상계동,1307,11350,,,
은빛1단지,1998,14900,2006,9,16,59.95,10,상계동,1255,11350,,,
은빛2단지,1998,15450,2006,9,16,59.95,13,상계동,1256,11350,,,
은빛2단지,1998,12500,2006,9,16,49.77,10,상계동,1256,11350,,,
장미(시영6),1989,7550,2006,9,16,43.41,10,하계동,273,11350,,,
장미(시영6),1989,13330,2006,9,16,65.33,9,하계동,273,11350,,,
주공2,1992,10500,2006,9,16,59.97,1,월계동,556,11350,,,
주공2,1992,7200,2006,9,16,44.52,9,월계동,556,11350,,,
주공5,1992,25800,2006,9,16,76.51,6,중계동,359-1,11350,,,
주공5,1992,26500,2006,9,16,76.51,14,중계동,359-1,11350,,,
중계3우성,1999,27300,2006,9,16,84.87,4,중계동,585,11350,,,
중계그린1단지,1990,13000,2006,9,16,59.87,5,중계동,502-1,11350,,,
중계그린1단지,1990,10300,2006,9,16,49.5,12,중계동,502-1,11350,,,
중계그린1단지,1990,9430,2006,9,16,44.1,15,중계동,502-1,11350,,,
중계무지개,1991,10650,2006,9,16,49.54,3,중계동,512,11350,,,
중계무지개,1991,11500,2006,9,16,49.89,10,중계동,512,11350,,,
청백3,1998,12700,2006,9,16,59.4,11,월계동,780,11350,,,
태강아파트(아이파크),1999,12000,2006,9,16,49.6,6,공릉동,81,11350,,,
태강아파트(아이파크),1999,12000,2006,9,16,49.6,6,공릉동,81,11350,,,
태강아파트(아이파크),1999,11600,2006,9,16,49.6,14,공릉동,81,11350,,,
풍림아파트A,2001,40000,2006,9,16,114.78,10,공릉동,725,11350,,,
한신1차,1987,19800,2006,9,16,84.92,15,상계동,135,11350,,,
한신3차,1990,16500,2006,9,16,84.59,1,상계동,458,11350,,,
한일1,1999,15300,2006,9,16,59.953,14,월계동,926,11350,,,
한진한화그랑빌,2002,21000,2006,9,16,84.97,1,월계동,18,11350,,,
한진한화그랑빌,2002,18400,2006,9,16,59.94,3,월계동,18,11350,,,
한진한화그랑빌,2002,19150,2006,9,16,59.94,11,월계동,18,11350,,,
한진한화그랑빌,2002,32600,2006,9,16,114.97,1,월계동,18,11350,,,
한화꿈에그린,2005,36500,2006,9,16,84.902,11,중계동,598,11350,,,
미성,1986,12800,2006,9,17,50.14,12,월계동,13,11350,,,
미성,1986,12500,2006,9,17,50.14,2,월계동,13,11350,,,
보람아파트,1988,24200,2006,9,17,79.25,3,상계동,639,11350,,,
삼호3,1986,16000,2006,9,17,59.22,4,월계동,13,11350,,,
상계우방유쉘,2000,16450,2006,9,17,59.93,12,상계동,1295,11350,,,
상계주공14(고층),1989,7600,2006,9,17,45.9,2,상계동,626,11350,,,
상계주공16(고층),1988,12350,2006,9,17,59.39,10,상계동,624,11350,,,
상계주공3(고층),1987,14500,2006,9,17,59.39,12,상계동,730-2,11350,,,
상계주공3(고층),1987,15300,2006,9,17,59.39,10,상계동,730-2,11350,,,
상계주공4(고층),1988,13300,2006,9,17,59.2,7,상계동,749-5,11350,,,
상계주공7(고층),1988,11000,2006,9,17,49.94,15,상계동,691,11350,,,
상계주공7(고층),1988,12900,2006,9,17,49.94,2,상계동,691,11350,,,
상계주공7(고층),1988,9500,2006,9,17,45.55,4,상계동,691,11350,,,
상계주공7(고층),1988,12500,2006,9,17,49.94,2,상계동,691,11350,,,
상계주공7(고층),1988,12500,2006,9,17,49.94,2,상계동,691,11350,,,
상계주공7(고층),1988,11000,2006,9,17,49.94,15,상계동,691,11350,,,
월계흥화브라운빌,2004,17300,2006,9,17,59.79,5,월계동,939,11350,,,
은빛2단지,1998,15000,2006,9,17,59.95,14,상계동,1256,11350,,,
청구3,1996,39650,2006,9,17,84.77,7,중계동,360-2,11350,,,
한화꿈에그린,2005,35750,2006,9,17,84.902,7,중계동,598,11350,,,
현대그린,1998,24800,2006,9,17,84.99,5,중계동,49,11350,,,
건영2,1991,21000,2006,9,18,75.02,12,중계동,515-2,11350,,,
건영3,1995,38000,2006,9,18,84.9,14,중계동,360-15,11350,,,
건영3,1995,39500,2006,9,18,84.9,6,중계동,360-15,11350,,,
경남,1989,10000,2006,9,18,50.97,4,중계동,505,11350,,,
경남,1989,11300,2006,9,18,50.97,11,중계동,505,11350,,,
공릉동한보에센시티아파트,2000,14000,2006,9,18,59.4,5,공릉동,743,11350,,,
공릉해링턴플레이스,2000,45500,2006,9,18,99.917,7,공릉동,106,11350,,,
극동,1988,12000,2006,9,18,55.72,14,하계동,271-3,11350,,,
극동,1988,17500,2006,9,18,70.56,7,하계동,271-3,11350,,,
대동아파트2,1999,15000,2006,9,18,59.34,10,공릉동,380-1,11350,,,
대림,1988,34450,2006,9,18,93.75,8,상계동,695,11350,,,
동신,1983,15000,2006,9,18,70.81,2,월계동,436,11350,,,
동신,1983,28000,2006,9,18,104.36,9,월계동,436,11350,,,
동신아파트,1999,14900,2006,9,18,59.99,13,공릉동,745,11350,,,
두산힐스빌아파트,2000,25000,2006,9,18,84.9,11,공릉동,747,11350,,,
롯데(505),1989,22000,2006,9,18,84.97,1,중계동,505,11350,,,
미륭,1986,13350,2006,9,18,51.48,7,월계동,13,11350,,,
미성,1986,12400,2006,9,18,50.14,3,월계동,13,11350,,,
보람아파트,1988,18800,2006,9,18,68.99,12,상계동,639,11350,,,
보람아파트,1988,12200,2006,9,18,54.59,10,상계동,639,11350,,,
불암현대,1999,15900,2006,9,18,59.4,17,상계동,1293,11350,,,
삼익포레스트아파트,1995,32900,2006,9,18,114.88,13,공릉동,737,11350,,,
삼호3,1986,16250,2006,9,18,59.22,1,월계동,13,11350,,,
삼호3,1986,16000,2006,9,18,59.22,2,월계동,13,11350,,,
삼호3,1986,16500,2006,9,18,59.22,6,월계동,13,11350,,,
삼호4,1987,11800,2006,9,18,50.18,9,월계동,12,11350,,,
상계1차중앙하이츠,1997,15400,2006,9,18,59.82,11,상계동,1279,11350,,,
상계1차현대아파트,1993,20000,2006,9,18,83.92,4,상계동,1055,11350,,,
상계2차중앙하이츠,1998,16700,2006,9,18,59.82,19,상계동,1282,11350,,,
상계대림,1989,19000,2006,9,18,84.91,11,상계동,172,11350,,,
상계신동아,1995,20050,2006,9,18,84.99,14,상계동,463,11350,,,
상계주공1(고층),1988,8500,2006,9,18,41.3,9,상계동,765,11350,,,
상계주공1(고층),1988,14000,2006,9,18,58.01,10,상계동,765,11350,,,
상계주공10(고층),1988,12500,2006,9,18,58.01,3,상계동,666,11350,,,
상계주공10(고층),1988,12750,2006,9,18,59.2,13,상계동,666,11350,,,
상계주공12(고층),1988,13300,2006,9,18,58.01,15,상계동,647,11350,,,
상계주공12(고층),1988,14700,2006,9,18,58.01,7,상계동,647,11350,,,
상계주공14(고층),1989,13250,2006,9,18,59.39,3,상계동,626,11350,,,
상계주공16(고층),1988,8400,2006,9,18,45.77,4,상계동,624,11350,,,
상계주공2(고층),1987,6710,2006,9,18,32.39,1,상계동,740,11350,,,
상계주공3(고층),1987,12900,2006,9,18,59.39,15,상계동,730-2,11350,,,
상계주공6(고층),1988,16000,2006,9,18,58.01,9,상계동,720,11350,,,
상계주공6(고층),1988,15000,2006,9,18,58.01,15,상계동,720,11350,,,
상계주공6(고층),1988,7650,2006,9,18,32.39,12,상계동,720,11350,,,
상계주공7(고층),1988,12000,2006,9,18,49.94,15,상계동,691,11350,,,
상계주공7(고층),1988,11700,2006,9,18,49.94,12,상계동,691,11350,,,
상계주공9(고층),1988,8120,2006,9,18,45.9,4,상계동,670,11350,,,
상계주공9(고층),1988,9600,2006,9,18,49.94,1,상계동,670,11350,,,
상계주공9(고층),1988,7950,2006,9,18,45.9,13,상계동,670,11350,,,
상록수1단지,2002,13400,2006,9,18,53.656,6,상계동,1296,11350,,,
상아,1989,26800,2006,9,18,84.97,12,중계동,505,11350,,,
성원(사슴4),1995,7800,2006,9,18,39.6,4,월계동,322-1,11350,,,
성원(사슴4),1995,12750,2006,9,18,59.94,6,월계동,322-1,11350,,,
수락산벨리체,2000,59000,2006,9,18,134.94,3,상계동,1265,11350,,,
수락한신,1997,14800,2006,9,18,59.95,8,상계동,1277,11350,,,
시영2단지(라이프)아파트,1994,8100,2006,9,18,39.6,11,공릉동,707,11350,,,
시영3차(라이프)아파트,1994,7500,2006,9,18,39.6,4,공릉동,715,11350,,,
신성미소지움아파트,2004,27500,2006,9,18,107.713,3,공릉동,756,11350,,,
신원아파트,2000,12000,2006,9,18,59.59,5,공릉동,370-4,11350,,,
우림루미아트1,2004,27500,2006,9,18,84.887,7,상계동,1306,11350,,,
은빛1단지,1998,9200,2006,9,18,39.7,11,상계동,1255,11350,,,
은빛2단지,1998,10700,2006,9,18,49.77,5,상계동,1256,11350,,,
은빛2단지,1998,12250,2006,9,18,49.77,12,상계동,1256,11350,,,
장미(시영6),1989,11200,2006,9,18,54.29,9,하계동,273,11350,,,
장미(시영6),1989,14900,2006,9,18,64.88,6,하계동,273,11350,,,
장미(시영6),1989,7000,2006,9,18,43.56,7,하계동,273,11350,,,
주공2,1992,11000,2006,9,18,58.65,15,월계동,556,11350,,,
주공2,1992,7450,2006,9,18,44.52,15,중계동,369,11350,,,
주공2,1992,8000,2006,9,18,44.52,6,중계동,369,11350,,,
주공5,1992,26300,2006,9,18,76.51,8,중계동,359-1,11350,,,
주공5,1992,8600,2006,9,18,44.52,2,중계동,359-1,11350,,,
주공5,1992,8800,2006,9,18,44.52,14,중계동,359-1,11350,,,
주공7,1993,8750,2006,9,18,44.1,10,중계동,363-1,11350,,,
중계무지개,1991,8300,2006,9,18,39.96,6,중계동,512,11350,,,
중계무지개,1991,11600,2006,9,18,49.89,15,중계동,512,11350,,,
중앙하이츠(5지역),1996,18500,2006,9,18,84.87,8,상계동,1068,11350,,,
중앙하이츠(5지역),1996,17800,2006,9,18,84.87,12,상계동,1068,11350,,,
진로유통조합대림,1992,24800,2006,9,18,84.94,9,중계동,78,11350,,,
청구3,1996,34000,2006,9,18,84.77,1,중계동,360-2,11350,,,
청구3,1996,37200,2006,9,18,84.77,12,중계동,360-2,11350,,,
청솔아파트8,2000,25500,2006,9,18,84.83,5,공릉동,91,11350,,,
초안2,1997,7200,2006,9,18,39.6,8,월계동,924,11350,,,
초안산쌍용스윗닷홈,2006,24864,2006,9,18,84.69,1,월계동,945,11350,,,
태강아파트(아이파크),1999,11700,2006,9,18,49.6,8,공릉동,81,11350,,,
태강아파트(아이파크),1999,15000,2006,9,18,59.34,4,공릉동,81,11350,,,
하계1청구,1997,28800,2006,9,18,84.6,1,하계동,251,11350,,,
학여울청구,1999,36800,2006,9,18,113.51,7,하계동,354,11350,,,
학여울청구,1999,25600,2006,9,18,84.77,18,하계동,354,11350,,,
한신2,1988,8400,2006,9,18,35.28,5,하계동,284,11350,,,
한신동성,1993,48300,2006,9,18,112.24,4,하계동,256-5,11350,,,
한일2,2000,14800,2006,9,18,59.953,5,월계동,927,11350,,,
한진한화그랑빌,2002,49750,2006,9,18,139.08,22,월계동,18,11350,,,
한진한화그랑빌,2002,19400,2006,9,18,59.94,6,월계동,18,11350,,,
한진한화그랑빌,2002,28500,2006,9,18,84.97,21,월계동,18,11350,,,
한진한화그랑빌,2002,27000,2006,9,18,84.97,24,월계동,18,11350,,,
한화꿈에그린,2005,31500,2006,9,18,84.902,3,중계동,598,11350,,,
현대,1988,28500,2006,9,18,84.95,2,하계동,270,11350,,,
현대,2000,26000,2006,9,18,84.98,19,월계동,929,11350,,,
현대,2000,34300,2006,9,18,114.99,9,월계동,929,11350,,,
현대,2000,15500,2006,9,18,59.95,4,월계동,929,11350,,,
현대아파트,1984,19000,2006,9,18,62.27,1,공릉동,230,11350,,,
효성아파트,1995,30500,2006,9,18,84.66,5,공릉동,742,11350,,,
효성아파트,1995,25000,2006,9,18,73.18,2,공릉동,742,11350,,,
건영,1988,11500,2006,9,19,53.14,12,하계동,271-3,11350,,,
건영아파트,1998,18000,2006,9,19,84.75,7,공릉동,404-3,11350,,,
건영아파트,1998,13900,2006,9,19,59.94,9,공릉동,404-3,11350,,,
경남,1989,24600,2006,9,19,84.97,4,중계동,505,11350,,,
공릉동한보에센시티아파트,2000,24000,2006,9,19,84.93,9,공릉동,743,11350,,,
대창센시티,2002,22000,2006,9,19,84.8577,7,상계동,1302,11350,,,
동신아파트,1999,14700,2006,9,19,59.99,9,공릉동,745,11350,,,
동진신안,1993,74000,2006,9,19,134.74,5,중계동,364,11350,,,
두산힐스빌아파트,2000,35500,2006,9,19,114.72,15,공릉동,747,11350,,,
두산힐스빌아파트,2000,34500,2006,9,19,114.72,3,공릉동,747,11350,,,
롯데우성,1993,61000,2006,9,19,115.26,9,중계동,361-1,11350,,,
미성,1986,12550,2006,9,19,50.14,7,월계동,13,11350,,,
벽산,1989,18750,2006,9,19,75.03,10,상계동,173-1,11350,,,
보람아파트,1988,12200,2006,9,19,54.59,4,상계동,639,11350,,,
북부현대,1996,11300,2006,9,19,59.24,5,상계동,1273,11350,,,
삼익포레스트아파트,1995,25000,2006,9,19,84.6,10,공릉동,737,11350,,,
삼익포레스트아파트,1995,25000,2006,9,19,84.6,10,공릉동,737,11350,,,
삼익포레스트아파트,1995,33000,2006,9,19,114.88,7,공릉동,737,11350,,,
삼창,1984,12500,2006,9,19,56.59,3,월계동,448-3,11350,,,
삼호3,1986,16570,2006,9,19,59.22,10,월계동,13,11350,,,
상계1차현대아파트,1993,20000,2006,9,19,83.92,8,상계동,1055,11350,,,
상계주공1(고층),1988,12600,2006,9,19,58.01,14,상계동,765,11350,,,
상계주공10(고층),1988,13000,2006,9,19,58.01,10,상계동,666,11350,,,
상계주공10(고층),1988,13950,2006,9,19,58.01,7,상계동,666,11350,,,
상계주공10(고층),1988,12300,2006,9,19,58.01,7,상계동,666,11350,,,
상계주공11(고층),1988,9550,2006,9,19,49.94,1,상계동,652,11350,,,
상계주공11(고층),1988,10800,2006,9,19,49.94,6,상계동,652,11350,,,
상계주공16(고층),1988,13050,2006,9,19,59.39,11,상계동,624,11350,,,
상계주공16(고층),1988,8480,2006,9,19,45.77,6,상계동,624,11350,,,
상계주공2(고층),1987,9470,2006,9,19,41.3,9,상계동,740,11350,,,
상계주공3(고층),1987,9260,2006,9,19,41.3,13,상계동,730-2,11350,,,
상계주공4(고층),1988,14000,2006,9,19,59.2,13,상계동,749-5,11350,,,
상계주공4(고층),1988,12400,2006,9,19,49.94,13,상계동,749-5,11350,,,
상계주공4(고층),1988,12000,2006,9,19,49.94,7,상계동,749-5,11350,,,
상계주공5(저층),1987,12000,2006,9,19,31.98,2,상계동,721,11350,,,
상계주공6(고층),1988,7600,2006,9,19,32.39,12,상계동,720,11350,,,
상계주공6(고층),1988,13000,2006,9,19,49.94,8,상계동,720,11350,,,
상계주공7(고층),1988,9000,2006,9,19,45.55,5,상계동,691,11350,,,
상계주공8(저층),1988,23500,2006,9,19,47.25,2,상계동,677,11350,,,
상계주공9(고층),1988,10930,2006,9,19,49.94,14,상계동,670,11350,,,
상계주공9(고층),1988,7950,2006,9,19,45.9,9,상계동,670,11350,,,
상계주공9(고층),1988,13850,2006,9,19,58.01,5,상계동,670,11350,,,
상계주공9(고층),1988,13800,2006,9,19,61.52,2,상계동,670,11350,,,
상계주공9(고층),1988,28500,2006,9,19,79.07,5,상계동,670,11350,,,
상록수1단지,2002,12700,2006,9,19,53.656,13,상계동,1296,11350,,,
성원1,1996,18300,2006,9,19,59.75,18,중계동,580,11350,,,
시영2단지(라이프)아파트,1994,12500,2006,9,19,49.5,14,공릉동,707,11350,,,
신동아(366),1993,60000,2006,9,19,115.35,13,중계동,366,11350,,,
신원아파트,2000,18000,2006,9,19,84.99,9,공릉동,370-4,11350,,,
은빛1단지,1998,14400,2006,9,19,59.95,11,상계동,1255,11350,,,
은빛2단지,1998,12300,2006,9,19,49.77,9,상계동,1256,11350,,,
장미(시영6),1989,7800,2006,9,19,43.41,10,하계동,273,11350,,,
장미(시영6),1989,9750,2006,9,19,54.02,1,하계동,273,11350,,,
장미(시영6),1989,7600,2006,9,19,43.41,2,하계동,273,11350,,,
주공2,1992,8300,2006,9,19,44.52,8,중계동,369,11350,,,
주공2,1992,7250,2006,9,19,44.94,12,월계동,556,11350,,,
주공5,1992,16450,2006,9,19,58.46,7,중계동,359-1,11350,,,
주공6,1993,8300,2006,9,19,44.1,2,중계동,364-12,11350,,,
주공8,1993,13200,2006,9,19,49.72,3,중계동,362-1,11350,,,
중계그린1단지,1990,10700,2006,9,19,49.5,9,중계동,502-1,11350,,,
중계그린1단지,1990,9900,2006,9,19,44.1,8,중계동,502-1,11350,,,
중계그린1단지,1990,9900,2006,9,19,44.1,8,중계동,502-1,11350,,,
중계그린1단지,1990,10700,2006,9,19,49.5,4,중계동,502-1,11350,,,
중계그린1단지,1990,9800,2006,9,19,49.5,1,중계동,502-1,11350,,,
중계그린1단지,1990,9300,2006,9,19,49.5,1,중계동,502-1,11350,,,
중계그린1단지,1990,8200,2006,9,19,39.91,6,중계동,502-1,11350,,,
중계그린1단지,1990,11400,2006,9,19,49.85,12,중계동,502-1,11350,,,
중계그린1단지,1990,9900,2006,9,19,44.1,7,중계동,502-1,11350,,,
중계무지개,1991,7800,2006,9,19,39.96,7,중계동,512,11350,,,
중계무지개,1991,8150,2006,9,19,39.82,10,중계동,512,11350,,,
중계무지개,1991,11350,2006,9,19,49.54,5,중계동,512,11350,,,
청구3,1996,33700,2006,9,19,84.77,2,중계동,360-2,11350,,,
청백3,1998,12600,2006,9,19,59.4,10,월계동,780,11350,,,
청솔(시영7),1989,11000,2006,9,19,49.85,12,하계동,274,11350,,,
청솔(시영7),1989,9000,2006,9,19,49.5,2,하계동,274,11350,,,
청암1단지,2001,30500,2006,9,19,84.8,11,상계동,1275,11350,,,
청암2단지,2001,17300,2006,9,19,59.4,13,상계동,1276,11350,,,
초안1,1998,11900,2006,9,19,59.85,9,월계동,923,11350,,,
태강아파트(아이파크),1999,11500,2006,9,19,49.6,2,공릉동,81,11350,,,
태강아파트(아이파크),1999,11800,2006,9,19,49.6,13,공릉동,81,11350,,,
풍림아파트A,2001,29400,2006,9,19,84.99,17,공릉동,725,11350,,,
풍림아파트A,2001,39000,2006,9,19,114.78,4,공릉동,725,11350,,,
한신4차,1995,20700,2006,9,19,84.84,13,상계동,995,11350,,,
한신4차,1995,20375,2006,9,19,84.84,14,상계동,995,11350,,,
한신동성,1993,56900,2006,9,19,138.29,3,하계동,256-5,11350,,,
한신동성,1993,41000,2006,9,19,112.24,1,하계동,256-5,11350,,,
한일2,2000,14800,2006,9,19,59.953,5,월계동,927,11350,,,
한일유앤아이,2005,17700,2006,9,19,59.877,16,상계동,1309,11350,,,
한진한화그랑빌,2002,29500,2006,9,19,84.97,14,월계동,18,11350,,,
한진한화그랑빌,2002,19300,2006,9,19,59.94,6,월계동,18,11350,,,
한진한화그랑빌,2002,18900,2006,9,19,59.94,19,월계동,18,11350,,,
현대,2000,15700,2006,9,19,59.95,21,월계동,929,11350,,,
현대(6차),2018,16000,2006,9,19,59.84,11,중계동,34-5,11350,,,
현대그린,1998,26000,2006,9,19,84.99,5,중계동,49,11350,,,
현대아파트,1984,22000,2006,9,19,62.12,1,공릉동,230,11350,,,
현대아파트,1984,21900,2006,9,19,61.94,5,공릉동,230,11350,,,
현대아파트,1984,22500,2006,9,19,62.27,1,공릉동,230,11350,,,
화랑타운아파트,2000,35700,2006,9,19,84.65,5,공릉동,111,11350,,,
건영,1988,11500,2006,9,20,53.14,6,하계동,271-3,11350,,,
건영2,1991,19500,2006,9,20,75.02,3,중계동,515-2,11350,,,
건영3,1995,36000,2006,9,20,84.9,11,중계동,360-15,11350,,,
경남아너스빌,2002,28400,2006,9,20,84.9132,4,중계동,597,11350,,,
공릉동한보에센시티아파트,2000,14500,2006,9,20,59.4,18,공릉동,743,11350,,,
금호타운(583),1997,15500,2006,9,20,59.52,3,중계동,583,11350,,,
대림,1988,35000,2006,9,20,93.13,6,상계동,695,11350,,,
대우,1998,27000,2006,9,20,99.98,3,월계동,775,11350,,,
동신,1983,24000,2006,9,20,91.54,8,월계동,436,11350,,,
동아불암,1999,15000,2006,9,20,59.4,5,상계동,1285,11350,,,
롯데우성,1993,49000,2006,9,20,101.88,10,중계동,361-1,11350,,,
미륭,1986,13100,2006,9,20,51.48,12,월계동,13,11350,,,
미성,1986,12700,2006,9,20,50.14,5,월계동,13,11350,,,
미성,1986,9600,2006,9,20,33.28,2,월계동,13,11350,,,
미성,1986,9650,2006,9,20,33.28,4,월계동,13,11350,,,
보람아파트,1988,10000,2006,9,20,44.33,15,상계동,639,11350,,,
보람아파트,1988,8780,2006,9,20,44.33,5,상계동,639,11350,,,
삼호4,1987,12200,2006,9,20,50.18,11,월계동,12,11350,,,
상계신동아,1995,21550,2006,9,20,84.99,7,상계동,463,11350,,,
상계주공10(고층),1988,12400,2006,9,20,59.2,9,상계동,666,11350,,,
상계주공11(고층),1988,9770,2006,9,20,49.94,2,상계동,652,11350,,,
상계주공12(고층),1988,9550,2006,9,20,49.94,1,상계동,647,11350,,,
상계주공12(고층),1988,14430,2006,9,20,61.52,4,상계동,647,11350,,,
상계주공13(고층),1989,12700,2006,9,20,58.01,8,상계동,637,11350,,,
상계주공14(고층),1989,13350,2006,9,20,59.39,4,상계동,626,11350,,,
상계주공14(고층),1989,10700,2006,9,20,49.94,13,상계동,626,11350,,,
상계주공16(고층),1988,25800,2006,9,20,79.07,10,상계동,624,11350,,,
상계주공2(고층),1987,14500,2006,9,20,58.01,10,상계동,740,11350,,,
상계주공2(고층),1987,14160,2006,9,20,58.01,10,상계동,740,11350,,,
상계주공2(저층),1987,14750,2006,9,20,59.18,1,상계동,740,11350,,,
상계주공3(고층),1987,24800,2006,9,20,73.94,8,상계동,730-2,11350,,,
상계주공3(고층),1987,14300,2006,9,20,59.39,4,상계동,730-2,11350,,,
상계주공3(고층),1987,17700,2006,9,20,68.86,2,상계동,730-2,11350,,,
상계주공6(고층),1988,12900,2006,9,20,49.94,13,상계동,720,11350,,,
상계주공6(고층),1988,15000,2006,9,20,58.01,13,상계동,720,11350,,,
상계주공7(고층),1988,13350,2006,9,20,49.94,4,상계동,691,11350,,,
상계주공7(고층),1988,10000,2006,9,20,49.94,1,상계동,691,11350,,,
상계주공9(고층),1988,20000,2006,9,20,79.07,15,상계동,670,11350,,,
성원(사슴4),1995,8200,2006,9,20,49.92,1,월계동,322-1,11350,,,
성원(사슴4),1995,7800,2006,9,20,39.6,11,월계동,322-1,11350,,,
성원2,1995,19500,2006,9,20,98.28,2,중계동,581,11350,,,
수락한신,1997,14300,2006,9,20,59.95,5,상계동,1277,11350,,,
신원아파트,2000,17000,2006,9,20,84.99,1,공릉동,370-4,11350,,,
신일,1998,17500,2006,9,20,84.94,6,중계동,589,11350,,,
양지마을(대림)1,1998,51500,2006,9,20,114.96,15,중계동,587,11350,,,
우성,1988,26000,2006,9,20,84.91,8,하계동,270,11350,,,
은빛1단지,1998,10500,2006,9,20,49.77,14,상계동,1255,11350,,,
은빛2단지,1998,14300,2006,9,20,59.92,15,상계동,1256,11350,,,
장미(시영6),1989,10575,2006,9,20,49.5,11,하계동,273,11350,,,
주공2,1992,8500,2006,9,20,44.52,12,중계동,369,11350,,,
주공6,1993,8450,2006,9,20,44.1,4,중계동,364-12,11350,,,
중계그린1단지,1990,11350,2006,9,20,49.5,9,중계동,502-1,11350,,,
중계그린1단지,1990,10380,2006,9,20,49.85,15,중계동,502-1,11350,,,
중계그린1단지,1990,11500,2006,9,20,49.85,11,중계동,502-1,11350,,,
중계그린1단지,1990,8150,2006,9,20,39.91,6,중계동,502-1,11350,,,
중계그린1단지,1990,13000,2006,9,20,59.87,11,중계동,502-1,11350,,,
중계그린1단지,1990,8000,2006,9,20,39.91,6,중계동,502-1,11350,,,
중계무지개,1991,8000,2006,9,20,39.82,8,중계동,512,11350,,,
중앙하이츠,1998,18000,2006,9,20,84.21,1,중계동,161-1,11350,,,
청백3,1998,9800,2006,9,20,49.77,10,월계동,780,11350,,,
초안2,1997,11900,2006,9,20,59.85,4,월계동,924,11350,,,
풍림아파트A,2001,19500,2006,9,20,59.94,4,공릉동,725,11350,,,
하계1청구,1997,37800,2006,9,20,84.6,4,하계동,251,11350,,,
하계2현대,1997,34800,2006,9,20,84.51,7,하계동,288,11350,,,
학여울청구,1999,39000,2006,9,20,113.51,8,하계동,354,11350,,,
학여울청구,1999,25000,2006,9,20,84.77,7,하계동,354,11350,,,
한신3차,1990,13900,2006,9,20,60.44,8,상계동,458,11350,,,
한신월드,2005,21500,2006,9,20,84.66,2,중계동,68-1,11350,,,
한일2,2000,14800,2006,9,20,59.953,5,월계동,927,11350,,,
한진한화그랑빌,2002,48250,2006,9,20,139.08,13,월계동,18,11350,,,
한진한화그랑빌,2002,38500,2006,9,20,114.97,8,월계동,18,11350,,,
한진한화그랑빌,2002,23800,2006,9,20,84.97,1,월계동,18,11350,,,
현대,2000,15600,2006,9,20,59.95,4,월계동,929,11350,,,
현대,2000,16000,2006,9,20,59.95,25,월계동,929,11350,,,
현대1(4차),1993,28000,2006,9,20,84.99,8,중계동,577,11350,,,
현대2차,1993,14700,2006,9,20,69.26,5,상계동,1078,11350,,,
현대아파트,1984,21900,2006,9,20,61.94,1,공릉동,230,11350,,,
LIG건영,1998,20950,2006,9,21,84.44,8,중계동,586,11350,,,
건영,1988,18700,2006,9,21,65.43,14,하계동,271-3,11350,,,
건영2,1991,25500,2006,9,21,84.96,11,중계동,515-2,11350,,,
건영3,1995,39500,2006,9,21,84.9,11,중계동,360-15,11350,,,
건영3,1995,39000,2006,9,21,84.9,13,중계동,360-15,11350,,,
경남,1989,34500,2006,9,21,114.57,15,중계동,505,11350,,,
경남아너스빌,2002,28000,2006,9,21,79.098,14,중계동,597,11350,,,
공릉동한보에센시티아파트,2000,23000,2006,9,21,84.93,7,공릉동,743,11350,,,
금호타운(583),1997,25300,2006,9,21,84.98,5,중계동,583,11350,,,
대동황토방,2001,36800,2006,9,21,114.72,5,상계동,1284,11350,,,
대림,1988,36500,2006,9,21,93.75,9,상계동,695,11350,,,
대아아파트1차,1997,12650,2006,9,21,59.75,6,공릉동,740,11350,,,
동부아파트,1996,20700,2006,9,21,84.79,14,공릉동,705,11350,,,
동진신안,1993,49850,2006,9,21,101.99,7,중계동,364,11350,,,
두산힐스빌아파트,2000,37000,2006,9,21,114.72,5,공릉동,747,11350,,,
롯데우성,1993,62900,2006,9,21,115.26,9,중계동,361-1,11350,,,
롯데우성,1993,64000,2006,9,21,115.26,12,중계동,361-1,11350,,,
롯데우성,1993,52300,2006,9,21,115.26,2,중계동,361-1,11350,,,
롯데우성,1993,62000,2006,9,21,115.26,13,중계동,361-1,11350,,,
미성,1989,26500,2006,9,21,84.94,8,하계동,280,11350,,,
벽산,1988,13400,2006,9,21,57.71,13,하계동,271-3,11350,,,
벽산,1988,13400,2006,9,21,57.71,10,하계동,271-3,11350,,,
보람아파트,1988,12500,2006,9,21,54.59,12,상계동,639,11350,,,
사슴3,1995,7400,2006,9,21,39.6,3,월계동,320-11,11350,,,
삼익선경,1993,44800,2006,9,21,107.95,3,하계동,255-1,11350,,,
상계2차중앙하이츠,1998,25000,2006,9,21,84.6,14,상계동,1282,11350,,,
상계불암대림,2000,15600,2006,9,21,59.22,6,상계동,1289,11350,,,
상계주공1(고층),1988,12850,2006,9,21,58.01,9,상계동,765,11350,,,
상계주공1(고층),1988,10200,2006,9,21,49.94,12,상계동,765,11350,,,
상계주공10(고층),1988,15250,2006,9,21,61.52,14,상계동,666,11350,,,
상계주공10(고층),1988,19700,2006,9,21,66.56,3,상계동,666,11350,,,
상계주공11(고층),1988,14200,2006,9,21,58.01,12,상계동,652,11350,,,
상계주공11(고층),1988,25500,2006,9,21,79.07,12,상계동,652,11350,,,
상계주공12(고층),1988,10800,2006,9,21,49.94,13,상계동,647,11350,,,
상계주공13(고층),1989,10050,2006,9,21,49.94,12,상계동,637,11350,,,
상계주공16(고층),1988,11850,2006,9,21,58.01,5,상계동,624,11350,,,
상계주공3(고층),1987,29900,2006,9,21,84.2,4,상계동,730-2,11350,,,
상계주공3(고층),1987,16000,2006,9,21,58.01,12,상계동,730-2,11350,,,
상계주공3(고층),1987,14800,2006,9,21,58.01,9,상계동,730-2,11350,,,
상계주공4(고층),1988,15300,2006,9,21,58.01,12,상계동,749-5,11350,,,
상계주공4(고층),1988,13700,2006,9,21,59.2,4,상계동,749-5,11350,,,
상계주공5(저층),1987,12300,2006,9,21,31.98,3,상계동,721,11350,,,
상계주공6(고층),1988,16500,2006,9,21,58.01,13,상계동,720,11350,,,
상계주공6(고층),1988,15800,2006,9,21,58.01,13,상계동,720,11350,,,
상계주공6(고층),1988,15700,2006,9,21,59.28,5,상계동,720,11350,,,
수락산벨리체,2000,49700,2006,9,21,134.94,4,상계동,1265,11350,,,
시영2단지(라이프)아파트,1994,11000,2006,9,21,49.5,2,공릉동,707,11350,,,
시영2단지(라이프)아파트,1994,6300,2006,9,21,34.44,1,공릉동,707,11350,,,
신도1차아파트,2002,47000,2006,9,21,131.7554,18,공릉동,748,11350,,,
염광,1996,26000,2006,9,21,84.31,6,중계동,445,11350,,,
우림루미아트1,2004,26500,2006,9,21,84.887,6,상계동,1306,11350,,,
우방아파트,2000,19000,2006,9,21,61.151,9,공릉동,108,11350,,,
은빛1단지,1998,10400,2006,9,21,49.77,2,상계동,1255,11350,,,
은빛2단지,1998,14700,2006,9,21,59.95,12,상계동,1256,11350,,,
주공2,1992,7900,2006,9,21,44.52,2,중계동,369,11350,,,
주공2,1992,7900,2006,9,21,44.52,2,중계동,369,11350,,,
주공2,1992,8300,2006,9,21,44.52,14,중계동,369,11350,,,
주공2,1992,7500,2006,9,21,44.52,10,월계동,556,11350,,,
주공5,1992,30800,2006,9,21,84.79,11,중계동,359-1,11350,,,
주공7,1993,8850,2006,9,21,44.1,11,중계동,363-1,11350,,,
중계3우성,1999,29150,2006,9,21,84.87,20,중계동,585,11350,,,
중계그린1단지,1990,7400,2006,9,21,39.92,2,중계동,502-1,11350,,,
중계그린1단지,1990,10950,2006,9,21,49.85,14,중계동,502-1,11350,,,
중계그린1단지,1990,8450,2006,9,21,39.78,9,중계동,502-1,11350,,,
청구3,1996,37000,2006,9,21,84.77,15,중계동,360-2,11350,,,
청구3,1996,39000,2006,9,21,84.77,13,중계동,360-2,11350,,,
청솔(시영7),1989,9800,2006,9,21,49.5,5,하계동,274,11350,,,
청암2단지,2001,12980,2006,9,21,49.77,8,상계동,1276,11350,,,
청암2단지,2001,15800,2006,9,21,59.4,7,상계동,1276,11350,,,
초안1,1998,9400,2006,9,21,49.6,3,월계동,923,11350,,,
하계2현대,1997,35200,2006,9,21,84.51,10,하계동,288,11350,,,
학여울청구,1999,26700,2006,9,21,84.77,6,하계동,354,11350,,,
한신1차,1987,10900,2006,9,21,53.96,13,상계동,135,11350,,,
한신1차,1987,11000,2006,9,21,53.96,9,상계동,135,11350,,,
한신1차,1987,7800,2006,9,21,45.44,14,상계동,135,11350,,,
한신2차,1988,12600,2006,9,21,58.46,10,상계동,451,11350,,,
한신동성,1993,49500,2006,9,21,112.24,9,하계동,256-5,11350,,,
한일유앤아이,2005,20000,2006,9,21,59.877,9,상계동,1309,11350,,,
한일유앤아이,2005,18800,2006,9,21,59.877,14,상계동,1309,11350,,,
한진한화그랑빌,2002,26400,2006,9,21,84.97,27,월계동,18,11350,,,
현대,2000,15200,2006,9,21,59.95,4,월계동,929,11350,,,
현대,2000,28700,2006,9,21,84.98,12,월계동,929,11350,,,
현대,2000,15400,2006,9,21,59.95,12,월계동,929,11350,,,
현대,1988,22800,2006,9,21,71.68,3,하계동,270,11350,,,
현대아파트,1984,22000,2006,9,21,62.12,4,공릉동,230,11350,,,
건영2,1991,24800,2006,9,22,84.96,8,중계동,515-2,11350,,,
건영2,1991,25000,2006,9,22,84.96,9,중계동,515-2,11350,,,
극동,1988,26200,2006,9,22,84.91,7,하계동,271-3,11350,,,
금호타운(583),1997,16700,2006,9,22,59.52,7,중계동,583,11350,,,
대창센시티,2002,20500,2006,9,22,84.8577,4,상계동,1302,11350,,,
롯데우성,1993,61000,2006,9,22,115.26,12,중계동,361-1,11350,,,
미도,1988,28800,2006,9,22,87.57,8,상계동,766-1,11350,,,
미성,1989,21400,2006,9,22,72.17,5,하계동,280,11350,,,
미성,1986,13300,2006,9,22,50.14,8,월계동,13,11350,,,
보람아파트,1988,17850,2006,9,22,68.99,3,상계동,639,11350,,,
보람아파트,1988,25000,2006,9,22,79.25,4,상계동,639,11350,,,
보람아파트,1988,12200,2006,9,22,54.59,4,상계동,639,11350,,,
삼성,1999,49000,2006,9,22,114.49,11,중계동,593,11350,,,
삼호3,1986,17300,2006,9,22,59.22,4,월계동,13,11350,,,
상계2차중앙하이츠,1998,27000,2006,9,22,84.6,10,상계동,1282,11350,,,
상계2차중앙하이츠,1998,15950,2006,9,22,59.82,13,상계동,1282,11350,,,
상계불암대림,2000,26200,2006,9,22,84.96,5,상계동,1289,11350,,,
상계주공1(고층),1988,13600,2006,9,22,58.01,8,상계동,765,11350,,,
상계주공1(고층),1988,9000,2006,9,22,41.3,15,상계동,765,11350,,,
상계주공10(고층),1988,13850,2006,9,22,61.52,2,상계동,666,11350,,,
상계주공10(고층),1988,10700,2006,9,22,49.94,3,상계동,666,11350,,,
상계주공10(고층),1988,13850,2006,9,22,61.52,14,상계동,666,11350,,,
상계주공10(고층),1988,9500,2006,9,22,49.94,1,상계동,666,11350,,,
상계주공10(고층),1988,7300,2006,9,22,45.9,11,상계동,666,11350,,,
상계주공11(고층),1988,18500,2006,9,22,68.86,4,상계동,652,11350,,,
상계주공13(고층),1989,9900,2006,9,22,49.94,7,상계동,637,11350,,,
상계주공14(고층),1989,14280,2006,9,22,59.39,14,상계동,626,11350,,,
상계주공16(고층),1988,12400,2006,9,22,59.39,4,상계동,624,11350,,,
상계주공16(고층),1988,12300,2006,9,22,59.39,9,상계동,624,11350,,,
상계주공2(고층),1987,18340,2006,9,22,68.86,4,상계동,740,11350,,,
상계주공3(고층),1987,16000,2006,9,22,59.39,7,상계동,730-2,11350,,,
상계주공3(저층),1987,22900,2006,9,22,71.89,4,상계동,737,11350,,,
상계주공4(고층),1988,12300,2006,9,22,49.94,2,상계동,749-5,11350,,,
상계주공5(저층),1987,11100,2006,9,22,31.98,5,상계동,721,11350,,,
상계주공6(고층),1988,15800,2006,9,22,58.01,4,상계동,720,11350,,,
상계주공7(고층),1988,12300,2006,9,22,49.94,11,상계동,691,11350,,,
상계주공7(고층),1988,8950,2006,9,22,41.3,12,상계동,691,11350,,,
상계주공7(고층),1988,12700,2006,9,22,49.94,6,상계동,691,11350,,,
상계주공9(고층),1988,10650,2006,9,22,49.94,5,상계동,670,11350,,,
상계주공9(고층),1988,10850,2006,9,22,49.94,14,상계동,670,11350,,,
상아,1989,25500,2006,9,22,84.97,4,중계동,505,11350,,,
성원상떼빌,1999,14000,2006,9,22,59.93,13,상계동,1283,11350,,,
세양청마루,2005,26636,2006,9,22,84.957,11,월계동,943,11350,,,
시영3차(라이프)아파트,1994,7000,2006,9,22,34.44,4,공릉동,715,11350,,,
시영3차(라이프)아파트,1994,7200,2006,9,22,39.6,1,공릉동,715,11350,,,
양지마을(대림)1,1998,40000,2006,9,22,114.96,1,중계동,587,11350,,,
염광,1996,14350,2006,9,22,59.34,2,중계동,445,11350,,,
우방,1999,14500,2006,9,22,59.74,9,하계동,353,11350,,,
은빛1단지,1998,13750,2006,9,22,59.92,5,상계동,1255,11350,,,
장미(시영6),1989,15000,2006,9,22,59.22,13,하계동,273,11350,,,
장미(시영6),1989,8500,2006,9,22,43.56,4,하계동,273,11350,,,
주공2,1992,7150,2006,9,22,44.52,1,월계동,556,11350,,,
주공2,1992,11500,2006,9,22,58.65,9,월계동,556,11350,,,
주공4,1991,23000,2006,9,22,76.51,14,중계동,358-2,11350,,,
중계무지개,1991,10350,2006,9,22,49.89,2,중계동,512,11350,,,
청구,1988,30900,2006,9,22,84.97,6,하계동,284,11350,,,
청구3,1996,38500,2006,9,22,84.77,6,중계동,360-2,11350,,,
청백3,1998,12500,2006,9,22,59.4,4,월계동,780,11350,,,
청솔(시영7),1989,7500,2006,9,22,39.92,7,하계동,274,11350,,,
청솔(시영7),1989,9740,2006,9,22,49.85,15,하계동,274,11350,,,
탑스빌아파트(102동),2006,19500,2006,9,22,83.68,3,공릉동,690-23,11350,,,
태릉우성아파트,1985,19900,2006,9,22,66.87,9,공릉동,254,11350,,,
학여울청구,1999,26800,2006,9,22,84.77,11,하계동,354,11350,,,
학여울청구,1999,26400,2006,9,22,84.77,11,하계동,354,11350,,,
학여울청구,1999,26400,2006,9,22,84.77,11,하계동,354,11350,,,
한신1,1988,6500,2006,9,22,27,10,하계동,284,11350,,,
한신1차,1987,21900,2006,9,22,84.92,6,상계동,135,11350,,,
한신1차,1987,8000,2006,9,22,45.44,12,상계동,135,11350,,,
한신동성,1993,59900,2006,9,22,138.29,13,하계동,256-5,11350,,,
한신월드,2005,22000,2006,9,22,84.38,3,중계동,68-1,11350,,,
한진한화그랑빌,2002,18500,2006,9,22,59.94,9,월계동,18,11350,,,
현대,2000,24850,2006,9,22,84.98,13,월계동,929,11350,,,
현대,2000,26100,2006,9,22,84.98,9,월계동,929,11350,,,
현대아파트,1984,27500,2006,9,22,73.73,2,공릉동,230,11350,,,
현대아파트,1984,22300,2006,9,22,62.27,1,공릉동,230,11350,,,
현대아파트,1984,23000,2006,9,22,62.27,1,공릉동,230,11350,,,
현대아파트,1984,23000,2006,9,22,62.27,1,공릉동,230,11350,,,
건영,1988,10500,2006,9,23,53.14,15,하계동,271-3,11350,,,
건영2,1991,19700,2006,9,23,75.02,3,중계동,515-2,11350,,,
건영2,1991,19700,2006,9,23,75.02,3,중계동,515-2,11350,,,
건영3,1995,40000,2006,9,23,84.9,6,중계동,360-15,11350,,,
건영3,1995,36900,2006,9,23,84.9,2,중계동,360-15,11350,,,
건영3,1995,39000,2006,9,23,84.9,6,중계동,360-15,11350,,,
건영3,1995,36800,2006,9,23,84.9,3,중계동,360-15,11350,,,
경남,1989,38800,2006,9,23,114.57,9,중계동,505,11350,,,
공릉해링턴플레이스,2000,44200,2006,9,23,99.917,5,공릉동,106,11350,,,
극동,1988,25750,2006,9,23,84.91,13,하계동,271-3,11350,,,
동신,1983,15600,2006,9,23,71.94,11,월계동,436,11350,,,
동신아파트,1999,15350,2006,9,23,59.99,14,공릉동,745,11350,,,
동진신안,1993,57500,2006,9,23,101.99,11,중계동,364,11350,,,
두산,1994,21500,2006,9,23,84.09,5,상계동,1110,11350,,,
롯데우성,1993,47200,2006,9,23,101.88,4,중계동,361-1,11350,,,
롯데우성,1993,48000,2006,9,23,101.88,13,중계동,361-1,11350,,,
롯데우성,1993,49500,2006,9,23,101.88,10,중계동,361-1,11350,,,
미륭,1986,13500,2006,9,23,51.48,5,월계동,13,11350,,,
벽산,1989,15500,2006,9,23,75.03,1,상계동,173-1,11350,,,
보람아파트,1988,12300,2006,9,23,54.59,6,상계동,639,11350,,,
보람아파트,1988,19000,2006,9,23,68.99,14,상계동,639,11350,,,
보람아파트,1988,12800,2006,9,23,54.59,14,상계동,639,11350,,,
보람아파트,1988,21800,2006,9,23,79.25,1,상계동,639,11350,,,
불암현대,1999,16600,2006,9,23,59.4,18,상계동,1293,11350,,,
불암현대,1999,33500,2006,9,23,114.24,1,상계동,1293,11350,,,
비선아파트,1999,13000,2006,9,23,48.6,9,공릉동,109,11350,,,
삼익선경,1993,45900,2006,9,23,107.95,11,하계동,255-1,11350,,,
삼익선경,1993,45000,2006,9,23,107.95,4,하계동,255-1,11350,,,
삼창타워주상프라자,1997,12500,2006,9,23,59.39,7,중계동,584-1,11350,,,
상계2차중앙하이츠,1998,16200,2006,9,23,59.82,16,상계동,1282,11350,,,
상계2차중앙하이츠,1998,15500,2006,9,23,59.82,11,상계동,1282,11350,,,
상계신동아,1995,21000,2006,9,23,84.99,14,상계동,463,11350,,,
상계주공1(고층),1988,13950,2006,9,23,59.39,14,상계동,765,11350,,,
상계주공1(고층),1988,8700,2006,9,23,41.3,7,상계동,765,11350,,,
상계주공1(저층),1988,28700,2006,9,23,84.41,4,상계동,765,11350,,,
상계주공1(저층),1988,24500,2006,9,23,84.41,5,상계동,765,11350,,,
상계주공10(고층),1988,9900,2006,9,23,49.94,1,상계동,666,11350,,,
상계주공10(고층),1988,13350,2006,9,23,59.39,9,상계동,666,11350,,,
상계주공11(고층),1988,10870,2006,9,23,49.94,10,상계동,652,11350,,,
상계주공11(고층),1988,10970,2006,9,23,49.94,7,상계동,652,11350,,,
상계주공11(고층),1988,19800,2006,9,23,68.86,11,상계동,652,11350,,,
상계주공12(고층),1988,15250,2006,9,23,61.52,6,상계동,647,11350,,,
상계주공14(고층),1989,9900,2006,9,23,49.94,13,상계동,626,11350,,,
상계주공14(고층),1989,13500,2006,9,23,59.39,4,상계동,626,11350,,,
상계주공2(고층),1987,13400,2006,9,23,58.01,2,상계동,740,11350,,,
상계주공5(저층),1987,12500,2006,9,23,31.98,3,상계동,721,11350,,,
상계주공6(고층),1988,14500,2006,9,23,58.01,4,상계동,720,11350,,,
상계주공6(고층),1988,14800,2006,9,23,59.2,8,상계동,720,11350,,,
상계주공6(고층),1988,14800,2006,9,23,58.01,6,상계동,720,11350,,,
상계주공7(고층),1988,9700,2006,9,23,45.55,8,상계동,691,11350,,,
상계주공7(고층),1988,13000,2006,9,23,58.01,2,상계동,691,11350,,,
상계주공7(고층),1988,8700,2006,9,23,45.9,7,상계동,691,11350,,,
상계주공7(고층),1988,9400,2006,9,23,45.9,8,상계동,691,11350,,,
상아,1989,10900,2006,9,23,51.29,3,중계동,505,11350,,,
서광,1994,13400,2006,9,23,59.96,7,월계동,922,11350,,,
성북역신도브래뉴,2005,25200,2006,9,23,84.8437,5,월계동,941,11350,,,
시영2단지(라이프)아파트,1994,7000,2006,9,23,34.44,15,공릉동,707,11350,,,
시영3차(라이프)아파트,1994,12600,2006,9,23,49.5,11,공릉동,715,11350,,,
양지마을(대림)1,1998,36000,2006,9,23,84.9,6,중계동,587,11350,,,
양지마을(대림)1,1998,33500,2006,9,23,84.9,7,중계동,587,11350,,,
양지마을(대림)2,1999,31950,2006,9,23,84.88,5,중계동,588,11350,,,
우방아파트,2000,28500,2006,9,23,84.881,7,공릉동,108,11350,,,
우성,1988,27900,2006,9,23,84.91,11,하계동,270,11350,,,
임광,1989,54800,2006,9,23,122.18,6,상계동,694,11350,,,
주공10,1995,18700,2006,9,23,58.14,10,중계동,360-16,11350,,,
주공5,1992,8700,2006,9,23,44.52,3,중계동,359-1,11350,,,
주공6,1993,8350,2006,9,23,44.1,4,중계동,364-12,11350,,,
중계그린1단지,1990,11500,2006,9,23,49.5,12,중계동,502-1,11350,,,
중계그린1단지,1990,7600,2006,9,23,39.91,2,중계동,502-1,11350,,,
중계그린1단지,1990,8300,2006,9,23,39.78,5,중계동,502-1,11350,,,
중계그린1단지,1990,11500,2006,9,23,49.5,13,중계동,502-1,11350,,,
진로유통조합대림,1992,24900,2006,9,23,84.94,10,중계동,78,11350,,,
청구,1988,22900,2006,9,23,70.69,2,하계동,284,11350,,,
청구,1988,30900,2006,9,23,84.97,6,하계동,284,11350,,,
청솔(시영7),1989,10500,2006,9,23,49.85,5,하계동,274,11350,,,
청암2단지,2001,12100,2006,9,23,49.77,7,상계동,1276,11350,,,
태강아파트(아이파크),1999,11800,2006,9,23,49.6,4,공릉동,81,11350,,,
태릉우성아파트,1985,20900,2006,9,23,66.87,5,공릉동,254,11350,,,
하계2현대,1997,41000,2006,9,23,84.896,14,하계동,288,11350,,,
한신동성,1993,55800,2006,9,23,138.29,5,하계동,256-5,11350,,,
한신동성,1993,60000,2006,9,23,138.29,9,하계동,256-5,11350,,,
한신동성,1993,61000,2006,9,23,138.29,10,하계동,256-5,11350,,,
한화꿈에그린,2005,33500,2006,9,23,84.902,2,중계동,598,11350,,,
현대(6차),2018,29000,2006,9,23,84.98,4,중계동,34-5,11350,,,
현대(고려)아파트,1999,10900,2006,9,23,53.28,13,공릉동,590-1,11350,,,
건영3,1995,39000,2006,9,24,84.9,9,중계동,360-15,11350,,,
금호타운(583),1997,15900,2006,9,24,59.52,13,중계동,583,11350,,,
동진신안,1993,50000,2006,9,24,101.99,14,중계동,364,11350,,,
상계주공14(고층),1989,30000,2006,9,24,90.94,15,상계동,626,11350,,,
상계주공14(고층),1989,10400,2006,9,24,49.94,4,상계동,626,11350,,,
상계주공2(고층),1987,12850,2006,9,24,59.28,15,상계동,740,11350,,,
상계주공7(고층),1988,11600,2006,9,24,49.94,1,상계동,691,11350,,,
성원(사슴4),1995,10900,2006,9,24,49.92,13,월계동,322-1,11350,,,
세영아파트,2006,18000,2006,9,24,78.54,2,공릉동,576-11,11350,,,
시영2단지(라이프)아파트,1994,7700,2006,9,24,39.6,14,공릉동,707,11350,,,
은빛1단지,1998,9100,2006,9,24,39.7,9,상계동,1255,11350,,,
은빛1단지,1998,11000,2006,9,24,49.77,8,상계동,1255,11350,,,
은빛1단지,1998,13050,2006,9,24,59.95,2,상계동,1255,11350,,,
주공10,1995,18000,2006,9,24,58.14,2,중계동,360-16,11350,,,
중계3벽산,1999,44600,2006,9,24,114.87,13,중계동,592,11350,,,
청솔아파트9,2000,22500,2006,9,24,84.99,6,공릉동,90,11350,,,
초안1,1998,9900,2006,9,24,49.6,14,월계동,923,11350,,,
태릉우성아파트,1985,20000,2006,9,24,66.87,6,공릉동,254,11350,,,
하계1청구,1997,40000,2006,9,24,84.6,7,하계동,251,11350,,,
현대,2000,17350,2006,9,24,59.95,10,월계동,929,11350,,,
현대4차,1995,17100,2006,9,24,84.73,5,상계동,1271,11350,,,
건영,1988,26000,2006,9,25,84.93,8,하계동,271-3,11350,,,
건영2,1991,26900,2006,9,25,84.96,13,중계동,515-2,11350,,,
공릉우성아파트,1995,23100,2006,9,25,84.97,9,공릉동,738,11350,,,
대창센시티,2002,20350,2006,9,25,84.8577,8,상계동,1302,11350,,,
대호,2000,13300,2006,9,25,59.98,18,중계동,591,11350,,,
동신,1983,14000,2006,9,25,71.77,3,월계동,436,11350,,,
롯데(505),1989,19900,2006,9,25,72.49,6,중계동,505,11350,,,
미륭,1986,13000,2006,9,25,51.48,12,월계동,13,11350,,,
미륭,1986,13250,2006,9,25,51.48,5,월계동,13,11350,,,
미륭,1986,13300,2006,9,25,51.48,13,월계동,13,11350,,,
미성,1986,12500,2006,9,25,50.14,10,월계동,13,11350,,,
미성,1986,12400,2006,9,25,50.14,3,월계동,13,11350,,,
미성,1986,12450,2006,9,25,50.14,2,월계동,13,11350,,,
벽산,1988,28000,2006,9,25,84.85,6,하계동,271-3,11350,,,
보람아파트,1988,8900,2006,9,25,44.33,14,상계동,639,11350,,,
보람아파트,1988,12600,2006,9,25,54.59,8,상계동,639,11350,,,
사슴3,1995,10550,2006,9,25,49.5,10,월계동,320-11,11350,,,
삼성,1999,48750,2006,9,25,114.49,14,중계동,593,11350,,,
삼익선경,1993,45600,2006,9,25,107.95,9,하계동,255-1,11350,,,
삼호3,1986,16000,2006,9,25,59.22,2,월계동,13,11350,,,
삼호3,1986,16700,2006,9,25,59.22,9,월계동,13,11350,,,
상계2차중앙하이츠,1998,29900,2006,9,25,84.6,16,상계동,1282,11350,,,
상계2차중앙하이츠,1998,27500,2006,9,25,84.6,22,상계동,1282,11350,,,
상계대림,1989,13400,2006,9,25,59.67,10,상계동,172,11350,,,
상계주공1(고층),1988,9200,2006,9,25,41.3,5,상계동,765,11350,,,
상계주공10(고층),1988,7800,2006,9,25,45.9,10,상계동,666,11350,,,
상계주공10(고층),1988,13050,2006,9,25,58.01,9,상계동,666,11350,,,
상계주공10(고층),1988,13333,2006,9,25,58.01,11,상계동,666,11350,,,
상계주공11(고층),1988,10280,2006,9,25,49.94,11,상계동,652,11350,,,
상계주공14(저층),1989,22000,2006,9,25,71.89,2,상계동,626,11350,,,
상계주공16(고층),1988,11050,2006,9,25,59.39,1,상계동,624,11350,,,
상계주공16(고층),1988,11700,2006,9,25,59.39,3,상계동,624,11350,,,
상계주공16(고층),1988,12500,2006,9,25,59.39,10,상계동,624,11350,,,
상계주공2(고층),1987,14700,2006,9,25,58.01,11,상계동,740,11350,,,
상계주공4(고층),1988,7200,2006,9,25,32.39,9,상계동,749-5,11350,,,
상계주공4(고층),1988,8200,2006,9,25,41.3,10,상계동,749-5,11350,,,
상계주공6(고층),1988,13800,2006,9,25,59.2,9,상계동,720,11350,,,
상계주공6(고층),1988,14800,2006,9,25,58.01,2,상계동,720,11350,,,
상계주공7(고층),1988,9160,2006,9,25,45.9,15,상계동,691,11350,,,
상계주공9(고층),1988,10650,2006,9,25,49.94,10,상계동,670,11350,,,
상계주공9(고층),1988,9800,2006,9,25,49.94,1,상계동,670,11350,,,
상계주공9(고층),1988,9900,2006,9,25,49.94,2,상계동,670,11350,,,
상계주공9(고층),1988,15050,2006,9,25,61.52,14,상계동,670,11350,,,
상계주공9(고층),1988,8670,2006,9,25,45.55,7,상계동,670,11350,,,
상아,1989,19500,2006,9,25,72.73,7,중계동,505,11350,,,
수락파크빌,2001,30400,2006,9,25,84.76,2,상계동,1269,11350,,,
시영3차(라이프)아파트,1994,8500,2006,9,25,39.6,12,공릉동,715,11350,,,
신동아(366),1993,60125,2006,9,25,115.35,3,중계동,366,11350,,,
양지마을(대림)2,1999,37500,2006,9,25,84.88,8,중계동,588,11350,,,
양지마을(대림)2,1999,35900,2006,9,25,84.88,19,중계동,588,11350,,,
염광,1996,15100,2006,9,25,59.34,7,중계동,445,11350,,,
우성,1988,40500,2006,9,25,127.22,15,하계동,270,11350,,,
은빛1단지,1998,8200,2006,9,25,39.7,4,상계동,1255,11350,,,
은빛1단지,1998,10800,2006,9,25,49.77,4,상계동,1255,11350,,,
주공2,1992,8000,2006,9,25,44.52,2,중계동,369,11350,,,
주공2,1992,7900,2006,9,25,44.52,5,중계동,369,11350,,,
주공4,1991,9550,2006,9,25,45.77,13,중계동,358-2,11350,,,
주공5,1992,30200,2006,9,25,84.79,15,중계동,359-1,11350,,,
주공5,1992,32300,2006,9,25,84.79,9,중계동,359-1,11350,,,
주공5,1992,17400,2006,9,25,58.46,5,중계동,359-1,11350,,,
주공5,1992,8900,2006,9,25,44.94,6,중계동,359-1,11350,,,
주공6,1993,9000,2006,9,25,44.1,7,중계동,364-12,11350,,,
주공8,1993,14400,2006,9,25,49.72,9,중계동,362-1,11350,,,
중계그린1단지,1990,7900,2006,9,25,39.91,10,중계동,502-1,11350,,,
중계그린1단지,1990,7900,2006,9,25,39.78,5,중계동,502-1,11350,,,
중계그린1단지,1990,7200,2006,9,25,39.91,1,중계동,502-1,11350,,,
중계그린1단지,1990,9500,2006,9,25,44.1,2,중계동,502-1,11350,,,
중계그린1단지,1990,7950,2006,9,25,39.91,9,중계동,502-1,11350,,,
중계그린1단지,1990,14500,2006,9,25,59.46,6,중계동,502-1,11350,,,
중계무지개,1991,11000,2006,9,25,49.54,14,중계동,512,11350,,,
중계무지개,1991,13900,2006,9,25,59.26,1,중계동,512,11350,,,
진로유통조합대림,1992,25800,2006,9,25,84.94,4,중계동,78,11350,,,
청구,1988,30000,2006,9,25,84.97,5,하계동,284,11350,,,
청구(366),1993,62000,2006,9,25,115.47,6,중계동,366,11350,,,
청구(366),1993,64700,2006,9,25,115.47,11,중계동,366,11350,,,
청구3,1996,36950,2006,9,25,84.77,2,중계동,360-2,11350,,,
청암2단지,2001,12150,2006,9,25,49.77,6,상계동,1276,11350,,,
초안2,1997,7100,2006,9,25,39.6,5,월계동,924,11350,,,
초안2,1997,6500,2006,9,25,39.6,15,월계동,924,11350,,,
학여울청구,1999,27300,2006,9,25,84.77,8,하계동,354,11350,,,
학여울청구,1999,14000,2006,9,25,59.4,6,하계동,354,11350,,,
학여울청구,1999,24800,2006,9,25,84.77,14,하계동,354,11350,,,
학여울청구,1999,27500,2006,9,25,84.77,15,하계동,354,11350,,,
학여울청구,1999,40000,2006,9,25,113.51,9,하계동,354,11350,,,
한신1차,1987,10500,2006,9,25,53.96,7,상계동,135,11350,,,
한일1,1999,21000,2006,9,25,84.942,4,월계동,926,11350,,,
한진한화그랑빌,2002,20800,2006,9,25,59.94,10,월계동,18,11350,,,
한진한화그랑빌,2002,42200,2006,9,25,114.97,22,월계동,18,11350,,,
한진한화그랑빌,2002,26900,2006,9,25,84.97,17,월계동,18,11350,,,
현대(6차),2018,16500,2006,9,25,59.84,14,중계동,34-5,11350,,,
현대(고려)아파트,1999,19300,2006,9,25,84.09,11,공릉동,590-1,11350,,,
현대성우아파트,2000,13400,2006,9,25,59.98,14,공릉동,741,11350,,,
현대아파트,1984,23950,2006,9,25,62.27,5,공릉동,230,11350,,,
건영,1988,16500,2006,9,26,65.43,1,하계동,271-3,11350,,,
건영,1988,11900,2006,9,26,53.14,12,하계동,271-3,11350,,,
건영2,1991,26800,2006,9,26,84.96,6,중계동,515-2,11350,,,
경남,1989,18400,2006,9,26,74.2,2,중계동,505,11350,,,
공릉우성아파트,1995,22300,2006,9,26,84.97,7,공릉동,738,11350,,,
광덕파크빌아파트,2003,19000,2006,9,26,84.69,10,공릉동,752,11350,,,
극동,1988,11850,2006,9,26,55.72,15,하계동,271-3,11350,,,
대림,1988,33800,2006,9,26,93.75,15,상계동,695,11350,,,
대림벽산(363),1993,67000,2006,9,26,114.39,7,중계동,363,11350,,,
대림벽산(363),1993,65000,2006,9,26,114.39,7,중계동,363,11350,,,
대림벽산(363),1993,75000,2006,9,26,141.45,3,중계동,363,11350,,,
대림벽산(363),1993,75000,2006,9,26,114.39,9,중계동,363,11350,,,
동부아파트,1996,30000,2006,9,26,114.17,14,공릉동,705,11350,,,
동신,1983,14800,2006,9,26,71.14,6,월계동,436,11350,,,
동진신안,1993,46900,2006,9,26,101.99,2,중계동,364,11350,,,
라이프,1993,61000,2006,9,26,115.65,8,중계동,366,11350,,,
미륭,1986,12500,2006,9,26,51.48,1,월계동,13,11350,,,
비선아파트,1999,14000,2006,9,26,48.93,10,공릉동,109,11350,,,
삼익포레스트아파트,1995,34000,2006,9,26,114.88,10,공릉동,737,11350,,,
상계우방유쉘,2000,24000,2006,9,26,84.97,13,상계동,1295,11350,,,
상계주공1(고층),1988,13200,2006,9,26,58.01,11,상계동,765,11350,,,
상계주공10(고층),1988,18700,2006,9,26,68.86,15,상계동,666,11350,,,
상계주공10(저층),1988,13950,2006,9,26,54.54,2,상계동,666,11350,,,
상계주공10(저층),1988,11000,2006,9,26,47.34,3,상계동,666,11350,,,
상계주공11(고층),1988,9800,2006,9,26,49.94,12,상계동,652,11350,,,
상계주공12(고층),1988,11300,2006,9,26,49.94,6,상계동,647,11350,,,
상계주공13(고층),1989,7400,2006,9,26,45.9,5,상계동,637,11350,,,
상계주공16(고층),1988,11900,2006,9,26,59.39,11,상계동,624,11350,,,
상계주공2(고층),1987,18900,2006,9,26,68.86,10,상계동,740,11350,,,
상계주공4(고층),1988,9300,2006,9,26,41.3,12,상계동,749-5,11350,,,
상계주공4(고층),1988,14650,2006,9,26,58.01,8,상계동,749-5,11350,,,
상계주공4(고층),1988,7200,2006,9,26,38,9,상계동,749-5,11350,,,
상계주공5(저층),1987,12000,2006,9,26,31.98,3,상계동,721,11350,,,
상계주공6(고층),1988,8360,2006,9,26,37.46,3,상계동,720,11350,,,
상계주공6(고층),1988,14800,2006,9,26,58.01,2,상계동,720,11350,,,
상계주공6(고층),1988,9500,2006,9,26,41.3,6,상계동,720,11350,,,
상계주공6(고층),1988,9500,2006,9,26,41.3,7,상계동,720,11350,,,
상계주공6(고층),1988,12750,2006,9,26,49.94,10,상계동,720,11350,,,
상계주공7(고층),1988,9740,2006,9,26,45.77,6,상계동,691,11350,,,
상계주공7(고층),1988,9870,2006,9,26,45.77,10,상계동,691,11350,,,
상계주공7(고층),1988,8660,2006,9,26,45.9,1,상계동,691,11350,,,
상계주공7(고층),1988,11620,2006,9,26,49.94,2,상계동,691,11350,,,
상계주공7(고층),1988,9100,2006,9,26,45.9,6,상계동,691,11350,,,
상계주공9(고층),1988,9500,2006,9,26,49.94,1,상계동,670,11350,,,
상계주공9(고층),1988,10750,2006,9,26,49.94,5,상계동,670,11350,,,
상계주공9(고층),1988,10000,2006,9,26,49.94,14,상계동,670,11350,,,
상계현대3차,1999,20700,2006,9,26,84.96,3,상계동,1063,11350,,,
상록수2단지,2002,17250,2006,9,26,77.257,3,상계동,1297,11350,,,
상아,1989,39500,2006,9,26,114.57,13,중계동,505,11350,,,
상아,1989,11500,2006,9,26,51.29,15,중계동,505,11350,,,
성원2,1995,16000,2006,9,26,84.51,2,중계동,581,11350,,,
성원2,1995,11250,2006,9,26,56.97,3,중계동,581,11350,,,
수락산벨리체,2000,56000,2006,9,26,134.94,12,상계동,1265,11350,,,
수락파크빌,2001,50000,2006,9,26,114.82,9,상계동,1269,11350,,,
수락현대,1995,21500,2006,9,26,84.74,12,상계동,1272,11350,,,
시영2단지(라이프)아파트,1994,7100,2006,9,26,34.44,13,공릉동,707,11350,,,
시영3차(라이프)아파트,1994,7850,2006,9,26,39.6,15,공릉동,715,11350,,,
신안,1999,19700,2006,9,26,59.97,13,중계동,590,11350,,,
양지마을(대림)1,1998,33400,2006,9,26,84.9,9,중계동,587,11350,,,
염광,1996,27250,2006,9,26,84.5,11,중계동,445,11350,,,
우방아파트,2000,30900,2006,9,26,84.881,10,공릉동,108,11350,,,
은빛1단지,1998,8100,2006,9,26,39.7,9,상계동,1255,11350,,,
은빛2단지,1998,14400,2006,9,26,59.95,3,상계동,1256,11350,,,
주공2,1992,7500,2006,9,26,44.52,10,월계동,556,11350,,,
주공2,1992,18000,2006,9,26,84.815,13,월계동,556,11350,,,
주공5,1992,25000,2006,9,26,76.51,2,중계동,359-1,11350,,,
주공5,1992,16500,2006,9,26,58.46,15,중계동,359-1,11350,,,
중계3벽산,1999,17300,2006,9,26,59.88,12,중계동,592,11350,,,
중계그린1단지,1990,7950,2006,9,26,39.91,7,중계동,502-1,11350,,,
청구,1988,30000,2006,9,26,84.97,15,하계동,284,11350,,,
청구3,1996,40000,2006,9,26,84.77,12,중계동,360-2,11350,,,
청백4,1998,22000,2006,9,26,84.54,8,월계동,781,11350,,,
청솔(시영7),1989,7840,2006,9,26,39.78,5,하계동,274,11350,,,
청솔아파트9,2000,25700,2006,9,26,84.85,8,공릉동,90,11350,,,
태강아파트(아이파크),1999,14500,2006,9,26,59.34,1,공릉동,81,11350,,,
풍림아파트A,2001,29500,2006,9,26,84.99,13,공릉동,725,11350,,,
풍림아파트A,2001,28500,2006,9,26,84.99,15,공릉동,725,11350,,,
하계1청구,1997,39400,2006,9,26,84.6,6,하계동,251,11350,,,
하계2현대,1997,35000,2006,9,26,84.51,8,하계동,288,11350,,,
하계2현대,1997,39500,2006,9,26,84.896,9,하계동,288,11350,,,
하나플러스,2004,17000,2006,9,26,74.09,5,공릉동,587-8,11350,,,
학여울청구,1999,24700,2006,9,26,84.77,6,하계동,354,11350,,,
학여울청구,1999,24900,2006,9,26,84.77,10,하계동,354,11350,,,
학여울청구,1999,23500,2006,9,26,84.77,11,하계동,354,11350,,,
한신2,1988,11000,2006,9,26,44.52,14,하계동,284,11350,,,
한신4차,1995,19500,2006,9,26,84.84,3,상계동,995,11350,,,
한신동성,1993,46700,2006,9,26,112.24,2,하계동,256-5,11350,,,
한진한화그랑빌,2002,40500,2006,9,26,139.08,3,월계동,18,11350,,,
한진한화그랑빌,2002,20200,2006,9,26,59.94,24,월계동,18,11350,,,
현대,1988,32000,2006,9,26,84.95,10,하계동,270,11350,,,
현대,1988,24100,2006,9,26,71.68,14,하계동,270,11350,,,
현대,2000,16500,2006,9,26,59.95,13,월계동,929,11350,,,
현대(6차),2018,28900,2006,9,26,84.98,6,중계동,34-5,11350,,,
현대1(4차),1993,28400,2006,9,26,84.99,7,중계동,577,11350,,,
현대2차,1993,18350,2006,9,26,82.68,6,상계동,1078,11350,,,
효성아파트,1995,24700,2006,9,26,73.18,4,공릉동,742,11350,,,
건영3,1995,44000,2006,9,27,84.9,5,중계동,360-15,11350,,,
건영3,1995,41000,2006,9,27,84.9,14,중계동,360-15,11350,,,
건영3,1995,36800,2006,9,27,84.9,3,중계동,360-15,11350,,,
건영3,1995,34600,2006,9,27,84.9,9,중계동,360-15,11350,,,
건영3,1995,38800,2006,9,27,84.9,5,중계동,360-15,11350,,,
광덕파크빌아파트,2003,18400,2006,9,27,84.7,7,공릉동,752,11350,,,
길성그랑프리텔아파트,2003,18000,2006,9,27,71.848,3,공릉동,753,11350,,,
노원현대,1997,26000,2006,9,27,84.99,3,상계동,359,11350,,,
대동,1997,21000,2006,9,27,84.85,9,월계동,925,11350,,,
대림,1988,34200,2006,9,27,93.13,12,상계동,695,11350,,,
대망드림힐1,2003,23000,2006,9,27,84.8968,3,상계동,1304,11350,,,
동원베네스트,2005,17500,2006,9,27,59.854,10,월계동,940,11350,,,
두산,1994,16000,2006,9,27,66.6,12,상계동,1110,11350,,,
두산힐스빌아파트,2000,39200,2006,9,27,114.72,17,공릉동,747,11350,,,
라이프,1993,63500,2006,9,27,115.65,11,중계동,366,11350,,,
롯데(505),1989,20450,2006,9,27,72.49,8,중계동,505,11350,,,
롯데우성,1993,42000,2006,9,27,101.88,1,중계동,361-1,11350,,,
미성,1986,13800,2006,9,27,50.14,4,월계동,13,11350,,,
미성,1989,28000,2006,9,27,84.94,8,하계동,280,11350,,,
보람아파트,1988,12300,2006,9,27,54.59,4,상계동,639,11350,,,
보람아파트,1988,8800,2006,9,27,44.33,3,상계동,639,11350,,,
불암현대,1999,36500,2006,9,27,84.9,19,상계동,1293,11350,,,
비선아파트,1999,11700,2006,9,27,48.6,4,공릉동,109,11350,,,
삼성,1999,17300,2006,9,27,59.9,10,중계동,593,11350,,,
삼익선경,1993,45800,2006,9,27,107.95,12,하계동,255-1,11350,,,
삼호3,1986,17100,2006,9,27,59.22,9,월계동,13,11350,,,
삼호3,1986,16700,2006,9,27,59.22,12,월계동,13,11350,,,
삼호3,1986,16050,2006,9,27,59.22,1,월계동,13,11350,,,
삼호3,1986,15950,2006,9,27,59.22,14,월계동,13,11350,,,
상계불암대림,2000,42000,2006,9,27,114.81,12,상계동,1289,11350,,,
상계불암대림,2000,24900,2006,9,27,84.96,3,상계동,1289,11350,,,
상계주공1(고층),1988,12800,2006,9,27,58.01,7,상계동,765,11350,,,
상계주공10(고층),1988,11500,2006,9,27,58.01,15,상계동,666,11350,,,
상계주공10(저층),1988,14530,2006,9,27,54.54,3,상계동,666,11350,,,
상계주공11(고층),1988,11600,2006,9,27,60.5,12,상계동,652,11350,,,
상계주공11(고층),1988,17500,2006,9,27,68.86,4,상계동,652,11350,,,
상계주공11(고층),1988,19800,2006,9,27,68.86,8,상계동,652,11350,,,
상계주공12(고층),1988,15000,2006,9,27,61.52,9,상계동,647,11350,,,
상계주공14(고층),1989,7500,2006,9,27,41.3,1,상계동,626,11350,,,
상계주공16(고층),1988,8270,2006,9,27,45.77,5,상계동,624,11350,,,
상계주공2(고층),1987,7300,2006,9,27,32.39,12,상계동,740,11350,,,
상계주공4(고층),1988,12000,2006,9,27,49.94,5,상계동,749-5,11350,,,
상계주공4(고층),1988,9500,2006,9,27,41.3,9,상계동,749-5,11350,,,
상계주공4(고층),1988,15200,2006,9,27,58.01,11,상계동,749-5,11350,,,
상계주공6(고층),1988,12800,2006,9,27,49.94,15,상계동,720,11350,,,
상계주공6(고층),1988,13700,2006,9,27,58.01,4,상계동,720,11350,,,
상계주공7(고층),1988,9000,2006,9,27,45.55,8,상계동,691,11350,,,
상계주공7(고층),1988,9900,2006,9,27,45.77,11,상계동,691,11350,,,
상계주공7(고층),1988,8380,2006,9,27,41.3,3,상계동,691,11350,,,
상계주공8(저층),1988,12700,2006,9,27,31.95,3,상계동,677,11350,,,
상계주공9(고층),1988,11030,2006,9,27,49.94,6,상계동,670,11350,,,
상계주공9(고층),1988,7550,2006,9,27,45.9,15,상계동,670,11350,,,
상계주공9(고층),1988,10500,2006,9,27,49.94,11,상계동,670,11350,,,
상계주공9(고층),1988,10150,2006,9,27,49.94,2,상계동,670,11350,,,
상계현대3차,1999,23400,2006,9,27,84.96,5,상계동,1063,11350,,,
세양청마루,2005,25300,2006,9,27,84.957,10,월계동,943,11350,,,
수락한신,1997,33000,2006,9,27,113.92,5,상계동,1277,11350,,,
시영3차(라이프)아파트,1994,7000,2006,9,27,34.44,12,공릉동,715,11350,,,
양우,2002,37200,2006,9,27,110.5345,17,상계동,1299,11350,,,
염광,1996,14000,2006,9,27,59.34,15,중계동,445,11350,,,
우방아파트,2000,19000,2006,9,27,60.502,3,공릉동,108,11350,,,
우성,1988,50700,2006,9,27,127.22,9,하계동,270,11350,,,
월계흥화브라운빌,2004,22650,2006,9,27,84.91,7,월계동,939,11350,,,
은빛2단지,1998,14750,2006,9,27,59.92,7,상계동,1256,11350,,,
은빛2단지,1998,13500,2006,9,27,59.95,8,상계동,1256,11350,,,
은빛2단지,1998,12150,2006,9,27,49.77,14,상계동,1256,11350,,,
장미(시영6),1989,3600,2006,9,27,43.41,3,하계동,273,11350,,,
장미(시영6),1989,11000,2006,9,27,54.02,7,하계동,273,11350,,,
주공10,1995,19360,2006,9,27,58.14,10,중계동,360-16,11350,,,
주공10,1995,21200,2006,9,27,58.14,8,중계동,360-16,11350,,,
주공2,1992,7600,2006,9,27,44.52,13,월계동,556,11350,,,
주공2,1992,12750,2006,9,27,59.97,7,월계동,556,11350,,,
주공4,1991,15250,2006,9,27,59.39,10,중계동,358-2,11350,,,
주공4,1991,13800,2006,9,27,59.39,3,중계동,358-2,11350,,,
주공5,1992,29800,2006,9,27,84.79,2,중계동,359-1,11350,,,
주공5,1992,8900,2006,9,27,44.52,2,중계동,359-1,11350,,,
주공5,1992,26600,2006,9,27,76.51,6,중계동,359-1,11350,,,
중계3벽산,1999,42000,2006,9,27,114.87,7,중계동,592,11350,,,
중계그린1단지,1990,13400,2006,9,27,59.46,9,중계동,502-1,11350,,,
중계그린1단지,1990,14350,2006,9,27,59.87,11,중계동,502-1,11350,,,
중계그린1단지,1990,11000,2006,9,27,49.85,13,중계동,502-1,11350,,,
중계그린1단지,1990,12950,2006,9,27,59.87,12,중계동,502-1,11350,,,
중계무지개,1991,10750,2006,9,27,49.54,2,중계동,512,11350,,,
중계무지개,1991,10500,2006,9,27,49.54,13,중계동,512,11350,,,
진주브라운,2003,12500,2006,9,27,64.95,2,공릉동,585-6,11350,,,
청구,1988,23500,2006,9,27,70.69,9,하계동,284,11350,,,
청구3,1996,41000,2006,9,27,84.77,5,중계동,360-2,11350,,,
청구3,1996,39900,2006,9,27,84.77,12,중계동,360-2,11350,,,
청솔(시영7),1989,7950,2006,9,27,39.78,12,하계동,274,11350,,,
청솔(시영7),1989,10700,2006,9,27,49.5,5,하계동,274,11350,,,
청솔(시영7),1989,13500,2006,9,27,59.22,4,하계동,274,11350,,,
태강아파트(아이파크),1999,16400,2006,9,27,59.34,6,공릉동,81,11350,,,
태강아파트(아이파크),1999,15500,2006,9,27,59.34,3,공릉동,81,11350,,,
하계1청구,1997,40000,2006,9,27,84.6,9,하계동,251,11350,,,
하계2현대,1997,35500,2006,9,27,84.51,4,하계동,288,11350,,,
학여울청구,1999,28700,2006,9,27,84.77,11,하계동,354,11350,,,
학여울청구,1999,25000,2006,9,27,84.77,12,하계동,354,11350,,,
한신1,1988,6500,2006,9,27,27,9,하계동,284,11350,,,
한신1차,1987,19500,2006,9,27,84.92,14,상계동,135,11350,,,
한신1차,1987,11000,2006,9,27,53.96,9,상계동,135,11350,,,
한일2,2000,18900,2006,9,27,84.846,2,월계동,927,11350,,,
한진한화그랑빌,2002,43500,2006,9,27,114.97,16,월계동,18,11350,,,
한진한화그랑빌,2002,38000,2006,9,27,114.97,5,월계동,18,11350,,,
한진한화그랑빌,2002,29500,2006,9,27,84.97,14,월계동,18,11350,,,
한진한화그랑빌,2002,18000,2006,9,27,59.94,8,월계동,18,11350,,,
한화꿈에그린,2005,36000,2006,9,27,84.902,6,중계동,598,11350,,,
현대,2000,28900,2006,9,27,84.98,22,월계동,929,11350,,,
현대(고려)아파트,1999,18500,2006,9,27,84.09,4,공릉동,590-1,11350,,,
현대2(4차),1993,21700,2006,9,27,84.87,1,중계동,578,11350,,,
현대4차,1995,17200,2006,9,27,84.73,12,상계동,1271,11350,,,
건영3,1995,37300,2006,9,28,84.9,8,중계동,360-15,11350,,,
경남,1989,28700,2006,9,28,84.97,7,중계동,505,11350,,,
금호타운,1995,18400,2006,9,28,84.54,5,상계동,1270,11350,,,
금호타운(583),1997,17300,2006,9,28,59.52,6,중계동,583,11350,,,
대동황토방,2001,35000,2006,9,28,114.72,7,상계동,1284,11350,,,
동아불암,1999,36800,2006,9,28,114.24,14,상계동,1285,11350,,,
동진신안,1993,55000,2006,9,28,101.99,9,중계동,364,11350,,,
두산,1994,9000,2006,9,28,41.85,5,상계동,1110,11350,,,
롯데(505),1989,10500,2006,9,28,54.48,1,중계동,505,11350,,,
롯데우성,1993,58000,2006,9,28,115.26,4,중계동,361-1,11350,,,
미륭,1986,12400,2006,9,28,51.48,1,월계동,13,11350,,,
미성,1989,21750,2006,9,28,72.17,6,하계동,280,11350,,,
벽산,1988,20000,2006,9,28,70.56,12,하계동,271-3,11350,,,
벽산,1989,8280,2006,9,28,43.35,9,상계동,173-1,11350,,,
비콘드림힐(602),2005,29000,2006,9,28,84.986,14,중계동,602,11350,,,
사슴3,1995,6950,2006,9,28,33.18,5,월계동,320-11,11350,,,
삼성,1999,15500,2006,9,28,59.9,4,중계동,593,11350,,,
상계1차현대아파트,1993,19300,2006,9,28,83.92,6,상계동,1055,11350,,,
상계2차중앙하이츠,1998,16400,2006,9,28,59.82,16,상계동,1282,11350,,,
상계주공1(고층),1988,8450,2006,9,28,41.3,7,상계동,765,11350,,,
상계주공10(고층),1988,10800,2006,9,28,49.94,3,상계동,666,11350,,,
상계주공10(고층),1988,9000,2006,9,28,45.77,14,상계동,666,11350,,,
상계주공10(고층),1988,10000,2006,9,28,49.94,12,상계동,666,11350,,,
상계주공11(고층),1988,8200,2006,9,28,41.3,5,상계동,652,11350,,,
상계주공11(고층),1988,13000,2006,9,28,58.01,11,상계동,652,11350,,,
상계주공12(고층),1988,8950,2006,9,28,41.3,7,상계동,647,11350,,,
상계주공12(고층),1988,19750,2006,9,28,66.56,13,상계동,647,11350,,,
상계주공12(고층),1988,10500,2006,9,28,49.94,7,상계동,647,11350,,,
상계주공13(고층),1989,7820,2006,9,28,45.9,4,상계동,637,11350,,,
상계주공13(고층),1989,13144,2006,9,28,58.01,7,상계동,637,11350,,,
상계주공14(고층),1989,8000,2006,9,28,41.3,11,상계동,626,11350,,,
상계주공14(고층),1989,8000,2006,9,28,41.3,9,상계동,626,11350,,,
상계주공14(고층),1989,9820,2006,9,28,49.94,15,상계동,626,11350,,,
상계주공14(고층),1989,10300,2006,9,28,49.94,11,상계동,626,11350,,,
상계주공14(저층),1989,15000,2006,9,28,71.89,3,상계동,626,11350,,,
상계주공16(고층),1988,8170,2006,9,28,45.77,3,상계동,624,11350,,,
상계주공2(고층),1987,18450,2006,9,28,68.86,2,상계동,740,11350,,,
상계주공2(고층),1987,9000,2006,9,28,41.3,9,상계동,740,11350,,,
상계주공2(고층),1987,9600,2006,9,28,41.3,8,상계동,740,11350,,,
상계주공2(고층),1987,15500,2006,9,28,58.01,10,상계동,740,11350,,,
상계주공2(고층),1987,9580,2006,9,28,41.3,14,상계동,740,11350,,,
상계주공2(저층),1987,9900,2006,9,28,46.04,1,상계동,740,11350,,,
상계주공3(고층),1987,15250,2006,9,28,59.28,8,상계동,730-2,11350,,,
상계주공3(고층),1987,8370,2006,9,28,38,7,상계동,730-2,11350,,,
상계주공3(고층),1987,8559,2006,9,28,38,8,상계동,730-2,11350,,,
상계주공3(고층),1987,15300,2006,9,28,58.01,13,상계동,730-2,11350,,,
상계주공4(고층),1988,12300,2006,9,28,59.2,15,상계동,749-5,11350,,,
상계주공6(고층),1988,15500,2006,9,28,58.01,15,상계동,720,11350,,,
상계주공6(고층),1988,13800,2006,9,28,58.01,1,상계동,720,11350,,,
상계주공6(고층),1988,15700,2006,9,28,59.28,15,상계동,720,11350,,,
상계주공9(고층),1988,7000,2006,9,28,45.9,2,상계동,670,11350,,,
상계주공9(고층),1988,8350,2006,9,28,45.9,6,상계동,670,11350,,,
상계주공9(고층),1988,10650,2006,9,28,49.94,14,상계동,670,11350,,,
성원상떼빌,1999,13900,2006,9,28,59.93,8,상계동,1283,11350,,,
양지마을(대림)2,1999,43700,2006,9,28,114.81,3,중계동,588,11350,,,
우성,1988,28500,2006,9,28,84.91,11,하계동,270,11350,,,
장미(시영6),1989,11950,2006,9,28,54.29,10,하계동,273,11350,,,
주공2,1992,7600,2006,9,28,44.94,9,월계동,556,11350,,,
주공2,1992,9250,2006,9,28,44.52,11,중계동,369,11350,,,
주공5,1992,9550,2006,9,28,44.52,12,중계동,359-1,11350,,,
주공6,1993,8950,2006,9,28,44.1,7,중계동,364-12,11350,,,
중계무지개,1991,8100,2006,9,28,39.96,10,중계동,512,11350,,,
중계무지개,1991,7800,2006,9,28,39.96,13,중계동,512,11350,,,
청구,1988,29500,2006,9,28,84.97,3,하계동,284,11350,,,
청구(366),1993,70000,2006,9,28,115.47,7,중계동,366,11350,,,
청구(366),1993,48000,2006,9,28,115.47,1,중계동,366,11350,,,
청구3,1996,42000,2006,9,28,84.77,6,중계동,360-2,11350,,,
청구3,1996,39000,2006,9,28,84.77,11,중계동,360-2,11350,,,
청솔(시영7),1989,8000,2006,9,28,39.78,6,하계동,274,11350,,,
청솔아파트9,2000,25250,2006,9,28,84.85,10,공릉동,90,11350,,,
청암2단지,2001,16200,2006,9,28,59.4,7,상계동,1276,11350,,,
태강아파트(아이파크),1999,11700,2006,9,28,49.6,11,공릉동,81,11350,,,
풍림아이원,2005,22200,2006,9,28,84.303,1,월계동,944,11350,,,
풍림아파트A,2001,19000,2006,9,28,59.94,16,공릉동,725,11350,,,
학여울청구,1999,37300,2006,9,28,113.51,9,하계동,354,11350,,,
한신1차,1987,10600,2006,9,28,53.96,12,상계동,135,11350,,,
한신4차,1995,17400,2006,9,28,84.84,3,상계동,995,11350,,,
한진한화그랑빌,2002,29900,2006,9,28,84.97,11,월계동,18,11350,,,
한진한화그랑빌,2002,19000,2006,9,28,59.94,5,월계동,18,11350,,,
현대,1988,19600,2006,9,28,71.68,1,하계동,270,11350,,,
현대,1988,31100,2006,9,28,84.95,14,하계동,270,11350,,,
현대,2000,15000,2006,9,28,59.95,17,월계동,929,11350,,,
현대2차,1993,18700,2006,9,28,82.68,8,상계동,1078,11350,,,
현대4차,1995,18000,2006,9,28,84.73,11,상계동,1271,11350,,,
건영3,1995,32000,2006,9,29,84.9,1,중계동,360-15,11350,,,
건영아파트,1998,24000,2006,9,29,106.06,6,공릉동,404-3,11350,,,
건영장미아파트,1999,13750,2006,9,29,59.87,18,공릉동,744,11350,,,
극동,1988,23500,2006,9,29,84.91,15,하계동,271-3,11350,,,
대림벽산(363),1993,85000,2006,9,29,141.45,7,중계동,363,11350,,,
동신,1983,15700,2006,9,29,71.77,12,월계동,436,11350,,,
동신아파트,1999,15300,2006,9,29,59.99,3,공릉동,745,11350,,,
롯데(505),1989,18000,2006,9,29,72.49,15,중계동,505,11350,,,
롯데우성,1993,63200,2006,9,29,115.26,9,중계동,361-1,11350,,,
미성,1986,13600,2006,9,29,50.14,7,월계동,13,11350,,,
미성,1986,12500,2006,9,29,50.14,4,월계동,13,11350,,,
벽산,1989,8200,2006,9,29,43.35,2,상계동,173-1,11350,,,
벽산,1988,12600,2006,9,29,57.71,3,하계동,271-3,11350,,,
보람아파트,1988,25700,2006,9,29,79.25,9,상계동,639,11350,,,
보람아파트,1988,13000,2006,9,29,54.59,9,상계동,639,11350,,,
보람아파트,1988,19200,2006,9,29,68.99,12,상계동,639,11350,,,
보람아파트,1988,13000,2006,9,29,54.59,6,상계동,639,11350,,,
불암현대,1999,14900,2006,9,29,59.4,17,상계동,1293,11350,,,
삼성,1999,46200,2006,9,29,114.49,5,중계동,593,11350,,,
삼호3,1986,16500,2006,9,29,59.22,14,월계동,13,11350,,,
삼호3,1986,16300,2006,9,29,59.22,2,월계동,13,11350,,,
상계주공1(고층),1988,12900,2006,9,29,58.01,7,상계동,765,11350,,,
상계주공11(고층),1988,10000,2006,9,29,49.94,4,상계동,652,11350,,,
상계주공11(고층),1988,8100,2006,9,29,41.3,11,상계동,652,11350,,,
상계주공14(고층),1989,8350,2006,9,29,45.9,13,상계동,626,11350,,,
상계주공2(고층),1987,13300,2006,9,29,59.28,9,상계동,740,11350,,,
상계주공2(저층),1987,14882,2006,9,29,59.18,1,상계동,740,11350,,,
상계주공3(고층),1987,26000,2006,9,29,84.2,7,상계동,730-2,11350,,,
상계주공3(고층),1987,10000,2006,9,29,41.3,7,상계동,730-2,11350,,,
상계주공6(고층),1988,9000,2006,9,29,41.3,2,상계동,720,11350,,,
상계주공6(고층),1988,17000,2006,9,29,58.01,10,상계동,720,11350,,,
상계주공8(저층),1988,17800,2006,9,29,38.52,1,상계동,677,11350,,,
상계주공8(저층),1988,18000,2006,9,29,38.52,2,상계동,677,11350,,,
상계주공9(고층),1988,20400,2006,9,29,66.56,10,상계동,670,11350,,,
상계주공9(고층),1988,8000,2006,9,29,45.9,4,상계동,670,11350,,,
상계주공9(고층),1988,8850,2006,9,29,45.55,4,상계동,670,11350,,,
수락산벨리체,2000,59000,2006,9,29,134.94,9,상계동,1265,11350,,,
수락파크빌,2001,51000,2006,9,29,114.82,4,상계동,1269,11350,,,
시영2단지(라이프)아파트,1994,11750,2006,9,29,49.5,13,공릉동,707,11350,,,
양지마을(대림)2,1999,32800,2006,9,29,84.88,23,중계동,588,11350,,,
염광,1996,30000,2006,9,29,84.31,10,중계동,445,11350,,,
우방아파트,2000,27500,2006,9,29,84.881,11,공릉동,108,11350,,,
은빛1단지,1998,12200,2006,9,29,49.77,12,상계동,1255,11350,,,
은빛1단지,1998,10700,2006,9,29,49.77,14,상계동,1255,11350,,,
은빛1단지,1998,10500,2006,9,29,49.77,15,상계동,1255,11350,,,
은빛2단지,1998,14650,2006,9,29,59.92,13,상계동,1256,11350,,,
주공5,1992,32900,2006,9,29,84.79,7,중계동,359-1,11350,,,
주공5,1992,9200,2006,9,29,44.52,9,중계동,359-1,11350,,,
주공5,1992,7350,2006,9,29,38.64,3,중계동,359-1,11350,,,
중계그린1단지,1990,13300,2006,9,29,59.46,6,중계동,502-1,11350,,,
중계그린1단지,1990,11290,2006,9,29,49.5,8,중계동,502-1,11350,,,
중계그린1단지,1990,8000,2006,9,29,39.91,4,중계동,502-1,11350,,,
중계그린1단지,1990,11900,2006,9,29,49.5,12,중계동,502-1,11350,,,
중계그린1단지,1990,9400,2006,9,29,44.1,5,중계동,502-1,11350,,,
중계무지개,1991,7720,2006,9,29,39.96,3,중계동,512,11350,,,
중계무지개,1991,7700,2006,9,29,39.96,3,중계동,512,11350,,,
청백3,1998,12700,2006,9,29,59.4,14,월계동,780,11350,,,
청솔(시영7),1989,9800,2006,9,29,49.5,15,하계동,274,11350,,,
학여울청구,1999,34000,2006,9,29,113.51,2,하계동,354,11350,,,
학여울청구,1999,14450,2006,9,29,59.4,12,하계동,354,11350,,,
학여울청구,1999,24750,2006,9,29,84.77,3,하계동,354,11350,,,
한신2차,1988,18600,2006,9,29,84.92,12,상계동,451,11350,,,
한신2차,1988,8100,2006,9,29,45.92,12,상계동,451,11350,,,
한진한화그랑빌,2002,30500,2006,9,29,84.97,11,월계동,18,11350,,,
한진한화그랑빌,2002,38000,2006,9,29,114.97,3,월계동,18,11350,,,
한진한화그랑빌,2002,25400,2006,9,29,84.97,10,월계동,18,11350,,,
한진한화그랑빌,2002,19500,2006,9,29,59.94,9,월계동,18,11350,,,
한진한화그랑빌,2002,20800,2006,9,29,59.94,18,월계동,18,11350,,,
한진한화그랑빌,2002,28600,2006,9,29,84.97,23,월계동,18,11350,,,
한진한화그랑빌,2002,36000,2006,9,29,114.97,3,월계동,18,11350,,,
현대,2000,38000,2006,9,29,114.99,19,월계동,929,11350,,,
현대,1988,23700,2006,9,29,71.68,9,하계동,270,11350,,,
건영3,1995,37500,2006,9,30,84.9,3,중계동,360-15,11350,,,
공릉해링턴플레이스,2000,69300,2006,9,30,134.914,15,공릉동,106,11350,,,
극동,1988,12300,2006,9,30,55.72,11,하계동,271-3,11350,,,
극동,1988,16900,2006,9,30,70.56,15,하계동,271-3,11350,,,
극동늘푸른,2000,22500,2006,9,30,84.514,3,상계동,1128,11350,,,
금호타운,1995,18400,2006,9,30,84.54,10,상계동,1270,11350,,,
대우,1998,29900,2006,9,30,99.98,13,월계동,775,11350,,,
동아불암,1999,25900,2006,9,30,84.9,22,상계동,1285,11350,,,
동진,1988,7300,2006,9,30,47.61,2,중계동,103,11350,,,
미성,1986,9200,2006,9,30,33.28,1,월계동,13,11350,,,
미성,1986,12350,2006,9,30,50.14,3,월계동,13,11350,,,
벽산,1988,19500,2006,9,30,70.56,9,하계동,271-3,11350,,,
벽산,1989,8200,2006,9,30,43.35,14,상계동,173-1,11350,,,
벽산,1988,13000,2006,9,30,57.71,3,하계동,271-3,11350,,,
보람아파트,1988,25600,2006,9,30,79.25,8,상계동,639,11350,,,
보람아파트,1988,24950,2006,9,30,79.25,4,상계동,639,11350,,,
불암현대,1999,45000,2006,9,30,114.24,20,상계동,1293,11350,,,
불암현대,1999,15900,2006,9,30,59.4,22,상계동,1293,11350,,,
삼익선경,1993,45000,2006,9,30,107.95,2,하계동,255-1,11350,,,
삼익포레스트아파트,1995,20000,2006,9,30,84.6,2,공릉동,737,11350,,,
삼호3,1986,15900,2006,9,30,59.22,2,월계동,13,11350,,,
상계1차중앙하이츠,1997,16300,2006,9,30,59.82,12,상계동,1279,11350,,,
상계2차중앙하이츠,1998,14500,2006,9,30,59.82,2,상계동,1282,11350,,,
상계2차중앙하이츠,1998,27900,2006,9,30,84.6,17,상계동,1282,11350,,,
상계주공1(고층),1988,13500,2006,9,30,58.01,4,상계동,765,11350,,,
상계주공1(고층),1988,18250,2006,9,30,68.86,14,상계동,765,11350,,,
상계주공10(고층),1988,13000,2006,9,30,60.5,8,상계동,666,11350,,,
상계주공10(고층),1988,10500,2006,9,30,49.94,14,상계동,666,11350,,,
상계주공10(고층),1988,12800,2006,9,30,58.01,12,상계동,666,11350,,,
상계주공11(고층),1988,18380,2006,9,30,68.86,9,상계동,652,11350,,,
상계주공11(고층),1988,19100,2006,9,30,68.86,3,상계동,652,11350,,,
상계주공11(고층),1988,10000,2006,9,30,49.94,1,상계동,652,11350,,,
상계주공11(고층),1988,19500,2006,9,30,68.86,9,상계동,652,11350,,,
상계주공12(고층),1988,18600,2006,9,30,66.56,15,상계동,647,11350,,,
상계주공12(고층),1988,8380,2006,9,30,41.3,7,상계동,647,11350,,,
상계주공12(고층),1988,19400,2006,9,30,66.56,6,상계동,647,11350,,,
상계주공13(고층),1989,8000,2006,9,30,45.9,3,상계동,637,11350,,,
상계주공16(고층),1988,13200,2006,9,30,59.39,9,상계동,624,11350,,,
상계주공16(고층),1988,8580,2006,9,30,45.77,9,상계동,624,11350,,,
상계주공2(고층),1987,7300,2006,9,30,32.39,7,상계동,740,11350,,,
상계주공2(고층),1987,12800,2006,9,30,59.39,9,상계동,740,11350,,,
상계주공2(저층),1987,29750,2006,9,30,84.41,4,상계동,740,11350,,,
상계주공3(고층),1987,9770,2006,9,30,41.3,4,상계동,730-2,11350,,,
상계주공3(고층),1987,29800,2006,9,30,84.38,4,상계동,730-2,11350,,,
상계주공3(고층),1987,15000,2006,9,30,59.39,10,상계동,730-2,11350,,,
상계주공3(고층),1987,18700,2006,9,30,68.86,5,상계동,730-2,11350,,,
상계주공4(고층),1988,9400,2006,9,30,41.3,12,상계동,749-5,11350,,,
상계주공6(고층),1988,15700,2006,9,30,59.28,13,상계동,720,11350,,,
상계주공7(고층),1988,9100,2006,9,30,45.9,14,상계동,691,11350,,,
상계주공7(고층),1988,13500,2006,9,30,49.94,7,상계동,691,11350,,,
상계주공7(고층),1988,15130,2006,9,30,59.39,10,상계동,691,11350,,,
상계주공9(고층),1988,6000,2006,9,30,41.3,6,상계동,670,11350,,,
상계주공9(고층),1988,10250,2006,9,30,49.94,4,상계동,670,11350,,,
상계현대3차,1999,22650,2006,9,30,84.98,5,상계동,1063,11350,,,
수락산벨리체,2000,45000,2006,9,30,114.92,13,상계동,1265,11350,,,
양지마을(대림)1,1998,34800,2006,9,30,84.9,13,중계동,587,11350,,,
양지마을(대림)2,1999,33000,2006,9,30,84.88,5,중계동,588,11350,,,
우방아파트,2000,30000,2006,9,30,84.881,11,공릉동,108,11350,,,
은빛1단지,1998,13400,2006,9,30,59.95,6,상계동,1255,11350,,,
은빛2단지,1998,13400,2006,9,30,59.95,10,상계동,1256,11350,,,
은빛2단지,1998,11200,2006,9,30,49.77,14,상계동,1256,11350,,,
장미(시영6),1989,8000,2006,9,30,43.56,8,하계동,273,11350,,,
주공2,1992,12500,2006,9,30,59.97,14,월계동,556,11350,,,
주공2,1992,7500,2006,9,30,44.94,6,월계동,556,11350,,,
주공2,1992,12700,2006,9,30,59.97,11,월계동,556,11350,,,
주공4,1991,9450,2006,9,30,45.77,2,중계동,358-2,11350,,,
주공4,1991,26900,2006,9,30,84.79,6,중계동,358-2,11350,,,
주공4,1991,15800,2006,9,30,59.39,5,중계동,358-2,11350,,,
주공5,1992,33100,2006,9,30,84.79,14,중계동,359-1,11350,,,
주공5,1992,8680,2006,9,30,44.52,2,중계동,359-1,11350,,,
주공5,1992,18000,2006,9,30,58.46,14,중계동,359-1,11350,,,
중계3벽산,1999,31000,2006,9,30,85,19,중계동,592,11350,,,
중계무지개,1991,11200,2006,9,30,49.54,9,중계동,512,11350,,,
중계무지개,1991,11000,2006,9,30,49.54,10,중계동,512,11350,,,
중계무지개,1991,10900,2006,9,30,49.54,5,중계동,512,11350,,,
청암1단지,2001,26200,2006,9,30,84.8,7,상계동,1275,11350,,,
초안2,1997,10000,2006,9,30,49.6,11,월계동,924,11350,,,
코지한주,2006,31500,2006,9,30,101.41,2,상계동,1401-8,11350,,,
코지한주,2006,31500,2006,9,30,105.15,2,상계동,1401-8,11350,,,
코지한주,2006,31500,2006,9,30,101.54,2,상계동,1401-8,11350,,,
코지한주,2006,31500,2006,9,30,105.15,5,상계동,1401-8,11350,,,
코지한주,2006,31500,2006,9,30,105.15,6,상계동,1401-8,11350,,,
코지한주,2006,31500,2006,9,30,101.54,6,상계동,1401-8,11350,,,
코지한주,2006,31500,2006,9,30,101.41,7,상계동,1401-8,11350,,,
코지한주,2006,31500,2006,9,30,105.15,7,상계동,1401-8,11350,,,
코지한주,2006,31500,2006,9,30,101.54,7,상계동,1401-8,11350,,,
태강아파트(아이파크),1999,13300,2006,9,30,49.6,8,공릉동,81,11350,,,
풍림아파트A,2001,20400,2006,9,30,59.94,15,공릉동,725,11350,,,
하계1청구,1997,33700,2006,9,30,84.6,5,하계동,251,11350,,,
학여울청구,1999,22500,2006,9,30,84.77,1,하계동,354,11350,,,
한신1,1988,11330,2006,9,30,44.52,3,하계동,284,11350,,,
한신2차,1988,8100,2006,9,30,45.92,11,상계동,451,11350,,,
한일1,1999,29500,2006,9,30,114.96,8,월계동,926,11350,,,
한일2,2000,14650,2006,9,30,59.953,17,월계동,927,11350,,,
한진한화그랑빌,2002,46900,2006,9,30,139.08,17,월계동,18,11350,,,
한진한화그랑빌,2002,19000,2006,9,30,59.94,9,월계동,18,11350,,,
한진한화그랑빌,2002,26900,2006,9,30,84.97,20,월계동,18,11350,,,
한진한화그랑빌,2002,39200,2006,9,30,114.97,17,월계동,18,11350,,,
한진한화그랑빌,2002,20450,2006,9,30,59.94,15,월계동,18,11350,,,
현대,2000,28000,2006,9,30,84.98,5,월계동,929,11350,,,
현대,1988,32300,2006,9,30,84.95,6,하계동,270,11350,,,
