단지명,건축년도,거래금액(만원),계약년,계약월,계약일,전용면적(㎡),층,법정동,지번,시군구코드,거래유형,매수자구분,매도자구분
건양노블레스빌,2003,24600,2006,11,1,84.659,6,월계동,938,11350,,,
건영,1988,12500,2006,11,1,53.14,14,하계동,271-3,11350,,,
건영,1988,11400,2006,11,1,53.14,14,하계동,271-3,11350,,,
건영2,1991,24000,2006,11,1,75.02,9,중계동,515-2,11350,,,
건영2,1991,33500,2006,11,1,84.96,14,중계동,515-2,11350,,,
건영3,1995,49900,2006,11,1,84.9,15,중계동,360-15,11350,,,
건영장미아파트,1999,14000,2006,11,1,59.87,3,공릉동,744,11350,,,
경남,1989,25100,2006,11,1,74.2,12,중계동,505,11350,,,
경남,1989,11900,2006,11,1,50.97,13,중계동,505,11350,,,
경남아너스빌,2002,25000,2006,11,1,79.098,4,중계동,597,11350,,,
경남아너스빌,2002,29000,2006,11,1,79.098,17,중계동,597,11350,,,
공릉동한보에센시티아파트,2000,14000,2006,11,1,59.4,9,공릉동,743,11350,,,
공릉해링턴플레이스,2000,45000,2006,11,1,99.917,3,공릉동,106,11350,,,
극동,1988,28500,2006,11,1,84.91,3,하계동,271-3,11350,,,
극동,1988,13450,2006,11,1,55.72,2,하계동,271-3,11350,,,
금호타운(583),1997,15000,2006,11,1,59.52,2,중계동,583,11350,,,
금호타운(583),1997,29700,2006,11,1,84.98,7,중계동,583,11350,,,
대림,1988,42300,2006,11,1,93.13,8,상계동,695,11350,,,
대림,1988,32300,2006,11,1,93.13,3,상계동,695,11350,,,
대망드림힐1,2003,32000,2006,11,1,102.014,4,상계동,1304,11350,,,
대명아파트,1989,17000,2006,11,1,64.8,4,공릉동,270-71,11350,,,
대아2차아파트,2000,21700,2006,11,1,84.69,11,공릉동,492-1,11350,,,
대창센시티,2002,24850,2006,11,1,84.8577,13,상계동,1302,11350,,,
대호,2000,13700,2006,11,1,59.98,12,중계동,591,11350,,,
동신,1983,18000,2006,11,1,71.77,2,월계동,436,11350,,,
동신,1983,18000,2006,11,1,71.83,3,월계동,436,11350,,,
동신아파트,1999,26800,2006,11,1,84.97,16,공릉동,745,11350,,,
동아불암,1999,23000,2006,11,1,84.9,1,상계동,1285,11350,,,
동아불암,1999,30000,2006,11,1,84.9,12,상계동,1285,11350,,,
동아불암,1999,29000,2006,11,1,84.9,10,상계동,1285,11350,,,
두산,1994,13500,2006,11,1,59.97,9,상계동,1110,11350,,,
두산힐스빌아파트,2000,27800,2006,11,1,84.9,7,공릉동,747,11350,,,
두산힐스빌아파트,2000,29850,2006,11,1,84.9,19,공릉동,747,11350,,,
두산힐스빌아파트,2000,30000,2006,11,1,84.9,18,공릉동,747,11350,,,
두산힐스빌아파트,2000,41900,2006,11,1,114.72,17,공릉동,747,11350,,,
롯데(505),1989,14300,2006,11,1,54.48,15,중계동,505,11350,,,
미도,1988,28500,2006,11,1,87.57,3,상계동,766-1,11350,,,
미륭,1986,13000,2006,11,1,51.48,1,월계동,13,11350,,,
미성,1986,11450,2006,11,1,33.28,2,월계동,13,11350,,,
미성,1986,15500,2006,11,1,50.14,1,월계동,13,11350,,,
미성,1986,14500,2006,11,1,50.14,3,월계동,13,11350,,,
미성,1989,14750,2006,11,1,57.97,3,하계동,280,11350,,,
미성,1986,12000,2006,11,1,33.28,5,월계동,13,11350,,,
미성,1986,11000,2006,11,1,33.28,4,월계동,13,11350,,,
벽산,1989,8500,2006,11,1,43.35,14,상계동,173-1,11350,,,
벽산,1989,13800,2006,11,1,59.9,13,상계동,173-1,11350,,,
보람아파트,1988,14000,2006,11,1,54.59,6,상계동,639,11350,,,
보람아파트,1988,13310,2006,11,1,54.59,7,상계동,639,11350,,,
보람아파트,1988,19000,2006,11,1,68.99,2,상계동,639,11350,,,
삼성,1999,50500,2006,11,1,114.49,5,중계동,593,11350,,,
삼익4단지아파트,1994,15250,2006,11,1,59.04,8,공릉동,714,11350,,,
삼익포레스트아파트,1995,26000,2006,11,1,84.6,8,공릉동,737,11350,,,
삼창,1984,15800,2006,11,1,56.59,10,월계동,448-3,11350,,,
삼호3,1986,20000,2006,11,1,59.22,14,월계동,13,11350,,,
삼호4,1987,14000,2006,11,1,50.18,4,월계동,12,11350,,,
상계2차중앙하이츠,1998,27250,2006,11,1,84.6,2,상계동,1282,11350,,,
상계2차중앙하이츠,1998,29000,2006,11,1,84.6,10,상계동,1282,11350,,,
상계2차중앙하이츠,1998,16500,2006,11,1,59.82,18,상계동,1282,11350,,,
상계대림,1989,21900,2006,11,1,84.91,1,상계동,172,11350,,,
상계불암대림,2000,14750,2006,11,1,59.22,2,상계동,1289,11350,,,
상계불암대림,2000,15900,2006,11,1,59.22,9,상계동,1289,11350,,,
상계우방유쉘,2000,22000,2006,11,1,84.97,1,상계동,1295,11350,,,
상계주공1(고층),1988,13800,2006,11,1,58.01,10,상계동,765,11350,,,
상계주공1(고층),1988,8900,2006,11,1,41.3,7,상계동,765,11350,,,
상계주공10(저층),1988,15000,2006,11,1,54.54,3,상계동,666,11350,,,
상계주공10(저층),1988,11500,2006,11,1,47.34,1,상계동,666,11350,,,
상계주공11(고층),1988,12500,2006,11,1,60.5,7,상계동,652,11350,,,
상계주공11(고층),1988,11550,2006,11,1,49.94,9,상계동,652,11350,,,
상계주공11(고층),1988,9500,2006,11,1,41.3,8,상계동,652,11350,,,
상계주공11(고층),1988,10700,2006,11,1,49.94,5,상계동,652,11350,,,
상계주공12(고층),1988,11320,2006,11,1,49.94,3,상계동,647,11350,,,
상계주공12(고층),1988,8000,2006,11,1,41.3,10,상계동,647,11350,,,
상계주공12(고층),1988,11500,2006,11,1,49.94,10,상계동,647,11350,,,
상계주공12(고층),1988,7700,2006,11,1,41.3,3,상계동,647,11350,,,
상계주공12(고층),1988,12500,2006,11,1,49.94,11,상계동,647,11350,,,
상계주공12(고층),1988,10400,2006,11,1,49.94,1,상계동,647,11350,,,
상계주공13(고층),1989,7500,2006,11,1,45.9,15,상계동,637,11350,,,
상계주공14(고층),1989,7500,2006,11,1,45.9,2,상계동,626,11350,,,
상계주공14(고층),1989,7500,2006,11,1,45.9,1,상계동,626,11350,,,
상계주공14(고층),1989,11700,2006,11,1,49.94,13,상계동,626,11350,,,
상계주공14(저층),1989,27700,2006,11,1,84.41,2,상계동,626,11350,,,
상계주공16(고층),1988,13500,2006,11,1,59.39,4,상계동,624,11350,,,
상계주공16(고층),1988,12900,2006,11,1,58.01,3,상계동,624,11350,,,
상계주공2(고층),1987,7410,2006,11,1,32.39,5,상계동,740,11350,,,
상계주공2(고층),1987,8700,2006,11,1,38,7,상계동,740,11350,,,
상계주공3(고층),1987,30000,2006,11,1,84.2,3,상계동,730-2,11350,,,
상계주공3(고층),1987,16700,2006,11,1,59.28,10,상계동,730-2,11350,,,
상계주공3(고층),1987,32000,2006,11,1,75.2,9,상계동,730-2,11350,,,
상계주공3(고층),1987,16300,2006,11,1,59.2,6,상계동,730-2,11350,,,
상계주공3(고층),1987,17170,2006,11,1,58.01,2,상계동,730-2,11350,,,
상계주공4(고층),1988,16980,2006,11,1,58.01,7,상계동,749-5,11350,,,
상계주공4(고층),1988,13500,2006,11,1,49.94,12,상계동,749-5,11350,,,
상계주공4(고층),1988,8000,2006,11,1,37.46,3,상계동,749-5,11350,,,
상계주공4(고층),1988,15450,2006,11,1,59.39,2,상계동,749-5,11350,,,
상계주공4(고층),1988,32650,2006,11,1,84.2,14,상계동,749-5,11350,,,
상계주공4(고층),1988,9000,2006,11,1,41.3,2,상계동,749-5,11350,,,
상계주공5(저층),1987,13500,2006,11,1,31.98,3,상계동,721,11350,,,
상계주공5(저층),1987,13400,2006,11,1,31.98,1,상계동,721,11350,,,
상계주공5(저층),1987,13500,2006,11,1,31.98,5,상계동,721,11350,,,
상계주공5(저층),1987,13500,2006,11,1,31.98,2,상계동,721,11350,,,
상계주공6(고층),1988,13500,2006,11,1,49.94,10,상계동,720,11350,,,
상계주공6(고층),1988,13000,2006,11,1,49.94,9,상계동,720,11350,,,
상계주공6(고층),1988,15700,2006,11,1,58.01,15,상계동,720,11350,,,
상계주공6(고층),1988,10500,2006,11,1,41.3,5,상계동,720,11350,,,
상계주공6(고층),1988,16800,2006,11,1,58.01,15,상계동,720,11350,,,
상계주공7(고층),1988,11970,2006,11,1,41.3,10,상계동,691,11350,,,
상계주공7(고층),1988,10300,2006,11,1,45.55,8,상계동,691,11350,,,
상계주공7(고층),1988,9200,2006,11,1,41.3,7,상계동,691,11350,,,
상계주공7(고층),1988,8500,2006,11,1,41.3,7,상계동,691,11350,,,
상계주공7(고층),1988,8700,2006,11,1,41.3,1,상계동,691,11350,,,
상계주공7(고층),1988,16900,2006,11,1,59.39,10,상계동,691,11350,,,
상계주공8(저층),1988,13200,2006,11,1,31.95,4,상계동,677,11350,,,
상계주공9(고층),1988,8450,2006,11,1,45.9,7,상계동,670,11350,,,
상아,1989,11900,2006,11,1,51.29,8,중계동,505,11350,,,
성원(사슴4),1995,14500,2006,11,1,59.94,11,월계동,322-1,11350,,,
성원1,1996,19900,2006,11,1,59.75,13,중계동,580,11350,,,
세영아파트,2006,18000,2006,11,1,77.76,6,공릉동,576-11,11350,,,
수락파크빌,2001,59000,2006,11,1,114.82,11,상계동,1269,11350,,,
시영2단지(라이프)아파트,1994,11100,2006,11,1,49.5,15,공릉동,707,11350,,,
시영3차(라이프)아파트,1994,7500,2006,11,1,39.6,1,공릉동,715,11350,,,
시영3차(라이프)아파트,1994,7750,2006,11,1,39.6,2,공릉동,715,11350,,,
시영3차(라이프)아파트,1994,7900,2006,11,1,39.6,15,공릉동,715,11350,,,
신성미소지움아파트,2004,26000,2006,11,1,84.929,16,공릉동,756,11350,,,
신안,1999,39000,2006,11,1,84.93,15,중계동,590,11350,,,
양지마을(대림)2,1999,44000,2006,11,1,84.88,20,중계동,588,11350,,,
양지마을(대림)2,1999,40000,2006,11,1,84.88,3,중계동,588,11350,,,
양지마을(대림)2,1999,17500,2006,11,1,59.4,7,중계동,588,11350,,,
우국리더스빌,2006,15009,2006,11,1,49.6,13,공릉동,757,11350,,,
우방,1999,14800,2006,11,1,59.74,10,하계동,353,11350,,,
우방아파트,2000,18900,2006,11,1,60.502,4,공릉동,108,11350,,,
우방아파트,2000,30000,2006,11,1,84.881,5,공릉동,108,11350,,,
우방아파트,2000,19000,2006,11,1,61.151,6,공릉동,108,11350,,,
월계로즈빌(387),2004,15500,2006,11,1,75.42,4,월계동,387,11350,,,
장미(시영6),1989,15000,2006,11,1,64.62,5,하계동,273,11350,,,
주공10,1995,21200,2006,11,1,58.14,4,중계동,360-16,11350,,,
주공2,1992,8700,2006,11,1,44.52,1,중계동,369,11350,,,
주공2,1992,8000,2006,11,1,44.52,15,중계동,369,11350,,,
주공2,1992,8000,2006,11,1,44.94,9,월계동,556,11350,,,
주공2,1992,13300,2006,11,1,59.97,6,월계동,556,11350,,,
주공2,1992,8500,2006,11,1,44.52,8,중계동,369,11350,,,
주공4,1991,16450,2006,11,1,59.39,7,중계동,358-2,11350,,,
주공4,1991,26000,2006,11,1,76.51,14,중계동,358-2,11350,,,
주공5,1992,26500,2006,11,1,76.51,1,중계동,359-1,11350,,,
주공5,1992,34200,2006,11,1,76.51,10,중계동,359-1,11350,,,
주공5,1992,8750,2006,11,1,44.94,1,중계동,359-1,11350,,,
주공6,1993,8500,2006,11,1,44.1,2,중계동,364-12,11350,,,
주공7,1993,8800,2006,11,1,44.1,12,중계동,363-1,11350,,,
주공7,1993,9500,2006,11,1,44.1,2,중계동,363-1,11350,,,
주공7,1993,9200,2006,11,1,44.1,14,중계동,363-1,11350,,,
중계3우성,1999,31500,2006,11,1,84.87,3,중계동,585,11350,,,
중계그린1단지,1990,15000,2006,11,1,59.22,9,중계동,502-1,11350,,,
중계그린1단지,1990,15000,2006,11,1,59.22,9,중계동,502-1,11350,,,
중계그린1단지,1990,11350,2006,11,1,49.85,4,중계동,502-1,11350,,,
중계그린1단지,1990,8500,2006,11,1,39.78,9,중계동,502-1,11350,,,
중계그린1단지,1990,10600,2006,11,1,49.5,8,중계동,502-1,11350,,,
중계그린1단지,1990,15000,2006,11,1,59.22,9,중계동,502-1,11350,,,
중계그린1단지,1990,11100,2006,11,1,49.85,15,중계동,502-1,11350,,,
중계그린1단지,1990,8200,2006,11,1,39.91,7,중계동,502-1,11350,,,
중계그린1단지,1990,10000,2006,11,1,49.5,5,중계동,502-1,11350,,,
중계그린1단지,1990,11000,2006,11,1,49.5,3,중계동,502-1,11350,,,
중계무지개,1991,11450,2006,11,1,49.54,3,중계동,512,11350,,,
중계무지개,1991,15620,2006,11,1,59.26,12,중계동,512,11350,,,
중계무지개,1991,8000,2006,11,1,39.96,2,중계동,512,11350,,,
중계무지개,1991,12250,2006,11,1,49.54,7,중계동,512,11350,,,
진주브라운,2004,13300,2006,11,1,78.93,4,공릉동,585-7,11350,,,
청백3,1998,10200,2006,11,1,49.77,4,월계동,780,11350,,,
청백4,1998,12600,2006,11,1,59.4,3,월계동,781,11350,,,
청솔(시영7),1989,7750,2006,11,1,39.92,11,하계동,274,11350,,,
청솔아파트8,2000,29000,2006,11,1,84.65,11,공릉동,91,11350,,,
청솔아파트8,2000,27000,2006,11,1,84.65,7,공릉동,91,11350,,,
청암1단지,2001,32800,2006,11,1,84.8,11,상계동,1275,11350,,,
청암1단지,2001,28200,2006,11,1,84.8,3,상계동,1275,11350,,,
코오롱,1997,15500,2006,11,1,59.94,9,상계동,1281,11350,,,
코오롱,1997,30000,2006,11,1,84.9,11,상계동,1281,11350,,,
태강아파트(아이파크),1999,15700,2006,11,1,59.38,7,공릉동,81,11350,,,
태릉우성아파트,1985,22000,2006,11,1,66.87,7,공릉동,254,11350,,,
풍림아파트A,2001,21000,2006,11,1,59.94,10,공릉동,725,11350,,,
하계1청구,1997,35850,2006,11,1,84.6,2,하계동,251,11350,,,
하계2현대,1997,32700,2006,11,1,84.896,1,하계동,288,11350,,,
하계2현대,1997,35800,2006,11,1,84.896,1,하계동,288,11350,,,
학여울청구,1999,15600,2006,11,1,59.4,5,하계동,354,11350,,,
학여울청구,1999,25600,2006,11,1,84.77,2,하계동,354,11350,,,
학여울청구,1999,28700,2006,11,1,84.77,18,하계동,354,11350,,,
한신월드,2005,22000,2006,11,1,84.38,2,중계동,68-1,11350,,,
한일2,2000,21000,2006,11,1,84.846,4,월계동,927,11350,,,
한진한화그랑빌,2002,20000,2006,11,1,59.94,23,월계동,18,11350,,,
한진한화그랑빌,2002,30500,2006,11,1,84.97,25,월계동,18,11350,,,
한진한화그랑빌,2002,20000,2006,11,1,59.94,4,월계동,18,11350,,,
한진한화그랑빌,2002,32000,2006,11,1,84.97,19,월계동,18,11350,,,
한화꿈에그린,2005,43000,2006,11,1,84.902,6,중계동,598,11350,,,
현대,2000,16000,2006,11,1,59.95,23,월계동,929,11350,,,
현대(6차),2018,30900,2006,11,1,84.98,5,중계동,34-5,11350,,,
현대2(4차),1993,30000,2006,11,1,84.78,7,중계동,578,11350,,,
현대2차,1993,20000,2006,11,1,82.68,10,상계동,1078,11350,,,
현대그린,1998,24000,2006,11,1,84.99,3,중계동,49,11350,,,
화랑타운아파트,2000,37000,2006,11,1,84.65,4,공릉동,111,11350,,,
LIG건영,1998,14000,2006,11,2,59.92,11,중계동,586,11350,,,
경남아너스빌,2002,28000,2006,11,2,79.098,11,중계동,597,11350,,,
경남아너스빌,2002,23500,2006,11,2,79.098,4,중계동,597,11350,,,
공릉해링턴플레이스,2000,48000,2006,11,2,99.917,12,공릉동,106,11350,,,
극동,1996,14800,2006,11,2,80.28,9,월계동,803-1,11350,,,
금호타운,1995,20000,2006,11,2,84.54,12,상계동,1270,11350,,,
금호타운,1995,22000,2006,11,2,84.39,12,상계동,1270,11350,,,
금호타운(583),1997,27400,2006,11,2,84.98,4,중계동,583,11350,,,
대망드림힐1,2003,20500,2006,11,2,67.239,4,상계동,1304,11350,,,
대명아파트,1989,16900,2006,11,2,62.04,2,공릉동,270-71,11350,,,
대창센시티,2002,23400,2006,11,2,84.8577,10,상계동,1302,11350,,,
대호,2000,13800,2006,11,2,59.98,12,중계동,591,11350,,,
동신,1983,18500,2006,11,2,71.83,11,월계동,436,11350,,,
동양엔파트,2003,30900,2006,11,2,84.88,1,상계동,1305,11350,,,
동일씨티빌,2006,14000,2006,11,2,62.04,3,상계동,1065-6,11350,,,
동진,1988,7400,2006,11,2,51.3,5,중계동,103,11350,,,
동진신안,1993,60000,2006,11,2,101.99,8,중계동,364,11350,,,
두산힐스빌아파트,2000,27000,2006,11,2,84.9,4,공릉동,747,11350,,,
롯데(505),1989,12000,2006,11,2,54.48,13,중계동,505,11350,,,
롯데(505),1989,11000,2006,11,2,54.48,15,중계동,505,11350,,,
롯데(505),1989,14200,2006,11,2,54.48,12,중계동,505,11350,,,
롯데(505),1989,22000,2006,11,2,72.49,2,중계동,505,11350,,,
롯데우성,1993,71000,2006,11,2,115.26,5,중계동,361-1,11350,,,
미도,1988,32400,2006,11,2,87.57,11,상계동,766-1,11350,,,
미륭,1986,16000,2006,11,2,51.48,10,월계동,13,11350,,,
미륭,1986,15500,2006,11,2,51.48,3,월계동,13,11350,,,
미성,1986,14000,2006,11,2,50.14,7,월계동,13,11350,,,
벽산,1988,13500,2006,11,2,57.71,3,하계동,271-3,11350,,,
벽산,1988,14500,2006,11,2,57.71,11,하계동,271-3,11350,,,
벽산,1989,8500,2006,11,2,43.35,10,상계동,173-1,11350,,,
보람아파트,1988,12500,2006,11,2,54.59,14,상계동,639,11350,,,
보람아파트,1988,26000,2006,11,2,79.25,1,상계동,639,11350,,,
보람아파트,1988,30000,2006,11,2,79.25,5,상계동,639,11350,,,
불암현대,1999,29000,2006,11,2,84.9,10,상계동,1293,11350,,,
불암현대,1999,16400,2006,11,2,59.4,10,상계동,1293,11350,,,
사슴3,1995,11500,2006,11,2,49.5,13,월계동,320-11,11350,,,
삼성,1999,17500,2006,11,2,59.9,16,중계동,593,11350,,,
삼익2차아파트,2004,15500,2006,11,2,54.74,15,공릉동,754,11350,,,
삼익포레스트아파트,1995,24400,2006,11,2,84.6,15,공릉동,737,11350,,,
삼익포레스트아파트,1995,30500,2006,11,2,114.88,2,공릉동,737,11350,,,
삼호3,1986,22000,2006,11,2,59.22,13,월계동,13,11350,,,
삼호3,1986,20000,2006,11,2,59.22,9,월계동,13,11350,,,
삼호4,1987,15000,2006,11,2,50.18,10,월계동,12,11350,,,
삼호4,1987,18500,2006,11,2,59.49,4,월계동,12,11350,,,
삼호4,1987,14500,2006,11,2,59.49,1,월계동,12,11350,,,
삼호4,1987,14500,2006,11,2,50.18,6,월계동,12,11350,,,
삼호4,1987,15000,2006,11,2,50.18,12,월계동,12,11350,,,
삼호4,1987,14500,2006,11,2,50.18,6,월계동,12,11350,,,
상계2차중앙하이츠,1998,43000,2006,11,2,134.97,1,상계동,1282,11350,,,
상계2차중앙하이츠,1998,26000,2006,11,2,84.6,25,상계동,1282,11350,,,
상계대림,1989,23400,2006,11,2,84.91,15,상계동,172,11350,,,
상계대림e편한세상,2002,23400,2006,11,2,83.87,16,상계동,1301,11350,,,
상계불암대림,2000,33500,2006,11,2,84.96,14,상계동,1289,11350,,,
상계우방유쉘,2000,27000,2006,11,2,84.94,17,상계동,1295,11350,,,
상계주공1(고층),1988,25000,2006,11,2,68.86,8,상계동,765,11350,,,
상계주공1(고층),1988,10700,2006,11,2,49.94,9,상계동,765,11350,,,
상계주공1(고층),1988,12600,2006,11,2,58.01,2,상계동,765,11350,,,
상계주공1(고층),1988,7700,2006,11,2,41.3,11,상계동,765,11350,,,
상계주공1(저층),1988,28886,2006,11,2,84.41,4,상계동,765,11350,,,
상계주공10(고층),1988,8800,2006,11,2,45.9,13,상계동,666,11350,,,
상계주공10(고층),1988,19800,2006,11,2,61.52,9,상계동,666,11350,,,
상계주공10(고층),1988,9000,2006,11,2,45.9,7,상계동,666,11350,,,
상계주공10(고층),1988,15000,2006,11,2,58.01,9,상계동,666,11350,,,
상계주공10(저층),1988,11670,2006,11,2,47.34,1,상계동,666,11350,,,
상계주공11(고층),1988,11250,2006,11,2,49.94,6,상계동,652,11350,,,
상계주공12(고층),1988,11000,2006,11,2,49.94,12,상계동,647,11350,,,
상계주공12(고층),1988,11500,2006,11,2,49.94,9,상계동,647,11350,,,
상계주공12(고층),1988,7350,2006,11,2,41.3,1,상계동,647,11350,,,
상계주공12(고층),1988,8050,2006,11,2,41.3,12,상계동,647,11350,,,
상계주공13(고층),1989,14800,2006,11,2,58.01,13,상계동,637,11350,,,
상계주공14(고층),1989,9000,2006,11,2,45.9,12,상계동,626,11350,,,
상계주공14(고층),1989,7900,2006,11,2,45.9,2,상계동,626,11350,,,
상계주공16(고층),1988,13750,2006,11,2,58.01,15,상계동,624,11350,,,
상계주공16(고층),1988,12800,2006,11,2,59.39,2,상계동,624,11350,,,
상계주공16(고층),1988,8600,2006,11,2,45.77,15,상계동,624,11350,,,
상계주공16(고층),1988,12830,2006,11,2,59.39,2,상계동,624,11350,,,
상계주공16(고층),1988,13420,2006,11,2,58.01,8,상계동,624,11350,,,
상계주공16(고층),1988,12000,2006,11,2,59.39,15,상계동,624,11350,,,
상계주공2(고층),1987,22520,2006,11,2,68.86,10,상계동,740,11350,,,
상계주공2(고층),1987,9400,2006,11,2,41.3,5,상계동,740,11350,,,
상계주공2(고층),1987,16000,2006,11,2,58.01,4,상계동,740,11350,,,
상계주공3(고층),1987,13500,2006,11,2,59.2,2,상계동,730-2,11350,,,
상계주공4(고층),1988,9800,2006,11,2,41.3,6,상계동,749-5,11350,,,
상계주공4(고층),1988,18500,2006,11,2,84.2,7,상계동,749-5,11350,,,
상계주공4(고층),1988,12800,2006,11,2,49.94,11,상계동,749-5,11350,,,
상계주공4(고층),1988,11900,2006,11,2,49.94,3,상계동,749-5,11350,,,
상계주공4(고층),1988,16200,2006,11,2,59.2,13,상계동,749-5,11350,,,
상계주공5(저층),1987,12500,2006,11,2,31.98,5,상계동,721,11350,,,
상계주공6(고층),1988,16000,2006,11,2,58.01,2,상계동,720,11350,,,
상계주공6(고층),1988,15300,2006,11,2,58.01,4,상계동,720,11350,,,
상계주공6(고층),1988,10200,2006,11,2,37.46,5,상계동,720,11350,,,
상계주공6(고층),1988,16700,2006,11,2,58.01,15,상계동,720,11350,,,
상계주공7(고층),1988,10150,2006,11,2,45.77,1,상계동,691,11350,,,
상계주공7(고층),1988,9500,2006,11,2,41.3,11,상계동,691,11350,,,
상계주공8(저층),1988,19000,2006,11,2,38.52,5,상계동,677,11350,,,
상계주공9(고층),1988,8850,2006,11,2,45.9,5,상계동,670,11350,,,
상계주공9(고층),1988,11000,2006,11,2,49.94,8,상계동,670,11350,,,
상아,1989,12000,2006,11,2,51.29,10,중계동,505,11350,,,
상아,1989,30000,2006,11,2,84.97,9,중계동,505,11350,,,
상아,1989,11950,2006,11,2,51.29,10,중계동,505,11350,,,
서광,1994,15750,2006,11,2,59.96,7,월계동,922,11350,,,
세양청마루,2005,24900,2006,11,2,84.957,7,월계동,943,11350,,,
세영아파트,2006,16000,2006,11,2,79.9,2,공릉동,576-11,11350,,,
시영3차(라이프)아파트,1994,8900,2006,11,2,39.6,13,공릉동,715,11350,,,
신도1차아파트,2002,28000,2006,11,2,81.2768,4,공릉동,748,11350,,,
신안,1999,33800,2006,11,2,84.93,1,중계동,590,11350,,,
양지마을(대림)1,1998,60000,2006,11,2,114.96,23,중계동,587,11350,,,
양지마을(대림)1,1998,40000,2006,11,2,84.9,17,중계동,587,11350,,,
은빛1단지,1998,15000,2006,11,2,59.95,13,상계동,1255,11350,,,
은빛1단지,1998,15000,2006,11,2,59.95,13,상계동,1255,11350,,,
은빛1단지,1998,15000,2006,11,2,59.95,14,상계동,1255,11350,,,
장미(시영6),1989,14200,2006,11,2,65.33,9,하계동,273,11350,,,
장미(시영6),1989,15000,2006,11,2,64.62,5,하계동,273,11350,,,
장미(시영6),1989,12400,2006,11,2,54.29,12,하계동,273,11350,,,
장미(시영6),1989,16500,2006,11,2,65.33,9,하계동,273,11350,,,
장미(시영6),1989,8900,2006,11,2,43.41,3,하계동,273,11350,,,
주공10,1995,16500,2006,11,2,58.14,1,중계동,360-16,11350,,,
주공10,1995,20200,2006,11,2,58.14,10,중계동,360-16,11350,,,
주공2,1992,7700,2006,11,2,44.52,1,중계동,369,11350,,,
주공2,1992,7612,2006,11,2,44.52,14,월계동,556,11350,,,
주공2,1992,12000,2006,11,2,58.65,2,월계동,556,11350,,,
주공2,1992,6500,2006,11,2,38.64,4,월계동,556,11350,,,
주공4,1991,16350,2006,11,2,59.39,14,중계동,358-2,11350,,,
주공4,1991,16550,2006,11,2,59.39,5,중계동,358-2,11350,,,
주공4,1991,15900,2006,11,2,59.39,11,중계동,358-2,11350,,,
주공4,1991,17050,2006,11,2,59.39,15,중계동,358-2,11350,,,
주공4,1991,11400,2006,11,2,45.77,5,중계동,358-2,11350,,,
주공4,1991,11000,2006,11,2,45.77,6,중계동,358-2,11350,,,
주공4,1991,11000,2006,11,2,45.77,6,중계동,358-2,11350,,,
주공5,1992,30550,2006,11,2,76.51,2,중계동,359-1,11350,,,
주공5,1992,9600,2006,11,2,44.52,8,중계동,359-1,11350,,,
주공5,1992,8900,2006,11,2,44.94,2,중계동,359-1,11350,,,
주공5,1992,32500,2006,11,2,76.51,14,중계동,359-1,11350,,,
주공5,1992,7900,2006,11,2,38.64,11,중계동,359-1,11350,,,
주공5,1992,7700,2006,11,2,38.64,10,중계동,359-1,11350,,,
주공6,1993,8600,2006,11,2,44.1,2,중계동,364-12,11350,,,
중계3벽산,1999,17500,2006,11,2,59.88,16,중계동,592,11350,,,
중계그린1단지,1990,8300,2006,11,2,39.91,11,중계동,502-1,11350,,,
중계그린1단지,1990,11270,2006,11,2,49.5,10,중계동,502-1,11350,,,
중계그린1단지,1990,12000,2006,11,2,49.5,3,중계동,502-1,11350,,,
중계그린1단지,1990,8200,2006,11,2,39.91,7,중계동,502-1,11350,,,
중계그린1단지,1990,13000,2006,11,2,59.87,11,중계동,502-1,11350,,,
중계무지개,1991,11320,2006,11,2,49.89,2,중계동,512,11350,,,
중계무지개,1991,8630,2006,11,2,39.96,9,중계동,512,11350,,,
중계무지개,1991,14670,2006,11,2,59.26,7,중계동,512,11350,,,
중계무지개,1991,11800,2006,11,2,49.54,5,중계동,512,11350,,,
중계현대2,1991,20000,2006,11,2,71.76,6,중계동,435-1,11350,,,
중계현대2,1991,22500,2006,11,2,84.34,2,중계동,435-1,11350,,,
중앙하이츠,1998,25900,2006,11,2,84.98,5,중계동,161-1,11350,,,
진로유통조합대림,1992,28000,2006,11,2,84.94,12,중계동,78,11350,,,
진주브라운,2004,13500,2006,11,2,84.41,2,공릉동,585-7,11350,,,
청구(366),1993,80000,2006,11,2,115.47,12,중계동,366,11350,,,
청구3,1996,44000,2006,11,2,84.77,6,중계동,360-2,11350,,,
청백4,1998,8000,2006,11,2,39.84,9,월계동,781,11350,,,
청솔(시영7),1989,14000,2006,11,2,59.22,15,하계동,274,11350,,,
청솔(시영7),1989,14500,2006,11,2,59.46,9,하계동,274,11350,,,
청솔아파트8,2000,27200,2006,11,2,84.65,8,공릉동,91,11350,,,
청솔아파트9,2000,28800,2006,11,2,84.9,3,공릉동,90,11350,,,
청암2단지,2001,16400,2006,11,2,59.4,8,상계동,1276,11350,,,
초안2,1997,12000,2006,11,2,59.85,13,월계동,924,11350,,,
태강아파트(아이파크),1999,11900,2006,11,2,49.6,7,공릉동,81,11350,,,
태강아파트(아이파크),1999,12000,2006,11,2,49.6,6,공릉동,81,11350,,,
태릉우성아파트,1985,19000,2006,11,2,66.87,2,공릉동,254,11350,,,
풍림아이원,2005,34500,2006,11,2,84.303,13,월계동,944,11350,,,
하계1청구,1997,40000,2006,11,2,84.6,8,하계동,251,11350,,,
학여울청구,1999,16000,2006,11,2,59.4,11,하계동,354,11350,,,
학여울청구,1999,33000,2006,11,2,84.77,15,하계동,354,11350,,,
학여울청구,1999,29800,2006,11,2,84.77,3,하계동,354,11350,,,
학여울청구,1999,30000,2006,11,2,84.77,12,하계동,354,11350,,,
한신2차,1988,23650,2006,11,2,84.92,6,상계동,451,11350,,,
한신4차,1995,22000,2006,11,2,84.84,5,상계동,995,11350,,,
한일1,1999,14000,2006,11,2,59.953,1,월계동,926,11350,,,
한일1,1999,31200,2006,11,2,114.96,14,월계동,926,11350,,,
한일유앤아이,2005,21250,2006,11,2,59.877,9,상계동,1309,11350,,,
한진한화그랑빌,2002,56000,2006,11,2,139.08,5,월계동,18,11350,,,
한진한화그랑빌,2002,29000,2006,11,2,84.97,27,월계동,18,11350,,,
한진한화그랑빌,2002,18900,2006,11,2,59.94,2,월계동,18,11350,,,
한화꿈에그린,2005,39000,2006,11,2,84.902,15,중계동,598,11350,,,
한화꿈에그린,2005,39800,2006,11,2,84.902,13,중계동,598,11350,,,
현대,1988,37000,2006,11,2,84.95,2,하계동,270,11350,,,
현대,2000,18000,2006,11,2,59.95,19,월계동,929,11350,,,
현대,1988,39850,2006,11,2,84.95,9,하계동,270,11350,,,
현대(6차),2018,17000,2006,11,2,59.84,13,중계동,34-5,11350,,,
현대2차,1993,10500,2006,11,2,82.68,2,상계동,1078,11350,,,
현대아파트,1984,39000,2006,11,2,86,4,공릉동,230,11350,,,
건영2,1991,20000,2006,11,3,75.02,1,중계동,515-2,11350,,,
건영3,1995,39500,2006,11,3,84.9,1,중계동,360-15,11350,,,
건영3,1995,36800,2006,11,3,84.9,1,중계동,360-15,11350,,,
경남,1989,11000,2006,11,3,50.97,2,중계동,505,11350,,,
공릉우성아파트,1995,29000,2006,11,3,109.4,6,공릉동,738,11350,,,
대우,1998,29000,2006,11,3,99.98,10,월계동,775,11350,,,
동아불암,1999,24000,2006,11,3,84.9,3,상계동,1285,11350,,,
동아불암,1999,24850,2006,11,3,84.9,12,상계동,1285,11350,,,
두산힐스빌아파트,2000,42000,2006,11,3,114.72,13,공릉동,747,11350,,,
미도,1988,31000,2006,11,3,87.57,5,상계동,766-1,11350,,,
미륭,1986,12500,2006,11,3,51.48,9,월계동,13,11350,,,
미성,1989,32800,2006,11,3,84.94,2,하계동,280,11350,,,
벽산,1989,12000,2006,11,3,59.9,8,상계동,173-1,11350,,,
벽산,1989,13500,2006,11,3,59.9,15,상계동,173-1,11350,,,
보람아파트,1988,21000,2006,11,3,68.99,15,상계동,639,11350,,,
보람아파트,1988,14100,2006,11,3,54.59,13,상계동,639,11350,,,
보람아파트,1988,22000,2006,11,3,68.99,7,상계동,639,11350,,,
불암현대,1999,15900,2006,11,3,59.4,8,상계동,1293,11350,,,
사슴3,1995,11500,2006,11,3,49.5,12,월계동,320-11,11350,,,
삼성,1999,17450,2006,11,3,59.9,9,중계동,593,11350,,,
삼성,1999,35000,2006,11,3,84.75,6,중계동,593,11350,,,
삼익선경,1993,74000,2006,11,3,134.19,15,하계동,255-1,11350,,,
삼익선경,1993,75000,2006,11,3,134.19,14,하계동,255-1,11350,,,
삼익포레스트아파트,1995,11600,2006,11,3,51.03,12,공릉동,737,11350,,,
삼호3,1986,20800,2006,11,3,59.22,3,월계동,13,11350,,,
삼호3,1986,21000,2006,11,3,59.22,3,월계동,13,11350,,,
삼호4,1987,12600,2006,11,3,50.18,1,월계동,12,11350,,,
상계1차중앙하이츠,1997,16300,2006,11,3,59.82,8,상계동,1279,11350,,,
상계2차중앙하이츠,1998,33000,2006,11,3,84.6,23,상계동,1282,11350,,,
상계2차중앙하이츠,1998,17000,2006,11,3,59.82,14,상계동,1282,11350,,,
상계주공1(고층),1988,9350,2006,11,3,41.3,6,상계동,765,11350,,,
상계주공1(고층),1988,15000,2006,11,3,58.01,11,상계동,765,11350,,,
상계주공1(고층),1988,14300,2006,11,3,58.01,13,상계동,765,11350,,,
상계주공10(고층),1988,13000,2006,11,3,49.94,12,상계동,666,11350,,,
상계주공10(고층),1988,24800,2006,11,3,66.56,10,상계동,666,11350,,,
상계주공10(고층),1988,8500,2006,11,3,45.9,11,상계동,666,11350,,,
상계주공10(고층),1988,8300,2006,11,3,45.9,2,상계동,666,11350,,,
상계주공10(저층),1988,11350,2006,11,3,47.34,4,상계동,666,11350,,,
상계주공11(고층),1988,30000,2006,11,3,79.07,11,상계동,652,11350,,,
상계주공12(고층),1988,8000,2006,11,3,41.3,2,상계동,647,11350,,,
상계주공14(고층),1989,11500,2006,11,3,49.94,2,상계동,626,11350,,,
상계주공14(고층),1989,8800,2006,11,3,45.9,8,상계동,626,11350,,,
상계주공16(고층),1988,7900,2006,11,3,45.77,1,상계동,624,11350,,,
상계주공2(고층),1987,18000,2006,11,3,68.86,1,상계동,740,11350,,,
상계주공2(저층),1987,11000,2006,11,3,46.04,1,상계동,740,11350,,,
상계주공3(고층),1987,8800,2006,11,3,41.3,2,상계동,730-2,11350,,,
상계주공3(저층),1987,28500,2006,11,3,84.41,5,상계동,737,11350,,,
상계주공4(고층),1988,13100,2006,11,3,49.94,11,상계동,749-5,11350,,,
상계주공4(고층),1988,12900,2006,11,3,49.94,4,상계동,749-5,11350,,,
상계주공4(고층),1988,13100,2006,11,3,49.94,11,상계동,749-5,11350,,,
상계주공4(고층),1988,13100,2006,11,3,49.94,11,상계동,749-5,11350,,,
상계주공4(고층),1988,9300,2006,11,3,41.3,4,상계동,749-5,11350,,,
상계주공5(저층),1987,13000,2006,11,3,31.98,3,상계동,721,11350,,,
상계주공6(고층),1988,20000,2006,11,3,58.01,13,상계동,720,11350,,,
상계주공6(고층),1988,15800,2006,11,3,59.2,1,상계동,720,11350,,,
상계주공6(고층),1988,17300,2006,11,3,58.01,14,상계동,720,11350,,,
상계주공6(고층),1988,10400,2006,11,3,41.3,13,상계동,720,11350,,,
상계주공7(고층),1988,11000,2006,11,3,45.55,3,상계동,691,11350,,,
상계주공7(고층),1988,11330,2006,11,3,45.9,14,상계동,691,11350,,,
상계주공7(고층),1988,9800,2006,11,3,45.55,7,상계동,691,11350,,,
상계주공7(고층),1988,13320,2006,11,3,49.94,10,상계동,691,11350,,,
상계주공8(저층),1988,14500,2006,11,3,31.95,5,상계동,677,11350,,,
상계주공8(저층),1988,22000,2006,11,3,38.52,3,상계동,677,11350,,,
상계주공8(저층),1988,18000,2006,11,3,38.52,5,상계동,677,11350,,,
상계주공9(고층),1988,8350,2006,11,3,45.9,9,상계동,670,11350,,,
상계주공9(고층),1988,11000,2006,11,3,49.94,1,상계동,670,11350,,,
상계주공9(고층),1988,11350,2006,11,3,49.94,13,상계동,670,11350,,,
상계주공9(고층),1988,8750,2006,11,3,45.9,8,상계동,670,11350,,,
상계주공9(고층),1988,8300,2006,11,3,45.9,7,상계동,670,11350,,,
상계주공9(고층),1988,11850,2006,11,3,49.94,11,상계동,670,11350,,,
상계주공9(고층),1988,8450,2006,11,3,41.3,14,상계동,670,11350,,,
상계현대3차,1999,21000,2006,11,3,84.96,4,상계동,1063,11350,,,
상록수2단지,2002,16500,2006,11,3,77.257,4,상계동,1297,11350,,,
상아,1989,25800,2006,11,3,72.73,12,중계동,505,11350,,,
서광,1994,19000,2006,11,3,84.61,3,월계동,922,11350,,,
성원1,1996,22000,2006,11,3,59.75,16,중계동,580,11350,,,
성원2,1995,12000,2006,11,3,56.97,6,중계동,581,11350,,,
성원상떼빌,1999,20900,2006,11,3,84.99,17,상계동,1283,11350,,,
수락산벨리체,2000,64500,2006,11,3,134.94,8,상계동,1265,11350,,,
수락산벨리체,2000,64500,2006,11,3,134.94,8,상계동,1265,11350,,,
수락파크빌,2001,53000,2006,11,3,114.82,5,상계동,1269,11350,,,
수락한신,1997,38500,2006,11,3,113.92,13,상계동,1277,11350,,,
신도1차아파트,2002,23000,2006,11,3,72.8129,2,공릉동,748,11350,,,
양지마을(대림)1,1998,63000,2006,11,3,114.96,12,중계동,587,11350,,,
염광,1996,16000,2006,11,3,59.34,5,중계동,445,11350,,,
염광,1996,50000,2006,11,3,131.25,9,중계동,445,11350,,,
우림루미아트1,2004,25500,2006,11,3,84.887,4,상계동,1306,11350,,,
우성,1988,60000,2006,11,3,127.22,6,하계동,270,11350,,,
월계역신도브래뉴,2005,26000,2006,11,3,84.5133,7,월계동,942,11350,,,
은빛1단지,1998,11200,2006,11,3,49.77,7,상계동,1255,11350,,,
은빛1단지,1998,12000,2006,11,3,49.77,7,상계동,1255,11350,,,
은빛1단지,1998,9500,2006,11,3,39.7,9,상계동,1255,11350,,,
은빛1단지,1998,8150,2006,11,3,39.69,4,상계동,1255,11350,,,
은빛1단지,1998,11400,2006,11,3,49.77,6,상계동,1255,11350,,,
장미(시영6),1989,12400,2006,11,3,54.29,11,하계동,273,11350,,,
장미(시영6),1989,13800,2006,11,3,64.62,2,하계동,273,11350,,,
주공2,1992,7800,2006,11,3,44.52,12,월계동,556,11350,,,
주공2,1992,7500,2006,11,3,44.52,3,월계동,556,11350,,,
주공4,1991,16900,2006,11,3,59.39,14,중계동,358-2,11350,,,
주공5,1992,33000,2006,11,3,84.79,1,중계동,359-1,11350,,,
주공5,1992,8400,2006,11,3,38.64,12,중계동,359-1,11350,,,
주공6,1993,8800,2006,11,3,44.1,3,중계동,364-12,11350,,,
중계그린1단지,1990,14500,2006,11,3,59.87,7,중계동,502-1,11350,,,
중계그린1단지,1990,8730,2006,11,3,39.78,8,중계동,502-1,11350,,,
중계그린1단지,1990,11900,2006,11,3,49.5,4,중계동,502-1,11350,,,
중계그린1단지,1990,8730,2006,11,3,39.78,8,중계동,502-1,11350,,,
중계그린1단지,1990,8100,2006,11,3,39.78,7,중계동,502-1,11350,,,
중계무지개,1991,20000,2006,11,3,59.26,15,중계동,512,11350,,,
중계무지개,1991,8400,2006,11,3,39.82,7,중계동,512,11350,,,
중계무지개,1991,14700,2006,11,3,59.26,11,중계동,512,11350,,,
중계무지개,1991,14500,2006,11,3,59.26,5,중계동,512,11350,,,
중앙하이츠,1998,27700,2006,11,3,84.85,12,중계동,161-1,11350,,,
중앙하이츠(5지역),1996,17900,2006,11,3,84.87,15,상계동,1068,11350,,,
진로유통조합대림,1992,16000,2006,11,3,59.04,6,중계동,78,11350,,,
청구(366),1993,73000,2006,11,3,115.47,3,중계동,366,11350,,,
청솔(시영7),1989,11000,2006,11,3,49.85,13,하계동,274,11350,,,
청솔(시영7),1989,14000,2006,11,3,59.46,13,하계동,274,11350,,,
청솔아파트8,2000,26300,2006,11,3,84.65,2,공릉동,91,11350,,,
청솔아파트8,2000,26800,2006,11,3,84.65,2,공릉동,91,11350,,,
청솔아파트9,2000,27000,2006,11,3,84.9,1,공릉동,90,11350,,,
청암1단지,2001,29500,2006,11,3,84.8,11,상계동,1275,11350,,,
청암3단지(582),2003,28015,2006,11,3,84.774,3,중계동,582,11350,,,
청암3단지(582),2003,31000,2006,11,3,84.438,4,중계동,582,11350,,,
코오롱,1997,22500,2006,11,3,73.17,16,상계동,1281,11350,,,
태강아파트(아이파크),1999,11900,2006,11,3,49.6,11,공릉동,81,11350,,,
태강아파트(아이파크),1999,12900,2006,11,3,49.6,11,공릉동,81,11350,,,
태강아파트(아이파크),1999,12900,2006,11,3,49.6,11,공릉동,81,11350,,,
태강아파트(아이파크),1999,12000,2006,11,3,49.6,7,공릉동,81,11350,,,
태강아파트(아이파크),1999,12000,2006,11,3,49.6,4,공릉동,81,11350,,,
태릉우성아파트,1985,24000,2006,11,3,66.87,2,공릉동,254,11350,,,
태릉우성아파트,1985,23500,2006,11,3,66.87,7,공릉동,254,11350,,,
하계1청구,1997,50200,2006,11,3,84.6,9,하계동,251,11350,,,
하계1청구,1997,49900,2006,11,3,84.6,13,하계동,251,11350,,,
하계2현대,1997,35000,2006,11,3,84.51,1,하계동,288,11350,,,
학여울청구,1999,35000,2006,11,3,84.77,14,하계동,354,11350,,,
한신2,1988,9000,2006,11,3,35.28,7,하계동,284,11350,,,
한신동성,1993,64500,2006,11,3,138.29,5,하계동,256-5,11350,,,
한신월드,2005,22000,2006,11,3,84.38,4,중계동,68-1,11350,,,
한신월드,2005,22000,2006,11,3,84.38,3,중계동,68-1,11350,,,
한진한화그랑빌,2002,53000,2006,11,3,139.08,28,월계동,18,11350,,,
한진한화그랑빌,2002,52000,2006,11,3,114.97,16,월계동,18,11350,,,
한진한화그랑빌,2002,29000,2006,11,3,84.97,2,월계동,18,11350,,,
한진한화그랑빌,2002,29000,2006,11,3,84.97,23,월계동,18,11350,,,
한진한화그랑빌,2002,21000,2006,11,3,59.94,7,월계동,18,11350,,,
한진한화그랑빌,2002,30500,2006,11,3,84.97,15,월계동,18,11350,,,
한화꿈에그린,2005,47000,2006,11,3,84.902,14,중계동,598,11350,,,
한화꿈에그린,2005,38000,2006,11,3,84.902,12,중계동,598,11350,,,
현대,1988,40000,2006,11,3,84.95,6,하계동,270,11350,,,
현대,2000,34000,2006,11,3,84.98,20,월계동,929,11350,,,
현대,2000,39000,2006,11,3,114.99,17,월계동,929,11350,,,
현대,2000,25900,2006,11,3,84.98,1,월계동,929,11350,,,
현대,2000,30000,2006,11,3,84.98,3,월계동,929,11350,,,
현대(3차),1992,28000,2006,11,3,84.35,10,중계동,576,11350,,,
현대(3차),1992,28000,2006,11,3,84.35,2,중계동,576,11350,,,
현대(6차),2018,14900,2006,11,3,59.84,1,중계동,34-5,11350,,,
현대(6차),2018,17000,2006,11,3,59.84,4,중계동,34-5,11350,,,
현대(고려)아파트,1999,14500,2006,11,3,59.28,1,공릉동,590-1,11350,,,
현대그린,1998,27000,2006,11,3,84.99,6,중계동,49,11350,,,
현대아파트,1984,29000,2006,11,3,62.27,5,공릉동,230,11350,,,
화랑타운아파트,2000,34000,2006,11,3,84.65,5,공릉동,111,11350,,,
화랑타운아파트,2000,37500,2006,11,3,84.65,4,공릉동,111,11350,,,
건영,1988,12800,2006,11,4,53.14,7,하계동,271-3,11350,,,
건영3,1995,36500,2006,11,4,84.9,3,중계동,360-15,11350,,,
건영3,1995,46500,2006,11,4,84.9,7,중계동,360-15,11350,,,
경남아너스빌,2002,30000,2006,11,4,84.9132,5,중계동,597,11350,,,
공릉2신도브래뉴아파트,2002,22700,2006,11,4,84.65,2,공릉동,749,11350,,,
공릉해링턴플레이스,2000,50000,2006,11,4,99.917,12,공릉동,106,11350,,,
공릉해링턴플레이스,2000,55000,2006,11,4,99.917,11,공릉동,106,11350,,,
극동의푸른별1차,2005,29200,2006,11,4,81.35,11,중계동,600,11350,,,
금호타운,1995,22400,2006,11,4,84.54,10,상계동,1270,11350,,,
금호타운(583),1997,24500,2006,11,4,84.98,1,중계동,583,11350,,,
금호타운(583),1997,28000,2006,11,4,84.98,9,중계동,583,11350,,,
금호타운(583),1997,32000,2006,11,4,84.98,11,중계동,583,11350,,,
노원우성,1992,22900,2006,11,4,84.88,4,상계동,1251,11350,,,
대주파크빌아파트,2003,21500,2006,11,4,81.12,6,공릉동,751,11350,,,
대창센시티,2002,21500,2006,11,4,84.8577,8,상계동,1302,11350,,,
대호,2000,20000,2006,11,4,84.93,10,중계동,591,11350,,,
동부아파트,1996,22700,2006,11,4,84.79,15,공릉동,705,11350,,,
동아불암,1999,29000,2006,11,4,84.9,18,상계동,1285,11350,,,
동아불암,1999,27800,2006,11,4,84.9,15,상계동,1285,11350,,,
동아하이빌아파트102동,2002,16000,2006,11,4,81.56,7,공릉동,609-57,11350,,,
두산힐스빌아파트,2000,19000,2006,11,4,60,15,공릉동,747,11350,,,
두산힐스빌아파트,2000,18100,2006,11,4,59.76,5,공릉동,747,11350,,,
라이프,1993,75500,2006,11,4,115.65,10,중계동,366,11350,,,
롯데(505),1989,14900,2006,11,4,54.48,13,중계동,505,11350,,,
미륭,1986,16000,2006,11,4,51.48,3,월계동,13,11350,,,
미성,1986,11600,2006,11,4,33.28,1,월계동,13,11350,,,
벽산,1989,18500,2006,11,4,75.03,3,상계동,173-1,11350,,,
벽산,1988,22700,2006,11,4,70.56,5,하계동,271-3,11350,,,
보람아파트,1988,8900,2006,11,4,44.33,6,상계동,639,11350,,,
보람아파트,1988,28000,2006,11,4,79.25,13,상계동,639,11350,,,
불암현대,1999,16000,2006,11,4,59.4,5,상계동,1293,11350,,,
비선아파트,1999,15800,2006,11,4,59.87,11,공릉동,109,11350,,,
사슴3,1995,7500,2006,11,4,39.6,6,월계동,320-11,11350,,,
사슴3,1995,11400,2006,11,4,49.5,4,월계동,320-11,11350,,,
삼성,1999,37000,2006,11,4,84.75,8,중계동,593,11350,,,
삼익선경,1993,65000,2006,11,4,134.19,2,하계동,255-1,11350,,,
삼익포레스트아파트,1995,8500,2006,11,4,51.03,2,공릉동,737,11350,,,
삼창타워주상프라자,1997,13100,2006,11,4,59.39,17,중계동,584-1,11350,,,
삼호4,1987,14200,2006,11,4,50.18,3,월계동,12,11350,,,
삼호4,1987,15000,2006,11,4,50.18,13,월계동,12,11350,,,
삼호4,1987,14400,2006,11,4,50.18,11,월계동,12,11350,,,
상계대림,1989,13000,2006,11,4,59.67,6,상계동,172,11350,,,
상계대림,1989,23500,2006,11,4,84.91,2,상계동,172,11350,,,
상계대림,1989,13000,2006,11,4,59.67,9,상계동,172,11350,,,
상계대림e편한세상,2002,26000,2006,11,4,83.87,10,상계동,1301,11350,,,
상계주공1(고층),1988,21500,2006,11,4,68.86,6,상계동,765,11350,,,
상계주공1(고층),1988,15850,2006,11,4,58.01,10,상계동,765,11350,,,
상계주공1(고층),1988,9850,2006,11,4,41.3,4,상계동,765,11350,,,
상계주공1(고층),1988,12500,2006,11,4,60.5,2,상계동,765,11350,,,
상계주공1(저층),1988,15000,2006,11,4,62.17,1,상계동,765,11350,,,
상계주공10(고층),1988,12000,2006,11,4,49.94,9,상계동,666,11350,,,
상계주공10(고층),1988,16200,2006,11,4,58.01,6,상계동,666,11350,,,
상계주공11(고층),1988,12900,2006,11,4,49.94,8,상계동,652,11350,,,
상계주공11(고층),1988,14820,2006,11,4,59.28,7,상계동,652,11350,,,
상계주공11(고층),1988,13600,2006,11,4,60.5,10,상계동,652,11350,,,
상계주공12(고층),1988,8400,2006,11,4,41.3,2,상계동,647,11350,,,
상계주공12(고층),1988,8000,2006,11,4,41.3,10,상계동,647,11350,,,
상계주공12(고층),1988,12400,2006,11,4,49.94,3,상계동,647,11350,,,
상계주공12(고층),1988,12850,2006,11,4,49.94,14,상계동,647,11350,,,
상계주공12(고층),1988,14000,2006,11,4,61.52,1,상계동,647,11350,,,
상계주공13(고층),1989,7700,2006,11,4,45.9,2,상계동,637,11350,,,
상계주공13(고층),1989,8200,2006,11,4,41.3,12,상계동,637,11350,,,
상계주공16(고층),1988,14100,2006,11,4,59.39,6,상계동,624,11350,,,
상계주공16(고층),1988,14000,2006,11,4,59.39,5,상계동,624,11350,,,
상계주공16(고층),1988,12500,2006,11,4,58.01,1,상계동,624,11350,,,
상계주공16(고층),1988,9000,2006,11,4,45.77,4,상계동,624,11350,,,
상계주공16(고층),1988,13500,2006,11,4,59.39,2,상계동,624,11350,,,
상계주공16(고층),1988,8750,2006,11,4,45.77,6,상계동,624,11350,,,
상계주공16(고층),1988,12630,2006,11,4,59.39,10,상계동,624,11350,,,
상계주공16(고층),1988,8500,2006,11,4,45.77,6,상계동,624,11350,,,
상계주공16(고층),1988,12800,2006,11,4,59.39,6,상계동,624,11350,,,
상계주공2(고층),1987,13800,2006,11,4,58.01,1,상계동,740,11350,,,
상계주공2(고층),1987,8800,2006,11,4,37.46,4,상계동,740,11350,,,
상계주공2(고층),1987,9750,2006,11,4,41.3,13,상계동,740,11350,,,
상계주공2(고층),1987,15380,2006,11,4,58.01,12,상계동,740,11350,,,
상계주공2(저층),1987,17500,2006,11,4,62.17,1,상계동,740,11350,,,
상계주공3(고층),1987,18500,2006,11,4,59.28,12,상계동,730-2,11350,,,
상계주공3(고층),1987,10370,2006,11,4,41.3,7,상계동,730-2,11350,,,
상계주공4(고층),1988,10300,2006,11,4,41.3,14,상계동,749-5,11350,,,
상계주공4(고층),1988,10330,2006,11,4,41.3,7,상계동,749-5,11350,,,
상계주공4(고층),1988,12830,2006,11,4,49.94,13,상계동,749-5,11350,,,
상계주공4(고층),1988,13800,2006,11,4,49.94,11,상계동,749-5,11350,,,
상계주공4(고층),1988,12350,2006,11,4,49.94,4,상계동,749-5,11350,,,
상계주공4(고층),1988,13000,2006,11,4,59.2,3,상계동,749-5,11350,,,
상계주공4(고층),1988,13000,2006,11,4,49.94,9,상계동,749-5,11350,,,
상계주공4(고층),1988,17000,2006,11,4,59.2,6,상계동,749-5,11350,,,
상계주공5(저층),1987,13500,2006,11,4,31.98,5,상계동,721,11350,,,
상계주공6(고층),1988,17600,2006,11,4,58.01,5,상계동,720,11350,,,
상계주공6(고층),1988,19950,2006,11,4,59.28,5,상계동,720,11350,,,
상계주공6(고층),1988,16000,2006,11,4,58.01,15,상계동,720,11350,,,
상계주공6(고층),1988,15300,2006,11,4,58.01,2,상계동,720,11350,,,
상계주공6(고층),1988,19900,2006,11,4,59.28,14,상계동,720,11350,,,
상계주공6(고층),1988,16000,2006,11,4,58.01,10,상계동,720,11350,,,
상계주공6(고층),1988,7500,2006,11,4,32.39,11,상계동,720,11350,,,
상계주공7(고층),1988,9900,2006,11,4,45.9,4,상계동,691,11350,,,
상계주공7(고층),1988,9000,2006,11,4,45.9,1,상계동,691,11350,,,
상계주공7(고층),1988,13250,2006,11,4,49.94,6,상계동,691,11350,,,
상계주공8(저층),1988,28000,2006,11,4,47.25,1,상계동,677,11350,,,
상계주공9(고층),1988,8550,2006,11,4,45.9,14,상계동,670,11350,,,
상계주공9(고층),1988,11750,2006,11,4,49.94,2,상계동,670,11350,,,
상계주공9(고층),1988,8800,2006,11,4,45.9,12,상계동,670,11350,,,
상계주공9(고층),1988,12750,2006,11,4,49.94,4,상계동,670,11350,,,
상아,1989,11500,2006,11,4,51.29,10,중계동,505,11350,,,
성원(사슴4),1995,14600,2006,11,4,59.94,9,월계동,322-1,11350,,,
성원(사슴4),1995,11500,2006,11,4,49.92,13,월계동,322-1,11350,,,
수락산벨리체,2000,44300,2006,11,4,114.92,2,상계동,1265,11350,,,
수락산벨리체,2000,61000,2006,11,4,134.94,6,상계동,1265,11350,,,
신동아(366),1993,65000,2006,11,4,101.94,8,중계동,366,11350,,,
신안,1999,19500,2006,11,4,59.97,3,중계동,590,11350,,,
양지마을(대림)2,1999,20000,2006,11,4,59.4,17,중계동,588,11350,,,
양지마을(대림)2,1999,59300,2006,11,4,114.81,6,중계동,588,11350,,,
염광,1996,48500,2006,11,4,123.41,18,중계동,445,11350,,,
우방,1999,30000,2006,11,4,83.12,9,하계동,353,11350,,,
우방아파트,2000,19000,2006,11,4,60.502,2,공릉동,108,11350,,,
우방아파트,2000,18800,2006,11,4,60.502,10,공릉동,108,11350,,,
우방아파트,2000,26500,2006,11,4,84.881,2,공릉동,108,11350,,,
우성,1988,59700,2006,11,4,127.22,5,하계동,270,11350,,,
월계흥화브라운빌,2004,21600,2006,11,4,84.91,3,월계동,939,11350,,,
은빛1단지,1998,15700,2006,11,4,59.95,12,상계동,1255,11350,,,
은빛1단지,1998,11500,2006,11,4,49.77,8,상계동,1255,11350,,,
은빛1단지,1998,14700,2006,11,4,59.95,11,상계동,1255,11350,,,
은빛2단지,1998,13400,2006,11,4,59.95,4,상계동,1256,11350,,,
임광,1989,50000,2006,11,4,106.25,14,상계동,694,11350,,,
장미(시영6),1989,11900,2006,11,4,54.29,10,하계동,273,11350,,,
장미(시영6),1989,11500,2006,11,4,54.02,1,하계동,273,11350,,,
장미(시영6),1989,12000,2006,11,4,54.29,9,하계동,273,11350,,,
장은하이빌,2002,21250,2006,11,4,81.8788,2,월계동,931,11350,,,
주공10,1995,19200,2006,11,4,58.14,3,중계동,360-16,11350,,,
주공2,1992,12000,2006,11,4,58.65,2,월계동,556,11350,,,
주공2,1992,8750,2006,11,4,44.52,12,중계동,369,11350,,,
주공2,1992,8300,2006,11,4,44.52,15,중계동,369,11350,,,
주공2,1992,8050,2006,11,4,44.52,15,중계동,369,11350,,,
주공2,1992,8600,2006,11,4,44.52,5,중계동,369,11350,,,
주공2,1992,13200,2006,11,4,59.97,2,월계동,556,11350,,,
주공4,1991,10500,2006,11,4,45.77,10,중계동,358-2,11350,,,
주공5,1992,20000,2006,11,4,58.46,5,중계동,359-1,11350,,,
주공5,1992,10200,2006,11,4,44.52,13,중계동,359-1,11350,,,
주공5,1992,10200,2006,11,4,44.94,11,중계동,359-1,11350,,,
주공5,1992,33950,2006,11,4,84.79,1,중계동,359-1,11350,,,
주공5,1992,8200,2006,11,4,38.64,14,중계동,359-1,11350,,,
주공5,1992,20300,2006,11,4,58.46,5,중계동,359-1,11350,,,
주공6,1993,8400,2006,11,4,44.1,15,중계동,364-12,11350,,,
주공7,1993,8700,2006,11,4,44.1,14,중계동,363-1,11350,,,
주공8,1993,14900,2006,11,4,49.72,6,중계동,362-1,11350,,,
주공8,1993,14600,2006,11,4,49.72,10,중계동,362-1,11350,,,
중계3벽산,1999,45500,2006,11,4,114.87,3,중계동,592,11350,,,
중계그린1단지,1990,11700,2006,11,4,49.5,4,중계동,502-1,11350,,,
중계그린1단지,1990,8200,2006,11,4,39.78,3,중계동,502-1,11350,,,
중계그린1단지,1990,8000,2006,11,4,39.91,12,중계동,502-1,11350,,,
중계그린1단지,1990,13500,2006,11,4,59.87,3,중계동,502-1,11350,,,
중계그린1단지,1990,8300,2006,11,4,39.91,4,중계동,502-1,11350,,,
중계그린1단지,1990,8000,2006,11,4,39.78,12,중계동,502-1,11350,,,
중계그린1단지,1990,14000,2006,11,4,59.46,6,중계동,502-1,11350,,,
중계무지개,1991,16600,2006,11,4,59.26,9,중계동,512,11350,,,
중계무지개,1991,16000,2006,11,4,59.26,10,중계동,512,11350,,,
중계무지개,1991,8300,2006,11,4,39.96,3,중계동,512,11350,,,
중계현대2,1991,25300,2006,11,4,84.34,9,중계동,435-1,11350,,,
중앙하이츠,1998,27000,2006,11,4,84.71,18,중계동,161-1,11350,,,
진로유통조합대림,1992,24000,2006,11,4,84.94,11,중계동,78,11350,,,
진로유통조합대림,1992,26000,2006,11,4,84.94,11,중계동,78,11350,,,
청구3,1996,51100,2006,11,4,84.77,10,중계동,360-2,11350,,,
청백3,1998,12900,2006,11,4,59.4,5,월계동,780,11350,,,
청백4,1998,13450,2006,11,4,59.4,9,월계동,781,11350,,,
청솔아파트8,2000,28300,2006,11,4,84.65,4,공릉동,91,11350,,,
청암1단지,2001,32200,2006,11,4,84.8,15,상계동,1275,11350,,,
청암3단지(582),2003,27500,2006,11,4,84.774,3,중계동,582,11350,,,
초안1,1998,9500,2006,11,4,49.6,11,월계동,923,11350,,,
코오롱,1997,28000,2006,11,4,84.9,11,상계동,1281,11350,,,
코오롱,1997,15450,2006,11,4,59.94,14,상계동,1281,11350,,,
코오롱,1997,15000,2006,11,4,59.94,3,상계동,1281,11350,,,
코오롱,1997,15400,2006,11,4,59.94,9,상계동,1281,11350,,,
태강아파트(아이파크),1999,11400,2006,11,4,49.6,3,공릉동,81,11350,,,
태강아파트(아이파크),1999,18000,2006,11,4,59.34,8,공릉동,81,11350,,,
학여울청구,1999,29800,2006,11,4,84.77,3,하계동,354,11350,,,
학여울청구,1999,45000,2006,11,4,113.51,17,하계동,354,11350,,,
학여울청구,1999,16000,2006,11,4,59.4,3,하계동,354,11350,,,
한양,1988,32000,2006,11,4,86.62,4,상계동,757,11350,,,
한일2,2000,21500,2006,11,4,84.846,2,월계동,927,11350,,,
한진한화그랑빌,2002,30900,2006,11,4,84.97,5,월계동,18,11350,,,
한진한화그랑빌,2002,22300,2006,11,4,59.94,8,월계동,18,11350,,,
현대,2000,16300,2006,11,4,59.95,7,월계동,929,11350,,,
현대,2000,14900,2006,11,4,59.95,12,월계동,929,11350,,,
현대,2000,18000,2006,11,4,59.95,18,월계동,929,11350,,,
현대,2000,36000,2006,11,4,114.99,2,월계동,929,11350,,,
현대(6차),2018,32000,2006,11,4,84.98,9,중계동,34-5,11350,,,
현대2차,1993,19500,2006,11,4,83.45,2,상계동,1078,11350,,,
현대2차,1993,15850,2006,11,4,69.26,14,상계동,1078,11350,,,
화랑타운아파트,2000,38500,2006,11,4,84.65,9,공릉동,111,11350,,,
건영,1988,20600,2006,11,5,65.43,3,하계동,271-3,11350,,,
공릉해링턴플레이스,2000,50000,2006,11,5,99.917,7,공릉동,106,11350,,,
금호타운,1995,20900,2006,11,5,84.54,6,상계동,1270,11350,,,
금호타운(583),1997,16450,2006,11,5,59.52,9,중계동,583,11350,,,
대주파크빌아파트,2003,23500,2006,11,5,81.12,8,공릉동,751,11350,,,
동양엔파트,2003,38500,2006,11,5,84.88,8,상계동,1305,11350,,,
삼호4,1987,14000,2006,11,5,50.18,11,월계동,12,11350,,,
상계대림e편한세상,2002,16000,2006,11,5,55.77,14,상계동,1301,11350,,,
상계주공11(고층),1988,13500,2006,11,5,59.2,5,상계동,652,11350,,,
상계주공12(고층),1988,13500,2006,11,5,61.52,1,상계동,647,11350,,,
상계주공16(고층),1988,13400,2006,11,5,59.39,2,상계동,624,11350,,,
상계주공2(고층),1987,13500,2006,11,5,60.5,8,상계동,740,11350,,,
상계주공5(저층),1987,14000,2006,11,5,31.98,1,상계동,721,11350,,,
상계주공9(고층),1988,12350,2006,11,5,49.94,6,상계동,670,11350,,,
신도1차아파트,2002,23000,2006,11,5,72.8129,4,공릉동,748,11350,,,
양우,2002,27000,2006,11,5,79.4198,22,상계동,1299,11350,,,
월계흥화브라운빌,2004,17700,2006,11,5,59.79,8,월계동,939,11350,,,
은빛1단지,1998,15100,2006,11,5,59.95,4,상계동,1255,11350,,,
은빛1단지,1998,15500,2006,11,5,59.95,6,상계동,1255,11350,,,
은빛2단지,1998,15900,2006,11,5,59.95,8,상계동,1256,11350,,,
장미(시영6),1989,8300,2006,11,5,43.56,7,하계동,273,11350,,,
주공2,1992,13450,2006,11,5,59.97,14,월계동,556,11350,,,
주공2,1992,7750,2006,11,5,44.52,8,월계동,556,11350,,,
주공2,1992,12500,2006,11,5,58.65,15,월계동,556,11350,,,
주공4,1991,11020,2006,11,5,45.77,3,중계동,358-2,11350,,,
중계그린1단지,1990,14400,2006,11,5,59.22,13,중계동,502-1,11350,,,
중계무지개,1991,11900,2006,11,5,49.54,8,중계동,512,11350,,,
청암3단지(582),2003,25000,2006,11,5,84.438,1,중계동,582,11350,,,
초안2,1997,12900,2006,11,5,59.85,14,월계동,924,11350,,,
화랑타운아파트,2000,38500,2006,11,5,84.65,8,공릉동,111,11350,,,
화랑해링턴플레이스아파트,1999,26000,2006,11,5,84.75,3,공릉동,746,11350,,,
효성아파트,1995,27500,2006,11,5,73.18,4,공릉동,742,11350,,,
건영,1988,13900,2006,11,6,53.14,8,하계동,271-3,11350,,,
건영,1988,12450,2006,11,6,53.14,3,하계동,271-3,11350,,,
건영3,1995,45000,2006,11,6,84.9,15,중계동,360-15,11350,,,
공릉우성아파트,1995,14500,2006,11,6,59.01,7,공릉동,738,11350,,,
극동,1996,14900,2006,11,6,80.28,7,월계동,803-1,11350,,,
극동,1988,28700,2006,11,6,84.91,1,하계동,271-3,11350,,,
극동,1996,15000,2006,11,6,80.28,11,월계동,803-1,11350,,,
극동늘푸른,2000,16000,2006,11,6,59.958,9,상계동,1128,11350,,,
금호타운(583),1997,33500,2006,11,6,84.98,11,중계동,583,11350,,,
금호타운(583),1997,17000,2006,11,6,59.52,15,중계동,583,11350,,,
금호타운(583),1997,32000,2006,11,6,84.98,6,중계동,583,11350,,,
대동,1997,20000,2006,11,6,84.85,2,월계동,925,11350,,,
대동,1997,15000,2006,11,6,59.76,8,월계동,925,11350,,,
동신,1983,26900,2006,11,6,93.38,2,월계동,436,11350,,,
두산,1994,13900,2006,11,6,58.65,13,상계동,1110,11350,,,
두산,1994,13500,2006,11,6,58.65,12,상계동,1110,11350,,,
두산힐스빌아파트,2000,18400,2006,11,6,59.76,12,공릉동,747,11350,,,
두산힐스빌아파트,2000,22200,2006,11,6,84.9,1,공릉동,747,11350,,,
미륭,1986,15800,2006,11,6,51.48,1,월계동,13,11350,,,
미륭,1986,16500,2006,11,6,51.48,3,월계동,13,11350,,,
미성,1986,16000,2006,11,6,50.14,12,월계동,13,11350,,,
미성,1986,16500,2006,11,6,50.14,5,월계동,13,11350,,,
벽산,1988,35500,2006,11,6,84.85,14,하계동,271-3,11350,,,
벽산,1989,14000,2006,11,6,59.9,4,상계동,173-1,11350,,,
보람아파트,1988,21000,2006,11,6,68.99,3,상계동,639,11350,,,
보람아파트,1988,9000,2006,11,6,44.33,4,상계동,639,11350,,,
비선아파트,1999,13900,2006,11,6,48.6,15,공릉동,109,11350,,,
사슴3,1995,11450,2006,11,6,49.5,5,월계동,320-11,11350,,,
삼성,1999,47000,2006,11,6,114.49,4,중계동,593,11350,,,
삼성,1999,44000,2006,11,6,114.49,1,중계동,593,11350,,,
삼익2차아파트,2004,15200,2006,11,6,54.74,11,공릉동,754,11350,,,
삼익선경,1993,58000,2006,11,6,107.95,3,하계동,255-1,11350,,,
삼호3,1986,21000,2006,11,6,59.22,10,월계동,13,11350,,,
상계1차중앙하이츠,1997,53900,2006,11,6,134.97,5,상계동,1279,11350,,,
상계1차중앙하이츠,1997,16800,2006,11,6,59.82,12,상계동,1279,11350,,,
상계1차현대아파트,1993,18700,2006,11,6,82.94,8,상계동,1055,11350,,,
상계2차중앙하이츠,1998,31200,2006,11,6,84.6,16,상계동,1282,11350,,,
상계2차중앙하이츠,1998,15900,2006,11,6,59.82,20,상계동,1282,11350,,,
상계대림,1989,13900,2006,11,6,59.67,13,상계동,172,11350,,,
상계대림e편한세상,2002,34800,2006,11,6,114.34,8,상계동,1301,11350,,,
상계주공1(고층),1988,8000,2006,11,6,41.3,6,상계동,765,11350,,,
상계주공1(고층),1988,10700,2006,11,6,49.94,11,상계동,765,11350,,,
상계주공1(고층),1988,16100,2006,11,6,58.01,10,상계동,765,11350,,,
상계주공1(고층),1988,10850,2006,11,6,49.94,13,상계동,765,11350,,,
상계주공10(고층),1988,15550,2006,11,6,58.01,4,상계동,666,11350,,,
상계주공11(고층),1988,13000,2006,11,6,49.94,4,상계동,652,11350,,,
상계주공11(고층),1988,30000,2006,11,6,79.07,14,상계동,652,11350,,,
상계주공11(고층),1988,8500,2006,11,6,41.3,10,상계동,652,11350,,,
상계주공11(고층),1988,11000,2006,11,6,49.94,1,상계동,652,11350,,,
상계주공12(고층),1988,8360,2006,11,6,41.3,4,상계동,647,11350,,,
상계주공12(고층),1988,8000,2006,11,6,41.3,11,상계동,647,11350,,,
상계주공12(고층),1988,8400,2006,11,6,41.3,8,상계동,647,11350,,,
상계주공12(고층),1988,9500,2006,11,6,41.3,4,상계동,647,11350,,,
상계주공12(고층),1988,8200,2006,11,6,41.3,6,상계동,647,11350,,,
상계주공13(고층),1989,8450,2006,11,6,45.9,14,상계동,637,11350,,,
상계주공14(고층),1989,13355,2006,11,6,49.94,8,상계동,626,11350,,,
상계주공14(고층),1989,8900,2006,11,6,41.3,5,상계동,626,11350,,,
상계주공16(고층),1988,13500,2006,11,6,59.39,12,상계동,624,11350,,,
상계주공16(고층),1988,8000,2006,11,6,45.77,8,상계동,624,11350,,,
상계주공2(고층),1987,7450,2006,11,6,32.39,6,상계동,740,11350,,,
상계주공2(고층),1987,7450,2006,11,6,32.39,8,상계동,740,11350,,,
상계주공2(고층),1987,8500,2006,11,6,37.46,9,상계동,740,11350,,,
상계주공2(고층),1987,9700,2006,11,6,41.3,9,상계동,740,11350,,,
상계주공2(저층),1987,11500,2006,11,6,46.04,4,상계동,740,11350,,,
상계주공3(고층),1987,16000,2006,11,6,59.39,12,상계동,730-2,11350,,,
상계주공3(고층),1987,8000,2006,11,6,32.39,13,상계동,730-2,11350,,,
상계주공3(고층),1987,15300,2006,11,6,59.2,3,상계동,730-2,11350,,,
상계주공4(고층),1988,10000,2006,11,6,41.3,2,상계동,749-5,11350,,,
상계주공4(고층),1988,10000,2006,11,6,41.3,2,상계동,749-5,11350,,,
상계주공5(저층),1987,14000,2006,11,6,31.98,2,상계동,721,11350,,,
상계주공5(저층),1987,14000,2006,11,6,31.98,1,상계동,721,11350,,,
상계주공5(저층),1987,14000,2006,11,6,31.98,3,상계동,721,11350,,,
상계주공6(고층),1988,16980,2006,11,6,59.39,3,상계동,720,11350,,,
상계주공6(고층),1988,15000,2006,11,6,58.01,8,상계동,720,11350,,,
상계주공6(고층),1988,16500,2006,11,6,58.01,4,상계동,720,11350,,,
상계주공6(고층),1988,16550,2006,11,6,58.01,1,상계동,720,11350,,,
상계주공6(고층),1988,16900,2006,11,6,58.01,3,상계동,720,11350,,,
상계주공7(고층),1988,10070,2006,11,6,41.3,14,상계동,691,11350,,,
상계주공7(고층),1988,14000,2006,11,6,49.94,6,상계동,691,11350,,,
상계주공7(고층),1988,9800,2006,11,6,45.9,15,상계동,691,11350,,,
상계주공7(고층),1988,14500,2006,11,6,58.01,9,상계동,691,11350,,,
상계주공7(고층),1988,10000,2006,11,6,45.9,9,상계동,691,11350,,,
상계주공7(고층),1988,9500,2006,11,6,41.3,15,상계동,691,11350,,,
상계주공8(저층),1988,14000,2006,11,6,31.95,1,상계동,677,11350,,,
상계주공8(저층),1988,22000,2006,11,6,38.52,3,상계동,677,11350,,,
상계주공8(저층),1988,22000,2006,11,6,38.52,2,상계동,677,11350,,,
상계주공9(고층),1988,14000,2006,11,6,49.94,6,상계동,670,11350,,,
상계주공9(고층),1988,7450,2006,11,6,41.3,15,상계동,670,11350,,,
상계현대3차,1999,23000,2006,11,6,84.96,6,상계동,1063,11350,,,
상아,1989,39000,2006,11,6,114.57,5,중계동,505,11350,,,
서광,1994,18000,2006,11,6,84.61,2,월계동,922,11350,,,
성원(사슴4),1995,11300,2006,11,6,59.94,15,월계동,322-1,11350,,,
성원1,1996,62000,2006,11,6,134.78,7,중계동,580,11350,,,
세양청마루,2005,25500,2006,11,6,84.957,11,월계동,943,11350,,,
수락산벨리체,2000,60800,2006,11,6,134.94,10,상계동,1265,11350,,,
신도1차아파트,2002,24500,2006,11,6,72.8129,12,공릉동,748,11350,,,
양우,2002,28950,2006,11,6,79.4198,11,상계동,1299,11350,,,
양지마을(대림)1,1998,19500,2006,11,6,59.88,2,중계동,587,11350,,,
염광,1996,17000,2006,11,6,59.34,13,중계동,445,11350,,,
염광,1996,49300,2006,11,6,131.25,8,중계동,445,11350,,,
우남그랜드,2001,24700,2006,11,6,84.73,7,월계동,930,11350,,,
우림루미아트201동,2004,27500,2006,11,6,84.569,5,상계동,1307,11350,,,
우방,1999,29700,2006,11,6,83.12,4,하계동,353,11350,,,
우방아파트,2000,21200,2006,11,6,60.502,6,공릉동,108,11350,,,
우방아파트,2000,20000,2006,11,6,61.151,7,공릉동,108,11350,,,
월계역신도브래뉴,2005,24500,2006,11,6,84.5133,1,월계동,942,11350,,,
은빛1단지,1998,14100,2006,11,6,59.95,2,상계동,1255,11350,,,
은빛2단지,1998,14950,2006,11,6,59.95,15,상계동,1256,11350,,,
은빛2단지,1998,10500,2006,11,6,49.77,1,상계동,1256,11350,,,
장미(시영6),1989,11500,2006,11,6,54.02,9,하계동,273,11350,,,
장미(시영6),1989,11000,2006,11,6,54.02,12,하계동,273,11350,,,
장미(시영6),1989,7900,2006,11,6,43.56,3,하계동,273,11350,,,
주공10,1995,19000,2006,11,6,58.14,1,중계동,360-16,11350,,,
주공10,1995,19200,2006,11,6,58.14,2,중계동,360-16,11350,,,
주공10,1995,17700,2006,11,6,58.14,1,중계동,360-16,11350,,,
주공2,1992,13000,2006,11,6,59.97,3,월계동,556,11350,,,
주공2,1992,6600,2006,11,6,38.64,11,월계동,556,11350,,,
주공2,1992,6500,2006,11,6,38.64,2,월계동,556,11350,,,
주공4,1991,40000,2006,11,6,84.79,14,중계동,358-2,11350,,,
주공5,1992,8500,2006,11,6,38.64,3,중계동,359-1,11350,,,
주공5,1992,34800,2006,11,6,76.51,4,중계동,359-1,11350,,,
주공5,1992,35000,2006,11,6,76.51,11,중계동,359-1,11350,,,
주공5,1992,18600,2006,11,6,58.46,2,중계동,359-1,11350,,,
주공5,1992,20000,2006,11,6,58.46,11,중계동,359-1,11350,,,
주공5,1992,7700,2006,11,6,38.64,2,중계동,359-1,11350,,,
주공5,1992,8700,2006,11,6,38.64,11,중계동,359-1,11350,,,
주공6,1993,9200,2006,11,6,44.1,10,중계동,364-12,11350,,,
주공7,1993,8400,2006,11,6,44.1,2,중계동,363-1,11350,,,
중계3벽산,1999,35700,2006,11,6,85,11,중계동,592,11350,,,
중계3벽산,1999,18000,2006,11,6,59.88,9,중계동,592,11350,,,
중계그린1단지,1990,7900,2006,11,6,39.92,3,중계동,502-1,11350,,,
중계그린1단지,1990,12500,2006,11,6,49.5,5,중계동,502-1,11350,,,
중계그린1단지,1990,10900,2006,11,6,49.5,6,중계동,502-1,11350,,,
중계그린1단지,1990,9100,2006,11,6,39.78,12,중계동,502-1,11350,,,
중계그린1단지,1990,11000,2006,11,6,49.85,14,중계동,502-1,11350,,,
중계그린1단지,1990,11350,2006,11,6,49.5,4,중계동,502-1,11350,,,
중계그린1단지,1990,12870,2006,11,6,49.5,6,중계동,502-1,11350,,,
중계그린1단지,1990,13550,2006,11,6,59.87,4,중계동,502-1,11350,,,
중계그린1단지,1990,13000,2006,11,6,49.5,10,중계동,502-1,11350,,,
중계무지개,1991,12000,2006,11,6,49.54,12,중계동,512,11350,,,
중계무지개,1991,11700,2006,11,6,49.54,3,중계동,512,11350,,,
중계무지개,1991,11800,2006,11,6,49.54,6,중계동,512,11350,,,
중계무지개,1991,12500,2006,11,6,49.54,14,중계동,512,11350,,,
중계무지개,1991,14300,2006,11,6,59.26,3,중계동,512,11350,,,
중계무지개,1991,11500,2006,11,6,49.89,15,중계동,512,11350,,,
중앙하이츠,1998,27400,2006,11,6,84.21,4,중계동,161-1,11350,,,
중앙하이츠,1998,27800,2006,11,6,84.98,8,중계동,161-1,11350,,,
청백3,1998,7800,2006,11,6,39.84,5,월계동,780,11350,,,
청솔(시영7),1989,10500,2006,11,6,49.85,15,하계동,274,11350,,,
청암1단지,2001,22900,2006,11,6,84.8,1,상계동,1275,11350,,,
태강아파트(아이파크),1999,12100,2006,11,6,49.6,5,공릉동,81,11350,,,
태강아파트(아이파크),1999,12100,2006,11,6,49.6,12,공릉동,81,11350,,,
태강아파트(아이파크),1999,12400,2006,11,6,49.6,11,공릉동,81,11350,,,
태강아파트(아이파크),1999,12000,2006,11,6,49.6,7,공릉동,81,11350,,,
태강아파트(아이파크),1999,17000,2006,11,6,59.38,11,공릉동,81,11350,,,
태강아파트(아이파크),1999,12350,2006,11,6,49.6,10,공릉동,81,11350,,,
태릉우성아파트,1985,30000,2006,11,6,84.97,1,공릉동,254,11350,,,
풍림아파트A,2001,21300,2006,11,6,59.94,8,공릉동,725,11350,,,
한신1,1988,11000,2006,11,6,44.52,6,하계동,284,11350,,,
한신1,1988,9000,2006,11,6,35.28,13,하계동,284,11350,,,
한신1차,1987,11150,2006,11,6,53.96,5,상계동,135,11350,,,
한신2차,1988,8900,2006,11,6,45.92,5,상계동,451,11350,,,
한신3차,1990,14500,2006,11,6,60.44,11,상계동,458,11350,,,
한신4차,1995,19800,2006,11,6,84.84,1,상계동,995,11350,,,
한신동성,1993,65000,2006,11,6,112.24,6,하계동,256-5,11350,,,
한진한화그랑빌,2002,55000,2006,11,6,139.08,9,월계동,18,11350,,,
한진한화그랑빌,2002,19300,2006,11,6,59.94,3,월계동,18,11350,,,
한진한화그랑빌,2002,34900,2006,11,6,84.97,15,월계동,18,11350,,,
한진한화그랑빌,2002,32950,2006,11,6,84.97,21,월계동,18,11350,,,
한진한화그랑빌,2002,55000,2006,11,6,139.08,23,월계동,18,11350,,,
한화꿈에그린,2005,42000,2006,11,6,84.902,9,중계동,598,11350,,,
현대,2000,17500,2006,11,6,59.95,17,월계동,929,11350,,,
현대(3차),1992,21000,2006,11,6,66.47,8,중계동,576,11350,,,
현대(고려)아파트,1999,19600,2006,11,6,84.09,9,공릉동,590-1,11350,,,
건영,1988,26300,2006,11,7,74.58,4,하계동,271-3,11350,,,
경남,1989,11450,2006,11,7,50.97,12,중계동,505,11350,,,
공릉동한보에센시티아파트,2000,25500,2006,11,7,84.93,13,공릉동,743,11350,,,
공릉우성아파트,1995,23200,2006,11,7,84.97,7,공릉동,738,11350,,,
극동,1988,21500,2006,11,7,70.56,1,하계동,271-3,11350,,,
극동,1988,20900,2006,11,7,70.56,11,하계동,271-3,11350,,,
극동늘푸른,2000,26900,2006,11,7,84.514,5,상계동,1128,11350,,,
극동늘푸른,2000,24000,2006,11,7,84.514,2,상계동,1128,11350,,,
금호타운,1995,19700,2006,11,7,84.54,11,상계동,1270,11350,,,
대주파크빌아파트,2003,22000,2006,11,7,81.12,1,공릉동,751,11350,,,
동신아파트,1999,16000,2006,11,7,59.99,13,공릉동,745,11350,,,
동아불암,1999,27500,2006,11,7,84.9,10,상계동,1285,11350,,,
두산,1994,11300,2006,11,7,51.66,5,상계동,1110,11350,,,
두산,1994,14500,2006,11,7,59.97,11,상계동,1110,11350,,,
미성,1986,11500,2006,11,7,33.28,1,월계동,13,11350,,,
벽산,1989,8640,2006,11,7,46.8,11,상계동,173-1,11350,,,
벽산,1989,8200,2006,11,7,46.8,15,상계동,173-1,11350,,,
보람아파트,1988,10000,2006,11,7,44.33,10,상계동,639,11350,,,
보람아파트,1988,13000,2006,11,7,54.59,14,상계동,639,11350,,,
북부현대,1996,10800,2006,11,7,59.24,13,상계동,1273,11350,,,
불암현대,1999,47000,2006,11,7,114.24,2,상계동,1293,11350,,,
불암현대,1999,14200,2006,11,7,59.4,1,상계동,1293,11350,,,
삼성,1999,17600,2006,11,7,59.9,5,중계동,593,11350,,,
삼익4단지아파트,1994,8800,2006,11,7,39.6,10,공릉동,714,11350,,,
삼익포레스트아파트,1995,33000,2006,11,7,114.88,1,공릉동,737,11350,,,
삼호3,1986,22000,2006,11,7,59.22,8,월계동,13,11350,,,
삼호4,1987,15700,2006,11,7,50.18,10,월계동,12,11350,,,
상계1차중앙하이츠,1997,16200,2006,11,7,59.82,18,상계동,1279,11350,,,
상계1차현대아파트,1993,18000,2006,11,7,83.92,1,상계동,1055,11350,,,
상계대림,1989,20000,2006,11,7,84.91,15,상계동,172,11350,,,
상계불암대림,2000,16400,2006,11,7,59.22,23,상계동,1289,11350,,,
상계신동아,1995,22200,2006,11,7,84.99,13,상계동,463,11350,,,
상계주공1(고층),1988,12500,2006,11,7,59.2,6,상계동,765,11350,,,
상계주공1(고층),1988,8900,2006,11,7,41.3,10,상계동,765,11350,,,
상계주공1(고층),1988,15000,2006,11,7,60.5,2,상계동,765,11350,,,
상계주공1(고층),1988,14500,2006,11,7,58.01,4,상계동,765,11350,,,
상계주공1(고층),1988,11000,2006,11,7,49.94,15,상계동,765,11350,,,
상계주공10(고층),1988,15900,2006,11,7,58.01,6,상계동,666,11350,,,
상계주공10(고층),1988,9500,2006,11,7,45.77,6,상계동,666,11350,,,
상계주공11(고층),1988,9100,2006,11,7,41.3,4,상계동,652,11350,,,
상계주공11(고층),1988,9000,2006,11,7,60.5,3,상계동,652,11350,,,
상계주공12(고층),1988,8500,2006,11,7,41.3,14,상계동,647,11350,,,
상계주공12(고층),1988,15000,2006,11,7,61.52,1,상계동,647,11350,,,
상계주공13(고층),1989,7850,2006,11,7,41.3,12,상계동,637,11350,,,
상계주공13(고층),1989,13450,2006,11,7,58.01,13,상계동,637,11350,,,
상계주공13(고층),1989,7850,2006,11,7,45.9,12,상계동,637,11350,,,
상계주공13(고층),1989,8100,2006,11,7,45.55,11,상계동,637,11350,,,
상계주공2(고층),1987,9850,2006,11,7,41.3,7,상계동,740,11350,,,
상계주공2(고층),1987,17500,2006,11,7,58.01,9,상계동,740,11350,,,
상계주공2(고층),1987,13500,2006,11,7,59.2,3,상계동,740,11350,,,
상계주공2(고층),1987,19550,2006,11,7,58.01,12,상계동,740,11350,,,
상계주공2(고층),1987,15000,2006,11,7,58.01,15,상계동,740,11350,,,
상계주공3(고층),1987,18500,2006,11,7,58.01,13,상계동,730-2,11350,,,
상계주공3(고층),1987,16000,2006,11,7,59.2,5,상계동,730-2,11350,,,
상계주공3(고층),1987,18800,2006,11,7,68.86,12,상계동,730-2,11350,,,
상계주공3(고층),1987,16800,2006,11,7,59.2,14,상계동,730-2,11350,,,
상계주공3(저층),1987,34200,2006,11,7,84.41,5,상계동,737,11350,,,
상계주공4(고층),1988,7200,2006,11,7,32.39,14,상계동,749-5,11350,,,
상계주공4(고층),1988,7300,2006,11,7,32.39,10,상계동,749-5,11350,,,
상계주공6(고층),1988,15800,2006,11,7,59.2,1,상계동,720,11350,,,
상계주공6(고층),1988,11900,2006,11,7,41.3,7,상계동,720,11350,,,
상계주공6(고층),1988,14000,2006,11,7,49.94,10,상계동,720,11350,,,
상계주공6(고층),1988,16000,2006,11,7,59.2,3,상계동,720,11350,,,
상계주공6(고층),1988,19500,2006,11,7,59.28,4,상계동,720,11350,,,
상계주공7(고층),1988,12000,2006,11,7,45.55,11,상계동,691,11350,,,
상계주공7(고층),1988,11000,2006,11,7,45.9,4,상계동,691,11350,,,
상계주공7(고층),1988,10000,2006,11,7,45.9,3,상계동,691,11350,,,
상계주공8(저층),1988,15000,2006,11,7,31.95,1,상계동,677,11350,,,
상계주공9(고층),1988,12350,2006,11,7,49.94,4,상계동,670,11350,,,
상계주공9(고층),1988,11750,2006,11,7,49.94,1,상계동,670,11350,,,
상계주공9(고층),1988,11700,2006,11,7,49.94,15,상계동,670,11350,,,
상아,1989,23500,2006,11,7,72.73,14,중계동,505,11350,,,
성원(사슴4),1995,8000,2006,11,7,39.6,10,월계동,322-1,11350,,,
시영2단지(라이프)아파트,1994,6800,2006,11,7,34.44,9,공릉동,707,11350,,,
시영3차(라이프)아파트,1994,7900,2006,11,7,39.6,3,공릉동,715,11350,,,
양우,2002,27200,2006,11,7,79.4198,23,상계동,1299,11350,,,
양지마을(대림)2,1999,43000,2006,11,7,84.88,15,중계동,588,11350,,,
염광,1996,59700,2006,11,7,131.25,24,중계동,445,11350,,,
염광,1996,16500,2006,11,7,59.34,5,중계동,445,11350,,,
우남그랜드,2001,25000,2006,11,7,84.73,13,월계동,930,11350,,,
우방아파트,2000,30000,2006,11,7,84.881,2,공릉동,108,11350,,,
우방아파트,2000,19200,2006,11,7,60.502,10,공릉동,108,11350,,,
우방아파트,2000,19300,2006,11,7,60.502,3,공릉동,108,11350,,,
은빛1단지,1998,16400,2006,11,7,59.95,8,상계동,1255,11350,,,
은빛1단지,1998,12000,2006,11,7,49.77,5,상계동,1255,11350,,,
임광,1989,49000,2006,11,7,106.25,15,상계동,694,11350,,,
장미(시영6),1989,11300,2006,11,7,54.02,7,하계동,273,11350,,,
장미(시영6),1989,14900,2006,11,7,65.33,5,하계동,273,11350,,,
장미(시영6),1989,14500,2006,11,7,64.88,4,하계동,273,11350,,,
장미(시영6),1989,17300,2006,11,7,64.88,7,하계동,273,11350,,,
주공2,1992,23800,2006,11,7,84.815,14,월계동,556,11350,,,
주공2,1992,13000,2006,11,7,59.97,1,월계동,556,11350,,,
주공2,1992,8800,2006,11,7,44.52,8,중계동,369,11350,,,
주공2,1992,8700,2006,11,7,44.52,4,중계동,369,11350,,,
주공2,1992,7500,2006,11,7,44.52,6,월계동,556,11350,,,
주공4,1991,31000,2006,11,7,76.51,9,중계동,358-2,11350,,,
주공4,1991,16170,2006,11,7,59.39,13,중계동,358-2,11350,,,
주공4,1991,16550,2006,11,7,59.39,15,중계동,358-2,11350,,,
주공5,1992,38400,2006,11,7,84.79,15,중계동,359-1,11350,,,
주공5,1992,21700,2006,11,7,58.46,13,중계동,359-1,11350,,,
주공5,1992,17600,2006,11,7,58.46,1,중계동,359-1,11350,,,
주공6,1993,9050,2006,11,7,44.1,15,중계동,364-12,11350,,,
주공7,1993,8400,2006,11,7,44.1,3,중계동,363-1,11350,,,
중계그린1단지,1990,15100,2006,11,7,59.46,8,중계동,502-1,11350,,,
중계그린1단지,1990,14400,2006,11,7,59.87,5,중계동,502-1,11350,,,
중계그린1단지,1990,12800,2006,11,7,49.5,9,중계동,502-1,11350,,,
중계무지개,1991,15500,2006,11,7,59.26,5,중계동,512,11350,,,
중계무지개,1991,8400,2006,11,7,39.96,4,중계동,512,11350,,,
중계무지개,1991,12100,2006,11,7,49.89,13,중계동,512,11350,,,
중계현대2,1991,22500,2006,11,7,84.34,8,중계동,435-1,11350,,,
중앙하이츠,1998,24000,2006,11,7,72.69,9,중계동,161-1,11350,,,
중앙하이츠,1998,16000,2006,11,7,59.46,12,중계동,161-1,11350,,,
청구(366),1993,75000,2006,11,7,115.47,6,중계동,366,11350,,,
청구3,1996,50000,2006,11,7,84.77,7,중계동,360-2,11350,,,
청백3,1998,13000,2006,11,7,59.4,15,월계동,780,11350,,,
청솔(시영7),1989,8900,2006,11,7,39.78,8,하계동,274,11350,,,
청솔(시영7),1989,13700,2006,11,7,59.87,4,하계동,274,11350,,,
청솔(시영7),1989,10800,2006,11,7,49.5,6,하계동,274,11350,,,
청솔아파트8,2000,28500,2006,11,7,84.83,6,공릉동,91,11350,,,
청솔아파트8,2000,28500,2006,11,7,84.83,6,공릉동,91,11350,,,
청솔아파트8,2000,26500,2006,11,7,84.65,9,공릉동,91,11350,,,
태강아파트(아이파크),1999,12400,2006,11,7,49.6,5,공릉동,81,11350,,,
태강아파트(아이파크),1999,12000,2006,11,7,49.6,8,공릉동,81,11350,,,
풍림아파트A,2001,49000,2006,11,7,114.78,7,공릉동,725,11350,,,
풍림아파트A,2001,16299,2006,11,7,84.99,9,공릉동,725,11350,,,
학여울청구,1999,35000,2006,11,7,84.77,17,하계동,354,11350,,,
한신1차,1987,8500,2006,11,7,45.44,4,상계동,135,11350,,,
한신1차,1987,11500,2006,11,7,53.96,10,상계동,135,11350,,,
한신2,1988,8500,2006,11,7,35.28,4,하계동,284,11350,,,
한일2,2000,29300,2006,11,7,114.816,2,월계동,927,11350,,,
한일2,2000,22000,2006,11,7,84.846,5,월계동,927,11350,,,
한진한화그랑빌,2002,43500,2006,11,7,114.97,27,월계동,18,11350,,,
한진한화그랑빌,2002,47000,2006,11,7,114.97,6,월계동,18,11350,,,
한진한화그랑빌,2002,34500,2006,11,7,84.97,13,월계동,18,11350,,,
한화꿈에그린,2005,44300,2006,11,7,84.902,8,중계동,598,11350,,,
한화꿈에그린,2005,68000,2006,11,7,125.027,8,중계동,598,11350,,,
현대,2000,28000,2006,11,7,84.98,27,월계동,929,11350,,,
현대,2000,26400,2006,11,7,84.98,1,월계동,929,11350,,,
현대,2000,16200,2006,11,7,59.95,4,월계동,929,11350,,,
현대,1988,37800,2006,11,7,84.95,7,하계동,270,11350,,,
현대(3차),1992,28900,2006,11,7,84.35,10,중계동,576,11350,,,
현대(6차),2018,32000,2006,11,7,84.98,8,중계동,34-5,11350,,,
현대2차,1993,17000,2006,11,7,82.68,15,상계동,1078,11350,,,
현대그린,1998,19500,2006,11,7,84.99,1,중계동,49,11350,,,
현대그린,1998,28700,2006,11,7,84.99,3,중계동,49,11350,,,
공릉동한보에센시티아파트,2000,24800,2006,11,8,84.93,4,공릉동,743,11350,,,
공릉해링턴플레이스,2000,55000,2006,11,8,99.917,14,공릉동,106,11350,,,
극동,1988,13500,2006,11,8,55.72,2,하계동,271-3,11350,,,
극동의푸른별1차,2005,25000,2006,11,8,84.91,5,중계동,600,11350,,,
금호타운,1995,18500,2006,11,8,84.54,2,상계동,1270,11350,,,
대동,1997,14800,2006,11,8,59.76,13,월계동,925,11350,,,
대호,2000,21900,2006,11,8,84.93,20,중계동,591,11350,,,
동신,1983,27000,2006,11,8,93.38,10,월계동,436,11350,,,
동신아파트,1999,43000,2006,11,8,114.98,12,공릉동,745,11350,,,
동아불암,1999,15800,2006,11,8,59.4,7,상계동,1285,11350,,,
두산,1994,13300,2006,11,8,58.65,11,상계동,1110,11350,,,
두산,1994,14000,2006,11,8,58.65,14,상계동,1110,11350,,,
라이프,1993,75000,2006,11,8,115.65,12,중계동,366,11350,,,
롯데우성,1993,75500,2006,11,8,115.26,9,중계동,361-1,11350,,,
미성,1986,16500,2006,11,8,50.14,8,월계동,13,11350,,,
벽산,1989,19300,2006,11,8,75.03,12,상계동,173-1,11350,,,
벽산,1989,8500,2006,11,8,43.35,12,상계동,173-1,11350,,,
벽산,1989,9500,2006,11,8,46.8,3,상계동,173-1,11350,,,
보람아파트,1988,15000,2006,11,8,68.99,3,상계동,639,11350,,,
보람아파트,1988,9000,2006,11,8,44.33,7,상계동,639,11350,,,
비선아파트,1999,12800,2006,11,8,48.6,4,공릉동,109,11350,,,
비콘드림힐2,2005,24000,2006,11,8,84.52,4,상계동,1308,11350,,,
사슴3,1995,7500,2006,11,8,39.6,10,월계동,320-11,11350,,,
사슴3,1995,7600,2006,11,8,39.6,11,월계동,320-11,11350,,,
삼성,1999,59500,2006,11,8,114.49,14,중계동,593,11350,,,
삼성,1999,29500,2006,11,8,84.75,1,중계동,593,11350,,,
삼호3,1986,21500,2006,11,8,59.22,1,월계동,13,11350,,,
상계1차중앙하이츠,1997,16000,2006,11,8,59.82,21,상계동,1279,11350,,,
상계1차중앙하이츠,1997,16000,2006,11,8,59.82,21,상계동,1279,11350,,,
상계2차중앙하이츠,1998,16000,2006,11,8,59.82,18,상계동,1282,11350,,,
상계2차중앙하이츠,1998,29500,2006,11,8,84.6,10,상계동,1282,11350,,,
상계불암대림,2000,36000,2006,11,8,84.96,13,상계동,1289,11350,,,
상계주공10(고층),1988,12900,2006,11,8,49.94,11,상계동,666,11350,,,
상계주공10(고층),1988,17000,2006,11,8,59.39,4,상계동,666,11350,,,
상계주공10(고층),1988,13000,2006,11,8,49.94,11,상계동,666,11350,,,
상계주공10(고층),1988,17200,2006,11,8,58.01,5,상계동,666,11350,,,
상계주공11(고층),1988,12870,2006,11,8,49.94,2,상계동,652,11350,,,
상계주공11(고층),1988,11000,2006,11,8,49.94,6,상계동,652,11350,,,
상계주공11(고층),1988,15820,2006,11,8,59.39,7,상계동,652,11350,,,
상계주공11(고층),1988,9360,2006,11,8,41.3,7,상계동,652,11350,,,
상계주공12(고층),1988,8900,2006,11,8,41.3,10,상계동,647,11350,,,
상계주공12(고층),1988,8200,2006,11,8,41.3,12,상계동,647,11350,,,
상계주공12(고층),1988,12300,2006,11,8,49.94,3,상계동,647,11350,,,
상계주공12(고층),1988,8850,2006,11,8,41.3,9,상계동,647,11350,,,
상계주공12(고층),1988,9000,2006,11,8,41.3,13,상계동,647,11350,,,
상계주공14(고층),1989,9000,2006,11,8,45.9,4,상계동,626,11350,,,
상계주공16(고층),1988,14400,2006,11,8,59.39,11,상계동,624,11350,,,
상계주공16(고층),1988,8800,2006,11,8,45.77,3,상계동,624,11350,,,
상계주공16(고층),1988,14330,2006,11,8,58.01,6,상계동,624,11350,,,
상계주공2(고층),1987,10000,2006,11,8,41.3,13,상계동,740,11350,,,
상계주공2(고층),1987,9500,2006,11,8,41.3,14,상계동,740,11350,,,
상계주공3(고층),1987,7300,2006,11,8,32.39,4,상계동,730-2,11350,,,
상계주공3(고층),1987,16800,2006,11,8,59.2,10,상계동,730-2,11350,,,
상계주공4(고층),1988,8100,2006,11,8,32.39,7,상계동,749-5,11350,,,
상계주공4(고층),1988,16200,2006,11,8,59.2,8,상계동,749-5,11350,,,
상계주공5(저층),1987,9500,2006,11,8,31.98,5,상계동,721,11350,,,
상계주공6(고층),1988,19500,2006,11,8,58.01,14,상계동,720,11350,,,
상계주공6(고층),1988,9800,2006,11,8,38,4,상계동,720,11350,,,
상계주공7(고층),1988,12500,2006,11,8,41.3,11,상계동,691,11350,,,
상계주공7(고층),1988,11500,2006,11,8,45.77,5,상계동,691,11350,,,
상계주공7(고층),1988,9800,2006,11,8,41.3,6,상계동,691,11350,,,
상계주공8(저층),1988,13500,2006,11,8,31.95,3,상계동,677,11350,,,
상계주공8(저층),1988,14000,2006,11,8,31.95,5,상계동,677,11350,,,
상계주공8(저층),1988,15500,2006,11,8,31.95,5,상계동,677,11350,,,
상계주공8(저층),1988,14500,2006,11,8,31.95,1,상계동,677,11350,,,
상계주공9(고층),1988,8150,2006,11,8,41.3,3,상계동,670,11350,,,
상계주공9(고층),1988,12400,2006,11,8,49.94,6,상계동,670,11350,,,
상계주공9(고층),1988,7300,2006,11,8,45.9,1,상계동,670,11350,,,
상아,1989,12000,2006,11,8,51.29,13,중계동,505,11350,,,
시영2단지(라이프)아파트,1994,8500,2006,11,8,39.6,11,공릉동,707,11350,,,
신도1차아파트,2002,29000,2006,11,8,81.2768,6,공릉동,748,11350,,,
양지마을(대림)2,1999,63000,2006,11,8,114.81,23,중계동,588,11350,,,
염광,1996,54500,2006,11,8,131.25,14,중계동,445,11350,,,
우국리더스빌,2006,15009,2006,11,8,49.6,7,공릉동,757,11350,,,
우남그랜드,2001,26950,2006,11,8,84.73,10,월계동,930,11350,,,
우방,1999,27800,2006,11,8,83.12,2,하계동,353,11350,,,
우방,1999,14900,2006,11,8,59.74,1,하계동,353,11350,,,
은빛1단지,1998,15300,2006,11,8,59.92,13,상계동,1255,11350,,,
장은하이빌,2002,22000,2006,11,8,81.8788,18,월계동,931,11350,,,
주공2,1992,8700,2006,11,8,44.52,3,중계동,369,11350,,,
주공2,1992,6500,2006,11,8,38.64,11,월계동,556,11350,,,
주공2,1992,7800,2006,11,8,44.52,10,월계동,556,11350,,,
주공2,1992,12800,2006,11,8,58.65,4,월계동,556,11350,,,
주공2,1992,9200,2006,11,8,44.52,5,중계동,369,11350,,,
주공2,1992,7000,2006,11,8,44.94,5,월계동,556,11350,,,
주공2,1992,13000,2006,11,8,59.97,10,월계동,556,11350,,,
주공5,1992,7800,2006,11,8,38.64,2,중계동,359-1,11350,,,
주공5,1992,20500,2006,11,8,58.46,5,중계동,359-1,11350,,,
주공5,1992,41300,2006,11,8,84.79,7,중계동,359-1,11350,,,
주공5,1992,8950,2006,11,8,44.94,2,중계동,359-1,11350,,,
주공5,1992,9200,2006,11,8,38.64,6,중계동,359-1,11350,,,
주공5,1992,9400,2006,11,8,44.94,13,중계동,359-1,11350,,,
주공5,1992,7300,2006,11,8,38.64,15,중계동,359-1,11350,,,
주공5,1992,21300,2006,11,8,58.46,13,중계동,359-1,11350,,,
주공5,1992,15800,2006,11,8,58.46,2,중계동,359-1,11350,,,
주공7,1993,9400,2006,11,8,44.1,12,중계동,363-1,11350,,,
주공8,1993,16000,2006,11,8,49.72,5,중계동,362-1,11350,,,
중계그린1단지,1990,12550,2006,11,8,49.85,7,중계동,502-1,11350,,,
중계그린1단지,1990,11400,2006,11,8,44.1,11,중계동,502-1,11350,,,
중계무지개,1991,11600,2006,11,8,49.54,14,중계동,512,11350,,,
중계현대2,1991,25700,2006,11,8,84.34,6,중계동,435-1,11350,,,
진로유통조합대림,1992,28300,2006,11,8,84.94,6,중계동,78,11350,,,
진주브라운,2003,16500,2006,11,8,75.69,5,공릉동,585-6,11350,,,
청구3,1996,48000,2006,11,8,84.77,6,중계동,360-2,11350,,,
청솔(시영7),1989,10300,2006,11,8,49.5,2,하계동,274,11350,,,
청솔아파트9,2000,29700,2006,11,8,84.85,11,공릉동,90,11350,,,
청암1단지,2001,30000,2006,11,8,84.8,4,상계동,1275,11350,,,
초안2,1997,7450,2006,11,8,39.6,5,월계동,924,11350,,,
코오롱,1997,23000,2006,11,8,73.17,6,상계동,1281,11350,,,
태강아파트(아이파크),1999,12500,2006,11,8,49.6,7,공릉동,81,11350,,,
학여울청구,1999,26700,2006,11,8,84.77,1,하계동,354,11350,,,
한신1,1988,11300,2006,11,8,44.52,11,하계동,284,11350,,,
한일유앤아이,2005,19000,2006,11,8,59.877,13,상계동,1309,11350,,,
한진한화그랑빌,2002,51500,2006,11,8,114.97,13,월계동,18,11350,,,
한진한화그랑빌,2002,34500,2006,11,8,84.97,24,월계동,18,11350,,,
한진한화그랑빌,2002,53000,2006,11,8,139.08,5,월계동,18,11350,,,
한진한화그랑빌,2002,31000,2006,11,8,84.97,22,월계동,18,11350,,,
한진한화그랑빌,2002,31500,2006,11,8,84.97,25,월계동,18,11350,,,
한화꿈에그린,2005,43000,2006,11,8,84.902,11,중계동,598,11350,,,
현대,2000,16500,2006,11,8,59.95,5,월계동,929,11350,,,
현대,2000,17900,2006,11,8,59.95,24,월계동,929,11350,,,
현대,2000,16000,2006,11,8,59.95,1,월계동,929,11350,,,
현대(6차),2018,16000,2006,11,8,59.84,8,중계동,34-5,11350,,,
현대그린,1998,32000,2006,11,8,84.99,9,중계동,49,11350,,,
건양노블레스빌,2003,23000,2006,11,9,84.659,5,월계동,938,11350,,,
건영3,1995,52000,2006,11,9,84.9,9,중계동,360-15,11350,,,
공릉동한보에센시티아파트,2000,14000,2006,11,9,59.4,10,공릉동,743,11350,,,
공릉해링턴플레이스,2000,53000,2006,11,9,99.917,8,공릉동,106,11350,,,
공릉해링턴플레이스,2000,50500,2006,11,9,99.917,5,공릉동,106,11350,,,
금호타운(583),1997,16400,2006,11,9,59.52,5,중계동,583,11350,,,
노원현대,1997,32000,2006,11,9,84.78,14,상계동,359,11350,,,
대주파크빌아파트,2003,22750,2006,11,9,81.12,7,공릉동,751,11350,,,
동신,1983,19000,2006,11,9,70.81,2,월계동,436,11350,,,
동신아파트,1999,25000,2006,11,9,84.97,4,공릉동,745,11350,,,
동양엔파트,2003,33000,2006,11,9,84.88,4,상계동,1305,11350,,,
롯데(505),1989,46000,2006,11,9,129.91,1,중계동,505,11350,,,
미성,1986,16400,2006,11,9,50.14,5,월계동,13,11350,,,
미성,1986,16800,2006,11,9,50.14,12,월계동,13,11350,,,
벽산,1989,8700,2006,11,9,46.8,10,상계동,173-1,11350,,,
벽산,1988,12400,2006,11,9,57.71,1,하계동,271-3,11350,,,
보람아파트,1988,22000,2006,11,9,68.99,10,상계동,639,11350,,,
보람아파트,1988,14600,2006,11,9,54.59,9,상계동,639,11350,,,
사슴3,1995,11700,2006,11,9,49.5,2,월계동,320-11,11350,,,
삼익2차아파트,2004,15500,2006,11,9,54.74,12,공릉동,754,11350,,,
삼익2차아파트,2004,24000,2006,11,9,83.409,1,공릉동,754,11350,,,
삼창,1984,25000,2006,11,9,94.36,1,월계동,448-3,11350,,,
삼호4,1987,16000,2006,11,9,50.18,12,월계동,12,11350,,,
삼호4,1987,14300,2006,11,9,50.18,13,월계동,12,11350,,,
상계1차현대아파트,1993,22000,2006,11,9,83.92,9,상계동,1055,11350,,,
상계2차중앙하이츠,1998,18000,2006,11,9,59.82,19,상계동,1282,11350,,,
상계주공1(고층),1988,16000,2006,11,9,58.01,11,상계동,765,11350,,,
상계주공1(고층),1988,9650,2006,11,9,41.3,5,상계동,765,11350,,,
상계주공12(고층),1988,13100,2006,11,9,49.94,10,상계동,647,11350,,,
상계주공12(고층),1988,8600,2006,11,9,41.3,7,상계동,647,11350,,,
상계주공12(고층),1988,8850,2006,11,9,41.3,14,상계동,647,11350,,,
상계주공12(고층),1988,8800,2006,11,9,41.3,10,상계동,647,11350,,,
상계주공12(고층),1988,9700,2006,11,9,41.3,7,상계동,647,11350,,,
상계주공12(고층),1988,10970,2006,11,9,49.94,1,상계동,647,11350,,,
상계주공12(고층),1988,7850,2006,11,9,41.3,15,상계동,647,11350,,,
상계주공13(고층),1989,8400,2006,11,9,45.9,1,상계동,637,11350,,,
상계주공13(고층),1989,15000,2006,11,9,58.01,4,상계동,637,11350,,,
상계주공13(고층),1989,8950,2006,11,9,45.9,10,상계동,637,11350,,,
상계주공14(고층),1989,9350,2006,11,9,45.55,8,상계동,626,11350,,,
상계주공14(고층),1989,9000,2006,11,9,45.9,11,상계동,626,11350,,,
상계주공16(고층),1988,14800,2006,11,9,59.39,14,상계동,624,11350,,,
상계주공16(고층),1988,8500,2006,11,9,45.77,2,상계동,624,11350,,,
상계주공2(고층),1987,23500,2006,11,9,68.86,9,상계동,740,11350,,,
상계주공2(고층),1987,18000,2006,11,9,58.01,6,상계동,740,11350,,,
상계주공2(고층),1987,18100,2006,11,9,58.01,14,상계동,740,11350,,,
상계주공2(고층),1987,9500,2006,11,9,41.3,13,상계동,740,11350,,,
상계주공3(고층),1987,18000,2006,11,9,58.01,8,상계동,730-2,11350,,,
상계주공3(고층),1987,16000,2006,11,9,58.01,12,상계동,730-2,11350,,,
상계주공3(고층),1987,33000,2006,11,9,73.94,14,상계동,730-2,11350,,,
상계주공3(고층),1987,36000,2006,11,9,84.38,4,상계동,730-2,11350,,,
상계주공3(고층),1987,11500,2006,11,9,41.3,5,상계동,730-2,11350,,,
상계주공4(고층),1988,10350,2006,11,9,41.3,4,상계동,749-5,11350,,,
상계주공4(고층),1988,17500,2006,11,9,58.01,14,상계동,749-5,11350,,,
상계주공4(고층),1988,10550,2006,11,9,41.3,14,상계동,749-5,11350,,,
상계주공5(저층),1987,14500,2006,11,9,31.98,2,상계동,721,11350,,,
상계주공5(저층),1987,14500,2006,11,9,31.98,3,상계동,721,11350,,,
상계주공6(고층),1988,11350,2006,11,9,41.3,13,상계동,720,11350,,,
상계주공6(고층),1988,19300,2006,11,9,58.01,12,상계동,720,11350,,,
상계주공6(고층),1988,7900,2006,11,9,32.39,4,상계동,720,11350,,,
상계주공7(고층),1988,9850,2006,11,9,45.55,15,상계동,691,11350,,,
상계주공8(저층),1988,15500,2006,11,9,31.95,3,상계동,677,11350,,,
상계주공8(저층),1988,14000,2006,11,9,31.95,3,상계동,677,11350,,,
상계주공8(저층),1988,31000,2006,11,9,47.25,3,상계동,677,11350,,,
상계주공9(고층),1988,15300,2006,11,9,58.01,2,상계동,670,11350,,,
상계주공9(고층),1988,8450,2006,11,9,41.3,1,상계동,670,11350,,,
상계주공9(고층),1988,8000,2006,11,9,45.9,3,상계동,670,11350,,,
상계현대3차,1999,23000,2006,11,9,84.96,11,상계동,1063,11350,,,
서광,1994,20800,2006,11,9,84.61,14,월계동,922,11350,,,
수락한신,1997,15250,2006,11,9,59.95,9,상계동,1277,11350,,,
수락한신,1997,26500,2006,11,9,84.95,9,상계동,1277,11350,,,
시영3차(라이프)아파트,1994,7200,2006,11,9,34.44,10,공릉동,715,11350,,,
신동아(366),1993,78000,2006,11,9,115.35,13,중계동,366,11350,,,
신동아(366),1993,67800,2006,11,9,115.35,2,중계동,366,11350,,,
신성미소지움아파트,2004,27700,2006,11,9,84.929,13,공릉동,756,11350,,,
신안,1999,40000,2006,11,9,84.93,13,중계동,590,11350,,,
양지마을(대림)1,1998,39200,2006,11,9,84.9,8,중계동,587,11350,,,
양지마을(대림)2,1999,57000,2006,11,9,114.81,3,중계동,588,11350,,,
우국리더스빌,2006,20160,2006,11,9,65.6,2,공릉동,757,11350,,,
우남그랜드,2001,23300,2006,11,9,84.73,12,월계동,930,11350,,,
우방,1999,42700,2006,11,9,104.83,10,하계동,353,11350,,,
월계흥화브라운빌,2004,20300,2006,11,9,84.91,2,월계동,939,11350,,,
월계흥화브라운빌,2004,21780,2006,11,9,84.91,8,월계동,939,11350,,,
유원,1998,17000,2006,11,9,84.93,2,월계동,880,11350,,,
은빛1단지,1998,14500,2006,11,9,59.95,4,상계동,1255,11350,,,
은빛1단지,1998,15400,2006,11,9,59.95,15,상계동,1255,11350,,,
은빛1단지,1998,14600,2006,11,9,59.95,2,상계동,1255,11350,,,
은빛1단지,1998,15500,2006,11,9,59.95,7,상계동,1255,11350,,,
장미(시영6),1989,10700,2006,11,9,54.29,2,하계동,273,11350,,,
장미(시영6),1989,12850,2006,11,9,54.02,12,하계동,273,11350,,,
주공2,1992,9000,2006,11,9,44.52,14,중계동,369,11350,,,
주공2,1992,13000,2006,11,9,58.65,3,월계동,556,11350,,,
주공2,1992,8200,2006,11,9,44.94,15,월계동,556,11350,,,
주공2,1992,6400,2006,11,9,38.64,5,월계동,556,11350,,,
주공2,1992,8000,2006,11,9,44.52,15,월계동,556,11350,,,
주공2,1992,9450,2006,11,9,44.52,4,중계동,369,11350,,,
주공2,1992,6500,2006,11,9,38.64,7,월계동,556,11350,,,
주공5,1992,8850,2006,11,9,44.52,4,중계동,359-1,11350,,,
주공5,1992,10000,2006,11,9,44.52,9,중계동,359-1,11350,,,
주공5,1992,8400,2006,11,9,38.64,9,중계동,359-1,11350,,,
주공5,1992,10900,2006,11,9,44.52,12,중계동,359-1,11350,,,
주공6,1993,9000,2006,11,9,44.1,12,중계동,364-12,11350,,,
주공6,1993,9500,2006,11,9,44.1,5,중계동,364-12,11350,,,
주공7,1993,9000,2006,11,9,44.1,3,중계동,363-1,11350,,,
주공7,1993,9400,2006,11,9,44.1,9,중계동,363-1,11350,,,
중계3우성,1999,16500,2006,11,9,59.94,2,중계동,585,11350,,,
중계그린1단지,1990,8600,2006,11,9,39.78,7,중계동,502-1,11350,,,
청구,1988,29500,2006,11,9,70.69,6,하계동,284,11350,,,
청구3,1996,47000,2006,11,9,84.77,2,중계동,360-2,11350,,,
청백3,1998,8900,2006,11,9,49.77,8,월계동,780,11350,,,
청암2단지,2001,12350,2006,11,9,49.77,5,상계동,1276,11350,,,
태강아파트(아이파크),1999,11800,2006,11,9,49.6,10,공릉동,81,11350,,,
태릉우성아파트,1985,33000,2006,11,9,84.97,2,공릉동,254,11350,,,
풍림아파트A,2001,23500,2006,11,9,59.94,7,공릉동,725,11350,,,
학여울청구,1999,43000,2006,11,9,113.51,8,하계동,354,11350,,,
한신1,1988,10000,2006,11,9,44.52,2,하계동,284,11350,,,
한신1,1988,11600,2006,11,9,44.52,4,하계동,284,11350,,,
현대(3차),1992,29000,2006,11,9,84.35,8,중계동,576,11350,,,
현대(6차),2018,31900,2006,11,9,84.98,5,중계동,34-5,11350,,,
현대(고려)아파트,1999,13000,2006,11,9,59.28,2,공릉동,590-1,11350,,,
현대1(4차),1993,24000,2006,11,9,71.16,9,중계동,577,11350,,,
현대그린,1998,32000,2006,11,9,84.99,9,중계동,49,11350,,,
현대성우아파트,2000,13400,2006,11,9,59.98,18,공릉동,741,11350,,,
화랑타운아파트,2000,28500,2006,11,9,84.65,1,공릉동,111,11350,,,
화랑해링턴플레이스아파트,1999,45000,2006,11,9,126.78,13,공릉동,746,11350,,,
LIG건영,1998,22000,2006,11,10,84.44,4,중계동,586,11350,,,
건영2,1991,31000,2006,11,10,84.96,7,중계동,515-2,11350,,,
건영3,1995,48500,2006,11,10,84.9,15,중계동,360-15,11350,,,
경남,1989,13500,2006,11,10,50.97,4,중계동,505,11350,,,
공릉우성아파트,1995,12400,2006,11,10,59.26,1,공릉동,738,11350,,,
광덕파크빌아파트,2003,19300,2006,11,10,84.69,2,공릉동,752,11350,,,
극동,1988,14900,2006,11,10,55.72,8,하계동,271-3,11350,,,
금호타운(583),1997,17000,2006,11,10,59.52,11,중계동,583,11350,,,
금호타운(583),1997,17150,2006,11,10,59.52,8,중계동,583,11350,,,
금호타운(583),1997,17150,2006,11,10,59.52,8,중계동,583,11350,,,
대동,1997,22500,2006,11,10,84.85,3,월계동,925,11350,,,
동신,1983,19500,2006,11,10,70.85,2,월계동,436,11350,,,
동신아파트,1999,15500,2006,11,10,59.99,9,공릉동,745,11350,,,
동신아파트,1999,24000,2006,11,10,84.97,2,공릉동,745,11350,,,
라이프,1993,71000,2006,11,10,115.65,12,중계동,366,11350,,,
라이프,1993,60000,2006,11,10,115.65,1,중계동,366,11350,,,
롯데(505),1989,49500,2006,11,10,129.91,2,중계동,505,11350,,,
롯데(505),1989,13800,2006,11,10,54.48,11,중계동,505,11350,,,
롯데(505),1989,55000,2006,11,10,129.91,6,중계동,505,11350,,,
벽산,1989,8100,2006,11,10,46.8,15,상계동,173-1,11350,,,
북부현대,1996,11250,2006,11,10,59.24,5,상계동,1273,11350,,,
비선아파트,1999,11900,2006,11,10,48.6,1,공릉동,109,11350,,,
사슴3,1995,6770,2006,11,10,33.18,14,월계동,320-11,11350,,,
삼성,1999,15500,2006,11,10,59.9,2,중계동,593,11350,,,
삼익포레스트아파트,1995,34500,2006,11,10,114.88,7,공릉동,737,11350,,,
삼호3,1986,21400,2006,11,10,59.22,5,월계동,13,11350,,,
삼호3,1986,21500,2006,11,10,59.22,1,월계동,13,11350,,,
삼호4,1987,14900,2006,11,10,50.18,10,월계동,12,11350,,,
상계신동아,1995,22000,2006,11,10,84.99,5,상계동,463,11350,,,
상계주공1(고층),1988,14500,2006,11,10,59.28,13,상계동,765,11350,,,
상계주공10(고층),1988,15550,2006,11,10,59.39,2,상계동,666,11350,,,
상계주공10(고층),1988,14000,2006,11,10,59.39,1,상계동,666,11350,,,
상계주공10(고층),1988,9800,2006,11,10,45.77,9,상계동,666,11350,,,
상계주공10(고층),1988,11000,2006,11,10,58.01,6,상계동,666,11350,,,
상계주공11(고층),1988,5500,2006,11,10,49.94,15,상계동,652,11350,,,
상계주공12(고층),1988,13300,2006,11,10,49.94,5,상계동,647,11350,,,
상계주공12(고층),1988,17500,2006,11,10,58.01,12,상계동,647,11350,,,
상계주공12(고층),1988,12850,2006,11,10,49.94,9,상계동,647,11350,,,
상계주공12(고층),1988,8400,2006,11,10,41.3,7,상계동,647,11350,,,
상계주공13(고층),1989,7500,2006,11,10,41.3,10,상계동,637,11350,,,
상계주공13(고층),1989,14300,2006,11,10,58.01,13,상계동,637,11350,,,
상계주공13(고층),1989,8100,2006,11,10,45.9,7,상계동,637,11350,,,
상계주공14(고층),1989,7600,2006,11,10,41.3,1,상계동,626,11350,,,
상계주공16(고층),1988,12500,2006,11,10,59.39,1,상계동,624,11350,,,
상계주공16(고층),1988,9840,2006,11,10,45.77,7,상계동,624,11350,,,
상계주공16(고층),1988,13800,2006,11,10,59.39,4,상계동,624,11350,,,
상계주공16(고층),1988,16000,2006,11,10,59.39,13,상계동,624,11350,,,
상계주공3(고층),1987,8300,2006,11,10,41.3,15,상계동,730-2,11350,,,
상계주공3(고층),1987,18000,2006,11,10,58.01,7,상계동,730-2,11350,,,
상계주공3(고층),1987,30000,2006,11,10,73.94,12,상계동,730-2,11350,,,
상계주공4(고층),1988,10500,2006,11,10,41.3,5,상계동,749-5,11350,,,
상계주공4(고층),1988,18400,2006,11,10,58.01,7,상계동,749-5,11350,,,
상계주공4(고층),1988,18600,2006,11,10,62.1,19,상계동,749-5,11350,,,
상계주공5(저층),1987,14000,2006,11,10,31.98,4,상계동,721,11350,,,
상계주공6(고층),1988,14000,2006,11,10,59.2,5,상계동,720,11350,,,
상계주공6(고층),1988,11320,2006,11,10,41.3,13,상계동,720,11350,,,
상계주공7(고층),1988,9500,2006,11,10,41.3,15,상계동,691,11350,,,
상계주공7(고층),1988,10500,2006,11,10,45.77,11,상계동,691,11350,,,
상계주공7(고층),1988,11500,2006,11,10,45.55,3,상계동,691,11350,,,
상계주공7(고층),1988,11850,2006,11,10,45.55,8,상계동,691,11350,,,
상계주공8(저층),1988,21000,2006,11,10,38.52,1,상계동,677,11350,,,
상계주공9(고층),1988,12500,2006,11,10,49.94,6,상계동,670,11350,,,
상계주공9(고층),1988,8900,2006,11,10,45.9,4,상계동,670,11350,,,
상계주공9(고층),1988,13000,2006,11,10,49.94,2,상계동,670,11350,,,
상아,1989,12500,2006,11,10,51.29,4,중계동,505,11350,,,
상아,1989,11500,2006,11,10,51.29,14,중계동,505,11350,,,
성원1,1996,54400,2006,11,10,134.78,1,중계동,580,11350,,,
세영아파트,2006,18100,2006,11,10,78.54,4,공릉동,576-11,11350,,,
수락한신,1997,26200,2006,11,10,84.95,9,상계동,1277,11350,,,
시영3차(라이프)아파트,1994,13000,2006,11,10,49.5,12,공릉동,715,11350,,,
양지마을(대림)1,1998,43700,2006,11,10,84.9,7,중계동,587,11350,,,
양지마을(대림)1,1998,59500,2006,11,10,114.96,4,중계동,587,11350,,,
염광,1996,29700,2006,11,10,84.5,1,중계동,445,11350,,,
우방아파트,2000,18900,2006,11,10,60.502,1,공릉동,108,11350,,,
우방아파트,2000,21800,2006,11,10,61.151,12,공릉동,108,11350,,,
은빛2단지,1998,15500,2006,11,10,59.92,6,상계동,1256,11350,,,
은빛2단지,1998,8170,2006,11,10,39.7,6,상계동,1256,11350,,,
장미(시영6),1989,8400,2006,11,10,43.41,15,하계동,273,11350,,,
주공2,1992,9000,2006,11,10,44.52,10,중계동,369,11350,,,
주공2,1992,8000,2006,11,10,44.52,5,월계동,556,11350,,,
주공5,1992,10000,2006,11,10,44.52,14,중계동,359-1,11350,,,
주공6,1993,9300,2006,11,10,44.1,3,중계동,364-12,11350,,,
주공6,1993,9400,2006,11,10,44.1,10,중계동,364-12,11350,,,
중계그린1단지,1990,10400,2006,11,10,44.1,5,중계동,502-1,11350,,,
중계그린1단지,1990,9000,2006,11,10,44.1,9,중계동,502-1,11350,,,
중계그린1단지,1990,12600,2006,11,10,49.85,12,중계동,502-1,11350,,,
중계그린1단지,1990,15900,2006,11,10,59.22,11,중계동,502-1,11350,,,
중계무지개,1991,15000,2006,11,10,59.26,4,중계동,512,11350,,,
중계현대2,1991,24000,2006,11,10,84.34,8,중계동,435-1,11350,,,
중앙하이츠,1998,23950,2006,11,10,84.53,1,중계동,161-1,11350,,,
청암2단지,2001,16200,2006,11,10,59.4,14,상계동,1276,11350,,,
청암2단지,2001,17100,2006,11,10,59.4,13,상계동,1276,11350,,,
초안2,1997,10300,2006,11,10,49.6,7,월계동,924,11350,,,
태강아파트(아이파크),1999,12500,2006,11,10,49.6,3,공릉동,81,11350,,,
풍림아파트A,2001,29900,2006,11,10,84.99,3,공릉동,725,11350,,,
한신1,1988,6500,2006,11,10,27,9,하계동,284,11350,,,
한신2,1988,8000,2006,11,10,44.52,2,하계동,284,11350,,,
한신2차,1988,14150,2006,11,10,58.46,9,상계동,451,11350,,,
한진한화그랑빌,2002,36000,2006,11,10,84.97,17,월계동,18,11350,,,
현대,2000,18000,2006,11,10,59.95,15,월계동,929,11350,,,
현대,1988,30000,2006,11,10,71.68,7,하계동,270,11350,,,
현대,1988,33700,2006,11,10,84.95,1,하계동,270,11350,,,
화랑타운아파트,2000,42500,2006,11,10,84.65,10,공릉동,111,11350,,,
건영,1988,10500,2006,11,11,45.55,4,하계동,271-3,11350,,,
건영,1988,13500,2006,11,11,53.14,4,하계동,271-3,11350,,,
공릉우성아파트,1995,29500,2006,11,11,109.4,21,공릉동,738,11350,,,
대동아파트2,1999,22070,2006,11,11,72.25,17,공릉동,380-1,11350,,,
대우,1998,34000,2006,11,11,99.98,20,월계동,775,11350,,,
동진,1988,7400,2006,11,11,47.61,1,중계동,103,11350,,,
두산힐스빌아파트,2000,19400,2006,11,11,60,24,공릉동,747,11350,,,
롯데(505),1989,24000,2006,11,11,72.49,2,중계동,505,11350,,,
미성,1989,22900,2006,11,11,72.17,1,하계동,280,11350,,,
벽산,1989,12500,2006,11,11,59.9,5,상계동,173-1,11350,,,
벽산,1989,14000,2006,11,11,59.9,3,상계동,173-1,11350,,,
보람아파트,1988,9200,2006,11,11,44.33,12,상계동,639,11350,,,
보람아파트,1988,14500,2006,11,11,54.59,3,상계동,639,11350,,,
보람아파트,1988,20500,2006,11,11,68.99,7,상계동,639,11350,,,
보람아파트,1988,23000,2006,11,11,68.99,5,상계동,639,11350,,,
불암현대,1999,29500,2006,11,11,84.9,11,상계동,1293,11350,,,
삼익아파트,1997,21000,2006,11,11,100.82,7,공릉동,690-2,11350,,,
삼호4,1987,15200,2006,11,11,50.18,6,월계동,12,11350,,,
삼호4,1987,15100,2006,11,11,50.18,12,월계동,12,11350,,,
삼호4,1987,14250,2006,11,11,50.18,11,월계동,12,11350,,,
삼호4,1987,15100,2006,11,11,50.18,8,월계동,12,11350,,,
상계주공1(고층),1988,6500,2006,11,11,32.39,6,상계동,765,11350,,,
상계주공1(고층),1988,9600,2006,11,11,41.3,11,상계동,765,11350,,,
상계주공10(고층),1988,17310,2006,11,11,58.01,5,상계동,666,11350,,,
상계주공10(고층),1988,13850,2006,11,11,49.94,9,상계동,666,11350,,,
상계주공11(고층),1988,13900,2006,11,11,49.94,3,상계동,652,11350,,,
상계주공11(고층),1988,12000,2006,11,11,49.94,9,상계동,652,11350,,,
상계주공11(고층),1988,9500,2006,11,11,41.3,5,상계동,652,11350,,,
상계주공12(고층),1988,17400,2006,11,11,61.52,13,상계동,647,11350,,,
상계주공12(고층),1988,17750,2006,11,11,58.01,6,상계동,647,11350,,,
상계주공13(고층),1989,8480,2006,11,11,45.9,4,상계동,637,11350,,,
상계주공16(고층),1988,13830,2006,11,11,58.01,15,상계동,624,11350,,,
상계주공3(고층),1987,18000,2006,11,11,59.28,3,상계동,730-2,11350,,,
상계주공4(고층),1988,13050,2006,11,11,49.94,15,상계동,749-5,11350,,,
상계주공5(저층),1987,15000,2006,11,11,31.98,4,상계동,721,11350,,,
상계주공5(저층),1987,14500,2006,11,11,31.98,1,상계동,721,11350,,,
상계주공5(저층),1987,14500,2006,11,11,31.98,1,상계동,721,11350,,,
상계주공5(저층),1987,14000,2006,11,11,31.98,1,상계동,721,11350,,,
상계주공6(고층),1988,20000,2006,11,11,59.39,8,상계동,720,11350,,,
상계주공6(고층),1988,20000,2006,11,11,58.01,4,상계동,720,11350,,,
상계주공6(고층),1988,18800,2006,11,11,59.28,11,상계동,720,11350,,,
상계주공7(고층),1988,20000,2006,11,11,58.01,12,상계동,691,11350,,,
상계주공7(고층),1988,14000,2006,11,11,49.94,8,상계동,691,11350,,,
상계주공7(고층),1988,11400,2006,11,11,45.9,13,상계동,691,11350,,,
상계주공7(고층),1988,17820,2006,11,11,58.01,4,상계동,691,11350,,,
상계주공7(고층),1988,17000,2006,11,11,59.39,15,상계동,691,11350,,,
상계주공8(저층),1988,14000,2006,11,11,31.95,3,상계동,677,11350,,,
상계주공9(고층),1988,13200,2006,11,11,49.94,2,상계동,670,11350,,,
성원1,1996,22000,2006,11,11,59.75,5,중계동,580,11350,,,
신안,1999,22000,2006,11,11,59.97,5,중계동,590,11350,,,
신원아파트,2000,12500,2006,11,11,59.59,3,공릉동,370-4,11350,,,
양지마을(대림)2,1999,59000,2006,11,11,114.81,15,중계동,588,11350,,,
염광,1996,50000,2006,11,11,131.25,12,중계동,445,11350,,,
우방,1999,15000,2006,11,11,59.74,13,하계동,353,11350,,,
우방아파트,2000,19500,2006,11,11,60.502,10,공릉동,108,11350,,,
우성,1988,65000,2006,11,11,127.22,12,하계동,270,11350,,,
우성,1988,38900,2006,11,11,84.91,7,하계동,270,11350,,,
은빛1단지,1998,8100,2006,11,11,39.7,15,상계동,1255,11350,,,
은빛2단지,1998,15900,2006,11,11,59.95,3,상계동,1256,11350,,,
임광,1989,65000,2006,11,11,122.18,8,상계동,694,11350,,,
장미(시영6),1989,16900,2006,11,11,64.62,6,하계동,273,11350,,,
장미(시영6),1989,11500,2006,11,11,54.02,7,하계동,273,11350,,,
주공10,1995,22000,2006,11,11,58.14,4,중계동,360-16,11350,,,
주공2,1992,14000,2006,11,11,59.97,15,월계동,556,11350,,,
주공2,1992,7700,2006,11,11,44.94,9,월계동,556,11350,,,
주공2,1992,8500,2006,11,11,44.52,10,월계동,556,11350,,,
주공2,1992,9000,2006,11,11,44.52,13,중계동,369,11350,,,
주공2,1992,8700,2006,11,11,44.52,9,중계동,369,11350,,,
주공2,1992,8600,2006,11,11,44.52,8,중계동,369,11350,,,
주공2,1992,8500,2006,11,11,44.52,7,월계동,556,11350,,,
주공2,1992,6500,2006,11,11,38.64,6,월계동,556,11350,,,
주공5,1992,40000,2006,11,11,84.79,5,중계동,359-1,11350,,,
주공5,1992,21500,2006,11,11,58.46,13,중계동,359-1,11350,,,
주공5,1992,9200,2006,11,11,44.94,3,중계동,359-1,11350,,,
주공5,1992,34800,2006,11,11,76.51,13,중계동,359-1,11350,,,
주공5,1992,10640,2006,11,11,44.52,6,중계동,359-1,11350,,,
주공8,1993,13400,2006,11,11,49.72,1,중계동,362-1,11350,,,
중계3우성,1999,16500,2006,11,11,59.94,10,중계동,585,11350,,,
중계그린1단지,1990,12700,2006,11,11,49.5,8,중계동,502-1,11350,,,
중계그린1단지,1990,8700,2006,11,11,39.78,9,중계동,502-1,11350,,,
중계그린1단지,1990,8400,2006,11,11,39.78,5,중계동,502-1,11350,,,
중계그린1단지,1990,12300,2006,11,11,49.85,6,중계동,502-1,11350,,,
중계그린1단지,1990,13800,2006,11,11,59.46,7,중계동,502-1,11350,,,
중계그린1단지,1990,11700,2006,11,11,49.5,11,중계동,502-1,11350,,,
중계그린1단지,1990,17500,2006,11,11,59.22,8,중계동,502-1,11350,,,
중계무지개,1991,12450,2006,11,11,49.54,3,중계동,512,11350,,,
중계무지개,1991,8400,2006,11,11,39.96,10,중계동,512,11350,,,
중계무지개,1991,12290,2006,11,11,49.54,4,중계동,512,11350,,,
중계무지개,1991,11600,2006,11,11,49.89,9,중계동,512,11350,,,
중계현대2,1991,22000,2006,11,11,71.76,11,중계동,435-1,11350,,,
청구,1988,28500,2006,11,11,70.69,6,하계동,284,11350,,,
청구(366),1993,60900,2006,11,11,115.47,1,중계동,366,11350,,,
청백3,1998,10000,2006,11,11,49.77,4,월계동,780,11350,,,
청솔아파트8,2000,30200,2006,11,11,84.65,5,공릉동,91,11350,,,
청솔아파트9,2000,29000,2006,11,11,84.9,2,공릉동,90,11350,,,
청암1단지,2001,22000,2006,11,11,84.8,1,상계동,1275,11350,,,
초안1,1998,12200,2006,11,11,59.85,12,월계동,923,11350,,,
코오롱,1997,16000,2006,11,11,59.94,13,상계동,1281,11350,,,
태강아파트(아이파크),1999,12400,2006,11,11,49.6,5,공릉동,81,11350,,,
한신2차,1988,14700,2006,11,11,58.46,5,상계동,451,11350,,,
한진한화그랑빌,2002,35000,2006,11,11,84.97,25,월계동,18,11350,,,
한화꿈에그린,2005,45000,2006,11,11,84.902,13,중계동,598,11350,,,
현대,1988,39000,2006,11,11,84.96,4,하계동,270,11350,,,
현대,1988,25500,2006,11,11,71.68,1,하계동,270,11350,,,
극동,1988,12000,2006,11,12,55.72,11,하계동,271-3,11350,,,
대동,1997,15300,2006,11,12,59.76,14,월계동,925,11350,,,
비선아파트,1999,13000,2006,11,12,48.6,8,공릉동,109,11350,,,
비콘드림힐3,2005,24000,2006,11,12,84.978,5,상계동,1310,11350,,,
상계1차중앙하이츠,1997,18000,2006,11,12,59.82,17,상계동,1279,11350,,,
상계불암대림,2000,28000,2006,11,12,84.96,4,상계동,1289,11350,,,
상계주공10(고층),1988,10200,2006,11,12,41.3,14,상계동,666,11350,,,
상계주공13(고층),1989,9250,2006,11,12,45.55,4,상계동,637,11350,,,
상계주공16(고층),1988,10150,2006,11,12,45.77,13,상계동,624,11350,,,
상계주공8(저층),1988,28000,2006,11,12,47.25,2,상계동,677,11350,,,
시영3차(라이프)아파트,1994,8000,2006,11,12,39.6,12,공릉동,715,11350,,,
양지마을(대림)2,1999,39000,2006,11,12,84.88,23,중계동,588,11350,,,
은빛1단지,1998,12300,2006,11,12,49.77,6,상계동,1255,11350,,,
은빛2단지,1998,12800,2006,11,12,49.77,10,상계동,1256,11350,,,
태강아파트(아이파크),1999,13400,2006,11,12,49.6,10,공릉동,81,11350,,,
태강아파트(아이파크),1999,13900,2006,11,12,49.6,12,공릉동,81,11350,,,
태강아파트(아이파크),1999,13000,2006,11,12,49.6,12,공릉동,81,11350,,,
태강아파트(아이파크),1999,12600,2006,11,12,49.6,5,공릉동,81,11350,,,
건영,1988,13500,2006,11,13,53.14,6,하계동,271-3,11350,,,
건영3,1995,48200,2006,11,13,84.9,8,중계동,360-15,11350,,,
건영3,1995,47000,2006,11,13,84.9,15,중계동,360-15,11350,,,
극동,1996,14500,2006,11,13,80.28,14,월계동,803-1,11350,,,
극동,1988,12500,2006,11,13,55.72,15,하계동,271-3,11350,,,
금호타운(583),1997,16000,2006,11,13,59.52,2,중계동,583,11350,,,
금호타운(583),1997,13500,2006,11,13,59.52,1,중계동,583,11350,,,
길성그랑프리텔아파트,2003,19100,2006,11,13,71.848,7,공릉동,753,11350,,,
동신,1983,16000,2006,11,13,71.77,9,월계동,436,11350,,,
동신아파트,1999,15000,2006,11,13,59.99,2,공릉동,745,11350,,,
라이프,1993,75000,2006,11,13,115.65,12,중계동,366,11350,,,
롯데(505),1989,23450,2006,11,13,72.49,3,중계동,505,11350,,,
미성,1989,34000,2006,11,13,84.94,2,하계동,280,11350,,,
미성,1989,34000,2006,11,13,84.94,2,하계동,280,11350,,,
미성,1989,16000,2006,11,13,57.97,7,하계동,280,11350,,,
미성,1986,9000,2006,11,13,33.28,1,월계동,13,11350,,,
벽산,1989,8390,2006,11,13,43.35,4,상계동,173-1,11350,,,
보람아파트,1988,9500,2006,11,13,44.33,11,상계동,639,11350,,,
보람아파트,1988,9000,2006,11,13,44.33,12,상계동,639,11350,,,
불암현대,1999,16550,2006,11,13,59.4,6,상계동,1293,11350,,,
사슴3,1995,6700,2006,11,13,33.18,3,월계동,320-11,11350,,,
삼익2차아파트,2004,27000,2006,11,13,83.409,10,공릉동,754,11350,,,
삼익2차아파트,2004,15000,2006,11,13,54.74,6,공릉동,754,11350,,,
삼호4,1987,18500,2006,11,13,59.49,13,월계동,12,11350,,,
상계대림,1989,25500,2006,11,13,84.91,2,상계동,172,11350,,,
상계주공1(고층),1988,10000,2006,11,13,41.3,6,상계동,765,11350,,,
상계주공1(고층),1988,12500,2006,11,13,59.2,5,상계동,765,11350,,,
상계주공10(고층),1988,16700,2006,11,13,61.52,2,상계동,666,11350,,,
상계주공10(고층),1988,13000,2006,11,13,49.94,2,상계동,666,11350,,,
상계주공10(고층),1988,13800,2006,11,13,49.94,6,상계동,666,11350,,,
상계주공11(고층),1988,8950,2006,11,13,41.3,11,상계동,652,11350,,,
상계주공16(고층),1988,8460,2006,11,13,45.77,4,상계동,624,11350,,,
상계주공3(고층),1987,10350,2006,11,13,37.46,4,상계동,730-2,11350,,,
상계주공3(고층),1987,17250,2006,11,13,59.2,12,상계동,730-2,11350,,,
상계주공4(고층),1988,8000,2006,11,13,37.46,9,상계동,749-5,11350,,,
상계주공4(고층),1988,9600,2006,11,13,41.3,10,상계동,749-5,11350,,,
상계주공5(저층),1987,15000,2006,11,13,31.98,4,상계동,721,11350,,,
상계주공6(고층),1988,19000,2006,11,13,59.28,15,상계동,720,11350,,,
상계주공6(고층),1988,20000,2006,11,13,59.39,8,상계동,720,11350,,,
상계주공6(고층),1988,12200,2006,11,13,41.3,9,상계동,720,11350,,,
상계주공6(고층),1988,14000,2006,11,13,49.94,15,상계동,720,11350,,,
상계주공6(고층),1988,13700,2006,11,13,49.94,11,상계동,720,11350,,,
상계주공7(고층),1988,10200,2006,11,13,41.3,11,상계동,691,11350,,,
상계주공8(저층),1988,25000,2006,11,13,47.25,1,상계동,677,11350,,,
상아,1989,25800,2006,11,13,72.73,5,중계동,505,11350,,,
성원1,1996,31000,2006,11,13,84.78,1,중계동,580,11350,,,
수락현대,1995,25700,2006,11,13,84.74,12,상계동,1272,11350,,,
신도1차아파트,2002,24000,2006,11,13,72.8129,12,공릉동,748,11350,,,
신도1차아파트,2002,24000,2006,11,13,72.8129,12,공릉동,748,11350,,,
신도1차아파트,2002,24000,2006,11,13,72.8129,12,공릉동,748,11350,,,
신도1차아파트,2002,24000,2006,11,13,72.8129,12,공릉동,748,11350,,,
신성미소지움아파트,2004,25000,2006,11,13,84.996,5,공릉동,756,11350,,,
양우,2002,22200,2006,11,13,79.4198,1,상계동,1299,11350,,,
우방,1999,16000,2006,11,13,59.74,11,하계동,353,11350,,,
우방아파트,2000,18000,2006,11,13,60.502,2,공릉동,108,11350,,,
은빛1단지,1998,16000,2006,11,13,59.95,11,상계동,1255,11350,,,
장미(시영6),1989,11800,2006,11,13,54.02,6,하계동,273,11350,,,
장미(시영6),1989,15950,2006,11,13,64.62,15,하계동,273,11350,,,
장미(시영6),1989,9000,2006,11,13,43.41,6,하계동,273,11350,,,
장미(시영6),1989,8700,2006,11,13,43.41,3,하계동,273,11350,,,
주공2,1992,9200,2006,11,13,44.52,11,중계동,369,11350,,,
주공2,1992,8700,2006,11,13,44.52,4,중계동,369,11350,,,
주공5,1992,21500,2006,11,13,58.46,12,중계동,359-1,11350,,,
주공5,1992,21300,2006,11,13,58.46,9,중계동,359-1,11350,,,
주공5,1992,8940,2006,11,13,38.64,7,중계동,359-1,11350,,,
중계3우성,1999,37000,2006,11,13,84.87,13,중계동,585,11350,,,
중계그린1단지,1990,15600,2006,11,13,59.7,12,중계동,502-1,11350,,,
중계그린1단지,1990,11430,2006,11,13,49.85,3,중계동,502-1,11350,,,
중계그린1단지,1990,12300,2006,11,13,49.5,8,중계동,502-1,11350,,,
중계그린1단지,1990,8500,2006,11,13,39.91,9,중계동,502-1,11350,,,
중계그린1단지,1990,11000,2006,11,13,49.5,2,중계동,502-1,11350,,,
중계그린1단지,1990,11500,2006,11,13,49.5,5,중계동,502-1,11350,,,
중계현대2,1991,23000,2006,11,13,71.76,12,중계동,435-1,11350,,,
중앙하이츠,1998,29000,2006,11,13,84.71,15,중계동,161-1,11350,,,
청구3,1996,52000,2006,11,13,84.77,8,중계동,360-2,11350,,,
청솔아파트9,2000,27700,2006,11,13,84.85,7,공릉동,90,11350,,,
초안1,1998,9800,2006,11,13,49.6,11,월계동,923,11350,,,
초안1,1998,6540,2006,11,13,39.6,1,월계동,923,11350,,,
초안1,1998,11500,2006,11,13,59.85,8,월계동,923,11350,,,
초안2,1997,6500,2006,11,13,39.6,1,월계동,924,11350,,,
초안산쌍용스윗닷홈,2006,30000,2006,11,13,84.69,11,월계동,945,11350,,,
태강아파트(아이파크),1999,12700,2006,11,13,49.6,5,공릉동,81,11350,,,
풍림아파트A,2001,32800,2006,11,13,84.99,6,공릉동,725,11350,,,
학여울청구,1999,32000,2006,11,13,84.77,18,하계동,354,11350,,,
한신1,1988,8400,2006,11,13,35.28,7,하계동,284,11350,,,
한일2,2000,22000,2006,11,13,84.846,13,월계동,927,11350,,,
한진한화그랑빌,2002,22400,2006,11,13,59.94,14,월계동,18,11350,,,
한화꿈에그린,2005,37500,2006,11,13,84.902,3,중계동,598,11350,,,
LIG건영,1998,14000,2006,11,14,59.92,13,중계동,586,11350,,,
건영3,1995,46000,2006,11,14,84.9,5,중계동,360-15,11350,,,
건영장미아파트,1999,22150,2006,11,14,84.88,18,공릉동,744,11350,,,
경남,1989,12000,2006,11,14,50.97,9,중계동,505,11350,,,
극동,1988,13950,2006,11,14,55.72,7,하계동,271-3,11350,,,
극동늘푸른,2000,25000,2006,11,14,84.514,5,상계동,1128,11350,,,
노원현대,1997,28000,2006,11,14,84.78,1,상계동,359,11350,,,
대동아파트,1999,13700,2006,11,14,59.83,12,공릉동,604-11,11350,,,
대림,1988,44000,2006,11,14,93.75,2,상계동,695,11350,,,
대아아파트1차,1997,17500,2006,11,14,84.86,1,공릉동,740,11350,,,
대주파크빌아파트,2003,18700,2006,11,14,65.768,7,공릉동,751,11350,,,
대호,2000,20000,2006,11,14,84.93,11,중계동,591,11350,,,
동진,1988,7500,2006,11,14,51.3,4,중계동,103,11350,,,
두산,1994,24000,2006,11,14,84.09,4,상계동,1110,11350,,,
두산힐스빌아파트,2000,26900,2006,11,14,84.9,7,공릉동,747,11350,,,
두산힐스빌아파트,2000,42000,2006,11,14,114.72,16,공릉동,747,11350,,,
라이프,1993,79000,2006,11,14,115.65,6,중계동,366,11350,,,
롯데(505),1989,15900,2006,11,14,54.48,8,중계동,505,11350,,,
롯데(505),1989,13500,2006,11,14,54.48,7,중계동,505,11350,,,
미륭,1986,14000,2006,11,14,51.48,7,월계동,13,11350,,,
미성,1986,9600,2006,11,14,33.28,2,월계동,13,11350,,,
벽산,1989,8500,2006,11,14,43.35,5,상계동,173-1,11350,,,
벽산,1989,8500,2006,11,14,46.8,12,상계동,173-1,11350,,,
벽산,1988,13800,2006,11,14,57.71,9,하계동,271-3,11350,,,
보람아파트,1988,9350,2006,11,14,44.33,5,상계동,639,11350,,,
비선아파트,1999,16400,2006,11,14,59.87,2,공릉동,109,11350,,,
삼익포레스트아파트,1995,9000,2006,11,14,51.03,1,공릉동,737,11350,,,
삼익포레스트아파트,1995,26000,2006,11,14,84.6,2,공릉동,737,11350,,,
삼익포레스트아파트,1995,12000,2006,11,14,51.03,7,공릉동,737,11350,,,
삼익포레스트아파트,1995,39500,2006,11,14,114.88,7,공릉동,737,11350,,,
삼호3,1986,23000,2006,11,14,59.22,12,월계동,13,11350,,,
삼호4,1987,12000,2006,11,14,50.18,11,월계동,12,11350,,,
상계주공1(고층),1988,9300,2006,11,14,41.3,8,상계동,765,11350,,,
상계주공1(고층),1988,10000,2006,11,14,41.3,2,상계동,765,11350,,,
상계주공1(고층),1988,8000,2006,11,14,32.39,5,상계동,765,11350,,,
상계주공1(저층),1988,32000,2006,11,14,84.41,2,상계동,765,11350,,,
상계주공10(고층),1988,24000,2006,11,14,66.56,11,상계동,666,11350,,,
상계주공10(고층),1988,9300,2006,11,14,45.9,14,상계동,666,11350,,,
상계주공10(고층),1988,9000,2006,11,14,45.9,2,상계동,666,11350,,,
상계주공10(저층),1988,11000,2006,11,14,47.34,4,상계동,666,11350,,,
상계주공11(고층),1988,15500,2006,11,14,59.28,4,상계동,652,11350,,,
상계주공11(고층),1988,13350,2006,11,14,49.94,4,상계동,652,11350,,,
상계주공13(고층),1989,8850,2006,11,14,45.9,13,상계동,637,11350,,,
상계주공13(고층),1989,7000,2006,11,14,45.9,13,상계동,637,11350,,,
상계주공16(고층),1988,9700,2006,11,14,45.77,11,상계동,624,11350,,,
상계주공16(고층),1988,14900,2006,11,14,59.39,13,상계동,624,11350,,,
상계주공2(고층),1987,18000,2006,11,14,58.01,5,상계동,740,11350,,,
상계주공4(고층),1988,14400,2006,11,14,49.94,14,상계동,749-5,11350,,,
상계주공5(저층),1987,14400,2006,11,14,31.98,3,상계동,721,11350,,,
상계주공6(고층),1988,13000,2006,11,14,59.28,1,상계동,720,11350,,,
상계주공7(고층),1988,11500,2006,11,14,41.3,7,상계동,691,11350,,,
상계주공7(고층),1988,10850,2006,11,14,45.9,3,상계동,691,11350,,,
상계주공7(고층),1988,10500,2006,11,14,41.3,7,상계동,691,11350,,,
상계주공7(고층),1988,12300,2006,11,14,41.3,3,상계동,691,11350,,,
상계주공7(고층),1988,9800,2006,11,14,45.9,1,상계동,691,11350,,,
상계주공7(고층),1988,12350,2006,11,14,45.9,12,상계동,691,11350,,,
상계주공9(고층),1988,10000,2006,11,14,41.3,8,상계동,670,11350,,,
상계주공9(고층),1988,9000,2006,11,14,45.9,13,상계동,670,11350,,,
상계주공9(고층),1988,9940,2006,11,14,41.3,8,상계동,670,11350,,,
성북역신도브래뉴,2005,8000,2006,11,14,59.8215,8,월계동,941,11350,,,
성원(사슴4),1995,11050,2006,11,14,49.92,13,월계동,322-1,11350,,,
수락산벨리체,2000,65000,2006,11,14,134.94,6,상계동,1265,11350,,,
시영3차(라이프)아파트,1994,12800,2006,11,14,49.5,10,공릉동,715,11350,,,
시영3차(라이프)아파트,1994,8500,2006,11,14,39.6,4,공릉동,715,11350,,,
시영3차(라이프)아파트,1994,8300,2006,11,14,39.6,5,공릉동,715,11350,,,
신일,1998,20800,2006,11,14,84.94,11,중계동,589,11350,,,
신일,1998,14350,2006,11,14,59.97,14,중계동,589,11350,,,
양지마을(대림)1,1998,64000,2006,11,14,114.96,16,중계동,587,11350,,,
양지마을(대림)2,1999,17050,2006,11,14,59.4,18,중계동,588,11350,,,
염광,1996,59300,2006,11,14,131.25,12,중계동,445,11350,,,
우방,1999,15000,2006,11,14,59.74,9,하계동,353,11350,,,
우성,1988,39900,2006,11,14,84.91,14,하계동,270,11350,,,
월계역신도브래뉴,2005,17400,2006,11,14,59.8587,4,월계동,942,11350,,,
은빛1단지,1998,9050,2006,11,14,39.7,11,상계동,1255,11350,,,
장미(시영6),1989,12800,2006,11,14,54.29,5,하계동,273,11350,,,
주공10,1995,23200,2006,11,14,58.14,9,중계동,360-16,11350,,,
주공2,1992,9200,2006,11,14,44.52,5,중계동,369,11350,,,
주공2,1992,8000,2006,11,14,44.52,13,월계동,556,11350,,,
주공4,1991,16500,2006,11,14,59.39,3,중계동,358-2,11350,,,
주공5,1992,19000,2006,11,14,58.46,9,중계동,359-1,11350,,,
주공5,1992,9200,2006,11,14,38.64,6,중계동,359-1,11350,,,
주공8,1993,16400,2006,11,14,49.72,11,중계동,362-1,11350,,,
중계그린1단지,1990,10500,2006,11,14,49.5,15,중계동,502-1,11350,,,
중계그린1단지,1990,10450,2006,11,14,49.85,4,중계동,502-1,11350,,,
중계그린1단지,1990,11500,2006,11,14,49.5,12,중계동,502-1,11350,,,
중앙하이츠(5지역),1996,12500,2006,11,14,59.99,6,상계동,1068,11350,,,
청구,1988,39850,2006,11,14,84.97,13,하계동,284,11350,,,
청솔(시영7),1989,10500,2006,11,14,49.5,11,하계동,274,11350,,,
청암2단지,2001,16300,2006,11,14,59.4,3,상계동,1276,11350,,,
청암2단지,2001,16900,2006,11,14,59.4,8,상계동,1276,11350,,,
청암2단지,2001,12800,2006,11,14,49.77,10,상계동,1276,11350,,,
초안1,1998,7000,2006,11,14,39.6,13,월계동,923,11350,,,
초안2,1997,7500,2006,11,14,39.6,3,월계동,924,11350,,,
태강아파트(아이파크),1999,18500,2006,11,14,59.34,7,공릉동,81,11350,,,
풍림아파트A,2001,36500,2006,11,14,84.99,11,공릉동,725,11350,,,
풍림아파트A,2001,34000,2006,11,14,84.99,12,공릉동,725,11350,,,
한신1,1988,8500,2006,11,14,35.28,12,하계동,284,11350,,,
한신1,1988,5000,2006,11,14,27,12,하계동,284,11350,,,
한신2차,1988,8850,2006,11,14,45.92,7,상계동,451,11350,,,
한신동성,1993,60000,2006,11,14,138.29,3,하계동,256-5,11350,,,
한일1,1999,22000,2006,11,14,84.942,10,월계동,926,11350,,,
한일유앤아이,2005,18000,2006,11,14,59.877,18,상계동,1309,11350,,,
현대,1988,43300,2006,11,14,84.95,14,하계동,270,11350,,,
현대(6차),2018,17400,2006,11,14,59.84,5,중계동,34-5,11350,,,
현대그린,1998,26700,2006,11,14,84.99,5,중계동,49,11350,,,
건영,1988,9500,2006,11,15,45.55,14,하계동,271-3,11350,,,
건영3,1995,33500,2006,11,15,84.9,1,중계동,360-15,11350,,,
경남,1989,26000,2006,11,15,74.2,7,중계동,505,11350,,,
경남,1989,10900,2006,11,15,50.97,2,중계동,505,11350,,,
공릉우성아파트,1995,18100,2006,11,15,84.97,2,공릉동,738,11350,,,
극동,1996,14500,2006,11,15,80.28,12,월계동,803-1,11350,,,
극동,1988,33500,2006,11,15,84.91,9,하계동,271-3,11350,,,
대동,1997,13500,2006,11,15,59.76,8,월계동,925,11350,,,
대아아파트1차,1997,12500,2006,11,15,59.75,5,공릉동,740,11350,,,
동도센트리움(601),2005,32500,2006,11,15,84.77,4,중계동,601,11350,,,
동진신안,1993,58200,2006,11,15,101.99,11,중계동,364,11350,,,
두산,1994,16350,2006,11,15,66.6,8,상계동,1110,11350,,,
두산힐스빌아파트,2000,18000,2006,11,15,59.76,3,공릉동,747,11350,,,
두산힐스빌아파트,2000,17800,2006,11,15,60,3,공릉동,747,11350,,,
롯데(505),1989,50000,2006,11,15,129.91,11,중계동,505,11350,,,
미성,1989,14500,2006,11,15,57.97,12,하계동,280,11350,,,
보람아파트,1988,22000,2006,11,15,68.99,8,상계동,639,11350,,,
보람아파트,1988,14500,2006,11,15,54.59,12,상계동,639,11350,,,
보람아파트,1988,30000,2006,11,15,79.25,8,상계동,639,11350,,,
사슴3,1995,8000,2006,11,15,39.6,14,월계동,320-11,11350,,,
사슴3,1995,11000,2006,11,15,49.5,11,월계동,320-11,11350,,,
삼호3,1986,15500,2006,11,15,59.22,6,월계동,13,11350,,,
상계주공1(고층),1988,19000,2006,11,15,68.86,7,상계동,765,11350,,,
상계주공1(고층),1988,9500,2006,11,15,41.3,12,상계동,765,11350,,,
상계주공1(고층),1988,13000,2006,11,15,49.94,9,상계동,765,11350,,,
상계주공1(고층),1988,12500,2006,11,15,49.94,5,상계동,765,11350,,,
상계주공10(고층),1988,8900,2006,11,15,45.9,1,상계동,666,11350,,,
상계주공10(저층),1988,12200,2006,11,15,47.34,5,상계동,666,11350,,,
상계주공11(고층),1988,15800,2006,11,15,59.28,11,상계동,652,11350,,,
상계주공11(고층),1988,13000,2006,11,15,49.94,2,상계동,652,11350,,,
상계주공12(고층),1988,9900,2006,11,15,49.94,2,상계동,647,11350,,,
상계주공14(고층),1989,8480,2006,11,15,45.9,4,상계동,626,11350,,,
상계주공14(고층),1989,9450,2006,11,15,45.9,13,상계동,626,11350,,,
상계주공14(고층),1989,9400,2006,11,15,45.9,15,상계동,626,11350,,,
상계주공14(고층),1989,9900,2006,11,15,45.9,7,상계동,626,11350,,,
상계주공3(고층),1987,15700,2006,11,15,58.01,3,상계동,730-2,11350,,,
상계주공4(고층),1988,8500,2006,11,15,32.39,15,상계동,749-5,11350,,,
상계주공6(고층),1988,19500,2006,11,15,59.2,5,상계동,720,11350,,,
상계주공6(고층),1988,19900,2006,11,15,58.01,3,상계동,720,11350,,,
상계주공6(고층),1988,14000,2006,11,15,49.94,11,상계동,720,11350,,,
상계주공7(고층),1988,34000,2006,11,15,79.07,10,상계동,691,11350,,,
상계주공7(고층),1988,11400,2006,11,15,45.9,12,상계동,691,11350,,,
상계주공7(고층),1988,15300,2006,11,15,49.94,13,상계동,691,11350,,,
상계주공8(저층),1988,17000,2006,11,15,31.95,1,상계동,677,11350,,,
상계주공9(고층),1988,17700,2006,11,15,61.52,3,상계동,670,11350,,,
상계주공9(고층),1988,8700,2006,11,15,45.9,6,상계동,670,11350,,,
상아,1989,11500,2006,11,15,51.29,2,중계동,505,11350,,,
상아,1989,13450,2006,11,15,51.29,15,중계동,505,11350,,,
상아,1989,27000,2006,11,15,72.73,9,중계동,505,11350,,,
성북맨션,1976,10500,2006,11,15,65.35,2,월계동,383-40,11350,,,
성원(사슴4),1995,14300,2006,11,15,59.94,6,월계동,322-1,11350,,,
성원1,1996,65000,2006,11,15,134.78,11,중계동,580,11350,,,
수락산벨리체,2000,64500,2006,11,15,134.94,8,상계동,1265,11350,,,
수락현대,1995,25000,2006,11,15,84.74,7,상계동,1272,11350,,,
시영3차(라이프)아파트,1994,8000,2006,11,15,39.6,7,공릉동,715,11350,,,
신성미소지움아파트,2004,28300,2006,11,15,84.996,16,공릉동,756,11350,,,
양지마을(대림)2,1999,19700,2006,11,15,59.4,19,중계동,588,11350,,,
염광,1996,49800,2006,11,15,132.21,20,중계동,445,11350,,,
우방,1999,40500,2006,11,15,104.83,13,하계동,353,11350,,,
월계흥화브라운빌,2004,20000,2006,11,15,84.91,9,월계동,939,11350,,,
은빛2단지,1998,11000,2006,11,15,49.77,1,상계동,1256,11350,,,
은빛2단지,1998,13000,2006,11,15,49.77,13,상계동,1256,11350,,,
장미(시영6),1989,12950,2006,11,15,54.29,10,하계동,273,11350,,,
장미(시영6),1989,12000,2006,11,15,54.29,13,하계동,273,11350,,,
장미(시영6),1989,12500,2006,11,15,54.02,4,하계동,273,11350,,,
주공2,1992,9000,2006,11,15,44.52,5,중계동,369,11350,,,
주공2,1992,9300,2006,11,15,44.52,5,중계동,369,11350,,,
주공5,1992,10700,2006,11,15,44.94,7,중계동,359-1,11350,,,
주공5,1992,27000,2006,11,15,84.79,9,중계동,359-1,11350,,,
주공5,1992,7700,2006,11,15,38.64,7,중계동,359-1,11350,,,
주공6,1993,11500,2006,11,15,44.1,3,중계동,364-12,11350,,,
주공6,1993,9700,2006,11,15,44.1,11,중계동,364-12,11350,,,
주공7,1993,10800,2006,11,15,44.1,6,중계동,363-1,11350,,,
중계그린1단지,1990,8700,2006,11,15,39.78,7,중계동,502-1,11350,,,
중계그린1단지,1990,13000,2006,11,15,49.5,9,중계동,502-1,11350,,,
청백3,1998,8000,2006,11,15,39.84,12,월계동,780,11350,,,
청솔(시영7),1989,14200,2006,11,15,59.87,11,하계동,274,11350,,,
청솔(시영7),1989,14000,2006,11,15,59.22,12,하계동,274,11350,,,
청솔(시영7),1989,8200,2006,11,15,39.92,9,하계동,274,11350,,,
청솔아파트8,2000,29500,2006,11,15,84.65,11,공릉동,91,11350,,,
청솔아파트9,2000,31000,2006,11,15,84.99,6,공릉동,90,11350,,,
청암2단지,2001,16900,2006,11,15,59.96,9,상계동,1276,11350,,,
태강아파트(아이파크),1999,17700,2006,11,15,59.34,12,공릉동,81,11350,,,
태강아파트(아이파크),1999,13900,2006,11,15,49.6,8,공릉동,81,11350,,,
태릉우성아파트,1985,18400,2006,11,15,84.97,9,공릉동,254,11350,,,
풍림아파트A,2001,38000,2006,11,15,84.99,6,공릉동,725,11350,,,
하계2현대,1997,34000,2006,11,15,75.35,9,하계동,288,11350,,,
하계2현대,1997,41700,2006,11,15,84.51,12,하계동,288,11350,,,
한신1차,1987,11900,2006,11,15,53.96,7,상계동,135,11350,,,
한신1차,1987,11000,2006,11,15,53.96,13,상계동,135,11350,,,
한신2차,1988,14500,2006,11,15,58.46,4,상계동,451,11350,,,
한신3차,1990,13500,2006,11,15,60.44,9,상계동,458,11350,,,
한신동성,1993,51000,2006,11,15,112.24,1,하계동,256-5,11350,,,
한진한화그랑빌,2002,22800,2006,11,15,59.94,23,월계동,18,11350,,,
현대(3차),1992,25000,2006,11,15,84.35,1,중계동,576,11350,,,
현대(고려)아파트,1999,16800,2006,11,15,70.13,13,공릉동,590-1,11350,,,
현대(고려)아파트,1999,20000,2006,11,15,84.09,11,공릉동,590-1,11350,,,
건영2,1991,27000,2006,11,16,84.96,2,중계동,515-2,11350,,,
건영2,1991,23500,2006,11,16,75.02,2,중계동,515-2,11350,,,
건영아파트,1998,18450,2006,11,16,84.75,7,공릉동,404-3,11350,,,
공릉동한보에센시티아파트,2000,12950,2006,11,16,59.4,1,공릉동,743,11350,,,
공릉해링턴플레이스,2000,50000,2006,11,16,99.917,13,공릉동,106,11350,,,
극동,1996,15100,2006,11,16,80.28,9,월계동,803-1,11350,,,
극동늘푸른,2000,16000,2006,11,16,59.958,14,상계동,1128,11350,,,
금호타운(583),1997,29500,2006,11,16,84.98,7,중계동,583,11350,,,
대동,1997,13500,2006,11,16,59.76,2,월계동,925,11350,,,
대림벽산(363),1993,102000,2006,11,16,141.45,9,중계동,363,11350,,,
대주파크빌아파트,2003,20000,2006,11,16,81.12,3,공릉동,751,11350,,,
동신,1983,18500,2006,11,16,71.77,12,월계동,436,11350,,,
라이프,1993,86000,2006,11,16,115.65,12,중계동,366,11350,,,
미성,1986,17000,2006,11,16,50.14,2,월계동,13,11350,,,
미성,1986,16000,2006,11,16,50.14,14,월계동,13,11350,,,
벽산,1989,14000,2006,11,16,59.9,9,상계동,173-1,11350,,,
벽산,1989,14450,2006,11,16,59.9,5,상계동,173-1,11350,,,
보람아파트,1988,9500,2006,11,16,44.33,8,상계동,639,11350,,,
보람아파트,1988,28800,2006,11,16,79.25,5,상계동,639,11350,,,
보람아파트,1988,9000,2006,11,16,44.33,3,상계동,639,11350,,,
비선아파트,1999,12000,2006,11,16,49.28,4,공릉동,109,11350,,,
비선아파트,1999,16900,2006,11,16,59.87,13,공릉동,109,11350,,,
삼성,1999,34800,2006,11,16,84.75,3,중계동,593,11350,,,
삼익포레스트아파트,1995,39000,2006,11,16,114.88,7,공릉동,737,11350,,,
삼호3,1986,24000,2006,11,16,59.22,9,월계동,13,11350,,,
상계1차현대아파트,1993,19300,2006,11,16,83.92,1,상계동,1055,11350,,,
상계2차중앙하이츠,1998,57800,2006,11,16,134.97,20,상계동,1282,11350,,,
상계불암대림,2000,40000,2006,11,16,114.81,5,상계동,1289,11350,,,
상계불암대림,2000,17000,2006,11,16,59.22,19,상계동,1289,11350,,,
상계우방유쉘,2000,28000,2006,11,16,84.94,17,상계동,1295,11350,,,
상계주공1(고층),1988,8100,2006,11,16,32.39,6,상계동,765,11350,,,
상계주공1(고층),1988,12500,2006,11,16,49.94,9,상계동,765,11350,,,
상계주공10(고층),1988,10000,2006,11,16,45.77,4,상계동,666,11350,,,
상계주공10(고층),1988,17800,2006,11,16,58.01,7,상계동,666,11350,,,
상계주공10(고층),1988,17500,2006,11,16,59.39,9,상계동,666,11350,,,
상계주공10(고층),1988,16580,2006,11,16,60.5,11,상계동,666,11350,,,
상계주공11(고층),1988,12000,2006,11,16,49.94,2,상계동,652,11350,,,
상계주공11(고층),1988,13800,2006,11,16,49.94,9,상계동,652,11350,,,
상계주공13(고층),1989,8400,2006,11,16,45.9,11,상계동,637,11350,,,
상계주공14(고층),1989,13500,2006,11,16,49.94,5,상계동,626,11350,,,
상계주공14(고층),1989,10300,2006,11,16,45.9,6,상계동,626,11350,,,
상계주공14(고층),1989,10000,2006,11,16,45.9,10,상계동,626,11350,,,
상계주공14(고층),1989,9100,2006,11,16,45.55,9,상계동,626,11350,,,
상계주공16(고층),1988,16150,2006,11,16,58.01,11,상계동,624,11350,,,
상계주공2(고층),1987,9290,2006,11,16,41.3,15,상계동,740,11350,,,
상계주공3(고층),1987,18700,2006,11,16,58.01,7,상계동,730-2,11350,,,
상계주공4(고층),1988,35000,2006,11,16,84.2,7,상계동,749-5,11350,,,
상계주공4(고층),1988,9920,2006,11,16,41.3,14,상계동,749-5,11350,,,
상계주공4(고층),1988,10500,2006,11,16,41.3,14,상계동,749-5,11350,,,
상계주공5(저층),1987,15000,2006,11,16,31.98,3,상계동,721,11350,,,
상계주공5(저층),1987,15000,2006,11,16,31.98,1,상계동,721,11350,,,
상계주공6(고층),1988,15000,2006,11,16,58.01,7,상계동,720,11350,,,
상계주공6(고층),1988,18000,2006,11,16,58.01,10,상계동,720,11350,,,
상계주공6(고층),1988,19000,2006,11,16,58.01,10,상계동,720,11350,,,
상계주공6(고층),1988,8600,2006,11,16,32.39,5,상계동,720,11350,,,
상계주공6(고층),1988,20000,2006,11,16,58.01,7,상계동,720,11350,,,
상계주공7(고층),1988,11500,2006,11,16,45.9,10,상계동,691,11350,,,
상계주공7(고층),1988,12500,2006,11,16,45.9,8,상계동,691,11350,,,
상계주공7(고층),1988,12000,2006,11,16,45.55,10,상계동,691,11350,,,
상계주공7(고층),1988,22000,2006,11,16,58.01,3,상계동,691,11350,,,
상계주공7(고층),1988,20550,2006,11,16,58.01,1,상계동,691,11350,,,
상계주공8(저층),1988,23000,2006,11,16,38.52,1,상계동,677,11350,,,
상아,1989,40000,2006,11,16,114.57,5,중계동,505,11350,,,
성원(사슴4),1995,13000,2006,11,16,59.94,7,월계동,322-1,11350,,,
성원2,1995,12300,2006,11,16,56.97,5,중계동,581,11350,,,
성원상떼빌,1999,14200,2006,11,16,59.93,5,상계동,1283,11350,,,
세영아파트,2006,17600,2006,11,16,77.76,5,공릉동,576-11,11350,,,
수락파크빌,2001,40200,2006,11,16,84.62,7,상계동,1269,11350,,,
시영3차(라이프)아파트,1994,8200,2006,11,16,39.6,2,공릉동,715,11350,,,
시영3차(라이프)아파트,1994,7300,2006,11,16,34.44,10,공릉동,715,11350,,,
신성미소지움아파트,2004,31000,2006,11,16,106.319,4,공릉동,756,11350,,,
양지마을(대림)2,1999,19000,2006,11,16,59.4,2,중계동,588,11350,,,
우방아파트,2000,21000,2006,11,16,60.502,10,공릉동,108,11350,,,
월계흥화브라운빌,2004,21900,2006,11,16,84.91,7,월계동,939,11350,,,
은빛1단지,1998,16000,2006,11,16,59.95,9,상계동,1255,11350,,,
은빛1단지,1998,11700,2006,11,16,49.77,4,상계동,1255,11350,,,
장미(시영6),1989,10500,2006,11,16,54.02,1,하계동,273,11350,,,
주공10,1995,24200,2006,11,16,58.14,7,중계동,360-16,11350,,,
주공8,1993,15600,2006,11,16,49.72,10,중계동,362-1,11350,,,
중계그린1단지,1990,13600,2006,11,16,49.5,7,중계동,502-1,11350,,,
중계그린1단지,1990,9000,2006,11,16,49.5,4,중계동,502-1,11350,,,
중계그린1단지,1990,15000,2006,11,16,59.46,12,중계동,502-1,11350,,,
중계그린1단지,1990,11500,2006,11,16,49.5,6,중계동,502-1,11350,,,
중계그린1단지,1990,8500,2006,11,16,39.91,4,중계동,502-1,11350,,,
중계무지개,1991,11700,2006,11,16,49.54,9,중계동,512,11350,,,
중계무지개,1991,8600,2006,11,16,39.96,6,중계동,512,11350,,,
중계무지개,1991,11500,2006,11,16,49.89,14,중계동,512,11350,,,
중계스타클래스,2005,28000,2006,11,16,84.686,2,중계동,599,11350,,,
청암2단지,2001,12000,2006,11,16,49.77,2,상계동,1276,11350,,,
청암2단지,2001,12500,2006,11,16,49.77,10,상계동,1276,11350,,,
태강아파트(아이파크),1999,13000,2006,11,16,49.6,8,공릉동,81,11350,,,
하계2현대,1997,36000,2006,11,16,84.51,1,하계동,288,11350,,,
한신3차,1990,14500,2006,11,16,60.44,11,상계동,458,11350,,,
한신3차,1990,12800,2006,11,16,60.44,1,상계동,458,11350,,,
한일1,1999,22000,2006,11,16,84.942,10,월계동,926,11350,,,
한진한화그랑빌,2002,33900,2006,11,16,84.97,20,월계동,18,11350,,,
한진한화그랑빌,2002,34000,2006,11,16,84.97,26,월계동,18,11350,,,
한진한화그랑빌,2002,20900,2006,11,16,59.94,16,월계동,18,11350,,,
한진한화그랑빌,2002,45000,2006,11,16,114.97,24,월계동,18,11350,,,
한진한화그랑빌,2002,31000,2006,11,16,84.97,19,월계동,18,11350,,,
한화꿈에그린,2005,62800,2006,11,16,125.027,3,중계동,598,11350,,,
현대,2000,18000,2006,11,16,59.95,17,월계동,929,11350,,,
현대,2000,18000,2006,11,16,59.95,17,월계동,929,11350,,,
현대,2000,16300,2006,11,16,59.95,20,월계동,929,11350,,,
현대,2000,16500,2006,11,16,59.95,4,월계동,929,11350,,,
LIG건영,1998,20500,2006,11,17,84.44,1,중계동,586,11350,,,
건영,1988,26300,2006,11,17,74.58,4,하계동,271-3,11350,,,
건영,1988,14400,2006,11,17,53.14,10,하계동,271-3,11350,,,
건영,1988,13500,2006,11,17,53.14,9,하계동,271-3,11350,,,
건영2,1991,25900,2006,11,17,75.02,13,중계동,515-2,11350,,,
건영3,1995,44500,2006,11,17,84.9,9,중계동,360-15,11350,,,
건영아파트,1998,23500,2006,11,17,106.06,2,공릉동,404-3,11350,,,
공릉동한보에센시티아파트,2000,15000,2006,11,17,59.4,17,공릉동,743,11350,,,
노원현대,1997,25700,2006,11,17,84.78,11,상계동,359,11350,,,
동아불암,1999,27500,2006,11,17,84.9,21,상계동,1285,11350,,,
동양엔파트,2003,34400,2006,11,17,84.88,2,상계동,1305,11350,,,
미륭,1986,16800,2006,11,17,51.48,6,월계동,13,11350,,,
벽산,1988,13850,2006,11,17,57.71,1,하계동,271-3,11350,,,
벽산,1989,8500,2006,11,17,46.8,12,상계동,173-1,11350,,,
삼호3,1986,22500,2006,11,17,59.22,6,월계동,13,11350,,,
삼호4,1987,14800,2006,11,17,50.18,7,월계동,12,11350,,,
상계대림,1989,13000,2006,11,17,59.67,8,상계동,172,11350,,,
상계대림e편한세상,2002,16500,2006,11,17,55.77,16,상계동,1301,11350,,,
상계불암대림,2000,26000,2006,11,17,84.96,4,상계동,1289,11350,,,
상계주공1(고층),1988,8300,2006,11,17,41.3,13,상계동,765,11350,,,
상계주공10(고층),1988,10500,2006,11,17,49.94,6,상계동,666,11350,,,
상계주공10(고층),1988,9800,2006,11,17,45.9,7,상계동,666,11350,,,
상계주공10(저층),1988,9800,2006,11,17,47.34,1,상계동,666,11350,,,
상계주공11(고층),1988,8750,2006,11,17,41.3,15,상계동,652,11350,,,
상계주공14(고층),1989,11800,2006,11,17,49.94,5,상계동,626,11350,,,
상계주공14(고층),1989,8870,2006,11,17,45.55,14,상계동,626,11350,,,
상계주공2(고층),1987,7900,2006,11,17,32.39,14,상계동,740,11350,,,
상계주공2(고층),1987,18000,2006,11,17,58.01,4,상계동,740,11350,,,
상계주공2(고층),1987,9900,2006,11,17,41.3,13,상계동,740,11350,,,
상계주공2(저층),1987,26000,2006,11,17,71.89,1,상계동,740,11350,,,
상계주공3(고층),1987,32000,2006,11,17,73.94,8,상계동,730-2,11350,,,
상계주공4(고층),1988,10200,2006,11,17,41.3,13,상계동,749-5,11350,,,
상계주공4(고층),1988,18300,2006,11,17,59.39,9,상계동,749-5,11350,,,
상계주공6(고층),1988,19000,2006,11,17,58.01,7,상계동,720,11350,,,
상계주공7(고층),1988,12400,2006,11,17,45.55,2,상계동,691,11350,,,
상계주공7(고층),1988,11000,2006,11,17,45.9,3,상계동,691,11350,,,
상계주공7(고층),1988,12000,2006,11,17,45.55,5,상계동,691,11350,,,
상계주공7(고층),1988,15000,2006,11,17,49.94,15,상계동,691,11350,,,
상계주공8(저층),1988,15500,2006,11,17,31.95,2,상계동,677,11350,,,
상계주공8(저층),1988,30000,2006,11,17,47.25,5,상계동,677,11350,,,
상계주공9(고층),1988,10000,2006,11,17,45.9,9,상계동,670,11350,,,
상계주공9(고층),1988,9600,2006,11,17,41.3,13,상계동,670,11350,,,
상계주공9(고층),1988,10000,2006,11,17,45.9,9,상계동,670,11350,,,
성원(사슴4),1995,8500,2006,11,17,39.6,8,월계동,322-1,11350,,,
시영2단지(라이프)아파트,1994,12400,2006,11,17,49.5,9,공릉동,707,11350,,,
시영2단지(라이프)아파트,1994,8500,2006,11,17,39.6,4,공릉동,707,11350,,,
양지마을(대림)2,1999,59800,2006,11,17,114.81,6,중계동,588,11350,,,
우방,1999,39800,2006,11,17,104.83,11,하계동,353,11350,,,
우성,1988,65000,2006,11,17,127.22,7,하계동,270,11350,,,
은빛1단지,1998,10850,2006,11,17,49.77,3,상계동,1255,11350,,,
은빛1단지,1998,14500,2006,11,17,59.95,4,상계동,1255,11350,,,
은빛1단지,1998,15400,2006,11,17,59.92,12,상계동,1255,11350,,,
장미(시영6),1989,8450,2006,11,17,43.41,1,하계동,273,11350,,,
장미(시영6),1989,14500,2006,11,17,65.33,11,하계동,273,11350,,,
장미(시영6),1989,8850,2006,11,17,43.56,6,하계동,273,11350,,,
장미(시영6),1989,15000,2006,11,17,65.33,2,하계동,273,11350,,,
장은하이빌,2002,22800,2006,11,17,81.8788,16,월계동,931,11350,,,
주공2,1992,9000,2006,11,17,44.52,7,중계동,369,11350,,,
주공5,1992,8500,2006,11,17,38.64,8,중계동,359-1,11350,,,
중계그린1단지,1990,8900,2006,11,17,39.78,10,중계동,502-1,11350,,,
중계그린1단지,1990,7950,2006,11,17,39.92,2,중계동,502-1,11350,,,
중계그린1단지,1990,12600,2006,11,17,49.5,11,중계동,502-1,11350,,,
중계무지개,1991,9000,2006,11,17,39.82,8,중계동,512,11350,,,
태강아파트(아이파크),1999,12300,2006,11,17,49.6,4,공릉동,81,11350,,,
태릉우성아파트,1985,26000,2006,11,17,66.87,6,공릉동,254,11350,,,
하계1청구,1997,46400,2006,11,17,84.6,9,하계동,251,11350,,,
학여울청구,1999,17000,2006,11,17,59.4,3,하계동,354,11350,,,
학여울청구,1999,26750,2006,11,17,84.77,1,하계동,354,11350,,,
한신1,1988,8200,2006,11,17,35.28,8,하계동,284,11350,,,
한신2차,1988,8700,2006,11,17,45.92,3,상계동,451,11350,,,
한일1,1999,22000,2006,11,17,84.942,7,월계동,926,11350,,,
한진한화그랑빌,2002,21900,2006,11,17,59.94,7,월계동,18,11350,,,
한진한화그랑빌,2002,34700,2006,11,17,84.97,11,월계동,18,11350,,,
현대,2000,16950,2006,11,17,59.95,25,월계동,929,11350,,,
현대,2000,31000,2006,11,17,84.98,6,월계동,929,11350,,,
현대,2000,17600,2006,11,17,59.95,18,월계동,929,11350,,,
공릉우성아파트,1995,23000,2006,11,18,84.97,5,공릉동,738,11350,,,
극동,1988,34000,2006,11,18,84.91,11,하계동,271-3,11350,,,
대동,1997,22750,2006,11,18,84.85,11,월계동,925,11350,,,
대동,1997,22750,2006,11,18,84.85,1,월계동,925,11350,,,
대아2차아파트,2000,19800,2006,11,18,84.87,3,공릉동,492-1,11350,,,
동부아파트,1996,22650,2006,11,18,84.79,6,공릉동,705,11350,,,
동아불암,1999,26000,2006,11,18,84.9,22,상계동,1285,11350,,,
미성,1986,17900,2006,11,18,50.14,2,월계동,13,11350,,,
벽산,1989,19300,2006,11,18,75.03,3,상계동,173-1,11350,,,
불암현대,1999,25500,2006,11,18,84.9,1,상계동,1293,11350,,,
사슴3,1995,12450,2006,11,18,49.5,6,월계동,320-11,11350,,,
사슴3,1995,11000,2006,11,18,49.5,7,월계동,320-11,11350,,,
삼성,1999,16300,2006,11,18,59.9,2,중계동,593,11350,,,
삼성,1999,16600,2006,11,18,59.9,14,중계동,593,11350,,,
삼익4단지아파트,1994,8700,2006,11,18,39.6,13,공릉동,714,11350,,,
삼익선경,1993,45000,2006,11,18,107.95,1,하계동,255-1,11350,,,
삼익포레스트아파트,1995,24900,2006,11,18,84.6,2,공릉동,737,11350,,,
삼창,1984,17000,2006,11,18,56.59,11,월계동,448-3,11350,,,
삼호4,1987,15000,2006,11,18,50.18,2,월계동,12,11350,,,
상계1차현대아파트,1993,18700,2006,11,18,83.92,1,상계동,1055,11350,,,
상계2차중앙하이츠,1998,18000,2006,11,18,59.82,15,상계동,1282,11350,,,
상계대림e편한세상,2002,15000,2006,11,18,55.77,2,상계동,1301,11350,,,
상계주공1(고층),1988,16300,2006,11,18,58.01,6,상계동,765,11350,,,
상계주공1(고층),1988,17000,2006,11,18,58.01,6,상계동,765,11350,,,
상계주공1(고층),1988,16300,2006,11,18,59.39,10,상계동,765,11350,,,
상계주공1(고층),1988,8800,2006,11,18,41.3,13,상계동,765,11350,,,
상계주공1(고층),1988,14000,2006,11,18,58.01,5,상계동,765,11350,,,
상계주공11(고층),1988,13800,2006,11,18,49.94,7,상계동,652,11350,,,
상계주공11(고층),1988,17500,2006,11,18,58.01,3,상계동,652,11350,,,
상계주공11(고층),1988,9400,2006,11,18,41.3,4,상계동,652,11350,,,
상계주공12(고층),1988,10050,2006,11,18,41.3,6,상계동,647,11350,,,
상계주공13(고층),1989,8450,2006,11,18,45.9,14,상계동,637,11350,,,
상계주공13(고층),1989,8100,2006,11,18,45.55,6,상계동,637,11350,,,
상계주공13(고층),1989,9700,2006,11,18,49.94,3,상계동,637,11350,,,
상계주공13(고층),1989,14000,2006,11,18,58.01,3,상계동,637,11350,,,
상계주공14(고층),1989,8500,2006,11,18,45.9,2,상계동,626,11350,,,
상계주공14(고층),1989,9100,2006,11,18,45.9,15,상계동,626,11350,,,
상계주공14(고층),1989,9100,2006,11,18,41.3,6,상계동,626,11350,,,
상계주공14(고층),1989,9250,2006,11,18,41.3,8,상계동,626,11350,,,
상계주공2(고층),1987,11000,2006,11,18,41.3,6,상계동,740,11350,,,
상계주공2(고층),1987,19050,2006,11,18,58.01,10,상계동,740,11350,,,
상계주공4(고층),1988,19000,2006,11,18,58.01,10,상계동,749-5,11350,,,
상계주공6(고층),1988,22000,2006,11,18,58.01,8,상계동,720,11350,,,
상계주공7(고층),1988,12600,2006,11,18,45.9,6,상계동,691,11350,,,
상계주공7(고층),1988,20000,2006,11,18,59.39,13,상계동,691,11350,,,
상계주공7(고층),1988,9340,2006,11,18,41.3,2,상계동,691,11350,,,
상계주공9(고층),1988,13250,2006,11,18,49.94,10,상계동,670,11350,,,
상계주공9(고층),1988,12100,2006,11,18,49.94,2,상계동,670,11350,,,
상계현대3차,1999,27000,2006,11,18,84.96,9,상계동,1063,11350,,,
성원1,1996,24000,2006,11,18,59.75,10,중계동,580,11350,,,
시영2단지(라이프)아파트,1994,8250,2006,11,18,39.6,11,공릉동,707,11350,,,
우림루미아트1,2004,26500,2006,11,18,84.887,2,상계동,1306,11350,,,
은빛2단지,1998,8500,2006,11,18,39.69,9,상계동,1256,11350,,,
장미(시영6),1989,17700,2006,11,18,64.62,9,하계동,273,11350,,,
장미(시영6),1989,12400,2006,11,18,49.5,2,하계동,273,11350,,,
장미(시영6),1989,12900,2006,11,18,54.29,4,하계동,273,11350,,,
장미(시영6),1989,10600,2006,11,18,54.02,1,하계동,273,11350,,,
장미(시영6),1989,17500,2006,11,18,64.88,5,하계동,273,11350,,,
주공2,1992,9450,2006,11,18,44.52,4,중계동,369,11350,,,
주공4,1991,29000,2006,11,18,76.51,7,중계동,358-2,11350,,,
주공4,1991,28400,2006,11,18,76.51,11,중계동,358-2,11350,,,
주공8,1993,16400,2006,11,18,49.72,6,중계동,362-1,11350,,,
중계그린1단지,1990,8000,2006,11,18,39.91,2,중계동,502-1,11350,,,
중계그린1단지,1990,13920,2006,11,18,49.85,14,중계동,502-1,11350,,,
중계그린1단지,1990,17400,2006,11,18,59.46,7,중계동,502-1,11350,,,
중계그린1단지,1990,13000,2006,11,18,49.85,12,중계동,502-1,11350,,,
중계무지개,1991,13000,2006,11,18,49.89,11,중계동,512,11350,,,
청구3,1996,50000,2006,11,18,84.77,14,중계동,360-2,11350,,,
청솔(시영7),1989,12000,2006,11,18,49.85,10,하계동,274,11350,,,
초안1,1998,10500,2006,11,18,49.6,10,월계동,923,11350,,,
풍림아이원,2005,24500,2006,11,18,59.149,10,월계동,944,11350,,,
한신1,1988,8500,2006,11,18,35.28,7,하계동,284,11350,,,
한신3차,1990,11000,2006,11,18,60.44,1,상계동,458,11350,,,
한진한화그랑빌,2002,22000,2006,11,18,59.94,10,월계동,18,11350,,,
한진한화그랑빌,2002,33900,2006,11,18,84.97,20,월계동,18,11350,,,
한창늘푸른,2003,24500,2006,11,18,105.65,5,상계동,925-1,11350,,,
한화꿈에그린,2005,46000,2006,11,18,84.902,11,중계동,598,11350,,,
한화꿈에그린,2005,43500,2006,11,18,84.902,9,중계동,598,11350,,,
한화꿈에그린,2005,47300,2006,11,18,84.902,12,중계동,598,11350,,,
현대(6차),2018,37800,2006,11,18,84.98,13,중계동,34-5,11350,,,
현대(6차),2018,17000,2006,11,18,59.84,7,중계동,34-5,11350,,,
현대2차,1993,20500,2006,11,18,82.68,12,상계동,1078,11350,,,
미도,1988,30200,2006,11,19,87.57,2,상계동,766-1,11350,,,
미도,1988,35000,2006,11,19,87.57,10,상계동,766-1,11350,,,
벽산,1988,13900,2006,11,19,57.71,1,하계동,271-3,11350,,,
보람아파트,1988,9500,2006,11,19,44.33,13,상계동,639,11350,,,
상계주공1(고층),1988,10000,2006,11,19,41.3,7,상계동,765,11350,,,
상계주공10(고층),1988,13450,2006,11,19,49.94,12,상계동,666,11350,,,
수락현대,1995,25500,2006,11,19,84.87,11,상계동,1272,11350,,,
주공5,1992,34000,2006,11,19,76.51,7,중계동,359-1,11350,,,
청백3,1998,10450,2006,11,19,49.77,4,월계동,780,11350,,,
건영3,1995,43000,2006,11,20,84.9,8,중계동,360-15,11350,,,
건영아파트,1998,12200,2006,11,20,59.94,1,공릉동,404-3,11350,,,
경남,1989,13000,2006,11,20,50.97,8,중계동,505,11350,,,
공릉동한보에센시티아파트,2000,16000,2006,11,20,59.4,12,공릉동,743,11350,,,
공릉해링턴플레이스,2000,56000,2006,11,20,99.917,12,공릉동,106,11350,,,
대동아파트2,1999,20100,2006,11,20,84.81,2,공릉동,380-1,11350,,,
동부아파트,1996,22000,2006,11,20,84.79,9,공릉동,705,11350,,,
벽산,1988,16000,2006,11,20,57.71,11,하계동,271-3,11350,,,
벽산,1989,8600,2006,11,20,43.35,12,상계동,173-1,11350,,,
벽산,1989,9000,2006,11,20,46.8,13,상계동,173-1,11350,,,
보람아파트,1988,9000,2006,11,20,44.33,12,상계동,639,11350,,,
보람아파트,1988,22000,2006,11,20,68.99,7,상계동,639,11350,,,
보람아파트,1988,9000,2006,11,20,44.33,7,상계동,639,11350,,,
보람아파트,1988,10500,2006,11,20,44.33,5,상계동,639,11350,,,
보람아파트,1988,10500,2006,11,20,44.33,12,상계동,639,11350,,,
비선아파트,1999,15000,2006,11,20,48.6,13,공릉동,109,11350,,,
비선아파트,1999,14000,2006,11,20,48.6,8,공릉동,109,11350,,,
비선아파트,1999,12950,2006,11,20,48.93,4,공릉동,109,11350,,,
삼익2차아파트,2004,15900,2006,11,20,54.74,10,공릉동,754,11350,,,
삼익포레스트아파트,1995,11600,2006,11,20,51.03,4,공릉동,737,11350,,,
삼호3,1986,23500,2006,11,20,59.22,13,월계동,13,11350,,,
삼호3,1986,24000,2006,11,20,59.22,10,월계동,13,11350,,,
상계대림,1989,14200,2006,11,20,59.67,8,상계동,172,11350,,,
상계불암대림,2000,16000,2006,11,20,59.22,12,상계동,1289,11350,,,
상계주공1(고층),1988,14500,2006,11,20,58.01,11,상계동,765,11350,,,
상계주공1(고층),1988,8750,2006,11,20,41.3,14,상계동,765,11350,,,
상계주공10(고층),1988,9000,2006,11,20,41.3,10,상계동,666,11350,,,
상계주공10(고층),1988,9800,2006,11,20,45.9,6,상계동,666,11350,,,
상계주공10(고층),1988,10300,2006,11,20,41.3,9,상계동,666,11350,,,
상계주공12(고층),1988,10000,2006,11,20,41.3,4,상계동,647,11350,,,
상계주공13(고층),1989,9400,2006,11,20,45.9,9,상계동,637,11350,,,
상계주공14(고층),1989,10300,2006,11,20,45.55,13,상계동,626,11350,,,
상계주공16(고층),1988,9350,2006,11,20,45.77,5,상계동,624,11350,,,
상계주공2(저층),1987,25800,2006,11,20,71.89,3,상계동,740,11350,,,
상계주공6(고층),1988,15300,2006,11,20,49.94,10,상계동,720,11350,,,
상계주공6(고층),1988,20900,2006,11,20,58.01,12,상계동,720,11350,,,
상계주공7(고층),1988,12000,2006,11,20,45.9,6,상계동,691,11350,,,
상계주공7(고층),1988,11500,2006,11,20,45.77,13,상계동,691,11350,,,
상계주공7(고층),1988,18000,2006,11,20,59.39,1,상계동,691,11350,,,
상계주공7(고층),1988,11500,2006,11,20,45.55,15,상계동,691,11350,,,
상계주공7(고층),1988,13340,2006,11,20,45.55,7,상계동,691,11350,,,
상계주공9(고층),1988,7500,2006,11,20,45.9,1,상계동,670,11350,,,
성원상떼빌,1999,14725,2006,11,20,59.93,7,상계동,1283,11350,,,
세양청마루,2005,25500,2006,11,20,84.957,4,월계동,943,11350,,,
세양청마루,2005,25300,2006,11,20,84.957,6,월계동,943,11350,,,
세양청마루,2005,25500,2006,11,20,84.957,5,월계동,943,11350,,,
수락현대,1995,19500,2006,11,20,84.87,1,상계동,1272,11350,,,
시영2단지(라이프)아파트,1994,12200,2006,11,20,49.5,8,공릉동,707,11350,,,
신동아(366),1993,80000,2006,11,20,115.35,7,중계동,366,11350,,,
양지마을(대림)2,1999,40000,2006,11,20,84.88,12,중계동,588,11350,,,
염광,1996,18000,2006,11,20,59.34,5,중계동,445,11350,,,
우남그랜드,2001,26900,2006,11,20,84.73,21,월계동,930,11350,,,
유원,1998,11750,2006,11,20,59.93,5,월계동,880,11350,,,
장미(시영6),1989,13900,2006,11,20,64.62,2,하계동,273,11350,,,
장미(시영6),1989,10800,2006,11,20,54.02,7,하계동,273,11350,,,
장미(시영6),1989,18300,2006,11,20,64.88,11,하계동,273,11350,,,
장미(시영6),1989,8500,2006,11,20,43.56,4,하계동,273,11350,,,
장미(시영6),1989,8600,2006,11,20,43.41,8,하계동,273,11350,,,
주공2,1992,8400,2006,11,20,44.52,3,월계동,556,11350,,,
주공2,1992,6400,2006,11,20,38.64,9,월계동,556,11350,,,
주공4,1991,17450,2006,11,20,59.39,12,중계동,358-2,11350,,,
주공6,1993,9600,2006,11,20,44.1,8,중계동,364-12,11350,,,
주공7,1993,10000,2006,11,20,44.1,8,중계동,363-1,11350,,,
주공8,1993,16400,2006,11,20,49.72,13,중계동,362-1,11350,,,
중계그린1단지,1990,13050,2006,11,20,49.85,5,중계동,502-1,11350,,,
중계그린1단지,1990,11500,2006,11,20,49.5,2,중계동,502-1,11350,,,
중계그린1단지,1990,16000,2006,11,20,59.22,15,중계동,502-1,11350,,,
중계무지개,1991,9500,2006,11,20,39.96,13,중계동,512,11350,,,
중계무지개,1991,9500,2006,11,20,39.82,7,중계동,512,11350,,,
중앙하이츠,1998,22000,2006,11,20,72.69,5,중계동,161-1,11350,,,
진로유통조합대림,1992,28500,2006,11,20,84.94,5,중계동,78,11350,,,
청구,1988,26300,2006,11,20,70.69,1,하계동,284,11350,,,
청구,1988,38000,2006,11,20,84.97,3,하계동,284,11350,,,
청백3,1998,12000,2006,11,20,59.4,15,월계동,780,11350,,,
청백4,1998,12500,2006,11,20,59.4,4,월계동,781,11350,,,
청백4,1998,20000,2006,11,20,84.54,1,월계동,781,11350,,,
청솔(시영7),1989,8300,2006,11,20,39.78,3,하계동,274,11350,,,
청솔(시영7),1989,16500,2006,11,20,59.22,7,하계동,274,11350,,,
청암2단지,2001,13500,2006,11,20,49.77,12,상계동,1276,11350,,,
청암2단지,2001,13000,2006,11,20,49.77,7,상계동,1276,11350,,,
청암2단지,2001,18000,2006,11,20,59.4,18,상계동,1276,11350,,,
태릉우성아파트,1985,22000,2006,11,20,66.87,2,공릉동,254,11350,,,
풍림아이원,2005,37000,2006,11,20,84.303,5,월계동,944,11350,,,
풍림아파트A,2001,25800,2006,11,20,59.94,5,공릉동,725,11350,,,
풍림아파트A,2001,39000,2006,11,20,84.99,7,공릉동,725,11350,,,
풍림아파트A,2001,19400,2006,11,20,59.94,19,공릉동,725,11350,,,
풍림아파트A,2001,34500,2006,11,20,84.99,7,공릉동,725,11350,,,
풍림아파트B,2001,8000,2006,11,20,31.32,10,공릉동,727,11350,,,
풍림아파트B,2001,8000,2006,11,20,31.32,5,공릉동,727,11350,,,
한신1,1988,8000,2006,11,20,35.28,1,하계동,284,11350,,,
한신2,1988,12000,2006,11,20,44.52,14,하계동,284,11350,,,
한신2차,1988,9000,2006,11,20,45.92,14,상계동,451,11350,,,
한신월드,2005,22000,2006,11,20,84.38,2,중계동,68-1,11350,,,
한진한화그랑빌,2002,35000,2006,11,20,84.97,24,월계동,18,11350,,,
한진한화그랑빌,2002,29850,2006,11,20,84.97,3,월계동,18,11350,,,
한진한화그랑빌,2002,19900,2006,11,20,59.94,1,월계동,18,11350,,,
한진한화그랑빌,2002,20000,2006,11,20,59.94,18,월계동,18,11350,,,
한진한화그랑빌,2002,20000,2006,11,20,59.94,4,월계동,18,11350,,,
현대,1988,42000,2006,11,20,84.95,5,하계동,270,11350,,,
현대(3차),1992,31000,2006,11,20,84.35,7,중계동,576,11350,,,
현대(6차),2018,17000,2006,11,20,59.84,6,중계동,34-5,11350,,,
현대2(4차),1993,24500,2006,11,20,84.78,6,중계동,578,11350,,,
건영,1988,11200,2006,11,21,53.14,1,하계동,271-3,11350,,,
금호타운,1995,23000,2006,11,21,84.39,6,상계동,1270,11350,,,
금호타운(583),1997,26500,2006,11,21,84.98,1,중계동,583,11350,,,
노원우성,1992,24390,2006,11,21,84.88,10,상계동,1251,11350,,,
대망드림힐1,2003,21750,2006,11,21,67.239,9,상계동,1304,11350,,,
대아2차아파트,2000,13300,2006,11,21,59.88,2,공릉동,492-1,11350,,,
대주파크빌아파트,2003,24000,2006,11,21,80.992,17,공릉동,751,11350,,,
동신아파트,1999,16000,2006,11,21,59.99,5,공릉동,745,11350,,,
동아불암,1999,26300,2006,11,21,84.9,4,상계동,1285,11350,,,
동진,1988,7114,2006,11,21,47.61,2,중계동,103,11350,,,
라이프,1993,75000,2006,11,21,115.65,11,중계동,366,11350,,,
미성,1986,18500,2006,11,21,50.14,14,월계동,13,11350,,,
미성,1986,13500,2006,11,21,50.14,2,월계동,13,11350,,,
미성,1986,13700,2006,11,21,33.28,2,월계동,13,11350,,,
미성,1986,18000,2006,11,21,50.14,12,월계동,13,11350,,,
미성,1986,11000,2006,11,21,33.28,1,월계동,13,11350,,,
벽산,1989,8770,2006,11,21,46.8,8,상계동,173-1,11350,,,
보람아파트,1988,14500,2006,11,21,54.59,13,상계동,639,11350,,,
불암현대,1999,17500,2006,11,21,59.4,19,상계동,1293,11350,,,
불암현대,1999,15100,2006,11,21,59.4,3,상계동,1293,11350,,,
삼성,1999,16500,2006,11,21,59.9,2,중계동,593,11350,,,
삼익4단지아파트,1994,14950,2006,11,21,59.04,5,공릉동,714,11350,,,
삼익포레스트아파트,1995,12400,2006,11,21,51.03,10,공릉동,737,11350,,,
삼익포레스트아파트,1995,10600,2006,11,21,51.03,8,공릉동,737,11350,,,
상계1차중앙하이츠,1997,27700,2006,11,21,84.6,2,상계동,1279,11350,,,
상계주공1(고층),1988,14500,2006,11,21,59.2,10,상계동,765,11350,,,
상계주공10(고층),1988,9800,2006,11,21,45.9,11,상계동,666,11350,,,
상계주공11(고층),1988,18000,2006,11,21,58.01,8,상계동,652,11350,,,
상계주공12(고층),1988,9000,2006,11,21,41.3,8,상계동,647,11350,,,
상계주공13(고층),1989,8700,2006,11,21,41.3,11,상계동,637,11350,,,
상계주공14(고층),1989,8500,2006,11,21,45.9,1,상계동,626,11350,,,
상계주공16(고층),1988,14000,2006,11,21,59.39,14,상계동,624,11350,,,
상계주공16(고층),1988,15290,2006,11,21,58.01,9,상계동,624,11350,,,
상계주공16(고층),1988,15800,2006,11,21,58.01,7,상계동,624,11350,,,
상계주공2(고층),1987,16500,2006,11,21,60.5,10,상계동,740,11350,,,
상계주공2(고층),1987,11800,2006,11,21,41.3,9,상계동,740,11350,,,
상계주공3(고층),1987,20000,2006,11,21,59.39,10,상계동,730-2,11350,,,
상계주공4(고층),1988,8000,2006,11,21,32.39,13,상계동,749-5,11350,,,
상계주공4(고층),1988,8100,2006,11,21,32.39,11,상계동,749-5,11350,,,
상계주공5(저층),1987,15500,2006,11,21,31.98,5,상계동,721,11350,,,
상계주공6(고층),1988,12400,2006,11,21,41.3,11,상계동,720,11350,,,
상계주공6(고층),1988,20000,2006,11,21,58.01,2,상계동,720,11350,,,
상계주공6(고층),1988,19000,2006,11,21,58.01,4,상계동,720,11350,,,
상계주공7(고층),1988,16000,2006,11,21,49.94,12,상계동,691,11350,,,
상계주공7(고층),1988,13000,2006,11,21,45.9,6,상계동,691,11350,,,
상계주공7(고층),1988,12000,2006,11,21,45.9,11,상계동,691,11350,,,
상계주공8(저층),1988,35140,2006,11,21,47.25,5,상계동,677,11350,,,
상계주공8(저층),1988,17000,2006,11,21,31.95,5,상계동,677,11350,,,
서일이츠뷰,2005,21000,2006,11,21,84.983,2,공릉동,371-11,11350,,,
성원(사슴4),1995,13500,2006,11,21,59.94,7,월계동,322-1,11350,,,
성원상떼빌,1999,21600,2006,11,21,84.99,6,상계동,1283,11350,,,
세양청마루,2005,25500,2006,11,21,84.957,5,월계동,943,11350,,,
염광,1996,58000,2006,11,21,131.25,6,중계동,445,11350,,,
염광,1996,47800,2006,11,21,132.21,18,중계동,445,11350,,,
우방,1999,30000,2006,11,21,83.12,3,하계동,353,11350,,,
우방,1999,15800,2006,11,21,59.74,8,하계동,353,11350,,,
은빛1단지,1998,12800,2006,11,21,49.77,3,상계동,1255,11350,,,
은빛2단지,1998,12000,2006,11,21,49.77,3,상계동,1256,11350,,,
은빛2단지,1998,14450,2006,11,21,59.95,11,상계동,1256,11350,,,
장미(시영6),1989,13200,2006,11,21,54.02,10,하계동,273,11350,,,
주공2,1992,9500,2006,11,21,44.52,11,중계동,369,11350,,,
주공4,1991,17250,2006,11,21,59.39,6,중계동,358-2,11350,,,
주공6,1993,9800,2006,11,21,44.1,8,중계동,364-12,11350,,,
주공8,1993,16200,2006,11,21,49.72,8,중계동,362-1,11350,,,
중계그린1단지,1990,13200,2006,11,21,49.5,12,중계동,502-1,11350,,,
중계무지개,1991,14000,2006,11,21,59.26,3,중계동,512,11350,,,
중계무지개,1991,13000,2006,11,21,49.89,14,중계동,512,11350,,,
중계무지개,1991,10800,2006,11,21,49.89,1,중계동,512,11350,,,
중계현대2,1991,29500,2006,11,21,84.34,10,중계동,435-1,11350,,,
청백3,1998,12700,2006,11,21,59.4,15,월계동,780,11350,,,
청솔(시영7),1989,11900,2006,11,21,49.85,6,하계동,274,11350,,,
청암2단지,2001,16850,2006,11,21,59.4,14,상계동,1276,11350,,,
청암2단지,2001,13400,2006,11,21,49.77,12,상계동,1276,11350,,,
초안2,1997,12400,2006,11,21,59.85,12,월계동,924,11350,,,
태강아파트(아이파크),1999,17000,2006,11,21,59.38,4,공릉동,81,11350,,,
한신1,1988,9000,2006,11,21,35.28,15,하계동,284,11350,,,
한신2차,1988,9000,2006,11,21,45.92,9,상계동,451,11350,,,
한신동성,1993,60000,2006,11,21,138.29,3,하계동,256-5,11350,,,
한양,1988,28500,2006,11,21,86.62,1,상계동,757,11350,,,
한일2,2000,35000,2006,11,21,114.816,4,월계동,927,11350,,,
한진한화그랑빌,2002,56600,2006,11,21,139.08,11,월계동,18,11350,,,
한진한화그랑빌,2002,32700,2006,11,21,84.97,18,월계동,18,11350,,,
현대아파트,1984,30000,2006,11,21,62.27,3,공릉동,230,11350,,,
현대아파트,1984,30000,2006,11,21,62.27,5,공릉동,230,11350,,,
건영아파트,1998,18000,2006,11,22,84.75,17,공릉동,404-3,11350,,,
건영아파트,1998,25000,2006,11,22,106.06,9,공릉동,404-3,11350,,,
경남,1989,35000,2006,11,22,84.97,14,중계동,505,11350,,,
극동,1996,16900,2006,11,22,80.28,13,월계동,803-1,11350,,,
대망드림힐1,2003,20500,2006,11,22,67.239,7,상계동,1304,11350,,,
대주파크빌아파트,2003,23450,2006,11,22,81.12,13,공릉동,751,11350,,,
동신아파트,1999,15900,2006,11,22,59.99,8,공릉동,745,11350,,,
동진,1988,7100,2006,11,22,47.61,2,중계동,103,11350,,,
두산,1994,13500,2006,11,22,59.97,2,상계동,1110,11350,,,
두산힐스빌아파트,2000,21400,2006,11,22,60,18,공릉동,747,11350,,,
미륭,1986,18000,2006,11,22,51.48,3,월계동,13,11350,,,
미성,1986,11450,2006,11,22,33.28,4,월계동,13,11350,,,
미성,1986,11700,2006,11,22,33.28,4,월계동,13,11350,,,
벽산,1989,8800,2006,11,22,46.8,6,상계동,173-1,11350,,,
벽산,1989,19900,2006,11,22,75.03,10,상계동,173-1,11350,,,
벽산,1988,15750,2006,11,22,57.71,6,하계동,271-3,11350,,,
벽산,1988,35000,2006,11,22,84.85,15,하계동,271-3,11350,,,
벽산,1989,8300,2006,11,22,43.35,14,상계동,173-1,11350,,,
불암현대,1999,36000,2006,11,22,84.9,10,상계동,1293,11350,,,
비선아파트,1999,14000,2006,11,22,48.6,6,공릉동,109,11350,,,
비선아파트,1999,13000,2006,11,22,49.28,8,공릉동,109,11350,,,
삼익포레스트아파트,1995,26500,2006,11,22,84.6,15,공릉동,737,11350,,,
상계대림e편한세상,2002,16500,2006,11,22,55.77,8,상계동,1301,11350,,,
상계주공1(고층),1988,17800,2006,11,22,58.01,13,상계동,765,11350,,,
상계주공10(고층),1988,27000,2006,11,22,68.86,11,상계동,666,11350,,,
상계주공10(고층),1988,16000,2006,11,22,58.01,6,상계동,666,11350,,,
상계주공10(저층),1988,16300,2006,11,22,54.54,2,상계동,666,11350,,,
상계주공10(저층),1988,16100,2006,11,22,54.54,2,상계동,666,11350,,,
상계주공11(고층),1988,15950,2006,11,22,60.5,4,상계동,652,11350,,,
상계주공12(고층),1988,10300,2006,11,22,41.3,13,상계동,647,11350,,,
상계주공12(고층),1988,13350,2006,11,22,49.94,3,상계동,647,11350,,,
상계주공12(고층),1988,18300,2006,11,22,61.52,8,상계동,647,11350,,,
상계주공12(고층),1988,13500,2006,11,22,49.94,4,상계동,647,11350,,,
상계주공13(고층),1989,12300,2006,11,22,49.94,11,상계동,637,11350,,,
상계주공14(고층),1989,40000,2006,11,22,90.94,6,상계동,626,11350,,,
상계주공14(고층),1989,14170,2006,11,22,49.94,7,상계동,626,11350,,,
상계주공16(고층),1988,28700,2006,11,22,79.07,8,상계동,624,11350,,,
상계주공4(고층),1988,11000,2006,11,22,41.3,14,상계동,749-5,11350,,,
상계주공4(고층),1988,10200,2006,11,22,41.3,10,상계동,749-5,11350,,,
상계주공6(고층),1988,21000,2006,11,22,59.28,7,상계동,720,11350,,,
상계주공7(고층),1988,21300,2006,11,22,58.01,11,상계동,691,11350,,,
상계주공7(고층),1988,13500,2006,11,22,45.77,15,상계동,691,11350,,,
상계주공7(고층),1988,12000,2006,11,22,45.77,5,상계동,691,11350,,,
상계주공9(고층),1988,30000,2006,11,22,79.07,13,상계동,670,11350,,,
상록수1단지,2002,14000,2006,11,22,53.656,4,상계동,1296,11350,,,
성원(사슴4),1995,10300,2006,11,22,49.92,15,월계동,322-1,11350,,,
성원(사슴4),1995,10300,2006,11,22,49.92,5,월계동,322-1,11350,,,
성원상떼빌,1999,31000,2006,11,22,114.76,1,상계동,1283,11350,,,
센트럴,2005,27000,2006,11,22,122.37,3,상계동,1373-2,11350,,,
양지마을(대림)2,1999,17900,2006,11,22,59.4,1,중계동,588,11350,,,
우방,1999,42500,2006,11,22,104.83,10,하계동,353,11350,,,
우방,1999,16900,2006,11,22,59.74,12,하계동,353,11350,,,
우성,1988,65000,2006,11,22,127.22,5,하계동,270,11350,,,
우성,1988,40500,2006,11,22,84.91,7,하계동,270,11350,,,
월계역신도브래뉴,2005,32000,2006,11,22,117.1038,10,월계동,942,11350,,,
월계역신도브래뉴,2005,18500,2006,11,22,59.8587,13,월계동,942,11350,,,
은빛1단지,1998,14800,2006,11,22,59.95,4,상계동,1255,11350,,,
은빛2단지,1998,13500,2006,11,22,49.77,9,상계동,1256,11350,,,
장미(시영6),1989,8800,2006,11,22,43.41,4,하계동,273,11350,,,
장미(시영6),1989,8700,2006,11,22,43.56,7,하계동,273,11350,,,
주공10,1995,23600,2006,11,22,58.14,2,중계동,360-16,11350,,,
주공2,1992,9000,2006,11,22,44.52,11,중계동,369,11350,,,
주공2,1992,8450,2006,11,22,44.52,8,월계동,556,11350,,,
주공2,1992,8400,2006,11,22,44.94,7,월계동,556,11350,,,
주공2,1992,6450,2006,11,22,38.64,1,월계동,556,11350,,,
주공4,1991,16150,2006,11,22,59.39,4,중계동,358-2,11350,,,
주공5,1992,20800,2006,11,22,58.46,15,중계동,359-1,11350,,,
주공6,1993,9600,2006,11,22,44.1,12,중계동,364-12,11350,,,
주공6,1993,9500,2006,11,22,44.1,5,중계동,364-12,11350,,,
주공6,1993,9700,2006,11,22,44.1,12,중계동,364-12,11350,,,
중계3벽산,1999,19000,2006,11,22,59.88,11,중계동,592,11350,,,
중계그린1단지,1990,12000,2006,11,22,49.5,15,중계동,502-1,11350,,,
중계그린1단지,1990,10900,2006,11,22,49.5,1,중계동,502-1,11350,,,
중계그린1단지,1990,12800,2006,11,22,49.5,4,중계동,502-1,11350,,,
중계그린1단지,1990,11000,2006,11,22,44.1,12,중계동,502-1,11350,,,
중계그린1단지,1990,12000,2006,11,22,49.5,2,중계동,502-1,11350,,,
중계무지개,1991,13400,2006,11,22,49.89,10,중계동,512,11350,,,
중계무지개,1991,8900,2006,11,22,39.96,7,중계동,512,11350,,,
중계무지개,1991,13000,2006,11,22,49.54,14,중계동,512,11350,,,
중계무지개,1991,16100,2006,11,22,59.26,5,중계동,512,11350,,,
중앙하이츠(5지역),1996,11100,2006,11,22,59.99,4,상계동,1068,11350,,,
청구,1988,32900,2006,11,22,70.69,14,하계동,284,11350,,,
청백4,1998,10900,2006,11,22,49.77,7,월계동,781,11350,,,
청솔(시영7),1989,8350,2006,11,22,39.92,14,하계동,274,11350,,,
청솔(시영7),1989,8300,2006,11,22,39.78,3,하계동,274,11350,,,
청솔(시영7),1989,10500,2006,11,22,49.85,15,하계동,274,11350,,,
청솔아파트8,2000,34000,2006,11,22,84.65,5,공릉동,91,11350,,,
청암2단지,2001,12900,2006,11,22,49.77,4,상계동,1276,11350,,,
청암2단지,2001,15000,2006,11,22,59.4,10,상계동,1276,11350,,,
청암2단지,2001,17150,2006,11,22,59.4,14,상계동,1276,11350,,,
청암2단지,2001,16750,2006,11,22,59.4,8,상계동,1276,11350,,,
청암2단지,2001,12500,2006,11,22,49.77,5,상계동,1276,11350,,,
태강아파트(아이파크),1999,18375,2006,11,22,59.34,10,공릉동,81,11350,,,
풍림아파트A,2001,30000,2006,11,22,84.99,10,공릉동,725,11350,,,
학여울청구,1999,32200,2006,11,22,84.77,14,하계동,354,11350,,,
한신1,1988,11000,2006,11,22,44.52,15,하계동,284,11350,,,
한신1,1988,6300,2006,11,22,27,15,하계동,284,11350,,,
한신동성,1993,58300,2006,11,22,112.24,7,하계동,256-5,11350,,,
한일1,1999,22000,2006,11,22,84.942,19,월계동,926,11350,,,
한진한화그랑빌,2002,34000,2006,11,22,84.97,4,월계동,18,11350,,,
한진한화그랑빌,2002,27000,2006,11,22,84.97,12,월계동,18,11350,,,
현대,2000,36500,2006,11,22,114.99,6,월계동,929,11350,,,
현대2(4차),1993,30000,2006,11,22,84.87,2,중계동,578,11350,,,
현대성우아파트,2000,13750,2006,11,22,59.98,17,공릉동,741,11350,,,
현대아파트,1984,30000,2006,11,22,62.27,3,공릉동,230,11350,,,
건영3,1995,45000,2006,11,23,84.9,2,중계동,360-15,11350,,,
경남아너스빌,2002,45500,2006,11,23,105.5954,6,중계동,597,11350,,,
극동,1988,13000,2006,11,23,55.72,15,하계동,271-3,11350,,,
금호타운(583),1997,14500,2006,11,23,59.52,1,중계동,583,11350,,,
대림벽산(363),1993,85000,2006,11,23,114.39,7,중계동,363,11350,,,
대망드림힐1,2003,23000,2006,11,23,67.239,8,상계동,1304,11350,,,
동신,1983,19850,2006,11,23,71.83,3,월계동,436,11350,,,
롯데(505),1989,57000,2006,11,23,129.91,7,중계동,505,11350,,,
미성,1989,50000,2006,11,23,118.52,11,하계동,280,11350,,,
미성,1986,11000,2006,11,23,33.28,4,월계동,13,11350,,,
벽산,1989,21000,2006,11,23,75.03,4,상계동,173-1,11350,,,
벽산,1989,8500,2006,11,23,43.35,5,상계동,173-1,11350,,,
벽산,1989,8700,2006,11,23,46.8,14,상계동,173-1,11350,,,
벽산,1989,8500,2006,11,23,43.35,9,상계동,173-1,11350,,,
벽산,1989,15000,2006,11,23,59.9,3,상계동,173-1,11350,,,
보람아파트,1988,14800,2006,11,23,54.59,12,상계동,639,11350,,,
불암현대,1999,16000,2006,11,23,59.4,8,상계동,1293,11350,,,
비선아파트,1999,17500,2006,11,23,59.74,9,공릉동,109,11350,,,
비콘드림힐2,2005,25200,2006,11,23,84.54,6,상계동,1308,11350,,,
사슴3,1995,7200,2006,11,23,33.18,12,월계동,320-11,11350,,,
삼익2차아파트,2004,14000,2006,11,23,54.74,8,공릉동,754,11350,,,
삼익4단지아파트,1994,8600,2006,11,23,39.6,15,공릉동,714,11350,,,
삼익포레스트아파트,1995,11700,2006,11,23,51.03,7,공릉동,737,11350,,,
삼호3,1986,23500,2006,11,23,59.22,4,월계동,13,11350,,,
삼호4,1987,15000,2006,11,23,50.18,7,월계동,12,11350,,,
삼호4,1987,15500,2006,11,23,50.18,12,월계동,12,11350,,,
상계1차현대아파트,1993,24700,2006,11,23,83.92,9,상계동,1055,11350,,,
상계2차중앙하이츠,1998,15500,2006,11,23,59.82,11,상계동,1282,11350,,,
상계주공1(고층),1988,8800,2006,11,23,41.3,1,상계동,765,11350,,,
상계주공10(고층),1988,16500,2006,11,23,58.01,14,상계동,666,11350,,,
상계주공10(고층),1988,19500,2006,11,23,58.01,10,상계동,666,11350,,,
상계주공10(고층),1988,11000,2006,11,23,45.77,4,상계동,666,11350,,,
상계주공11(고층),1988,9150,2006,11,23,41.3,4,상계동,652,11350,,,
상계주공12(고층),1988,9850,2006,11,23,41.3,13,상계동,647,11350,,,
상계주공14(고층),1989,9800,2006,11,23,45.9,8,상계동,626,11350,,,
상계주공16(고층),1988,15000,2006,11,23,59.39,13,상계동,624,11350,,,
상계주공2(고층),1987,11000,2006,11,23,41.3,10,상계동,740,11350,,,
상계주공2(고층),1987,10000,2006,11,23,41.3,7,상계동,740,11350,,,
상계주공2(저층),1987,12900,2006,11,23,46.04,4,상계동,740,11350,,,
상계주공3(고층),1987,32000,2006,11,23,73.94,8,상계동,730-2,11350,,,
상계주공3(고층),1987,19000,2006,11,23,59.28,8,상계동,730-2,11350,,,
상계주공4(고층),1988,16500,2006,11,23,58.01,4,상계동,749-5,11350,,,
상계주공5(저층),1987,15700,2006,11,23,31.98,5,상계동,721,11350,,,
상계주공5(저층),1987,15500,2006,11,23,31.98,3,상계동,721,11350,,,
상계주공6(고층),1988,12500,2006,11,23,41.3,14,상계동,720,11350,,,
상계주공7(고층),1988,13000,2006,11,23,45.9,15,상계동,691,11350,,,
상계주공7(고층),1988,18500,2006,11,23,58.01,1,상계동,691,11350,,,
상계주공7(고층),1988,16000,2006,11,23,49.94,15,상계동,691,11350,,,
상계주공7(고층),1988,18330,2006,11,23,49.94,4,상계동,691,11350,,,
상계주공7(고층),1988,12000,2006,11,23,41.3,9,상계동,691,11350,,,
상계주공7(고층),1988,13150,2006,11,23,41.3,7,상계동,691,11350,,,
상계주공9(고층),1988,16500,2006,11,23,58.01,1,상계동,670,11350,,,
상계주공9(고층),1988,14500,2006,11,23,49.94,10,상계동,670,11350,,,
상계주공9(고층),1988,9200,2006,11,23,41.3,3,상계동,670,11350,,,
상계주공9(고층),1988,17600,2006,11,23,58.01,3,상계동,670,11350,,,
상계주공9(고층),1988,10330,2006,11,23,45.55,14,상계동,670,11350,,,
상계주공9(고층),1988,15000,2006,11,23,61.52,1,상계동,670,11350,,,
상계주공9(고층),1988,10250,2006,11,23,45.9,6,상계동,670,11350,,,
상계주공9(고층),1988,13000,2006,11,23,49.94,8,상계동,670,11350,,,
상아,1989,29100,2006,11,23,84.97,1,중계동,505,11350,,,
상아,1989,30000,2006,11,23,84.97,2,중계동,505,11350,,,
성원(사슴4),1995,8200,2006,11,23,39.6,5,월계동,322-1,11350,,,
성원(사슴4),1995,13750,2006,11,23,59.94,5,월계동,322-1,11350,,,
수락산벨리체,2000,60000,2006,11,23,134.94,6,상계동,1265,11350,,,
수락한신,1997,39500,2006,11,23,113.92,15,상계동,1277,11350,,,
시영3차(라이프)아파트,1994,8900,2006,11,23,39.6,9,공릉동,715,11350,,,
신도1차아파트,2002,24900,2006,11,23,72.8129,4,공릉동,748,11350,,,
신동아(366),1993,67500,2006,11,23,115.35,6,중계동,366,11350,,,
양지마을(대림)2,1999,23300,2006,11,23,59.4,16,중계동,588,11350,,,
양지마을(대림)2,1999,20000,2006,11,23,59.4,5,중계동,588,11350,,,
염광,1996,16000,2006,11,23,59.34,6,중계동,445,11350,,,
염광,1996,17500,2006,11,23,59.34,11,중계동,445,11350,,,
염광,1996,17000,2006,11,23,59.34,14,중계동,445,11350,,,
우방,1999,15500,2006,11,23,59.74,12,하계동,353,11350,,,
은빛1단지,1998,8400,2006,11,23,39.7,3,상계동,1255,11350,,,
은빛1단지,1998,9200,2006,11,23,39.7,12,상계동,1255,11350,,,
은빛1단지,1998,12000,2006,11,23,49.77,12,상계동,1255,11350,,,
은빛2단지,1998,16500,2006,11,23,59.95,6,상계동,1256,11350,,,
은빛2단지,1998,9500,2006,11,23,39.7,9,상계동,1256,11350,,,
장미(시영6),1989,13000,2006,11,23,54.29,15,하계동,273,11350,,,
장미(시영6),1989,13000,2006,11,23,54.02,9,하계동,273,11350,,,
주공2,1992,8500,2006,11,23,44.52,10,월계동,556,11350,,,
주공2,1992,13400,2006,11,23,58.65,3,월계동,556,11350,,,
주공2,1992,14000,2006,11,23,58.65,13,월계동,556,11350,,,
주공4,1991,24000,2006,11,23,84.79,15,중계동,358-2,11350,,,
주공4,1991,28600,2006,11,23,76.51,9,중계동,358-2,11350,,,
주공4,1991,17200,2006,11,23,59.39,3,중계동,358-2,11350,,,
주공5,1992,31800,2006,11,23,76.51,3,중계동,359-1,11350,,,
주공5,1992,10800,2006,11,23,44.94,5,중계동,359-1,11350,,,
주공5,1992,8500,2006,11,23,38.64,7,중계동,359-1,11350,,,
주공5,1992,10500,2006,11,23,44.94,2,중계동,359-1,11350,,,
주공6,1993,10000,2006,11,23,44.1,7,중계동,364-12,11350,,,
주공6,1993,8500,2006,11,23,44.1,6,중계동,364-12,11350,,,
중계3벽산,1999,35000,2006,11,23,114.87,1,중계동,592,11350,,,
중계3벽산,1999,50000,2006,11,23,114.87,3,중계동,592,11350,,,
중계그린1단지,1990,12000,2006,11,23,49.85,11,중계동,502-1,11350,,,
중계그린1단지,1990,7800,2006,11,23,39.91,3,중계동,502-1,11350,,,
중계그린1단지,1990,11000,2006,11,23,49.5,1,중계동,502-1,11350,,,
중계무지개,1991,11000,2006,11,23,49.54,1,중계동,512,11350,,,
중계현대2,1991,30100,2006,11,23,84.34,13,중계동,435-1,11350,,,
청백3,1998,7900,2006,11,23,39.84,7,월계동,780,11350,,,
청솔(시영7),1989,11750,2006,11,23,49.5,5,하계동,274,11350,,,
청솔(시영7),1989,13000,2006,11,23,49.5,11,하계동,274,11350,,,
청암2단지,2001,13950,2006,11,23,49.77,9,상계동,1276,11350,,,
청암2단지,2001,17250,2006,11,23,59.96,15,상계동,1276,11350,,,
초안2,1997,10300,2006,11,23,49.6,11,월계동,924,11350,,,
초안산쌍용스윗닷홈,2006,27000,2006,11,23,84.69,8,월계동,945,11350,,,
코오롱,1997,16500,2006,11,23,59.94,19,상계동,1281,11350,,,
태강아파트(아이파크),1999,14000,2006,11,23,49.6,6,공릉동,81,11350,,,
태강아파트(아이파크),1999,14000,2006,11,23,49.6,12,공릉동,81,11350,,,
태강아파트(아이파크),1999,12200,2006,11,23,49.6,8,공릉동,81,11350,,,
학여울청구,1999,48000,2006,11,23,113.51,18,하계동,354,11350,,,
학여울청구,1999,40000,2006,11,23,113.51,1,하계동,354,11350,,,
한신1,1988,11500,2006,11,23,44.52,4,하계동,284,11350,,,
한신1,1988,8150,2006,11,23,35.28,15,하계동,284,11350,,,
한신1,1988,12000,2006,11,23,44.52,8,하계동,284,11350,,,
한신1차,1987,12500,2006,11,23,53.96,5,상계동,135,11350,,,
현대,2000,17400,2006,11,23,59.95,5,월계동,929,11350,,,
현대,2000,17400,2006,11,23,59.95,5,월계동,929,11350,,,
현대,2000,32000,2006,11,23,84.98,8,월계동,929,11350,,,
현대2차,1993,18000,2006,11,23,69.26,11,상계동,1078,11350,,,
현대2차,1993,23900,2006,11,23,82.68,4,상계동,1078,11350,,,
현대아파트,1984,31000,2006,11,23,62.27,4,공릉동,230,11350,,,
건영,1988,24950,2006,11,24,65.43,13,하계동,271-3,11350,,,
공릉우성아파트,1995,13000,2006,11,24,59.01,4,공릉동,738,11350,,,
금호타운(583),1997,17000,2006,11,24,59.81,2,중계동,583,11350,,,
동부아파트,1996,23000,2006,11,24,84.79,5,공릉동,705,11350,,,
동신아파트,1999,24700,2006,11,24,84.97,2,공릉동,745,11350,,,
두산,1994,14500,2006,11,24,59.97,6,상계동,1110,11350,,,
미륭,1986,17500,2006,11,24,51.48,1,월계동,13,11350,,,
벽산,1988,16850,2006,11,24,57.71,7,하계동,271-3,11350,,,
벽산,1988,15100,2006,11,24,57.71,6,하계동,271-3,11350,,,
벽산,1989,9000,2006,11,24,46.8,13,상계동,173-1,11350,,,
비선아파트,1999,12000,2006,11,24,49.28,2,공릉동,109,11350,,,
비선아파트,1999,12000,2006,11,24,49.28,2,공릉동,109,11350,,,
삼익2차아파트,2004,12800,2006,11,24,54.74,3,공릉동,754,11350,,,
삼호3,1986,24000,2006,11,24,59.22,8,월계동,13,11350,,,
상계2차중앙하이츠,1998,20000,2006,11,24,59.82,13,상계동,1282,11350,,,
상계주공10(고층),1988,17180,2006,11,24,59.2,14,상계동,666,11350,,,
상계주공10(고층),1988,10350,2006,11,24,45.77,12,상계동,666,11350,,,
상계주공12(고층),1988,9500,2006,11,24,41.3,8,상계동,647,11350,,,
상계주공12(고층),1988,18500,2006,11,24,61.52,7,상계동,647,11350,,,
상계주공13(고층),1989,9700,2006,11,24,45.55,14,상계동,637,11350,,,
상계주공14(고층),1989,16300,2006,11,24,59.39,2,상계동,626,11350,,,
상계주공2(저층),1987,14200,2006,11,24,46.04,4,상계동,740,11350,,,
상계주공3(고층),1987,9350,2006,11,24,38,4,상계동,730-2,11350,,,
상계주공4(고층),1988,17400,2006,11,24,59.28,11,상계동,749-5,11350,,,
상계주공4(고층),1988,9400,2006,11,24,41.3,8,상계동,749-5,11350,,,
상계주공5(저층),1987,15000,2006,11,24,31.98,1,상계동,721,11350,,,
상계주공7(고층),1988,21000,2006,11,24,58.01,7,상계동,691,11350,,,
상계주공7(고층),1988,21000,2006,11,24,58.01,7,상계동,691,11350,,,
상계주공7(고층),1988,10000,2006,11,24,41.3,4,상계동,691,11350,,,
상계주공7(고층),1988,14330,2006,11,24,45.9,6,상계동,691,11350,,,
상계주공8(저층),1988,21000,2006,11,24,38.52,4,상계동,677,11350,,,
상계주공8(저층),1988,18500,2006,11,24,31.95,5,상계동,677,11350,,,
상계주공9(고층),1988,19800,2006,11,24,61.52,8,상계동,670,11350,,,
성원(사슴4),1995,14700,2006,11,24,59.94,10,월계동,322-1,11350,,,
수락한신,1997,23900,2006,11,24,84.95,3,상계동,1277,11350,,,
수락한신,1997,23600,2006,11,24,84.95,3,상계동,1277,11350,,,
수락한신,1997,16000,2006,11,24,59.95,10,상계동,1277,11350,,,
시영2단지(라이프)아파트,1994,8300,2006,11,24,34.44,7,공릉동,707,11350,,,
시영3차(라이프)아파트,1994,7000,2006,11,24,34.44,7,공릉동,715,11350,,,
염광,1996,57000,2006,11,24,131.25,6,중계동,445,11350,,,
염광,1996,17000,2006,11,24,59.34,7,중계동,445,11350,,,
은빛1단지,1998,14000,2006,11,24,59.95,1,상계동,1255,11350,,,
은빛1단지,1998,11900,2006,11,24,49.77,8,상계동,1255,11350,,,
은빛2단지,1998,13500,2006,11,24,49.77,9,상계동,1256,11350,,,
은빛2단지,1998,12000,2006,11,24,49.77,3,상계동,1256,11350,,,
은빛2단지,1998,15900,2006,11,24,59.95,8,상계동,1256,11350,,,
은빛2단지,1998,12000,2006,11,24,49.77,2,상계동,1256,11350,,,
장미(시영6),1989,9500,2006,11,24,43.41,5,하계동,273,11350,,,
주공2,1992,9650,2006,11,24,44.52,5,중계동,369,11350,,,
주공2,1992,9200,2006,11,24,44.52,10,중계동,369,11350,,,
주공2,1992,6800,2006,11,24,38.64,14,월계동,556,11350,,,
주공4,1991,11100,2006,11,24,45.77,5,중계동,358-2,11350,,,
주공5,1992,35000,2006,11,24,76.51,8,중계동,359-1,11350,,,
주공5,1992,36100,2006,11,24,76.51,13,중계동,359-1,11350,,,
주공5,1992,10000,2006,11,24,44.52,2,중계동,359-1,11350,,,
주공5,1992,8300,2006,11,24,38.64,15,중계동,359-1,11350,,,
주공5,1992,9100,2006,11,24,38.64,5,중계동,359-1,11350,,,
주공5,1992,8740,2006,11,24,38.64,12,중계동,359-1,11350,,,
중계3우성,1999,15000,2006,11,24,59.94,1,중계동,585,11350,,,
중계그린1단지,1990,8800,2006,11,24,39.92,13,중계동,502-1,11350,,,
중계그린1단지,1990,15000,2006,11,24,59.46,1,중계동,502-1,11350,,,
중계그린1단지,1990,8700,2006,11,24,39.78,5,중계동,502-1,11350,,,
중계그린1단지,1990,10700,2006,11,24,49.5,4,중계동,502-1,11350,,,
중계무지개,1991,9050,2006,11,24,39.96,4,중계동,512,11350,,,
중계무지개,1991,17600,2006,11,24,59.26,4,중계동,512,11350,,,
중계무지개,1991,18000,2006,11,24,59.26,5,중계동,512,11350,,,
청암2단지,2001,13300,2006,11,24,49.77,8,상계동,1276,11350,,,
코오롱,1997,18000,2006,11,24,73.17,1,상계동,1281,11350,,,
태강아파트(아이파크),1999,13000,2006,11,24,49.6,12,공릉동,81,11350,,,
태강아파트(아이파크),1999,12500,2006,11,24,49.6,9,공릉동,81,11350,,,
태강아파트(아이파크),1999,16000,2006,11,24,59.34,3,공릉동,81,11350,,,
태강아파트(아이파크),1999,11400,2006,11,24,49.6,3,공릉동,81,11350,,,
한신1,1988,11500,2006,11,24,44.52,4,하계동,284,11350,,,
한신1차,1987,7950,2006,11,24,45.44,15,상계동,135,11350,,,
한일유앤아이,2005,22800,2006,11,24,59.877,5,상계동,1309,11350,,,
건영,1988,21000,2006,11,25,65.43,15,하계동,271-3,11350,,,
건영3,1995,49600,2006,11,25,84.9,13,중계동,360-15,11350,,,
경남,1989,32800,2006,11,25,84.97,8,중계동,505,11350,,,
경남,1989,53000,2006,11,25,114.57,12,중계동,505,11350,,,
경남,1989,36000,2006,11,25,84.97,10,중계동,505,11350,,,
경남아너스빌,2002,28500,2006,11,25,79.098,3,중계동,597,11350,,,
경남아너스빌,2002,26000,2006,11,25,79.098,6,중계동,597,11350,,,
공릉동한보에센시티아파트,2000,13600,2006,11,25,59.4,20,공릉동,743,11350,,,
공릉동한보에센시티아파트,2000,24000,2006,11,25,84.93,2,공릉동,743,11350,,,
극동늘푸른,2000,21000,2006,11,25,84.514,1,상계동,1128,11350,,,
극동늘푸른,2000,14500,2006,11,25,59.958,1,상계동,1128,11350,,,
금호타운(583),1997,30000,2006,11,25,84.98,2,중계동,583,11350,,,
대동황토방,2001,20000,2006,11,25,60,9,상계동,1284,11350,,,
대림,1988,41700,2006,11,25,93.13,1,상계동,695,11350,,,
동부아파트,1996,14000,2006,11,25,59.34,6,공릉동,705,11350,,,
동신아파트,1999,27850,2006,11,25,84.97,8,공릉동,745,11350,,,
동아불암,1999,16500,2006,11,25,59.4,13,상계동,1285,11350,,,
동일씨티빌,2006,14500,2006,11,25,64.33,6,상계동,1065-6,11350,,,
두산,1994,13000,2006,11,25,51.66,11,상계동,1110,11350,,,
두산,1994,8650,2006,11,25,41.85,12,상계동,1110,11350,,,
라이프,1993,58000,2006,11,25,115.65,1,중계동,366,11350,,,
롯데(505),1989,14500,2006,11,25,54.48,8,중계동,505,11350,,,
롯데(505),1989,14500,2006,11,25,54.48,5,중계동,505,11350,,,
미륭,1986,19000,2006,11,25,51.48,5,월계동,13,11350,,,
미륭,1986,19000,2006,11,25,51.48,7,월계동,13,11350,,,
미륭,1986,18700,2006,11,25,51.48,13,월계동,13,11350,,,
미성,1986,11000,2006,11,25,50.14,2,월계동,13,11350,,,
벽산,1989,7500,2006,11,25,38.71,13,상계동,173-1,11350,,,
벽산,1989,10000,2006,11,25,46.8,6,상계동,173-1,11350,,,
보람아파트,1988,30000,2006,11,25,79.25,2,상계동,639,11350,,,
보람아파트,1988,9000,2006,11,25,44.33,1,상계동,639,11350,,,
보람아파트,1988,14500,2006,11,25,54.59,9,상계동,639,11350,,,
불암현대,1999,16500,2006,11,25,59.4,2,상계동,1293,11350,,,
불암현대,1999,24800,2006,11,25,84.9,1,상계동,1293,11350,,,
삼익2차아파트,2004,23000,2006,11,25,83.409,1,공릉동,754,11350,,,
삼익4단지아파트,1994,16500,2006,11,25,59.04,13,공릉동,714,11350,,,
상계1차중앙하이츠,1997,18500,2006,11,25,59.82,6,상계동,1279,11350,,,
상계주공1(고층),1988,17500,2006,11,25,58.01,4,상계동,765,11350,,,
상계주공1(고층),1988,16500,2006,11,25,58.01,3,상계동,765,11350,,,
상계주공11(고층),1988,17500,2006,11,25,59.28,13,상계동,652,11350,,,
상계주공11(고층),1988,14430,2006,11,25,49.94,7,상계동,652,11350,,,
상계주공12(고층),1988,18500,2006,11,25,61.52,2,상계동,647,11350,,,
상계주공12(고층),1988,9300,2006,11,25,41.3,15,상계동,647,11350,,,
상계주공14(고층),1989,13000,2006,11,25,49.94,1,상계동,626,11350,,,
상계주공14(고층),1989,14350,2006,11,25,49.94,13,상계동,626,11350,,,
상계주공14(고층),1989,14000,2006,11,25,49.94,6,상계동,626,11350,,,
상계주공16(고층),1988,16800,2006,11,25,59.39,11,상계동,624,11350,,,
상계주공16(고층),1988,10000,2006,11,25,45.77,4,상계동,624,11350,,,
상계주공2(고층),1987,10000,2006,11,25,41.3,10,상계동,740,11350,,,
상계주공2(고층),1987,9920,2006,11,25,37.46,7,상계동,740,11350,,,
상계주공3(고층),1987,8600,2006,11,25,32.39,11,상계동,730-2,11350,,,
상계주공4(고층),1988,10000,2006,11,25,37.46,9,상계동,749-5,11350,,,
상계주공4(고층),1988,11500,2006,11,25,41.3,10,상계동,749-5,11350,,,
상계주공4(고층),1988,8000,2006,11,25,32.39,13,상계동,749-5,11350,,,
상계주공4(고층),1988,10700,2006,11,25,41.3,12,상계동,749-5,11350,,,
상계주공5(저층),1987,15800,2006,11,25,31.98,5,상계동,721,11350,,,
상계주공5(저층),1987,14800,2006,11,25,31.98,3,상계동,721,11350,,,
상계주공5(저층),1987,14400,2006,11,25,31.98,1,상계동,721,11350,,,
상계주공6(고층),1988,11300,2006,11,25,41.3,4,상계동,720,11350,,,
상계주공6(고층),1988,17500,2006,11,25,58.01,12,상계동,720,11350,,,
상계주공7(고층),1988,13000,2006,11,25,45.9,3,상계동,691,11350,,,
상계주공7(고층),1988,13500,2006,11,25,41.3,1,상계동,691,11350,,,
상계주공7(고층),1988,21050,2006,11,25,59.39,13,상계동,691,11350,,,
상계주공7(고층),1988,11500,2006,11,25,41.3,11,상계동,691,11350,,,
상계주공8(저층),1988,18500,2006,11,25,31.95,4,상계동,677,11350,,,
상계주공8(저층),1988,20200,2006,11,25,31.95,2,상계동,677,11350,,,
상계주공9(고층),1988,14450,2006,11,25,49.94,5,상계동,670,11350,,,
상아,1989,29000,2006,11,25,72.73,8,중계동,505,11350,,,
상아,1989,14900,2006,11,25,51.29,10,중계동,505,11350,,,
상아,1989,28500,2006,11,25,72.73,14,중계동,505,11350,,,
성원(사슴4),1995,14500,2006,11,25,59.94,8,월계동,322-1,11350,,,
세양청마루,2005,17800,2006,11,25,64.183,3,월계동,943,11350,,,
신도1차아파트,2002,32800,2006,11,25,81.2768,9,공릉동,748,11350,,,
염광,1996,40000,2006,11,25,84.5,14,중계동,445,11350,,,
은빛1단지,1998,14700,2006,11,25,59.95,10,상계동,1255,11350,,,
은빛1단지,1998,15900,2006,11,25,59.95,15,상계동,1255,11350,,,
은빛1단지,1998,12000,2006,11,25,49.77,11,상계동,1255,11350,,,
장미(시영6),1989,9400,2006,11,25,43.56,5,하계동,273,11350,,,
장미(시영6),1989,13500,2006,11,25,54.02,11,하계동,273,11350,,,
주공2,1992,8800,2006,11,25,44.52,8,월계동,556,11350,,,
주공2,1992,8500,2006,11,25,44.52,8,월계동,556,11350,,,
주공4,1991,33700,2006,11,25,84.79,8,중계동,358-2,11350,,,
주공5,1992,26000,2006,11,25,58.46,12,중계동,359-1,11350,,,
주공5,1992,10920,2006,11,25,44.94,11,중계동,359-1,11350,,,
중계그린1단지,1990,12000,2006,11,25,44.1,14,중계동,502-1,11350,,,
중계그린1단지,1990,17000,2006,11,25,59.7,10,중계동,502-1,11350,,,
중계그린1단지,1990,13000,2006,11,25,49.5,7,중계동,502-1,11350,,,
중계무지개,1991,12000,2006,11,25,49.54,12,중계동,512,11350,,,
중계무지개,1991,9800,2006,11,25,49.54,15,중계동,512,11350,,,
중계무지개,1991,13000,2006,11,25,49.54,13,중계동,512,11350,,,
중계무지개,1991,12600,2006,11,25,49.89,15,중계동,512,11350,,,
중계무지개,1991,13800,2006,11,25,49.89,13,중계동,512,11350,,,
청구(366),1993,72500,2006,11,25,115.47,15,중계동,366,11350,,,
청구3,1996,32000,2006,11,25,84.99,6,하계동,251-12,11350,,,
청솔(시영7),1989,13000,2006,11,25,49.5,4,하계동,274,11350,,,
청솔(시영7),1989,16000,2006,11,25,59.87,12,하계동,274,11350,,,
청솔아파트9,2000,35000,2006,11,25,84.9,5,공릉동,90,11350,,,
청암3단지(582),2003,28300,2006,11,25,84.399,3,중계동,582,11350,,,
충효파크타운,2006,12000,2006,11,25,68.85,5,상계동,407-7,11350,,,
태강아파트(아이파크),1999,16500,2006,11,25,59.38,6,공릉동,81,11350,,,
태강아파트(아이파크),1999,18500,2006,11,25,59.34,8,공릉동,81,11350,,,
하계1청구,1997,50000,2006,11,25,84.6,10,하계동,251,11350,,,
학여울청구,1999,17900,2006,11,25,59.4,10,하계동,354,11350,,,
학여울청구,1999,31000,2006,11,25,84.77,12,하계동,354,11350,,,
한신동성,1993,79000,2006,11,25,138.29,13,하계동,256-5,11350,,,
한진한화그랑빌,2002,27000,2006,11,25,84.97,1,월계동,18,11350,,,
한진한화그랑빌,2002,20600,2006,11,25,59.94,2,월계동,18,11350,,,
한진한화그랑빌,2002,35000,2006,11,25,84.97,23,월계동,18,11350,,,
현대,1988,44500,2006,11,25,84.95,6,하계동,270,11350,,,
화랑해링턴플레이스아파트,1999,16100,2006,11,25,59.84,10,공릉동,746,11350,,,
효성아파트,1995,30000,2006,11,25,73.18,2,공릉동,742,11350,,,
금호타운,1995,18500,2006,11,26,84.54,13,상계동,1270,11350,,,
삼익2차아파트,2004,28000,2006,11,26,84.458,5,공릉동,754,11350,,,
상계주공3(고층),1987,30000,2006,11,26,73.94,15,상계동,730-2,11350,,,
성원(사슴4),1995,12430,2006,11,26,59.94,15,월계동,322-1,11350,,,
시영2단지(라이프)아파트,1994,7500,2006,11,26,34.44,11,공릉동,707,11350,,,
우림루미아트1,2004,29000,2006,11,26,84.887,10,상계동,1306,11350,,,
초안산쌍용스윗닷홈,2006,29000,2006,11,26,84.69,13,월계동,945,11350,,,
건영2,1991,34800,2006,11,27,84.96,10,중계동,515-2,11350,,,
건영장미아파트,1999,22500,2006,11,27,84.88,6,공릉동,744,11350,,,
경남,1989,45000,2006,11,27,114.57,1,중계동,505,11350,,,
경남,1989,35000,2006,11,27,84.97,6,중계동,505,11350,,,
경남아너스빌,2002,26000,2006,11,27,79.098,6,중계동,597,11350,,,
공릉2신도브래뉴아파트,2002,25000,2006,11,27,72.84,14,공릉동,749,11350,,,
노원우성,1992,18000,2006,11,27,84.88,2,상계동,1251,11350,,,
대동아파트,1999,13000,2006,11,27,59.83,9,공릉동,604-11,11350,,,
대동아파트,1999,13900,2006,11,27,59.83,10,공릉동,604-11,11350,,,
두산,1994,13800,2006,11,27,58.65,5,상계동,1110,11350,,,
미륭,1986,18000,2006,11,27,51.48,4,월계동,13,11350,,,
미성,1989,24700,2006,11,27,72.17,2,하계동,280,11350,,,
미성,1986,18500,2006,11,27,50.14,12,월계동,13,11350,,,
벽산,1988,16000,2006,11,27,57.71,4,하계동,271-3,11350,,,
벽산,1989,8800,2006,11,27,46.8,12,상계동,173-1,11350,,,
벽산,1989,8500,2006,11,27,46.8,15,상계동,173-1,11350,,,
보람아파트,1988,25600,2006,11,27,68.99,13,상계동,639,11350,,,
보람아파트,1988,8900,2006,11,27,44.33,2,상계동,639,11350,,,
보람아파트,1988,12000,2006,11,27,54.59,9,상계동,639,11350,,,
북부현대,1996,11300,2006,11,27,59.24,15,상계동,1273,11350,,,
비선아파트,1999,16000,2006,11,27,59.87,7,공릉동,109,11350,,,
비콘드림힐3,2005,24000,2006,11,27,84.978,3,상계동,1310,11350,,,
삼호4,1987,14900,2006,11,27,50.18,4,월계동,12,11350,,,
삼호4,1987,20000,2006,11,27,59.49,14,월계동,12,11350,,,
삼호4,1987,15500,2006,11,27,50.18,3,월계동,12,11350,,,
상계2차중앙하이츠,1998,16400,2006,11,27,59.82,23,상계동,1282,11350,,,
상계대림,1989,25000,2006,11,27,84.91,14,상계동,172,11350,,,
상계주공1(고층),1988,9000,2006,11,27,41.3,15,상계동,765,11350,,,
상계주공1(고층),1988,8000,2006,11,27,32.39,9,상계동,765,11350,,,
상계주공10(고층),1988,20000,2006,11,27,68.86,12,상계동,666,11350,,,
상계주공11(고층),1988,17000,2006,11,27,59.39,8,상계동,652,11350,,,
상계주공12(고층),1988,19000,2006,11,27,58.01,9,상계동,647,11350,,,
상계주공12(고층),1988,10550,2006,11,27,41.3,8,상계동,647,11350,,,
상계주공13(고층),1989,11900,2006,11,27,49.94,3,상계동,637,11350,,,
상계주공13(고층),1989,15100,2006,11,27,58.01,14,상계동,637,11350,,,
상계주공14(고층),1989,10000,2006,11,27,41.3,6,상계동,626,11350,,,
상계주공14(고층),1989,14000,2006,11,27,49.94,13,상계동,626,11350,,,
상계주공14(저층),1989,34800,2006,11,27,84.41,4,상계동,626,11350,,,
상계주공16(고층),1988,10900,2006,11,27,45.77,13,상계동,624,11350,,,
상계주공16(고층),1988,10200,2006,11,27,45.77,13,상계동,624,11350,,,
상계주공16(고층),1988,9400,2006,11,27,45.77,6,상계동,624,11350,,,
상계주공16(고층),1988,10000,2006,11,27,45.77,12,상계동,624,11350,,,
상계주공16(고층),1988,13500,2006,11,27,59.39,5,상계동,624,11350,,,
상계주공2(저층),1987,18350,2006,11,27,59.18,4,상계동,740,11350,,,
상계주공2(저층),1987,18000,2006,11,27,59.18,4,상계동,740,11350,,,
상계주공3(고층),1987,18000,2006,11,27,58.01,2,상계동,730-2,11350,,,
상계주공3(고층),1987,21900,2006,11,27,58.01,13,상계동,730-2,11350,,,
상계주공4(고층),1988,11500,2006,11,27,41.3,12,상계동,749-5,11350,,,
상계주공4(고층),1988,7700,2006,11,27,32.39,10,상계동,749-5,11350,,,
상계주공4(고층),1988,10150,2006,11,27,38,3,상계동,749-5,11350,,,
상계주공4(고층),1988,11500,2006,11,27,41.3,12,상계동,749-5,11350,,,
상계주공6(고층),1988,21790,2006,11,27,58.01,11,상계동,720,11350,,,
상계주공6(고층),1988,18300,2006,11,27,59.2,7,상계동,720,11350,,,
상계주공6(고층),1988,20300,2006,11,27,58.01,14,상계동,720,11350,,,
상계주공6(고층),1988,17500,2006,11,27,58.01,15,상계동,720,11350,,,
상계주공7(고층),1988,14300,2006,11,27,45.9,12,상계동,691,11350,,,
상계주공7(고층),1988,13900,2006,11,27,45.9,3,상계동,691,11350,,,
상계주공7(고층),1988,16700,2006,11,27,49.94,2,상계동,691,11350,,,
상계주공7(고층),1988,16500,2006,11,27,49.94,1,상계동,691,11350,,,
상계주공7(고층),1988,12300,2006,11,27,41.3,5,상계동,691,11350,,,
상계주공8(저층),1988,19000,2006,11,27,31.95,2,상계동,677,11350,,,
상계주공9(고층),1988,31400,2006,11,27,79.07,13,상계동,670,11350,,,
상계주공9(고층),1988,8800,2006,11,27,45.9,14,상계동,670,11350,,,
상계주공9(고층),1988,17500,2006,11,27,58.01,2,상계동,670,11350,,,
상계주공9(고층),1988,10050,2006,11,27,41.3,10,상계동,670,11350,,,
상계현대3차,1999,24900,2006,11,27,84.96,15,상계동,1063,11350,,,
성원(사슴4),1995,12200,2006,11,27,49.92,9,월계동,322-1,11350,,,
성원상떼빌,1999,16000,2006,11,27,59.93,19,상계동,1283,11350,,,
세양청마루,2005,26500,2006,11,27,84.939,11,월계동,943,11350,,,
시영2단지(라이프)아파트,1994,7000,2006,11,27,34.44,14,공릉동,707,11350,,,
시영2단지(라이프)아파트,1994,12000,2006,11,27,49.5,3,공릉동,707,11350,,,
우성,1988,65000,2006,11,27,127.22,15,하계동,270,11350,,,
은빛1단지,1998,9500,2006,11,27,39.7,9,상계동,1255,11350,,,
은빛1단지,1998,9550,2006,11,27,39.7,7,상계동,1255,11350,,,
은빛2단지,1998,12500,2006,11,27,49.77,4,상계동,1256,11350,,,
장미(시영6),1989,10400,2006,11,27,54.29,15,하계동,273,11350,,,
주공2,1992,9650,2006,11,27,44.52,9,중계동,369,11350,,,
주공2,1992,8950,2006,11,27,44.52,3,중계동,369,11350,,,
주공5,1992,9000,2006,11,27,38.64,8,중계동,359-1,11350,,,
주공5,1992,10200,2006,11,27,44.52,10,중계동,359-1,11350,,,
주공6,1993,9350,2006,11,27,44.1,3,중계동,364-12,11350,,,
중계3벽산,1999,34000,2006,11,27,85,10,중계동,592,11350,,,
중계그린1단지,1990,8100,2006,11,27,39.91,12,중계동,502-1,11350,,,
중계무지개,1991,10000,2006,11,27,39.82,8,중계동,512,11350,,,
중계무지개,1991,8000,2006,11,27,39.96,1,중계동,512,11350,,,
중계무지개,1991,9200,2006,11,27,39.82,12,중계동,512,11350,,,
청구3,1996,51300,2006,11,27,84.77,11,중계동,360-2,11350,,,
청구3,1996,50200,2006,11,27,84.77,14,중계동,360-2,11350,,,
청백4,1998,21500,2006,11,27,84.54,8,월계동,781,11350,,,
청암2단지,2001,12950,2006,11,27,49.77,5,상계동,1276,11350,,,
초안1,1998,12400,2006,11,27,59.85,6,월계동,923,11350,,,
초안2,1997,13200,2006,11,27,59.85,6,월계동,924,11350,,,
코지한주,2006,30000,2006,11,27,101.41,2,상계동,1401-8,11350,,,
태강아파트(아이파크),1999,14000,2006,11,27,49.6,3,공릉동,81,11350,,,
태강아파트(아이파크),1999,12000,2006,11,27,49.6,6,공릉동,81,11350,,,
한신3차,1990,14000,2006,11,27,60.44,8,상계동,458,11350,,,
한일1,1999,31000,2006,11,27,114.96,3,월계동,926,11350,,,
한진한화그랑빌,2002,36400,2006,11,27,84.97,16,월계동,18,11350,,,
한진한화그랑빌,2002,61500,2006,11,27,139.08,26,월계동,18,11350,,,
한진한화그랑빌,2002,18000,2006,11,27,59.94,4,월계동,18,11350,,,
현대1(4차),1993,35000,2006,11,27,84.99,6,중계동,577,11350,,,
현대2차,1993,22500,2006,11,27,82.68,13,상계동,1078,11350,,,
현대아파트,1984,44500,2006,11,27,86,2,공릉동,230,11350,,,
효성아파트,1995,28700,2006,11,27,73.18,4,공릉동,742,11350,,,
건영,1988,10400,2006,11,28,45.55,10,하계동,271-3,11350,,,
경남,1989,13800,2006,11,28,50.97,7,중계동,505,11350,,,
공릉2신도브래뉴아파트,2002,28000,2006,11,28,84.48,3,공릉동,749,11350,,,
공릉2신도브래뉴아파트,2002,28000,2006,11,28,84.48,7,공릉동,749,11350,,,
극동,1996,15000,2006,11,28,80.28,2,월계동,803-1,11350,,,
극동,1988,37500,2006,11,28,84.91,14,하계동,271-3,11350,,,
금호타운,1995,21400,2006,11,28,84.39,5,상계동,1270,11350,,,
대주파크빌아파트,2003,22700,2006,11,28,80.992,8,공릉동,751,11350,,,
동신,1983,19900,2006,11,28,71.83,12,월계동,436,11350,,,
동아불암,1999,25000,2006,11,28,84.9,1,상계동,1285,11350,,,
두산,1994,17200,2006,11,28,66.6,4,상계동,1110,11350,,,
롯데(505),1989,27000,2006,11,28,84.97,1,중계동,505,11350,,,
롯데우성,1993,68340,2006,11,28,101.88,12,중계동,361-1,11350,,,
미도,1988,30000,2006,11,28,87.57,1,상계동,766-1,11350,,,
미성,1986,11000,2006,11,28,33.28,5,월계동,13,11350,,,
벽산,1989,14900,2006,11,28,59.9,7,상계동,173-1,11350,,,
벽산,1989,8600,2006,11,28,46.8,11,상계동,173-1,11350,,,
보람노블레스아파트,2006,14800,2006,11,28,60.78,7,공릉동,586-15,11350,,,
보람아파트,1988,9800,2006,11,28,44.33,5,상계동,639,11350,,,
삼익아파트,1997,13000,2006,11,28,59.89,5,공릉동,690-2,11350,,,
삼익포레스트아파트,1995,25000,2006,11,28,84.6,2,공릉동,737,11350,,,
삼익포레스트아파트,1995,39000,2006,11,28,114.88,7,공릉동,737,11350,,,
삼익포레스트아파트,1995,19000,2006,11,28,84.6,1,공릉동,737,11350,,,
삼익포레스트아파트,1995,12500,2006,11,28,51.03,9,공릉동,737,11350,,,
상계2차중앙하이츠,1998,18500,2006,11,28,59.82,16,상계동,1282,11350,,,
상계대림,1989,13000,2006,11,28,59.67,3,상계동,172,11350,,,
상계대림,1989,14600,2006,11,28,59.67,15,상계동,172,11350,,,
상계주공1(고층),1988,10000,2006,11,28,41.3,7,상계동,765,11350,,,
상계주공10(고층),1988,11800,2006,11,28,59.39,1,상계동,666,11350,,,
상계주공11(고층),1988,13850,2006,11,28,49.94,4,상계동,652,11350,,,
상계주공11(고층),1988,13800,2006,11,28,49.94,13,상계동,652,11350,,,
상계주공11(고층),1988,26600,2006,11,28,68.86,4,상계동,652,11350,,,
상계주공11(고층),1988,13500,2006,11,28,49.94,5,상계동,652,11350,,,
상계주공12(고층),1988,26700,2006,11,28,66.56,4,상계동,647,11350,,,
상계주공14(고층),1989,14400,2006,11,28,49.94,10,상계동,626,11350,,,
상계주공16(고층),1988,16500,2006,11,28,58.01,13,상계동,624,11350,,,
상계주공16(고층),1988,17500,2006,11,28,58.01,4,상계동,624,11350,,,
상계주공16(고층),1988,14710,2006,11,28,59.39,15,상계동,624,11350,,,
상계주공16(고층),1988,11240,2006,11,28,45.77,13,상계동,624,11350,,,
상계주공2(고층),1987,18950,2006,11,28,58.01,15,상계동,740,11350,,,
상계주공2(고층),1987,8500,2006,11,28,32.39,7,상계동,740,11350,,,
상계주공2(저층),1987,14500,2006,11,28,46.04,1,상계동,740,11350,,,
상계주공3(고층),1987,20000,2006,11,28,58.01,10,상계동,730-2,11350,,,
상계주공4(고층),1988,8250,2006,11,28,32.39,3,상계동,749-5,11350,,,
상계주공4(고층),1988,9000,2006,11,28,41.3,15,상계동,749-5,11350,,,
상계주공4(고층),1988,14900,2006,11,28,59.2,1,상계동,749-5,11350,,,
상계주공5(저층),1987,17000,2006,11,28,31.98,2,상계동,721,11350,,,
상계주공6(고층),1988,20310,2006,11,28,59.39,12,상계동,720,11350,,,
상계주공6(고층),1988,10500,2006,11,28,41.3,2,상계동,720,11350,,,
상계주공6(고층),1988,18850,2006,11,28,58.01,3,상계동,720,11350,,,
상계주공9(고층),1988,14500,2006,11,28,49.94,14,상계동,670,11350,,,
성원(사슴4),1995,11700,2006,11,28,49.92,7,월계동,322-1,11350,,,
세양청마루,2005,20217,2006,11,28,84.957,2,월계동,943,11350,,,
수락한신,1997,16000,2006,11,28,59.95,14,상계동,1277,11350,,,
시영2단지(라이프)아파트,1994,8300,2006,11,28,39.6,4,공릉동,707,11350,,,
은빛1단지,1998,9400,2006,11,28,39.7,6,상계동,1255,11350,,,
은빛2단지,1998,17000,2006,11,28,59.95,11,상계동,1256,11350,,,
은빛2단지,1998,9500,2006,11,28,39.7,7,상계동,1256,11350,,,
은빛2단지,1998,8500,2006,11,28,39.7,6,상계동,1256,11350,,,
장미(시영6),1989,7000,2006,11,28,43.56,9,하계동,273,11350,,,
장미(시영6),1989,13500,2006,11,28,54.02,9,하계동,273,11350,,,
주공2,1992,8800,2006,11,28,44.52,2,중계동,369,11350,,,
주공2,1992,9000,2006,11,28,44.52,4,중계동,369,11350,,,
주공5,1992,20550,2006,11,28,58.46,12,중계동,359-1,11350,,,
주공5,1992,22000,2006,11,28,58.46,8,중계동,359-1,11350,,,
주공5,1992,10440,2006,11,28,44.52,4,중계동,359-1,11350,,,
주공6,1993,9500,2006,11,28,44.1,9,중계동,364-12,11350,,,
중계3우성,1999,18000,2006,11,28,59.94,3,중계동,585,11350,,,
중계그린1단지,1990,12800,2006,11,28,49.5,14,중계동,502-1,11350,,,
중계그린1단지,1990,13900,2006,11,28,49.85,7,중계동,502-1,11350,,,
중계무지개,1991,18500,2006,11,28,59.26,3,중계동,512,11350,,,
중계무지개,1991,14050,2006,11,28,49.89,13,중계동,512,11350,,,
청백3,1998,11000,2006,11,28,49.77,7,월계동,780,11350,,,
청솔(시영7),1989,11000,2006,11,28,49.5,3,하계동,274,11350,,,
초안2,1997,12900,2006,11,28,59.85,7,월계동,924,11350,,,
초안2,1997,7500,2006,11,28,39.6,6,월계동,924,11350,,,
초안산쌍용스윗닷홈,2006,36000,2006,11,28,84.69,15,월계동,945,11350,,,
코오롱,1997,15400,2006,11,28,59.94,2,상계동,1281,11350,,,
태강아파트(아이파크),1999,13000,2006,11,28,49.6,10,공릉동,81,11350,,,
태강아파트(아이파크),1999,16500,2006,11,28,59.38,2,공릉동,81,11350,,,
풍림아파트A,2001,19200,2006,11,28,59.94,3,공릉동,725,11350,,,
학여울청구,1999,31500,2006,11,28,84.77,4,하계동,354,11350,,,
한신1,1988,11000,2006,11,28,44.52,15,하계동,284,11350,,,
한신2차,1988,8500,2006,11,28,45.92,13,상계동,451,11350,,,
현대,2000,17800,2006,11,28,59.95,18,월계동,929,11350,,,
현대성우아파트,2000,12500,2006,11,28,59.98,20,공릉동,741,11350,,,
건영,1988,14500,2006,11,29,53.14,13,하계동,271-3,11350,,,
건영,1988,10700,2006,11,29,45.55,11,하계동,271-3,11350,,,
공릉해링턴플레이스,2000,80000,2006,11,29,134.914,14,공릉동,106,11350,,,
극동늘푸른,2000,16500,2006,11,29,59.958,5,상계동,1128,11350,,,
금호타운(583),1997,33000,2006,11,29,84.98,13,중계동,583,11350,,,
대아2차아파트,2000,29500,2006,11,29,114.69,6,공릉동,492-1,11350,,,
동진신안,1993,63000,2006,11,29,101.99,10,중계동,364,11350,,,
두산,1994,16500,2006,11,29,67.43,1,상계동,1110,11350,,,
미성,1986,13800,2006,11,29,33.28,4,월계동,13,11350,,,
벽산,1988,34900,2006,11,29,84.85,10,하계동,271-3,11350,,,
벽산,1989,18000,2006,11,29,75.03,12,상계동,173-1,11350,,,
보람그린102동,1999,18500,2006,11,29,96.24,2,상계동,1094,11350,,,
보람아파트,1988,32750,2006,11,29,79.25,4,상계동,639,11350,,,
보람아파트,1988,20500,2006,11,29,68.99,1,상계동,639,11350,,,
보람아파트,1988,25100,2006,11,29,68.99,11,상계동,639,11350,,,
삼익4단지아파트,1994,11000,2006,11,29,49.5,15,공릉동,714,11350,,,
삼익선경,1993,79000,2006,11,29,134.19,9,하계동,255-1,11350,,,
삼익포레스트아파트,1995,11400,2006,11,29,51.03,7,공릉동,737,11350,,,
삼창,1984,16400,2006,11,29,56.59,11,월계동,448-3,11350,,,
상계1차현대아파트,1993,20900,2006,11,29,83.92,2,상계동,1055,11350,,,
상계대림,1989,14900,2006,11,29,59.67,14,상계동,172,11350,,,
상계주공10(고층),1988,11000,2006,11,29,45.9,5,상계동,666,11350,,,
상계주공11(고층),1988,12000,2006,11,29,59.28,2,상계동,652,11350,,,
상계주공11(고층),1988,17000,2006,11,29,59.39,14,상계동,652,11350,,,
상계주공11(고층),1988,15400,2006,11,29,58.01,1,상계동,652,11350,,,
상계주공11(고층),1988,15000,2006,11,29,49.94,2,상계동,652,11350,,,
상계주공12(고층),1988,19200,2006,11,29,61.52,13,상계동,647,11350,,,
상계주공12(고층),1988,10000,2006,11,29,41.3,13,상계동,647,11350,,,
상계주공13(고층),1989,8580,2006,11,29,45.9,12,상계동,637,11350,,,
상계주공13(고층),1989,12500,2006,11,29,49.94,11,상계동,637,11350,,,
상계주공14(고층),1989,9400,2006,11,29,45.9,5,상계동,626,11350,,,
상계주공16(고층),1988,14300,2006,11,29,59.39,1,상계동,624,11350,,,
상계주공16(고층),1988,30500,2006,11,29,79.07,11,상계동,624,11350,,,
상계주공2(고층),1987,10800,2006,11,29,41.3,15,상계동,740,11350,,,
상계주공3(고층),1987,20000,2006,11,29,59.28,2,상계동,730-2,11350,,,
상계주공3(고층),1987,20000,2006,11,29,58.01,3,상계동,730-2,11350,,,
상계주공4(고층),1988,11000,2006,11,29,41.3,6,상계동,749-5,11350,,,
상계주공4(고층),1988,11000,2006,11,29,41.3,13,상계동,749-5,11350,,,
상계주공5(저층),1987,17500,2006,11,29,31.98,2,상계동,721,11350,,,
상계주공6(고층),1988,10900,2006,11,29,41.3,2,상계동,720,11350,,,
상계주공7(고층),1988,41000,2006,11,29,79.07,3,상계동,691,11350,,,
상계주공7(고층),1988,14200,2006,11,29,45.55,14,상계동,691,11350,,,
상계주공7(고층),1988,14000,2006,11,29,41.3,7,상계동,691,11350,,,
상계주공7(고층),1988,40000,2006,11,29,79.07,2,상계동,691,11350,,,
상계주공8(저층),1988,17500,2006,11,29,31.95,5,상계동,677,11350,,,
상계주공9(고층),1988,14850,2006,11,29,49.94,6,상계동,670,11350,,,
상계주공9(고층),1988,10550,2006,11,29,41.3,7,상계동,670,11350,,,
상계주공9(고층),1988,10000,2006,11,29,45.9,12,상계동,670,11350,,,
상계현대3차,1999,20700,2006,11,29,84.96,1,상계동,1063,11350,,,
상계현대3차,1999,21500,2006,11,29,84.96,1,상계동,1063,11350,,,
수락파크빌,2001,37300,2006,11,29,84.83,13,상계동,1269,11350,,,
수락한신,1997,17200,2006,11,29,59.95,7,상계동,1277,11350,,,
수락한신,1997,20100,2006,11,29,84.95,1,상계동,1277,11350,,,
시영2단지(라이프)아파트,1994,10500,2006,11,29,49.5,1,공릉동,707,11350,,,
양지마을(대림)1,1998,43000,2006,11,29,84.9,4,중계동,587,11350,,,
우방아파트,2000,23200,2006,11,29,60.502,10,공릉동,108,11350,,,
우성,1988,37500,2006,11,29,84.91,12,하계동,270,11350,,,
월계흥화브라운빌,2004,21900,2006,11,29,84.99,2,월계동,939,11350,,,
은빛2단지,1998,9500,2006,11,29,39.7,15,상계동,1256,11350,,,
은빛2단지,1998,14800,2006,11,29,59.95,9,상계동,1256,11350,,,
주공10,1995,26200,2006,11,29,58.14,10,중계동,360-16,11350,,,
주공10,1995,26700,2006,11,29,58.14,7,중계동,360-16,11350,,,
주공2,1992,9400,2006,11,29,44.52,14,중계동,369,11350,,,
주공2,1992,8500,2006,11,29,44.52,3,중계동,369,11350,,,
주공6,1993,9700,2006,11,29,44.1,14,중계동,364-12,11350,,,
주공7,1993,10000,2006,11,29,44.1,4,중계동,363-1,11350,,,
주공7,1993,9900,2006,11,29,44.1,13,중계동,363-1,11350,,,
중계3우성,1999,18500,2006,11,29,59.94,4,중계동,585,11350,,,
중계그린1단지,1990,8750,2006,11,29,39.91,4,중계동,502-1,11350,,,
중계그린1단지,1990,12000,2006,11,29,44.1,3,중계동,502-1,11350,,,
중계그린1단지,1990,18150,2006,11,29,59.22,5,중계동,502-1,11350,,,
중계그린1단지,1990,13500,2006,11,29,49.85,5,중계동,502-1,11350,,,
중계그린1단지,1990,9150,2006,11,29,39.91,12,중계동,502-1,11350,,,
중계그린1단지,1990,12800,2006,11,29,49.5,3,중계동,502-1,11350,,,
중계무지개,1991,9500,2006,11,29,39.82,6,중계동,512,11350,,,
중계무지개,1991,16000,2006,11,29,59.26,9,중계동,512,11350,,,
중계무지개,1991,9250,2006,11,29,39.96,14,중계동,512,11350,,,
중앙하이츠,1998,15000,2006,11,29,72.69,4,중계동,161-1,11350,,,
중앙하이츠,1998,27000,2006,11,29,84.98,12,중계동,161-1,11350,,,
중앙하이츠(5지역),1996,13000,2006,11,29,59.99,11,상계동,1068,11350,,,
청구3,1996,46300,2006,11,29,84.77,8,중계동,360-2,11350,,,
청백4,1998,13000,2006,11,29,59.4,1,월계동,781,11350,,,
청솔아파트8,2000,34000,2006,11,29,84.65,7,공릉동,91,11350,,,
청암2단지,2001,16400,2006,11,29,59.96,7,상계동,1276,11350,,,
코오롱,1997,14800,2006,11,29,59.94,1,상계동,1281,11350,,,
태강아파트(아이파크),1999,13000,2006,11,29,49.6,8,공릉동,81,11350,,,
풍림아파트A,2001,23000,2006,11,29,59.94,13,공릉동,725,11350,,,
하나플러스,2004,18000,2006,11,29,84.87,9,공릉동,587-8,11350,,,
한신2,1988,11450,2006,11,29,44.52,2,하계동,284,11350,,,
한신동성,1993,65000,2006,11,29,112.24,9,하계동,256-5,11350,,,
현대그린,1998,30000,2006,11,29,84.99,3,중계동,49,11350,,,
현대그린,1998,30000,2006,11,29,84.99,6,중계동,49,11350,,,
현대그린,1998,25300,2006,11,29,84.99,1,중계동,49,11350,,,
화랑타운아파트,2000,39500,2006,11,29,84.65,5,공릉동,111,11350,,,
건영,1988,22300,2006,11,30,74.58,2,하계동,271-3,11350,,,
건영2,1991,32000,2006,11,30,84.96,1,중계동,515-2,11350,,,
건영3,1995,48200,2006,11,30,84.9,6,중계동,360-15,11350,,,
경남,1989,11900,2006,11,30,50.97,13,중계동,505,11350,,,
경남,1989,15000,2006,11,30,50.97,8,중계동,505,11350,,,
공릉동한보에센시티아파트,2000,13300,2006,11,30,59.4,15,공릉동,743,11350,,,
노원우성,1992,29000,2006,11,30,83.9,11,상계동,1251,11350,,,
노원우성,1992,17000,2006,11,30,84.88,7,상계동,1251,11350,,,
대동황토방,2001,31900,2006,11,30,84.97,15,상계동,1284,11350,,,
동신,1983,17000,2006,11,30,71.77,3,월계동,436,11350,,,
동신아파트,1999,30000,2006,11,30,84.97,15,공릉동,745,11350,,,
두산,1994,25500,2006,11,30,84.09,5,상계동,1110,11350,,,
미륭,1986,15500,2006,11,30,51.48,6,월계동,13,11350,,,
미성,1989,13000,2006,11,30,57.97,15,하계동,280,11350,,,
미성,1989,15000,2006,11,30,57.97,2,하계동,280,11350,,,
미성,1986,18250,2006,11,30,50.14,8,월계동,13,11350,,,
미성,1986,19000,2006,11,30,50.14,8,월계동,13,11350,,,
벽산,1988,32300,2006,11,30,84.85,1,하계동,271-3,11350,,,
보람아파트,1988,10000,2006,11,30,44.33,5,상계동,639,11350,,,
보람아파트,1988,10000,2006,11,30,44.33,4,상계동,639,11350,,,
보람아파트,1988,10250,2006,11,30,44.33,3,상계동,639,11350,,,
보람아파트,1988,14450,2006,11,30,54.59,2,상계동,639,11350,,,
보람아파트,1988,10500,2006,11,30,44.33,11,상계동,639,11350,,,
보람아파트,1988,15400,2006,11,30,54.59,9,상계동,639,11350,,,
북부현대,1996,10000,2006,11,30,59.24,1,상계동,1273,11350,,,
비선아파트,1999,19000,2006,11,30,59.74,12,공릉동,109,11350,,,
사슴3,1995,7000,2006,11,30,33.18,10,월계동,320-11,11350,,,
삼성,1999,17300,2006,11,30,59.9,6,중계동,593,11350,,,
삼성,1999,17000,2006,11,30,59.9,17,중계동,593,11350,,,
삼익2차아파트,2004,14500,2006,11,30,54.74,9,공릉동,754,11350,,,
삼익4단지아파트,1994,18000,2006,11,30,59.04,13,공릉동,714,11350,,,
삼익4단지아파트,1994,13000,2006,11,30,49.5,10,공릉동,714,11350,,,
삼익포레스트아파트,1995,13000,2006,11,30,51.03,10,공릉동,737,11350,,,
상계1차현대아파트,1993,22100,2006,11,30,82.94,3,상계동,1055,11350,,,
상계2차중앙하이츠,1998,18500,2006,11,30,59.82,24,상계동,1282,11350,,,
상계2차중앙하이츠,1998,17600,2006,11,30,59.82,1,상계동,1282,11350,,,
상계대림,1989,15000,2006,11,30,59.67,4,상계동,172,11350,,,
상계불암대림,2000,27800,2006,11,30,84.96,1,상계동,1289,11350,,,
상계주공1(고층),1988,13000,2006,11,30,49.94,10,상계동,765,11350,,,
상계주공1(고층),1988,17000,2006,11,30,58.01,13,상계동,765,11350,,,
상계주공10(고층),1988,15350,2006,11,30,49.94,13,상계동,666,11350,,,
상계주공11(고층),1988,13500,2006,11,30,49.94,1,상계동,652,11350,,,
상계주공11(고층),1988,14600,2006,11,30,49.94,10,상계동,652,11350,,,
상계주공12(고층),1988,20090,2006,11,30,61.52,9,상계동,647,11350,,,
상계주공12(고층),1988,15350,2006,11,30,49.94,9,상계동,647,11350,,,
상계주공12(고층),1988,9700,2006,11,30,41.3,15,상계동,647,11350,,,
상계주공13(고층),1989,14000,2006,11,30,49.94,13,상계동,637,11350,,,
상계주공14(고층),1989,9800,2006,11,30,45.9,10,상계동,626,11350,,,
상계주공14(고층),1989,11500,2006,11,30,41.3,7,상계동,626,11350,,,
상계주공16(고층),1988,10350,2006,11,30,45.77,12,상계동,624,11350,,,
상계주공16(고층),1988,15800,2006,11,30,59.39,11,상계동,624,11350,,,
상계주공2(고층),1987,7500,2006,11,30,32.39,3,상계동,740,11350,,,
상계주공2(고층),1987,11450,2006,11,30,41.3,7,상계동,740,11350,,,
상계주공2(고층),1987,8000,2006,11,30,32.39,2,상계동,740,11350,,,
상계주공3(고층),1987,7800,2006,11,30,32.39,1,상계동,730-2,11350,,,
상계주공3(고층),1987,5650,2006,11,30,32.39,15,상계동,730-2,11350,,,
상계주공3(고층),1987,17000,2006,11,30,59.2,15,상계동,730-2,11350,,,
상계주공3(고층),1987,18300,2006,11,30,58.01,11,상계동,730-2,11350,,,
상계주공4(고층),1988,14200,2006,11,30,49.94,4,상계동,749-5,11350,,,
상계주공4(고층),1988,15500,2006,11,30,49.94,7,상계동,749-5,11350,,,
상계주공6(고층),1988,10000,2006,11,30,37.46,4,상계동,720,11350,,,
상계주공6(고층),1988,20000,2006,11,30,58.01,6,상계동,720,11350,,,
상계주공7(고층),1988,22000,2006,11,30,59.39,9,상계동,691,11350,,,
상계주공7(고층),1988,14000,2006,11,30,45.9,15,상계동,691,11350,,,
상계주공7(고층),1988,14000,2006,11,30,41.3,4,상계동,691,11350,,,
상계주공7(고층),1988,13400,2006,11,30,41.3,15,상계동,691,11350,,,
상계주공7(고층),1988,19500,2006,11,30,49.94,11,상계동,691,11350,,,
상계주공7(고층),1988,13800,2006,11,30,45.9,14,상계동,691,11350,,,
상계주공9(고층),1988,26200,2006,11,30,66.56,15,상계동,670,11350,,,
상계주공9(고층),1988,10000,2006,11,30,41.3,7,상계동,670,11350,,,
상계주공9(고층),1988,20500,2006,11,30,58.01,4,상계동,670,11350,,,
상계현대3차,1999,28500,2006,11,30,84.96,12,상계동,1063,11350,,,
성원1,1996,21000,2006,11,30,59.75,9,중계동,580,11350,,,
성원1,1996,21800,2006,11,30,59.75,6,중계동,580,11350,,,
성원2,1995,12650,2006,11,30,56.97,4,중계동,581,11350,,,
세양청마루,2005,23700,2006,11,30,84.957,1,월계동,943,11350,,,
수락한신,1997,13500,2006,11,30,59.95,6,상계동,1277,11350,,,
시영2단지(라이프)아파트,1994,11700,2006,11,30,49.5,15,공릉동,707,11350,,,
시영2단지(라이프)아파트,1994,6600,2006,11,30,34.44,10,공릉동,707,11350,,,
시영3차(라이프)아파트,1994,9500,2006,11,30,39.6,15,공릉동,715,11350,,,
신안,1999,20900,2006,11,30,59.97,12,중계동,590,11350,,,
신원아파트,2000,17000,2006,11,30,84.99,1,공릉동,370-4,11350,,,
유원,1998,11750,2006,11,30,59.93,5,월계동,880,11350,,,
은빛2단지,1998,12800,2006,11,30,49.77,9,상계동,1256,11350,,,
은빛2단지,1998,14500,2006,11,30,59.92,3,상계동,1256,11350,,,
은빛2단지,1998,13000,2006,11,30,49.77,11,상계동,1256,11350,,,
장미(시영6),1989,15000,2006,11,30,54.02,4,하계동,273,11350,,,
장미(시영6),1989,8000,2006,11,30,43.41,6,하계동,273,11350,,,
장은하이빌,2002,21500,2006,11,30,81.8788,2,월계동,931,11350,,,
주공10,1995,24200,2006,11,30,58.14,10,중계동,360-16,11350,,,
주공2,1992,9700,2006,11,30,44.52,11,중계동,369,11350,,,
주공2,1992,9500,2006,11,30,44.52,13,중계동,369,11350,,,
주공2,1992,9700,2006,11,30,44.52,12,중계동,369,11350,,,
주공2,1992,9600,2006,11,30,44.52,10,중계동,369,11350,,,
주공2,1992,6553,2006,11,30,38.64,15,월계동,556,11350,,,
주공4,1991,10300,2006,11,30,45.77,11,중계동,358-2,11350,,,
주공5,1992,21000,2006,11,30,58.46,4,중계동,359-1,11350,,,
주공5,1992,20000,2006,11,30,58.46,14,중계동,359-1,11350,,,
주공6,1993,10300,2006,11,30,44.1,10,중계동,364-12,11350,,,
주공6,1993,10000,2006,11,30,44.1,11,중계동,364-12,11350,,,
주공7,1993,9400,2006,11,30,44.1,5,중계동,363-1,11350,,,
중계그린1단지,1990,8600,2006,11,30,39.78,2,중계동,502-1,11350,,,
중계그린1단지,1990,9500,2006,11,30,39.78,4,중계동,502-1,11350,,,
중계그린1단지,1990,13200,2006,11,30,49.85,7,중계동,502-1,11350,,,
중계그린1단지,1990,14800,2006,11,30,49.5,5,중계동,502-1,11350,,,
중계그린1단지,1990,12900,2006,11,30,49.5,2,중계동,502-1,11350,,,
중계그린1단지,1990,14400,2006,11,30,49.85,2,중계동,502-1,11350,,,
중계그린1단지,1990,8800,2006,11,30,39.91,3,중계동,502-1,11350,,,
중계그린1단지,1990,17000,2006,11,30,59.46,2,중계동,502-1,11350,,,
중계그린1단지,1990,14900,2006,11,30,49.5,10,중계동,502-1,11350,,,
중계그린1단지,1990,12900,2006,11,30,49.5,2,중계동,502-1,11350,,,
중계그린1단지,1990,9500,2006,11,30,39.91,14,중계동,502-1,11350,,,
중계무지개,1991,8900,2006,11,30,39.96,4,중계동,512,11350,,,
중계무지개,1991,12800,2006,11,30,49.89,13,중계동,512,11350,,,
중계무지개,1991,14000,2006,11,30,49.54,6,중계동,512,11350,,,
청구,1988,41000,2006,11,30,84.97,7,하계동,284,11350,,,
청구,1988,34000,2006,11,30,84.97,2,하계동,284,11350,,,
청백3,1998,14000,2006,11,30,59.4,14,월계동,780,11350,,,
청솔(시영7),1989,13300,2006,11,30,49.85,4,하계동,274,11350,,,
청솔(시영7),1989,11000,2006,11,30,49.5,7,하계동,274,11350,,,
청솔(시영7),1989,12050,2006,11,30,49.5,7,하계동,274,11350,,,
청솔(시영7),1989,13000,2006,11,30,49.85,10,하계동,274,11350,,,
청암2단지,2001,16900,2006,11,30,59.4,20,상계동,1276,11350,,,
초안1,1998,12200,2006,11,30,59.85,10,월계동,923,11350,,,
태강아파트(아이파크),1999,13000,2006,11,30,49.6,8,공릉동,81,11350,,,
태강아파트(아이파크),1999,13000,2006,11,30,49.6,8,공릉동,81,11350,,,
태강아파트(아이파크),1999,13000,2006,11,30,49.6,8,공릉동,81,11350,,,
하계2현대,1997,34800,2006,11,30,75.35,9,하계동,288,11350,,,
학여울청구,1999,33000,2006,11,30,84.77,14,하계동,354,11350,,,
한신1,1988,7900,2006,11,30,35.28,2,하계동,284,11350,,,
한일유앤아이,2005,19000,2006,11,30,59.877,16,상계동,1309,11350,,,
한진한화그랑빌,2002,21850,2006,11,30,59.94,14,월계동,18,11350,,,
현대(고려)아파트,1999,20000,2006,11,30,84.09,9,공릉동,590-1,11350,,,
현대그린,1998,33500,2006,11,30,84.99,7,중계동,49,11350,,,
