단지명,건축년도,거래금액(만원),계약년,계약월,계약일,전용면적(㎡),층,법정동,지번,시군구코드,거래유형,매수자구분,매도자구분
동신아파트,1999,25800,2006,10,1,84.97,10,공릉동,745,11350,,,
두산,1994,13000,2006,10,1,58.65,5,상계동,1110,11350,,,
미성,1986,12700,2006,10,1,50.14,4,월계동,13,11350,,,
미성,1986,13000,2006,10,1,50.14,8,월계동,13,11350,,,
미성,1986,13000,2006,10,1,50.14,13,월계동,13,11350,,,
삼성,1999,33000,2006,10,1,84.75,10,중계동,593,11350,,,
삼호3,1986,15000,2006,10,1,59.22,14,월계동,13,11350,,,
삼호4,1987,10850,2006,10,1,50.18,2,월계동,12,11350,,,
상계주공1(고층),1988,13400,2006,10,1,58.01,6,상계동,765,11350,,,
상계주공16(고층),1988,12500,2006,10,1,58.01,14,상계동,624,11350,,,
상계주공6(고층),1988,16300,2006,10,1,59.39,14,상계동,720,11350,,,
수락파크빌,2001,41000,2006,10,1,114.82,2,상계동,1269,11350,,,
양지마을(대림)2,1999,28750,2006,10,1,84.88,2,중계동,588,11350,,,
장미(시영6),1989,9500,2006,10,1,43.41,3,하계동,273,11350,,,
청백3,1998,7500,2006,10,1,39.84,5,월계동,780,11350,,,
청솔(시영7),1989,12950,2006,10,1,59.87,11,하계동,274,11350,,,
초안2,1997,12450,2006,10,1,59.85,14,월계동,924,11350,,,
건영,2003,20500,2006,10,2,84.77,8,상계동,1321,11350,,,
건영,1988,9000,2006,10,2,45.55,9,하계동,271-3,11350,,,
건영2,1991,25000,2006,10,2,84.96,13,중계동,515-2,11350,,,
경남,1989,23300,2006,10,2,84.97,2,중계동,505,11350,,,
공릉우성아파트,1995,26000,2006,10,2,109.4,2,공릉동,738,11350,,,
극동늘푸른,2000,25000,2006,10,2,84.514,4,상계동,1128,11350,,,
노원현대,1997,27500,2006,10,2,84.78,6,상계동,359,11350,,,
대동,1997,13800,2006,10,2,59.76,10,월계동,925,11350,,,
대림벽산(363),1993,73000,2006,10,2,114.39,3,중계동,363,11350,,,
동진,1988,6270,2006,10,2,47.61,3,중계동,103,11350,,,
두산,1994,21000,2006,10,2,84.09,3,상계동,1110,11350,,,
두산힐스빌아파트,2000,25800,2006,10,2,84.9,4,공릉동,747,11350,,,
두산힐스빌아파트,2000,28550,2006,10,2,84.9,15,공릉동,747,11350,,,
롯데우성,1993,60000,2006,10,2,115.26,14,중계동,361-1,11350,,,
롯데우성,1993,52300,2006,10,2,101.88,9,중계동,361-1,11350,,,
미륭,1986,12400,2006,10,2,51.48,1,월계동,13,11350,,,
미륭,1986,13300,2006,10,2,51.48,6,월계동,13,11350,,,
미성,1989,21500,2006,10,2,72.17,8,하계동,280,11350,,,
미성,1986,9350,2006,10,2,33.28,3,월계동,13,11350,,,
벽산,1988,13000,2006,10,2,57.71,3,하계동,271-3,11350,,,
보람아파트,1988,18200,2006,10,2,68.99,8,상계동,639,11350,,,
보람아파트,1988,12200,2006,10,2,54.59,7,상계동,639,11350,,,
보람아파트,1988,15500,2006,10,2,68.99,15,상계동,639,11350,,,
보람아파트,1988,12500,2006,10,2,54.59,14,상계동,639,11350,,,
비콘드림힐2,2005,21700,2006,10,2,72.73,6,상계동,1308,11350,,,
삼창,1984,13000,2006,10,2,56.59,2,월계동,448-3,11350,,,
상계2차중앙하이츠,1998,16450,2006,10,2,59.82,19,상계동,1282,11350,,,
상계대림,1989,12500,2006,10,2,59.67,2,상계동,172,11350,,,
상계대림e편한세상,2002,22500,2006,10,2,83.87,5,상계동,1301,11350,,,
상계불암대림,2000,28750,2006,10,2,84.96,16,상계동,1289,11350,,,
상계주공1(고층),1988,7900,2006,10,2,41.3,6,상계동,765,11350,,,
상계주공1(저층),1988,21000,2006,10,2,71.89,2,상계동,765,11350,,,
상계주공10(고층),1988,8000,2006,10,2,45.77,1,상계동,666,11350,,,
상계주공11(고층),1988,11830,2006,10,2,59.39,2,상계동,652,11350,,,
상계주공11(고층),1988,24000,2006,10,2,79.07,2,상계동,652,11350,,,
상계주공11(고층),1988,11300,2006,10,2,49.94,8,상계동,652,11350,,,
상계주공12(고층),1988,10350,2006,10,2,49.94,4,상계동,647,11350,,,
상계주공13(고층),1989,9900,2006,10,2,49.94,7,상계동,637,11350,,,
상계주공14(고층),1989,8550,2006,10,2,41.3,14,상계동,626,11350,,,
상계주공16(고층),1988,12400,2006,10,2,58.01,13,상계동,624,11350,,,
상계주공16(고층),1988,12800,2006,10,2,59.39,10,상계동,624,11350,,,
상계주공2(고층),1987,9250,2006,10,2,41.3,8,상계동,740,11350,,,
상계주공3(고층),1987,14000,2006,10,2,58.01,10,상계동,730-2,11350,,,
상계주공3(고층),1987,29000,2006,10,2,84.2,14,상계동,730-2,11350,,,
상계주공5(저층),1987,12700,2006,10,2,31.98,1,상계동,721,11350,,,
상계주공6(고층),1988,8400,2006,10,2,37.46,4,상계동,720,11350,,,
상계주공6(고층),1988,14900,2006,10,2,58.01,4,상계동,720,11350,,,
상계주공6(고층),1988,16280,2006,10,2,58.01,13,상계동,720,11350,,,
상계주공6(고층),1988,15000,2006,10,2,58.01,15,상계동,720,11350,,,
상계주공6(고층),1988,15000,2006,10,2,58.01,2,상계동,720,11350,,,
상계주공6(고층),1988,15400,2006,10,2,58.01,4,상계동,720,11350,,,
상계주공7(고층),1988,12800,2006,10,2,49.94,3,상계동,691,11350,,,
상계주공7(고층),1988,11940,2006,10,2,49.94,3,상계동,691,11350,,,
상계주공9(고층),1988,8400,2006,10,2,45.55,4,상계동,670,11350,,,
시영3차(라이프)아파트,1994,7000,2006,10,2,34.44,12,공릉동,715,11350,,,
양지마을(대림)1,1998,29500,2006,10,2,84.9,1,중계동,587,11350,,,
양지마을(대림)1,1998,35000,2006,10,2,84.9,12,중계동,587,11350,,,
양지마을(대림)1,1998,34500,2006,10,2,84.9,17,중계동,587,11350,,,
양지마을(대림)1,1998,34800,2006,10,2,84.9,9,중계동,587,11350,,,
양지마을(대림)2,1999,50300,2006,10,2,114.81,8,중계동,588,11350,,,
양지마을(대림)2,1999,36500,2006,10,2,84.88,14,중계동,588,11350,,,
양지마을(대림)2,1999,32500,2006,10,2,84.88,7,중계동,588,11350,,,
월계흥화브라운빌,2004,17770,2006,10,2,59.79,12,월계동,939,11350,,,
장미(시영6),1989,12950,2006,10,2,65.33,3,하계동,273,11350,,,
주공2,1992,7500,2006,10,2,44.52,2,월계동,556,11350,,,
주공2,1992,8200,2006,10,2,44.52,6,중계동,369,11350,,,
주공2,1992,6700,2006,10,2,38.64,6,월계동,556,11350,,,
주공2,1992,12500,2006,10,2,59.97,13,월계동,556,11350,,,
주공2,1992,18950,2006,10,2,84.815,5,월계동,556,11350,,,
주공2,1992,11450,2006,10,2,58.65,6,월계동,556,11350,,,
주공5,1992,32400,2006,10,2,84.79,4,중계동,359-1,11350,,,
주공5,1992,9000,2006,10,2,44.52,13,중계동,359-1,11350,,,
주공5,1992,9200,2006,10,2,44.94,6,중계동,359-1,11350,,,
주공5,1992,8450,2006,10,2,44.52,15,중계동,359-1,11350,,,
중계그린1단지,1990,8400,2006,10,2,39.91,9,중계동,502-1,11350,,,
중계그린1단지,1990,11050,2006,10,2,49.85,4,중계동,502-1,11350,,,
중계그린1단지,1990,7400,2006,10,2,39.92,15,중계동,502-1,11350,,,
중계무지개,1991,11100,2006,10,2,49.89,6,중계동,512,11350,,,
청구3,1996,37000,2006,10,2,84.77,2,중계동,360-2,11350,,,
청백3,1998,13000,2006,10,2,59.4,14,월계동,780,11350,,,
청솔(시영7),1989,9800,2006,10,2,49.5,9,하계동,274,11350,,,
청솔아파트8,2000,26000,2006,10,2,84.83,10,공릉동,91,11350,,,
청솔아파트9,2000,29500,2006,10,2,84.9,6,공릉동,90,11350,,,
초안2,1997,10200,2006,10,2,59.85,1,월계동,924,11350,,,
충효파크타운,2006,12000,2006,10,2,71.55,5,상계동,407-7,11350,,,
태강아파트(아이파크),1999,16900,2006,10,2,59.34,9,공릉동,81,11350,,,
태강아파트(아이파크),1999,16350,2006,10,2,59.38,14,공릉동,81,11350,,,
태릉우성아파트,1985,19500,2006,10,2,66.87,1,공릉동,254,11350,,,
풍림아파트A,2001,28500,2006,10,2,84.99,9,공릉동,725,11350,,,
풍림아파트A,2001,17000,2006,10,2,59.94,2,공릉동,725,11350,,,
하계1청구,1997,41550,2006,10,2,84.6,11,하계동,251,11350,,,
하나플러스,2004,19000,2006,10,2,84.92,8,공릉동,587-8,11350,,,
한신1차,1987,8000,2006,10,2,45.44,14,상계동,135,11350,,,
한신동성,1993,50500,2006,10,2,112.24,11,하계동,256-5,11350,,,
한진한화그랑빌,2002,44000,2006,10,2,139.08,2,월계동,18,11350,,,
한진한화그랑빌,2002,28500,2006,10,2,84.97,12,월계동,18,11350,,,
한진한화그랑빌,2002,28000,2006,10,2,84.97,11,월계동,18,11350,,,
한진한화그랑빌,2002,43800,2006,10,2,114.97,13,월계동,18,11350,,,
현대,2000,28600,2006,10,2,84.98,11,월계동,929,11350,,,
현대,2000,16000,2006,10,2,59.95,23,월계동,929,11350,,,
현대,2000,28000,2006,10,2,84.98,12,월계동,929,11350,,,
현대,2000,38000,2006,10,2,114.99,24,월계동,929,11350,,,
현대,2000,32000,2006,10,2,114.99,17,월계동,929,11350,,,
현대,2000,26700,2006,10,2,84.98,27,월계동,929,11350,,,
현대,2000,38000,2006,10,2,114.99,24,월계동,929,11350,,,
화랑타운아파트,2000,31900,2006,10,2,84.65,2,공릉동,111,11350,,,
건영3,1995,35500,2006,10,3,84.9,12,중계동,360-15,11350,,,
경남아너스빌,2002,25300,2006,10,3,79.098,16,중계동,597,11350,,,
공릉우성아파트,1995,30500,2006,10,3,109.4,13,공릉동,738,11350,,,
금호타운(583),1997,27900,2006,10,3,84.98,7,중계동,583,11350,,,
대림벽산(363),1993,53000,2006,10,3,114.39,1,중계동,363,11350,,,
대아2차아파트,2000,21400,2006,10,3,84.87,10,공릉동,492-1,11350,,,
동아불암,1999,29000,2006,10,3,84.9,15,상계동,1285,11350,,,
두산,1994,12600,2006,10,3,58.65,15,상계동,1110,11350,,,
두산힐스빌아파트,2000,19150,2006,10,3,60,22,공릉동,747,11350,,,
두산힐스빌아파트,2000,25700,2006,10,3,84.9,15,공릉동,747,11350,,,
라이프,1993,59000,2006,10,3,115.65,8,중계동,366,11350,,,
롯데(505),1989,27000,2006,10,3,84.97,14,중계동,505,11350,,,
롯데우성,1993,62900,2006,10,3,115.26,7,중계동,361-1,11350,,,
문수해오름,2003,20000,2006,10,3,83.24,6,상계동,1303,11350,,,
미성,1986,12800,2006,10,3,50.14,4,월계동,13,11350,,,
미성,1986,9450,2006,10,3,33.28,5,월계동,13,11350,,,
상계1차현대아파트,1993,18000,2006,10,3,83.92,13,상계동,1055,11350,,,
상계2차중앙하이츠,1998,14500,2006,10,3,59.82,2,상계동,1282,11350,,,
상계주공1(고층),1988,12900,2006,10,3,59.2,14,상계동,765,11350,,,
상계주공10(고층),1988,10700,2006,10,3,49.94,13,상계동,666,11350,,,
상계주공10(고층),1988,13240,2006,10,3,58.01,13,상계동,666,11350,,,
상계주공10(저층),1988,14000,2006,10,3,54.54,4,상계동,666,11350,,,
상계주공11(고층),1988,11170,2006,10,3,49.94,7,상계동,652,11350,,,
상계주공14(고층),1989,13900,2006,10,3,59.39,5,상계동,626,11350,,,
상계주공14(고층),1989,10900,2006,10,3,49.94,14,상계동,626,11350,,,
상계주공16(고층),1988,8500,2006,10,3,45.77,5,상계동,624,11350,,,
상계주공2(고층),1987,14900,2006,10,3,58.01,7,상계동,740,11350,,,
상계주공3(고층),1987,16283,2006,10,3,58.01,14,상계동,730-2,11350,,,
상계주공3(고층),1987,15950,2006,10,3,58.01,4,상계동,730-2,11350,,,
상계주공3(고층),1987,12780,2006,10,3,58.01,15,상계동,730-2,11350,,,
상계주공4(고층),1988,7100,2006,10,3,32.39,7,상계동,749-5,11350,,,
상계주공6(고층),1988,18300,2006,10,3,58.01,13,상계동,720,11350,,,
상계주공6(고층),1988,15300,2006,10,3,58.01,8,상계동,720,11350,,,
상계주공6(고층),1988,14000,2006,10,3,58.01,12,상계동,720,11350,,,
상계주공6(고층),1988,9500,2006,10,3,41.3,5,상계동,720,11350,,,
상계주공6(고층),1988,14800,2006,10,3,58.01,11,상계동,720,11350,,,
상계주공6(고층),1988,9300,2006,10,3,41.3,2,상계동,720,11350,,,
상계주공6(고층),1988,15300,2006,10,3,58.01,11,상계동,720,11350,,,
상계주공9(고층),1988,15150,2006,10,3,61.52,6,상계동,670,11350,,,
상계주공9(고층),1988,11850,2006,10,3,49.94,10,상계동,670,11350,,,
상계주공9(고층),1988,8300,2006,10,3,45.9,11,상계동,670,11350,,,
상계주공9(고층),1988,7900,2006,10,3,41.3,8,상계동,670,11350,,,
수락현대,1995,23750,2006,10,3,84.87,10,상계동,1272,11350,,,
양지마을(대림)2,1999,48000,2006,10,3,114.81,14,중계동,588,11350,,,
양지마을(대림)2,1999,16500,2006,10,3,59.4,6,중계동,588,11350,,,
우방,1999,28500,2006,10,3,83.12,6,하계동,353,11350,,,
우방아파트,2000,19000,2006,10,3,60.502,5,공릉동,108,11350,,,
우방아파트,2000,21800,2006,10,3,70.784,11,공릉동,108,11350,,,
은빛2단지,1998,8000,2006,10,3,39.7,14,상계동,1256,11350,,,
주공10,1995,19500,2006,10,3,58.14,3,중계동,360-16,11350,,,
중계그린1단지,1990,13150,2006,10,3,59.46,4,중계동,502-1,11350,,,
중계무지개,1991,9675,2006,10,3,49.89,1,중계동,512,11350,,,
중계무지개,1991,11500,2006,10,3,49.89,14,중계동,512,11350,,,
중앙하이츠,1998,21000,2006,10,3,84.21,9,중계동,161-1,11350,,,
청구3,1996,39500,2006,10,3,84.77,9,중계동,360-2,11350,,,
초안1,1998,6200,2006,10,3,39.6,1,월계동,923,11350,,,
태강아파트(아이파크),1999,11950,2006,10,3,49.6,8,공릉동,81,11350,,,
하계2현대,1997,38000,2006,10,3,84.896,12,하계동,288,11350,,,
한신2차,1988,13000,2006,10,3,58.46,12,상계동,451,11350,,,
한신동성,1993,52800,2006,10,3,112.24,5,하계동,256-5,11350,,,
한일유앤아이,2005,40400,2006,10,3,114.882,15,상계동,1309,11350,,,
현대,1988,29500,2006,10,3,84.95,11,하계동,270,11350,,,
현대2차,1993,19900,2006,10,3,82.68,13,상계동,1078,11350,,,
현대성우아파트,2000,12100,2006,10,3,59.98,2,공릉동,741,11350,,,
건영3,1995,37000,2006,10,4,84.9,15,중계동,360-15,11350,,,
건영3,1995,40000,2006,10,4,84.9,8,중계동,360-15,11350,,,
공릉2신도브래뉴아파트,2002,21200,2006,10,4,72.73,10,공릉동,749,11350,,,
공릉동한보에센시티아파트,2000,13500,2006,10,4,59.4,14,공릉동,743,11350,,,
공릉해링턴플레이스,2000,45000,2006,10,4,99.917,3,공릉동,106,11350,,,
대창센시티,2002,22700,2006,10,4,84.8577,6,상계동,1302,11350,,,
동신,1983,28800,2006,10,4,104.36,10,월계동,436,11350,,,
동신,1983,17000,2006,10,4,72.2,1,월계동,436,11350,,,
라이프,1993,65000,2006,10,4,115.65,5,중계동,366,11350,,,
롯데우성,1993,52000,2006,10,4,115.26,1,중계동,361-1,11350,,,
미성,1989,19000,2006,10,4,72.17,13,하계동,280,11350,,,
삼익선경,1993,48500,2006,10,4,107.95,4,하계동,255-1,11350,,,
삼창,1984,11800,2006,10,4,56.59,1,월계동,448-3,11350,,,
삼호3,1986,17500,2006,10,4,59.22,11,월계동,13,11350,,,
상계1차중앙하이츠,1997,42700,2006,10,4,134.97,2,상계동,1279,11350,,,
상계1차중앙하이츠,1997,27000,2006,10,4,84.6,5,상계동,1279,11350,,,
상계1차현대아파트,1993,15200,2006,10,4,83.92,2,상계동,1055,11350,,,
상계주공1(고층),1988,9030,2006,10,4,41.3,5,상계동,765,11350,,,
상계주공1(저층),1988,29300,2006,10,4,84.41,3,상계동,765,11350,,,
상계주공10(고층),1988,16950,2006,10,4,66.56,1,상계동,666,11350,,,
상계주공10(고층),1988,7950,2006,10,4,45.9,4,상계동,666,11350,,,
상계주공11(고층),1988,11150,2006,10,4,49.94,6,상계동,652,11350,,,
상계주공12(고층),1988,8050,2006,10,4,41.3,14,상계동,647,11350,,,
상계주공14(고층),1989,6500,2006,10,4,41.3,15,상계동,626,11350,,,
상계주공16(고층),1988,11840,2006,10,4,59.39,5,상계동,624,11350,,,
상계주공3(고층),1987,13700,2006,10,4,59.39,15,상계동,730-2,11350,,,
상계주공6(고층),1988,15600,2006,10,4,58.01,9,상계동,720,11350,,,
상계주공6(고층),1988,15200,2006,10,4,58.01,5,상계동,720,11350,,,
상계주공9(고층),1988,25620,2006,10,4,79.07,6,상계동,670,11350,,,
상계현대3차,1999,23550,2006,10,4,84.96,11,상계동,1063,11350,,,
성원1,1996,31900,2006,10,4,84.78,14,중계동,580,11350,,,
센트럴,2005,24700,2006,10,4,122.37,1,상계동,1373-2,11350,,,
양지마을(대림)2,1999,17350,2006,10,4,59.4,4,중계동,588,11350,,,
염광,1996,38000,2006,10,4,132.21,18,중계동,445,11350,,,
주공2,1992,17900,2006,10,4,84.815,13,월계동,556,11350,,,
주공2,1992,7000,2006,10,4,44.94,15,월계동,556,11350,,,
주공5,1992,16800,2006,10,4,58.46,4,중계동,359-1,11350,,,
중계그린1단지,1990,10400,2006,10,4,49.5,7,중계동,502-1,11350,,,
중계무지개,1991,11200,2006,10,4,49.54,12,중계동,512,11350,,,
청구,1988,20450,2006,10,4,70.69,2,하계동,284,11350,,,
청구(366),1993,64000,2006,10,4,115.47,8,중계동,366,11350,,,
청구3,1996,29000,2006,10,4,84.99,7,하계동,251-12,11350,,,
태릉우성아파트,1985,21500,2006,10,4,66.87,5,공릉동,254,11350,,,
하계2현대,1997,37000,2006,10,4,84.51,10,하계동,288,11350,,,
학여울청구,1999,33000,2006,10,4,113.51,18,하계동,354,11350,,,
학여울청구,1999,37000,2006,10,4,113.51,6,하계동,354,11350,,,
현대,1988,32500,2006,10,4,84.95,6,하계동,270,11350,,,
현대,1988,33500,2006,10,4,84.95,7,하계동,270,11350,,,
현대2차,1993,19750,2006,10,4,82.68,11,상계동,1078,11350,,,
효성아파트,1995,28500,2006,10,4,84.66,4,공릉동,742,11350,,,
미륭,1986,12900,2006,10,5,51.48,2,월계동,13,11350,,,
상계2차중앙하이츠,1998,13200,2006,10,5,59.82,2,상계동,1282,11350,,,
수락산벨리체,2000,44500,2006,10,5,134.94,15,상계동,1265,11350,,,
양지마을(대림)1,1998,37000,2006,10,5,84.9,20,중계동,587,11350,,,
은빛2단지,1998,14950,2006,10,5,59.95,4,상계동,1256,11350,,,
미도,1988,25450,2006,10,7,87.57,1,상계동,766-1,11350,,,
세양청마루,2005,21300,2006,10,8,84.957,6,월계동,943,11350,,,
청구3,1996,37000,2006,10,8,84.77,13,중계동,360-2,11350,,,
현대,2000,16700,2006,10,8,59.95,9,월계동,929,11350,,,
건영장미아파트,1999,21750,2006,10,9,84.88,7,공릉동,744,11350,,,
경남아너스빌,2002,37800,2006,10,9,105.5954,1,중계동,597,11350,,,
공릉우성아파트,1995,18500,2006,10,9,84.97,3,공릉동,738,11350,,,
공릉해링턴플레이스,2000,44000,2006,10,9,99.917,7,공릉동,106,11350,,,
동신,1983,24000,2006,10,9,106.74,1,월계동,436,11350,,,
미도,1988,20000,2006,10,9,87.57,3,상계동,766-1,11350,,,
미륭,1986,13300,2006,10,9,51.48,6,월계동,13,11350,,,
미륭,1986,13200,2006,10,9,51.48,13,월계동,13,11350,,,
미성,1986,9500,2006,10,9,33.28,4,월계동,13,11350,,,
미성,1986,9000,2006,10,9,33.28,4,월계동,13,11350,,,
미성,1986,9100,2006,10,9,33.28,1,월계동,13,11350,,,
벽산,1989,12950,2006,10,9,59.9,10,상계동,173-1,11350,,,
보람아파트,1988,19000,2006,10,9,68.99,11,상계동,639,11350,,,
보람아파트,1988,12300,2006,10,9,54.59,9,상계동,639,11350,,,
불암현대,1999,15000,2006,10,9,59.4,11,상계동,1293,11350,,,
삼호4,1987,11800,2006,10,9,50.18,7,월계동,12,11350,,,
삼호4,1987,10500,2006,10,9,50.18,1,월계동,12,11350,,,
상계대림e편한세상,2002,21700,2006,10,9,83.87,3,상계동,1301,11350,,,
상계우방유쉘,2000,44700,2006,10,9,139.16,16,상계동,1295,11350,,,
상계주공1(고층),1988,13800,2006,10,9,58.01,2,상계동,765,11350,,,
상계주공10(고층),1988,8500,2006,10,9,41.3,14,상계동,666,11350,,,
상계주공10(고층),1988,14882,2006,10,9,61.52,4,상계동,666,11350,,,
상계주공11(고층),1988,14100,2006,10,9,58.01,8,상계동,652,11350,,,
상계주공11(고층),1988,14100,2006,10,9,58.01,8,상계동,652,11350,,,
상계주공2(고층),1987,13050,2006,10,9,59.28,6,상계동,740,11350,,,
상계주공3(고층),1987,29500,2006,10,9,84.2,8,상계동,730-2,11350,,,
상계주공4(고층),1988,8000,2006,10,9,41.3,3,상계동,749-5,11350,,,
상계주공4(고층),1988,9350,2006,10,9,41.3,5,상계동,749-5,11350,,,
상계주공5(저층),1987,12500,2006,10,9,31.98,2,상계동,721,11350,,,
상계주공9(고층),1988,10450,2006,10,9,49.94,8,상계동,670,11350,,,
상록수1단지,2002,12300,2006,10,9,53.656,10,상계동,1296,11350,,,
성원(사슴4),1995,7900,2006,10,9,39.6,7,월계동,322-1,11350,,,
수락산벨리체,2000,46000,2006,10,9,114.92,14,상계동,1265,11350,,,
수락현대,1995,23300,2006,10,9,84.87,6,상계동,1272,11350,,,
수락현대,1995,18500,2006,10,9,84.87,1,상계동,1272,11350,,,
시영2단지(라이프)아파트,1994,8100,2006,10,9,39.6,7,공릉동,707,11350,,,
양우,2002,23000,2006,10,9,86.6702,1,상계동,1299,11350,,,
은빛1단지,1998,9200,2006,10,9,49.77,1,상계동,1255,11350,,,
은빛2단지,1998,10900,2006,10,9,49.77,12,상계동,1256,11350,,,
주공2,1992,7400,2006,10,9,44.94,4,월계동,556,11350,,,
주공2,1992,11000,2006,10,9,58.65,15,월계동,556,11350,,,
중계3우성,1999,26500,2006,10,9,84.87,3,중계동,585,11350,,,
중계그린1단지,1990,13000,2006,10,9,59.46,7,중계동,502-1,11350,,,
중계그린1단지,1990,7500,2006,10,9,39.78,1,중계동,502-1,11350,,,
중계그린1단지,1990,13800,2006,10,9,59.87,13,중계동,502-1,11350,,,
중계무지개,1991,11750,2006,10,9,49.54,14,중계동,512,11350,,,
중계무지개,1991,7750,2006,10,9,39.96,10,중계동,512,11350,,,
중계무지개,1991,15000,2006,10,9,59.26,13,중계동,512,11350,,,
중계무지개,1991,15050,2006,10,9,59.26,6,중계동,512,11350,,,
중앙하이츠,1998,24300,2006,10,9,84.85,13,중계동,161-1,11350,,,
청구3,1996,34400,2006,10,9,84.77,14,중계동,360-2,11350,,,
청구3,1996,42000,2006,10,9,84.77,7,중계동,360-2,11350,,,
청백3,1998,10700,2006,10,9,49.77,7,월계동,780,11350,,,
청솔,2003,10000,2006,10,9,58.86,1,상계동,1049-43,11350,,,
청솔(시영7),1989,14200,2006,10,9,59.22,9,하계동,274,11350,,,
충효파크타운,2006,14000,2006,10,9,83,1,상계동,407-7,11350,,,
태강아파트(아이파크),1999,10950,2006,10,9,49.6,1,공릉동,81,11350,,,
하계2현대,1997,33500,2006,10,9,84.51,1,하계동,288,11350,,,
학여울청구,1999,26200,2006,10,9,84.77,8,하계동,354,11350,,,
학여울청구,1999,24000,2006,10,9,84.77,18,하계동,354,11350,,,
학여울청구,1999,25000,2006,10,9,84.77,3,하계동,354,11350,,,
학여울청구,1999,14070,2006,10,9,59.4,5,하계동,354,11350,,,
한신1차,1987,19500,2006,10,9,84.92,13,상계동,135,11350,,,
한진한화그랑빌,2002,29500,2006,10,9,84.97,14,월계동,18,11350,,,
한진한화그랑빌,2002,29000,2006,10,9,84.97,18,월계동,18,11350,,,
한진한화그랑빌,2002,48400,2006,10,9,139.08,21,월계동,18,11350,,,
한진한화그랑빌,2002,29800,2006,10,9,84.97,17,월계동,18,11350,,,
현대,2000,17000,2006,10,9,59.95,11,월계동,929,11350,,,
공릉해링턴플레이스,2000,46000,2006,10,10,99.917,9,공릉동,106,11350,,,
공릉해링턴플레이스,2000,43700,2006,10,10,99.917,9,공릉동,106,11350,,,
공릉해링턴플레이스,2000,44000,2006,10,10,99.917,4,공릉동,106,11350,,,
대우,1998,30000,2006,10,10,134.64,10,월계동,775,11350,,,
동부아파트,1996,13300,2006,10,10,59.34,2,공릉동,705,11350,,,
동아불암,1999,33200,2006,10,10,114.24,2,상계동,1285,11350,,,
라이프,1993,59000,2006,10,10,115.65,11,중계동,366,11350,,,
미륭,1986,13300,2006,10,10,51.48,5,월계동,13,11350,,,
미성,1986,15800,2006,10,10,50.14,10,월계동,13,11350,,,
미성,1986,12500,2006,10,10,50.14,1,월계동,13,11350,,,
미성,1986,12700,2006,10,10,50.14,4,월계동,13,11350,,,
보람아파트,1988,12450,2006,10,10,54.59,7,상계동,639,11350,,,
보람아파트,1988,19500,2006,10,10,68.99,8,상계동,639,11350,,,
삼익포레스트아파트,1995,24000,2006,10,10,84.6,15,공릉동,737,11350,,,
삼호3,1986,16900,2006,10,10,59.22,13,월계동,13,11350,,,
상계1차현대아파트,1993,20000,2006,10,10,84.15,6,상계동,1055,11350,,,
상계우방유쉘,2000,30000,2006,10,10,116.46,2,상계동,1295,11350,,,
상계주공1(고층),1988,20000,2006,10,10,68.86,10,상계동,765,11350,,,
상계주공1(고층),1988,12050,2006,10,10,59.2,7,상계동,765,11350,,,
상계주공10(고층),1988,15150,2006,10,10,58.01,13,상계동,666,11350,,,
상계주공10(고층),1988,11200,2006,10,10,49.94,10,상계동,666,11350,,,
상계주공10(고층),1988,10800,2006,10,10,49.94,8,상계동,666,11350,,,
상계주공10(고층),1988,8870,2006,10,10,45.77,5,상계동,666,11350,,,
상계주공10(저층),1988,9950,2006,10,10,47.34,5,상계동,666,11350,,,
상계주공11(고층),1988,10750,2006,10,10,49.94,11,상계동,652,11350,,,
상계주공11(고층),1988,8100,2006,10,10,41.3,15,상계동,652,11350,,,
상계주공11(고층),1988,12000,2006,10,10,60.5,4,상계동,652,11350,,,
상계주공11(고층),1988,10650,2006,10,10,49.94,12,상계동,652,11350,,,
상계주공12(고층),1988,8500,2006,10,10,41.3,5,상계동,647,11350,,,
상계주공12(고층),1988,7050,2006,10,10,41.3,6,상계동,647,11350,,,
상계주공13(고층),1989,7500,2006,10,10,45.9,1,상계동,637,11350,,,
상계주공14(고층),1989,33800,2006,10,10,90.94,10,상계동,626,11350,,,
상계주공16(고층),1988,8000,2006,10,10,45.77,1,상계동,624,11350,,,
상계주공16(고층),1988,11800,2006,10,10,59.39,11,상계동,624,11350,,,
상계주공16(고층),1988,25000,2006,10,10,79.07,6,상계동,624,11350,,,
상계주공16(고층),1988,12800,2006,10,10,59.39,9,상계동,624,11350,,,
상계주공2(고층),1987,18800,2006,10,10,68.86,8,상계동,740,11350,,,
상계주공2(고층),1987,19460,2006,10,10,68.86,11,상계동,740,11350,,,
상계주공3(고층),1987,27000,2006,10,10,84.2,9,상계동,730-2,11350,,,
상계주공3(고층),1987,13800,2006,10,10,59.2,13,상계동,730-2,11350,,,
상계주공3(고층),1987,15270,2006,10,10,59.28,3,상계동,730-2,11350,,,
상계주공6(고층),1988,15320,2006,10,10,58.01,14,상계동,720,11350,,,
상계주공7(고층),1988,15400,2006,10,10,58.01,12,상계동,691,11350,,,
상계주공7(고층),1988,9200,2006,10,10,41.3,13,상계동,691,11350,,,
상계주공9(고층),1988,15300,2006,10,10,61.52,9,상계동,670,11350,,,
상계주공9(고층),1988,11050,2006,10,10,49.94,7,상계동,670,11350,,,
상아,1989,21000,2006,10,10,72.73,5,중계동,505,11350,,,
상아,1989,24000,2006,10,10,84.97,6,중계동,505,11350,,,
수락현대,1995,23000,2006,10,10,84.74,11,상계동,1272,11350,,,
시영3차(라이프)아파트,1994,7000,2006,10,10,39.6,1,공릉동,715,11350,,,
신도1차아파트,2002,39000,2006,10,10,131.7554,2,공릉동,748,11350,,,
신도1차아파트,2002,24000,2006,10,10,81.2768,2,공릉동,748,11350,,,
신도1차아파트,2002,25400,2006,10,10,81.2768,10,공릉동,748,11350,,,
신성미소지움아파트,2004,30000,2006,10,10,106.319,16,공릉동,756,11350,,,
양지마을(대림)2,1999,32600,2006,10,10,84.84,3,중계동,588,11350,,,
염광,1996,41000,2006,10,10,131.25,6,중계동,445,11350,,,
은빛2단지,1998,15400,2006,10,10,59.95,12,상계동,1256,11350,,,
장미(시영6),1989,8000,2006,10,10,43.56,8,하계동,273,11350,,,
주공10,1995,18500,2006,10,10,58.14,10,중계동,360-16,11350,,,
주공2,1992,8200,2006,10,10,44.52,9,중계동,369,11350,,,
주공2,1992,8500,2006,10,10,44.52,14,중계동,369,11350,,,
주공2,1992,6000,2006,10,10,38.64,15,월계동,556,11350,,,
주공5,1992,30000,2006,10,10,84.79,14,중계동,359-1,11350,,,
중계그린1단지,1990,11970,2006,10,10,49.5,5,중계동,502-1,11350,,,
풍림아파트A,2001,18500,2006,10,10,59.94,11,공릉동,725,11350,,,
학여울청구,1999,27400,2006,10,10,84.77,7,하계동,354,11350,,,
한신2차,1988,12700,2006,10,10,58.46,3,상계동,451,11350,,,
한신3차,1990,20500,2006,10,10,84.59,10,상계동,458,11350,,,
한양,1988,25000,2006,10,10,86.62,1,상계동,757,11350,,,
한진한화그랑빌,2002,18500,2006,10,10,59.94,2,월계동,18,11350,,,
한화꿈에그린,2005,38000,2006,10,10,84.902,12,중계동,598,11350,,,
현대,2000,33000,2006,10,10,114.99,12,월계동,929,11350,,,
현대(3차),1992,16900,2006,10,10,66.47,2,중계동,576,11350,,,
현대(6차),2018,49500,2006,10,10,122.69,17,중계동,34-5,11350,,,
현대2차,1993,17800,2006,10,10,82.68,8,상계동,1078,11350,,,
현대그린,1998,31000,2006,10,10,84.99,6,중계동,49,11350,,,
효성아파트,1995,29500,2006,10,10,84.66,4,공릉동,742,11350,,,
공릉해링턴플레이스,2000,46500,2006,10,11,99.917,12,공릉동,106,11350,,,
동부아파트,1996,22000,2006,10,11,84.79,10,공릉동,705,11350,,,
동부아파트,1996,22000,2006,10,11,84.79,10,공릉동,705,11350,,,
동부아파트,1996,22000,2006,10,11,84.79,10,공릉동,705,11350,,,
동신아파트,1999,15850,2006,10,11,59.99,17,공릉동,745,11350,,,
두산,1994,8800,2006,10,11,41.85,5,상계동,1110,11350,,,
롯데우성,1993,58000,2006,10,11,115.26,13,중계동,361-1,11350,,,
미륭,1986,13300,2006,10,11,51.48,11,월계동,13,11350,,,
미성,1986,12900,2006,10,11,50.14,11,월계동,13,11350,,,
벽산,1989,19000,2006,10,11,75.03,6,상계동,173-1,11350,,,
보람아파트,1988,20000,2006,10,11,68.99,11,상계동,639,11350,,,
보람아파트,1988,9000,2006,10,11,44.33,14,상계동,639,11350,,,
불암현대,1999,47500,2006,10,11,114.24,4,상계동,1293,11350,,,
상계2차중앙하이츠,1998,45300,2006,10,11,134.97,20,상계동,1282,11350,,,
상계2차중앙하이츠,1998,13800,2006,10,11,59.82,3,상계동,1282,11350,,,
상계신동아,1995,21000,2006,10,11,84.99,13,상계동,463,11350,,,
상계주공1(고층),1988,8980,2006,10,11,41.3,9,상계동,765,11350,,,
상계주공10(고층),1988,20000,2006,10,11,68.86,13,상계동,666,11350,,,
상계주공11(고층),1988,11720,2006,10,11,60.5,5,상계동,652,11350,,,
상계주공12(고층),1988,8800,2006,10,11,41.3,14,상계동,647,11350,,,
상계주공12(고층),1988,8200,2006,10,11,41.3,8,상계동,647,11350,,,
상계주공12(고층),1988,8400,2006,10,11,41.3,11,상계동,647,11350,,,
상계주공14(고층),1989,12400,2006,10,11,59.39,15,상계동,626,11350,,,
상계주공16(고층),1988,12200,2006,10,11,59.39,10,상계동,624,11350,,,
상계주공16(고층),1988,8680,2006,10,11,45.77,7,상계동,624,11350,,,
상계주공2(고층),1987,14170,2006,10,11,58.01,5,상계동,740,11350,,,
상계주공2(고층),1987,7650,2006,10,11,38,4,상계동,740,11350,,,
상계주공4(고층),1988,12660,2006,10,11,49.94,5,상계동,749-5,11350,,,
상계주공6(고층),1988,17000,2006,10,11,58.01,13,상계동,720,11350,,,
상계주공6(고층),1988,15000,2006,10,11,59.39,4,상계동,720,11350,,,
상계주공6(고층),1988,15000,2006,10,11,58.01,7,상계동,720,11350,,,
상계주공6(고층),1988,15600,2006,10,11,58.01,2,상계동,720,11350,,,
상계주공7(고층),1988,11920,2006,10,11,49.94,8,상계동,691,11350,,,
상계주공7(고층),1988,8800,2006,10,11,41.3,5,상계동,691,11350,,,
상계주공7(고층),1988,12600,2006,10,11,49.94,12,상계동,691,11350,,,
상계주공7(고층),1988,14000,2006,10,11,59.39,13,상계동,691,11350,,,
상계주공9(고층),1988,8550,2006,10,11,41.3,14,상계동,670,11350,,,
성원1,1996,31800,2006,10,11,84.78,14,중계동,580,11350,,,
세양청마루,2005,21309,2006,10,11,84.957,6,월계동,943,11350,,,
세양청마루,2005,20217,2006,10,11,84.957,2,월계동,943,11350,,,
세양청마루,2005,21309,2006,10,11,84.957,3,월계동,943,11350,,,
세양청마루,2005,20217,2006,10,11,84.957,2,월계동,943,11350,,,
양지마을(대림)2,1999,31500,2006,10,11,84.88,2,중계동,588,11350,,,
양지마을(대림)2,1999,17500,2006,10,11,59.4,3,중계동,588,11350,,,
양지마을(대림)2,1999,17200,2006,10,11,59.4,15,중계동,588,11350,,,
염광,1996,15500,2006,10,11,59.34,23,중계동,445,11350,,,
우방아파트,2000,29000,2006,10,11,84.881,12,공릉동,108,11350,,,
우성,1988,51000,2006,10,11,127.22,12,하계동,270,11350,,,
은빛1단지,1998,15000,2006,10,11,59.95,13,상계동,1255,11350,,,
은빛1단지,1998,13000,2006,10,11,59.95,1,상계동,1255,11350,,,
주공2,1992,5900,2006,10,11,38.64,15,월계동,556,11350,,,
주공2,1992,7100,2006,10,11,44.52,15,월계동,556,11350,,,
주공2,1992,5900,2006,10,11,38.64,15,월계동,556,11350,,,
주공2,1992,12500,2006,10,11,59.97,5,월계동,556,11350,,,
주공2,1992,5900,2006,10,11,38.64,15,월계동,556,11350,,,
주공6,1993,8900,2006,10,11,44.1,6,중계동,364-12,11350,,,
중계그린1단지,1990,10500,2006,10,11,49.5,14,중계동,502-1,11350,,,
중계그린1단지,1990,8360,2006,10,11,39.91,10,중계동,502-1,11350,,,
중앙하이츠,1998,18500,2006,10,11,84.98,1,중계동,161-1,11350,,,
청구3,1996,41900,2006,10,11,84.77,14,중계동,360-2,11350,,,
청백3,1998,12900,2006,10,11,59.4,5,월계동,780,11350,,,
청백3,1998,10200,2006,10,11,49.77,4,월계동,780,11350,,,
청솔(시영7),1989,14000,2006,10,11,59.46,12,하계동,274,11350,,,
청솔(시영7),1989,10880,2006,10,11,49.5,6,하계동,274,11350,,,
초안1,1998,12000,2006,10,11,59.85,11,월계동,923,11350,,,
풍림아파트A,2001,40000,2006,10,11,114.78,16,공릉동,725,11350,,,
학여울청구,1999,25000,2006,10,11,84.77,5,하계동,354,11350,,,
학여울청구,1999,28200,2006,10,11,84.77,13,하계동,354,11350,,,
한신1,1988,6500,2006,10,11,27,9,하계동,284,11350,,,
한신2차,1988,20000,2006,10,11,84.92,9,상계동,451,11350,,,
한신4차,1995,18900,2006,10,11,84.84,4,상계동,995,11350,,,
한일유앤아이,2005,20000,2006,10,11,59.877,8,상계동,1309,11350,,,
한진한화그랑빌,2002,43000,2006,10,11,114.97,6,월계동,18,11350,,,
한진한화그랑빌,2002,45000,2006,10,11,114.97,14,월계동,18,11350,,,
한진한화그랑빌,2002,17500,2006,10,11,59.94,4,월계동,18,11350,,,
한화꿈에그린,2005,36000,2006,10,11,84.902,12,중계동,598,11350,,,
현대,2000,16500,2006,10,11,59.95,20,월계동,929,11350,,,
현대,1988,34000,2006,10,11,84.95,10,하계동,270,11350,,,
현대(고려)아파트,1999,19700,2006,10,11,84.09,9,공릉동,590-1,11350,,,
현대2차,1993,17300,2006,10,11,82.68,7,상계동,1078,11350,,,
현대4차,1995,17400,2006,10,11,84.73,8,상계동,1271,11350,,,
현대아파트,1984,35500,2006,10,11,86,5,공릉동,230,11350,,,
효성아파트,1995,33300,2006,10,11,84.66,4,공릉동,742,11350,,,
건영장미아파트,1999,21700,2006,10,12,84.88,6,공릉동,744,11350,,,
동진신안,1993,53400,2006,10,12,101.99,2,중계동,364,11350,,,
두산,1994,11100,2006,10,12,51.66,10,상계동,1110,11350,,,
롯데(505),1989,11900,2006,10,12,54.48,6,중계동,505,11350,,,
롯데(505),1989,12650,2006,10,12,54.48,13,중계동,505,11350,,,
미도,1988,32400,2006,10,12,87.57,12,상계동,766-1,11350,,,
미도,1988,26000,2006,10,12,87.57,8,상계동,766-1,11350,,,
미륭,1986,13950,2006,10,12,51.48,9,월계동,13,11350,,,
미성,1989,15300,2006,10,12,57.97,14,하계동,280,11350,,,
미성,1986,12550,2006,10,12,50.14,2,월계동,13,11350,,,
미성,1986,9500,2006,10,12,33.28,2,월계동,13,11350,,,
벽산,1988,23000,2006,10,12,84.85,1,하계동,271-3,11350,,,
벽산,1989,12290,2006,10,12,59.9,8,상계동,173-1,11350,,,
벽산,1989,8370,2006,10,12,46.8,14,상계동,173-1,11350,,,
벽산,1988,18500,2006,10,12,70.56,15,하계동,271-3,11350,,,
비선아파트,1999,12000,2006,10,12,48.6,4,공릉동,109,11350,,,
삼성,1999,16600,2006,10,12,59.9,7,중계동,593,11350,,,
삼익4단지아파트,1994,12100,2006,10,12,49.5,8,공릉동,714,11350,,,
삼창,1984,20000,2006,10,12,77.84,7,월계동,448-3,11350,,,
삼창,1984,13800,2006,10,12,56.59,3,월계동,448-3,11350,,,
상계2차중앙하이츠,1998,27800,2006,10,12,84.6,9,상계동,1282,11350,,,
상계신동아,1995,21600,2006,10,12,84.99,12,상계동,463,11350,,,
상계주공1(고층),1988,18000,2006,10,12,68.86,8,상계동,765,11350,,,
상계주공1(고층),1988,12900,2006,10,12,59.28,3,상계동,765,11350,,,
상계주공10(고층),1988,13600,2006,10,12,59.39,5,상계동,666,11350,,,
상계주공10(저층),1988,10600,2006,10,12,47.34,4,상계동,666,11350,,,
상계주공11(고층),1988,11600,2006,10,12,60.5,12,상계동,652,11350,,,
상계주공12(고층),1988,8160,2006,10,12,41.3,4,상계동,647,11350,,,
상계주공14(고층),1989,33000,2006,10,12,90.94,8,상계동,626,11350,,,
상계주공16(고층),1988,8500,2006,10,12,45.77,9,상계동,624,11350,,,
상계주공16(고층),1988,8100,2006,10,12,45.77,15,상계동,624,11350,,,
상계주공16(고층),1988,11650,2006,10,12,59.39,2,상계동,624,11350,,,
상계주공2(고층),1987,17700,2006,10,12,68.86,1,상계동,740,11350,,,
상계주공3(고층),1987,14300,2006,10,12,58.01,6,상계동,730-2,11350,,,
상계주공4(고층),1988,9300,2006,10,12,41.3,8,상계동,749-5,11350,,,
상계주공6(고층),1988,13400,2006,10,12,49.94,4,상계동,720,11350,,,
상계주공6(고층),1988,13400,2006,10,12,49.94,10,상계동,720,11350,,,
상계주공6(고층),1988,16500,2006,10,12,58.01,5,상계동,720,11350,,,
상계주공6(고층),1988,16000,2006,10,12,59.39,8,상계동,720,11350,,,
상계주공7(고층),1988,10000,2006,10,12,58.01,3,상계동,691,11350,,,
상계주공7(고층),1988,12850,2006,10,12,49.94,7,상계동,691,11350,,,
상계주공7(고층),1988,9450,2006,10,12,45.9,10,상계동,691,11350,,,
상계주공7(고층),1988,10750,2006,10,12,41.3,5,상계동,691,11350,,,
상계주공7(고층),1988,9750,2006,10,12,45.55,5,상계동,691,11350,,,
상계주공7(고층),1988,9720,2006,10,12,45.55,5,상계동,691,11350,,,
상계주공7(고층),1988,9200,2006,10,12,45.9,8,상계동,691,11350,,,
상계주공7(고층),1988,11500,2006,10,12,49.94,7,상계동,691,11350,,,
상계주공9(고층),1988,10700,2006,10,12,49.94,6,상계동,670,11350,,,
상계주공9(고층),1988,11400,2006,10,12,49.94,13,상계동,670,11350,,,
상계주공9(고층),1988,8780,2006,10,12,41.3,5,상계동,670,11350,,,
상계현대3차,1999,22300,2006,10,12,84.96,14,상계동,1063,11350,,,
서일이츠뷰,2005,24000,2006,10,12,84.998,6,공릉동,371-11,11350,,,
수락파크빌,2001,43000,2006,10,12,114.82,7,상계동,1269,11350,,,
시영3차(라이프)아파트,1994,6800,2006,10,12,34.44,5,공릉동,715,11350,,,
신안,1999,31500,2006,10,12,84.93,18,중계동,590,11350,,,
신원아파트,2000,18000,2006,10,12,84.99,15,공릉동,370-4,11350,,,
양지마을(대림)2,1999,36000,2006,10,12,84.88,11,중계동,588,11350,,,
우방,1999,14100,2006,10,12,59.74,15,하계동,353,11350,,,
우성,1988,44800,2006,10,12,127.22,2,하계동,270,11350,,,
은빛1단지,1998,14500,2006,10,12,59.95,11,상계동,1255,11350,,,
주공2,1992,9000,2006,10,12,44.52,6,중계동,369,11350,,,
주공2,1992,19000,2006,10,12,84.815,3,월계동,556,11350,,,
주공2,1992,11800,2006,10,12,58.65,8,월계동,556,11350,,,
주공2,1992,6500,2006,10,12,44.52,15,중계동,369,11350,,,
주공5,1992,17900,2006,10,12,58.46,6,중계동,359-1,11350,,,
중계그린1단지,1990,10750,2006,10,12,49.85,11,중계동,502-1,11350,,,
중계무지개,1991,15000,2006,10,12,59.26,8,중계동,512,11350,,,
청백4,1998,9400,2006,10,12,49.77,14,월계동,781,11350,,,
청솔아파트9,2000,27900,2006,10,12,84.99,12,공릉동,90,11350,,,
충효파크타운,2006,12000,2006,10,12,68.28,4,상계동,407-7,11350,,,
충효파크타운,2006,12000,2006,10,12,73.38,5,상계동,407-7,11350,,,
하계1청구,1997,36000,2006,10,12,84.6,2,하계동,251,11350,,,
하계2현대,1997,36500,2006,10,12,84.896,11,하계동,288,11350,,,
하계2현대,1997,38000,2006,10,12,84.896,11,하계동,288,11350,,,
한신1,1988,8450,2006,10,12,35.28,4,하계동,284,11350,,,
한신1,1988,7000,2006,10,12,27,14,하계동,284,11350,,,
한신2차,1988,8150,2006,10,12,45.92,5,상계동,451,11350,,,
한신3차,1990,19900,2006,10,12,84.59,12,상계동,458,11350,,,
한진한화그랑빌,2002,45000,2006,10,12,139.08,4,월계동,18,11350,,,
한진한화그랑빌,2002,44000,2006,10,12,114.97,18,월계동,18,11350,,,
한진한화그랑빌,2002,27500,2006,10,12,84.97,20,월계동,18,11350,,,
한진한화그랑빌,2002,20300,2006,10,12,59.94,15,월계동,18,11350,,,
한진한화그랑빌,2002,29000,2006,10,12,84.97,18,월계동,18,11350,,,
현대,2000,28750,2006,10,12,84.98,9,월계동,929,11350,,,
현대(3차),1992,18300,2006,10,12,66.47,7,중계동,576,11350,,,
현대(6차),2018,30500,2006,10,12,84.98,15,중계동,34-5,11350,,,
현대(6차),2018,16300,2006,10,12,59.84,9,중계동,34-5,11350,,,
현대2차,1993,19000,2006,10,12,82.68,4,상계동,1078,11350,,,
현대2차,1993,19900,2006,10,12,82.68,7,상계동,1078,11350,,,
화랑타운아파트,2000,35800,2006,10,12,84.65,8,공릉동,111,11350,,,
경남,1989,25200,2006,10,13,84.97,11,중계동,505,11350,,,
경남아너스빌,2002,26000,2006,10,13,79.098,5,중계동,597,11350,,,
공릉동한보에센시티아파트,2000,24000,2006,10,13,84.93,9,공릉동,743,11350,,,
공릉우성아파트,1995,26900,2006,10,13,109.4,2,공릉동,738,11350,,,
대동,1997,13850,2006,10,13,59.76,5,월계동,925,11350,,,
대동아파트2,1999,30000,2006,10,13,114.95,15,공릉동,380-1,11350,,,
대동황토방,2001,36000,2006,10,13,114.72,2,상계동,1284,11350,,,
대림벽산(363),1993,92000,2006,10,13,141.45,9,중계동,363,11350,,,
동부아파트,1996,20200,2006,10,13,84.79,15,공릉동,705,11350,,,
두산힐스빌아파트,2000,17500,2006,10,13,59.76,2,공릉동,747,11350,,,
미륭,1986,14200,2006,10,13,51.48,5,월계동,13,11350,,,
미성,1986,12000,2006,10,13,50.14,13,월계동,13,11350,,,
미성,1986,9600,2006,10,13,33.28,4,월계동,13,11350,,,
보람아파트,1988,18500,2006,10,13,68.99,11,상계동,639,11350,,,
보람아파트,1988,13200,2006,10,13,54.59,13,상계동,639,11350,,,
보람아파트,1988,12000,2006,10,13,54.59,11,상계동,639,11350,,,
보람아파트,1988,9000,2006,10,13,44.33,5,상계동,639,11350,,,
삼익선경,1993,50000,2006,10,13,107.95,10,하계동,255-1,11350,,,
삼익아파트,1997,12500,2006,10,13,59.89,15,공릉동,690-2,11350,,,
삼호4,1987,11300,2006,10,13,50.18,2,월계동,12,11350,,,
삼호4,1987,11500,2006,10,13,50.18,4,월계동,12,11350,,,
삼호4,1987,10900,2006,10,13,50.18,2,월계동,12,11350,,,
상계1차중앙하이츠,1997,13500,2006,10,13,59.82,1,상계동,1279,11350,,,
상계2차중앙하이츠,1998,28500,2006,10,13,84.6,11,상계동,1282,11350,,,
상계대림,1989,13500,2006,10,13,59.67,8,상계동,172,11350,,,
상계주공10(고층),1988,6800,2006,10,13,45.9,3,상계동,666,11350,,,
상계주공12(고층),1988,11360,2006,10,13,49.94,8,상계동,647,11350,,,
상계주공16(고층),1988,8000,2006,10,13,45.77,12,상계동,624,11350,,,
상계주공3(고층),1987,18350,2006,10,13,68.86,10,상계동,730-2,11350,,,
상계주공3(고층),1987,26900,2006,10,13,84.2,9,상계동,730-2,11350,,,
상계주공4(고층),1988,7150,2006,10,13,32.39,6,상계동,749-5,11350,,,
상계주공6(고층),1988,15000,2006,10,13,58.01,1,상계동,720,11350,,,
상계주공6(고층),1988,17300,2006,10,13,58.01,5,상계동,720,11350,,,
상계주공6(고층),1988,7900,2006,10,13,32.39,5,상계동,720,11350,,,
상계주공9(고층),1988,14500,2006,10,13,58.01,9,상계동,670,11350,,,
상계주공9(고층),1988,11150,2006,10,13,49.94,6,상계동,670,11350,,,
상계주공9(고층),1988,10950,2006,10,13,49.94,9,상계동,670,11350,,,
상계주공9(고층),1988,10850,2006,10,13,49.94,9,상계동,670,11350,,,
상아,1989,10450,2006,10,13,51.29,1,중계동,505,11350,,,
서광,1994,11750,2006,10,13,59.96,1,월계동,922,11350,,,
성북맨션,1976,12500,2006,10,13,65.35,1,월계동,383-40,11350,,,
수락산벨리체,2000,47000,2006,10,13,114.92,10,상계동,1265,11350,,,
신동아(366),1993,71700,2006,10,13,115.35,13,중계동,366,11350,,,
신동아(366),1993,69700,2006,10,13,115.35,13,중계동,366,11350,,,
신안,1999,34800,2006,10,13,84.93,20,중계동,590,11350,,,
신안,1999,33500,2006,10,13,84.93,5,중계동,590,11350,,,
양우,2002,24250,2006,10,13,79.4198,9,상계동,1299,11350,,,
임광,1989,39600,2006,10,13,106.25,1,상계동,694,11350,,,
주공2,1992,20500,2006,10,13,84.815,10,월계동,556,11350,,,
주공5,1992,9250,2006,10,13,44.52,9,중계동,359-1,11350,,,
주공7,1993,10500,2006,10,13,44.1,13,중계동,363-1,11350,,,
주공7,1993,9000,2006,10,13,44.1,2,중계동,363-1,11350,,,
중계그린1단지,1990,11050,2006,10,13,49.5,3,중계동,502-1,11350,,,
중계그린1단지,1990,10100,2006,10,13,49.5,12,중계동,502-1,11350,,,
중계그린1단지,1990,7400,2006,10,13,39.78,2,중계동,502-1,11350,,,
중계무지개,1991,11200,2006,10,13,49.54,9,중계동,512,11350,,,
중앙하이츠(5지역),1996,11500,2006,10,13,59.99,10,상계동,1068,11350,,,
진로유통조합대림,1992,25000,2006,10,13,84.94,4,중계동,78,11350,,,
청구3,1996,36200,2006,10,13,84.77,4,중계동,360-2,11350,,,
청백3,1998,10000,2006,10,13,49.77,3,월계동,780,11350,,,
초안산쌍용스윗닷홈,2006,26700,2006,10,13,84.69,7,월계동,945,11350,,,
코오롱,1997,14800,2006,10,13,59.94,13,상계동,1281,11350,,,
태강아파트(아이파크),1999,14500,2006,10,13,59.38,1,공릉동,81,11350,,,
태릉우성아파트,1985,20800,2006,10,13,66.87,1,공릉동,254,11350,,,
풍림아파트A,2001,21300,2006,10,13,59.94,6,공릉동,725,11350,,,
하계2현대,1997,38000,2006,10,13,84.896,8,하계동,288,11350,,,
학여울청구,1999,40000,2006,10,13,113.51,15,하계동,354,11350,,,
학여울청구,1999,25000,2006,10,13,84.77,5,하계동,354,11350,,,
한신4차,1995,18500,2006,10,13,84.84,5,상계동,995,11350,,,
한신동성,1993,44200,2006,10,13,112.24,1,하계동,256-5,11350,,,
한양,1988,28700,2006,10,13,87.49,14,상계동,757,11350,,,
한진한화그랑빌,2002,27000,2006,10,13,84.97,25,월계동,18,11350,,,
한진한화그랑빌,2002,26700,2006,10,13,84.97,17,월계동,18,11350,,,
한진한화그랑빌,2002,28900,2006,10,13,84.97,24,월계동,18,11350,,,
한진한화그랑빌,2002,20400,2006,10,13,59.94,5,월계동,18,11350,,,
한진한화그랑빌,2002,50000,2006,10,13,139.08,13,월계동,18,11350,,,
한진한화그랑빌,2002,27700,2006,10,13,84.97,6,월계동,18,11350,,,
한진한화그랑빌,2002,19300,2006,10,13,59.94,5,월계동,18,11350,,,
한화꿈에그린,2005,36500,2006,10,13,84.902,13,중계동,598,11350,,,
현대,2000,16800,2006,10,13,59.95,7,월계동,929,11350,,,
현대,2000,17000,2006,10,13,59.95,8,월계동,929,11350,,,
현대,1988,28500,2006,10,13,84.95,2,하계동,270,11350,,,
현대,2000,34000,2006,10,13,114.99,15,월계동,929,11350,,,
현대,2000,14000,2006,10,13,59.95,1,월계동,929,11350,,,
화랑해링턴플레이스아파트,1999,22000,2006,10,13,84.75,2,공릉동,746,11350,,,
화랑해링턴플레이스아파트,1999,22000,2006,10,13,84.75,2,공릉동,746,11350,,,
LIG건영,1998,34650,2006,10,14,114.75,13,중계동,586,11350,,,
건영2,1991,21950,2006,10,14,75.02,8,중계동,515-2,11350,,,
금호타운(583),1997,25000,2006,10,14,84.98,2,중계동,583,11350,,,
대림벽산(363),1993,59500,2006,10,14,114.39,4,중계동,363,11350,,,
동신,1983,24000,2006,10,14,93.38,12,월계동,436,11350,,,
동진신안,1993,47800,2006,10,14,101.99,1,중계동,364,11350,,,
미성,1986,9700,2006,10,14,33.28,1,월계동,13,11350,,,
보람아파트,1988,12800,2006,10,14,54.59,11,상계동,639,11350,,,
보람아파트,1988,19400,2006,10,14,68.99,3,상계동,639,11350,,,
보람아파트,1988,26000,2006,10,14,79.25,5,상계동,639,11350,,,
보람아파트,1988,24000,2006,10,14,79.25,3,상계동,639,11350,,,
보람아파트,1988,25700,2006,10,14,79.25,9,상계동,639,11350,,,
삼창타워주상프라자,1997,18300,2006,10,14,84.66,9,중계동,584-1,11350,,,
상계1차중앙하이츠,1997,23000,2006,10,14,84.6,1,상계동,1279,11350,,,
상계1차중앙하이츠,1997,27000,2006,10,14,84.6,23,상계동,1279,11350,,,
상계우방유쉘,2000,24400,2006,10,14,84.97,9,상계동,1295,11350,,,
상계주공1(고층),1988,13900,2006,10,14,58.01,14,상계동,765,11350,,,
상계주공1(고층),1988,12550,2006,10,14,58.01,12,상계동,765,11350,,,
상계주공1(고층),1988,12300,2006,10,14,58.01,2,상계동,765,11350,,,
상계주공1(고층),1988,8500,2006,10,14,41.3,6,상계동,765,11350,,,
상계주공1(고층),1988,10500,2006,10,14,49.94,14,상계동,765,11350,,,
상계주공1(고층),1988,10200,2006,10,14,49.94,5,상계동,765,11350,,,
상계주공10(고층),1988,8500,2006,10,14,41.3,5,상계동,666,11350,,,
상계주공10(고층),1988,11600,2006,10,14,59.2,4,상계동,666,11350,,,
상계주공10(고층),1988,8100,2006,10,14,45.9,4,상계동,666,11350,,,
상계주공10(고층),1988,14000,2006,10,14,59.39,14,상계동,666,11350,,,
상계주공11(고층),1988,12400,2006,10,14,60.5,7,상계동,652,11350,,,
상계주공11(고층),1988,12850,2006,10,14,59.28,14,상계동,652,11350,,,
상계주공11(고층),1988,11500,2006,10,14,59.39,15,상계동,652,11350,,,
상계주공12(고층),1988,7350,2006,10,14,41.3,1,상계동,647,11350,,,
상계주공12(고층),1988,8450,2006,10,14,41.3,9,상계동,647,11350,,,
상계주공12(고층),1988,19550,2006,10,14,66.56,6,상계동,647,11350,,,
상계주공14(고층),1989,11400,2006,10,14,49.94,13,상계동,626,11350,,,
상계주공14(고층),1989,11350,2006,10,14,49.94,8,상계동,626,11350,,,
상계주공14(고층),1989,8500,2006,10,14,45.55,3,상계동,626,11350,,,
상계주공14(고층),1989,7850,2006,10,14,45.9,2,상계동,626,11350,,,
상계주공14(고층),1989,8400,2006,10,14,45.9,12,상계동,626,11350,,,
상계주공16(고층),1988,12400,2006,10,14,59.39,4,상계동,624,11350,,,
상계주공16(고층),1988,8500,2006,10,14,45.77,10,상계동,624,11350,,,
상계주공16(고층),1988,12400,2006,10,14,59.39,9,상계동,624,11350,,,
상계주공16(고층),1988,12200,2006,10,14,59.39,12,상계동,624,11350,,,
상계주공2(고층),1987,20000,2006,10,14,68.86,6,상계동,740,11350,,,
상계주공2(고층),1987,14560,2006,10,14,58.01,8,상계동,740,11350,,,
상계주공3(고층),1987,20000,2006,10,14,68.86,11,상계동,730-2,11350,,,
상계주공4(고층),1988,10500,2006,10,14,41.3,13,상계동,749-5,11350,,,
상계주공4(고층),1988,16400,2006,10,14,59.39,13,상계동,749-5,11350,,,
상계주공4(고층),1988,7500,2006,10,14,32.39,8,상계동,749-5,11350,,,
상계주공4(고층),1988,15750,2006,10,14,59.28,10,상계동,749-5,11350,,,
상계주공6(고층),1988,15000,2006,10,14,59.2,14,상계동,720,11350,,,
상계주공7(고층),1988,9000,2006,10,14,45.9,3,상계동,691,11350,,,
상계주공9(고층),1988,11000,2006,10,14,49.94,4,상계동,670,11350,,,
상계주공9(고층),1988,7500,2006,10,14,45.9,5,상계동,670,11350,,,
서광,1994,16500,2006,10,14,69.68,9,월계동,922,11350,,,
성원(사슴4),1995,8000,2006,10,14,39.6,8,월계동,322-1,11350,,,
성원1,1996,50900,2006,10,14,134.78,15,중계동,580,11350,,,
성원상떼빌,1999,14000,2006,10,14,59.93,19,상계동,1283,11350,,,
수락파크빌,2001,53500,2006,10,14,114.82,13,상계동,1269,11350,,,
시영3차(라이프)아파트,1994,8450,2006,10,14,39.6,6,공릉동,715,11350,,,
신명아파트,1995,12500,2006,10,14,59.99,11,공릉동,382-14,11350,,,
신안,1999,34900,2006,10,14,84.93,10,중계동,590,11350,,,
염광,1996,28000,2006,10,14,84.5,12,중계동,445,11350,,,
우방아파트,2000,28000,2006,10,14,84.881,3,공릉동,108,11350,,,
우방아파트,2000,19000,2006,10,14,60.502,3,공릉동,108,11350,,,
은빛2단지,1998,15100,2006,10,14,59.92,11,상계동,1256,11350,,,
주공2,1992,12600,2006,10,14,59.97,7,월계동,556,11350,,,
주공2,1992,11550,2006,10,14,58.65,14,월계동,556,11350,,,
주공2,1992,8500,2006,10,14,44.52,3,중계동,369,11350,,,
주공5,1992,32300,2006,10,14,84.79,9,중계동,359-1,11350,,,
주공5,1992,9200,2006,10,14,44.52,8,중계동,359-1,11350,,,
주공6,1993,8450,2006,10,14,44.1,4,중계동,364-12,11350,,,
중계그린1단지,1990,12400,2006,10,14,49.5,5,중계동,502-1,11350,,,
중계그린1단지,1990,10800,2006,10,14,49.5,6,중계동,502-1,11350,,,
중계그린1단지,1990,9500,2006,10,14,44.1,6,중계동,502-1,11350,,,
중계그린1단지,1990,8200,2006,10,14,39.92,5,중계동,502-1,11350,,,
중계그린1단지,1990,10300,2006,10,14,49.5,8,중계동,502-1,11350,,,
중계무지개,1991,15000,2006,10,14,59.26,6,중계동,512,11350,,,
중계무지개,1991,8500,2006,10,14,39.82,9,중계동,512,11350,,,
청구3,1996,36000,2006,10,14,84.77,2,중계동,360-2,11350,,,
청구3,1996,43000,2006,10,14,84.77,11,중계동,360-2,11350,,,
태강아파트(아이파크),1999,15200,2006,10,14,59.34,2,공릉동,81,11350,,,
태릉우성아파트,1985,21800,2006,10,14,66.87,3,공릉동,254,11350,,,
하계1청구,1997,37500,2006,10,14,84.6,15,하계동,251,11350,,,
하계1청구,1997,39800,2006,10,14,84.6,4,하계동,251,11350,,,
하계2현대,1997,39800,2006,10,14,84.896,5,하계동,288,11350,,,
하계2현대,1997,37200,2006,10,14,84.896,7,하계동,288,11350,,,
하계2현대,1997,33000,2006,10,14,84.896,2,하계동,288,11350,,,
학여울청구,1999,26700,2006,10,14,84.77,13,하계동,354,11350,,,
학여울청구,1999,25000,2006,10,14,84.77,11,하계동,354,11350,,,
학여울청구,1999,26700,2006,10,14,84.77,13,하계동,354,11350,,,
학여울청구,1999,26700,2006,10,14,84.77,13,하계동,354,11350,,,
한신1차,1987,7700,2006,10,14,45.44,1,상계동,135,11350,,,
한신2차,1988,12700,2006,10,14,58.46,10,상계동,451,11350,,,
한신3차,1990,12200,2006,10,14,60.44,4,상계동,458,11350,,,
한신4차,1995,19200,2006,10,14,84.84,3,상계동,995,11350,,,
한신동성,1993,62500,2006,10,14,138.29,2,하계동,256-5,11350,,,
한양,1988,28500,2006,10,14,86.62,8,상계동,757,11350,,,
한진한화그랑빌,2002,27500,2006,10,14,84.97,21,월계동,18,11350,,,
한진한화그랑빌,2002,40700,2006,10,14,139.08,1,월계동,18,11350,,,
한진한화그랑빌,2002,40900,2006,10,14,114.97,26,월계동,18,11350,,,
한진한화그랑빌,2002,17000,2006,10,14,59.94,2,월계동,18,11350,,,
한진한화그랑빌,2002,26200,2006,10,14,84.97,25,월계동,18,11350,,,
현대2차,1993,15300,2006,10,14,69.26,14,상계동,1078,11350,,,
현대2차,1993,16500,2006,10,14,82.68,15,상계동,1078,11350,,,
화랑타운아파트,2000,36800,2006,10,14,84.65,7,공릉동,111,11350,,,
화랑타운아파트,2000,35700,2006,10,14,84.65,8,공릉동,111,11350,,,
두산,1994,13100,2006,10,15,59.97,4,상계동,1110,11350,,,
미륭,1986,14100,2006,10,15,51.48,13,월계동,13,11350,,,
불암현대,1999,15100,2006,10,15,59.4,10,상계동,1293,11350,,,
삼호3,1986,16950,2006,10,15,59.22,9,월계동,13,11350,,,
상계주공10(고층),1988,19000,2006,10,15,68.86,12,상계동,666,11350,,,
상계주공11(고층),1988,11100,2006,10,15,59.2,10,상계동,652,11350,,,
상계주공16(고층),1988,11500,2006,10,15,59.39,1,상계동,624,11350,,,
상계주공7(고층),1988,14500,2006,10,15,58.01,4,상계동,691,11350,,,
상계주공7(고층),1988,10100,2006,10,15,45.9,6,상계동,691,11350,,,
상계주공9(고층),1988,11450,2006,10,15,49.94,6,상계동,670,11350,,,
신도1차아파트,2002,27000,2006,10,15,81.2768,14,공릉동,748,11350,,,
은빛1단지,1998,13500,2006,10,15,59.95,4,상계동,1255,11350,,,
주공10,1995,19700,2006,10,15,58.14,9,중계동,360-16,11350,,,
하계2현대,1997,37000,2006,10,15,84.51,9,하계동,288,11350,,,
한신2차,1988,18000,2006,10,15,84.92,15,상계동,451,11350,,,
한일1,1999,21000,2006,10,15,84.942,10,월계동,926,11350,,,
한진한화그랑빌,2002,40000,2006,10,15,139.08,2,월계동,18,11350,,,
현대,2000,15300,2006,10,15,59.95,27,월계동,929,11350,,,
현대2차,1993,19600,2006,10,15,82.68,4,상계동,1078,11350,,,
건영3,1995,44000,2006,10,16,84.9,15,중계동,360-15,11350,,,
금호타운(583),1997,30000,2006,10,16,84.98,7,중계동,583,11350,,,
금호타운(583),1997,16400,2006,10,16,59.81,11,중계동,583,11350,,,
대림벽산(363),1993,70000,2006,10,16,114.39,12,중계동,363,11350,,,
대림벽산(363),1993,70000,2006,10,16,114.39,7,중계동,363,11350,,,
대우,1998,25000,2006,10,16,99.98,1,월계동,775,11350,,,
동부아파트,1996,21650,2006,10,16,84.79,14,공릉동,705,11350,,,
동신,1983,28500,2006,10,16,106.7,8,월계동,436,11350,,,
동신,1983,15970,2006,10,16,71.83,4,월계동,436,11350,,,
동아불암,1999,26650,2006,10,16,84.9,5,상계동,1285,11350,,,
두산힐스빌아파트,2000,18500,2006,10,16,60,13,공릉동,747,11350,,,
롯데우성,1993,55000,2006,10,16,101.88,4,중계동,361-1,11350,,,
롯데우성,1993,68000,2006,10,16,115.26,8,중계동,361-1,11350,,,
롯데우성,1993,60000,2006,10,16,115.26,2,중계동,361-1,11350,,,
미성,1989,22900,2006,10,16,72.17,11,하계동,280,11350,,,
벽산,1989,16500,2006,10,16,75.03,3,상계동,173-1,11350,,,
벽산,1989,13500,2006,10,16,59.9,12,상계동,173-1,11350,,,
벽산,1988,27000,2006,10,16,84.85,9,하계동,271-3,11350,,,
보람아파트,1988,18900,2006,10,16,68.99,9,상계동,639,11350,,,
보람아파트,1988,12800,2006,10,16,54.59,7,상계동,639,11350,,,
삼익2차아파트,2004,15000,2006,10,16,54.74,16,공릉동,754,11350,,,
삼호3,1986,17400,2006,10,16,59.22,11,월계동,13,11350,,,
상계2차중앙하이츠,1998,27900,2006,10,16,84.6,18,상계동,1282,11350,,,
상계주공1(고층),1988,13550,2006,10,16,58.01,7,상계동,765,11350,,,
상계주공1(고층),1988,11700,2006,10,16,59.2,15,상계동,765,11350,,,
상계주공10(고층),1988,10500,2006,10,16,59.39,1,상계동,666,11350,,,
상계주공11(고층),1988,11400,2006,10,16,49.94,9,상계동,652,11350,,,
상계주공12(고층),1988,10850,2006,10,16,49.94,7,상계동,647,11350,,,
상계주공12(고층),1988,19000,2006,10,16,66.56,2,상계동,647,11350,,,
상계주공14(고층),1989,11258,2006,10,16,49.94,14,상계동,626,11350,,,
상계주공16(고층),1988,11900,2006,10,16,58.01,15,상계동,624,11350,,,
상계주공16(고층),1988,13000,2006,10,16,59.39,6,상계동,624,11350,,,
상계주공3(저층),1987,29600,2006,10,16,84.41,1,상계동,737,11350,,,
상계주공4(고층),1988,12400,2006,10,16,49.94,3,상계동,749-5,11350,,,
상계주공4(고층),1988,27500,2006,10,16,83.7,15,상계동,749-5,11350,,,
상계주공4(고층),1988,8000,2006,10,16,37.46,4,상계동,749-5,11350,,,
상계주공4(고층),1988,30000,2006,10,16,83.7,6,상계동,749-5,11350,,,
상계주공6(고층),1988,16000,2006,10,16,58.01,5,상계동,720,11350,,,
상계주공6(고층),1988,13500,2006,10,16,49.94,10,상계동,720,11350,,,
상계주공6(고층),1988,8400,2006,10,16,41.3,1,상계동,720,11350,,,
상계주공7(고층),1988,14475,2006,10,16,49.94,14,상계동,691,11350,,,
상계주공7(고층),1988,10350,2006,10,16,45.55,5,상계동,691,11350,,,
상계주공8(저층),1988,18000,2006,10,16,38.52,2,상계동,677,11350,,,
상계주공9(고층),1988,13700,2006,10,16,58.01,4,상계동,670,11350,,,
상계주공9(고층),1988,8100,2006,10,16,45.9,12,상계동,670,11350,,,
상계주공9(고층),1988,7500,2006,10,16,45.9,1,상계동,670,11350,,,
상아,1989,11500,2006,10,16,51.29,8,중계동,505,11350,,,
성북맨션,1976,12000,2006,10,16,65.35,5,월계동,383-40,11350,,,
세양청마루,2005,25300,2006,10,16,84.957,9,월계동,943,11350,,,
수락현대,1995,23500,2006,10,16,84.87,5,상계동,1272,11350,,,
신도1차아파트,2002,23500,2006,10,16,72.8129,11,공릉동,748,11350,,,
염광,1996,28000,2006,10,16,84.5,10,중계동,445,11350,,,
우림루미아트1,2004,27700,2006,10,16,84.795,7,상계동,1306,11350,,,
유원,1998,16300,2006,10,16,84.96,9,월계동,880,11350,,,
은빛1단지,1998,9200,2006,10,16,39.7,11,상계동,1255,11350,,,
은빛2단지,1998,14600,2006,10,16,59.92,11,상계동,1256,11350,,,
주공2,1992,18000,2006,10,16,84.815,12,월계동,556,11350,,,
주공2,1992,20000,2006,10,16,84.815,6,월계동,556,11350,,,
주공5,1992,18500,2006,10,16,58.46,10,중계동,359-1,11350,,,
중계그린1단지,1990,10450,2006,10,16,49.5,13,중계동,502-1,11350,,,
중계그린1단지,1990,10400,2006,10,16,49.5,8,중계동,502-1,11350,,,
중계그린1단지,1990,10500,2006,10,16,49.5,13,중계동,502-1,11350,,,
중계무지개,1991,12900,2006,10,16,49.54,11,중계동,512,11350,,,
중계무지개,1991,12100,2006,10,16,49.54,11,중계동,512,11350,,,
중계무지개,1991,10300,2006,10,16,49.54,15,중계동,512,11350,,,
중계무지개,1991,11300,2006,10,16,49.54,8,중계동,512,11350,,,
중계무지개,1991,6500,2006,10,16,39.82,1,중계동,512,11350,,,
중앙하이츠,1998,24000,2006,10,16,84.21,9,중계동,161-1,11350,,,
청백3,1998,10900,2006,10,16,49.77,12,월계동,780,11350,,,
청백4,1998,9400,2006,10,16,49.77,15,월계동,781,11350,,,
청솔(시영7),1989,9500,2006,10,16,49.5,10,하계동,274,11350,,,
청솔아파트9,2000,29500,2006,10,16,84.9,6,공릉동,90,11350,,,
청암2단지,2001,16500,2006,10,16,59.96,14,상계동,1276,11350,,,
청암2단지,2001,11000,2006,10,16,49.77,12,상계동,1276,11350,,,
청암3단지(582),2003,29000,2006,10,16,84.536,9,중계동,582,11350,,,
풍림아파트A,2001,28000,2006,10,16,84.99,18,공릉동,725,11350,,,
하계1청구,1997,40000,2006,10,16,84.6,11,하계동,251,11350,,,
학여울청구,1999,26000,2006,10,16,84.77,8,하계동,354,11350,,,
한신1,1988,8600,2006,10,16,35.28,4,하계동,284,11350,,,
한신2차,1988,20000,2006,10,16,84.92,15,상계동,451,11350,,,
한신4차,1995,19000,2006,10,16,84.84,15,상계동,995,11350,,,
한신4차,1995,18950,2006,10,16,84.84,4,상계동,995,11350,,,
한진한화그랑빌,2002,27800,2006,10,16,84.97,28,월계동,18,11350,,,
한화꿈에그린,2005,34500,2006,10,16,84.902,2,중계동,598,11350,,,
현대,1988,34400,2006,10,16,84.95,7,하계동,270,11350,,,
현대,2000,16200,2006,10,16,59.95,23,월계동,929,11350,,,
현대(3차),1992,29900,2006,10,16,84.35,4,중계동,576,11350,,,
현대4차,1995,20000,2006,10,16,84.99,5,상계동,1271,11350,,,
현대아파트,1984,34000,2006,10,16,86,1,공릉동,230,11350,,,
건영2,1991,22000,2006,10,17,75.02,7,중계동,515-2,11350,,,
경남,1989,17400,2006,10,17,74.2,1,중계동,505,11350,,,
경남아너스빌,2002,24500,2006,10,17,79.098,3,중계동,597,11350,,,
극동,1996,13800,2006,10,17,80.28,15,월계동,803-1,11350,,,
대동,1997,12700,2006,10,17,59.76,2,월계동,925,11350,,,
대동아파트,1999,13850,2006,10,17,59.83,10,공릉동,604-11,11350,,,
동신,1983,16800,2006,10,17,71.77,8,월계동,436,11350,,,
동진신안,1993,51000,2006,10,17,101.99,3,중계동,364,11350,,,
라이프,1993,64000,2006,10,17,115.65,9,중계동,366,11350,,,
롯데(505),1989,12370,2006,10,17,54.48,6,중계동,505,11350,,,
미성,1986,12000,2006,10,17,50.14,1,월계동,13,11350,,,
벽산,1988,19300,2006,10,17,70.56,6,하계동,271-3,11350,,,
벽산,1988,19900,2006,10,17,70.56,7,하계동,271-3,11350,,,
벽산,1989,8050,2006,10,17,43.35,7,상계동,173-1,11350,,,
사슴3,1995,7400,2006,10,17,39.6,6,월계동,320-11,11350,,,
삼성,1999,49000,2006,10,17,114.49,18,중계동,593,11350,,,
삼익4단지아파트,1994,11900,2006,10,17,49.5,8,공릉동,714,11350,,,
삼호3,1986,12000,2006,10,17,59.22,2,월계동,13,11350,,,
삼호4,1987,15350,2006,10,17,59.49,13,월계동,12,11350,,,
상계2차중앙하이츠,1998,27900,2006,10,17,84.6,18,상계동,1282,11350,,,
상계2차중앙하이츠,1998,15000,2006,10,17,59.82,17,상계동,1282,11350,,,
상계불암대림,2000,15700,2006,10,17,59.22,17,상계동,1289,11350,,,
상계신동아,1995,22000,2006,10,17,84.99,9,상계동,463,11350,,,
상계주공11(고층),1988,11500,2006,10,17,59.2,12,상계동,652,11350,,,
상계주공12(고층),1988,7600,2006,10,17,41.3,4,상계동,647,11350,,,
상계주공12(고층),1988,10850,2006,10,17,49.94,12,상계동,647,11350,,,
상계주공12(고층),1988,11300,2006,10,17,49.94,9,상계동,647,11350,,,
상계주공13(고층),1989,11150,2006,10,17,49.94,8,상계동,637,11350,,,
상계주공13(고층),1989,10100,2006,10,17,49.94,13,상계동,637,11350,,,
상계주공14(고층),1989,10950,2006,10,17,49.94,3,상계동,626,11350,,,
상계주공14(고층),1989,11100,2006,10,17,49.94,9,상계동,626,11350,,,
상계주공16(고층),1988,13000,2006,10,17,58.01,10,상계동,624,11350,,,
상계주공16(고층),1988,8150,2006,10,17,45.77,5,상계동,624,11350,,,
상계주공16(고층),1988,12000,2006,10,17,59.39,15,상계동,624,11350,,,
상계주공16(고층),1988,25200,2006,10,17,79.07,5,상계동,624,11350,,,
상계주공16(고층),1988,7860,2006,10,17,45.77,3,상계동,624,11350,,,
상계주공16(고층),1988,12900,2006,10,17,58.01,5,상계동,624,11350,,,
상계주공3(고층),1987,16000,2006,10,17,58.01,6,상계동,730-2,11350,,,
상계주공3(고층),1987,15000,2006,10,17,58.01,3,상계동,730-2,11350,,,
상계주공3(고층),1987,8950,2006,10,17,37.46,7,상계동,730-2,11350,,,
상계주공4(고층),1988,15100,2006,10,17,58.01,1,상계동,749-5,11350,,,
상계주공6(고층),1988,14050,2006,10,17,58.01,12,상계동,720,11350,,,
상계주공6(고층),1988,8880,2006,10,17,37.46,4,상계동,720,11350,,,
상계주공6(고층),1988,16840,2006,10,17,58.01,5,상계동,720,11350,,,
상계주공6(고층),1988,17000,2006,10,17,58.01,6,상계동,720,11350,,,
상계주공7(고층),1988,8500,2006,10,17,41.3,2,상계동,691,11350,,,
상계주공7(고층),1988,15750,2006,10,17,59.39,11,상계동,691,11350,,,
상계주공7(고층),1988,7100,2006,10,17,41.3,1,상계동,691,11350,,,
상계주공7(고층),1988,13850,2006,10,17,59.39,2,상계동,691,11350,,,
상계주공8(저층),1988,19800,2006,10,17,38.52,4,상계동,677,11350,,,
상계주공9(고층),1988,11250,2006,10,17,49.94,8,상계동,670,11350,,,
상계주공9(고층),1988,7850,2006,10,17,45.9,4,상계동,670,11350,,,
상계주공9(고층),1988,8150,2006,10,17,45.9,5,상계동,670,11350,,,
상아,1989,25700,2006,10,17,84.97,4,중계동,505,11350,,,
서광,1994,20750,2006,10,17,84.61,7,월계동,922,11350,,,
서일이츠뷰,2005,22000,2006,10,17,84.983,8,공릉동,371-11,11350,,,
신도1차아파트,2002,35000,2006,10,17,117.168,6,공릉동,748,11350,,,
염광,1996,15000,2006,10,17,59.34,3,중계동,445,11350,,,
염광,1996,14500,2006,10,17,59.34,3,중계동,445,11350,,,
우방아파트,2000,25600,2006,10,17,84.881,1,공릉동,108,11350,,,
우성,1988,31000,2006,10,17,84.91,14,하계동,270,11350,,,
은빛1단지,1998,14500,2006,10,17,59.95,12,상계동,1255,11350,,,
은빛1단지,1998,9300,2006,10,17,39.7,11,상계동,1255,11350,,,
은빛2단지,1998,15400,2006,10,17,59.95,7,상계동,1256,11350,,,
주공10,1995,19400,2006,10,17,58.14,4,중계동,360-16,11350,,,
주공2,1992,6100,2006,10,17,38.64,7,월계동,556,11350,,,
주공2,1992,6350,2006,10,17,38.64,7,월계동,556,11350,,,
주공4,1991,27200,2006,10,17,84.79,4,중계동,358-2,11350,,,
주공5,1992,8100,2006,10,17,44.52,1,중계동,359-1,11350,,,
중계그린1단지,1990,11700,2006,10,17,49.85,2,중계동,502-1,11350,,,
중계그린1단지,1990,11500,2006,10,17,49.85,10,중계동,502-1,11350,,,
중계그린1단지,1990,8450,2006,10,17,39.78,5,중계동,502-1,11350,,,
중계무지개,1991,8000,2006,10,17,39.96,5,중계동,512,11350,,,
중계무지개,1991,14500,2006,10,17,59.26,7,중계동,512,11350,,,
청구,1988,22700,2006,10,17,70.69,3,하계동,284,11350,,,
청구(366),1993,62000,2006,10,17,115.47,5,중계동,366,11350,,,
청구3,1996,43900,2006,10,17,84.77,14,중계동,360-2,11350,,,
청백3,1998,10000,2006,10,17,49.77,12,월계동,780,11350,,,
청솔아파트8,2000,25450,2006,10,17,84.83,6,공릉동,91,11350,,,
태강아파트(아이파크),1999,12500,2006,10,17,49.6,8,공릉동,81,11350,,,
태강아파트(아이파크),1999,11600,2006,10,17,49.6,10,공릉동,81,11350,,,
태릉우성아파트,1985,22000,2006,10,17,66.87,2,공릉동,254,11350,,,
풍림아파트A,2001,29500,2006,10,17,84.99,16,공릉동,725,11350,,,
풍림아파트A,2001,19000,2006,10,17,59.94,13,공릉동,725,11350,,,
풍림아파트A,2001,23500,2006,10,17,84.99,1,공릉동,725,11350,,,
하계1청구,1997,34000,2006,10,17,84.6,2,하계동,251,11350,,,
학여울청구,1999,40000,2006,10,17,113.51,16,하계동,354,11350,,,
한신1,1988,6200,2006,10,17,27,6,하계동,284,11350,,,
한신2,1988,8350,2006,10,17,35.28,12,하계동,284,11350,,,
한신2,1988,8300,2006,10,17,35.28,11,하계동,284,11350,,,
한신4차,1995,19900,2006,10,17,84.84,5,상계동,995,11350,,,
한일유앤아이,2005,42000,2006,10,17,114.882,16,상계동,1309,11350,,,
한진한화그랑빌,2002,43000,2006,10,17,114.97,3,월계동,18,11350,,,
한진한화그랑빌,2002,19500,2006,10,17,59.94,9,월계동,18,11350,,,
한진한화그랑빌,2002,26800,2006,10,17,84.97,4,월계동,18,11350,,,
한진한화그랑빌,2002,18400,2006,10,17,59.94,4,월계동,18,11350,,,
한진한화그랑빌,2002,42000,2006,10,17,114.97,27,월계동,18,11350,,,
한진한화그랑빌,2002,27800,2006,10,17,84.97,15,월계동,18,11350,,,
한화꿈에그린,2005,36500,2006,10,17,84.902,8,중계동,598,11350,,,
건영3,1995,39000,2006,10,18,84.9,3,중계동,360-15,11350,,,
경남아너스빌,2002,31500,2006,10,18,79.098,18,중계동,597,11350,,,
공릉해링턴플레이스,2000,43800,2006,10,18,99.917,5,공릉동,106,11350,,,
극동,1988,16200,2006,10,18,70.56,1,하계동,271-3,11350,,,
극동늘푸른,2000,16500,2006,10,18,59.958,13,상계동,1128,11350,,,
금호타운,1995,18000,2006,10,18,84.66,5,상계동,1270,11350,,,
금호타운(583),1997,27000,2006,10,18,84.98,15,중계동,583,11350,,,
동부아파트,1996,21000,2006,10,18,84.79,12,공릉동,705,11350,,,
동신,1983,11000,2006,10,18,71.83,10,월계동,436,11350,,,
동신,1983,16950,2006,10,18,71.14,9,월계동,436,11350,,,
롯데(505),1989,27000,2006,10,18,84.97,14,중계동,505,11350,,,
미륭,1986,13630,2006,10,18,51.48,11,월계동,13,11350,,,
미성,1986,13300,2006,10,18,50.14,8,월계동,13,11350,,,
미성,1989,28500,2006,10,18,84.94,3,하계동,280,11350,,,
보람아파트,1988,26000,2006,10,18,79.25,3,상계동,639,11350,,,
보람아파트,1988,20000,2006,10,18,68.99,10,상계동,639,11350,,,
보람아파트,1988,19400,2006,10,18,68.99,8,상계동,639,11350,,,
사슴3,1995,6865,2006,10,18,33.18,3,월계동,320-11,11350,,,
삼성,1999,14000,2006,10,18,59.9,9,중계동,593,11350,,,
삼익선경,1993,49000,2006,10,18,107.95,6,하계동,255-1,11350,,,
삼호3,1986,17000,2006,10,18,59.22,2,월계동,13,11350,,,
삼호4,1987,14750,2006,10,18,59.49,3,월계동,12,11350,,,
상계1차중앙하이츠,1997,15000,2006,10,18,59.82,16,상계동,1279,11350,,,
상계1차현대아파트,1993,18320,2006,10,18,83.92,4,상계동,1055,11350,,,
상계1차현대아파트,1993,20500,2006,10,18,83.92,7,상계동,1055,11350,,,
상계대림,1989,13300,2006,10,18,59.67,8,상계동,172,11350,,,
상계신동아,1995,21600,2006,10,18,84.99,7,상계동,463,11350,,,
상계주공1(고층),1988,17900,2006,10,18,68.86,4,상계동,765,11350,,,
상계주공1(고층),1988,12700,2006,10,18,59.2,12,상계동,765,11350,,,
상계주공1(고층),1988,13100,2006,10,18,58.01,6,상계동,765,11350,,,
상계주공1(고층),1988,9740,2006,10,18,41.3,7,상계동,765,11350,,,
상계주공10(고층),1988,14000,2006,10,18,58.01,7,상계동,666,11350,,,
상계주공11(고층),1988,13809,2006,10,18,58.01,5,상계동,652,11350,,,
상계주공11(고층),1988,13000,2006,10,18,60.5,8,상계동,652,11350,,,
상계주공11(고층),1988,19900,2006,10,18,68.86,2,상계동,652,11350,,,
상계주공11(고층),1988,11000,2006,10,18,49.94,13,상계동,652,11350,,,
상계주공11(고층),1988,10650,2006,10,18,49.94,5,상계동,652,11350,,,
상계주공12(고층),1988,11600,2006,10,18,49.94,9,상계동,647,11350,,,
상계주공12(고층),1988,10600,2006,10,18,49.94,2,상계동,647,11350,,,
상계주공12(고층),1988,10900,2006,10,18,49.94,12,상계동,647,11350,,,
상계주공12(고층),1988,7500,2006,10,18,41.3,5,상계동,647,11350,,,
상계주공14(고층),1989,8000,2006,10,18,45.55,2,상계동,626,11350,,,
상계주공14(고층),1989,15500,2006,10,18,59.39,6,상계동,626,11350,,,
상계주공16(고층),1988,13200,2006,10,18,59.39,10,상계동,624,11350,,,
상계주공16(고층),1988,12000,2006,10,18,58.01,14,상계동,624,11350,,,
상계주공2(고층),1987,12650,2006,10,18,60.5,4,상계동,740,11350,,,
상계주공3(고층),1987,14000,2006,10,18,58.01,5,상계동,730-2,11350,,,
상계주공3(고층),1987,15500,2006,10,18,59.39,3,상계동,730-2,11350,,,
상계주공4(고층),1988,7300,2006,10,18,32.39,9,상계동,749-5,11350,,,
상계주공6(고층),1988,16900,2006,10,18,59.39,11,상계동,720,11350,,,
상계주공6(고층),1988,8800,2006,10,18,38,6,상계동,720,11350,,,
상계주공6(고층),1988,14673,2006,10,18,58.01,6,상계동,720,11350,,,
상계주공6(고층),1988,12800,2006,10,18,49.94,4,상계동,720,11350,,,
상계주공6(고층),1988,14000,2006,10,18,58.01,12,상계동,720,11350,,,
상계주공7(고층),1988,9800,2006,10,18,45.55,12,상계동,691,11350,,,
상계주공7(고층),1988,9150,2006,10,18,45.9,10,상계동,691,11350,,,
상계주공7(고층),1988,8000,2006,10,18,45.9,4,상계동,691,11350,,,
상계주공7(고층),1988,13000,2006,10,18,49.94,7,상계동,691,11350,,,
상계주공7(고층),1988,9150,2006,10,18,45.9,11,상계동,691,11350,,,
상계주공7(고층),1988,8850,2006,10,18,41.3,3,상계동,691,11350,,,
상계주공8(저층),1988,13000,2006,10,18,31.95,2,상계동,677,11350,,,
상계주공9(고층),1988,8893,2006,10,18,45.55,6,상계동,670,11350,,,
성북맨션,1976,9900,2006,10,18,65.35,2,월계동,383-40,11350,,,
성원1,1996,20400,2006,10,18,59.75,16,중계동,580,11350,,,
세양청마루,2005,20217,2006,10,18,84.939,2,월계동,943,11350,,,
수락한신,1997,23300,2006,10,18,84.95,4,상계동,1277,11350,,,
양우,2002,25300,2006,10,18,79.4198,17,상계동,1299,11350,,,
양지마을(대림)2,1999,47500,2006,10,18,114.81,8,중계동,588,11350,,,
우남그랜드,2001,25500,2006,10,18,84.73,8,월계동,930,11350,,,
우남푸르미아,2006,24500,2006,10,18,84.97,13,월계동,946,11350,,,
우방아파트,2000,30000,2006,10,18,84.881,11,공릉동,108,11350,,,
유원,1998,16300,2006,10,18,84.93,1,월계동,880,11350,,,
은빛1단지,1998,14000,2006,10,18,59.95,12,상계동,1255,11350,,,
은빛2단지,1998,15500,2006,10,18,59.95,6,상계동,1256,11350,,,
장미(시영6),1989,8250,2006,10,18,43.41,7,하계동,273,11350,,,
주공2,1992,18300,2006,10,18,84.815,7,월계동,556,11350,,,
주공2,1992,5950,2006,10,18,38.64,15,월계동,556,11350,,,
주공2,1992,7800,2006,10,18,44.94,13,월계동,556,11350,,,
주공5,1992,16550,2006,10,18,58.46,1,중계동,359-1,11350,,,
중계그린1단지,1990,10500,2006,10,18,49.5,15,중계동,502-1,11350,,,
중계무지개,1991,14950,2006,10,18,59.26,10,중계동,512,11350,,,
중계무지개,1991,13600,2006,10,18,59.26,1,중계동,512,11350,,,
중계현대2,1991,23800,2006,10,18,84.34,10,중계동,435-1,11350,,,
중계현대2,1991,22400,2006,10,18,84.34,6,중계동,435-1,11350,,,
중앙하이츠,1998,26000,2006,10,18,84.98,4,중계동,161-1,11350,,,
중앙하이츠(5지역),1996,17300,2006,10,18,84.87,2,상계동,1068,11350,,,
청백3,1998,13000,2006,10,18,59.4,12,월계동,780,11350,,,
청암2단지,2001,12500,2006,10,18,49.77,2,상계동,1276,11350,,,
청암2단지,2001,13000,2006,10,18,49.77,7,상계동,1276,11350,,,
초안1,1998,10400,2006,10,18,59.69,15,월계동,923,11350,,,
풍림아파트A,2001,21950,2006,10,18,59.94,7,공릉동,725,11350,,,
하계2현대,1997,39000,2006,10,18,84.896,4,하계동,288,11350,,,
학여울청구,1999,23000,2006,10,18,84.77,3,하계동,354,11350,,,
학여울청구,1999,36000,2006,10,18,113.51,6,하계동,354,11350,,,
한신3차,1990,18450,2006,10,18,84.59,1,상계동,458,11350,,,
한신동성,1993,59000,2006,10,18,112.24,6,하계동,256-5,11350,,,
한진한화그랑빌,2002,50000,2006,10,18,139.08,14,월계동,18,11350,,,
한진한화그랑빌,2002,25500,2006,10,18,84.97,1,월계동,18,11350,,,
한진한화그랑빌,2002,44200,2006,10,18,139.08,10,월계동,18,11350,,,
현대(3차),1992,17500,2006,10,18,66.47,11,중계동,576,11350,,,
현대(6차),2018,47000,2006,10,18,122.69,7,중계동,34-5,11350,,,
경남,1989,24700,2006,10,19,84.97,2,중계동,505,11350,,,
경남아너스빌,2002,27000,2006,10,19,92.522,6,중계동,597,11350,,,
공릉해링턴플레이스,2000,63000,2006,10,19,134.914,3,공릉동,106,11350,,,
극동,1988,27200,2006,10,19,84.91,5,하계동,271-3,11350,,,
대동아파트2,1999,22900,2006,10,19,84.81,11,공릉동,380-1,11350,,,
동신,1983,11800,2006,10,19,71.83,11,월계동,436,11350,,,
동신,1983,17000,2006,10,19,70.81,7,월계동,436,11350,,,
두산힐스빌아파트,2000,28000,2006,10,19,84.9,8,공릉동,747,11350,,,
롯데(505),1989,28000,2006,10,19,84.97,3,중계동,505,11350,,,
롯데우성,1993,51000,2006,10,19,115.26,1,중계동,361-1,11350,,,
미륭,1986,14000,2006,10,19,51.48,13,월계동,13,11350,,,
미성,1989,28800,2006,10,19,84.94,14,하계동,280,11350,,,
미성,1986,13400,2006,10,19,50.14,10,월계동,13,11350,,,
벽산,1988,13950,2006,10,19,57.71,9,하계동,271-3,11350,,,
보람아파트,1988,12600,2006,10,19,54.59,12,상계동,639,11350,,,
북부현대,1996,11750,2006,10,19,59.24,14,상계동,1273,11350,,,
불암현대,1999,29000,2006,10,19,114.24,1,상계동,1293,11350,,,
사슴3,1995,11100,2006,10,19,49.5,14,월계동,320-11,11350,,,
삼익2차아파트,2004,14900,2006,10,19,54.74,5,공릉동,754,11350,,,
삼익선경,1993,58000,2006,10,19,107.95,14,하계동,255-1,11350,,,
삼호3,1986,17750,2006,10,19,59.22,11,월계동,13,11350,,,
삼호4,1987,15600,2006,10,19,59.49,14,월계동,12,11350,,,
상계대림,1989,23500,2006,10,19,84.91,13,상계동,172,11350,,,
상계불암대림,2000,23500,2006,10,19,84.96,1,상계동,1289,11350,,,
상계주공1(고층),1988,17700,2006,10,19,68.86,6,상계동,765,11350,,,
상계주공1(저층),1988,26950,2006,10,19,84.41,1,상계동,765,11350,,,
상계주공10(고층),1988,11800,2006,10,19,59.39,2,상계동,666,11350,,,
상계주공10(고층),1988,13500,2006,10,19,58.01,12,상계동,666,11350,,,
상계주공11(고층),1988,25000,2006,10,19,79.07,4,상계동,652,11350,,,
상계주공12(고층),1988,8760,2006,10,19,41.3,6,상계동,647,11350,,,
상계주공12(고층),1988,10470,2006,10,19,49.94,7,상계동,647,11350,,,
상계주공14(고층),1989,8110,2006,10,19,41.3,8,상계동,626,11350,,,
상계주공14(고층),1989,7970,2006,10,19,41.3,14,상계동,626,11350,,,
상계주공16(고층),1988,8410,2006,10,19,45.77,6,상계동,624,11350,,,
상계주공16(고층),1988,13330,2006,10,19,59.39,7,상계동,624,11350,,,
상계주공3(고층),1987,26000,2006,10,19,73.94,11,상계동,730-2,11350,,,
상계주공3(고층),1987,15700,2006,10,19,58.01,5,상계동,730-2,11350,,,
상계주공4(고층),1988,20200,2006,10,19,73.94,15,상계동,749-5,11350,,,
상계주공4(고층),1988,8800,2006,10,19,41.3,3,상계동,749-5,11350,,,
상계주공4(고층),1988,8000,2006,10,19,32.39,12,상계동,749-5,11350,,,
상계주공4(고층),1988,12800,2006,10,19,49.94,13,상계동,749-5,11350,,,
상계주공5(저층),1987,12100,2006,10,19,31.98,1,상계동,721,11350,,,
상계주공5(저층),1987,12000,2006,10,19,31.98,3,상계동,721,11350,,,
상계주공6(고층),1988,16100,2006,10,19,58.01,14,상계동,720,11350,,,
상계주공6(고층),1988,15500,2006,10,19,58.01,8,상계동,720,11350,,,
상계주공6(고층),1988,16000,2006,10,19,58.01,6,상계동,720,11350,,,
상계주공6(고층),1988,12500,2006,10,19,59.2,15,상계동,720,11350,,,
상계주공6(고층),1988,15000,2006,10,19,58.01,13,상계동,720,11350,,,
상계주공7(고층),1988,8400,2006,10,19,41.3,4,상계동,691,11350,,,
상계주공7(고층),1988,9750,2006,10,19,45.55,10,상계동,691,11350,,,
상계주공8(저층),1988,12800,2006,10,19,31.95,2,상계동,677,11350,,,
상계주공9(고층),1988,9000,2006,10,19,45.55,10,상계동,670,11350,,,
상계주공9(고층),1988,10800,2006,10,19,49.94,10,상계동,670,11350,,,
상계주공9(고층),1988,10850,2006,10,19,49.94,4,상계동,670,11350,,,
상계주공9(고층),1988,8750,2006,10,19,45.55,6,상계동,670,11350,,,
상계주공9(고층),1988,8600,2006,10,19,45.55,12,상계동,670,11350,,,
상계현대3차,1999,18500,2006,10,19,84.96,1,상계동,1063,11350,,,
상계현대3차,1999,20100,2006,10,19,84.96,15,상계동,1063,11350,,,
상아,1989,27600,2006,10,19,84.97,11,중계동,505,11350,,,
상아,1989,27200,2006,10,19,84.97,3,중계동,505,11350,,,
양우,2002,24800,2006,10,19,79.4198,17,상계동,1299,11350,,,
양우,2002,25500,2006,10,19,79.4198,18,상계동,1299,11350,,,
장미(시영6),1989,11000,2006,10,19,54.02,10,하계동,273,11350,,,
주공10,1995,19800,2006,10,19,58.14,11,중계동,360-16,11350,,,
주공2,1992,12900,2006,10,19,59.97,13,월계동,556,11350,,,
주공2,1992,11650,2006,10,19,58.65,4,월계동,556,11350,,,
주공2,1992,6300,2006,10,19,38.64,9,월계동,556,11350,,,
중계3벽산,1999,37300,2006,10,19,114.87,2,중계동,592,11350,,,
중계그린1단지,1990,11500,2006,10,19,49.5,6,중계동,502-1,11350,,,
중계그린1단지,1990,11650,2006,10,19,49.85,6,중계동,502-1,11350,,,
중계그린1단지,1990,10950,2006,10,19,49.85,3,중계동,502-1,11350,,,
중앙하이츠,1998,24500,2006,10,19,84.21,5,중계동,161-1,11350,,,
중앙하이츠,1998,23500,2006,10,19,84.21,6,중계동,161-1,11350,,,
청구(366),1993,65000,2006,10,19,115.47,4,중계동,366,11350,,,
청구3,1996,46250,2006,10,19,84.77,8,중계동,360-2,11350,,,
청구3,1996,45800,2006,10,19,84.77,11,중계동,360-2,11350,,,
청솔(시영7),1989,10500,2006,10,19,49.5,11,하계동,274,11350,,,
청솔(시영7),1989,7000,2006,10,19,39.78,9,하계동,274,11350,,,
태강아파트(아이파크),1999,11750,2006,10,19,49.6,12,공릉동,81,11350,,,
풍림아이원,2005,32000,2006,10,19,84.303,5,월계동,944,11350,,,
하계2현대,1997,29500,2006,10,19,75.35,12,하계동,288,11350,,,
하계2현대,1997,38500,2006,10,19,84.896,14,하계동,288,11350,,,
하계2현대,1997,29500,2006,10,19,75.35,12,하계동,288,11350,,,
학여울청구,1999,42000,2006,10,19,113.51,15,하계동,354,11350,,,
학여울청구,1999,31000,2006,10,19,113.51,1,하계동,354,11350,,,
한신동성,1993,53000,2006,10,19,112.24,3,하계동,256-5,11350,,,
한신동성,1993,53500,2006,10,19,112.24,11,하계동,256-5,11350,,,
한신월드,2005,21500,2006,10,19,80.79,6,중계동,68-1,11350,,,
한진한화그랑빌,2002,19950,2006,10,19,59.94,16,월계동,18,11350,,,
한진한화그랑빌,2002,42000,2006,10,19,139.08,2,월계동,18,11350,,,
한화꿈에그린,2005,36150,2006,10,19,84.902,4,중계동,598,11350,,,
한화꿈에그린,2005,34500,2006,10,19,84.902,10,중계동,598,11350,,,
현대,2000,14850,2006,10,19,59.95,2,월계동,929,11350,,,
현대,2000,40000,2006,10,19,114.99,16,월계동,929,11350,,,
현대,2000,17500,2006,10,19,59.95,21,월계동,929,11350,,,
현대2(4차),1993,28000,2006,10,19,84.78,8,중계동,578,11350,,,
현대그린,1998,23000,2006,10,19,84.99,1,중계동,49,11350,,,
건영,1988,27900,2006,10,20,84.93,5,하계동,271-3,11350,,,
건영3,1995,43000,2006,10,20,84.9,15,중계동,360-15,11350,,,
경남,1989,20500,2006,10,20,74.2,13,중계동,505,11350,,,
공릉동한보에센시티아파트,2000,23900,2006,10,20,84.93,7,공릉동,743,11350,,,
공릉해링턴플레이스,2000,63900,2006,10,20,134.914,2,공릉동,106,11350,,,
극동,1988,13000,2006,10,20,55.72,11,하계동,271-3,11350,,,
노원현대,1997,27000,2006,10,20,84.78,18,상계동,359,11350,,,
동아불암,1999,15200,2006,10,20,59.4,4,상계동,1285,11350,,,
동진신안,1993,52000,2006,10,20,101.99,2,중계동,364,11350,,,
라이프,1993,50000,2006,10,20,101.85,7,중계동,366,11350,,,
롯데우성,1993,62000,2006,10,20,115.26,5,중계동,361-1,11350,,,
미성,1986,13400,2006,10,20,50.14,6,월계동,13,11350,,,
보람아파트,1988,24300,2006,10,20,79.25,3,상계동,639,11350,,,
보람아파트,1988,17900,2006,10,20,68.99,3,상계동,639,11350,,,
보람아파트,1988,24300,2006,10,20,79.25,15,상계동,639,11350,,,
보람아파트,1988,19000,2006,10,20,68.99,10,상계동,639,11350,,,
보람아파트,1988,8800,2006,10,20,44.33,15,상계동,639,11350,,,
불암현대,1999,15350,2006,10,20,59.4,3,상계동,1293,11350,,,
비콘드림힐(602),2005,25885,2006,10,20,84.985,2,중계동,602,11350,,,
삼성,1999,48000,2006,10,20,114.49,11,중계동,593,11350,,,
삼성,1999,33900,2006,10,20,84.75,8,중계동,593,11350,,,
삼익2차아파트,2004,24250,2006,10,20,83.409,5,공릉동,754,11350,,,
삼호3,1986,17400,2006,10,20,59.22,5,월계동,13,11350,,,
삼호4,1987,15800,2006,10,20,59.49,4,월계동,12,11350,,,
상계대림,1989,13000,2006,10,20,59.67,15,상계동,172,11350,,,
상계주공1(고층),1988,7300,2006,10,20,32.39,9,상계동,765,11350,,,
상계주공1(고층),1988,14000,2006,10,20,58.01,4,상계동,765,11350,,,
상계주공1(고층),1988,10900,2006,10,20,49.94,12,상계동,765,11350,,,
상계주공1(고층),1988,12900,2006,10,20,59.39,14,상계동,765,11350,,,
상계주공1(고층),1988,12500,2006,10,20,59.28,6,상계동,765,11350,,,
상계주공1(고층),1988,13400,2006,10,20,58.01,13,상계동,765,11350,,,
상계주공10(고층),1988,13340,2006,10,20,58.01,12,상계동,666,11350,,,
상계주공10(고층),1988,12000,2006,10,20,49.94,9,상계동,666,11350,,,
상계주공10(고층),1988,13400,2006,10,20,58.01,5,상계동,666,11350,,,
상계주공10(고층),1988,10500,2006,10,20,49.94,5,상계동,666,11350,,,
상계주공11(고층),1988,14000,2006,10,20,59.28,15,상계동,652,11350,,,
상계주공11(고층),1988,11000,2006,10,20,68.86,15,상계동,652,11350,,,
상계주공11(고층),1988,10100,2006,10,20,49.94,1,상계동,652,11350,,,
상계주공12(고층),1988,10500,2006,10,20,49.94,3,상계동,647,11350,,,
상계주공12(고층),1988,14810,2006,10,20,58.01,14,상계동,647,11350,,,
상계주공13(고층),1989,9700,2006,10,20,49.94,10,상계동,637,11350,,,
상계주공14(고층),1989,11050,2006,10,20,49.94,2,상계동,626,11350,,,
상계주공14(고층),1989,8200,2006,10,20,41.3,9,상계동,626,11350,,,
상계주공14(고층),1989,11770,2006,10,20,49.94,11,상계동,626,11350,,,
상계주공16(고층),1988,8100,2006,10,20,45.77,15,상계동,624,11350,,,
상계주공2(고층),1987,8200,2006,10,20,37.46,9,상계동,740,11350,,,
상계주공3(고층),1987,8750,2006,10,20,37.46,5,상계동,730-2,11350,,,
상계주공3(고층),1987,14160,2006,10,20,58.01,15,상계동,730-2,11350,,,
상계주공4(고층),1988,8500,2006,10,20,41.3,13,상계동,749-5,11350,,,
상계주공4(고층),1988,15550,2006,10,20,59.2,14,상계동,749-5,11350,,,
상계주공4(고층),1988,8000,2006,10,20,37.46,4,상계동,749-5,11350,,,
상계주공4(고층),1988,11800,2006,10,20,59.2,1,상계동,749-5,11350,,,
상계주공4(고층),1988,7500,2006,10,20,41.3,9,상계동,749-5,11350,,,
상계주공5(저층),1987,12500,2006,10,20,31.98,4,상계동,721,11350,,,
상계주공5(저층),1987,12000,2006,10,20,31.98,3,상계동,721,11350,,,
상계주공6(고층),1988,16020,2006,10,20,58.01,4,상계동,720,11350,,,
상계주공7(고층),1988,9600,2006,10,20,45.9,5,상계동,691,11350,,,
상계주공7(고층),1988,9300,2006,10,20,45.9,12,상계동,691,11350,,,
상계주공7(고층),1988,9500,2006,10,20,45.9,8,상계동,691,11350,,,
상계주공7(고층),1988,8830,2006,10,20,41.3,12,상계동,691,11350,,,
상계주공7(고층),1988,8300,2006,10,20,41.3,6,상계동,691,11350,,,
상계주공7(고층),1988,15000,2006,10,20,58.01,14,상계동,691,11350,,,
상계주공8(저층),1988,23000,2006,10,20,47.25,5,상계동,677,11350,,,
상계주공9(고층),1988,7750,2006,10,20,45.55,10,상계동,670,11350,,,
상아,1989,11250,2006,10,20,51.29,6,중계동,505,11350,,,
성원상떼빌,1999,14000,2006,10,20,59.93,19,상계동,1283,11350,,,
세양청마루,2005,25500,2006,10,20,84.957,4,월계동,943,11350,,,
수락산벨리체,2000,61000,2006,10,20,134.94,8,상계동,1265,11350,,,
시영2단지(라이프)아파트,1994,7900,2006,10,20,39.6,3,공릉동,707,11350,,,
신안,1999,18850,2006,10,20,59.97,9,중계동,590,11350,,,
양지마을(대림)1,1998,38500,2006,10,20,84.9,6,중계동,587,11350,,,
양지마을(대림)2,1999,57000,2006,10,20,114.81,25,중계동,588,11350,,,
양지마을(대림)2,1999,51500,2006,10,20,114.81,13,중계동,588,11350,,,
염광,1996,15250,2006,10,20,59.34,14,중계동,445,11350,,,
우남푸르미아,2006,23400,2006,10,20,84.97,2,월계동,946,11350,,,
우성,1988,51000,2006,10,20,127.22,3,하계동,270,11350,,,
월계로즈빌(387),2004,17000,2006,10,20,83.01,10,월계동,387,11350,,,
월계흥화브라운빌,2004,21000,2006,10,20,84.91,11,월계동,939,11350,,,
은빛2단지,1998,10700,2006,10,20,49.77,9,상계동,1256,11350,,,
은빛2단지,1998,12650,2006,10,20,49.77,13,상계동,1256,11350,,,
장미(시영6),1989,8500,2006,10,20,43.41,7,하계동,273,11350,,,
장미(시영6),1989,11300,2006,10,20,54.02,10,하계동,273,11350,,,
장미(시영6),1989,13280,2006,10,20,65.33,13,하계동,273,11350,,,
주공2,1992,18500,2006,10,20,84.815,9,월계동,556,11350,,,
주공2,1992,6100,2006,10,20,38.64,3,월계동,556,11350,,,
주공4,1991,8000,2006,10,20,45.77,10,중계동,358-2,11350,,,
주공5,1992,27000,2006,10,20,76.51,15,중계동,359-1,11350,,,
주공5,1992,21000,2006,10,20,58.46,8,중계동,359-1,11350,,,
중계그린1단지,1990,15100,2006,10,20,59.46,9,중계동,502-1,11350,,,
중계그린1단지,1990,10770,2006,10,20,49.5,11,중계동,502-1,11350,,,
중계그린1단지,1990,10300,2006,10,20,49.5,13,중계동,502-1,11350,,,
중계무지개,1991,14000,2006,10,20,59.26,3,중계동,512,11350,,,
중계무지개,1991,8400,2006,10,20,39.96,5,중계동,512,11350,,,
중계현대2,1991,26000,2006,10,20,84.34,12,중계동,435-1,11350,,,
중계현대2,1991,22800,2006,10,20,84.34,5,중계동,435-1,11350,,,
진로유통조합대림,1992,24000,2006,10,20,84.94,13,중계동,78,11350,,,
청구,1988,36000,2006,10,20,84.97,14,하계동,284,11350,,,
청구3,1996,39500,2006,10,20,84.77,1,중계동,360-2,11350,,,
청구3,1996,29600,2006,10,20,84.99,10,하계동,251-12,11350,,,
청구3,1996,42500,2006,10,20,84.77,2,중계동,360-2,11350,,,
청구3,1996,45000,2006,10,20,84.77,14,중계동,360-2,11350,,,
청솔(시영7),1989,10450,2006,10,20,49.5,3,하계동,274,11350,,,
청솔(시영7),1989,10300,2006,10,20,49.5,2,하계동,274,11350,,,
청암2단지,2001,12300,2006,10,20,49.77,13,상계동,1276,11350,,,
초안산쌍용스윗닷홈,2006,25000,2006,10,20,84.69,7,월계동,945,11350,,,
태강아파트(아이파크),1999,16400,2006,10,20,59.38,10,공릉동,81,11350,,,
태릉우성아파트,1985,22000,2006,10,20,66.87,2,공릉동,254,11350,,,
풍림아이원,2005,16000,2006,10,20,59.149,9,월계동,944,11350,,,
풍림아파트A,2001,30000,2006,10,20,84.99,20,공릉동,725,11350,,,
하계2현대,1997,37900,2006,10,20,84.896,13,하계동,288,11350,,,
학여울청구,1999,43500,2006,10,20,113.51,6,하계동,354,11350,,,
학여울청구,1999,30000,2006,10,20,84.77,7,하계동,354,11350,,,
학여울청구,1999,25000,2006,10,20,84.77,5,하계동,354,11350,,,
한신1차,1987,10000,2006,10,20,53.96,2,상계동,135,11350,,,
한신2차,1988,8250,2006,10,20,45.92,9,상계동,451,11350,,,
한신동성,1993,61000,2006,10,20,138.29,15,하계동,256-5,11350,,,
한신월드,2005,21500,2006,10,20,82.21,6,중계동,68-1,11350,,,
한신월드,2005,22000,2006,10,20,84.66,1,중계동,68-1,11350,,,
한신월드,2005,21000,2006,10,20,78.17,6,중계동,68-1,11350,,,
한일2,2000,33000,2006,10,20,114.816,6,월계동,927,11350,,,
한진한화그랑빌,2002,29500,2006,10,20,84.97,15,월계동,18,11350,,,
한진한화그랑빌,2002,56000,2006,10,20,139.08,24,월계동,18,11350,,,
한진한화그랑빌,2002,42500,2006,10,20,114.97,5,월계동,18,11350,,,
한진한화그랑빌,2002,27000,2006,10,20,84.97,8,월계동,18,11350,,,
현대,2000,27000,2006,10,20,84.98,25,월계동,929,11350,,,
현대,2000,36500,2006,10,20,114.99,6,월계동,929,11350,,,
현대,1988,23000,2006,10,20,71.68,3,하계동,270,11350,,,
현대,2000,29800,2006,10,20,84.98,22,월계동,929,11350,,,
현대,2000,35900,2006,10,20,114.99,6,월계동,929,11350,,,
현대,1988,35000,2006,10,20,84.95,5,하계동,270,11350,,,
현대2차,1993,18000,2006,10,20,82.68,9,상계동,1078,11350,,,
현대아파트,1984,24000,2006,10,20,62.27,4,공릉동,230,11350,,,
현대아파트,1984,25800,2006,10,20,62.27,3,공릉동,230,11350,,,
화랑타운아파트,2000,37200,2006,10,20,84.65,6,공릉동,111,11350,,,
건영,1988,19500,2006,10,21,65.43,10,하계동,271-3,11350,,,
건영2,1991,21950,2006,10,21,75.02,14,중계동,515-2,11350,,,
건영2,1991,25500,2006,10,21,84.96,7,중계동,515-2,11350,,,
건영3,1995,43500,2006,10,21,84.9,3,중계동,360-15,11350,,,
건영3,1995,45800,2006,10,21,84.9,6,중계동,360-15,11350,,,
건영장미아파트,1999,13500,2006,10,21,59.87,4,공릉동,744,11350,,,
경남,1989,38000,2006,10,21,114.57,11,중계동,505,11350,,,
경남,1989,20500,2006,10,21,74.2,2,중계동,505,11350,,,
공릉우성아파트,1995,22500,2006,10,21,84.97,13,공릉동,738,11350,,,
극동,1996,14600,2006,10,21,80.28,11,월계동,803-1,11350,,,
극동늘푸른,2000,14400,2006,10,21,59.958,2,상계동,1128,11350,,,
금호타운,1995,18650,2006,10,21,84.54,14,상계동,1270,11350,,,
대림벽산(363),1993,65500,2006,10,21,114.39,2,중계동,363,11350,,,
대림벽산(363),1993,70000,2006,10,21,114.39,7,중계동,363,11350,,,
대창센시티,2002,20500,2006,10,21,84.8577,14,상계동,1302,11350,,,
동양엔파트,2003,35000,2006,10,21,84.98,16,상계동,1305,11350,,,
동진신안,1993,54000,2006,10,21,101.99,4,중계동,364,11350,,,
두산,1994,14000,2006,10,21,59.97,9,상계동,1110,11350,,,
두산힐스빌아파트,2000,19500,2006,10,21,60,10,공릉동,747,11350,,,
두산힐스빌아파트,2000,18200,2006,10,21,60,9,공릉동,747,11350,,,
롯데(505),1989,20000,2006,10,21,72.49,7,중계동,505,11350,,,
롯데우성,1993,67000,2006,10,21,115.26,10,중계동,361-1,11350,,,
미성,1986,11000,2006,10,21,33.28,4,월계동,13,11350,,,
미성,1989,49000,2006,10,21,118.52,12,하계동,280,11350,,,
벽산,1989,12300,2006,10,21,59.9,3,상계동,173-1,11350,,,
벽산,1989,12500,2006,10,21,59.9,14,상계동,173-1,11350,,,
보람아파트,1988,19700,2006,10,21,68.99,6,상계동,639,11350,,,
보람아파트,1988,23400,2006,10,21,79.25,2,상계동,639,11350,,,
보람아파트,1988,18500,2006,10,21,68.99,15,상계동,639,11350,,,
보람아파트,1988,13000,2006,10,21,54.59,12,상계동,639,11350,,,
보람아파트,1988,16500,2006,10,21,68.99,1,상계동,639,11350,,,
보람아파트,1988,20500,2006,10,21,68.99,10,상계동,639,11350,,,
보람아파트,1988,19500,2006,10,21,68.99,3,상계동,639,11350,,,
보람아파트,1988,8900,2006,10,21,44.33,8,상계동,639,11350,,,
보람아파트,1988,25000,2006,10,21,79.25,7,상계동,639,11350,,,
보람아파트,1988,26300,2006,10,21,79.25,8,상계동,639,11350,,,
보람아파트,1988,24800,2006,10,21,79.25,1,상계동,639,11350,,,
보람아파트,1988,26700,2006,10,21,79.25,8,상계동,639,11350,,,
삼호4,1987,15000,2006,10,21,59.49,3,월계동,12,11350,,,
삼호4,1987,12000,2006,10,21,50.18,12,월계동,12,11350,,,
상계1차중앙하이츠,1997,23000,2006,10,21,84.6,1,상계동,1279,11350,,,
상계대림,1989,14000,2006,10,21,59.67,10,상계동,172,11350,,,
상계불암대림,2000,29800,2006,10,21,84.96,8,상계동,1289,11350,,,
상계주공10(고층),1988,11600,2006,10,21,49.94,5,상계동,666,11350,,,
상계주공10(고층),1988,14500,2006,10,21,58.01,13,상계동,666,11350,,,
상계주공10(고층),1988,14500,2006,10,21,58.01,10,상계동,666,11350,,,
상계주공10(고층),1988,11700,2006,10,21,49.94,10,상계동,666,11350,,,
상계주공11(고층),1988,12900,2006,10,21,59.28,11,상계동,652,11350,,,
상계주공11(고층),1988,13000,2006,10,21,60.5,7,상계동,652,11350,,,
상계주공12(고층),1988,8500,2006,10,21,41.3,7,상계동,647,11350,,,
상계주공12(고층),1988,10840,2006,10,21,49.94,4,상계동,647,11350,,,
상계주공12(고층),1988,15300,2006,10,21,61.52,10,상계동,647,11350,,,
상계주공12(고층),1988,11550,2006,10,21,49.94,9,상계동,647,11350,,,
상계주공12(고층),1988,10040,2006,10,21,49.94,2,상계동,647,11350,,,
상계주공13(고층),1989,12600,2006,10,21,58.01,5,상계동,637,11350,,,
상계주공14(고층),1989,7980,2006,10,21,41.3,2,상계동,626,11350,,,
상계주공16(고층),1988,11900,2006,10,21,59.39,4,상계동,624,11350,,,
상계주공2(고층),1987,15250,2006,10,21,58.01,10,상계동,740,11350,,,
상계주공2(고층),1987,14800,2006,10,21,59.28,11,상계동,740,11350,,,
상계주공2(고층),1987,14760,2006,10,21,58.01,13,상계동,740,11350,,,
상계주공2(고층),1987,12680,2006,10,21,58.01,1,상계동,740,11350,,,
상계주공2(고층),1987,15020,2006,10,21,58.01,14,상계동,740,11350,,,
상계주공3(고층),1987,16500,2006,10,21,59.28,11,상계동,730-2,11350,,,
상계주공3(고층),1987,15300,2006,10,21,59.39,8,상계동,730-2,11350,,,
상계주공3(고층),1987,17000,2006,10,21,58.01,4,상계동,730-2,11350,,,
상계주공4(고층),1988,8600,2006,10,21,41.3,14,상계동,749-5,11350,,,
상계주공4(고층),1988,8200,2006,10,21,41.3,15,상계동,749-5,11350,,,
상계주공4(고층),1988,8000,2006,10,21,41.3,15,상계동,749-5,11350,,,
상계주공4(고층),1988,13000,2006,10,21,49.94,14,상계동,749-5,11350,,,
상계주공4(고층),1988,8600,2006,10,21,41.3,14,상계동,749-5,11350,,,
상계주공4(고층),1988,15800,2006,10,21,58.01,11,상계동,749-5,11350,,,
상계주공5(저층),1987,12000,2006,10,21,31.98,3,상계동,721,11350,,,
상계주공6(고층),1988,14000,2006,10,21,58.01,10,상계동,720,11350,,,
상계주공6(고층),1988,10500,2006,10,21,41.3,7,상계동,720,11350,,,
상계주공6(고층),1988,16260,2006,10,21,59.39,4,상계동,720,11350,,,
상계주공6(고층),1988,15800,2006,10,21,58.01,10,상계동,720,11350,,,
상계주공7(고층),1988,9000,2006,10,21,41.3,8,상계동,691,11350,,,
상계주공7(고층),1988,8200,2006,10,21,45.55,1,상계동,691,11350,,,
상계주공8(저층),1988,18500,2006,10,21,38.52,1,상계동,677,11350,,,
상계주공8(저층),1988,19000,2006,10,21,38.52,4,상계동,677,11350,,,
상계주공9(고층),1988,19900,2006,10,21,66.56,4,상계동,670,11350,,,
상아,1989,11450,2006,10,21,51.29,15,중계동,505,11350,,,
서광,1994,12000,2006,10,21,59.96,1,월계동,922,11350,,,
양지마을(대림)2,1999,38300,2006,10,21,84.88,8,중계동,588,11350,,,
양지마을(대림)2,1999,37000,2006,10,21,84.88,8,중계동,588,11350,,,
양지마을(대림)2,1999,27500,2006,10,21,84.88,1,중계동,588,11350,,,
우방아파트,2000,28800,2006,10,21,84.881,11,공릉동,108,11350,,,
은빛1단지,1998,13900,2006,10,21,59.95,2,상계동,1255,11350,,,
은빛2단지,1998,13700,2006,10,21,59.95,9,상계동,1256,11350,,,
임광,1989,41500,2006,10,21,106.25,1,상계동,694,11350,,,
장미(시영6),1989,13000,2006,10,21,65.33,2,하계동,273,11350,,,
주공2,1992,8400,2006,10,21,44.52,7,중계동,369,11350,,,
주공2,1992,12000,2006,10,21,58.65,13,월계동,556,11350,,,
주공2,1992,8400,2006,10,21,44.52,6,중계동,369,11350,,,
주공2,1992,18200,2006,10,21,84.815,6,월계동,556,11350,,,
주공2,1992,12000,2006,10,21,58.65,6,월계동,556,11350,,,
주공2,1992,20000,2006,10,21,84.815,5,월계동,556,11350,,,
주공5,1992,20000,2006,10,21,58.46,11,중계동,359-1,11350,,,
주공5,1992,36000,2006,10,21,84.79,4,중계동,359-1,11350,,,
주공5,1992,9600,2006,10,21,44.52,8,중계동,359-1,11350,,,
주공5,1992,7670,2006,10,21,38.64,1,중계동,359-1,11350,,,
중계그린1단지,1990,8650,2006,10,21,39.91,9,중계동,502-1,11350,,,
중계무지개,1991,14500,2006,10,21,59.26,15,중계동,512,11350,,,
중계무지개,1991,8300,2006,10,21,39.96,3,중계동,512,11350,,,
중계현대2,1991,23500,2006,10,21,84.34,13,중계동,435-1,11350,,,
중앙하이츠,1998,25000,2006,10,21,84.71,17,중계동,161-1,11350,,,
중앙하이츠(5지역),1996,18000,2006,10,21,84.87,14,상계동,1068,11350,,,
청구(366),1993,51250,2006,10,21,101.99,14,중계동,366,11350,,,
청구3,1996,48000,2006,10,21,84.77,11,중계동,360-2,11350,,,
청백3,1998,7500,2006,10,21,39.84,5,월계동,780,11350,,,
청암2단지,2001,16400,2006,10,21,59.96,10,상계동,1276,11350,,,
초안1,1998,11950,2006,10,21,59.85,10,월계동,923,11350,,,
태강아파트(아이파크),1999,11600,2006,10,21,49.6,3,공릉동,81,11350,,,
풍림아이원,2005,30500,2006,10,21,84.491,19,월계동,944,11350,,,
풍림아파트A,2001,29500,2006,10,21,84.99,5,공릉동,725,11350,,,
하계1청구,1997,39000,2006,10,21,84.6,15,하계동,251,11350,,,
하계1청구,1997,39400,2006,10,21,84.6,15,하계동,251,11350,,,
하계2현대,1997,30000,2006,10,21,75.35,6,하계동,288,11350,,,
학여울청구,1999,33400,2006,10,21,84.77,6,하계동,354,11350,,,
한신1,1988,6400,2006,10,21,27,13,하계동,284,11350,,,
한진한화그랑빌,2002,29900,2006,10,21,84.97,21,월계동,18,11350,,,
한진한화그랑빌,2002,29900,2006,10,21,84.97,24,월계동,18,11350,,,
현대,2000,38000,2006,10,21,114.99,10,월계동,929,11350,,,
현대,2000,25300,2006,10,21,84.98,3,월계동,929,11350,,,
현대,2000,16500,2006,10,21,59.95,24,월계동,929,11350,,,
현대(3차),1992,19300,2006,10,21,66.47,4,중계동,576,11350,,,
현대(6차),2018,32850,2006,10,21,84.98,16,중계동,34-5,11350,,,
현대4차,1995,17750,2006,10,21,84.99,3,상계동,1271,11350,,,
현대성우아파트,2000,19700,2006,10,21,84.96,14,공릉동,741,11350,,,
현대아파트,1984,26500,2006,10,21,62.27,2,공릉동,230,11350,,,
건영2,1991,25800,2006,10,22,84.96,14,중계동,515-2,11350,,,
경남아너스빌,2002,32350,2006,10,22,92.522,8,중계동,597,11350,,,
경남아너스빌,2002,31000,2006,10,22,84.9132,4,중계동,597,11350,,,
극동늘푸른,2000,15000,2006,10,22,59.958,16,상계동,1128,11350,,,
극동늘푸른,2000,12500,2006,10,22,59.958,1,상계동,1128,11350,,,
동신,1983,25000,2006,10,22,91.54,10,월계동,436,11350,,,
보람아파트,1988,9000,2006,10,22,44.33,6,상계동,639,11350,,,
보람아파트,1988,20000,2006,10,22,68.99,4,상계동,639,11350,,,
불암현대,1999,47300,2006,10,22,114.24,7,상계동,1293,11350,,,
삼창,1984,25800,2006,10,22,94.36,2,월계동,448-3,11350,,,
삼호4,1987,10500,2006,10,22,50.18,1,월계동,12,11350,,,
상계주공13(고층),1989,7200,2006,10,22,45.55,2,상계동,637,11350,,,
상계주공14(고층),1989,11400,2006,10,22,49.94,13,상계동,626,11350,,,
상계주공16(고층),1988,7500,2006,10,22,45.77,1,상계동,624,11350,,,
상계주공5(저층),1987,12300,2006,10,22,31.98,4,상계동,721,11350,,,
수락현대,1995,23000,2006,10,22,84.87,9,상계동,1272,11350,,,
시영3차(라이프)아파트,1994,8800,2006,10,22,39.6,14,공릉동,715,11350,,,
신도1차아파트,2002,28200,2006,10,22,81.2768,13,공릉동,748,11350,,,
월계흥화브라운빌,2004,23500,2006,10,22,84.91,11,월계동,939,11350,,,
주공5,1992,8050,2006,10,22,38.64,13,중계동,359-1,11350,,,
청백4,1998,21000,2006,10,22,84.54,14,월계동,781,11350,,,
풍림아파트A,2001,30000,2006,10,22,84.99,20,공릉동,725,11350,,,
풍림아파트A,2001,29500,2006,10,22,84.99,5,공릉동,725,11350,,,
현대,2000,27500,2006,10,22,84.98,16,월계동,929,11350,,,
현대,2000,17400,2006,10,22,59.95,14,월계동,929,11350,,,
건영2,1991,25500,2006,10,23,84.96,4,중계동,515-2,11350,,,
건영3,1995,34300,2006,10,23,84.9,1,중계동,360-15,11350,,,
경남,1989,40000,2006,10,23,114.57,10,중계동,505,11350,,,
경남아너스빌,2002,27000,2006,10,23,79.098,14,중계동,597,11350,,,
극동,1996,15500,2006,10,23,84.95,8,월계동,803-1,11350,,,
극동,1988,20500,2006,10,23,70.56,8,하계동,271-3,11350,,,
대동아파트,1999,13200,2006,10,23,59.83,6,공릉동,604-11,11350,,,
대동아파트2,1999,33000,2006,10,23,114.95,15,공릉동,380-1,11350,,,
대림벽산(363),1993,81000,2006,10,23,114.39,3,중계동,363,11350,,,
동신,1983,16000,2006,10,23,72.2,1,월계동,436,11350,,,
동신,1983,24500,2006,10,23,91.54,10,월계동,436,11350,,,
동양엔파트,2003,34600,2006,10,23,84.88,6,상계동,1305,11350,,,
동양엔파트,2003,33000,2006,10,23,84.88,3,상계동,1305,11350,,,
동진신안,1993,57000,2006,10,23,101.99,4,중계동,364,11350,,,
롯데(505),1989,27000,2006,10,23,84.97,15,중계동,505,11350,,,
미도,1988,27000,2006,10,23,87.57,15,상계동,766-1,11350,,,
미륭,1986,14000,2006,10,23,51.48,11,월계동,13,11350,,,
미륭,1986,14400,2006,10,23,51.48,8,월계동,13,11350,,,
미륭,1986,14000,2006,10,23,51.48,5,월계동,13,11350,,,
미성,1989,32000,2006,10,23,84.94,14,하계동,280,11350,,,
미성,1989,29000,2006,10,23,84.94,12,하계동,280,11350,,,
벽산,1989,13800,2006,10,23,59.9,5,상계동,173-1,11350,,,
벽산,1988,13300,2006,10,23,57.71,5,하계동,271-3,11350,,,
벽산,1988,19000,2006,10,23,70.56,15,하계동,271-3,11350,,,
보람아파트,1988,9100,2006,10,23,44.33,14,상계동,639,11350,,,
보람아파트,1988,9050,2006,10,23,44.33,10,상계동,639,11350,,,
불암현대,1999,15800,2006,10,23,59.4,15,상계동,1293,11350,,,
비선아파트,1999,13500,2006,10,23,48.6,10,공릉동,109,11350,,,
사슴3,1995,6000,2006,10,23,33.18,1,월계동,320-11,11350,,,
사슴3,1995,5800,2006,10,23,33.18,2,월계동,320-11,11350,,,
사슴3,1995,7700,2006,10,23,39.6,4,월계동,320-11,11350,,,
삼성,1999,48000,2006,10,23,114.49,10,중계동,593,11350,,,
삼익포레스트아파트,1995,22100,2006,10,23,84.6,2,공릉동,737,11350,,,
삼익포레스트아파트,1995,11000,2006,10,23,51.03,5,공릉동,737,11350,,,
삼창타워주상프라자,1997,15000,2006,10,23,84.66,17,중계동,584-1,11350,,,
삼호3,1986,18700,2006,10,23,59.22,14,월계동,13,11350,,,
삼호4,1987,11900,2006,10,23,50.18,9,월계동,12,11350,,,
상계1차현대아파트,1993,20000,2006,10,23,83.92,13,상계동,1055,11350,,,
상계1차현대아파트,1993,20800,2006,10,23,83.92,11,상계동,1055,11350,,,
상계대림,1989,14400,2006,10,23,59.67,9,상계동,172,11350,,,
상계주공10(고층),1988,9207,2006,10,23,45.77,4,상계동,666,11350,,,
상계주공10(고층),1988,11850,2006,10,23,49.94,9,상계동,666,11350,,,
상계주공10(고층),1988,10850,2006,10,23,49.94,3,상계동,666,11350,,,
상계주공10(고층),1988,8500,2006,10,23,45.9,6,상계동,666,11350,,,
상계주공10(고층),1988,14330,2006,10,23,58.01,7,상계동,666,11350,,,
상계주공11(고층),1988,8550,2006,10,23,41.3,9,상계동,652,11350,,,
상계주공11(고층),1988,20900,2006,10,23,68.86,7,상계동,652,11350,,,
상계주공11(고층),1988,14300,2006,10,23,58.01,8,상계동,652,11350,,,
상계주공11(고층),1988,11300,2006,10,23,49.94,9,상계동,652,11350,,,
상계주공13(고층),1989,12800,2006,10,23,58.01,10,상계동,637,11350,,,
상계주공14(고층),1989,8300,2006,10,23,41.3,8,상계동,626,11350,,,
상계주공14(고층),1989,11400,2006,10,23,49.94,11,상계동,626,11350,,,
상계주공16(고층),1988,8650,2006,10,23,45.77,5,상계동,624,11350,,,
상계주공3(고층),1987,20200,2006,10,23,68.86,8,상계동,730-2,11350,,,
상계주공3(고층),1987,8700,2006,10,23,37.46,6,상계동,730-2,11350,,,
상계주공3(저층),1987,33900,2006,10,23,84.41,4,상계동,737,11350,,,
상계주공4(고층),1988,15990,2006,10,23,58.01,4,상계동,749-5,11350,,,
상계주공6(고층),1988,8500,2006,10,23,37.46,5,상계동,720,11350,,,
상계주공6(고층),1988,9700,2006,10,23,41.3,2,상계동,720,11350,,,
상계주공6(고층),1988,14000,2006,10,23,49.94,9,상계동,720,11350,,,
상계주공7(고층),1988,13000,2006,10,23,49.94,12,상계동,691,11350,,,
상계주공7(고층),1988,8870,2006,10,23,45.9,9,상계동,691,11350,,,
상계주공7(고층),1988,10000,2006,10,23,45.9,9,상계동,691,11350,,,
상계주공7(고층),1988,9500,2006,10,23,45.77,11,상계동,691,11350,,,
상계주공7(고층),1988,12953,2006,10,23,49.94,11,상계동,691,11350,,,
상계주공7(고층),1988,10100,2006,10,23,45.55,10,상계동,691,11350,,,
상계주공7(고층),1988,9550,2006,10,23,45.9,6,상계동,691,11350,,,
상계주공8(저층),1988,18200,2006,10,23,38.52,5,상계동,677,11350,,,
상계주공8(저층),1988,13000,2006,10,23,31.95,4,상계동,677,11350,,,
상계주공8(저층),1988,13300,2006,10,23,31.95,4,상계동,677,11350,,,
상계주공9(고층),1988,13200,2006,10,23,58.01,12,상계동,670,11350,,,
상계주공9(고층),1988,13200,2006,10,23,58.01,1,상계동,670,11350,,,
상계주공9(고층),1988,8400,2006,10,23,45.9,6,상계동,670,11350,,,
상계주공9(고층),1988,10850,2006,10,23,49.94,4,상계동,670,11350,,,
상계주공9(고층),1988,10750,2006,10,23,49.94,2,상계동,670,11350,,,
상계주공9(고층),1988,24700,2006,10,23,79.07,3,상계동,670,11350,,,
상아,1989,41000,2006,10,23,114.57,3,중계동,505,11350,,,
성원1,1996,35100,2006,10,23,84.78,3,중계동,580,11350,,,
수락파크빌,2001,53000,2006,10,23,114.82,12,상계동,1269,11350,,,
수락현대,1995,17500,2006,10,23,84.74,2,상계동,1272,11350,,,
신동아(366),1993,58900,2006,10,23,101.94,3,중계동,366,11350,,,
신동아(366),1993,69800,2006,10,23,115.35,8,중계동,366,11350,,,
신성미소지움아파트,2004,26000,2006,10,23,84.929,11,공릉동,756,11350,,,
신원아파트,2000,12350,2006,10,23,59.59,6,공릉동,370-4,11350,,,
아주,2002,11900,2006,10,23,59.85,3,하계동,167-10,11350,,,
양지마을(대림)1,1998,42000,2006,10,23,114.96,2,중계동,587,11350,,,
양지마을(대림)2,1999,17800,2006,10,23,59.4,8,중계동,588,11350,,,
염광,1996,15800,2006,10,23,59.34,8,중계동,445,11350,,,
우방아파트,2000,27700,2006,10,23,84.881,7,공릉동,108,11350,,,
우성,1988,52900,2006,10,23,127.22,4,하계동,270,11350,,,
우성,1988,34000,2006,10,23,84.91,13,하계동,270,11350,,,
유원,1998,16200,2006,10,23,84.93,2,월계동,880,11350,,,
은빛1단지,1998,12600,2006,10,23,59.92,1,상계동,1255,11350,,,
은빛2단지,1998,14500,2006,10,23,59.95,12,상계동,1256,11350,,,
은빛2단지,1998,12000,2006,10,23,49.77,5,상계동,1256,11350,,,
임광,1989,41500,2006,10,23,106.25,1,상계동,694,11350,,,
주공10,1995,20100,2006,10,23,58.14,8,중계동,360-16,11350,,,
주공2,1992,13000,2006,10,23,59.97,9,월계동,556,11350,,,
주공2,1992,8700,2006,10,23,44.52,9,중계동,369,11350,,,
주공4,1991,28000,2006,10,23,84.79,7,중계동,358-2,11350,,,
주공4,1991,15410,2006,10,23,59.39,5,중계동,358-2,11350,,,
주공4,1991,29000,2006,10,23,84.79,14,중계동,358-2,11350,,,
주공5,1992,17600,2006,10,23,58.46,8,중계동,359-1,11350,,,
주공5,1992,26900,2006,10,23,76.51,3,중계동,359-1,11350,,,
주공6,1993,9000,2006,10,23,44.1,8,중계동,364-12,11350,,,
중계3우성,1999,30100,2006,10,23,84.87,9,중계동,585,11350,,,
중계그린1단지,1990,9800,2006,10,23,44.1,11,중계동,502-1,11350,,,
중계그린1단지,1990,15500,2006,10,23,59.46,4,중계동,502-1,11350,,,
중계그린1단지,1990,10900,2006,10,23,49.5,4,중계동,502-1,11350,,,
중계그린1단지,1990,10000,2006,10,23,44.1,8,중계동,502-1,11350,,,
중계무지개,1991,10750,2006,10,23,49.54,3,중계동,512,11350,,,
중계무지개,1991,11050,2006,10,23,49.54,11,중계동,512,11350,,,
중계무지개,1991,8500,2006,10,23,39.82,7,중계동,512,11350,,,
중계무지개,1991,11250,2006,10,23,49.89,6,중계동,512,11350,,,
중계무지개,1991,11600,2006,10,23,49.54,10,중계동,512,11350,,,
중계무지개,1991,14000,2006,10,23,59.26,15,중계동,512,11350,,,
중계현대2,1991,23000,2006,10,23,84.34,11,중계동,435-1,11350,,,
청구,1988,35000,2006,10,23,84.97,13,하계동,284,11350,,,
청구,1988,20000,2006,10,23,70.69,1,하계동,284,11350,,,
청구,1988,24000,2006,10,23,70.69,3,하계동,284,11350,,,
청구,1988,25100,2006,10,23,70.69,6,하계동,284,11350,,,
청구3,1996,38500,2006,10,23,84.77,2,중계동,360-2,11350,,,
청솔(시영7),1989,9850,2006,10,23,49.5,15,하계동,274,11350,,,
태강아파트(아이파크),1999,15500,2006,10,23,59.38,9,공릉동,81,11350,,,
태릉우성아파트,1985,22500,2006,10,23,66.87,4,공릉동,254,11350,,,
풍림아파트A,2001,30300,2006,10,23,84.99,18,공릉동,725,11350,,,
풍림아파트A,2001,19250,2006,10,23,59.94,12,공릉동,725,11350,,,
풍림아파트A,2001,20000,2006,10,23,59.94,17,공릉동,725,11350,,,
풍림아파트A,2001,45000,2006,10,23,114.78,15,공릉동,725,11350,,,
하계1청구,1997,29950,2006,10,23,84.6,1,하계동,251,11350,,,
하계2현대,1997,29500,2006,10,23,75.35,4,하계동,288,11350,,,
한신1,1988,6500,2006,10,23,27,12,하계동,284,11350,,,
한신2,1988,10500,2006,10,23,44.52,10,하계동,284,11350,,,
한신4차,1995,18700,2006,10,23,84.84,3,상계동,995,11350,,,
한일1,1999,15500,2006,10,23,59.953,18,월계동,926,11350,,,
한진한화그랑빌,2002,27750,2006,10,23,84.97,5,월계동,18,11350,,,
한진한화그랑빌,2002,25500,2006,10,23,84.97,3,월계동,18,11350,,,
한진한화그랑빌,2002,29000,2006,10,23,84.97,22,월계동,18,11350,,,
한진한화그랑빌,2002,19600,2006,10,23,59.94,8,월계동,18,11350,,,
현대,2000,42000,2006,10,23,114.99,12,월계동,929,11350,,,
현대,2000,17100,2006,10,23,59.95,9,월계동,929,11350,,,
현대,2000,27875,2006,10,23,84.98,13,월계동,929,11350,,,
현대,2000,35900,2006,10,23,114.99,23,월계동,929,11350,,,
현대(6차),2018,14150,2006,10,23,59.84,3,중계동,34-5,11350,,,
현대2(4차),1993,24000,2006,10,23,84.78,2,중계동,578,11350,,,
건영,1988,26500,2006,10,24,84.93,6,하계동,271-3,11350,,,
건영2,1991,25800,2006,10,24,84.96,6,중계동,515-2,11350,,,
건영3,1995,39500,2006,10,24,84.9,15,중계동,360-15,11350,,,
건영3,1995,37000,2006,10,24,84.9,8,중계동,360-15,11350,,,
건영3,1995,46300,2006,10,24,84.9,9,중계동,360-15,11350,,,
건영3,1995,47000,2006,10,24,84.9,12,중계동,360-15,11350,,,
경남아너스빌,2002,25500,2006,10,24,79.098,16,중계동,597,11350,,,
공릉동한보에센시티아파트,2000,24200,2006,10,24,84.93,10,공릉동,743,11350,,,
공릉해링턴플레이스,2000,37000,2006,10,24,99.917,1,공릉동,106,11350,,,
노원우성,1992,22100,2006,10,24,84.88,10,상계동,1251,11350,,,
대림,1988,39700,2006,10,24,93.13,12,상계동,695,11350,,,
대호,2000,20500,2006,10,24,84.93,12,중계동,591,11350,,,
동아불암,1999,27000,2006,10,24,84.9,16,상계동,1285,11350,,,
동아불암,1999,24900,2006,10,24,84.9,7,상계동,1285,11350,,,
두산,1994,11350,2006,10,24,51.66,12,상계동,1110,11350,,,
두산,1994,11000,2006,10,24,51.66,13,상계동,1110,11350,,,
롯데(505),1989,27500,2006,10,24,84.97,15,중계동,505,11350,,,
롯데(505),1989,21800,2006,10,24,72.49,7,중계동,505,11350,,,
롯데우성,1993,56000,2006,10,24,101.88,12,중계동,361-1,11350,,,
미성,1989,29800,2006,10,24,84.94,15,하계동,280,11350,,,
미성,1989,28300,2006,10,24,84.94,11,하계동,280,11350,,,
벽산,1988,14500,2006,10,24,57.71,10,하계동,271-3,11350,,,
벽산,1988,13800,2006,10,24,57.71,9,하계동,271-3,11350,,,
보람아파트,1988,9100,2006,10,24,44.33,14,상계동,639,11350,,,
보람아파트,1988,13000,2006,10,24,54.59,9,상계동,639,11350,,,
보람아파트,1988,13000,2006,10,24,54.59,12,상계동,639,11350,,,
삼익선경,1993,51500,2006,10,24,107.95,5,하계동,255-1,11350,,,
삼익포레스트아파트,1995,26000,2006,10,24,84.6,11,공릉동,737,11350,,,
삼호3,1986,18600,2006,10,24,59.22,10,월계동,13,11350,,,
삼호3,1986,18600,2006,10,24,59.22,10,월계동,13,11350,,,
삼호4,1987,12500,2006,10,24,50.18,5,월계동,12,11350,,,
삼호4,1987,14800,2006,10,24,59.49,1,월계동,12,11350,,,
상계1차중앙하이츠,1997,21800,2006,10,24,84.6,1,상계동,1279,11350,,,
상계2차중앙하이츠,1998,49500,2006,10,24,134.97,14,상계동,1282,11350,,,
상계신동아,1995,21000,2006,10,24,84.99,8,상계동,463,11350,,,
상계우방유쉘,2000,25000,2006,10,24,84.97,12,상계동,1295,11350,,,
상계주공1(고층),1988,9400,2006,10,24,41.3,7,상계동,765,11350,,,
상계주공1(고층),1988,12700,2006,10,24,58.01,10,상계동,765,11350,,,
상계주공1(고층),1988,17500,2006,10,24,68.86,2,상계동,765,11350,,,
상계주공10(고층),1988,13300,2006,10,24,60.5,1,상계동,666,11350,,,
상계주공10(고층),1988,11000,2006,10,24,49.94,6,상계동,666,11350,,,
상계주공10(고층),1988,7650,2006,10,24,41.3,2,상계동,666,11350,,,
상계주공10(저층),1988,13750,2006,10,24,54.54,5,상계동,666,11350,,,
상계주공11(고층),1988,14125,2006,10,24,58.01,3,상계동,652,11350,,,
상계주공11(고층),1988,11200,2006,10,24,49.94,6,상계동,652,11350,,,
상계주공12(고층),1988,11350,2006,10,24,49.94,4,상계동,647,11350,,,
상계주공14(고층),1989,9800,2006,10,24,49.94,15,상계동,626,11350,,,
상계주공14(고층),1989,11250,2006,10,24,49.94,4,상계동,626,11350,,,
상계주공14(저층),1989,23050,2006,10,24,71.89,2,상계동,626,11350,,,
상계주공16(고층),1988,12330,2006,10,24,59.39,14,상계동,624,11350,,,
상계주공2(고층),1987,9230,2006,10,24,41.3,6,상계동,740,11350,,,
상계주공2(고층),1987,15800,2006,10,24,58.01,6,상계동,740,11350,,,
상계주공3(고층),1987,17750,2006,10,24,68.86,2,상계동,730-2,11350,,,
상계주공3(고층),1987,30000,2006,10,24,84.2,8,상계동,730-2,11350,,,
상계주공3(고층),1987,16570,2006,10,24,59.39,2,상계동,730-2,11350,,,
상계주공3(고층),1987,15250,2006,10,24,59.28,4,상계동,730-2,11350,,,
상계주공4(고층),1988,15000,2006,10,24,58.01,14,상계동,749-5,11350,,,
상계주공5(저층),1987,12000,2006,10,24,31.98,3,상계동,721,11350,,,
상계주공6(고층),1988,13100,2006,10,24,49.94,8,상계동,720,11350,,,
상계주공6(고층),1988,15100,2006,10,24,58.01,9,상계동,720,11350,,,
상계주공6(고층),1988,15900,2006,10,24,59.2,3,상계동,720,11350,,,
상계주공7(고층),1988,9800,2006,10,24,45.55,10,상계동,691,11350,,,
상계주공8(저층),1988,18500,2006,10,24,38.52,3,상계동,677,11350,,,
상계주공9(고층),1988,8200,2006,10,24,45.9,11,상계동,670,11350,,,
상계주공9(고층),1988,10850,2006,10,24,49.94,15,상계동,670,11350,,,
상계주공9(고층),1988,25900,2006,10,24,79.07,7,상계동,670,11350,,,
서광,1994,16500,2006,10,24,69.68,5,월계동,922,11350,,,
서광,1994,13500,2006,10,24,59.96,3,월계동,922,11350,,,
성원1,1996,33200,2006,10,24,84.78,6,중계동,580,11350,,,
성원2,1995,17000,2006,10,24,84.78,16,중계동,581,11350,,,
시영3차(라이프)아파트,1994,12200,2006,10,24,49.5,6,공릉동,715,11350,,,
신일,1998,19000,2006,10,24,84.94,10,중계동,589,11350,,,
양지마을(대림)1,1998,49000,2006,10,24,114.96,14,중계동,587,11350,,,
양지마을(대림)1,1998,56500,2006,10,24,114.96,18,중계동,587,11350,,,
양지마을(대림)2,1999,44000,2006,10,24,114.81,2,중계동,588,11350,,,
염광,1996,14800,2006,10,24,59.34,7,중계동,445,11350,,,
우림루미아트1,2004,29700,2006,10,24,84.887,11,상계동,1306,11350,,,
우방,1999,14500,2006,10,24,59.74,4,하계동,353,11350,,,
우성,1988,33500,2006,10,24,84.91,10,하계동,270,11350,,,
우성2차아파트101동,2005,19800,2006,10,24,84.75,6,공릉동,569-26,11350,,,
은빛2단지,1998,15200,2006,10,24,59.95,9,상계동,1256,11350,,,
은빛2단지,1998,9200,2006,10,24,39.7,14,상계동,1256,11350,,,
은빛2단지,1998,15850,2006,10,24,59.95,11,상계동,1256,11350,,,
은빛2단지,1998,12300,2006,10,24,49.77,15,상계동,1256,11350,,,
임광,1989,59500,2006,10,24,122.18,7,상계동,694,11350,,,
장미(시영6),1989,14300,2006,10,24,59.22,6,하계동,273,11350,,,
장미(시영6),1989,10450,2006,10,24,54.02,2,하계동,273,11350,,,
장미(시영6),1989,14050,2006,10,24,64.62,13,하계동,273,11350,,,
주공2,1992,8400,2006,10,24,44.52,11,중계동,369,11350,,,
주공2,1992,12300,2006,10,24,58.65,4,월계동,556,11350,,,
주공5,1992,17300,2006,10,24,58.46,2,중계동,359-1,11350,,,
주공5,1992,9900,2006,10,24,44.94,6,중계동,359-1,11350,,,
주공7,1993,8900,2006,10,24,44.1,9,중계동,363-1,11350,,,
주공7,1993,10800,2006,10,24,44.1,8,중계동,363-1,11350,,,
주공8,1993,13950,2006,10,24,49.72,8,중계동,362-1,11350,,,
중계그린1단지,1990,16000,2006,10,24,59.87,8,중계동,502-1,11350,,,
중계그린1단지,1990,10300,2006,10,24,49.5,8,중계동,502-1,11350,,,
중계그린1단지,1990,10950,2006,10,24,49.5,4,중계동,502-1,11350,,,
중계그린1단지,1990,13500,2006,10,24,59.87,13,중계동,502-1,11350,,,
중계그린1단지,1990,11300,2006,10,24,49.5,2,중계동,502-1,11350,,,
중계무지개,1991,14200,2006,10,24,59.26,12,중계동,512,11350,,,
중계무지개,1991,8750,2006,10,24,39.82,8,중계동,512,11350,,,
중계현대2,1991,24000,2006,10,24,84.34,9,중계동,435-1,11350,,,
청구(366),1993,68500,2006,10,24,115.47,5,중계동,366,11350,,,
청구3,1996,30000,2006,10,24,84.99,5,하계동,251-12,11350,,,
청솔(시영7),1989,9250,2006,10,24,49.5,1,하계동,274,11350,,,
청솔아파트8,2000,28500,2006,10,24,84.83,11,공릉동,91,11350,,,
청솔아파트8,2000,23100,2006,10,24,84.83,2,공릉동,91,11350,,,
태강아파트(아이파크),1999,16200,2006,10,24,59.38,3,공릉동,81,11350,,,
태릉우성아파트,1985,31000,2006,10,24,84.97,9,공릉동,254,11350,,,
풍림아파트A,2001,40500,2006,10,24,114.78,3,공릉동,725,11350,,,
풍림아파트A,2001,18000,2006,10,24,59.94,2,공릉동,725,11350,,,
하계2현대,1997,35000,2006,10,24,84.896,15,하계동,288,11350,,,
학여울청구,1999,14300,2006,10,24,59.4,13,하계동,354,11350,,,
학여울청구,1999,14300,2006,10,24,59.4,14,하계동,354,11350,,,
학여울청구,1999,23900,2006,10,24,84.77,7,하계동,354,11350,,,
한신2차,1988,8500,2006,10,24,45.92,14,상계동,451,11350,,,
한신동성,1993,56000,2006,10,24,112.24,10,하계동,256-5,11350,,,
한진한화그랑빌,2002,25000,2006,10,24,84.97,1,월계동,18,11350,,,
한진한화그랑빌,2002,42800,2006,10,24,114.97,13,월계동,18,11350,,,
한진한화그랑빌,2002,26800,2006,10,24,84.97,6,월계동,18,11350,,,
한화꿈에그린,2005,36500,2006,10,24,84.902,5,중계동,598,11350,,,
현대,1988,22200,2006,10,24,71.68,15,하계동,270,11350,,,
현대,2000,27450,2006,10,24,84.98,10,월계동,929,11350,,,
현대(3차),1992,18000,2006,10,24,66.47,2,중계동,576,11350,,,
현대(3차),1992,31000,2006,10,24,84.35,6,중계동,576,11350,,,
현대아파트,1984,25000,2006,10,24,61.94,5,공릉동,230,11350,,,
현대아파트,1984,37500,2006,10,24,86,4,공릉동,230,11350,,,
화랑타운아파트,2000,36600,2006,10,24,84.65,7,공릉동,111,11350,,,
화랑해링턴플레이스아파트,1999,25500,2006,10,24,84.75,11,공릉동,746,11350,,,
건영,1988,23500,2006,10,25,74.58,14,하계동,271-3,11350,,,
건영3,1995,45000,2006,10,25,84.9,11,중계동,360-15,11350,,,
건영장미아파트,1999,13800,2006,10,25,59.87,12,공릉동,744,11350,,,
경남,1989,39000,2006,10,25,114.57,5,중계동,505,11350,,,
경남,1989,12000,2006,10,25,50.97,9,중계동,505,11350,,,
공릉해링턴플레이스,2000,49000,2006,10,25,99.917,9,공릉동,106,11350,,,
공릉해링턴플레이스,2000,44700,2006,10,25,99.917,11,공릉동,106,11350,,,
극동,1996,14700,2006,10,25,80.28,3,월계동,803-1,11350,,,
금호타운(583),1997,35000,2006,10,25,84.98,15,중계동,583,11350,,,
금호타운(583),1997,17200,2006,10,25,59.52,7,중계동,583,11350,,,
대아2차아파트,2000,16000,2006,10,25,59.88,9,공릉동,492-1,11350,,,
동신,1983,24000,2006,10,25,93.38,6,월계동,436,11350,,,
동신아파트,1999,16000,2006,10,25,59.99,9,공릉동,745,11350,,,
동신아파트,1999,34850,2006,10,25,114.98,7,공릉동,745,11350,,,
동양엔파트,2003,38000,2006,10,25,84.88,18,상계동,1305,11350,,,
동양엔파트,2003,35000,2006,10,25,84.88,7,상계동,1305,11350,,,
동양엔파트,2003,30200,2006,10,25,84.98,8,상계동,1305,11350,,,
동양엔파트,2003,36950,2006,10,25,84.88,10,상계동,1305,11350,,,
미도,1988,28400,2006,10,25,87.57,7,상계동,766-1,11350,,,
미도,1988,28000,2006,10,25,87.57,2,상계동,766-1,11350,,,
미도,1988,29000,2006,10,25,87.57,5,상계동,766-1,11350,,,
미성,1986,15000,2006,10,25,50.14,12,월계동,13,11350,,,
미성,1986,9900,2006,10,25,33.28,3,월계동,13,11350,,,
미성,1986,9700,2006,10,25,33.28,4,월계동,13,11350,,,
벽산,1989,8300,2006,10,25,46.8,11,상계동,173-1,11350,,,
보람아파트,1988,19500,2006,10,25,68.99,6,상계동,639,11350,,,
보람아파트,1988,26500,2006,10,25,79.25,10,상계동,639,11350,,,
보람아파트,1988,11250,2006,10,25,54.59,1,상계동,639,11350,,,
보람아파트,1988,19900,2006,10,25,68.99,14,상계동,639,11350,,,
보람아파트,1988,27070,2006,10,25,79.25,8,상계동,639,11350,,,
삼성,1999,35300,2006,10,25,84.75,10,중계동,593,11350,,,
삼호4,1987,12200,2006,10,25,50.18,4,월계동,12,11350,,,
삼호4,1987,11200,2006,10,25,50.18,4,월계동,12,11350,,,
삼호4,1987,11300,2006,10,25,50.18,9,월계동,12,11350,,,
삼호4,1987,11500,2006,10,25,50.18,12,월계동,12,11350,,,
삼호4,1987,16600,2006,10,25,59.49,6,월계동,12,11350,,,
상계1차현대아파트,1993,20500,2006,10,25,83.92,12,상계동,1055,11350,,,
상계대림,1989,23000,2006,10,25,84.91,14,상계동,172,11350,,,
상계대림,1989,12850,2006,10,25,59.67,13,상계동,172,11350,,,
상계대림,1989,22500,2006,10,25,84.91,9,상계동,172,11350,,,
상계대림e편한세상,2002,29000,2006,10,25,114.34,2,상계동,1301,11350,,,
상계대림e편한세상,2002,17000,2006,10,25,55.77,9,상계동,1301,11350,,,
상계대림e편한세상,2002,21800,2006,10,25,83.87,4,상계동,1301,11350,,,
상계주공1(고층),1988,14000,2006,10,25,58.01,14,상계동,765,11350,,,
상계주공1(고층),1988,13850,2006,10,25,58.01,8,상계동,765,11350,,,
상계주공1(저층),1988,21000,2006,10,25,71.89,2,상계동,765,11350,,,
상계주공10(고층),1988,7800,2006,10,25,45.9,1,상계동,666,11350,,,
상계주공10(고층),1988,8700,2006,10,25,45.9,4,상계동,666,11350,,,
상계주공11(고층),1988,19900,2006,10,25,68.86,2,상계동,652,11350,,,
상계주공11(고층),1988,11150,2006,10,25,49.94,4,상계동,652,11350,,,
상계주공11(고층),1988,11400,2006,10,25,49.94,13,상계동,652,11350,,,
상계주공12(고층),1988,10430,2006,10,25,49.94,2,상계동,647,11350,,,
상계주공12(고층),1988,7900,2006,10,25,41.3,14,상계동,647,11350,,,
상계주공12(고층),1988,7900,2006,10,25,41.3,1,상계동,647,11350,,,
상계주공14(고층),1989,8150,2006,10,25,45.9,6,상계동,626,11350,,,
상계주공14(고층),1989,8500,2006,10,25,45.9,8,상계동,626,11350,,,
상계주공14(고층),1989,8350,2006,10,25,41.3,13,상계동,626,11350,,,
상계주공16(고층),1988,13300,2006,10,25,59.39,8,상계동,624,11350,,,
상계주공16(고층),1988,25000,2006,10,25,79.07,6,상계동,624,11350,,,
상계주공16(고층),1988,13450,2006,10,25,59.39,9,상계동,624,11350,,,
상계주공2(고층),1987,16000,2006,10,25,58.01,10,상계동,740,11350,,,
상계주공2(고층),1987,14760,2006,10,25,58.01,4,상계동,740,11350,,,
상계주공2(저층),1987,23850,2006,10,25,71.89,1,상계동,740,11350,,,
상계주공3(고층),1987,15750,2006,10,25,59.2,10,상계동,730-2,11350,,,
상계주공3(고층),1987,15000,2006,10,25,58.01,6,상계동,730-2,11350,,,
상계주공4(고층),1988,12000,2006,10,25,49.94,15,상계동,749-5,11350,,,
상계주공4(고층),1988,15500,2006,10,25,59.39,5,상계동,749-5,11350,,,
상계주공5(저층),1987,11500,2006,10,25,31.98,5,상계동,721,11350,,,
상계주공6(고층),1988,13700,2006,10,25,49.94,11,상계동,720,11350,,,
상계주공6(고층),1988,14500,2006,10,25,59.2,13,상계동,720,11350,,,
상계주공6(고층),1988,17000,2006,10,25,58.01,12,상계동,720,11350,,,
상계주공6(고층),1988,9500,2006,10,25,41.3,3,상계동,720,11350,,,
상계주공7(고층),1988,10190,2006,10,25,45.9,14,상계동,691,11350,,,
상계주공7(고층),1988,10000,2006,10,25,45.55,13,상계동,691,11350,,,
상계주공7(고층),1988,13000,2006,10,25,49.94,14,상계동,691,11350,,,
상계주공8(저층),1988,20000,2006,10,25,38.52,1,상계동,677,11350,,,
상계주공8(저층),1988,19000,2006,10,25,38.52,2,상계동,677,11350,,,
상계주공8(저층),1988,16000,2006,10,25,38.52,3,상계동,677,11350,,,
상계주공9(고층),1988,11750,2006,10,25,49.94,14,상계동,670,11350,,,
상계주공9(고층),1988,25000,2006,10,25,79.07,4,상계동,670,11350,,,
상아,1989,20000,2006,10,25,72.73,15,중계동,505,11350,,,
성원1,1996,32000,2006,10,25,84.42,13,중계동,580,11350,,,
세양청마루,2005,26000,2006,10,25,84.957,10,월계동,943,11350,,,
세양청마루,2005,20217,2006,10,25,84.957,2,월계동,943,11350,,,
수락산벨리체,2000,66200,2006,10,25,134.94,7,상계동,1265,11350,,,
수락산벨리체,2000,46000,2006,10,25,114.92,9,상계동,1265,11350,,,
수락현대,1995,22600,2006,10,25,84.74,6,상계동,1272,11350,,,
신안,1999,20800,2006,10,25,59.97,18,중계동,590,11350,,,
신원아파트,2000,12700,2006,10,25,59.59,8,공릉동,370-4,11350,,,
염광,1996,40900,2006,10,25,132.21,18,중계동,445,11350,,,
우림루미아트201동,2004,28000,2006,10,25,84.569,7,상계동,1307,11350,,,
우방아파트,2000,30000,2006,10,25,84.881,5,공릉동,108,11350,,,
우방아파트,2000,31000,2006,10,25,84.881,15,공릉동,108,11350,,,
유원,1998,17400,2006,10,25,84.93,17,월계동,880,11350,,,
은빛1단지,1998,14600,2006,10,25,59.95,14,상계동,1255,11350,,,
장미(시영6),1989,11500,2006,10,25,54.29,14,하계동,273,11350,,,
장미(시영6),1989,11300,2006,10,25,54.29,8,하계동,273,11350,,,
주공2,1992,7000,2006,10,25,44.52,8,월계동,556,11350,,,
주공2,1992,13400,2006,10,25,59.97,6,월계동,556,11350,,,
주공5,1992,34900,2006,10,25,84.79,15,중계동,359-1,11350,,,
주공5,1992,18300,2006,10,25,58.46,14,중계동,359-1,11350,,,
주공5,1992,21000,2006,10,25,58.46,5,중계동,359-1,11350,,,
주공5,1992,36000,2006,10,25,84.79,11,중계동,359-1,11350,,,
주공5,1992,25000,2006,10,25,76.51,2,중계동,359-1,11350,,,
주공8,1993,14000,2006,10,25,49.72,14,중계동,362-1,11350,,,
중계그린1단지,1990,10200,2006,10,25,44.1,8,중계동,502-1,11350,,,
중계그린1단지,1990,10300,2006,10,25,49.85,15,중계동,502-1,11350,,,
중계그린1단지,1990,8000,2006,10,25,39.91,10,중계동,502-1,11350,,,
중계그린1단지,1990,11000,2006,10,25,49.85,12,중계동,502-1,11350,,,
청구,1988,23900,2006,10,25,70.69,15,하계동,284,11350,,,
청구3,1996,46500,2006,10,25,84.77,5,중계동,360-2,11350,,,
청솔(시영7),1989,13300,2006,10,25,59.87,14,하계동,274,11350,,,
청솔(시영7),1989,11500,2006,10,25,49.85,7,하계동,274,11350,,,
청솔아파트8,2000,27500,2006,10,25,84.83,11,공릉동,91,11350,,,
청수대아파트,2005,21700,2006,10,25,98.51,3,공릉동,270-47,11350,,,
청암2단지,2001,10000,2006,10,25,49.77,1,상계동,1276,11350,,,
청암2단지,2001,12500,2006,10,25,49.77,13,상계동,1276,11350,,,
태강아파트(아이파크),1999,16000,2006,10,25,59.38,9,공릉동,81,11350,,,
태강아파트(아이파크),1999,12100,2006,10,25,49.6,10,공릉동,81,11350,,,
풍림아파트A,2001,19500,2006,10,25,59.94,6,공릉동,725,11350,,,
풍림아파트A,2001,47000,2006,10,25,114.78,7,공릉동,725,11350,,,
풍림아파트A,2001,21000,2006,10,25,59.94,13,공릉동,725,11350,,,
하계1청구,1997,44000,2006,10,25,84.6,6,하계동,251,11350,,,
학여울청구,1999,33600,2006,10,25,84.77,14,하계동,354,11350,,,
학여울청구,1999,23000,2006,10,25,84.77,1,하계동,354,11350,,,
학여울청구,1999,21700,2006,10,25,84.77,1,하계동,354,11350,,,
학여울청구,1999,14500,2006,10,25,59.4,4,하계동,354,11350,,,
학여울청구,1999,25800,2006,10,25,84.77,15,하계동,354,11350,,,
한양,1988,28000,2006,10,25,86.62,3,상계동,757,11350,,,
한진한화그랑빌,2002,30000,2006,10,25,84.97,19,월계동,18,11350,,,
한진한화그랑빌,2002,40000,2006,10,25,139.08,27,월계동,18,11350,,,
한진한화그랑빌,2002,22200,2006,10,25,59.94,15,월계동,18,11350,,,
한진한화그랑빌,2002,29000,2006,10,25,84.97,11,월계동,18,11350,,,
한진한화그랑빌,2002,29800,2006,10,25,84.97,7,월계동,18,11350,,,
한화꿈에그린,2005,37000,2006,10,25,84.902,8,중계동,598,11350,,,
현대,2000,40000,2006,10,25,114.99,21,월계동,929,11350,,,
현대,2000,17450,2006,10,25,59.95,20,월계동,929,11350,,,
현대,2000,30000,2006,10,25,84.98,8,월계동,929,11350,,,
현대(3차),1992,26500,2006,10,25,84.35,2,중계동,576,11350,,,
건영,1988,23000,2006,10,26,74.58,13,하계동,271-3,11350,,,
건영2,1991,27350,2006,10,26,84.96,9,중계동,515-2,11350,,,
건영3,1995,46000,2006,10,26,84.9,8,중계동,360-15,11350,,,
건영3,1995,46000,2006,10,26,84.9,8,중계동,360-15,11350,,,
경남,1989,40000,2006,10,26,114.57,10,중계동,505,11350,,,
공릉우성아파트,1995,13800,2006,10,26,59.26,8,공릉동,738,11350,,,
노원우성,1992,23800,2006,10,26,83.9,10,상계동,1251,11350,,,
동도센트리움(601),2005,32300,2006,10,26,84.983,4,중계동,601,11350,,,
동아불암,1999,15850,2006,10,26,59.4,9,상계동,1285,11350,,,
동아불암,1999,26000,2006,10,26,84.9,4,상계동,1285,11350,,,
동양엔파트,2003,37700,2006,10,26,84.88,9,상계동,1305,11350,,,
두산,1994,11300,2006,10,26,51.66,14,상계동,1110,11350,,,
두산힐스빌아파트,2000,14700,2006,10,26,60,20,공릉동,747,11350,,,
라이프,1993,55000,2006,10,26,115.65,1,중계동,366,11350,,,
롯데(505),1989,41500,2006,10,26,129.91,1,중계동,505,11350,,,
미성,1986,14000,2006,10,26,50.14,12,월계동,13,11350,,,
미성,1986,10000,2006,10,26,33.28,3,월계동,13,11350,,,
벽산,1989,8100,2006,10,26,43.35,11,상계동,173-1,11350,,,
벽산,1989,7250,2006,10,26,38.71,3,상계동,173-1,11350,,,
벽산,1988,20500,2006,10,26,70.56,4,하계동,271-3,11350,,,
보람아파트,1988,11340,2006,10,26,54.59,1,상계동,639,11350,,,
보람아파트,1988,18800,2006,10,26,68.99,14,상계동,639,11350,,,
보람아파트,1988,8700,2006,10,26,44.33,3,상계동,639,11350,,,
보람아파트,1988,9020,2006,10,26,44.33,7,상계동,639,11350,,,
보람아파트,1988,12800,2006,10,26,54.59,7,상계동,639,11350,,,
사슴3,1995,8200,2006,10,26,39.6,6,월계동,320-11,11350,,,
사슴3,1995,7000,2006,10,26,39.6,14,월계동,320-11,11350,,,
삼익선경,1993,46000,2006,10,26,107.95,1,하계동,255-1,11350,,,
삼익선경,1993,50000,2006,10,26,107.95,3,하계동,255-1,11350,,,
삼호4,1987,16500,2006,10,26,59.49,2,월계동,12,11350,,,
삼호4,1987,12000,2006,10,26,50.18,4,월계동,12,11350,,,
삼호4,1987,12480,2006,10,26,50.18,4,월계동,12,11350,,,
삼호4,1987,11500,2006,10,26,50.18,13,월계동,12,11350,,,
삼호4,1987,11900,2006,10,26,50.18,8,월계동,12,11350,,,
삼호4,1987,11900,2006,10,26,50.18,5,월계동,12,11350,,,
삼호4,1987,12000,2006,10,26,50.18,10,월계동,12,11350,,,
삼호4,1987,16300,2006,10,26,59.49,2,월계동,12,11350,,,
상계1차현대아파트,1993,17000,2006,10,26,83.92,5,상계동,1055,11350,,,
상계1차현대아파트,1993,20000,2006,10,26,83.92,6,상계동,1055,11350,,,
상계1차현대아파트,1993,23000,2006,10,26,83.92,8,상계동,1055,11350,,,
상계주공1(저층),1988,19400,2006,10,26,71.89,2,상계동,765,11350,,,
상계주공10(고층),1988,20000,2006,10,26,68.86,6,상계동,666,11350,,,
상계주공10(고층),1988,9800,2006,10,26,45.77,13,상계동,666,11350,,,
상계주공10(저층),1988,14750,2006,10,26,54.54,3,상계동,666,11350,,,
상계주공11(고층),1988,15310,2006,10,26,58.01,3,상계동,652,11350,,,
상계주공11(고층),1988,10900,2006,10,26,49.94,12,상계동,652,11350,,,
상계주공13(고층),1989,10500,2006,10,26,49.94,4,상계동,637,11350,,,
상계주공13(고층),1989,11000,2006,10,26,49.94,11,상계동,637,11350,,,
상계주공14(고층),1989,7400,2006,10,26,45.9,1,상계동,626,11350,,,
상계주공16(고층),1988,8500,2006,10,26,45.77,12,상계동,624,11350,,,
상계주공3(고층),1987,15500,2006,10,26,60.5,4,상계동,730-2,11350,,,
상계주공4(고층),1988,30068,2006,10,26,84.2,5,상계동,749-5,11350,,,
상계주공4(고층),1988,8450,2006,10,26,37.46,7,상계동,749-5,11350,,,
상계주공4(고층),1988,11500,2006,10,26,49.94,14,상계동,749-5,11350,,,
상계주공4(고층),1988,15000,2006,10,26,58.01,3,상계동,749-5,11350,,,
상계주공5(저층),1987,12000,2006,10,26,31.98,3,상계동,721,11350,,,
상계주공7(고층),1988,10500,2006,10,26,45.9,8,상계동,691,11350,,,
상계주공7(고층),1988,15200,2006,10,26,58.01,9,상계동,691,11350,,,
상계주공7(고층),1988,10300,2006,10,26,45.9,13,상계동,691,11350,,,
상계주공8(저층),1988,25000,2006,10,26,47.25,2,상계동,677,11350,,,
상계주공8(저층),1988,13000,2006,10,26,31.95,4,상계동,677,11350,,,
상아,1989,11000,2006,10,26,51.29,2,중계동,505,11350,,,
성북맨션,1976,14000,2006,10,26,65.35,2,월계동,383-40,11350,,,
성원(사슴4),1995,11100,2006,10,26,49.92,14,월계동,322-1,11350,,,
수락한신,1997,14800,2006,10,26,59.95,10,상계동,1277,11350,,,
수락현대,1995,20500,2006,10,26,84.74,8,상계동,1272,11350,,,
시영2단지(라이프)아파트,1994,9300,2006,10,26,39.6,1,공릉동,707,11350,,,
신동아(366),1993,70000,2006,10,26,115.35,15,중계동,366,11350,,,
신안,1999,20000,2006,10,26,59.97,11,중계동,590,11350,,,
신안,1999,20000,2006,10,26,59.97,12,중계동,590,11350,,,
양우,2002,39250,2006,10,26,110.5345,7,상계동,1299,11350,,,
양지마을(대림)1,1998,19800,2006,10,26,59.88,10,중계동,587,11350,,,
양지마을(대림)2,1999,54800,2006,10,26,114.81,7,중계동,588,11350,,,
우방,1999,30000,2006,10,26,83.12,14,하계동,353,11350,,,
은빛2단지,1998,11450,2006,10,26,49.77,14,상계동,1256,11350,,,
은빛2단지,1998,12600,2006,10,26,49.77,7,상계동,1256,11350,,,
장미(시영6),1989,10000,2006,10,26,54.02,4,하계동,273,11350,,,
장미(시영6),1989,10800,2006,10,26,54.02,7,하계동,273,11350,,,
장미(시영6),1989,14400,2006,10,26,64.88,13,하계동,273,11350,,,
주공10,1995,21200,2006,10,26,58.14,10,중계동,360-16,11350,,,
주공10,1995,21700,2006,10,26,58.14,10,중계동,360-16,11350,,,
주공10,1995,18900,2006,10,26,58.14,4,중계동,360-16,11350,,,
주공2,1992,7900,2006,10,26,44.52,15,중계동,369,11350,,,
주공5,1992,8200,2006,10,26,38.64,8,중계동,359-1,11350,,,
주공5,1992,30200,2006,10,26,76.51,8,중계동,359-1,11350,,,
주공5,1992,18600,2006,10,26,58.46,13,중계동,359-1,11350,,,
주공5,1992,9450,2006,10,26,44.52,6,중계동,359-1,11350,,,
주공6,1993,8200,2006,10,26,44.1,15,중계동,364-12,11350,,,
주공7,1993,8500,2006,10,26,44.1,11,중계동,363-1,11350,,,
중계그린1단지,1990,11370,2006,10,26,49.85,3,중계동,502-1,11350,,,
중계그린1단지,1990,10550,2006,10,26,44.1,10,중계동,502-1,11350,,,
중계그린1단지,1990,10800,2006,10,26,49.5,8,중계동,502-1,11350,,,
중계그린1단지,1990,10390,2006,10,26,44.1,13,중계동,502-1,11350,,,
중계무지개,1991,11500,2006,10,26,49.54,3,중계동,512,11350,,,
중계무지개,1991,12200,2006,10,26,49.54,5,중계동,512,11350,,,
중앙하이츠,1998,25000,2006,10,26,84.85,11,중계동,161-1,11350,,,
중앙하이츠(5지역),1996,11900,2006,10,26,59.99,4,상계동,1068,11350,,,
청구,1988,28800,2006,10,26,84.97,1,하계동,284,11350,,,
청구(366),1993,75000,2006,10,26,115.47,12,중계동,366,11350,,,
코지한주,2006,31500,2006,10,26,105.15,2,상계동,1401-8,11350,,,
태강아파트(아이파크),1999,11700,2006,10,26,49.6,11,공릉동,81,11350,,,
태강아파트(아이파크),1999,16400,2006,10,26,59.34,8,공릉동,81,11350,,,
풍림아이원,2005,20900,2006,10,26,59.149,6,월계동,944,11350,,,
풍림아파트A,2001,21000,2006,10,26,59.94,6,공릉동,725,11350,,,
학여울청구,1999,25900,2006,10,26,84.77,2,하계동,354,11350,,,
학여울청구,1999,43200,2006,10,26,113.51,7,하계동,354,11350,,,
학여울청구,1999,13500,2006,10,26,59.4,2,하계동,354,11350,,,
한신1차,1987,10400,2006,10,26,53.96,4,상계동,135,11350,,,
한신1차,1987,11000,2006,10,26,53.96,13,상계동,135,11350,,,
한신3차,1990,20000,2006,10,26,84.59,13,상계동,458,11350,,,
한신동성,1993,57000,2006,10,26,112.24,7,하계동,256-5,11350,,,
한신동성,1993,58500,2006,10,26,138.29,3,하계동,256-5,11350,,,
한진한화그랑빌,2002,44000,2006,10,26,114.97,8,월계동,18,11350,,,
한진한화그랑빌,2002,39000,2006,10,26,114.97,1,월계동,18,11350,,,
한진한화그랑빌,2002,47500,2006,10,26,139.08,5,월계동,18,11350,,,
한진한화그랑빌,2002,25400,2006,10,26,84.97,1,월계동,18,11350,,,
한진한화그랑빌,2002,40000,2006,10,26,139.08,1,월계동,18,11350,,,
한화꿈에그린,2005,35000,2006,10,26,84.902,10,중계동,598,11350,,,
현대,1988,28000,2006,10,26,84.95,3,하계동,270,11350,,,
현대,1988,25000,2006,10,26,71.68,7,하계동,270,11350,,,
현대,2000,28000,2006,10,26,84.98,9,월계동,929,11350,,,
현대2차,1993,19900,2006,10,26,82.68,5,상계동,1078,11350,,,
현대그린,1998,26000,2006,10,26,84.99,2,중계동,49,11350,,,
현대아파트,1984,26000,2006,10,26,62.27,1,공릉동,230,11350,,,
희락,1997,17500,2006,10,26,84.9,7,상계동,1280,11350,,,
LIG건영,1998,21750,2006,10,27,84.44,9,중계동,586,11350,,,
건영,1988,18900,2006,10,27,65.43,15,하계동,271-3,11350,,,
건영3,1995,39500,2006,10,27,84.9,13,중계동,360-15,11350,,,
노원우성,1992,23500,2006,10,27,84.88,10,상계동,1251,11350,,,
대동황토방,2001,17500,2006,10,27,60,18,상계동,1284,11350,,,
대망드림힐1,2003,20200,2006,10,27,67.239,5,상계동,1304,11350,,,
동아불암,1999,27000,2006,10,27,84.9,18,상계동,1285,11350,,,
동일씨티빌,2006,14000,2006,10,27,62.04,5,상계동,1065-6,11350,,,
동진신안,1993,63400,2006,10,27,101.99,8,중계동,364,11350,,,
라이프,1993,54200,2006,10,27,115.65,1,중계동,366,11350,,,
롯데(505),1989,21000,2006,10,27,72.49,15,중계동,505,11350,,,
롯데(505),1989,49500,2006,10,27,129.91,14,중계동,505,11350,,,
롯데(505),1989,28000,2006,10,27,84.97,14,중계동,505,11350,,,
미성,1989,45500,2006,10,27,118.52,2,하계동,280,11350,,,
미성,1986,9700,2006,10,27,33.28,5,월계동,13,11350,,,
미성,1986,9900,2006,10,27,33.28,4,월계동,13,11350,,,
벽산,1988,12700,2006,10,27,57.71,6,하계동,271-3,11350,,,
벽산,1989,18000,2006,10,27,75.03,11,상계동,173-1,11350,,,
벽산,1989,8300,2006,10,27,46.8,5,상계동,173-1,11350,,,
보람아파트,1988,19800,2006,10,27,68.99,7,상계동,639,11350,,,
보람아파트,1988,13300,2006,10,27,54.59,5,상계동,639,11350,,,
보람아파트,1988,13600,2006,10,27,54.59,8,상계동,639,11350,,,
보람아파트,1988,25500,2006,10,27,79.25,14,상계동,639,11350,,,
보람아파트,1988,27400,2006,10,27,79.25,6,상계동,639,11350,,,
보람아파트,1988,20000,2006,10,27,68.99,11,상계동,639,11350,,,
보람아파트,1988,22000,2006,10,27,68.99,12,상계동,639,11350,,,
불암현대,1999,40000,2006,10,27,114.24,9,상계동,1293,11350,,,
삼성,1999,34000,2006,10,27,84.75,5,중계동,593,11350,,,
삼성,1999,50000,2006,10,27,114.49,13,중계동,593,11350,,,
삼익4단지아파트,1994,9500,2006,10,27,39.6,8,공릉동,714,11350,,,
삼호3,1986,19000,2006,10,27,59.22,10,월계동,13,11350,,,
삼호4,1987,12000,2006,10,27,50.18,13,월계동,12,11350,,,
삼호4,1987,11500,2006,10,27,50.18,14,월계동,12,11350,,,
상계1차중앙하이츠,1997,21800,2006,10,27,84.6,1,상계동,1279,11350,,,
상계주공10(고층),1988,10400,2006,10,27,49.94,3,상계동,666,11350,,,
상계주공11(고층),1988,11000,2006,10,27,49.94,7,상계동,652,11350,,,
상계주공12(고층),1988,9850,2006,10,27,49.94,1,상계동,647,11350,,,
상계주공12(고층),1988,15800,2006,10,27,61.52,14,상계동,647,11350,,,
상계주공13(고층),1989,7900,2006,10,27,41.3,7,상계동,637,11350,,,
상계주공13(고층),1989,7800,2006,10,27,45.9,4,상계동,637,11350,,,
상계주공14(고층),1989,8600,2006,10,27,45.9,10,상계동,626,11350,,,
상계주공16(고층),1988,12000,2006,10,27,58.01,12,상계동,624,11350,,,
상계주공16(고층),1988,8600,2006,10,27,45.77,3,상계동,624,11350,,,
상계주공2(고층),1987,16500,2006,10,27,68.86,15,상계동,740,11350,,,
상계주공2(고층),1987,9500,2006,10,27,41.3,14,상계동,740,11350,,,
상계주공3(고층),1987,15500,2006,10,27,58.01,4,상계동,730-2,11350,,,
상계주공3(고층),1987,27070,2006,10,27,73.94,11,상계동,730-2,11350,,,
상계주공3(고층),1987,14300,2006,10,27,58.01,2,상계동,730-2,11350,,,
상계주공4(고층),1988,9750,2006,10,27,41.3,8,상계동,749-5,11350,,,
상계주공4(고층),1988,9900,2006,10,27,41.3,12,상계동,749-5,11350,,,
상계주공5(저층),1987,13000,2006,10,27,31.98,2,상계동,721,11350,,,
상계주공5(저층),1987,12500,2006,10,27,31.98,2,상계동,721,11350,,,
상계주공6(고층),1988,16200,2006,10,27,58.01,5,상계동,720,11350,,,
상계주공6(고층),1988,14100,2006,10,27,59.28,1,상계동,720,11350,,,
상계주공6(고층),1988,16000,2006,10,27,58.01,11,상계동,720,11350,,,
상계주공6(고층),1988,16350,2006,10,27,59.39,8,상계동,720,11350,,,
상계주공7(고층),1988,8600,2006,10,27,45.9,12,상계동,691,11350,,,
상계주공7(고층),1988,13000,2006,10,27,49.94,4,상계동,691,11350,,,
상계주공7(고층),1988,13800,2006,10,27,49.94,7,상계동,691,11350,,,
상계주공7(고층),1988,9900,2006,10,27,45.77,12,상계동,691,11350,,,
상계주공8(저층),1988,19500,2006,10,27,38.52,3,상계동,677,11350,,,
상계주공9(고층),1988,7700,2006,10,27,45.9,2,상계동,670,11350,,,
상계주공9(고층),1988,10800,2006,10,27,49.94,2,상계동,670,11350,,,
상계현대3차,1999,21000,2006,10,27,84.96,15,상계동,1063,11350,,,
상계현대3차,1999,24500,2006,10,27,84.96,12,상계동,1063,11350,,,
성원(사슴4),1995,13850,2006,10,27,59.94,6,월계동,322-1,11350,,,
수락현대,1995,22500,2006,10,27,84.74,4,상계동,1272,11350,,,
신도1차아파트,2002,24000,2006,10,27,72.8129,7,공릉동,748,11350,,,
신안,1999,22000,2006,10,27,59.97,20,중계동,590,11350,,,
양지마을(대림)2,1999,55000,2006,10,27,114.81,18,중계동,588,11350,,,
염광,1996,28000,2006,10,27,84.5,4,중계동,445,11350,,,
월계흥화브라운빌,2004,22800,2006,10,27,84.91,12,월계동,939,11350,,,
은빛2단지,1998,12000,2006,10,27,49.77,3,상계동,1256,11350,,,
장미(시영6),1989,13100,2006,10,27,64.62,13,하계동,273,11350,,,
장미(시영6),1989,10400,2006,10,27,54.29,15,하계동,273,11350,,,
장미(시영6),1989,8000,2006,10,27,43.41,2,하계동,273,11350,,,
주공5,1992,31500,2006,10,27,76.51,6,중계동,359-1,11350,,,
주공6,1993,8700,2006,10,27,44.1,11,중계동,364-12,11350,,,
주공6,1993,8700,2006,10,27,44.1,5,중계동,364-12,11350,,,
중계3벽산,1999,34000,2006,10,27,85,8,중계동,592,11350,,,
중계그린1단지,1990,12000,2006,10,27,49.5,5,중계동,502-1,11350,,,
중계그린1단지,1990,9000,2006,10,27,39.78,12,중계동,502-1,11350,,,
중계무지개,1991,11280,2006,10,27,49.54,5,중계동,512,11350,,,
중계무지개,1991,8800,2006,10,27,39.82,7,중계동,512,11350,,,
진로유통조합대림,1992,25500,2006,10,27,84.99,12,중계동,78,11350,,,
진로유통조합대림,1992,26000,2006,10,27,84.94,5,중계동,78,11350,,,
청구,1988,32000,2006,10,27,84.97,2,하계동,284,11350,,,
청구,1988,35000,2006,10,27,84.97,5,하계동,284,11350,,,
청구(366),1993,72000,2006,10,27,115.47,14,중계동,366,11350,,,
청구3,1996,32000,2006,10,27,84.99,6,하계동,251-12,11350,,,
청구3,1996,43700,2006,10,27,84.77,3,중계동,360-2,11350,,,
청솔아파트8,2000,28000,2006,10,27,84.65,15,공릉동,91,11350,,,
청솔아파트8,2000,26000,2006,10,27,84.65,4,공릉동,91,11350,,,
청솔아파트9,2000,30000,2006,10,27,84.99,8,공릉동,90,11350,,,
청암1단지,2001,33300,2006,10,27,84.8,15,상계동,1275,11350,,,
청우씨티아파트,2004,17900,2006,10,27,82.29,6,공릉동,569-20,11350,,,
태강아파트(아이파크),1999,17000,2006,10,27,59.34,4,공릉동,81,11350,,,
태강아파트(아이파크),1999,11900,2006,10,27,49.6,4,공릉동,81,11350,,,
풍림아파트A,2001,35000,2006,10,27,84.99,19,공릉동,725,11350,,,
하계1청구,1997,41000,2006,10,27,84.6,10,하계동,251,11350,,,
하계2현대,1997,31700,2006,10,27,75.35,13,하계동,288,11350,,,
하계2현대,1997,37000,2006,10,27,84.896,4,하계동,288,11350,,,
학여울청구,1999,13000,2006,10,27,59.4,1,하계동,354,11350,,,
한신1차,1987,19000,2006,10,27,84.92,8,상계동,135,11350,,,
한신2차,1988,13400,2006,10,27,58.46,2,상계동,451,11350,,,
한신3차,1990,13650,2006,10,27,60.44,2,상계동,458,11350,,,
한진한화그랑빌,2002,32000,2006,10,27,84.97,8,월계동,18,11350,,,
한진한화그랑빌,2002,29800,2006,10,27,84.97,15,월계동,18,11350,,,
현대,2000,18500,2006,10,27,59.95,8,월계동,929,11350,,,
현대,2000,41000,2006,10,27,114.99,10,월계동,929,11350,,,
현대,2000,30000,2006,10,27,84.98,8,월계동,929,11350,,,
현대,1988,37500,2006,10,27,84.95,6,하계동,270,11350,,,
현대,2000,17000,2006,10,27,59.95,18,월계동,929,11350,,,
현대(3차),1992,27900,2006,10,27,84.35,10,중계동,576,11350,,,
현대그린,1998,25750,2006,10,27,84.99,7,중계동,49,11350,,,
현대아파트,1984,26000,2006,10,27,62.27,4,공릉동,230,11350,,,
화랑타운아파트,2000,36500,2006,10,27,84.65,10,공릉동,111,11350,,,
건영2,1991,22900,2006,10,28,75.02,5,중계동,515-2,11350,,,
건영2,1991,21850,2006,10,28,75.02,13,중계동,515-2,11350,,,
건영3,1995,45500,2006,10,28,84.9,6,중계동,360-15,11350,,,
공릉동한보에센시티아파트,2000,21500,2006,10,28,84.93,4,공릉동,743,11350,,,
공릉우성아파트,1995,12800,2006,10,28,59.26,4,공릉동,738,11350,,,
공릉우성아파트,1995,21000,2006,10,28,84.97,3,공릉동,738,11350,,,
공릉해링턴플레이스,2000,47900,2006,10,28,99.917,9,공릉동,106,11350,,,
대동아파트2,1999,28000,2006,10,28,114.95,2,공릉동,380-1,11350,,,
대동아파트2,1999,23500,2006,10,28,84.81,12,공릉동,380-1,11350,,,
대동황토방,2001,27000,2006,10,28,84.97,14,상계동,1284,11350,,,
대동황토방,2001,19000,2006,10,28,60,20,상계동,1284,11350,,,
대동황토방,2001,28000,2006,10,28,84.97,22,상계동,1284,11350,,,
대아아파트1차,1997,17000,2006,10,28,84.86,7,공릉동,740,11350,,,
대우,1998,36500,2006,10,28,99.98,17,월계동,775,11350,,,
대우,1998,32000,2006,10,28,99.98,11,월계동,775,11350,,,
동부아파트,1996,21800,2006,10,28,84.79,10,공릉동,705,11350,,,
동신,1983,30000,2006,10,28,106.09,7,월계동,436,11350,,,
동신아파트,1999,37000,2006,10,28,114.98,12,공릉동,745,11350,,,
동아불암,1999,40000,2006,10,28,114.24,22,상계동,1285,11350,,,
미륭,1986,14550,2006,10,28,51.48,6,월계동,13,11350,,,
미성,1986,9000,2006,10,28,33.28,5,월계동,13,11350,,,
벽산,1989,17300,2006,10,28,75.03,1,상계동,173-1,11350,,,
벽산,1988,13500,2006,10,28,57.71,10,하계동,271-3,11350,,,
불암현대,1999,16100,2006,10,28,59.4,19,상계동,1293,11350,,,
비선아파트,1999,17300,2006,10,28,59.97,9,공릉동,109,11350,,,
사슴3,1995,8480,2006,10,28,39.6,5,월계동,320-11,11350,,,
삼호3,1986,19000,2006,10,28,59.22,13,월계동,13,11350,,,
삼호4,1987,13300,2006,10,28,50.18,8,월계동,12,11350,,,
상계1차중앙하이츠,1997,16500,2006,10,28,59.82,13,상계동,1279,11350,,,
상계대림,1989,23300,2006,10,28,84.91,8,상계동,172,11350,,,
상계불암대림,2000,16250,2006,10,28,59.22,22,상계동,1289,11350,,,
상계불암대림,2000,42000,2006,10,28,114.81,4,상계동,1289,11350,,,
상계신동아,1995,13000,2006,10,28,59.4,9,상계동,463,11350,,,
상계우방유쉘,2000,26000,2006,10,28,84.94,17,상계동,1295,11350,,,
상계주공1(고층),1988,8500,2006,10,28,41.3,7,상계동,765,11350,,,
상계주공1(고층),1988,11200,2006,10,28,49.94,12,상계동,765,11350,,,
상계주공10(고층),1988,14850,2006,10,28,59.39,14,상계동,666,11350,,,
상계주공10(고층),1988,13000,2006,10,28,59.2,3,상계동,666,11350,,,
상계주공10(고층),1988,15350,2006,10,28,61.52,5,상계동,666,11350,,,
상계주공11(고층),1988,22000,2006,10,28,68.86,11,상계동,652,11350,,,
상계주공11(고층),1988,27000,2006,10,28,79.07,8,상계동,652,11350,,,
상계주공11(고층),1988,21500,2006,10,28,68.86,3,상계동,652,11350,,,
상계주공12(고층),1988,11000,2006,10,28,49.94,12,상계동,647,11350,,,
상계주공12(고층),1988,12100,2006,10,28,49.94,9,상계동,647,11350,,,
상계주공13(고층),1989,10000,2006,10,28,49.94,2,상계동,637,11350,,,
상계주공13(고층),1989,8200,2006,10,28,45.9,8,상계동,637,11350,,,
상계주공13(고층),1989,9750,2006,10,28,49.94,1,상계동,637,11350,,,
상계주공14(고층),1989,29900,2006,10,28,90.94,5,상계동,626,11350,,,
상계주공14(고층),1989,8600,2006,10,28,45.9,7,상계동,626,11350,,,
상계주공14(고층),1989,8950,2006,10,28,45.55,10,상계동,626,11350,,,
상계주공14(고층),1989,29900,2006,10,28,90.94,14,상계동,626,11350,,,
상계주공16(고층),1988,13850,2006,10,28,58.01,6,상계동,624,11350,,,
상계주공16(고층),1988,12400,2006,10,28,59.39,9,상계동,624,11350,,,
상계주공2(고층),1987,8650,2006,10,28,37.46,5,상계동,740,11350,,,
상계주공2(고층),1987,13450,2006,10,28,60.5,8,상계동,740,11350,,,
상계주공2(고층),1987,15760,2006,10,28,58.01,11,상계동,740,11350,,,
상계주공2(고층),1987,13200,2006,10,28,59.2,5,상계동,740,11350,,,
상계주공2(고층),1987,13500,2006,10,28,59.39,11,상계동,740,11350,,,
상계주공3(고층),1987,15780,2006,10,28,59.28,4,상계동,730-2,11350,,,
상계주공3(고층),1987,14200,2006,10,28,59.39,15,상계동,730-2,11350,,,
상계주공3(고층),1987,15450,2006,10,28,58.01,15,상계동,730-2,11350,,,
상계주공3(저층),1987,17300,2006,10,28,62.17,1,상계동,737,11350,,,
상계주공4(고층),1988,9500,2006,10,28,41.3,10,상계동,749-5,11350,,,
상계주공4(고층),1988,30900,2006,10,28,83.7,6,상계동,749-5,11350,,,
상계주공4(고층),1988,9500,2006,10,28,41.3,9,상계동,749-5,11350,,,
상계주공4(고층),1988,7400,2006,10,28,32.39,3,상계동,749-5,11350,,,
상계주공4(고층),1988,9500,2006,10,28,41.3,10,상계동,749-5,11350,,,
상계주공5(저층),1987,13000,2006,10,28,31.98,4,상계동,721,11350,,,
상계주공5(저층),1987,12500,2006,10,28,31.98,3,상계동,721,11350,,,
상계주공6(고층),1988,11800,2006,10,28,49.94,1,상계동,720,11350,,,
상계주공6(고층),1988,10000,2006,10,28,41.3,4,상계동,720,11350,,,
상계주공6(고층),1988,8400,2006,10,28,41.3,1,상계동,720,11350,,,
상계주공7(고층),1988,10500,2006,10,28,45.9,5,상계동,691,11350,,,
상계주공7(고층),1988,14400,2006,10,28,49.94,2,상계동,691,11350,,,
상계주공7(고층),1988,10000,2006,10,28,45.9,14,상계동,691,11350,,,
상계주공7(고층),1988,9000,2006,10,28,41.3,4,상계동,691,11350,,,
상계주공7(고층),1988,8750,2006,10,28,41.3,11,상계동,691,11350,,,
상계주공7(고층),1988,12200,2006,10,28,49.94,2,상계동,691,11350,,,
상계주공7(고층),1988,11850,2006,10,28,49.94,2,상계동,691,11350,,,
상계주공7(고층),1988,9650,2006,10,28,45.9,15,상계동,691,11350,,,
상계주공7(고층),1988,8500,2006,10,28,41.3,15,상계동,691,11350,,,
상계주공8(저층),1988,15000,2006,10,28,31.95,2,상계동,677,11350,,,
상계주공9(고층),1988,10800,2006,10,28,49.94,1,상계동,670,11350,,,
상계주공9(고층),1988,21800,2006,10,28,66.56,13,상계동,670,11350,,,
상계주공9(고층),1988,10850,2006,10,28,49.94,15,상계동,670,11350,,,
상계주공9(고층),1988,13000,2006,10,28,49.94,7,상계동,670,11350,,,
상계주공9(고층),1988,11660,2006,10,28,49.94,9,상계동,670,11350,,,
상계주공9(고층),1988,29600,2006,10,28,79.07,11,상계동,670,11350,,,
상계현대3차,1999,23500,2006,10,28,84.96,3,상계동,1063,11350,,,
성원1,1996,19900,2006,10,28,59.75,18,중계동,580,11350,,,
성원1,1996,23000,2006,10,28,59.75,15,중계동,580,11350,,,
신성미소지움아파트,2004,30000,2006,10,28,84.996,11,공릉동,756,11350,,,
신안,1999,38500,2006,10,28,84.93,16,중계동,590,11350,,,
신이모닝빌,2002,20500,2006,10,28,84.9698,5,상계동,1298,11350,,,
양지마을(대림)1,1998,58000,2006,10,28,114.96,21,중계동,587,11350,,,
양지마을(대림)2,1999,17150,2006,10,28,59.4,6,중계동,588,11350,,,
우방아파트,2000,26800,2006,10,28,84.881,2,공릉동,108,11350,,,
우성,1988,27200,2006,10,28,84.91,1,하계동,270,11350,,,
은빛1단지,1998,15500,2006,10,28,59.95,11,상계동,1255,11350,,,
은빛2단지,1998,15700,2006,10,28,59.95,6,상계동,1256,11350,,,
은빛2단지,1998,10450,2006,10,28,49.77,1,상계동,1256,11350,,,
장미(시영6),1989,11800,2006,10,28,54.29,5,하계동,273,11350,,,
주공2,1992,6480,2006,10,28,38.64,8,월계동,556,11350,,,
주공2,1992,6480,2006,10,28,38.64,8,월계동,556,11350,,,
주공2,1992,6400,2006,10,28,38.64,7,월계동,556,11350,,,
주공2,1992,6480,2006,10,28,38.64,8,월계동,556,11350,,,
중계3벽산,1999,17800,2006,10,28,59.88,10,중계동,592,11350,,,
중계그린1단지,1990,14900,2006,10,28,59.46,7,중계동,502-1,11350,,,
중계그린1단지,1990,11050,2006,10,28,49.85,3,중계동,502-1,11350,,,
중계그린1단지,1990,10800,2006,10,28,49.5,4,중계동,502-1,11350,,,
중계그린1단지,1990,10400,2006,10,28,44.1,8,중계동,502-1,11350,,,
중계무지개,1991,14000,2006,10,28,59.26,1,중계동,512,11350,,,
진주브라운,2004,13500,2006,10,28,78.93,5,공릉동,585-7,11350,,,
청구,1988,37500,2006,10,28,84.97,12,하계동,284,11350,,,
청구,1988,37500,2006,10,28,84.97,12,하계동,284,11350,,,
청구,1988,30000,2006,10,28,84.97,1,하계동,284,11350,,,
청백3,1998,7600,2006,10,28,39.84,13,월계동,780,11350,,,
청백3,1998,12700,2006,10,28,59.4,15,월계동,780,11350,,,
청백4,1998,12900,2006,10,28,59.4,13,월계동,781,11350,,,
청백4,1998,10000,2006,10,28,49.77,11,월계동,781,11350,,,
청솔아파트8,2000,29000,2006,10,28,84.65,6,공릉동,91,11350,,,
청솔아파트8,2000,28000,2006,10,28,84.65,8,공릉동,91,11350,,,
청솔아파트9,2000,27800,2006,10,28,84.85,12,공릉동,90,11350,,,
초안산쌍용스윗닷홈,2006,26200,2006,10,28,84.69,13,월계동,945,11350,,,
태강아파트(아이파크),1999,11200,2006,10,28,49.6,15,공릉동,81,11350,,,
태강아파트(아이파크),1999,12400,2006,10,28,49.6,6,공릉동,81,11350,,,
태강아파트(아이파크),1999,11450,2006,10,28,49.6,12,공릉동,81,11350,,,
태강아파트(아이파크),1999,16800,2006,10,28,59.34,7,공릉동,81,11350,,,
풍림아파트A,2001,31400,2006,10,28,84.99,19,공릉동,725,11350,,,
하계2현대,1997,33000,2006,10,28,75.35,9,하계동,288,11350,,,
학여울청구,1999,27000,2006,10,28,84.77,12,하계동,354,11350,,,
학여울청구,1999,26800,2006,10,28,84.77,4,하계동,354,11350,,,
학여울청구,1999,26000,2006,10,28,84.77,11,하계동,354,11350,,,
학여울청구,1999,42000,2006,10,28,113.51,15,하계동,354,11350,,,
학여울청구,1999,44000,2006,10,28,113.51,18,하계동,354,11350,,,
한신동성,1993,63500,2006,10,28,138.29,5,하계동,256-5,11350,,,
한일1,1999,20000,2006,10,28,84.942,10,월계동,926,11350,,,
한일1,1999,21500,2006,10,28,84.942,15,월계동,926,11350,,,
한진한화그랑빌,2002,30900,2006,10,28,84.97,12,월계동,18,11350,,,
한진한화그랑빌,2002,20000,2006,10,28,59.94,11,월계동,18,11350,,,
한진한화그랑빌,2002,51000,2006,10,28,139.08,18,월계동,18,11350,,,
한진한화그랑빌,2002,43700,2006,10,28,114.97,5,월계동,18,11350,,,
한진한화그랑빌,2002,20000,2006,10,28,59.94,20,월계동,18,11350,,,
현대,2000,41000,2006,10,28,114.99,18,월계동,929,11350,,,
현대(6차),2018,47000,2006,10,28,122.69,19,중계동,34-5,11350,,,
현대2차,1993,19800,2006,10,28,82.68,9,상계동,1078,11350,,,
현대아파트,1984,28000,2006,10,28,62.27,2,공릉동,230,11350,,,
희락,1997,16200,2006,10,28,84.9,5,상계동,1280,11350,,,
건영3,1995,49500,2006,10,29,84.9,11,중계동,360-15,11350,,,
두산,1994,17000,2006,10,29,66.6,14,상계동,1110,11350,,,
두산힐스빌아파트,2000,38000,2006,10,29,100.23,13,공릉동,747,11350,,,
두산힐스빌아파트,2000,35700,2006,10,29,100.23,4,공릉동,747,11350,,,
삼성,1999,30000,2006,10,29,84.75,2,중계동,593,11350,,,
삼호3,1986,19000,2006,10,29,59.22,4,월계동,13,11350,,,
상계1차현대아파트,1993,20000,2006,10,29,83.92,6,상계동,1055,11350,,,
상계1차현대아파트,1993,20000,2006,10,29,83.92,9,상계동,1055,11350,,,
상계2차중앙하이츠,1998,48750,2006,10,29,134.97,6,상계동,1282,11350,,,
상계대림e편한세상,2002,24200,2006,10,29,83.87,5,상계동,1301,11350,,,
상계우방유쉘,2000,25500,2006,10,29,84.97,19,상계동,1295,11350,,,
상계주공1(고층),1988,17900,2006,10,29,68.86,1,상계동,765,11350,,,
상계주공1(고층),1988,12700,2006,10,29,60.5,3,상계동,765,11350,,,
상계주공11(고층),1988,20000,2006,10,29,68.86,1,상계동,652,11350,,,
상계주공11(고층),1988,11000,2006,10,29,49.94,11,상계동,652,11350,,,
상계주공3(고층),1987,14300,2006,10,29,60.5,3,상계동,730-2,11350,,,
상계주공6(고층),1988,8700,2006,10,29,37.46,7,상계동,720,11350,,,
상계주공7(고층),1988,9000,2006,10,29,41.3,9,상계동,691,11350,,,
상계주공8(저층),1988,13800,2006,10,29,31.95,1,상계동,677,11350,,,
성원(사슴4),1995,10800,2006,10,29,49.92,4,월계동,322-1,11350,,,
수락산벨리체,2000,50000,2006,10,29,114.92,4,상계동,1265,11350,,,
은빛2단지,1998,11450,2006,10,29,49.77,15,상계동,1256,11350,,,
은빛2단지,1998,11000,2006,10,29,49.77,1,상계동,1256,11350,,,
청백3,1998,9700,2006,10,29,49.77,2,월계동,780,11350,,,
현대1(4차),1993,25900,2006,10,29,84.99,3,중계동,577,11350,,,
건양노블레스빌,2003,23000,2006,10,30,84.659,10,월계동,938,11350,,,
건영2,1991,22000,2006,10,30,75.02,5,중계동,515-2,11350,,,
건영3,1995,47000,2006,10,30,84.9,4,중계동,360-15,11350,,,
건영3,1995,51300,2006,10,30,84.9,13,중계동,360-15,11350,,,
건영3,1995,50000,2006,10,30,84.9,10,중계동,360-15,11350,,,
건영3,1995,44500,2006,10,30,84.9,3,중계동,360-15,11350,,,
건영3,1995,42000,2006,10,30,84.9,12,중계동,360-15,11350,,,
경남아너스빌,2002,31000,2006,10,30,92.522,15,중계동,597,11350,,,
공릉동한보에센시티아파트,2000,24000,2006,10,30,84.93,7,공릉동,743,11350,,,
공릉해링턴플레이스,2000,41000,2006,10,30,99.917,1,공릉동,106,11350,,,
극동,1996,13800,2006,10,30,80.28,14,월계동,803-1,11350,,,
극동,1996,14300,2006,10,30,80.28,8,월계동,803-1,11350,,,
대동아파트2,1999,33000,2006,10,30,114.95,16,공릉동,380-1,11350,,,
대동황토방,2001,28000,2006,10,30,84.97,20,상계동,1284,11350,,,
대동황토방,2001,26500,2006,10,30,84.97,4,상계동,1284,11350,,,
대림,1988,40000,2006,10,30,93.75,3,상계동,695,11350,,,
동신,1983,17700,2006,10,30,71.94,4,월계동,436,11350,,,
동아불암,1999,16000,2006,10,30,59.4,5,상계동,1285,11350,,,
동아불암,1999,15600,2006,10,30,59.4,7,상계동,1285,11350,,,
동양엔파트,2003,31300,2006,10,30,84.98,4,상계동,1305,11350,,,
두산,1994,22000,2006,10,30,84.09,3,상계동,1110,11350,,,
두산,1994,11500,2006,10,30,51.66,9,상계동,1110,11350,,,
두산힐스빌아파트,2000,27400,2006,10,30,84.9,3,공릉동,747,11350,,,
롯데(505),1989,12500,2006,10,30,54.48,11,중계동,505,11350,,,
미성,1986,11450,2006,10,30,33.28,4,월계동,13,11350,,,
미성,1989,49000,2006,10,30,118.52,15,하계동,280,11350,,,
벽산,1989,7000,2006,10,30,43.35,5,상계동,173-1,11350,,,
벽산,1989,12000,2006,10,30,59.9,14,상계동,173-1,11350,,,
보람아파트,1988,21900,2006,10,30,68.99,11,상계동,639,11350,,,
보람아파트,1988,17800,2006,10,30,68.99,1,상계동,639,11350,,,
보람아파트,1988,11500,2006,10,30,54.59,15,상계동,639,11350,,,
보람아파트,1988,10000,2006,10,30,44.33,10,상계동,639,11350,,,
보람아파트,1988,19800,2006,10,30,68.99,2,상계동,639,11350,,,
보람아파트,1988,9200,2006,10,30,44.33,15,상계동,639,11350,,,
불암현대,1999,15400,2006,10,30,59.4,22,상계동,1293,11350,,,
비선아파트,1999,16650,2006,10,30,59.74,3,공릉동,109,11350,,,
비선아파트,1999,12000,2006,10,30,48.6,2,공릉동,109,11350,,,
사슴3,1995,7750,2006,10,30,39.6,15,월계동,320-11,11350,,,
삼성,1999,15500,2006,10,30,59.9,1,중계동,593,11350,,,
삼익선경,1993,52000,2006,10,30,107.95,1,하계동,255-1,11350,,,
삼익선경,1993,80000,2006,10,30,134.19,10,하계동,255-1,11350,,,
삼익아파트,1997,19400,2006,10,30,84.77,18,공릉동,690-2,11350,,,
삼익포레스트아파트,1995,33900,2006,10,30,114.88,4,공릉동,737,11350,,,
삼호3,1986,17000,2006,10,30,59.22,2,월계동,13,11350,,,
상계2차중앙하이츠,1998,29500,2006,10,30,84.6,16,상계동,1282,11350,,,
상계2차중앙하이츠,1998,29500,2006,10,30,84.6,19,상계동,1282,11350,,,
상계대림,1989,23400,2006,10,30,84.91,3,상계동,172,11350,,,
상계대림e편한세상,2002,24670,2006,10,30,83.87,11,상계동,1301,11350,,,
상계불암대림,2000,16250,2006,10,30,59.22,17,상계동,1289,11350,,,
상계신동아,1995,21500,2006,10,30,84.99,12,상계동,463,11350,,,
상계우방유쉘,2000,34000,2006,10,30,116.46,2,상계동,1295,11350,,,
상계주공1(고층),1988,13300,2006,10,30,58.01,6,상계동,765,11350,,,
상계주공1(고층),1988,13100,2006,10,30,58.01,14,상계동,765,11350,,,
상계주공10(고층),1988,11350,2006,10,30,49.94,8,상계동,666,11350,,,
상계주공10(고층),1988,13500,2006,10,30,59.2,6,상계동,666,11350,,,
상계주공10(고층),1988,8000,2006,10,30,45.9,2,상계동,666,11350,,,
상계주공11(고층),1988,14350,2006,10,30,59.28,4,상계동,652,11350,,,
상계주공12(고층),1988,16000,2006,10,30,61.52,11,상계동,647,11350,,,
상계주공12(고층),1988,11000,2006,10,30,49.94,11,상계동,647,11350,,,
상계주공12(고층),1988,9800,2006,10,30,49.94,12,상계동,647,11350,,,
상계주공12(고층),1988,8742,2006,10,30,41.3,9,상계동,647,11350,,,
상계주공13(고층),1989,13850,2006,10,30,58.01,6,상계동,637,11350,,,
상계주공14(고층),1989,12000,2006,10,30,49.94,12,상계동,626,11350,,,
상계주공14(고층),1989,8356,2006,10,30,41.3,5,상계동,626,11350,,,
상계주공16(고층),1988,26300,2006,10,30,79.07,7,상계동,624,11350,,,
상계주공2(고층),1987,13200,2006,10,30,60.5,11,상계동,740,11350,,,
상계주공2(고층),1987,7200,2006,10,30,32.39,4,상계동,740,11350,,,
상계주공3(고층),1987,15900,2006,10,30,58.01,11,상계동,730-2,11350,,,
상계주공3(고층),1987,9700,2006,10,30,41.3,6,상계동,730-2,11350,,,
상계주공4(고층),1988,16600,2006,10,30,58.01,14,상계동,749-5,11350,,,
상계주공4(고층),1988,8300,2006,10,30,38,3,상계동,749-5,11350,,,
상계주공4(고층),1988,9200,2006,10,30,41.3,13,상계동,749-5,11350,,,
상계주공4(고층),1988,7200,2006,10,30,32.39,9,상계동,749-5,11350,,,
상계주공4(고층),1988,9500,2006,10,30,41.3,13,상계동,749-5,11350,,,
상계주공4(고층),1988,17050,2006,10,30,62.1,2,상계동,749-5,11350,,,
상계주공5(저층),1987,13000,2006,10,30,31.98,2,상계동,721,11350,,,
상계주공5(저층),1987,12500,2006,10,30,31.98,3,상계동,721,11350,,,
상계주공5(저층),1987,12000,2006,10,30,31.98,4,상계동,721,11350,,,
상계주공6(고층),1988,16250,2006,10,30,58.01,6,상계동,720,11350,,,
상계주공6(고층),1988,15000,2006,10,30,59.39,3,상계동,720,11350,,,
상계주공6(고층),1988,9050,2006,10,30,41.3,2,상계동,720,11350,,,
상계주공6(고층),1988,16500,2006,10,30,58.01,10,상계동,720,11350,,,
상계주공6(고층),1988,9330,2006,10,30,41.3,8,상계동,720,11350,,,
상계주공6(고층),1988,10000,2006,10,30,41.3,7,상계동,720,11350,,,
상계주공7(고층),1988,9750,2006,10,30,45.55,13,상계동,691,11350,,,
상계주공7(고층),1988,9300,2006,10,30,41.3,13,상계동,691,11350,,,
상계주공7(고층),1988,12900,2006,10,30,49.94,12,상계동,691,11350,,,
상계주공7(고층),1988,9750,2006,10,30,45.9,11,상계동,691,11350,,,
상계주공7(고층),1988,9600,2006,10,30,45.9,10,상계동,691,11350,,,
상계주공7(고층),1988,8700,2006,10,30,41.3,9,상계동,691,11350,,,
상계주공8(저층),1988,13500,2006,10,30,31.95,5,상계동,677,11350,,,
상계주공8(저층),1988,13500,2006,10,30,31.95,5,상계동,677,11350,,,
상계주공8(저층),1988,20000,2006,10,30,38.52,4,상계동,677,11350,,,
상계주공9(고층),1988,11450,2006,10,30,49.94,7,상계동,670,11350,,,
상계주공9(고층),1988,15500,2006,10,30,58.01,7,상계동,670,11350,,,
상계주공9(고층),1988,14930,2006,10,30,61.52,15,상계동,670,11350,,,
상계주공9(고층),1988,14000,2006,10,30,58.01,12,상계동,670,11350,,,
상계현대3차,1999,23000,2006,10,30,84.96,11,상계동,1063,11350,,,
성원(사슴4),1995,8000,2006,10,30,39.6,4,월계동,322-1,11350,,,
성원1,1996,19900,2006,10,30,59.75,9,중계동,580,11350,,,
성원상떼빌,1999,15000,2006,10,30,59.93,8,상계동,1283,11350,,,
성원상떼빌,1999,22000,2006,10,30,84.99,11,상계동,1283,11350,,,
센트럴,2005,23000,2006,10,30,107.16,6,상계동,1373-2,11350,,,
수락현대,1995,24000,2006,10,30,84.74,6,상계동,1272,11350,,,
수락현대,1995,21900,2006,10,30,84.87,3,상계동,1272,11350,,,
신도1차아파트,2002,29000,2006,10,30,81.2768,15,공릉동,748,11350,,,
신도1차아파트,2002,40000,2006,10,30,117.168,16,공릉동,748,11350,,,
신도1차아파트,2002,24000,2006,10,30,72.8129,11,공릉동,748,11350,,,
신성미소지움아파트,2004,26000,2006,10,30,84.929,4,공릉동,756,11350,,,
양지마을(대림)1,1998,54500,2006,10,30,114.96,11,중계동,587,11350,,,
염광,1996,15000,2006,10,30,59.34,15,중계동,445,11350,,,
우국리더스빌,2006,18312,2006,10,30,59.96,8,공릉동,757,11350,,,
우남그랜드,2001,25500,2006,10,30,84.73,22,월계동,930,11350,,,
우방,1999,28000,2006,10,30,83.12,8,하계동,353,11350,,,
우방아파트,2000,33000,2006,10,30,84.881,6,공릉동,108,11350,,,
월계역신도브래뉴,2005,17700,2006,10,30,59.8587,8,월계동,942,11350,,,
은빛1단지,1998,10000,2006,10,30,49.77,2,상계동,1255,11350,,,
은빛2단지,1998,8100,2006,10,30,39.69,4,상계동,1256,11350,,,
장미(시영6),1989,11550,2006,10,30,54.02,3,하계동,273,11350,,,
장미(시영6),1989,8200,2006,10,30,43.41,6,하계동,273,11350,,,
주공10,1995,21400,2006,10,30,58.14,5,중계동,360-16,11350,,,
주공2,1992,10500,2006,10,30,59.97,1,월계동,556,11350,,,
주공2,1992,13000,2006,10,30,59.97,11,월계동,556,11350,,,
주공2,1992,6470,2006,10,30,38.64,6,월계동,556,11350,,,
주공4,1991,16000,2006,10,30,59.39,12,중계동,358-2,11350,,,
주공4,1991,24650,2006,10,30,76.51,6,중계동,358-2,11350,,,
주공4,1991,14800,2006,10,30,59.39,11,중계동,358-2,11350,,,
주공5,1992,8000,2006,10,30,38.64,6,중계동,359-1,11350,,,
주공5,1992,8000,2006,10,30,44.94,7,중계동,359-1,11350,,,
주공5,1992,8450,2006,10,30,44.52,11,중계동,359-1,11350,,,
중계그린1단지,1990,10800,2006,10,30,49.5,10,중계동,502-1,11350,,,
중계그린1단지,1990,14800,2006,10,30,59.87,9,중계동,502-1,11350,,,
중계그린1단지,1990,8440,2006,10,30,39.78,8,중계동,502-1,11350,,,
중계그린1단지,1990,12000,2006,10,30,49.85,3,중계동,502-1,11350,,,
중계그린1단지,1990,13900,2006,10,30,59.46,11,중계동,502-1,11350,,,
중계그린1단지,1990,10500,2006,10,30,49.5,5,중계동,502-1,11350,,,
중계그린1단지,1990,8000,2006,10,30,39.92,13,중계동,502-1,11350,,,
중계그린1단지,1990,11000,2006,10,30,49.5,12,중계동,502-1,11350,,,
중계무지개,1991,11700,2006,10,30,49.89,11,중계동,512,11350,,,
중앙하이츠,1998,25300,2006,10,30,84.71,3,중계동,161-1,11350,,,
중앙하이츠,1998,20000,2006,10,30,84.21,1,중계동,161-1,11350,,,
중앙하이츠,1998,23500,2006,10,30,84.21,2,중계동,161-1,11350,,,
청구,1988,27000,2006,10,30,70.69,9,하계동,284,11350,,,
청구,1988,25500,2006,10,30,70.69,2,하계동,284,11350,,,
청구3,1996,41000,2006,10,30,84.77,4,중계동,360-2,11350,,,
청솔아파트9,2000,26000,2006,10,30,84.85,4,공릉동,90,11350,,,
코오롱,1997,14300,2006,10,30,59.94,7,상계동,1281,11350,,,
코오롱,1997,26000,2006,10,30,84.9,6,상계동,1281,11350,,,
코오롱,1997,28000,2006,10,30,84.9,17,상계동,1281,11350,,,
태강아파트(아이파크),1999,12500,2006,10,30,49.6,8,공릉동,81,11350,,,
태강아파트(아이파크),1999,11200,2006,10,30,49.6,1,공릉동,81,11350,,,
태강아파트(아이파크),1999,11500,2006,10,30,49.6,2,공릉동,81,11350,,,
태강아파트(아이파크),1999,12500,2006,10,30,49.6,12,공릉동,81,11350,,,
풍림아파트A,2001,29900,2006,10,30,84.99,3,공릉동,725,11350,,,
풍림아파트A,2001,45300,2006,10,30,114.78,5,공릉동,725,11350,,,
하계1청구,1997,41000,2006,10,30,84.6,9,하계동,251,11350,,,
하계2현대,1997,40000,2006,10,30,84.51,3,하계동,288,11350,,,
학여울청구,1999,27000,2006,10,30,84.77,18,하계동,354,11350,,,
한신2,1988,6470,2006,10,30,44.52,5,하계동,284,11350,,,
한진한화그랑빌,2002,20700,2006,10,30,59.94,17,월계동,18,11350,,,
한화꿈에그린,2005,38500,2006,10,30,84.902,3,중계동,598,11350,,,
현대,2000,30000,2006,10,30,84.98,24,월계동,929,11350,,,
현대2차,1993,18900,2006,10,30,82.68,9,상계동,1078,11350,,,
LIG건영,1998,12800,2006,10,31,59.92,2,중계동,586,11350,,,
경남아너스빌,2002,25000,2006,10,31,79.098,10,중계동,597,11350,,,
금호타운(583),1997,17000,2006,10,31,59.52,6,중계동,583,11350,,,
금호타운(583),1997,16000,2006,10,31,59.52,13,중계동,583,11350,,,
금호타운(583),1997,15450,2006,10,31,59.52,7,중계동,583,11350,,,
대동황토방,2001,26000,2006,10,31,84.97,2,상계동,1284,11350,,,
대망드림힐1,2003,23300,2006,10,31,84.8968,2,상계동,1304,11350,,,
동양엔파트,2003,37000,2006,10,31,84.88,11,상계동,1305,11350,,,
동진신안,1993,74000,2006,10,31,134.74,5,중계동,364,11350,,,
두산힐스빌아파트,2000,28800,2006,10,31,84.9,8,공릉동,747,11350,,,
두산힐스빌아파트,2000,41500,2006,10,31,114.72,14,공릉동,747,11350,,,
두산힐스빌아파트,2000,27000,2006,10,31,84.9,3,공릉동,747,11350,,,
두산힐스빌아파트,2000,26300,2006,10,31,84.9,16,공릉동,747,11350,,,
롯데(505),1989,21450,2006,10,31,72.49,15,중계동,505,11350,,,
롯데우성,1993,70000,2006,10,31,115.26,5,중계동,361-1,11350,,,
미륭,1986,15000,2006,10,31,51.48,9,월계동,13,11350,,,
미성,1989,14900,2006,10,31,57.97,3,하계동,280,11350,,,
미성,1986,15000,2006,10,31,50.14,10,월계동,13,11350,,,
미성,1986,11600,2006,10,31,33.28,1,월계동,13,11350,,,
보람아파트,1988,12800,2006,10,31,54.59,11,상계동,639,11350,,,
보람아파트,1988,12700,2006,10,31,54.59,13,상계동,639,11350,,,
삼익선경,1993,60000,2006,10,31,107.95,10,하계동,255-1,11350,,,
삼익포레스트아파트,1995,26000,2006,10,31,84.6,6,공릉동,737,11350,,,
삼호3,1986,19000,2006,10,31,59.22,3,월계동,13,11350,,,
삼호3,1986,20000,2006,10,31,59.22,14,월계동,13,11350,,,
삼호4,1987,14300,2006,10,31,50.18,5,월계동,12,11350,,,
상계1차중앙하이츠,1997,49500,2006,10,31,134.97,13,상계동,1279,11350,,,
상계1차현대아파트,1993,21500,2006,10,31,83.92,6,상계동,1055,11350,,,
상계대림,1989,14200,2006,10,31,59.67,14,상계동,172,11350,,,
상계대림,1989,14000,2006,10,31,59.67,3,상계동,172,11350,,,
상계대림,1989,24000,2006,10,31,84.91,9,상계동,172,11350,,,
상계대림e편한세상,2002,24670,2006,10,31,83.87,11,상계동,1301,11350,,,
상계대림e편한세상,2002,25000,2006,10,31,83.87,9,상계동,1301,11350,,,
상계대림e편한세상,2002,24400,2006,10,31,83.87,10,상계동,1301,11350,,,
상계불암대림,2000,16450,2006,10,31,59.22,12,상계동,1289,11350,,,
상계신동아,1995,21000,2006,10,31,84.99,5,상계동,463,11350,,,
상계신동아,1995,20000,2006,10,31,84.99,13,상계동,463,11350,,,
상계주공1(고층),1988,10600,2006,10,31,49.94,4,상계동,765,11350,,,
상계주공1(고층),1988,7100,2006,10,31,32.39,5,상계동,765,11350,,,
상계주공1(고층),1988,13400,2006,10,31,58.01,3,상계동,765,11350,,,
상계주공1(고층),1988,13500,2006,10,31,58.01,12,상계동,765,11350,,,
상계주공10(고층),1988,12050,2006,10,31,49.94,4,상계동,666,11350,,,
상계주공10(저층),1988,11500,2006,10,31,47.34,1,상계동,666,11350,,,
상계주공11(고층),1988,15900,2006,10,31,58.01,4,상계동,652,11350,,,
상계주공11(고층),1988,12100,2006,10,31,49.94,9,상계동,652,11350,,,
상계주공12(고층),1988,8050,2006,10,31,41.3,4,상계동,647,11350,,,
상계주공13(고층),1989,11500,2006,10,31,49.94,5,상계동,637,11350,,,
상계주공13(고층),1989,13120,2006,10,31,58.01,11,상계동,637,11350,,,
상계주공13(고층),1989,13200,2006,10,31,58.01,11,상계동,637,11350,,,
상계주공13(고층),1989,13200,2006,10,31,58.01,11,상계동,637,11350,,,
상계주공13(고층),1989,7800,2006,10,31,45.55,15,상계동,637,11350,,,
상계주공13(고층),1989,7850,2006,10,31,45.9,3,상계동,637,11350,,,
상계주공16(고층),1988,8300,2006,10,31,45.77,2,상계동,624,11350,,,
상계주공16(고층),1988,13100,2006,10,31,59.39,5,상계동,624,11350,,,
상계주공16(고층),1988,13000,2006,10,31,59.39,12,상계동,624,11350,,,
상계주공2(고층),1987,15500,2006,10,31,58.01,2,상계동,740,11350,,,
상계주공2(고층),1987,9550,2006,10,31,41.3,6,상계동,740,11350,,,
상계주공2(고층),1987,7200,2006,10,31,32.39,6,상계동,740,11350,,,
상계주공3(고층),1987,15000,2006,10,31,59.39,2,상계동,730-2,11350,,,
상계주공3(고층),1987,17000,2006,10,31,59.28,14,상계동,730-2,11350,,,
상계주공3(저층),1987,25000,2006,10,31,71.89,5,상계동,737,11350,,,
상계주공4(고층),1988,9550,2006,10,31,41.3,4,상계동,749-5,11350,,,
상계주공4(고층),1988,12800,2006,10,31,49.94,7,상계동,749-5,11350,,,
상계주공4(고층),1988,12900,2006,10,31,59.2,15,상계동,749-5,11350,,,
상계주공4(고층),1988,9650,2006,10,31,41.3,6,상계동,749-5,11350,,,
상계주공4(고층),1988,9800,2006,10,31,41.3,12,상계동,749-5,11350,,,
상계주공4(고층),1988,9200,2006,10,31,41.3,6,상계동,749-5,11350,,,
상계주공4(고층),1988,16700,2006,10,31,58.01,5,상계동,749-5,11350,,,
상계주공5(저층),1987,12500,2006,10,31,31.98,1,상계동,721,11350,,,
상계주공5(저층),1987,12200,2006,10,31,31.98,5,상계동,721,11350,,,
상계주공5(저층),1987,12000,2006,10,31,31.98,1,상계동,721,11350,,,
상계주공6(고층),1988,13700,2006,10,31,58.01,9,상계동,720,11350,,,
상계주공6(고층),1988,17300,2006,10,31,59.39,6,상계동,720,11350,,,
상계주공6(고층),1988,16000,2006,10,31,58.01,3,상계동,720,11350,,,
상계주공6(고층),1988,17000,2006,10,31,58.01,13,상계동,720,11350,,,
상계주공6(고층),1988,15900,2006,10,31,59.2,8,상계동,720,11350,,,
상계주공6(고층),1988,13900,2006,10,31,49.94,12,상계동,720,11350,,,
상계주공7(고층),1988,9850,2006,10,31,41.3,10,상계동,691,11350,,,
상계주공7(고층),1988,13500,2006,10,31,49.94,4,상계동,691,11350,,,
상계주공7(고층),1988,11500,2006,10,31,41.3,13,상계동,691,11350,,,
상계주공7(고층),1988,11150,2006,10,31,41.3,4,상계동,691,11350,,,
상계주공8(저층),1988,20000,2006,10,31,38.52,3,상계동,677,11350,,,
상계주공8(저층),1988,13500,2006,10,31,31.95,1,상계동,677,11350,,,
상계주공9(고층),1988,8700,2006,10,31,45.9,14,상계동,670,11350,,,
상계주공9(고층),1988,13500,2006,10,31,58.01,1,상계동,670,11350,,,
상계주공9(고층),1988,8100,2006,10,31,45.55,15,상계동,670,11350,,,
상계현대3차,1999,25000,2006,10,31,84.96,13,상계동,1063,11350,,,
서광,1994,16550,2006,10,31,69.68,10,월계동,922,11350,,,
성원1,1996,20800,2006,10,31,59.75,12,중계동,580,11350,,,
시영2단지(라이프)아파트,1994,7450,2006,10,31,39.6,1,공릉동,707,11350,,,
시영3차(라이프)아파트,1994,7500,2006,10,31,34.44,9,공릉동,715,11350,,,
신안,1999,18600,2006,10,31,59.97,11,중계동,590,11350,,,
신일,1998,17700,2006,10,31,84.94,3,중계동,589,11350,,,
양지마을(대림)1,1998,20000,2006,10,31,59.88,3,중계동,587,11350,,,
양지마을(대림)2,1999,38000,2006,10,31,84.88,6,중계동,588,11350,,,
양지마을(대림)2,1999,18000,2006,10,31,59.4,3,중계동,588,11350,,,
염광,1996,25000,2006,10,31,84.5,2,중계동,445,11350,,,
염광,1996,27000,2006,10,31,84.5,4,중계동,445,11350,,,
우방,1999,30000,2006,10,31,83.12,14,하계동,353,11350,,,
우방아파트,2000,29000,2006,10,31,84.881,15,공릉동,108,11350,,,
우성,1988,36000,2006,10,31,84.91,1,하계동,270,11350,,,
유원,1998,11850,2006,10,31,59.93,4,월계동,880,11350,,,
은빛1단지,1998,8300,2006,10,31,39.69,5,상계동,1255,11350,,,
은빛1단지,1998,8300,2006,10,31,39.69,5,상계동,1255,11350,,,
임성아파트,1997,15500,2006,10,31,84.98,2,공릉동,389-13,11350,,,
장미(시영6),1989,9100,2006,10,31,43.41,6,하계동,273,11350,,,
장미(시영6),1989,10700,2006,10,31,54.02,15,하계동,273,11350,,,
주공2,1992,8600,2006,10,31,44.52,9,중계동,369,11350,,,
주공2,1992,7800,2006,10,31,44.52,1,중계동,369,11350,,,
주공2,1992,9150,2006,10,31,44.52,14,중계동,369,11350,,,
주공2,1992,7600,2006,10,31,44.52,15,중계동,369,11350,,,
주공2,1992,7750,2006,10,31,44.94,10,월계동,556,11350,,,
주공4,1991,30200,2006,10,31,84.79,4,중계동,358-2,11350,,,
주공4,1991,30000,2006,10,31,84.79,10,중계동,358-2,11350,,,
주공4,1991,23700,2006,10,31,76.51,15,중계동,358-2,11350,,,
주공5,1992,18400,2006,10,31,58.46,5,중계동,359-1,11350,,,
주공7,1993,9000,2006,10,31,44.1,11,중계동,363-1,11350,,,
주공7,1993,8800,2006,10,31,44.1,9,중계동,363-1,11350,,,
중계3벽산,1999,32800,2006,10,31,85,3,중계동,592,11350,,,
중계그린1단지,1990,11950,2006,10,31,49.5,3,중계동,502-1,11350,,,
중계그린1단지,1990,9500,2006,10,31,49.85,8,중계동,502-1,11350,,,
중계그린1단지,1990,8700,2006,10,31,39.78,11,중계동,502-1,11350,,,
중계무지개,1991,8500,2006,10,31,39.82,7,중계동,512,11350,,,
중계무지개,1991,11200,2006,10,31,49.54,10,중계동,512,11350,,,
중계무지개,1991,11500,2006,10,31,49.89,3,중계동,512,11350,,,
중앙하이츠,1998,25000,2006,10,31,84.98,8,중계동,161-1,11350,,,
중앙하이츠,1998,24500,2006,10,31,84.85,16,중계동,161-1,11350,,,
청솔(시영7),1989,11650,2006,10,31,49.5,7,하계동,274,11350,,,
청솔(시영7),1989,13500,2006,10,31,59.7,6,하계동,274,11350,,,
청솔아파트8,2000,27900,2006,10,31,84.65,12,공릉동,91,11350,,,
청솔아파트9,2000,24000,2006,10,31,84.85,6,공릉동,90,11350,,,
초안1,1998,11000,2006,10,31,59.85,5,월계동,923,11350,,,
초안1,1998,7300,2006,10,31,39.6,11,월계동,923,11350,,,
초안2,1997,7350,2006,10,31,39.6,10,월계동,924,11350,,,
충효파크타운,2006,13000,2006,10,31,79.98,1,상계동,407-7,11350,,,
태강아파트(아이파크),1999,15700,2006,10,31,59.34,9,공릉동,81,11350,,,
태강아파트(아이파크),1999,15000,2006,10,31,59.38,2,공릉동,81,11350,,,
태강아파트(아이파크),1999,16700,2006,10,31,59.38,14,공릉동,81,11350,,,
풍림아파트A,2001,25000,2006,10,31,84.99,1,공릉동,725,11350,,,
하계1청구,1997,33000,2006,10,31,84.6,1,하계동,251,11350,,,
하계2현대,1997,44700,2006,10,31,84.896,13,하계동,288,11350,,,
학여울청구,1999,45000,2006,10,31,113.51,16,하계동,354,11350,,,
학여울청구,1999,15500,2006,10,31,59.4,11,하계동,354,11350,,,
학여울청구,1999,15000,2006,10,31,59.4,12,하계동,354,11350,,,
한신1,1988,11500,2006,10,31,44.52,10,하계동,284,11350,,,
한신1,1988,6600,2006,10,31,27,11,하계동,284,11350,,,
한신2,1988,11800,2006,10,31,44.52,6,하계동,284,11350,,,
한신2차,1988,23500,2006,10,31,84.92,13,상계동,451,11350,,,
한신3차,1990,12000,2006,10,31,60.44,12,상계동,458,11350,,,
한양,1988,27850,2006,10,31,86.62,2,상계동,757,11350,,,
한일2,2000,15500,2006,10,31,59.953,15,월계동,927,11350,,,
한진한화그랑빌,2002,31900,2006,10,31,84.97,17,월계동,18,11350,,,
한진한화그랑빌,2002,50200,2006,10,31,139.08,9,월계동,18,11350,,,
한진한화그랑빌,2002,47900,2006,10,31,114.97,16,월계동,18,11350,,,
한진한화그랑빌,2002,19950,2006,10,31,59.94,10,월계동,18,11350,,,
한진한화그랑빌,2002,26900,2006,10,31,75.81,5,월계동,18,11350,,,
한진한화그랑빌,2002,27500,2006,10,31,84.97,10,월계동,18,11350,,,
한진한화그랑빌,2002,29500,2006,10,31,84.97,11,월계동,18,11350,,,
한화꿈에그린,2005,38000,2006,10,31,84.902,2,중계동,598,11350,,,
현대,2000,17500,2006,10,31,59.95,13,월계동,929,11350,,,
현대,1988,36500,2006,10,31,84.95,10,하계동,270,11350,,,
현대2차,1993,20000,2006,10,31,82.68,2,상계동,1078,11350,,,
현대2차,1993,20200,2006,10,31,82.68,15,상계동,1078,11350,,,
현대그린,1998,30000,2006,10,31,84.99,7,중계동,49,11350,,,
화랑타운아파트,2000,37500,2006,10,31,84.65,8,공릉동,111,11350,,,
화랑해링턴플레이스아파트,1999,38000,2006,10,31,126.78,5,공릉동,746,11350,,,
