단지명,건축년도,거래금액(만원),계약년,계약월,계약일,전용면적(㎡),층,법정동,지번,시군구코드,거래유형,매수자구분,매도자구분
건영2,1991,40800,2017,7,1,84.96,2,중계동,515-2,11350,,,
건영3,1995,57100,2017,7,1,84.9,9,중계동,360-15,11350,,,
공릉동한보에센시티아파트,2000,29500,2017,7,1,59.4,6,공릉동,743,11350,,,
롯데우성,1993,68000,2017,7,1,115.26,14,중계동,361-1,11350,,,
롯데우성,1993,55000,2017,7,1,101.88,1,중계동,361-1,11350,,,
롯데캐슬루나,2006,45000,2017,7,1,84.985,3,월계동,947,11350,,,
미륭,1986,34700,2017,7,1,51.48,10,월계동,13,11350,,,
미륭,1986,34800,2017,7,1,51.48,7,월계동,13,11350,,,
미성,1989,37900,2017,7,1,72.17,3,하계동,280,11350,,,
미성,1986,33000,2017,7,1,50.14,3,월계동,13,11350,,,
벽산,1989,21200,2017,7,1,43.35,10,상계동,173-1,11350,,,
삼익포레스트아파트,1995,40000,2017,7,1,84.6,7,공릉동,737,11350,,,
삼호3,1986,38900,2017,7,1,59.22,6,월계동,13,11350,,,
삼호3,1986,38500,2017,7,1,59.22,13,월계동,13,11350,,,
상계대림,1989,25000,2017,7,1,59.67,3,상계동,172,11350,,,
상계불암대림,2000,42550,2017,7,1,84.96,18,상계동,1289,11350,,,
상계주공10(고층),1988,32000,2017,7,1,49.94,14,상계동,666,11350,,,
상계주공10(고층),1988,31000,2017,7,1,49.94,8,상계동,666,11350,,,
상계주공11(고층),1988,26400,2017,7,1,41.3,12,상계동,652,11350,,,
상계주공11(고층),1988,33850,2017,7,1,59.39,9,상계동,652,11350,,,
상계주공12(고층),1988,22800,2017,7,1,41.3,4,상계동,647,11350,,,
상계주공12(고층),1988,26000,2017,7,1,41.3,9,상계동,647,11350,,,
상계주공13(고층),1989,26000,2017,7,1,49.94,8,상계동,637,11350,,,
상계주공14(고층),1989,46800,2017,7,1,90.94,4,상계동,626,11350,,,
상계주공14(고층),1989,30000,2017,7,1,49.94,9,상계동,626,11350,,,
상계주공14(저층),1989,40200,2017,7,1,84.41,5,상계동,626,11350,,,
상계주공16(고층),1988,30000,2017,7,1,59.39,5,상계동,624,11350,,,
상계주공16(고층),1988,24000,2017,7,1,45.77,4,상계동,624,11350,,,
상계주공7(고층),1988,31500,2017,7,1,45.55,5,상계동,691,11350,,,
상계주공8(저층),1988,36000,2017,7,1,47.25,1,상계동,677,11350,,,
상계주공9(고층),1988,26000,2017,7,1,45.9,3,상계동,670,11350,,,
서광,1994,39500,2017,7,1,84.61,11,월계동,922,11350,,,
수락리버시티3단지,2009,40800,2017,7,1,84.69,5,상계동,1312,11350,,,
신성미소지움아파트,2004,40000,2017,7,1,84.929,17,공릉동,756,11350,,,
양지마을(대림)1,1998,49500,2017,7,1,84.9,11,중계동,587,11350,,,
양지마을(대림)2,1999,53500,2017,7,1,84.88,18,중계동,588,11350,,,
우국리더스빌,2006,29000,2017,7,1,59.96,2,공릉동,757,11350,,,
월계역신도브래뉴,2005,32000,2017,7,1,59.8587,9,월계동,942,11350,,,
주공2,1992,20100,2017,7,1,44.52,14,중계동,369,11350,,,
주공2,1992,18500,2017,7,1,38.64,5,월계동,556,11350,,,
주공2,1992,21000,2017,7,1,44.52,8,중계동,369,11350,,,
주공5,1992,47900,2017,7,1,76.51,14,중계동,359-1,11350,,,
주공5,1992,23500,2017,7,1,44.52,13,중계동,359-1,11350,,,
주공8,1993,25500,2017,7,1,49.72,13,중계동,362-1,11350,,,
중계3벽산,1999,44900,2017,7,1,85,5,중계동,592,11350,,,
중계그린1단지,1990,28000,2017,7,1,44.1,5,중계동,502-1,11350,,,
중계그린1단지,1990,30800,2017,7,1,49.5,6,중계동,502-1,11350,,,
중계그린1단지,1990,32000,2017,7,1,59.87,4,중계동,502-1,11350,,,
중계그린1단지,1990,30800,2017,7,1,49.5,10,중계동,502-1,11350,,,
중계그린1단지,1990,23500,2017,7,1,39.91,10,중계동,502-1,11350,,,
중계무지개,1991,28900,2017,7,1,49.89,7,중계동,512,11350,,,
중계무지개,1991,33900,2017,7,1,59.26,9,중계동,512,11350,,,
중계무지개,1991,23000,2017,7,1,39.82,6,중계동,512,11350,,,
중계무지개,1991,22600,2017,7,1,39.82,2,중계동,512,11350,,,
중계무지개,1991,31500,2017,7,1,59.26,9,중계동,512,11350,,,
중앙하이츠,1998,37000,2017,7,1,84.98,1,중계동,161-1,11350,,,
청구,1988,46000,2017,7,1,84.97,3,하계동,284,11350,,,
청구3,1996,56900,2017,7,1,84.77,3,중계동,360-2,11350,,,
청구3,1996,60000,2017,7,1,84.77,11,중계동,360-2,11350,,,
청솔(시영7),1989,24500,2017,7,1,49.5,7,하계동,274,11350,,,
청솔(시영7),1989,25000,2017,7,1,49.5,9,하계동,274,11350,,,
청솔아파트9,2000,37000,2017,7,1,84.85,1,공릉동,90,11350,,,
초안2,1997,24800,2017,7,1,59.85,8,월계동,924,11350,,,
코오롱,1997,37500,2017,7,1,73.17,5,상계동,1281,11350,,,
태강아파트(아이파크),1999,27800,2017,7,1,49.6,8,공릉동,81,11350,,,
태강아파트(아이파크),1999,27000,2017,7,1,49.6,2,공릉동,81,11350,,,
태릉우성아파트,1985,32650,2017,7,1,66.87,2,공릉동,254,11350,,,
풍림아파트A,2001,53000,2017,7,1,114.78,6,공릉동,725,11350,,,
풍림아파트A,2001,36400,2017,7,1,59.94,2,공릉동,725,11350,,,
한신4차,1995,32900,2017,7,1,84.84,10,상계동,995,11350,,,
한신동성,1993,58900,2017,7,1,138.29,8,하계동,256-5,11350,,,
한진한화그랑빌,2002,45000,2017,7,1,84.97,10,월계동,18,11350,,,
한진한화그랑빌,2002,45000,2017,7,1,84.97,11,월계동,18,11350,,,
한화꿈에그린,2005,50000,2017,7,1,84.902,12,중계동,598,11350,,,
현대2(4차),1993,34500,2017,7,1,84.96,8,중계동,578,11350,,,
효성아파트,1995,43500,2017,7,1,84.66,1,공릉동,742,11350,,,
삼익포레스트아파트,1995,45000,2017,7,2,114.88,10,공릉동,737,11350,,,
삼익포레스트아파트,1995,45000,2017,7,2,114.88,11,공릉동,737,11350,,,
삼익포레스트아파트,1995,23500,2017,7,2,51.03,3,공릉동,737,11350,,,
수락리버시티3단지,2009,39700,2017,7,2,84.69,4,상계동,1312,11350,,,
한신1차,1987,23900,2017,7,2,53.96,9,상계동,135,11350,,,
극동,1988,43500,2017,7,3,84.91,9,하계동,271-3,11350,,,
꿈의숲SKVIEW,2016,49000,2017,7,3,84.93,11,월계동,949,11350,,,
대우,1998,40400,2017,7,3,99.98,12,월계동,775,11350,,,
동신,1983,35000,2017,7,3,91.54,7,월계동,436,11350,,,
미륭,1986,34150,2017,7,3,51.48,7,월계동,13,11350,,,
미륭,1986,34800,2017,7,3,51.48,13,월계동,13,11350,,,
보람아파트,1988,33500,2017,7,3,68.99,14,상계동,639,11350,,,
보람아파트,1988,26500,2017,7,3,54.59,11,상계동,639,11350,,,
삼호3,1986,40000,2017,7,3,59.22,11,월계동,13,11350,,,
상계주공1(고층),1988,35000,2017,7,3,58.01,9,상계동,765,11350,,,
상계주공1(고층),1988,33000,2017,7,3,58.01,6,상계동,765,11350,,,
상계주공1(고층),1988,28200,2017,7,3,49.94,13,상계동,765,11350,,,
상계주공12(고층),1988,32900,2017,7,3,58.01,12,상계동,647,11350,,,
상계주공13(고층),1989,22500,2017,7,3,45.9,8,상계동,637,11350,,,
상계주공14(고층),1989,24400,2017,7,3,45.55,12,상계동,626,11350,,,
상계주공16(고층),1988,30000,2017,7,3,59.39,10,상계동,624,11350,,,
상계주공3(고층),1987,52000,2017,7,3,84.2,14,상계동,730-2,11350,,,
상계주공4(고층),1988,28200,2017,7,3,41.3,4,상계동,749-5,11350,,,
상계주공4(고층),1988,26000,2017,7,3,49.94,1,상계동,749-5,11350,,,
상계주공6(고층),1988,39000,2017,7,3,58.01,14,상계동,720,11350,,,
상계주공7(고층),1988,33000,2017,7,3,45.9,5,상계동,691,11350,,,
상계주공8(저층),1988,28500,2017,7,3,31.95,2,상계동,677,11350,,,
상계주공9(고층),1988,31900,2017,7,3,58.01,1,상계동,670,11350,,,
수락파크빌,2001,55000,2017,7,3,114.82,10,상계동,1269,11350,,,
시영2단지(라이프)아파트,1994,20800,2017,7,3,39.6,13,공릉동,707,11350,,,
신원아파트,2000,28300,2017,7,3,59.59,5,공릉동,370-4,11350,,,
양지마을(대림)2,1999,55500,2017,7,3,114.81,14,중계동,588,11350,,,
우성,1988,63750,2017,7,3,127.22,9,하계동,270,11350,,,
월계흥화브라운빌,2004,34400,2017,7,3,84.91,1,월계동,939,11350,,,
은빛2단지,1998,27000,2017,7,3,49.77,8,상계동,1256,11350,,,
주공10,1995,34700,2017,7,3,58.14,1,중계동,360-16,11350,,,
주공2,1992,19200,2017,7,3,44.52,15,월계동,556,11350,,,
주공6,1993,23000,2017,7,3,44.1,4,중계동,364-12,11350,,,
주공7,1993,20500,2017,7,3,44.1,11,중계동,363-1,11350,,,
주공8,1993,23500,2017,7,3,49.72,1,중계동,362-1,11350,,,
청백4,1998,23500,2017,7,3,49.77,14,월계동,781,11350,,,
청솔(시영7),1989,30000,2017,7,3,59.22,5,하계동,274,11350,,,
청솔(시영7),1989,25900,2017,7,3,49.85,2,하계동,274,11350,,,
청솔(시영7),1989,19450,2017,7,3,39.92,4,하계동,274,11350,,,
청암2단지,2001,27700,2017,7,3,59.96,2,상계동,1276,11350,,,
초안1,1998,21400,2017,7,3,49.6,13,월계동,923,11350,,,
초안2,1997,17700,2017,7,3,39.6,11,월계동,924,11350,,,
초안산쌍용스윗닷홈,2006,31000,2017,7,3,59.92,2,월계동,945,11350,,,
태강아파트(아이파크),1999,32500,2017,7,3,59.34,4,공릉동,81,11350,,,
태강아파트(아이파크),1999,26800,2017,7,3,49.6,12,공릉동,81,11350,,,
풍림아파트A,2001,39000,2017,7,3,84.99,1,공릉동,725,11350,,,
한신4차,1995,34800,2017,7,3,84.84,6,상계동,995,11350,,,
한진한화그랑빌,2002,45600,2017,7,3,84.97,21,월계동,18,11350,,,
한진한화그랑빌,2002,53800,2017,7,3,114.97,16,월계동,18,11350,,,
한진한화그랑빌,2002,51000,2017,7,3,114.97,24,월계동,18,11350,,,
한화꿈에그린,2005,44400,2017,7,3,84.902,1,중계동,598,11350,,,
화인상가,1994,22000,2017,7,3,59.34,5,중계동,579,11350,,,
극동,1988,28300,2017,7,4,55.72,2,하계동,271-3,11350,,,
극동,1988,43000,2017,7,4,84.91,4,하계동,271-3,11350,,,
동부아파트,1996,27800,2017,7,4,59.34,15,공릉동,705,11350,,,
동부아파트,1996,28000,2017,7,4,59.34,9,공릉동,705,11350,,,
미도,1988,42000,2017,7,4,87.57,12,상계동,766-1,11350,,,
벽산,1989,29500,2017,7,4,59.9,5,상계동,173-1,11350,,,
벽산,1989,32800,2017,7,4,75.03,2,상계동,173-1,11350,,,
보람아파트,1988,32500,2017,7,4,68.99,15,상계동,639,11350,,,
보람아파트,1988,24000,2017,7,4,44.33,4,상계동,639,11350,,,
삼익2차아파트,2004,38500,2017,7,4,83.409,14,공릉동,754,11350,,,
삼익포레스트아파트,1995,39900,2017,7,4,84.6,11,공릉동,737,11350,,,
삼호3,1986,38000,2017,7,4,59.22,2,월계동,13,11350,,,
삼호3,1986,38800,2017,7,4,59.22,13,월계동,13,11350,,,
상계1차중앙하이츠,1997,35000,2017,7,4,59.82,11,상계동,1279,11350,,,
상계주공1(고층),1988,27500,2017,7,4,49.94,13,상계동,765,11350,,,
상계주공10(고층),1988,32000,2017,7,4,49.94,15,상계동,666,11350,,,
상계주공10(저층),1988,28000,2017,7,4,47.34,1,상계동,666,11350,,,
상계주공16(고층),1988,30900,2017,7,4,59.39,13,상계동,624,11350,,,
상계주공2(고층),1987,37000,2017,7,4,58.01,3,상계동,740,11350,,,
상계주공3(고층),1987,39900,2017,7,4,58.01,7,상계동,730-2,11350,,,
상계주공5(저층),1987,30000,2017,7,4,31.98,5,상계동,721,11350,,,
상계주공6(고층),1988,29000,2017,7,4,37.46,9,상계동,720,11350,,,
장미(시영6),1989,31300,2017,7,4,64.62,6,하계동,273,11350,,,
주공2,1992,20400,2017,7,4,44.52,6,중계동,369,11350,,,
주공4,1991,31000,2017,7,4,59.39,12,중계동,358-2,11350,,,
주공5,1992,36150,2017,7,4,58.46,11,중계동,359-1,11350,,,
주공5,1992,22000,2017,7,4,44.52,15,중계동,359-1,11350,,,
중계그린1단지,1990,27500,2017,7,4,49.5,3,중계동,502-1,11350,,,
중계현대2,1991,39600,2017,7,4,84.36,5,중계동,435-1,11350,,,
청구3,1996,60000,2017,7,4,84.77,7,중계동,360-2,11350,,,
청솔(시영7),1989,30000,2017,7,4,59.46,3,하계동,274,11350,,,
청솔아파트8,2000,40000,2017,7,4,84.83,4,공릉동,91,11350,,,
초안2,1997,22300,2017,7,4,49.6,11,월계동,924,11350,,,
풍림아이원,2005,47000,2017,7,4,84.303,20,월계동,944,11350,,,
학여울청구,1999,47800,2017,7,4,84.77,15,하계동,354,11350,,,
한신1,1988,17800,2017,7,4,27,12,하계동,284,11350,,,
한신1차,1987,23500,2017,7,4,53.96,5,상계동,135,11350,,,
한신2차,1988,19000,2017,7,4,45.92,5,상계동,451,11350,,,
한진한화그랑빌,2002,44000,2017,7,4,84.97,16,월계동,18,11350,,,
대우,1998,44000,2017,7,5,134.64,16,월계동,775,11350,,,
대우,1998,43000,2017,7,5,134.64,15,월계동,775,11350,,,
두산,1994,32500,2017,7,5,66.6,3,상계동,1110,11350,,,
두산힐스빌아파트,2000,37500,2017,7,5,60,10,공릉동,747,11350,,,
미도,1988,42900,2017,7,5,87.57,7,상계동,766-1,11350,,,
보람아파트,1988,34150,2017,7,5,68.99,2,상계동,639,11350,,,
보람아파트,1988,22900,2017,7,5,44.33,10,상계동,639,11350,,,
비선아파트,1999,33000,2017,7,5,59.87,7,공릉동,109,11350,,,
사슴3,1995,20800,2017,7,5,39.6,14,월계동,320-11,11350,,,
삼성,1999,42450,2017,7,5,84.75,2,중계동,593,11350,,,
삼호4,1987,31000,2017,7,5,50.18,5,월계동,12,11350,,,
상계대림,1989,28500,2017,7,5,59.67,2,상계동,172,11350,,,
상계대림e편한세상,2002,26900,2017,7,5,55.77,1,상계동,1301,11350,,,
상계신동아,1995,34000,2017,7,5,84.99,4,상계동,463,11350,,,
상계주공10(저층),1988,34600,2017,7,5,54.54,3,상계동,666,11350,,,
상계주공12(고층),1988,26000,2017,7,5,41.3,4,상계동,647,11350,,,
상계주공12(고층),1988,31500,2017,7,5,61.52,1,상계동,647,11350,,,
상계주공12(고층),1988,23900,2017,7,5,41.3,3,상계동,647,11350,,,
상계주공12(고층),1988,31000,2017,7,5,58.01,6,상계동,647,11350,,,
상계주공13(고층),1989,26200,2017,7,5,49.94,3,상계동,637,11350,,,
상계주공16(고층),1988,40700,2017,7,5,79.07,10,상계동,624,11350,,,
상계주공16(고층),1988,28000,2017,7,5,59.39,10,상계동,624,11350,,,
상계주공16(고층),1988,33300,2017,7,5,59.39,13,상계동,624,11350,,,
상계주공3(고층),1987,43000,2017,7,5,58.01,8,상계동,730-2,11350,,,
상계주공4(고층),1988,26900,2017,7,5,41.3,6,상계동,749-5,11350,,,
상계주공9(고층),1988,26000,2017,7,5,45.55,2,상계동,670,11350,,,
상계주공9(고층),1988,44800,2017,7,5,79.07,2,상계동,670,11350,,,
상계주공9(고층),1988,22000,2017,7,5,45.55,5,상계동,670,11350,,,
시영2단지(라이프)아파트,1994,19000,2017,7,5,39.6,2,공릉동,707,11350,,,
시영2단지(라이프)아파트,1994,18200,2017,7,5,34.44,7,공릉동,707,11350,,,
신동아(366),1993,64800,2017,7,5,115.35,6,중계동,366,11350,,,
우방,1999,38500,2017,7,5,77.41,11,하계동,353,11350,,,
우성,1988,46000,2017,7,5,84.91,12,하계동,270,11350,,,
월계역신도브래뉴,2005,43500,2017,7,5,117.1038,5,월계동,942,11350,,,
월계흥화브라운빌,2004,33500,2017,7,5,84.91,1,월계동,939,11350,,,
은빛1단지,1998,31000,2017,7,5,59.95,11,상계동,1255,11350,,,
은빛1단지,1998,28500,2017,7,5,59.95,8,상계동,1255,11350,,,
은빛2단지,1998,23800,2017,7,5,49.77,1,상계동,1256,11350,,,
장미(시영6),1989,22000,2017,7,5,43.41,2,하계동,273,11350,,,
장미(시영6),1989,23000,2017,7,5,43.56,4,하계동,273,11350,,,
주공5,1992,23000,2017,7,5,44.52,6,중계동,359-1,11350,,,
태강아파트(아이파크),1999,31300,2017,7,5,59.38,2,공릉동,81,11350,,,
한신1,1988,21000,2017,7,5,35.28,2,하계동,284,11350,,,
한신동성,1993,59990,2017,7,5,138.29,9,하계동,256-5,11350,,,
한신동성,1993,58500,2017,7,5,138.29,7,하계동,256-5,11350,,,
한일2,2000,38400,2017,7,5,84.846,7,월계동,927,11350,,,
한진한화그랑빌,2002,39500,2017,7,5,84.97,1,월계동,18,11350,,,
한진한화그랑빌,2002,46000,2017,7,5,84.97,16,월계동,18,11350,,,
한진한화그랑빌,2002,39000,2017,7,5,59.94,15,월계동,18,11350,,,
현대아파트,1984,40500,2017,7,5,86,5,공릉동,230,11350,,,
금호타운(583),1997,30500,2017,7,6,59.52,15,중계동,583,11350,,,
꿈의숲SKVIEW,2016,50000,2017,7,6,84.96,4,월계동,949,11350,,,
노원우성,1992,41000,2017,7,6,84.88,7,상계동,1251,11350,,,
동신,1983,31000,2017,7,6,71.83,6,월계동,436,11350,,,
두산,1994,33100,2017,7,6,67.43,13,상계동,1110,11350,,,
두산,1994,20800,2017,7,6,41.85,12,상계동,1110,11350,,,
두산힐스빌아파트,2000,46800,2017,7,6,84.9,11,공릉동,747,11350,,,
보람아파트,1988,23200,2017,7,6,44.33,7,상계동,639,11350,,,
보람아파트,1988,35000,2017,7,6,68.99,12,상계동,639,11350,,,
보람아파트,1988,27900,2017,7,6,54.59,9,상계동,639,11350,,,
보람아파트,1988,26500,2017,7,6,54.59,6,상계동,639,11350,,,
상계불암대림,2000,40800,2017,7,6,84.96,10,상계동,1289,11350,,,
상계주공14(고층),1989,24800,2017,7,6,41.3,11,상계동,626,11350,,,
상계주공16(고층),1988,25300,2017,7,6,45.77,13,상계동,624,11350,,,
상계주공4(고층),1988,47000,2017,7,6,83.7,13,상계동,749-5,11350,,,
상계주공5(저층),1987,30500,2017,7,6,31.98,1,상계동,721,11350,,,
상계주공5(저층),1987,30000,2017,7,6,31.98,3,상계동,721,11350,,,
상계주공6(고층),1988,43000,2017,7,6,59.28,4,상계동,720,11350,,,
상계주공8(저층),1988,29500,2017,7,6,31.95,2,상계동,677,11350,,,
상계주공9(고층),1988,33000,2017,7,6,58.01,1,상계동,670,11350,,,
상록수2단지,2002,30300,2017,7,6,77.257,3,상계동,1297,11350,,,
성원(사슴4),1995,20000,2017,7,6,39.6,13,월계동,322-1,11350,,,
염광,1996,33000,2017,7,6,59.34,12,중계동,445,11350,,,
염광,1996,49000,2017,7,6,131.25,6,중계동,445,11350,,,
중계그린1단지,1990,28500,2017,7,6,49.85,5,중계동,502-1,11350,,,
중계무지개,1991,28000,2017,7,6,49.54,3,중계동,512,11350,,,
중계무지개,1991,32000,2017,7,6,59.26,12,중계동,512,11350,,,
중계무지개,1991,22500,2017,7,6,39.82,4,중계동,512,11350,,,
청솔(시영7),1989,26800,2017,7,6,49.5,3,하계동,274,11350,,,
청암1단지,2001,38200,2017,7,6,84.8,3,상계동,1275,11350,,,
태강아파트(아이파크),1999,25800,2017,7,6,49.6,11,공릉동,81,11350,,,
한신1,1988,17800,2017,7,6,27,4,하계동,284,11350,,,
한일유앤아이,2005,53000,2017,7,6,114.882,21,상계동,1309,11350,,,
한진한화그랑빌,2002,45100,2017,7,6,84.97,2,월계동,18,11350,,,
현대,2000,44000,2017,7,6,84.98,25,월계동,929,11350,,,
현대그린,1998,40400,2017,7,6,84.99,7,중계동,49,11350,,,
공릉우성아파트,1995,38000,2017,7,7,84.97,13,공릉동,738,11350,,,
극동,1988,37500,2017,7,7,70.56,11,하계동,271-3,11350,,,
뉴-동부아파트,2007,33600,2017,7,7,83.11,7,상계동,95-6,11350,,,
대호,2000,34900,2017,7,7,84.93,9,중계동,591,11350,,,
롯데캐슬루나,2006,45700,2017,7,7,84.9852,4,월계동,947,11350,,,
미성,1989,39650,2017,7,7,72.17,13,하계동,280,11350,,,
미성,1986,34200,2017,7,7,50.14,6,월계동,13,11350,,,
미성,1986,25000,2017,7,7,33.28,4,월계동,13,11350,,,
벽산,1988,40500,2017,7,7,70.56,6,하계동,271-3,11350,,,
불암신기102동,2002,24500,2017,7,7,67.28,3,상계동,107-970,11350,,,
사슴3,1995,21000,2017,7,7,39.6,10,월계동,320-11,11350,,,
삼창,1984,23700,2017,7,7,56.59,4,월계동,448-3,11350,,,
상계신동아,1995,32300,2017,7,7,84.99,1,상계동,463,11350,,,
상계주공1(고층),1988,19900,2017,7,7,32.39,1,상계동,765,11350,,,
상계주공14(고층),1989,25000,2017,7,7,41.3,6,상계동,626,11350,,,
상계주공16(고층),1988,31400,2017,7,7,59.39,2,상계동,624,11350,,,
상계주공16(고층),1988,21700,2017,7,7,45.77,1,상계동,624,11350,,,
상계주공3(고층),1987,39800,2017,7,7,59.2,7,상계동,730-2,11350,,,
상계주공5(저층),1987,35800,2017,7,7,31.98,3,상계동,721,11350,,,
상계주공7(고층),1988,32800,2017,7,7,41.3,7,상계동,691,11350,,,
상계주공8(저층),1988,39000,2017,7,7,47.25,5,상계동,677,11350,,,
상계주공8(저층),1988,39000,2017,7,7,47.25,4,상계동,677,11350,,,
상계주공9(고층),1988,45000,2017,7,7,79.07,7,상계동,670,11350,,,
시영3차(라이프)아파트,1994,20500,2017,7,7,39.6,10,공릉동,715,11350,,,
양지마을(대림)1,1998,53800,2017,7,7,84.9,7,중계동,587,11350,,,
염광,1996,33000,2017,7,7,59.34,8,중계동,445,11350,,,
우남그랜드,2001,39300,2017,7,7,84.73,16,월계동,930,11350,,,
주공5,1992,23000,2017,7,7,44.94,9,중계동,359-1,11350,,,
주공5,1992,50000,2017,7,7,84.79,4,중계동,359-1,11350,,,
주공7,1993,21000,2017,7,7,44.1,4,중계동,363-1,11350,,,
중계그린1단지,1990,20250,2017,7,7,39.91,1,중계동,502-1,11350,,,
중계그린1단지,1990,28400,2017,7,7,49.5,2,중계동,502-1,11350,,,
중계그린1단지,1990,23400,2017,7,7,39.91,7,중계동,502-1,11350,,,
중계무지개,1991,33000,2017,7,7,59.26,11,중계동,512,11350,,,
중계무지개,1991,23000,2017,7,7,39.96,10,중계동,512,11350,,,
청구3,1996,61900,2017,7,7,84.77,5,중계동,360-2,11350,,,
초안산쌍용스윗닷홈,2006,39000,2017,7,7,84.69,12,월계동,945,11350,,,
태강아파트(아이파크),1999,35000,2017,7,7,59.34,7,공릉동,81,11350,,,
태강아파트(아이파크),1999,28000,2017,7,7,49.6,13,공릉동,81,11350,,,
풍림아파트A,2001,38000,2017,7,7,84.99,1,공릉동,725,11350,,,
한신1차,1987,24150,2017,7,7,53.96,3,상계동,135,11350,,,
한신3차,1990,37000,2017,7,7,84.59,7,상계동,458,11350,,,
한진한화그랑빌,2002,56000,2017,7,7,139.08,23,월계동,18,11350,,,
한진한화그랑빌,2002,38500,2017,7,7,59.94,5,월계동,18,11350,,,
화랑타운아파트,2000,47600,2017,7,7,84.65,7,공릉동,111,11350,,,
화랑타운아파트,2000,46300,2017,7,7,84.65,2,공릉동,111,11350,,,
화랑해링턴플레이스아파트,1999,31000,2017,7,7,59.84,17,공릉동,746,11350,,,
건영,1988,29300,2017,7,8,53.14,5,하계동,271-3,11350,,,
건영,1988,29000,2017,7,8,53.14,6,하계동,271-3,11350,,,
건영2,1991,34500,2017,7,8,75.02,1,중계동,515-2,11350,,,
건영3,1995,59000,2017,7,8,84.9,6,중계동,360-15,11350,,,
경남,1989,29950,2017,7,8,50.97,14,중계동,505,11350,,,
공릉동한보에센시티아파트,2000,31000,2017,7,8,59.4,17,공릉동,743,11350,,,
공릉해링턴플레이스,2000,68000,2017,7,8,134.914,10,공릉동,106,11350,,,
공릉해링턴플레이스,2000,55000,2017,7,8,99.917,4,공릉동,106,11350,,,
극동,1988,29500,2017,7,8,55.72,3,하계동,271-3,11350,,,
금호타운,1995,36500,2017,7,8,84.39,14,상계동,1270,11350,,,
금호타운(583),1997,31500,2017,7,8,59.52,14,중계동,583,11350,,,
금호타운(583),1997,30300,2017,7,8,59.52,15,중계동,583,11350,,,
꿈의숲SKVIEW,2016,49700,2017,7,8,84.93,4,월계동,949,11350,,,
꿈의숲SKVIEW,2016,51500,2017,7,8,84.93,13,월계동,949,11350,,,
꿈의숲SKVIEW,2016,40800,2017,7,8,59.92,3,월계동,949,11350,,,
대동아파트2,1999,30500,2017,7,8,59.34,9,공릉동,380-1,11350,,,
동아불암,1999,44250,2017,7,8,114.24,15,상계동,1285,11350,,,
두산힐스빌아파트,2000,35000,2017,7,8,60,3,공릉동,747,11350,,,
롯데(505),1989,43700,2017,7,8,72.49,11,중계동,505,11350,,,
롯데(505),1989,32800,2017,7,8,54.48,7,중계동,505,11350,,,
미도,1988,41000,2017,7,8,87.57,3,상계동,766-1,11350,,,
미륭,1986,35000,2017,7,8,51.48,12,월계동,13,11350,,,
미륭,1986,34500,2017,7,8,51.48,4,월계동,13,11350,,,
미성,1989,49000,2017,7,8,84.94,13,하계동,280,11350,,,
벽산,1989,40000,2017,7,8,84.89,3,상계동,173-1,11350,,,
벽산,1989,21900,2017,7,8,46.8,15,상계동,173-1,11350,,,
보람아파트,1988,40000,2017,7,8,79.25,10,상계동,639,11350,,,
보람아파트,1988,37500,2017,7,8,79.25,2,상계동,639,11350,,,
보람아파트,1988,27500,2017,7,8,54.59,3,상계동,639,11350,,,
비선아파트,1999,27600,2017,7,8,48.93,5,공릉동,109,11350,,,
삼익2차아파트,2004,39300,2017,7,8,83.409,7,공릉동,754,11350,,,
삼익2차아파트,2004,30000,2017,7,8,54.74,3,공릉동,754,11350,,,
삼익선경,1993,57500,2017,7,8,134.19,2,하계동,255-1,11350,,,
삼호3,1986,39450,2017,7,8,59.22,11,월계동,13,11350,,,
삼호3,1986,38000,2017,7,8,59.22,13,월계동,13,11350,,,
삼호4,1987,30450,2017,7,8,50.18,12,월계동,12,11350,,,
상계신동아,1995,27000,2017,7,8,59.4,6,상계동,463,11350,,,
상계주공12(고층),1988,36000,2017,7,8,61.52,8,상계동,647,11350,,,
상계주공12(고층),1988,34000,2017,7,8,58.01,15,상계동,647,11350,,,
상계주공12(고층),1988,24000,2017,7,8,41.3,1,상계동,647,11350,,,
상계주공13(고층),1989,26700,2017,7,8,49.94,4,상계동,637,11350,,,
상계주공14(고층),1989,32500,2017,7,8,59.39,5,상계동,626,11350,,,
상계주공2(고층),1987,27300,2017,7,8,38,9,상계동,740,11350,,,
상계주공3(고층),1987,47900,2017,7,8,73.94,15,상계동,730-2,11350,,,
상계주공5(저층),1987,29500,2017,7,8,31.98,5,상계동,721,11350,,,
상계주공6(고층),1988,37250,2017,7,8,59.2,2,상계동,720,11350,,,
상계주공8(저층),1988,29000,2017,7,8,38.52,3,상계동,677,11350,,,
상계주공8(저층),1988,40000,2017,7,8,47.25,2,상계동,677,11350,,,
상계주공9(고층),1988,32400,2017,7,8,49.94,10,상계동,670,11350,,,
상계주공9(고층),1988,37800,2017,7,8,61.52,9,상계동,670,11350,,,
상계현대3차,1999,38000,2017,7,8,84.96,4,상계동,1063,11350,,,
수락리버시티4단지,2009,35300,2017,7,8,59.9,7,상계동,1313,11350,,,
수락산벨리체,2000,55000,2017,7,8,134.94,5,상계동,1265,11350,,,
수락파크빌,2001,49500,2017,7,8,84.76,6,상계동,1269,11350,,,
신안,1999,48200,2017,7,8,84.93,2,중계동,590,11350,,,
신한양아파트,2002,27700,2017,7,8,83.85,2,공릉동,400-8,11350,,,
양우,2002,46900,2017,7,8,110.5345,17,상계동,1299,11350,,,
양지마을(대림)2,1999,34400,2017,7,8,59.4,5,중계동,588,11350,,,
우방,1999,27500,2017,7,8,59.74,3,하계동,353,11350,,,
우성,1988,47100,2017,7,8,84.91,13,하계동,270,11350,,,
은빛1단지,1998,30000,2017,7,8,59.95,4,상계동,1255,11350,,,
은빛1단지,1998,26900,2017,7,8,49.77,5,상계동,1255,11350,,,
은빛2단지,1998,31700,2017,7,8,59.95,13,상계동,1256,11350,,,
장미(시영6),1989,28900,2017,7,8,54.02,3,하계동,273,11350,,,
주공10,1995,38300,2017,7,8,58.14,5,중계동,360-16,11350,,,
주공2,1992,20900,2017,7,8,44.52,8,중계동,369,11350,,,
주공2,1992,19000,2017,7,8,44.52,1,중계동,369,11350,,,
주공2,1992,21500,2017,7,8,44.52,8,중계동,369,11350,,,
주공5,1992,48500,2017,7,8,76.51,4,중계동,359-1,11350,,,
주공5,1992,37000,2017,7,8,58.46,3,중계동,359-1,11350,,,
주공5,1992,24400,2017,7,8,44.52,5,중계동,359-1,11350,,,
중계그린1단지,1990,21500,2017,7,8,39.91,1,중계동,502-1,11350,,,
중계그린1단지,1990,29500,2017,7,8,49.5,3,중계동,502-1,11350,,,
중계무지개,1991,27500,2017,7,8,49.54,10,중계동,512,11350,,,
중계무지개,1991,28550,2017,7,8,49.54,5,중계동,512,11350,,,
청구3,1996,52000,2017,7,8,84.77,1,중계동,360-2,11350,,,
청구3,1996,57250,2017,7,8,84.77,12,중계동,360-2,11350,,,
청솔(시영7),1989,26950,2017,7,8,49.5,9,하계동,274,11350,,,
청솔(시영7),1989,24250,2017,7,8,49.5,2,하계동,274,11350,,,
청솔(시영7),1989,26400,2017,7,8,49.85,13,하계동,274,11350,,,
청암2단지,2001,31900,2017,7,8,59.96,10,상계동,1276,11350,,,
태강아파트(아이파크),1999,20500,2017,7,8,49.6,12,공릉동,81,11350,,,
풍림아이원,2005,40000,2017,7,8,59.149,8,월계동,944,11350,,,
풍림아파트A,2001,43000,2017,7,8,84.99,11,공릉동,725,11350,,,
풍림아파트B,2001,19300,2017,7,8,31.32,17,공릉동,727,11350,,,
하계1청구,1997,45500,2017,7,8,84.6,2,하계동,251,11350,,,
하계2현대,1997,54500,2017,7,8,84.896,9,하계동,288,11350,,,
하계2현대,1997,50000,2017,7,8,84.896,3,하계동,288,11350,,,
학여울청구,1999,43000,2017,7,8,84.77,1,하계동,354,11350,,,
학여울청구,1999,44000,2017,7,8,84.77,18,하계동,354,11350,,,
학여울청구,1999,46700,2017,7,8,84.77,9,하계동,354,11350,,,
한신1,1988,28000,2017,7,8,44.52,15,하계동,284,11350,,,
한신2차,1988,19900,2017,7,8,45.92,7,상계동,451,11350,,,
한신4차,1995,35000,2017,7,8,84.84,10,상계동,995,11350,,,
한진한화그랑빌,2002,46800,2017,7,8,84.97,19,월계동,18,11350,,,
한화꿈에그린,2005,49000,2017,7,8,84.902,5,중계동,598,11350,,,
현대,1988,43700,2017,7,8,71.68,4,하계동,270,11350,,,
현대(3차),1992,32000,2017,7,8,66.47,5,중계동,576,11350,,,
현대아파트,1984,39000,2017,7,8,86,1,공릉동,230,11350,,,
화랑타운아파트,2000,48500,2017,7,8,84.65,8,공릉동,111,11350,,,
공릉동한보에센시티아파트,2000,40500,2017,7,9,84.93,10,공릉동,743,11350,,,
삼호3,1986,39800,2017,7,9,59.22,5,월계동,13,11350,,,
상계주공10(저층),1988,35000,2017,7,9,54.54,3,상계동,666,11350,,,
상계주공9(고층),1988,26000,2017,7,9,41.3,6,상계동,670,11350,,,
수락리버시티4단지,2009,40000,2017,7,9,84.88,5,상계동,1313,11350,,,
중계그린1단지,1990,28950,2017,7,9,44.1,8,중계동,502-1,11350,,,
건영,1988,39000,2017,7,10,74.58,15,하계동,271-3,11350,,,
건영,1988,41000,2017,7,10,74.58,10,하계동,271-3,11350,,,
공릉해링턴플레이스,2000,67500,2017,7,10,134.914,11,공릉동,106,11350,,,
공릉해링턴플레이스,2000,55900,2017,7,10,99.917,13,공릉동,106,11350,,,
극동,1996,27500,2017,7,10,84.95,5,월계동,803-1,11350,,,
극동,1988,37000,2017,7,10,70.56,13,하계동,271-3,11350,,,
극동늘푸른,2000,41400,2017,7,10,84.514,7,상계동,1128,11350,,,
꿈의숲SKVIEW,2016,44300,2017,7,10,59.92,7,월계동,949,11350,,,
대우,1998,43900,2017,7,10,134.64,5,월계동,775,11350,,,
롯데우성,1993,71000,2017,7,10,115.26,10,중계동,361-1,11350,,,
벽산,1989,33000,2017,7,10,75.03,7,상계동,173-1,11350,,,
벽산,1989,39300,2017,7,10,84.89,12,상계동,173-1,11350,,,
보람아파트,1988,38900,2017,7,10,79.25,7,상계동,639,11350,,,
보람아파트,1988,38000,2017,7,10,79.25,2,상계동,639,11350,,,
사슴3,1995,19900,2017,7,10,39.6,14,월계동,320-11,11350,,,
삼호3,1986,40000,2017,7,10,59.22,8,월계동,13,11350,,,
상계대림,1989,27800,2017,7,10,59.67,1,상계동,172,11350,,,
상계주공1(고층),1988,34900,2017,7,10,58.01,8,상계동,765,11350,,,
상계주공1(고층),1988,26900,2017,7,10,41.3,11,상계동,765,11350,,,
상계주공12(고층),1988,40000,2017,7,10,66.56,4,상계동,647,11350,,,
상계주공14(고층),1989,35700,2017,7,10,59.39,7,상계동,626,11350,,,
상계주공14(저층),1989,46000,2017,7,10,84.41,3,상계동,626,11350,,,
상계주공16(고층),1988,24500,2017,7,10,45.77,6,상계동,624,11350,,,
상계주공9(고층),1988,32850,2017,7,10,58.01,1,상계동,670,11350,,,
상계주공9(고층),1988,26800,2017,7,10,45.9,6,상계동,670,11350,,,
상계주공9(고층),1988,32000,2017,7,10,49.94,9,상계동,670,11350,,,
서광,1994,40600,2017,7,10,84.61,3,월계동,922,11350,,,
장미(시영6),1989,21700,2017,7,10,43.41,2,하계동,273,11350,,,
주공2,1992,20000,2017,7,10,44.52,15,중계동,369,11350,,,
주공5,1992,21000,2017,7,10,38.64,11,중계동,359-1,11350,,,
주공5,1992,45800,2017,7,10,76.51,6,중계동,359-1,11350,,,
주공7,1993,21000,2017,7,10,44.1,2,중계동,363-1,11350,,,
중계그린1단지,1990,30850,2017,7,10,49.5,5,중계동,502-1,11350,,,
중계그린1단지,1990,31000,2017,7,10,59.87,4,중계동,502-1,11350,,,
중계현대2,1991,39300,2017,7,10,84.34,8,중계동,435-1,11350,,,
청솔(시영7),1989,26000,2017,7,10,49.85,15,하계동,274,11350,,,
청솔아파트9,2000,42000,2017,7,10,84.85,8,공릉동,90,11350,,,
태강아파트(아이파크),1999,24900,2017,7,10,49.6,2,공릉동,81,11350,,,
태강아파트(아이파크),1999,27400,2017,7,10,49.6,11,공릉동,81,11350,,,
태강아파트(아이파크),1999,27500,2017,7,10,49.6,11,공릉동,81,11350,,,
한신3차,1990,34000,2017,7,10,84.59,12,상계동,458,11350,,,
한진한화그랑빌,2002,39750,2017,7,10,59.94,8,월계동,18,11350,,,
한진한화그랑빌,2002,44500,2017,7,10,84.97,4,월계동,18,11350,,,
현대2(4차),1993,37300,2017,7,10,84.87,8,중계동,578,11350,,,
현대아파트,1984,32500,2017,7,10,61.94,1,공릉동,230,11350,,,
건영,1988,44500,2017,7,11,84.93,3,하계동,271-3,11350,,,
건영3,1995,50500,2017,7,11,84.9,1,중계동,360-15,11350,,,
대동아파트2,1999,39000,2017,7,11,114.95,2,공릉동,380-1,11350,,,
대동황토방,2001,42000,2017,7,11,84.97,15,상계동,1284,11350,,,
동신,1983,36300,2017,7,11,92.84,12,월계동,436,11350,,,
라이프,1993,62135,2017,7,11,115.65,3,중계동,366,11350,,,
롯데(505),1989,55000,2017,7,11,129.91,2,중계동,505,11350,,,
벽산,1988,31400,2017,7,11,57.71,5,하계동,271-3,11350,,,
벽산,1989,20000,2017,7,11,43.35,5,상계동,173-1,11350,,,
보람아파트,1988,28800,2017,7,11,54.59,11,상계동,639,11350,,,
보람아파트,1988,29500,2017,7,11,68.99,15,상계동,639,11350,,,
불암현대,1999,30900,2017,7,11,59.4,7,상계동,1293,11350,,,
삼익4단지아파트,1994,29500,2017,7,11,59.04,8,공릉동,714,11350,,,
삼호3,1986,40500,2017,7,11,59.22,13,월계동,13,11350,,,
상계불암대림,2000,45000,2017,7,11,114.81,2,상계동,1289,11350,,,
상계불암대림,2000,39800,2017,7,11,84.96,21,상계동,1289,11350,,,
상계주공14(고층),1989,30000,2017,7,11,49.94,9,상계동,626,11350,,,
상계주공14(고층),1989,24000,2017,7,11,45.55,10,상계동,626,11350,,,
상계주공14(고층),1989,30000,2017,7,11,49.94,2,상계동,626,11350,,,
상계주공3(고층),1987,40700,2017,7,11,58.01,15,상계동,730-2,11350,,,
상계주공8(저층),1988,29000,2017,7,11,31.95,5,상계동,677,11350,,,
상계주공9(고층),1988,30000,2017,7,11,49.94,2,상계동,670,11350,,,
시영3차(라이프)아파트,1994,20600,2017,7,11,39.6,14,공릉동,715,11350,,,
우국리더스빌,2006,32900,2017,7,11,65.6,4,공릉동,757,11350,,,
우남그랜드,2001,41000,2017,7,11,84.73,10,월계동,930,11350,,,
우방아파트,2000,38800,2017,7,11,84.881,1,공릉동,108,11350,,,
주공2,1992,19140,2017,7,11,44.52,14,월계동,556,11350,,,
주공2,1992,20800,2017,7,11,44.52,13,중계동,369,11350,,,
주공2,1992,20000,2017,7,11,44.52,15,중계동,369,11350,,,
주공2,1992,26400,2017,7,11,58.65,4,월계동,556,11350,,,
주공8,1993,26700,2017,7,11,49.72,2,중계동,362-1,11350,,,
주공8,1993,27500,2017,7,11,49.72,4,중계동,362-1,11350,,,
주공8,1993,28000,2017,7,11,49.72,9,중계동,362-1,11350,,,
중계무지개,1991,29000,2017,7,11,49.54,7,중계동,512,11350,,,
중계무지개,1991,22000,2017,7,11,39.96,10,중계동,512,11350,,,
청솔(시영7),1989,28000,2017,7,11,59.22,15,하계동,274,11350,,,
풍림아파트B,2001,18500,2017,7,11,31.32,4,공릉동,727,11350,,,
하계2현대,1997,42900,2017,7,11,75.35,12,하계동,288,11350,,,
한신4차,1995,35000,2017,7,11,84.84,3,상계동,995,11350,,,
한양,1988,49000,2017,7,11,86.62,4,상계동,757,11350,,,
한진한화그랑빌,2002,52000,2017,7,11,114.97,16,월계동,18,11350,,,
극동늘푸른,2000,27000,2017,7,12,59.958,1,상계동,1128,11350,,,
꿈의숲SKVIEW,2016,52000,2017,7,12,84.96,7,월계동,949,11350,,,
노원우성,1992,40000,2017,7,12,84.88,14,상계동,1251,11350,,,
뉴-동부아파트,2007,23900,2017,7,12,48.925,4,상계동,95-6,11350,,,
대동아파트,1999,27700,2017,7,12,59.83,8,공릉동,604-11,11350,,,
대주파크빌아파트,2003,37000,2017,7,12,81.12,11,공릉동,751,11350,,,
라이프,1993,67000,2017,7,12,115.65,15,중계동,366,11350,,,
롯데(505),1989,31000,2017,7,12,54.48,3,중계동,505,11350,,,
미도,1988,40800,2017,7,12,87.57,10,상계동,766-1,11350,,,
미륭,1986,35500,2017,7,12,51.48,11,월계동,13,11350,,,
미성,1986,28500,2017,7,12,33.28,2,월계동,13,11350,,,
벽산,1989,20300,2017,7,12,43.35,15,상계동,173-1,11350,,,
불암현대,1999,42000,2017,7,12,84.9,19,상계동,1293,11350,,,
비콘드림힐2,2005,42000,2017,7,12,84.52,7,상계동,1308,11350,,,
상계대림,1989,30000,2017,7,12,59.67,7,상계동,172,11350,,,
상계대림,1989,29800,2017,7,12,59.67,14,상계동,172,11350,,,
상계주공11(고층),1988,34500,2017,7,12,60.5,9,상계동,652,11350,,,
상계주공12(고층),1988,29000,2017,7,12,49.94,1,상계동,647,11350,,,
상계주공13(고층),1989,23500,2017,7,12,45.9,4,상계동,637,11350,,,
상계주공14(고층),1989,23000,2017,7,12,45.9,13,상계동,626,11350,,,
상계주공2(고층),1987,40000,2017,7,12,68.86,3,상계동,740,11350,,,
상계주공2(고층),1987,40000,2017,7,12,68.86,11,상계동,740,11350,,,
상계주공2(고층),1987,36000,2017,7,12,58.01,12,상계동,740,11350,,,
상계주공3(고층),1987,40200,2017,7,12,59.2,9,상계동,730-2,11350,,,
상계주공4(고층),1988,35750,2017,7,12,58.01,15,상계동,749-5,11350,,,
상계주공4(고층),1988,37440,2017,7,12,58.01,4,상계동,749-5,11350,,,
상계주공5(저층),1987,30000,2017,7,12,31.98,5,상계동,721,11350,,,
상계주공7(고층),1988,35000,2017,7,12,45.55,6,상계동,691,11350,,,
상계주공7(고층),1988,56000,2017,7,12,79.07,7,상계동,691,11350,,,
상계주공8(저층),1988,32000,2017,7,12,38.52,4,상계동,677,11350,,,
상아,1989,31000,2017,7,12,51.29,4,중계동,505,11350,,,
소담빌,2014,13000,2017,7,12,14.65,8,상계동,330-29,11350,,,
신성미소지움아파트,2004,39000,2017,7,12,84.929,5,공릉동,756,11350,,,
우방아파트,2000,44000,2017,7,12,84.881,12,공릉동,108,11350,,,
은빛1단지,1998,31000,2017,7,12,59.95,10,상계동,1255,11350,,,
은빛1단지,1998,18500,2017,7,12,39.7,2,상계동,1255,11350,,,
은빛2단지,1998,19000,2017,7,12,39.7,2,상계동,1256,11350,,,
은빛2단지,1998,19900,2017,7,12,39.7,15,상계동,1256,11350,,,
장미(시영6),1989,20000,2017,7,12,43.41,1,하계동,273,11350,,,
장미(시영6),1989,29000,2017,7,12,65.14,2,하계동,273,11350,,,
주공2,1992,22000,2017,7,12,44.52,14,중계동,369,11350,,,
주공2,1992,18000,2017,7,12,38.64,11,월계동,556,11350,,,
주공2,1992,36000,2017,7,12,84.815,12,월계동,556,11350,,,
주공2,1992,20800,2017,7,12,44.52,10,중계동,369,11350,,,
주공5,1992,50000,2017,7,12,84.79,3,중계동,359-1,11350,,,
주공5,1992,20000,2017,7,12,38.64,9,중계동,359-1,11350,,,
중계3우성,1999,46000,2017,7,12,84.87,13,중계동,585,11350,,,
중계그린1단지,1990,29000,2017,7,12,49.5,12,중계동,502-1,11350,,,
청구,1988,47000,2017,7,12,84.97,4,하계동,284,11350,,,
청암2단지,2001,25000,2017,7,12,49.77,14,상계동,1276,11350,,,
태릉우성아파트,1985,38500,2017,7,12,84.97,1,공릉동,254,11350,,,
풍림아이원,2005,46000,2017,7,12,84.303,9,월계동,944,11350,,,
풍림아파트A,2001,54300,2017,7,12,114.78,7,공릉동,725,11350,,,
하계1청구,1997,49900,2017,7,12,84.6,15,하계동,251,11350,,,
하계2현대,1997,47000,2017,7,12,84.51,5,하계동,288,11350,,,
한신2차,1988,18900,2017,7,12,45.92,11,상계동,451,11350,,,
한진한화그랑빌,2002,45500,2017,7,12,84.97,24,월계동,18,11350,,,
한진한화그랑빌,2002,46500,2017,7,12,84.97,9,월계동,18,11350,,,
한진한화그랑빌,2002,45500,2017,7,12,84.97,5,월계동,18,11350,,,
한화꿈에그린,2005,52000,2017,7,12,84.902,6,중계동,598,11350,,,
현대2차,1993,30000,2017,7,12,82.68,3,상계동,1078,11350,,,
현대아파트,1984,32000,2017,7,12,62.27,4,공릉동,230,11350,,,
건영3,1995,57000,2017,7,13,84.9,4,중계동,360-15,11350,,,
극동,1988,28000,2017,7,13,55.72,9,하계동,271-3,11350,,,
뉴-동부아파트,2007,31500,2017,7,13,84.83,2,상계동,95-6,11350,,,
대동황토방,2001,39500,2017,7,13,84.97,25,상계동,1284,11350,,,
동부아파트,1996,44000,2017,7,13,114.17,8,공릉동,705,11350,,,
동신,1983,29350,2017,7,13,70.81,12,월계동,436,11350,,,
동원베네스트,2005,32500,2017,7,13,59.854,4,월계동,940,11350,,,
두산힐스빌아파트,2000,34900,2017,7,13,59.76,6,공릉동,747,11350,,,
상계1차현대아파트,1993,32800,2017,7,13,82.94,5,상계동,1055,11350,,,
상계2차중앙하이츠,1998,36500,2017,7,13,59.82,9,상계동,1282,11350,,,
상계주공1(고층),1988,21000,2017,7,13,32.39,2,상계동,765,11350,,,
상계주공11(고층),1988,32000,2017,7,13,49.94,9,상계동,652,11350,,,
상계주공16(고층),1988,30000,2017,7,13,59.39,15,상계동,624,11350,,,
상계주공2(고층),1987,38000,2017,7,13,58.01,3,상계동,740,11350,,,
상계주공2(고층),1987,22900,2017,7,13,32.39,7,상계동,740,11350,,,
상계주공2(고층),1987,36400,2017,7,13,59.28,6,상계동,740,11350,,,
상계주공2(고층),1987,28500,2017,7,13,37.46,8,상계동,740,11350,,,
상계주공6(고층),1988,37000,2017,7,13,58.01,12,상계동,720,11350,,,
상계주공7(고층),1988,40000,2017,7,13,49.94,10,상계동,691,11350,,,
상계주공9(고층),1988,35000,2017,7,13,58.01,12,상계동,670,11350,,,
성북역신도브래뉴,2005,37000,2017,7,13,84.8437,2,월계동,941,11350,,,
양지마을(대림)2,1999,51450,2017,7,13,84.88,13,중계동,588,11350,,,
양지마을(대림)2,1999,57000,2017,7,13,114.81,15,중계동,588,11350,,,
임광,1989,64400,2017,7,13,122.18,13,상계동,694,11350,,,
장미(시영6),1989,29000,2017,7,13,54.02,11,하계동,273,11350,,,
주공2,1992,25500,2017,7,13,58.65,2,월계동,556,11350,,,
주공4,1991,18900,2017,7,13,45.77,1,중계동,358-2,11350,,,
주공6,1993,23400,2017,7,13,44.1,13,중계동,364-12,11350,,,
중계그린1단지,1990,28400,2017,7,13,49.5,2,중계동,502-1,11350,,,
중계그린1단지,1990,21900,2017,7,13,39.92,10,중계동,502-1,11350,,,
중계무지개,1991,23000,2017,7,13,39.96,5,중계동,512,11350,,,
중계무지개,1991,20500,2017,7,13,39.82,1,중계동,512,11350,,,
중계무지개,1991,22900,2017,7,13,39.82,2,중계동,512,11350,,,
중계스타클래스,2005,44800,2017,7,13,84.801,5,중계동,599,11350,,,
청구,1988,34500,2017,7,13,70.69,1,하계동,284,11350,,,
청백4,1998,25000,2017,7,13,59.4,6,월계동,781,11350,,,
청솔(시영7),1989,26800,2017,7,13,49.5,9,하계동,274,11350,,,
청암2단지,2001,30900,2017,7,13,59.4,16,상계동,1276,11350,,,
풍림아이원,2005,47000,2017,7,13,84.303,9,월계동,944,11350,,,
풍림아이원,2005,46000,2017,7,13,84.303,5,월계동,944,11350,,,
학여울청구,1999,48700,2017,7,13,84.77,8,하계동,354,11350,,,
한신1차,1987,25500,2017,7,13,53.96,10,상계동,135,11350,,,
한신3차,1990,28300,2017,7,13,60.44,4,상계동,458,11350,,,
한일유앤아이,2005,55000,2017,7,13,114.882,4,상계동,1309,11350,,,
한진한화그랑빌,2002,46000,2017,7,13,84.97,25,월계동,18,11350,,,
현대,2000,35750,2017,7,13,59.95,18,월계동,929,11350,,,
현대,1988,52000,2017,7,13,84.95,5,하계동,270,11350,,,
효성아파트,1995,43000,2017,7,13,84.66,5,공릉동,742,11350,,,
건영2,1991,42000,2017,7,14,84.96,5,중계동,515-2,11350,,,
대림벽산(363),1993,76000,2017,7,14,141.45,10,중계동,363,11350,,,
동신아파트,1999,51000,2017,7,14,114.98,10,공릉동,745,11350,,,
롯데우성,1993,69800,2017,7,14,115.26,4,중계동,361-1,11350,,,
미도,1988,41000,2017,7,14,87.57,3,상계동,766-1,11350,,,
미성,1986,33800,2017,7,14,50.14,5,월계동,13,11350,,,
미성,1986,34000,2017,7,14,50.14,13,월계동,13,11350,,,
미성,1986,35000,2017,7,14,50.14,13,월계동,13,11350,,,
미성,1986,35500,2017,7,14,50.14,6,월계동,13,11350,,,
보람아파트,1988,27900,2017,7,14,54.59,8,상계동,639,11350,,,
보람아파트,1988,33400,2017,7,14,68.99,5,상계동,639,11350,,,
보람아파트,1988,35000,2017,7,14,79.25,1,상계동,639,11350,,,
비선아파트,1999,27000,2017,7,14,48.6,6,공릉동,109,11350,,,
사슴3,1995,17000,2017,7,14,33.18,2,월계동,320-11,11350,,,
삼호3,1986,41500,2017,7,14,59.22,5,월계동,13,11350,,,
상계2차중앙하이츠,1998,59500,2017,7,14,134.97,20,상계동,1282,11350,,,
상계주공1(고층),1988,28000,2017,7,14,49.94,3,상계동,765,11350,,,
상계주공1(고층),1988,33000,2017,7,14,60.5,6,상계동,765,11350,,,
상계주공1(고층),1988,33800,2017,7,14,58.01,7,상계동,765,11350,,,
상계주공1(고층),1988,23000,2017,7,14,41.3,2,상계동,765,11350,,,
상계주공10(고층),1988,31800,2017,7,14,45.9,10,상계동,666,11350,,,
상계주공13(고층),1989,24700,2017,7,14,45.9,9,상계동,637,11350,,,
상계주공14(고층),1989,31000,2017,7,14,49.94,15,상계동,626,11350,,,
상계주공16(고층),1988,23500,2017,7,14,45.77,7,상계동,624,11350,,,
상계주공2(고층),1987,23000,2017,7,14,32.39,12,상계동,740,11350,,,
상계주공2(고층),1987,40000,2017,7,14,68.86,4,상계동,740,11350,,,
상계주공2(고층),1987,29000,2017,7,14,41.3,14,상계동,740,11350,,,
상계주공4(고층),1988,27000,2017,7,14,41.3,2,상계동,749-5,11350,,,
상계주공4(고층),1988,32000,2017,7,14,49.94,12,상계동,749-5,11350,,,
상계주공7(고층),1988,35000,2017,7,14,41.3,11,상계동,691,11350,,,
상계주공9(고층),1988,27500,2017,7,14,45.9,12,상계동,670,11350,,,
성원1,1996,48500,2017,7,14,84.78,22,중계동,580,11350,,,
성원2,1995,24700,2017,7,14,56.97,1,중계동,581,11350,,,
시영2단지(라이프)아파트,1994,19400,2017,7,14,39.6,2,공릉동,707,11350,,,
시영3차(라이프)아파트,1994,27000,2017,7,14,49.5,8,공릉동,715,11350,,,
신안,1999,50000,2017,7,14,84.93,15,중계동,590,11350,,,
양지마을(대림)1,1998,49500,2017,7,14,84.9,17,중계동,587,11350,,,
우방아파트,2000,35000,2017,7,14,61.151,15,공릉동,108,11350,,,
월계역신도브래뉴,2005,31700,2017,7,14,59.8587,7,월계동,942,11350,,,
은빛2단지,1998,21500,2017,7,14,39.69,13,상계동,1256,11350,,,
임광,1989,54000,2017,7,14,106.25,15,상계동,694,11350,,,
주공5,1992,20000,2017,7,14,38.64,14,중계동,359-1,11350,,,
주공5,1992,52000,2017,7,14,84.79,10,중계동,359-1,11350,,,
주공5,1992,38000,2017,7,14,58.46,6,중계동,359-1,11350,,,
주공6,1993,22800,2017,7,14,44.1,11,중계동,364-12,11350,,,
주공6,1993,23900,2017,7,14,44.1,5,중계동,364-12,11350,,,
주공6,1993,21800,2017,7,14,44.1,15,중계동,364-12,11350,,,
중계무지개,1991,23300,2017,7,14,39.96,3,중계동,512,11350,,,
중계무지개,1991,30000,2017,7,14,49.54,5,중계동,512,11350,,,
청구,1988,50000,2017,7,14,84.97,3,하계동,284,11350,,,
청솔(시영7),1989,26900,2017,7,14,59.87,1,하계동,274,11350,,,
청솔(시영7),1989,26000,2017,7,14,49.5,7,하계동,274,11350,,,
태강아파트(아이파크),1999,28500,2017,7,14,49.6,8,공릉동,81,11350,,,
하계1청구,1997,51000,2017,7,14,84.6,14,하계동,251,11350,,,
하계1청구,1997,48000,2017,7,14,84.6,1,하계동,251,11350,,,
한신동성,1993,55500,2017,7,14,112.24,8,하계동,256-5,11350,,,
한진한화그랑빌,2002,40000,2017,7,14,59.94,19,월계동,18,11350,,,
현대2차,1993,33000,2017,7,14,82.68,14,상계동,1078,11350,,,
건영2,1991,40700,2017,7,15,84.96,7,중계동,515-2,11350,,,
건영3,1995,59200,2017,7,15,84.9,5,중계동,360-15,11350,,,
건영아파트,1998,31000,2017,7,15,84.75,17,공릉동,404-3,11350,,,
건영장미아파트,1999,35700,2017,7,15,84.88,4,공릉동,744,11350,,,
경남,1989,49500,2017,7,15,84.97,4,중계동,505,11350,,,
경남아너스빌,2002,41800,2017,7,15,79.098,12,중계동,597,11350,,,
극동,1988,37500,2017,7,15,70.56,7,하계동,271-3,11350,,,
대림,1988,53700,2017,7,15,93.75,3,상계동,695,11350,,,
대명아파트,1989,26000,2017,7,15,66.24,3,공릉동,270-71,11350,,,
동신,1983,29900,2017,7,15,70.81,9,월계동,436,11350,,,
동신아파트,1999,51000,2017,7,15,114.98,17,공릉동,745,11350,,,
동아불암,1999,44000,2017,7,15,114.24,11,상계동,1285,11350,,,
동아불암,1999,41500,2017,7,15,84.9,9,상계동,1285,11350,,,
라이프,1993,59500,2017,7,15,115.65,1,중계동,366,11350,,,
롯데우성,1993,69200,2017,7,15,115.26,4,중계동,361-1,11350,,,
롯데캐슬루나,2006,42600,2017,7,15,84.9852,1,월계동,947,11350,,,
미성,1986,28600,2017,7,15,33.28,3,월계동,13,11350,,,
미성,1989,32000,2017,7,15,57.97,11,하계동,280,11350,,,
미성,1986,35000,2017,7,15,50.14,11,월계동,13,11350,,,
미성,1986,33000,2017,7,15,50.14,1,월계동,13,11350,,,
미성,1989,32200,2017,7,15,57.97,11,하계동,280,11350,,,
벽산,1988,30000,2017,7,15,57.71,6,하계동,271-3,11350,,,
벽산,1989,27500,2017,7,15,59.9,15,상계동,173-1,11350,,,
보람아파트,1988,26000,2017,7,15,54.59,1,상계동,639,11350,,,
보람아파트,1988,39000,2017,7,15,79.25,3,상계동,639,11350,,,
불암현대,1999,29500,2017,7,15,59.4,6,상계동,1293,11350,,,
사슴3,1995,17500,2017,7,15,33.18,2,월계동,320-11,11350,,,
삼성,1999,30000,2017,7,15,59.9,5,중계동,593,11350,,,
삼익2차아파트,2004,29000,2017,7,15,54.74,11,공릉동,754,11350,,,
삼익2차아파트,2004,31000,2017,7,15,54.74,10,공릉동,754,11350,,,
삼익아파트,1997,34500,2017,7,15,84.77,5,공릉동,690-2,11350,,,
삼호3,1986,40000,2017,7,15,59.22,8,월계동,13,11350,,,
삼호3,1986,40000,2017,7,15,59.22,13,월계동,13,11350,,,
상계주공10(고층),1988,41700,2017,7,15,66.56,6,상계동,666,11350,,,
상계주공10(고층),1988,46000,2017,7,15,68.86,4,상계동,666,11350,,,
상계주공12(고층),1988,28300,2017,7,15,49.94,1,상계동,647,11350,,,
상계주공14(고층),1989,23000,2017,7,15,45.9,1,상계동,626,11350,,,
상계주공14(고층),1989,26000,2017,7,15,41.3,7,상계동,626,11350,,,
상계주공16(고층),1988,32500,2017,7,15,59.39,8,상계동,624,11350,,,
상계주공16(고층),1988,25000,2017,7,15,45.77,14,상계동,624,11350,,,
상계주공2(고층),1987,35000,2017,7,15,60.5,4,상계동,740,11350,,,
상계주공2(고층),1987,40000,2017,7,15,58.01,7,상계동,740,11350,,,
상계주공2(고층),1987,37000,2017,7,15,58.01,12,상계동,740,11350,,,
상계주공4(고층),1988,35000,2017,7,15,58.01,15,상계동,749-5,11350,,,
상계주공9(고층),1988,26000,2017,7,15,45.9,6,상계동,670,11350,,,
상계주공9(고층),1988,45900,2017,7,15,79.07,7,상계동,670,11350,,,
시영2단지(라이프)아파트,1994,20900,2017,7,15,39.6,8,공릉동,707,11350,,,
양지마을(대림)1,1998,51800,2017,7,15,84.9,6,중계동,587,11350,,,
양지마을(대림)1,1998,53500,2017,7,15,84.9,8,중계동,587,11350,,,
양지마을(대림)1,1998,52000,2017,7,15,84.9,2,중계동,587,11350,,,
양지마을(대림)2,1999,51000,2017,7,15,84.88,13,중계동,588,11350,,,
양지마을(대림)2,1999,34400,2017,7,15,59.4,17,중계동,588,11350,,,
염광,1996,33000,2017,7,15,59.34,17,중계동,445,11350,,,
우국리더스빌,2006,25000,2017,7,15,49.6,10,공릉동,757,11350,,,
우방아파트,2000,41500,2017,7,15,84.881,11,공릉동,108,11350,,,
우성,1988,43250,2017,7,15,84.91,1,하계동,270,11350,,,
우성,1988,47300,2017,7,15,84.91,9,하계동,270,11350,,,
월계역신도브래뉴,2005,44500,2017,7,15,123.6546,7,월계동,942,11350,,,
은빛1단지,1998,25500,2017,7,15,49.77,13,상계동,1255,11350,,,
은빛2단지,1998,27000,2017,7,15,49.77,10,상계동,1256,11350,,,
장미(시영6),1989,29500,2017,7,15,54.02,7,하계동,273,11350,,,
주공2,1992,19000,2017,7,15,44.52,2,월계동,556,11350,,,
주공2,1992,20800,2017,7,15,44.52,12,월계동,556,11350,,,
주공5,1992,25000,2017,7,15,44.52,10,중계동,359-1,11350,,,
주공5,1992,24500,2017,7,15,44.52,13,중계동,359-1,11350,,,
주공5,1992,50000,2017,7,15,84.79,2,중계동,359-1,11350,,,
주공5,1992,24500,2017,7,15,44.52,4,중계동,359-1,11350,,,
주공5,1992,50000,2017,7,15,84.79,15,중계동,359-1,11350,,,
주공5,1992,22000,2017,7,15,44.52,2,중계동,359-1,11350,,,
주공5,1992,37000,2017,7,15,58.46,12,중계동,359-1,11350,,,
주공5,1992,23000,2017,7,15,44.52,3,중계동,359-1,11350,,,
주공6,1993,23800,2017,7,15,44.1,13,중계동,364-12,11350,,,
주공6,1993,23000,2017,7,15,44.1,15,중계동,364-12,11350,,,
주공7,1993,18800,2017,7,15,44.1,1,중계동,363-1,11350,,,
주공8,1993,24000,2017,7,15,49.72,1,중계동,362-1,11350,,,
주공8,1993,27500,2017,7,15,49.72,8,중계동,362-1,11350,,,
중계3벽산,1999,31800,2017,7,15,59.88,7,중계동,592,11350,,,
중계3벽산,1999,45800,2017,7,15,85,9,중계동,592,11350,,,
중계그린1단지,1990,29000,2017,7,15,49.5,4,중계동,502-1,11350,,,
중계그린1단지,1990,25500,2017,7,15,39.78,10,중계동,502-1,11350,,,
중계무지개,1991,33000,2017,7,15,59.26,6,중계동,512,11350,,,
중계무지개,1991,24500,2017,7,15,39.82,5,중계동,512,11350,,,
중계무지개,1991,23800,2017,7,15,39.96,8,중계동,512,11350,,,
중계무지개,1991,26000,2017,7,15,49.89,2,중계동,512,11350,,,
진로유통조합대림,1992,35800,2017,7,15,84.94,2,중계동,78,11350,,,
청구,1988,48000,2017,7,15,84.97,6,하계동,284,11350,,,
청구3,1996,61750,2017,7,15,84.77,9,중계동,360-2,11350,,,
청구3,1996,53750,2017,7,15,84.77,2,중계동,360-2,11350,,,
청구3,1996,62000,2017,7,15,84.77,12,중계동,360-2,11350,,,
청솔(시영7),1989,27800,2017,7,15,49.5,14,하계동,274,11350,,,
청솔(시영7),1989,25900,2017,7,15,49.5,13,하계동,274,11350,,,
청솔(시영7),1989,27400,2017,7,15,49.5,11,하계동,274,11350,,,
청솔(시영7),1989,25100,2017,7,15,49.5,10,하계동,274,11350,,,
청암1단지,2001,45000,2017,7,15,84.8,14,상계동,1275,11350,,,
초안1,1998,17200,2017,7,15,39.6,9,월계동,923,11350,,,
태강아파트(아이파크),1999,32000,2017,7,15,59.34,1,공릉동,81,11350,,,
태강아파트(아이파크),1999,29000,2017,7,15,49.6,6,공릉동,81,11350,,,
태강아파트(아이파크),1999,26800,2017,7,15,49.6,7,공릉동,81,11350,,,
풍림아이원,2005,46000,2017,7,15,84.303,17,월계동,944,11350,,,
풍림아파트A,2001,37800,2017,7,15,59.94,20,공릉동,725,11350,,,
하계1청구,1997,52000,2017,7,15,84.6,13,하계동,251,11350,,,
한신2,1988,21800,2017,7,15,35.28,2,하계동,284,11350,,,
한신4차,1995,33000,2017,7,15,84.84,9,상계동,995,11350,,,
한신4차,1995,34400,2017,7,15,84.84,12,상계동,995,11350,,,
한일휴니스빌,2013,13700,2017,7,15,12.42,12,공릉동,683-14,11350,,,
한진한화그랑빌,2002,40000,2017,7,15,59.94,13,월계동,18,11350,,,
한진한화그랑빌,2002,39900,2017,7,15,59.94,11,월계동,18,11350,,,
한진한화그랑빌,2002,45000,2017,7,15,84.97,2,월계동,18,11350,,,
한진한화그랑빌,2002,39800,2017,7,15,59.94,11,월계동,18,11350,,,
한화꿈에그린TheFIRST,2014,58800,2017,7,15,84.97,15,중계동,606,11350,,,
현대,1988,49800,2017,7,15,84.95,13,하계동,270,11350,,,
현대아파트,1984,33000,2017,7,15,62.27,3,공릉동,230,11350,,,
화랑타운아파트,2000,48500,2017,7,15,84.74,8,공릉동,111,11350,,,
공릉해링턴플레이스,2000,63000,2017,7,16,134.914,3,공릉동,106,11350,,,
꿈의숲SKVIEW,2016,51000,2017,7,16,84.96,7,월계동,949,11350,,,
삼익아파트,1997,38500,2017,7,16,100.82,8,공릉동,690-2,11350,,,
상계불암대림,2000,42950,2017,7,16,84.96,12,상계동,1289,11350,,,
상계주공10(고층),1988,32000,2017,7,16,45.9,13,상계동,666,11350,,,
상계주공12(고층),1988,23900,2017,7,16,41.3,2,상계동,647,11350,,,
상계주공7(고층),1988,45000,2017,7,16,59.39,13,상계동,691,11350,,,
시영2단지(라이프)아파트,1994,20500,2017,7,16,39.6,5,공릉동,707,11350,,,
우남(저층),1984,40000,2017,7,16,93.36,4,월계동,492-1,11350,,,
건영,1988,43000,2017,7,17,74.58,8,하계동,271-3,11350,,,
건영2,1991,42000,2017,7,17,84.96,14,중계동,515-2,11350,,,
경남,1989,31500,2017,7,17,50.97,13,중계동,505,11350,,,
경남,1989,49000,2017,7,17,84.97,6,중계동,505,11350,,,
공릉동한보에센시티아파트,2000,31000,2017,7,17,59.4,8,공릉동,743,11350,,,
극동,1988,37000,2017,7,17,70.56,15,하계동,271-3,11350,,,
꿈의숲SKVIEW,2016,51500,2017,7,17,84.93,16,월계동,949,11350,,,
노원프레미어스엠코,2016,55000,2017,7,17,84.0408,29,공릉동,670-20,11350,,,
대동황토방,2001,35400,2017,7,17,60,20,상계동,1284,11350,,,
대림벽산(363),1993,77500,2017,7,17,141.45,3,중계동,363,11350,,,
대아2차아파트,2000,36500,2017,7,17,84.6,3,공릉동,492-1,11350,,,
동부아파트,1996,37300,2017,7,17,84.79,11,공릉동,705,11350,,,
동부아파트,1996,37000,2017,7,17,84.79,15,공릉동,705,11350,,,
동신,1983,29000,2017,7,17,71.77,9,월계동,436,11350,,,
동신,1983,30650,2017,7,17,71.14,9,월계동,436,11350,,,
동신아파트,1999,51000,2017,7,17,114.98,12,공릉동,745,11350,,,
동신아파트,1999,31000,2017,7,17,59.99,6,공릉동,745,11350,,,
롯데(505),1989,57800,2017,7,17,129.91,2,중계동,505,11350,,,
미도,1988,43000,2017,7,17,87.57,4,상계동,766-1,11350,,,
미도,1988,39500,2017,7,17,87.57,2,상계동,766-1,11350,,,
미륭,1986,35000,2017,7,17,51.48,2,월계동,13,11350,,,
미성,1986,34900,2017,7,17,50.14,14,월계동,13,11350,,,
미성,1986,30400,2017,7,17,33.28,4,월계동,13,11350,,,
미성,1986,31000,2017,7,17,33.28,1,월계동,13,11350,,,
미성,1986,35000,2017,7,17,50.14,7,월계동,13,11350,,,
벽산,1989,20950,2017,7,17,43.35,15,상계동,173-1,11350,,,
삼성,1999,52000,2017,7,17,114.67,9,중계동,593,11350,,,
삼창,1984,24800,2017,7,17,56.59,9,월계동,448-3,11350,,,
삼호3,1986,38700,2017,7,17,59.22,2,월계동,13,11350,,,
삼호3,1986,40000,2017,7,17,59.22,10,월계동,13,11350,,,
삼호3,1986,42000,2017,7,17,59.22,5,월계동,13,11350,,,
삼호4,1987,31000,2017,7,17,50.18,3,월계동,12,11350,,,
삼호4,1987,31800,2017,7,17,50.18,11,월계동,12,11350,,,
상계1차현대아파트,1993,32500,2017,7,17,83.92,5,상계동,1055,11350,,,
상계1차현대아파트,1993,34900,2017,7,17,83.92,7,상계동,1055,11350,,,
상계2차중앙하이츠,1998,37900,2017,7,17,59.82,15,상계동,1282,11350,,,
상계대림,1989,41000,2017,7,17,84.91,14,상계동,172,11350,,,
상계우방유쉘,2000,50000,2017,7,17,116.46,13,상계동,1295,11350,,,
상계주공11(고층),1988,51300,2017,7,17,79.07,7,상계동,652,11350,,,
상계주공11(고층),1988,33000,2017,7,17,60.5,10,상계동,652,11350,,,
상계주공16(고층),1988,38000,2017,7,17,79.07,1,상계동,624,11350,,,
상계주공6(고층),1988,40000,2017,7,17,58.01,11,상계동,720,11350,,,
상계주공9(고층),1988,32000,2017,7,17,49.94,6,상계동,670,11350,,,
상계주공9(고층),1988,46500,2017,7,17,79.07,5,상계동,670,11350,,,
성원(사슴4),1995,24000,2017,7,17,49.92,5,월계동,322-1,11350,,,
세양청마루,2005,37650,2017,7,17,84.957,2,월계동,943,11350,,,
신원아파트,2000,35500,2017,7,17,84.99,6,공릉동,370-4,11350,,,
신일,1998,35300,2017,7,17,84.94,10,중계동,589,11350,,,
양지마을(대림)2,1999,57600,2017,7,17,114.81,8,중계동,588,11350,,,
염광,1996,34000,2017,7,17,59.34,7,중계동,445,11350,,,
은빛1단지,1998,30100,2017,7,17,59.95,3,상계동,1255,11350,,,
장미(시영6),1989,23500,2017,7,17,43.41,9,하계동,273,11350,,,
주공10,1995,39500,2017,7,17,58.14,11,중계동,360-16,11350,,,
주공2,1992,27000,2017,7,17,58.65,4,월계동,556,11350,,,
주공2,1992,22000,2017,7,17,44.52,10,중계동,369,11350,,,
주공5,1992,21000,2017,7,17,38.64,14,중계동,359-1,11350,,,
주공5,1992,18000,2017,7,17,38.64,1,중계동,359-1,11350,,,
주공6,1993,24000,2017,7,17,44.1,4,중계동,364-12,11350,,,
주공7,1993,23200,2017,7,17,44.1,11,중계동,363-1,11350,,,
주공8,1993,26500,2017,7,17,49.72,9,중계동,362-1,11350,,,
중계그린1단지,1990,24000,2017,7,17,39.78,10,중계동,502-1,11350,,,
중계그린1단지,1990,29500,2017,7,17,49.85,4,중계동,502-1,11350,,,
중계무지개,1991,28000,2017,7,17,49.89,1,중계동,512,11350,,,
청백4,1998,18500,2017,7,17,39.84,14,월계동,781,11350,,,
청솔(시영7),1989,27950,2017,7,17,49.5,8,하계동,274,11350,,,
청솔(시영7),1989,26800,2017,7,17,49.5,15,하계동,274,11350,,,
청솔아파트9,2000,40300,2017,7,17,84.85,4,공릉동,90,11350,,,
태강아파트(아이파크),1999,28200,2017,7,17,49.6,15,공릉동,81,11350,,,
태강아파트(아이파크),1999,27000,2017,7,17,49.6,8,공릉동,81,11350,,,
태강아파트(아이파크),1999,26900,2017,7,17,49.6,3,공릉동,81,11350,,,
한신1,1988,30000,2017,7,17,44.52,14,하계동,284,11350,,,
한신1,1988,17400,2017,7,17,27,15,하계동,284,11350,,,
한진한화그랑빌,2002,45000,2017,7,17,84.97,2,월계동,18,11350,,,
한화꿈에그린,2005,49700,2017,7,17,84.902,2,중계동,598,11350,,,
현대,1988,49500,2017,7,17,84.95,6,하계동,270,11350,,,
현대2차,1993,29000,2017,7,17,69.26,2,상계동,1078,11350,,,
현대아파트,1984,41000,2017,7,17,86,4,공릉동,230,11350,,,
현대아파트,1984,39000,2017,7,17,86,4,공릉동,230,11350,,,
화랑해링턴플레이스아파트,1999,39500,2017,7,17,84.75,5,공릉동,746,11350,,,
건영,1988,26800,2017,7,18,53.14,1,하계동,271-3,11350,,,
건영2,1991,38500,2017,7,18,75.02,14,중계동,515-2,11350,,,
공릉동한보에센시티아파트,2000,38000,2017,7,18,84.93,5,공릉동,743,11350,,,
대망드림힐1,2003,35000,2017,7,18,67.239,13,상계동,1304,11350,,,
대주파크빌아파트,2003,35800,2017,7,18,81.12,19,공릉동,751,11350,,,
라이프,1993,64000,2017,7,18,115.65,8,중계동,366,11350,,,
롯데(505),1989,48000,2017,7,18,84.97,5,중계동,505,11350,,,
롯데캐슬루나,2006,53000,2017,7,18,127.0318,3,월계동,947,11350,,,
벽산,1988,40300,2017,7,18,70.56,12,하계동,271-3,11350,,,
불암현대,1999,38900,2017,7,18,84.9,5,상계동,1293,11350,,,
삼익4단지아파트,1994,22000,2017,7,18,39.6,7,공릉동,714,11350,,,
상계주공10(저층),1988,30800,2017,7,18,47.34,1,상계동,666,11350,,,
상계주공12(고층),1988,25000,2017,7,18,41.3,6,상계동,647,11350,,,
상계주공13(고층),1989,24500,2017,7,18,45.9,5,상계동,637,11350,,,
상계주공14(고층),1989,26950,2017,7,18,41.3,10,상계동,626,11350,,,
상계주공2(고층),1987,40600,2017,7,18,58.01,6,상계동,740,11350,,,
상계주공2(고층),1987,31300,2017,7,18,41.3,5,상계동,740,11350,,,
상계주공3(고층),1987,40000,2017,7,18,59.2,7,상계동,730-2,11350,,,
상계주공4(고층),1988,24300,2017,7,18,41.3,1,상계동,749-5,11350,,,
상계주공4(고층),1988,25900,2017,7,18,41.3,1,상계동,749-5,11350,,,
상계주공6(고층),1988,40000,2017,7,18,58.01,4,상계동,720,11350,,,
상계주공6(고층),1988,40000,2017,7,18,59.39,15,상계동,720,11350,,,
상계주공9(고층),1988,31200,2017,7,18,49.94,4,상계동,670,11350,,,
상계현대3차,1999,37000,2017,7,18,84.96,8,상계동,1063,11350,,,
시영3차(라이프)아파트,1994,27400,2017,7,18,49.5,11,공릉동,715,11350,,,
신도1차아파트,2002,50000,2017,7,18,117.168,13,공릉동,748,11350,,,
양지마을(대림)2,1999,35000,2017,7,18,59.4,24,중계동,588,11350,,,
양지마을(대림)2,1999,52000,2017,7,18,114.81,17,중계동,588,11350,,,
우림루미아트1,2004,43500,2017,7,18,84.887,13,상계동,1306,11350,,,
우방,1999,38000,2017,7,18,83.12,7,하계동,353,11350,,,
우성,1988,48000,2017,7,18,84.91,10,하계동,270,11350,,,
은빛1단지,1998,25700,2017,7,18,49.77,13,상계동,1255,11350,,,
임광,1989,57300,2017,7,18,106.25,5,상계동,694,11350,,,
장미(시영6),1989,23000,2017,7,18,43.56,4,하계동,273,11350,,,
주공10,1995,39000,2017,7,18,58.14,9,중계동,360-16,11350,,,
주공2,1992,22500,2017,7,18,44.52,6,중계동,369,11350,,,
주공2,1992,21000,2017,7,18,44.52,5,중계동,369,11350,,,
주공2,1992,21500,2017,7,18,44.52,12,중계동,369,11350,,,
주공2,1992,21000,2017,7,18,44.52,3,중계동,369,11350,,,
주공4,1991,21800,2017,7,18,45.77,15,중계동,358-2,11350,,,
주공4,1991,29800,2017,7,18,59.39,3,중계동,358-2,11350,,,
주공5,1992,48000,2017,7,18,76.51,7,중계동,359-1,11350,,,
주공7,1993,22700,2017,7,18,44.1,4,중계동,363-1,11350,,,
주공7,1993,19700,2017,7,18,44.1,1,중계동,363-1,11350,,,
중계3벽산,1999,33400,2017,7,18,59.88,14,중계동,592,11350,,,
중계센트럴파크,2016,40000,2017,7,18,59.75,10,상계동,1322,11350,,,
중앙하이츠,1998,33500,2017,7,18,72.69,1,중계동,161-1,11350,,,
중앙하이츠(5지역),1996,28000,2017,7,18,59.99,8,상계동,1068,11350,,,
청솔(시영7),1989,25800,2017,7,18,49.85,15,하계동,274,11350,,,
청솔(시영7),1989,28000,2017,7,18,49.5,13,하계동,274,11350,,,
청암2단지,2001,23500,2017,7,18,49.77,1,상계동,1276,11350,,,
청암2단지,2001,30400,2017,7,18,59.4,4,상계동,1276,11350,,,
청암2단지,2001,22400,2017,7,18,49.77,1,상계동,1276,11350,,,
초안2,1997,22900,2017,7,18,49.6,12,월계동,924,11350,,,
초안2,1997,18400,2017,7,18,39.6,10,월계동,924,11350,,,
풍림아파트A,2001,44700,2017,7,18,84.99,3,공릉동,725,11350,,,
하계2현대,1997,42000,2017,7,18,75.35,3,하계동,288,11350,,,
한신2,1988,27975,2017,7,18,44.52,2,하계동,284,11350,,,
한신동성,1993,51500,2017,7,18,138.29,1,하계동,256-5,11350,,,
한진한화그랑빌,2002,46500,2017,7,18,84.97,22,월계동,18,11350,,,
현대,1988,51000,2017,7,18,84.95,11,하계동,270,11350,,,
현대아파트,1984,35000,2017,7,18,73.73,4,공릉동,230,11350,,,
화랑해링턴플레이스아파트,1999,40000,2017,7,18,84.75,3,공릉동,746,11350,,,
경남,1989,31650,2017,7,19,50.97,5,중계동,505,11350,,,
금호타운(583),1997,42200,2017,7,19,84.98,5,중계동,583,11350,,,
동신,1983,40000,2017,7,19,104.36,2,월계동,436,11350,,,
라이프,1993,65000,2017,7,19,115.65,9,중계동,366,11350,,,
미륭,1986,36000,2017,7,19,51.48,9,월계동,13,11350,,,
벽산,1989,23200,2017,7,19,46.8,4,상계동,173-1,11350,,,
벽산,1988,33200,2017,7,19,57.71,8,하계동,271-3,11350,,,
북부현대,1996,24850,2017,7,19,59.24,14,상계동,1273,11350,,,
삼성,1999,51000,2017,7,19,114.49,8,중계동,593,11350,,,
삼호4,1987,31500,2017,7,19,50.18,9,월계동,12,11350,,,
상계2차중앙하이츠,1998,47000,2017,7,19,84.6,23,상계동,1282,11350,,,
상계주공1(고층),1988,39900,2017,7,19,68.86,11,상계동,765,11350,,,
상계주공1(고층),1988,33900,2017,7,19,58.01,11,상계동,765,11350,,,
상계주공13(고층),1989,27500,2017,7,19,49.94,12,상계동,637,11350,,,
상계주공14(고층),1989,24500,2017,7,19,45.9,7,상계동,626,11350,,,
상계주공2(저층),1987,41000,2017,7,19,71.89,4,상계동,740,11350,,,
상계주공4(고층),1988,46500,2017,7,19,73.94,5,상계동,749-5,11350,,,
상계주공5(저층),1987,32000,2017,7,19,31.98,5,상계동,721,11350,,,
상계주공6(고층),1988,31800,2017,7,19,41.3,6,상계동,720,11350,,,
상계주공7(고층),1988,42750,2017,7,19,58.01,14,상계동,691,11350,,,
상계주공7(고층),1988,40000,2017,7,19,49.94,5,상계동,691,11350,,,
상계주공7(고층),1988,39800,2017,7,19,49.94,5,상계동,691,11350,,,
상계주공7(고층),1988,35000,2017,7,19,45.77,3,상계동,691,11350,,,
상계주공7(고층),1988,35000,2017,7,19,45.55,12,상계동,691,11350,,,
상계주공8(저층),1988,33000,2017,7,19,38.52,5,상계동,677,11350,,,
상계주공9(고층),1988,25700,2017,7,19,41.3,1,상계동,670,11350,,,
상계현대3차,1999,33000,2017,7,19,84.96,2,상계동,1063,11350,,,
상아,1989,50500,2017,7,19,84.97,5,중계동,505,11350,,,
성원1,1996,38100,2017,7,19,59.75,2,중계동,580,11350,,,
성원1,1996,49000,2017,7,19,84.78,11,중계동,580,11350,,,
소담빌,2014,12700,2017,7,19,14.65,10,상계동,330-29,11350,,,
시영2단지(라이프)아파트,1994,17400,2017,7,19,34.44,1,공릉동,707,11350,,,
신안,1999,39400,2017,7,19,59.97,5,중계동,590,11350,,,
염광,1996,32500,2017,7,19,59.34,10,중계동,445,11350,,,
월계흥화브라운빌,2004,36700,2017,7,19,84.91,12,월계동,939,11350,,,
유원,1998,30250,2017,7,19,84.93,20,월계동,880,11350,,,
은빛1단지,1998,28800,2017,7,19,59.95,2,상계동,1255,11350,,,
은빛1단지,1998,25000,2017,7,19,49.77,15,상계동,1255,11350,,,
임광,1989,64500,2017,7,19,122.18,9,상계동,694,11350,,,
주공2,1992,21000,2017,7,19,44.52,14,중계동,369,11350,,,
주공2,1992,18850,2017,7,19,44.52,11,월계동,556,11350,,,
주공2,1992,19500,2017,7,19,44.52,14,월계동,556,11350,,,
주공2,1992,19200,2017,7,19,44.52,10,월계동,556,11350,,,
주공2,1992,19102,2017,7,19,44.52,14,월계동,556,11350,,,
주공2,1992,19100,2017,7,19,44.52,14,월계동,556,11350,,,
주공2,1992,19102,2017,7,19,44.52,13,월계동,556,11350,,,
주공2,1992,20000,2017,7,19,44.52,2,중계동,369,11350,,,
주공2,1992,23000,2017,7,19,44.52,9,중계동,369,11350,,,
주공2,1992,20059,2017,7,19,44.52,14,월계동,556,11350,,,
주공5,1992,38000,2017,7,19,58.46,13,중계동,359-1,11350,,,
주공7,1993,22000,2017,7,19,44.1,6,중계동,363-1,11350,,,
중계그린1단지,1990,28500,2017,7,19,49.5,6,중계동,502-1,11350,,,
중계무지개,1991,34000,2017,7,19,59.26,11,중계동,512,11350,,,
청구3,1996,61000,2017,7,19,84.77,4,중계동,360-2,11350,,,
청암2단지,2001,30000,2017,7,19,59.4,6,상계동,1276,11350,,,
태강아파트(아이파크),1999,34800,2017,7,19,59.34,4,공릉동,81,11350,,,
하계2현대,1997,42000,2017,7,19,75.35,3,하계동,288,11350,,,
한신1,1988,28700,2017,7,19,44.52,10,하계동,284,11350,,,
한진한화그랑빌,2002,38500,2017,7,19,59.94,3,월계동,18,11350,,,
한화꿈에그린,2005,49200,2017,7,19,84.902,4,중계동,598,11350,,,
현대(3차),1992,46000,2017,7,19,84.35,9,중계동,576,11350,,,
현대2차,1993,33800,2017,7,19,82.68,11,상계동,1078,11350,,,
현대아파트,1984,31500,2017,7,19,62.27,3,공릉동,230,11350,,,
현대아파트,1984,41000,2017,7,19,86,1,공릉동,230,11350,,,
건영,1988,42400,2017,7,20,74.58,10,하계동,271-3,11350,,,
건영,1988,37500,2017,7,20,65.43,7,하계동,271-3,11350,,,
공감대,2005,41000,2017,7,20,124.23,5,상계동,95-274,11350,,,
녹천역두산위브아파트,2017,50000,2017,7,20,84.8514,6,월계동,950,11350,,,
대동황토방,2001,42000,2017,7,20,84.97,8,상계동,1284,11350,,,
대림,1988,53000,2017,7,20,93.75,1,상계동,695,11350,,,
동신,1983,30000,2017,7,20,70.81,4,월계동,436,11350,,,
두산,1994,18500,2017,7,20,41.85,14,상계동,1110,11350,,,
미성,1986,29000,2017,7,20,33.28,4,월계동,13,11350,,,
보람아파트,1988,28000,2017,7,20,54.59,12,상계동,639,11350,,,
불암현대,1999,40700,2017,7,20,84.9,5,상계동,1293,11350,,,
삼익4단지아파트,1994,22800,2017,7,20,39.6,12,공릉동,714,11350,,,
상계불암대림,2000,42500,2017,7,20,84.96,21,상계동,1289,11350,,,
상계우방유쉘,2000,30900,2017,7,20,59.93,12,상계동,1295,11350,,,
상계주공10(고층),1988,30800,2017,7,20,45.9,2,상계동,666,11350,,,
상계주공10(저층),1988,34000,2017,7,20,54.54,5,상계동,666,11350,,,
상계주공11(고층),1988,30000,2017,7,20,41.3,9,상계동,652,11350,,,
상계주공12(고층),1988,28450,2017,7,20,41.3,10,상계동,647,11350,,,
상계주공13(고층),1989,24500,2017,7,20,45.9,6,상계동,637,11350,,,
상계주공13(고층),1989,24800,2017,7,20,45.55,3,상계동,637,11350,,,
상계주공13(고층),1989,24700,2017,7,20,45.9,6,상계동,637,11350,,,
상계주공14(고층),1989,23500,2017,7,20,45.55,10,상계동,626,11350,,,
상계주공14(고층),1989,49500,2017,7,20,90.94,5,상계동,626,11350,,,
상계주공14(고층),1989,32000,2017,7,20,49.94,14,상계동,626,11350,,,
상계주공16(고층),1988,31000,2017,7,20,58.01,4,상계동,624,11350,,,
상계주공3(고층),1987,33000,2017,7,20,41.3,4,상계동,730-2,11350,,,
상계주공4(고층),1988,45500,2017,7,20,62.1,2,상계동,749-5,11350,,,
상계주공4(고층),1988,33000,2017,7,20,49.94,11,상계동,749-5,11350,,,
상계주공4(고층),1988,28000,2017,7,20,41.3,3,상계동,749-5,11350,,,
상계주공7(고층),1988,41000,2017,7,20,49.94,12,상계동,691,11350,,,
상계주공8(저층),1988,30000,2017,7,20,31.95,5,상계동,677,11350,,,
수락한신,1997,45000,2017,7,20,113.92,12,상계동,1277,11350,,,
양지마을(대림)1,1998,60000,2017,7,20,114.96,16,중계동,587,11350,,,
은빛1단지,1998,31800,2017,7,20,59.95,7,상계동,1255,11350,,,
은빛1단지,1998,19300,2017,7,20,39.7,4,상계동,1255,11350,,,
은빛1단지,1998,24500,2017,7,20,49.77,2,상계동,1255,11350,,,
장미(시영6),1989,21900,2017,7,20,43.41,1,하계동,273,11350,,,
장미(시영6),1989,23000,2017,7,20,43.56,1,하계동,273,11350,,,
장미(시영6),1989,34000,2017,7,20,64.62,4,하계동,273,11350,,,
주공2,1992,23000,2017,7,20,44.52,4,중계동,369,11350,,,
주공2,1992,21000,2017,7,20,44.52,11,월계동,556,11350,,,
주공4,1991,22000,2017,7,20,45.77,3,중계동,358-2,11350,,,
주공4,1991,32000,2017,7,20,59.39,4,중계동,358-2,11350,,,
주공4,1991,38000,2017,7,20,76.51,5,중계동,358-2,11350,,,
주공4,1991,33000,2017,7,20,59.39,6,중계동,358-2,11350,,,
주공6,1993,24900,2017,7,20,44.1,7,중계동,364-12,11350,,,
주공8,1993,26750,2017,7,20,49.72,15,중계동,362-1,11350,,,
주공8,1993,26700,2017,7,20,49.72,10,중계동,362-1,11350,,,
주공8,1993,28000,2017,7,20,49.72,3,중계동,362-1,11350,,,
주공8,1993,28000,2017,7,20,49.72,5,중계동,362-1,11350,,,
중계그린1단지,1990,23000,2017,7,20,39.91,4,중계동,502-1,11350,,,
중계그린1단지,1990,28000,2017,7,20,44.1,15,중계동,502-1,11350,,,
중계무지개,1991,23500,2017,7,20,39.96,9,중계동,512,11350,,,
중계무지개,1991,21500,2017,7,20,39.96,12,중계동,512,11350,,,
청구,1988,37000,2017,7,20,70.69,1,하계동,284,11350,,,
청솔(시영7),1989,25800,2017,7,20,49.5,7,하계동,274,11350,,,
초안1,1998,24200,2017,7,20,59.85,7,월계동,923,11350,,,
초안2,1997,23000,2017,7,20,49.6,8,월계동,924,11350,,,
풍림아이원,2005,41750,2017,7,20,59.149,8,월계동,944,11350,,,
풍림아파트A,2001,36700,2017,7,20,59.94,11,공릉동,725,11350,,,
하계2현대,1997,48000,2017,7,20,84.51,10,하계동,288,11350,,,
한일유앤아이,2005,54000,2017,7,20,114.882,6,상계동,1309,11350,,,
한진한화그랑빌,2002,55000,2017,7,20,114.97,18,월계동,18,11350,,,
한진한화그랑빌,2002,52500,2017,7,20,114.97,19,월계동,18,11350,,,
건영,2003,25000,2017,7,21,59.76,13,상계동,1321,11350,,,
건영2,1991,37300,2017,7,21,75.02,7,중계동,515-2,11350,,,
공릉동한보에센시티아파트,2000,29700,2017,7,21,59.4,10,공릉동,743,11350,,,
금호타운,1995,34600,2017,7,21,84.66,13,상계동,1270,11350,,,
금호타운(583),1997,42050,2017,7,21,84.98,3,중계동,583,11350,,,
금호타운(583),1997,30700,2017,7,21,59.52,8,중계동,583,11350,,,
대우,1998,40300,2017,7,21,99.98,11,월계동,775,11350,,,
동신,1983,38000,2017,7,21,92.84,8,월계동,436,11350,,,
동진,1988,15000,2017,7,21,41.85,4,중계동,103,11350,,,
동진신안,1993,59950,2017,7,21,101.99,14,중계동,364,11350,,,
두산,1994,25400,2017,7,21,58.65,1,상계동,1110,11350,,,
두산,1994,35000,2017,7,21,84.09,1,상계동,1110,11350,,,
롯데(505),1989,43500,2017,7,21,72.49,5,중계동,505,11350,,,
미도,1988,43000,2017,7,21,87.57,4,상계동,766-1,11350,,,
벽산,1989,21000,2017,7,21,43.35,4,상계동,173-1,11350,,,
사슴3,1995,18000,2017,7,21,33.18,10,월계동,320-11,11350,,,
삼호4,1987,32000,2017,7,21,50.18,8,월계동,12,11350,,,
상계1차중앙하이츠,1997,37000,2017,7,21,59.82,17,상계동,1279,11350,,,
상계대림,1989,30000,2017,7,21,59.67,15,상계동,172,11350,,,
상계불암대림,2000,42500,2017,7,21,84.96,9,상계동,1289,11350,,,
상계우방유쉘,2000,52630,2017,7,21,146.17,11,상계동,1295,11350,,,
상계우방유쉘,2000,43600,2017,7,21,84.94,16,상계동,1295,11350,,,
상계주공1(고층),1988,29600,2017,7,21,49.94,5,상계동,765,11350,,,
상계주공1(고층),1988,30200,2017,7,21,58.01,6,상계동,765,11350,,,
상계주공1(고층),1988,28800,2017,7,21,49.94,10,상계동,765,11350,,,
상계주공14(고층),1989,26000,2017,7,21,41.3,15,상계동,626,11350,,,
상계주공14(고층),1989,25700,2017,7,21,41.3,10,상계동,626,11350,,,
상계주공14(고층),1989,27500,2017,7,21,41.3,12,상계동,626,11350,,,
상계주공16(고층),1988,31000,2017,7,21,59.39,3,상계동,624,11350,,,
상계주공3(저층),1987,38000,2017,7,21,62.17,1,상계동,737,11350,,,
상계주공4(고층),1988,24000,2017,7,21,32.39,6,상계동,749-5,11350,,,
상계주공4(고층),1988,25300,2017,7,21,41.3,1,상계동,749-5,11350,,,
상계주공7(고층),1988,45000,2017,7,21,58.01,15,상계동,691,11350,,,
상계주공9(고층),1988,28000,2017,7,21,45.9,5,상계동,670,11350,,,
센트럴,2005,36000,2017,7,21,84.21,5,상계동,1373-2,11350,,,
시영2단지(라이프)아파트,1994,20200,2017,7,21,39.6,3,공릉동,707,11350,,,
신안,1999,50000,2017,7,21,84.93,6,중계동,590,11350,,,
양지마을(대림)1,1998,50300,2017,7,21,114.96,18,중계동,587,11350,,,
양지마을(대림)1,1998,40000,2017,7,21,59.88,4,중계동,587,11350,,,
양지마을(대림)2,1999,56800,2017,7,21,114.81,4,중계동,588,11350,,,
염광,1996,31600,2017,7,21,59.34,2,중계동,445,11350,,,
우림루미아트1,2004,50000,2017,7,21,114.747,8,상계동,1306,11350,,,
우방,1999,35700,2017,7,21,83.12,1,하계동,353,11350,,,
은빛1단지,1998,28000,2017,7,21,59.95,1,상계동,1255,11350,,,
은빛1단지,1998,29500,2017,7,21,59.95,15,상계동,1255,11350,,,
은빛2단지,1998,30850,2017,7,21,59.95,10,상계동,1256,11350,,,
주공2,1992,24000,2017,7,21,44.52,8,중계동,369,11350,,,
주공2,1992,19644,2017,7,21,44.52,12,월계동,556,11350,,,
주공2,1992,19788,2017,7,21,44.52,14,월계동,556,11350,,,
주공4,1991,42000,2017,7,21,84.79,2,중계동,358-2,11350,,,
주공4,1991,28500,2017,7,21,59.39,15,중계동,358-2,11350,,,
주공4,1991,32000,2017,7,21,59.39,13,중계동,358-2,11350,,,
주공5,1992,23000,2017,7,21,44.52,2,중계동,359-1,11350,,,
주공5,1992,39900,2017,7,21,58.46,7,중계동,359-1,11350,,,
주공5,1992,36000,2017,7,21,58.46,15,중계동,359-1,11350,,,
주공7,1993,22000,2017,7,21,44.1,5,중계동,363-1,11350,,,
주공8,1993,28900,2017,7,21,49.72,13,중계동,362-1,11350,,,
중계3벽산,1999,45400,2017,7,21,85,6,중계동,592,11350,,,
중계3우성,1999,31500,2017,7,21,59.94,5,중계동,585,11350,,,
중계그린1단지,1990,30500,2017,7,21,49.5,11,중계동,502-1,11350,,,
중계그린1단지,1990,31500,2017,7,21,49.5,8,중계동,502-1,11350,,,
중계그린1단지,1990,24000,2017,7,21,39.91,7,중계동,502-1,11350,,,
중계무지개,1991,23000,2017,7,21,39.96,6,중계동,512,11350,,,
청암2단지,2001,26000,2017,7,21,49.77,11,상계동,1276,11350,,,
풍림아이원,2005,44500,2017,7,21,84.303,3,월계동,944,11350,,,
풍림아파트A,2001,38300,2017,7,21,84.99,1,공릉동,725,11350,,,
학여울청구,1999,52500,2017,7,21,113.51,18,하계동,354,11350,,,
한신1차,1987,26000,2017,7,21,53.96,14,상계동,135,11350,,,
한신2차,1988,21000,2017,7,21,45.92,11,상계동,451,11350,,,
한진한화그랑빌,2002,48000,2017,7,21,84.97,4,월계동,18,11350,,,
현대아파트,1984,32400,2017,7,21,62.27,1,공릉동,230,11350,,,
건영2,1991,41000,2017,7,22,84.96,2,중계동,515-2,11350,,,
건영3,1995,58000,2017,7,22,84.9,10,중계동,360-15,11350,,,
공릉해링턴플레이스,2000,59900,2017,7,22,134.914,1,공릉동,106,11350,,,
금호타운(583),1997,31800,2017,7,22,59.52,10,중계동,583,11350,,,
금호타운(583),1997,31000,2017,7,22,59.52,9,중계동,583,11350,,,
대동황토방,2001,32100,2017,7,22,60,3,상계동,1284,11350,,,
대림벽산(363),1993,64750,2017,7,22,114.39,1,중계동,363,11350,,,
동신,1983,28800,2017,7,22,72.3,1,월계동,436,11350,,,
동신아파트,1999,29500,2017,7,22,59.99,4,공릉동,745,11350,,,
동진신안,1993,60500,2017,7,22,101.99,14,중계동,364,11350,,,
동진신안,1993,58000,2017,7,22,101.99,2,중계동,364,11350,,,
롯데(505),1989,32900,2017,7,22,54.48,13,중계동,505,11350,,,
롯데우성,1993,70000,2017,7,22,115.26,8,중계동,361-1,11350,,,
롯데우성,1993,65200,2017,7,22,101.88,11,중계동,361-1,11350,,,
롯데우성,1993,68500,2017,7,22,115.26,5,중계동,361-1,11350,,,
롯데캐슬루나,2006,46700,2017,7,22,84.9852,8,월계동,947,11350,,,
미도,1988,44500,2017,7,22,87.57,4,상계동,766-1,11350,,,
미성,1989,31000,2017,7,22,57.97,3,하계동,280,11350,,,
벽산,1989,24000,2017,7,22,46.8,11,상계동,173-1,11350,,,
벽산,1989,23000,2017,7,22,46.8,11,상계동,173-1,11350,,,
벽산,1989,30400,2017,7,22,59.9,12,상계동,173-1,11350,,,
보람아파트,1988,33000,2017,7,22,68.99,15,상계동,639,11350,,,
삼성,1999,30500,2017,7,22,59.9,7,중계동,593,11350,,,
삼성,1999,29300,2017,7,22,59.9,4,중계동,593,11350,,,
삼익2차아파트,2004,32500,2017,7,22,54.74,13,공릉동,754,11350,,,
삼익4단지아파트,1994,30500,2017,7,22,59.04,11,공릉동,714,11350,,,
삼호3,1986,40000,2017,7,22,59.22,1,월계동,13,11350,,,
삼호4,1987,31000,2017,7,22,50.18,9,월계동,12,11350,,,
상계주공1(고층),1988,29800,2017,7,22,49.94,12,상계동,765,11350,,,
상계주공1(고층),1988,38700,2017,7,22,68.86,9,상계동,765,11350,,,
상계주공1(저층),1988,42500,2017,7,22,84.41,4,상계동,765,11350,,,
상계주공10(고층),1988,32000,2017,7,22,45.77,15,상계동,666,11350,,,
상계주공11(고층),1988,32000,2017,7,22,59.2,2,상계동,652,11350,,,
상계주공13(고층),1989,25000,2017,7,22,45.9,10,상계동,637,11350,,,
상계주공14(고층),1989,25300,2017,7,22,45.9,13,상계동,626,11350,,,
상계주공14(고층),1989,24900,2017,7,22,45.9,2,상계동,626,11350,,,
상계주공2(고층),1987,40500,2017,7,22,68.86,12,상계동,740,11350,,,
상계주공2(고층),1987,38000,2017,7,22,68.86,1,상계동,740,11350,,,
상계주공2(고층),1987,41400,2017,7,22,58.01,11,상계동,740,11350,,,
상계주공3(고층),1987,36000,2017,7,22,59.2,10,상계동,730-2,11350,,,
상계주공4(고층),1988,29500,2017,7,22,37.46,9,상계동,749-5,11350,,,
상계주공5(저층),1987,35000,2017,7,22,31.98,2,상계동,721,11350,,,
상계주공6(고층),1988,40200,2017,7,22,59.39,5,상계동,720,11350,,,
상계주공6(고층),1988,40500,2017,7,22,58.01,15,상계동,720,11350,,,
상계주공6(고층),1988,31900,2017,7,22,37.46,3,상계동,720,11350,,,
상계주공6(고층),1988,34000,2017,7,22,37.46,4,상계동,720,11350,,,
상계주공7(고층),1988,35000,2017,7,22,45.77,1,상계동,691,11350,,,
상계주공7(고층),1988,35000,2017,7,22,41.3,5,상계동,691,11350,,,
상계주공9(고층),1988,33000,2017,7,22,49.94,3,상계동,670,11350,,,
상아,1989,58000,2017,7,22,114.57,4,중계동,505,11350,,,
수락산늘푸른,2009,53000,2017,7,22,123.82,7,상계동,1317,11350,,,
수락파크빌,2001,49000,2017,7,22,84.62,8,상계동,1269,11350,,,
양지마을(대림)1,1998,51000,2017,7,22,84.9,9,중계동,587,11350,,,
양지마을(대림)2,1999,43000,2017,7,22,84.88,1,중계동,588,11350,,,
양지마을(대림)2,1999,32000,2017,7,22,59.4,25,중계동,588,11350,,,
유원,1998,30500,2017,7,22,84.93,5,월계동,880,11350,,,
은빛1단지,1998,26000,2017,7,22,49.77,7,상계동,1255,11350,,,
은빛1단지,1998,22900,2017,7,22,39.7,6,상계동,1255,11350,,,
은빛2단지,1998,19000,2017,7,22,39.69,2,상계동,1256,11350,,,
은빛2단지,1998,29700,2017,7,22,59.95,2,상계동,1256,11350,,,
은빛2단지,1998,23000,2017,7,22,39.7,10,상계동,1256,11350,,,
장미(시영6),1989,28500,2017,7,22,54.02,7,하계동,273,11350,,,
장미(시영6),1989,33000,2017,7,22,64.88,5,하계동,273,11350,,,
주공2,1992,23000,2017,7,22,44.52,6,중계동,369,11350,,,
주공2,1992,20500,2017,7,22,44.52,15,중계동,369,11350,,,
주공2,1992,21500,2017,7,22,44.52,3,중계동,369,11350,,,
주공2,1992,18000,2017,7,22,44.52,1,월계동,556,11350,,,
주공2,1992,19000,2017,7,22,38.64,15,월계동,556,11350,,,
주공4,1991,31700,2017,7,22,59.39,10,중계동,358-2,11350,,,
주공4,1991,23700,2017,7,22,45.77,8,중계동,358-2,11350,,,
주공4,1991,29500,2017,7,22,59.39,15,중계동,358-2,11350,,,
주공5,1992,21000,2017,7,22,38.64,13,중계동,359-1,11350,,,
주공6,1993,24400,2017,7,22,44.1,7,중계동,364-12,11350,,,
주공7,1993,24000,2017,7,22,44.1,14,중계동,363-1,11350,,,
주공7,1993,23000,2017,7,22,44.1,14,중계동,363-1,11350,,,
주공8,1993,28500,2017,7,22,49.72,9,중계동,362-1,11350,,,
주공8,1993,26500,2017,7,22,49.72,15,중계동,362-1,11350,,,
주공8,1993,29900,2017,7,22,49.72,11,중계동,362-1,11350,,,
주공8,1993,28500,2017,7,22,49.72,13,중계동,362-1,11350,,,
중계그린1단지,1990,30000,2017,7,22,49.85,3,중계동,502-1,11350,,,
중계그린1단지,1990,31500,2017,7,22,49.5,8,중계동,502-1,11350,,,
중계무지개,1991,24000,2017,7,22,39.96,3,중계동,512,11350,,,
중계무지개,1991,22000,2017,7,22,39.82,1,중계동,512,11350,,,
청구,1988,47750,2017,7,22,84.97,9,하계동,284,11350,,,
청구,1988,37300,2017,7,22,70.69,1,하계동,284,11350,,,
청구3,1996,59000,2017,7,22,84.77,15,중계동,360-2,11350,,,
청구3,1996,56000,2017,7,22,84.77,4,중계동,360-2,11350,,,
청구3,1996,56000,2017,7,22,84.77,3,중계동,360-2,11350,,,
청솔(시영7),1989,22500,2017,7,22,39.92,4,하계동,274,11350,,,
청솔(시영7),1989,23900,2017,7,22,39.92,5,하계동,274,11350,,,
청암2단지,2001,25000,2017,7,22,49.77,4,상계동,1276,11350,,,
태강아파트(아이파크),1999,27800,2017,7,22,49.6,14,공릉동,81,11350,,,
태강아파트(아이파크),1999,26500,2017,7,22,49.6,2,공릉동,81,11350,,,
태강아파트(아이파크),1999,29400,2017,7,22,49.6,15,공릉동,81,11350,,,
하계2현대,1997,40800,2017,7,22,75.35,2,하계동,288,11350,,,
한신1,1988,21500,2017,7,22,35.28,1,하계동,284,11350,,,
한신1,1988,24000,2017,7,22,35.28,10,하계동,284,11350,,,
한신2차,1988,21000,2017,7,22,45.92,7,상계동,451,11350,,,
한신3차,1990,27000,2017,7,22,60.44,9,상계동,458,11350,,,
한신3차,1990,30000,2017,7,22,60.44,6,상계동,458,11350,,,
한일유앤아이,2005,38000,2017,7,22,59.877,19,상계동,1309,11350,,,
현대,2000,42900,2017,7,22,84.98,4,월계동,929,11350,,,
현대,2000,32700,2017,7,22,59.95,26,월계동,929,11350,,,
현대1(4차),1993,33200,2017,7,22,71.16,6,중계동,577,11350,,,
현대2차,1993,34000,2017,7,22,82.68,9,상계동,1078,11350,,,
현대4차,1995,34500,2017,7,22,84.99,11,상계동,1271,11350,,,
현대그린,1998,39500,2017,7,22,84.99,4,중계동,49,11350,,,
화랑타운아파트,2000,48400,2017,7,22,84.74,8,공릉동,111,11350,,,
화랑해링턴플레이스아파트,1999,39900,2017,7,22,84.75,1,공릉동,746,11350,,,
극동늘푸른,2000,30500,2017,7,23,59.958,3,상계동,1128,11350,,,
꿈의숲SKVIEW,2016,50000,2017,7,23,84.93,5,월계동,949,11350,,,
수락현대,1995,39500,2017,7,23,84.74,8,상계동,1272,11350,,,
신도1차아파트,2002,39900,2017,7,23,72.8129,19,공릉동,748,11350,,,
우성,1988,48000,2017,7,23,84.91,13,하계동,270,11350,,,
청솔아파트9,2000,43300,2017,7,23,84.99,4,공릉동,90,11350,,,
건영,1988,40000,2017,7,24,74.58,5,하계동,271-3,11350,,,
건영2,1991,42500,2017,7,24,84.96,3,중계동,515-2,11350,,,
건영3,1995,60000,2017,7,24,84.9,14,중계동,360-15,11350,,,
공릉우성아파트,1995,33400,2017,7,24,84.97,1,공릉동,738,11350,,,
공릉우성아파트,1995,30400,2017,7,24,59.26,7,공릉동,738,11350,,,
공릉해링턴플레이스,2000,51000,2017,7,24,99.917,3,공릉동,106,11350,,,
금호타운(583),1997,43900,2017,7,24,84.98,8,중계동,583,11350,,,
동신,1983,29400,2017,7,24,72.2,1,월계동,436,11350,,,
동양엔파트,2003,50000,2017,7,24,84.98,6,상계동,1305,11350,,,
동원베네스트,2005,31500,2017,7,24,59.854,2,월계동,940,11350,,,
두산,1994,29500,2017,7,24,58.65,10,상계동,1110,11350,,,
두산힐스빌아파트,2000,47900,2017,7,24,84.9,6,공릉동,747,11350,,,
롯데캐슬루나,2006,47000,2017,7,24,84.9852,11,월계동,947,11350,,,
미라보(성림),2006,35000,2017,7,24,84.5,13,상계동,1320,11350,,,
미성,1986,35900,2017,7,24,50.14,2,월계동,13,11350,,,
벽산,1989,22300,2017,7,24,46.8,15,상계동,173-1,11350,,,
벽산,1989,21500,2017,7,24,43.35,9,상계동,173-1,11350,,,
보람아파트,1988,23900,2017,7,24,44.33,4,상계동,639,11350,,,
불암현대,1999,31000,2017,7,24,59.4,11,상계동,1293,11350,,,
비선아파트,1999,27000,2017,7,24,48.6,5,공릉동,109,11350,,,
삼익아파트,1997,36000,2017,7,24,84.77,11,공릉동,690-2,11350,,,
삼호4,1987,37800,2017,7,24,59.49,2,월계동,12,11350,,,
상계주공11(고층),1988,32000,2017,7,24,41.3,10,상계동,652,11350,,,
상계주공14(고층),1989,28000,2017,7,24,41.3,9,상계동,626,11350,,,
상계주공16(고층),1988,29300,2017,7,24,58.01,13,상계동,624,11350,,,
상계주공2(고층),1987,42000,2017,7,24,58.01,4,상계동,740,11350,,,
상계주공3(고층),1987,34000,2017,7,24,41.3,8,상계동,730-2,11350,,,
상계주공4(고층),1988,26000,2017,7,24,41.3,1,상계동,749-5,11350,,,
상계주공4(고층),1988,31000,2017,7,24,49.94,15,상계동,749-5,11350,,,
상계주공6(고층),1988,41000,2017,7,24,58.01,6,상계동,720,11350,,,
상계주공6(고층),1988,42700,2017,7,24,58.01,9,상계동,720,11350,,,
상계주공8(저층),1988,31500,2017,7,24,31.95,3,상계동,677,11350,,,
상계주공8(저층),1988,31500,2017,7,24,31.95,3,상계동,677,11350,,,
성북맨션,1976,28500,2017,7,24,65.42,5,월계동,383-40,11350,,,
성원1,1996,40200,2017,7,24,59.75,9,중계동,580,11350,,,
수락파크빌,2001,49000,2017,7,24,84.62,8,상계동,1269,11350,,,
수락한신,1997,35000,2017,7,24,84.95,8,상계동,1277,11350,,,
시영3차(라이프)아파트,1994,22000,2017,7,24,39.6,3,공릉동,715,11350,,,
우남그랜드,2001,41000,2017,7,24,84.73,19,월계동,930,11350,,,
우방아파트,2000,40900,2017,7,24,84.881,1,공릉동,108,11350,,,
월계역신도브래뉴,2005,31800,2017,7,24,59.8587,15,월계동,942,11350,,,
월계역신도브래뉴,2005,30200,2017,7,24,59.8587,1,월계동,942,11350,,,
월계흥화브라운빌,2004,37000,2017,7,24,84.98,6,월계동,939,11350,,,
월계흥화브라운빌,2004,37500,2017,7,24,84.91,10,월계동,939,11350,,,
은빛1단지,1998,31900,2017,7,24,59.95,6,상계동,1255,11350,,,
은빛1단지,1998,23300,2017,7,24,39.7,13,상계동,1255,11350,,,
은빛2단지,1998,22200,2017,7,24,39.7,15,상계동,1256,11350,,,
장미(시영6),1989,23300,2017,7,24,43.41,3,하계동,273,11350,,,
주공2,1992,18050,2017,7,24,44.52,8,월계동,556,11350,,,
주공2,1992,18050,2017,7,24,44.52,13,월계동,556,11350,,,
주공2,1992,18050,2017,7,24,44.94,13,월계동,556,11350,,,
주공2,1992,18050,2017,7,24,44.94,14,월계동,556,11350,,,
주공2,1992,19900,2017,7,24,44.52,1,중계동,369,11350,,,
주공2,1992,22990,2017,7,24,44.52,11,중계동,369,11350,,,
주공2,1992,17500,2017,7,24,38.64,15,월계동,556,11350,,,
주공4,1991,43000,2017,7,24,84.79,4,중계동,358-2,11350,,,
주공5,1992,22000,2017,7,24,44.52,1,중계동,359-1,11350,,,
주공7,1993,22000,2017,7,24,44.1,15,중계동,363-1,11350,,,
주공7,1993,24000,2017,7,24,44.1,12,중계동,363-1,11350,,,
주공8,1993,27000,2017,7,24,49.72,9,중계동,362-1,11350,,,
주공8,1993,27000,2017,7,24,49.72,2,중계동,362-1,11350,,,
중계3벽산,1999,46000,2017,7,24,85,6,중계동,592,11350,,,
중계3벽산,1999,49000,2017,7,24,85,12,중계동,592,11350,,,
중계그린1단지,1990,25000,2017,7,24,39.92,3,중계동,502-1,11350,,,
중계그린1단지,1990,24500,2017,7,24,39.78,5,중계동,502-1,11350,,,
중계그린1단지,1990,32700,2017,7,24,49.5,4,중계동,502-1,11350,,,
중계무지개,1991,33000,2017,7,24,59.26,15,중계동,512,11350,,,
중앙하이츠,1998,39000,2017,7,24,84.98,16,중계동,161-1,11350,,,
청구,1988,50000,2017,7,24,84.97,7,하계동,284,11350,,,
청구3,1996,60900,2017,7,24,84.77,6,중계동,360-2,11350,,,
청백3,1998,25175,2017,7,24,59.4,9,월계동,780,11350,,,
청백4,1998,26000,2017,7,24,59.4,2,월계동,781,11350,,,
청솔(시영7),1989,29500,2017,7,24,59.22,3,하계동,274,11350,,,
청솔(시영7),1989,21000,2017,7,24,39.92,6,하계동,274,11350,,,
청솔(시영7),1989,30000,2017,7,24,59.87,12,하계동,274,11350,,,
청암2단지,2001,32000,2017,7,24,59.4,6,상계동,1276,11350,,,
청암2단지,2001,29500,2017,7,24,59.4,2,상계동,1276,11350,,,
태릉우성아파트,1985,41900,2017,7,24,84.97,4,공릉동,254,11350,,,
풍림아이원,2005,40800,2017,7,24,59.149,4,월계동,944,11350,,,
하계2현대,1997,48000,2017,7,24,84.51,12,하계동,288,11350,,,
학여울청구,1999,37000,2017,7,24,59.4,12,하계동,354,11350,,,
한진한화그랑빌,2002,49400,2017,7,24,84.97,27,월계동,18,11350,,,
한진한화그랑빌,2002,46000,2017,7,24,84.97,2,월계동,18,11350,,,
한진한화그랑빌,2002,39500,2017,7,24,59.94,7,월계동,18,11350,,,
한화꿈에그린,2005,50000,2017,7,24,84.902,3,중계동,598,11350,,,
현대1(4차),1993,35000,2017,7,24,84.99,1,중계동,577,11350,,,
현대2차,1993,31900,2017,7,24,82.68,2,상계동,1078,11350,,,
현대4차,1995,32800,2017,7,24,84.99,12,상계동,1271,11350,,,
현대그린,1998,39800,2017,7,24,84.99,8,중계동,49,11350,,,
건영,1988,38800,2017,7,25,74.58,2,하계동,271-3,11350,,,
건영2,1991,44000,2017,7,25,84.96,13,중계동,515-2,11350,,,
경남,1989,30000,2017,7,25,50.97,11,중계동,505,11350,,,
경남,1989,30000,2017,7,25,50.97,11,중계동,505,11350,,,
공릉우성아파트,1995,37000,2017,7,25,84.97,1,공릉동,738,11350,,,
금호타운(583),1997,31800,2017,7,25,59.52,5,중계동,583,11350,,,
노원현대,1997,48000,2017,7,25,84.78,9,상계동,359,11350,,,
동신,1983,27800,2017,7,25,71.14,1,월계동,436,11350,,,
동아불암,1999,35000,2017,7,25,84.9,1,상계동,1285,11350,,,
두산,1994,26800,2017,7,25,51.66,6,상계동,1110,11350,,,
두산,1994,39900,2017,7,25,84.09,8,상계동,1110,11350,,,
라이프,1993,59000,2017,7,25,115.65,1,중계동,366,11350,,,
미륭,1986,37000,2017,7,25,51.48,9,월계동,13,11350,,,
미성,1986,33000,2017,7,25,50.14,7,월계동,13,11350,,,
벽산,1989,29000,2017,7,25,59.9,6,상계동,173-1,11350,,,
벽산,1988,50000,2017,7,25,84.85,4,하계동,271-3,11350,,,
보람아파트,1988,29000,2017,7,25,54.59,8,상계동,639,11350,,,
보람아파트,1988,24600,2017,7,25,44.33,14,상계동,639,11350,,,
보람아파트,1988,29000,2017,7,25,54.59,6,상계동,639,11350,,,
불암현대,1999,31000,2017,7,25,59.4,5,상계동,1293,11350,,,
불암현대,1999,37800,2017,7,25,84.9,16,상계동,1293,11350,,,
사슴3,1995,18000,2017,7,25,33.18,4,월계동,320-11,11350,,,
삼성,1999,31000,2017,7,25,59.9,15,중계동,593,11350,,,
삼익4단지아파트,1994,22800,2017,7,25,39.6,13,공릉동,714,11350,,,
삼익포레스트아파트,1995,38500,2017,7,25,84.6,15,공릉동,737,11350,,,
삼창,1984,32300,2017,7,25,77.84,3,월계동,448-3,11350,,,
삼창,1984,31000,2017,7,25,77.84,12,월계동,448-3,11350,,,
삼호3,1986,40000,2017,7,25,59.22,14,월계동,13,11350,,,
삼호4,1987,33300,2017,7,25,50.18,5,월계동,12,11350,,,
상계주공10(고층),1988,42000,2017,7,25,61.52,14,상계동,666,11350,,,
상계주공11(고층),1988,36000,2017,7,25,58.01,15,상계동,652,11350,,,
상계주공11(고층),1988,36000,2017,7,25,60.5,12,상계동,652,11350,,,
상계주공12(고층),1988,30000,2017,7,25,49.94,7,상계동,647,11350,,,
상계주공14(고층),1989,35000,2017,7,25,59.39,14,상계동,626,11350,,,
상계주공14(고층),1989,24000,2017,7,25,45.9,3,상계동,626,11350,,,
상계주공16(고층),1988,34200,2017,7,25,59.39,12,상계동,624,11350,,,
상계주공16(고층),1988,27500,2017,7,25,59.39,5,상계동,624,11350,,,
상계주공2(저층),1987,51700,2017,7,25,84.41,4,상계동,740,11350,,,
상계주공3(고층),1987,41500,2017,7,25,59.2,13,상계동,730-2,11350,,,
상계주공3(고층),1987,53800,2017,7,25,73.94,6,상계동,730-2,11350,,,
상계주공3(고층),1987,40000,2017,7,25,59.2,15,상계동,730-2,11350,,,
상계주공3(고층),1987,34000,2017,7,25,37.46,3,상계동,730-2,11350,,,
상계주공4(고층),1988,27000,2017,7,25,41.3,15,상계동,749-5,11350,,,
상계주공6(고층),1988,38000,2017,7,25,58.01,12,상계동,720,11350,,,
상계주공7(고층),1988,43800,2017,7,25,59.39,6,상계동,691,11350,,,
상계주공8(저층),1988,32000,2017,7,25,38.52,5,상계동,677,11350,,,
상계주공9(고층),1988,28000,2017,7,25,41.3,15,상계동,670,11350,,,
성원1,1996,49500,2017,7,25,84.78,16,중계동,580,11350,,,
신동아(366),1993,59800,2017,7,25,115.35,1,중계동,366,11350,,,
신동아(366),1993,69900,2017,7,25,115.35,14,중계동,366,11350,,,
신동아(366),1993,66300,2017,7,25,115.35,4,중계동,366,11350,,,
신성미소지움아파트,2004,40000,2017,7,25,84.929,15,공릉동,756,11350,,,
신안,1999,37400,2017,7,25,59.97,2,중계동,590,11350,,,
신일,1998,36800,2017,7,25,84.94,9,중계동,589,11350,,,
염광,1996,50900,2017,7,25,131.25,25,중계동,445,11350,,,
우국리더스빌,2006,25700,2017,7,25,49.6,7,공릉동,757,11350,,,
우성,1988,61000,2017,7,25,127.22,15,하계동,270,11350,,,
은빛1단지,1998,28800,2017,7,25,59.92,15,상계동,1255,11350,,,
은빛1단지,1998,28800,2017,7,25,59.95,2,상계동,1255,11350,,,
은빛2단지,1998,20900,2017,7,25,39.7,3,상계동,1256,11350,,,
은빛2단지,1998,27800,2017,7,25,49.77,8,상계동,1256,11350,,,
주공2,1992,21500,2017,7,25,44.52,3,중계동,369,11350,,,
주공5,1992,54700,2017,7,25,84.79,9,중계동,359-1,11350,,,
주공6,1993,23500,2017,7,25,44.1,15,중계동,364-12,11350,,,
주공7,1993,23900,2017,7,25,44.1,7,중계동,363-1,11350,,,
주공8,1993,26800,2017,7,25,49.72,1,중계동,362-1,11350,,,
중계그린1단지,1990,32000,2017,7,25,59.87,7,중계동,502-1,11350,,,
중계그린1단지,1990,23500,2017,7,25,39.92,5,중계동,502-1,11350,,,
중계무지개,1991,23000,2017,7,25,39.82,1,중계동,512,11350,,,
중계무지개,1991,30400,2017,7,25,49.54,10,중계동,512,11350,,,
중계무지개,1991,29500,2017,7,25,49.54,6,중계동,512,11350,,,
청구(366),1993,66000,2017,7,25,115.47,14,중계동,366,11350,,,
청백4,1998,36000,2017,7,25,84.54,10,월계동,781,11350,,,
청백4,1998,27000,2017,7,25,59.4,11,월계동,781,11350,,,
청솔(시영7),1989,25500,2017,7,25,49.5,7,하계동,274,11350,,,
청솔아파트9,2000,40000,2017,7,25,84.99,3,공릉동,90,11350,,,
청암2단지,2001,26500,2017,7,25,49.77,9,상계동,1276,11350,,,
초안1,1998,22000,2017,7,25,49.6,4,월계동,923,11350,,,
초안1,1998,23900,2017,7,25,59.85,7,월계동,923,11350,,,
초안1,1998,22000,2017,7,25,49.6,8,월계동,923,11350,,,
초안1,1998,22800,2017,7,25,49.6,13,월계동,923,11350,,,
탑스빌아파트(101동),2006,35000,2017,7,25,83.68,10,공릉동,690-10,11350,,,
태릉우성아파트,1985,34900,2017,7,25,66.87,8,공릉동,254,11350,,,
태승훼미리아파트,2009,22000,2017,7,25,45.31,9,공릉동,759,11350,,,
학여울청구,1999,45800,2017,7,25,84.77,2,하계동,354,11350,,,
한일유앤아이,2005,35850,2017,7,25,59.877,1,상계동,1309,11350,,,
한진한화그랑빌,2002,47000,2017,7,25,84.97,6,월계동,18,11350,,,
한진한화그랑빌,2002,49000,2017,7,25,84.97,8,월계동,18,11350,,,
한진한화그랑빌,2002,46300,2017,7,25,84.97,5,월계동,18,11350,,,
현대,2000,32900,2017,7,25,59.95,26,월계동,929,11350,,,
화인상가,1994,22000,2017,7,25,59.31,7,중계동,579,11350,,,
건영,1988,31500,2017,7,26,53.14,7,하계동,271-3,11350,,,
건영,1988,46800,2017,7,26,84.93,14,하계동,271-3,11350,,,
건영2,1991,45000,2017,7,26,84.96,10,중계동,515-2,11350,,,
건영3,1995,60000,2017,7,26,84.9,14,중계동,360-15,11350,,,
건영3,1995,52500,2017,7,26,84.9,2,중계동,360-15,11350,,,
건영3,1995,59000,2017,7,26,84.9,9,중계동,360-15,11350,,,
건영3,1995,58000,2017,7,26,84.9,5,중계동,360-15,11350,,,
경남아너스빌,2002,43000,2017,7,26,79.098,17,중계동,597,11350,,,
공릉동한보에센시티아파트,2000,33000,2017,7,26,84.93,1,공릉동,743,11350,,,
꿈의숲SKVIEW,2016,52800,2017,7,26,84.96,7,월계동,949,11350,,,
꿈의숲SKVIEW,2016,53000,2017,7,26,84.96,20,월계동,949,11350,,,
동아불암,1999,45700,2017,7,26,114.24,14,상계동,1285,11350,,,
동진신안,1993,57700,2017,7,26,101.99,2,중계동,364,11350,,,
라이프,1993,68000,2017,7,26,115.65,6,중계동,366,11350,,,
라이프,1993,67500,2017,7,26,115.65,13,중계동,366,11350,,,
롯데우성,1993,70000,2017,7,26,115.26,7,중계동,361-1,11350,,,
롯데우성,1993,61500,2017,7,26,115.26,1,중계동,361-1,11350,,,
미성,1986,31500,2017,7,26,33.28,5,월계동,13,11350,,,
벽산,1989,30000,2017,7,26,59.9,9,상계동,173-1,11350,,,
보람아파트,1988,38400,2017,7,26,79.25,2,상계동,639,11350,,,
보람아파트,1988,29500,2017,7,26,54.59,2,상계동,639,11350,,,
보람아파트,1988,23700,2017,7,26,44.33,8,상계동,639,11350,,,
보람아파트,1988,35000,2017,7,26,68.99,3,상계동,639,11350,,,
불암현대,1999,42500,2017,7,26,84.9,11,상계동,1293,11350,,,
비선아파트,1999,25000,2017,7,26,48.6,2,공릉동,109,11350,,,
삼익포레스트아파트,1995,39700,2017,7,26,84.6,11,공릉동,737,11350,,,
삼창,1984,32700,2017,7,26,94.36,1,월계동,448-3,11350,,,
상계대림,1989,33000,2017,7,26,59.67,7,상계동,172,11350,,,
상계주공11(고층),1988,33700,2017,7,26,59.2,15,상계동,652,11350,,,
상계주공12(고층),1988,33000,2017,7,26,49.94,8,상계동,647,11350,,,
상계주공12(고층),1988,31500,2017,7,26,49.94,1,상계동,647,11350,,,
상계주공13(고층),1989,25500,2017,7,26,45.9,14,상계동,637,11350,,,
상계주공14(고층),1989,18000,2017,7,26,41.3,4,상계동,626,11350,,,
상계주공2(고층),1987,31000,2017,7,26,37.46,5,상계동,740,11350,,,
상계주공4(고층),1988,35000,2017,7,26,59.39,2,상계동,749-5,11350,,,
상계주공4(고층),1988,23000,2017,7,26,32.39,3,상계동,749-5,11350,,,
상계주공4(고층),1988,32000,2017,7,26,58.01,10,상계동,749-5,11350,,,
상계주공6(고층),1988,35000,2017,7,26,49.94,15,상계동,720,11350,,,
상계주공8(저층),1988,31800,2017,7,26,31.95,1,상계동,677,11350,,,
상계주공8(저층),1988,35000,2017,7,26,38.52,3,상계동,677,11350,,,
상계주공9(고층),1988,44800,2017,7,26,66.56,11,상계동,670,11350,,,
소담빌,2014,13500,2017,7,26,14.65,3,상계동,330-29,11350,,,
소담빌,2014,12600,2017,7,26,14.65,3,상계동,330-29,11350,,,
수락리버시티4단지,2009,41700,2017,7,26,84.88,9,상계동,1313,11350,,,
수락산늘푸른,2009,54200,2017,7,26,123.44,5,상계동,1317,11350,,,
시영2단지(라이프)아파트,1994,19250,2017,7,26,34.44,9,공릉동,707,11350,,,
양지마을(대림)1,1998,63800,2017,7,26,114.96,12,중계동,587,11350,,,
양지마을(대림)1,1998,51600,2017,7,26,84.9,13,중계동,587,11350,,,
양지마을(대림)2,1999,46000,2017,7,26,84.88,1,중계동,588,11350,,,
염광,1996,31800,2017,7,26,59.34,10,중계동,445,11350,,,
우방아파트,2000,42150,2017,7,26,84.881,5,공릉동,108,11350,,,
월계역신도브래뉴,2005,45000,2017,7,26,117.1038,3,월계동,942,11350,,,
월계역신도브래뉴,2005,38200,2017,7,26,84.5133,2,월계동,942,11350,,,
은빛1단지,1998,29000,2017,7,26,59.92,4,상계동,1255,11350,,,
은빛1단지,1998,20000,2017,7,26,39.7,15,상계동,1255,11350,,,
은빛1단지,1998,32000,2017,7,26,59.92,3,상계동,1255,11350,,,
은빛1단지,1998,25500,2017,7,26,49.77,2,상계동,1255,11350,,,
은빛2단지,1998,28500,2017,7,26,59.95,1,상계동,1256,11350,,,
장미(시영6),1989,35000,2017,7,26,65.14,9,하계동,273,11350,,,
주공2,1992,21500,2017,7,26,44.52,6,월계동,556,11350,,,
주공2,1992,23000,2017,7,26,44.52,13,중계동,369,11350,,,
주공2,1992,22500,2017,7,26,44.52,7,중계동,369,11350,,,
주공4,1991,35000,2017,7,26,59.39,14,중계동,358-2,11350,,,
주공6,1993,24000,2017,7,26,44.1,15,중계동,364-12,11350,,,
주공7,1993,23000,2017,7,26,44.1,2,중계동,363-1,11350,,,
주공8,1993,29500,2017,7,26,49.72,8,중계동,362-1,11350,,,
중계그린1단지,1990,32050,2017,7,26,49.85,5,중계동,502-1,11350,,,
중계그린1단지,1990,25100,2017,7,26,39.91,4,중계동,502-1,11350,,,
중계무지개,1991,23500,2017,7,26,39.96,1,중계동,512,11350,,,
진로유통조합대림,1992,39000,2017,7,26,84.94,6,중계동,78,11350,,,
청구,1988,44500,2017,7,26,70.69,9,하계동,284,11350,,,
청구3,1996,58000,2017,7,26,84.77,7,중계동,360-2,11350,,,
청구3,1996,57000,2017,7,26,84.77,4,중계동,360-2,11350,,,
청백3,1998,24000,2017,7,26,49.77,3,월계동,780,11350,,,
청솔(시영7),1989,27800,2017,7,26,49.5,2,하계동,274,11350,,,
청솔(시영7),1989,22000,2017,7,26,39.92,2,하계동,274,11350,,,
청솔(시영7),1989,27200,2017,7,26,49.85,9,하계동,274,11350,,,
청솔(시영7),1989,22500,2017,7,26,39.92,8,하계동,274,11350,,,
청암1단지,2001,40500,2017,7,26,84.8,3,상계동,1275,11350,,,
청암2단지,2001,28900,2017,7,26,59.4,2,상계동,1276,11350,,,
청암2단지,2001,24500,2017,7,26,49.77,5,상계동,1276,11350,,,
코지한주,2006,36000,2017,7,26,101.41,3,상계동,1401-8,11350,,,
한신4차,1995,33000,2017,7,26,84.84,8,상계동,995,11350,,,
한양,1988,44500,2017,7,26,86.62,13,상계동,757,11350,,,
한진한화그랑빌,2002,38400,2017,7,26,59.94,7,월계동,18,11350,,,
현대아파트,1984,42000,2017,7,26,86,4,공릉동,230,11350,,,
화랑타운아파트,2000,48500,2017,7,26,84.65,6,공릉동,111,11350,,,
건영2,1991,44000,2017,7,27,84.96,4,중계동,515-2,11350,,,
건영2,1991,41000,2017,7,27,84.96,5,중계동,515-2,11350,,,
건영3,1995,59500,2017,7,27,84.9,9,중계동,360-15,11350,,,
건영3,1995,60000,2017,7,27,84.9,6,중계동,360-15,11350,,,
공릉해링턴플레이스,2000,53000,2017,7,27,99.917,13,공릉동,106,11350,,,
꿈의숲SKVIEW,2016,52500,2017,7,27,84.95,20,월계동,949,11350,,,
대망드림힐1,2003,38000,2017,7,27,84.4909,8,상계동,1304,11350,,,
동진신안,1993,72500,2017,7,27,134.74,15,중계동,364,11350,,,
동진신안,1993,75500,2017,7,27,134.74,7,중계동,364,11350,,,
동진신안,1993,65500,2017,7,27,101.99,10,중계동,364,11350,,,
롯데(505),1989,62000,2017,7,27,129.91,5,중계동,505,11350,,,
롯데캐슬루나,2006,46500,2017,7,27,84.9852,10,월계동,947,11350,,,
미도,1988,44300,2017,7,27,87.57,4,상계동,766-1,11350,,,
미륭,1986,38500,2017,7,27,51.48,8,월계동,13,11350,,,
미륭,1986,36500,2017,7,27,51.48,6,월계동,13,11350,,,
미성,1986,28000,2017,7,27,33.28,1,월계동,13,11350,,,
미성,1989,39500,2017,7,27,72.17,4,하계동,280,11350,,,
미성,1989,39900,2017,7,27,72.17,14,하계동,280,11350,,,
벽산,1989,24000,2017,7,27,46.8,4,상계동,173-1,11350,,,
벽산,1988,49500,2017,7,27,84.85,14,하계동,271-3,11350,,,
보람아파트,1988,38000,2017,7,27,79.25,1,상계동,639,11350,,,
보람아파트,1988,29000,2017,7,27,54.59,13,상계동,639,11350,,,
보람아파트,1988,22000,2017,7,27,44.33,7,상계동,639,11350,,,
불암현대,1999,30500,2017,7,27,59.4,10,상계동,1293,11350,,,
삼성,1999,33000,2017,7,27,59.9,13,중계동,593,11350,,,
삼성,1999,31800,2017,7,27,59.9,10,중계동,593,11350,,,
삼성,1999,53000,2017,7,27,114.49,9,중계동,593,11350,,,
삼성,1999,31400,2017,7,27,59.9,10,중계동,593,11350,,,
삼호4,1987,39000,2017,7,27,59.49,3,월계동,12,11350,,,
상계1차현대아파트,1993,33500,2017,7,27,83.92,9,상계동,1055,11350,,,
상계대림,1989,30000,2017,7,27,59.67,11,상계동,172,11350,,,
상계불암대림,2000,30900,2017,7,27,59.22,4,상계동,1289,11350,,,
상계불암대림,2000,42900,2017,7,27,84.96,8,상계동,1289,11350,,,
상계주공13(고층),1989,28900,2017,7,27,49.94,8,상계동,637,11350,,,
상계주공13(고층),1989,24700,2017,7,27,45.55,4,상계동,637,11350,,,
상계주공16(고층),1988,36000,2017,7,27,58.01,3,상계동,624,11350,,,
상계주공2(고층),1987,41000,2017,7,27,68.86,15,상계동,740,11350,,,
상계주공2(고층),1987,43000,2017,7,27,68.86,4,상계동,740,11350,,,
상계주공2(고층),1987,40500,2017,7,27,59.28,8,상계동,740,11350,,,
상계주공2(저층),1987,35900,2017,7,27,59.18,5,상계동,740,11350,,,
상계주공3(고층),1987,45000,2017,7,27,59.28,9,상계동,730-2,11350,,,
상계주공3(고층),1987,45000,2017,7,27,58.01,10,상계동,730-2,11350,,,
상계주공4(고층),1988,42000,2017,7,27,62.1,19,상계동,749-5,11350,,,
상계주공5(저층),1987,35800,2017,7,27,31.98,3,상계동,721,11350,,,
상계주공5(저층),1987,34500,2017,7,27,31.98,1,상계동,721,11350,,,
상계주공6(고층),1988,32000,2017,7,27,41.3,14,상계동,720,11350,,,
상계주공6(고층),1988,40000,2017,7,27,59.2,3,상계동,720,11350,,,
상계주공7(고층),1988,44000,2017,7,27,49.94,13,상계동,691,11350,,,
상계주공8(저층),1988,30500,2017,7,27,31.95,1,상계동,677,11350,,,
상계주공8(저층),1988,32500,2017,7,27,31.95,2,상계동,677,11350,,,
상계주공9(고층),1988,37500,2017,7,27,58.01,10,상계동,670,11350,,,
상계주공9(고층),1988,29700,2017,7,27,45.9,13,상계동,670,11350,,,
상계주공9(고층),1988,35500,2017,7,27,49.94,7,상계동,670,11350,,,
상계주공9(고층),1988,33800,2017,7,27,49.94,6,상계동,670,11350,,,
상아,1989,41000,2017,7,27,72.73,1,중계동,505,11350,,,
성원1,1996,49000,2017,7,27,84.78,22,중계동,580,11350,,,
성원1,1996,49400,2017,7,27,84.78,11,중계동,580,11350,,,
수락리버시티3단지,2009,38800,2017,7,27,84.96,9,상계동,1312,11350,,,
수락리버시티4단지,2009,42800,2017,7,27,84.69,12,상계동,1313,11350,,,
수락산벨리체,2000,55000,2017,7,27,134.94,7,상계동,1265,11350,,,
수락파크빌,2001,50000,2017,7,27,84.62,14,상계동,1269,11350,,,
신동아(366),1993,69500,2017,7,27,115.35,14,중계동,366,11350,,,
신명아파트,1995,31000,2017,7,27,84.55,2,공릉동,382-14,11350,,,
우성,1988,62800,2017,7,27,127.22,7,하계동,270,11350,,,
월계역신도브래뉴,2005,32000,2017,7,27,59.8587,10,월계동,942,11350,,,
은빛2단지,1998,19700,2017,7,27,39.69,2,상계동,1256,11350,,,
주공2,1992,23000,2017,7,27,44.52,4,중계동,369,11350,,,
주공2,1992,23000,2017,7,27,44.52,4,중계동,369,11350,,,
주공5,1992,21500,2017,7,27,38.64,8,중계동,359-1,11350,,,
주공5,1992,22800,2017,7,27,44.94,1,중계동,359-1,11350,,,
주공5,1992,22000,2017,7,27,38.64,5,중계동,359-1,11350,,,
주공6,1993,25000,2017,7,27,44.1,14,중계동,364-12,11350,,,
주공6,1993,23000,2017,7,27,44.1,12,중계동,364-12,11350,,,
주공8,1993,30000,2017,7,27,49.72,14,중계동,362-1,11350,,,
주공8,1993,28000,2017,7,27,49.72,3,중계동,362-1,11350,,,
중계3벽산,1999,32400,2017,7,27,59.88,11,중계동,592,11350,,,
중계무지개,1991,24000,2017,7,27,39.82,2,중계동,512,11350,,,
중앙하이츠,1998,40000,2017,7,27,84.21,5,중계동,161-1,11350,,,
진로유통조합대림,1992,38000,2017,7,27,84.94,2,중계동,78,11350,,,
청구3,1996,56000,2017,7,27,84.77,3,중계동,360-2,11350,,,
청솔(시영7),1989,28000,2017,7,27,49.5,3,하계동,274,11350,,,
태강아파트(아이파크),1999,29000,2017,7,27,49.6,13,공릉동,81,11350,,,
태릉우성아파트,1985,42800,2017,7,27,84.97,6,공릉동,254,11350,,,
태릉우성아파트,1985,36600,2017,7,27,66.87,3,공릉동,254,11350,,,
하계1청구,1997,50000,2017,7,27,84.6,11,하계동,251,11350,,,
하계1청구,1997,50000,2017,7,27,84.6,4,하계동,251,11350,,,
하계1청구,1997,48000,2017,7,27,84.6,1,하계동,251,11350,,,
하계2현대,1997,53500,2017,7,27,84.896,3,하계동,288,11350,,,
한신1차,1987,24500,2017,7,27,53.96,15,상계동,135,11350,,,
한신2차,1988,27000,2017,7,27,58.46,14,상계동,451,11350,,,
한신3차,1990,33500,2017,7,27,84.59,6,상계동,458,11350,,,
한신3차,1990,36200,2017,7,27,84.59,5,상계동,458,11350,,,
현대,2000,42000,2017,7,27,84.98,2,월계동,929,11350,,,
현대(고려)아파트,1999,37000,2017,7,27,84.09,7,공릉동,590-1,11350,,,
현대그린,1998,38000,2017,7,27,84.99,4,중계동,49,11350,,,
화랑타운아파트,2000,48500,2017,7,27,84.65,7,공릉동,111,11350,,,
건영2,1991,45000,2017,7,28,84.96,7,중계동,515-2,11350,,,
건영2,1991,45000,2017,7,28,84.96,14,중계동,515-2,11350,,,
건영2,1991,42500,2017,7,28,84.96,6,중계동,515-2,11350,,,
건영3,1995,52500,2017,7,28,84.9,1,중계동,360-15,11350,,,
건영3,1995,60000,2017,7,28,84.9,10,중계동,360-15,11350,,,
건영3,1995,57950,2017,7,28,84.9,12,중계동,360-15,11350,,,
경남,1989,57500,2017,7,28,114.57,11,중계동,505,11350,,,
공릉우성아파트,1995,30000,2017,7,28,59.26,14,공릉동,738,11350,,,
공릉해링턴플레이스,2000,66650,2017,7,28,134.914,2,공릉동,106,11350,,,
대동아파트2,1999,38800,2017,7,28,84.81,13,공릉동,380-1,11350,,,
대림벽산(363),1993,76000,2017,7,28,114.39,8,중계동,363,11350,,,
동신,1983,31000,2017,7,28,71.77,4,월계동,436,11350,,,
동아불암,1999,44000,2017,7,28,84.9,14,상계동,1285,11350,,,
동진신안,1993,74000,2017,7,28,134.74,4,중계동,364,11350,,,
두산,1994,28000,2017,7,28,58.65,15,상계동,1110,11350,,,
라이프,1993,60000,2017,7,28,115.65,1,중계동,366,11350,,,
롯데(505),1989,43000,2017,7,28,72.49,6,중계동,505,11350,,,
롯데캐슬루나,2006,55500,2017,7,28,127.0318,3,월계동,947,11350,,,
미성,1989,37000,2017,7,28,72.17,1,하계동,280,11350,,,
벽산,1989,30500,2017,7,28,59.9,11,상계동,173-1,11350,,,
벽산,1989,22300,2017,7,28,43.35,6,상계동,173-1,11350,,,
벽산,1989,24200,2017,7,28,46.8,6,상계동,173-1,11350,,,
불암현대,1999,39000,2017,7,28,84.9,4,상계동,1293,11350,,,
비콘드림힐(602),2005,42000,2017,7,28,84.985,14,중계동,602,11350,,,
삼호4,1987,32500,2017,7,28,50.18,5,월계동,12,11350,,,
상계대림,1989,33000,2017,7,28,59.67,6,상계동,172,11350,,,
상계대림,1989,30000,2017,7,28,59.67,15,상계동,172,11350,,,
상계주공1(고층),1988,38000,2017,7,28,58.01,3,상계동,765,11350,,,
상계주공1(고층),1988,30500,2017,7,28,49.94,5,상계동,765,11350,,,
상계주공11(고층),1988,38000,2017,7,28,60.5,4,상계동,652,11350,,,
상계주공12(고층),1988,29500,2017,7,28,41.3,14,상계동,647,11350,,,
상계주공13(고층),1989,29000,2017,7,28,49.94,10,상계동,637,11350,,,
상계주공13(고층),1989,25700,2017,7,28,45.55,14,상계동,637,11350,,,
상계주공14(고층),1989,33300,2017,7,28,49.94,2,상계동,626,11350,,,
상계주공3(고층),1987,41500,2017,7,28,58.01,7,상계동,730-2,11350,,,
상계주공5(저층),1987,35800,2017,7,28,31.98,1,상계동,721,11350,,,
상계주공6(고층),1988,44800,2017,7,28,58.01,13,상계동,720,11350,,,
상계주공6(고층),1988,44800,2017,7,28,58.01,13,상계동,720,11350,,,
상계주공7(고층),1988,44000,2017,7,28,49.94,13,상계동,691,11350,,,
상계주공9(고층),1988,32000,2017,7,28,49.94,11,상계동,670,11350,,,
수락산늘푸른,2009,55000,2017,7,28,123.82,9,상계동,1317,11350,,,
수락파크빌,2001,55000,2017,7,28,114.82,5,상계동,1269,11350,,,
양지마을(대림)2,1999,35500,2017,7,28,59.4,6,중계동,588,11350,,,
임광,1989,64700,2017,7,28,122.18,9,상계동,694,11350,,,
주공10,1995,40000,2017,7,28,58.14,10,중계동,360-16,11350,,,
주공2,1992,23500,2017,7,28,44.52,14,중계동,369,11350,,,
주공2,1992,19000,2017,7,28,38.64,12,월계동,556,11350,,,
주공2,1992,22000,2017,7,28,44.52,15,중계동,369,11350,,,
주공2,1992,17300,2017,7,28,38.64,1,월계동,556,11350,,,
주공8,1993,31000,2017,7,28,49.72,2,중계동,362-1,11350,,,
중계3벽산,1999,55000,2017,7,28,114.87,5,중계동,592,11350,,,
중계그린1단지,1990,32000,2017,7,28,49.5,3,중계동,502-1,11350,,,
중계그린1단지,1990,33300,2017,7,28,49.5,3,중계동,502-1,11350,,,
중계무지개,1991,24200,2017,7,28,39.96,11,중계동,512,11350,,,
중계현대2,1991,35000,2017,7,28,71.76,3,중계동,435-1,11350,,,
중앙하이츠,1998,40000,2017,7,28,84.21,3,중계동,161-1,11350,,,
중앙하이츠,1998,37200,2017,7,28,84.21,4,중계동,161-1,11350,,,
청구3,1996,63000,2017,7,28,84.77,9,중계동,360-2,11350,,,
청구3,1996,57000,2017,7,28,84.77,2,중계동,360-2,11350,,,
청구3,1996,60000,2017,7,28,84.77,9,중계동,360-2,11350,,,
청구3,1996,62000,2017,7,28,84.77,10,중계동,360-2,11350,,,
청구3,1996,59500,2017,7,28,84.77,15,중계동,360-2,11350,,,
청암2단지,2001,25000,2017,7,28,49.77,11,상계동,1276,11350,,,
학여울청구,1999,52000,2017,7,28,113.51,3,하계동,354,11350,,,
한신2차,1988,36800,2017,7,28,84.92,10,상계동,451,11350,,,
한신4차,1995,35000,2017,7,28,84.84,5,상계동,995,11350,,,
한진한화그랑빌,2002,46200,2017,7,28,114.97,1,월계동,18,11350,,,
한화꿈에그린,2005,50000,2017,7,28,84.902,8,중계동,598,11350,,,
한화꿈에그린TheFIRST,2014,74800,2017,7,28,121.284,24,중계동,606,11350,,,
현대,2000,50000,2017,7,28,114.99,6,월계동,929,11350,,,
현대(3차),1992,43000,2017,7,28,84.35,3,중계동,576,11350,,,
현대(6차),2018,49000,2017,7,28,122.69,2,중계동,34-5,11350,,,
현대2(4차),1993,36500,2017,7,28,84.3,5,중계동,578,11350,,,
현대아파트,1984,42000,2017,7,28,86,2,공릉동,230,11350,,,
화랑타운아파트,2000,45700,2017,7,28,84.65,1,공릉동,111,11350,,,
LIG건영,1998,28000,2017,7,29,59.92,17,중계동,586,11350,,,
건영2,1991,44800,2017,7,29,84.96,12,중계동,515-2,11350,,,
건영3,1995,57000,2017,7,29,84.9,3,중계동,360-15,11350,,,
건영장미아파트,1999,29400,2017,7,29,59.87,7,공릉동,744,11350,,,
건영장미아파트,1999,26500,2017,7,29,59.87,1,공릉동,744,11350,,,
공릉해링턴플레이스,2000,65000,2017,7,29,134.914,15,공릉동,106,11350,,,
극동,1988,40000,2017,7,29,70.56,9,하계동,271-3,11350,,,
꿈의숲SKVIEW,2016,50000,2017,7,29,84.93,4,월계동,949,11350,,,
노원현대,1997,48750,2017,7,29,84.78,5,상계동,359,11350,,,
대림벽산(363),1993,75000,2017,7,29,141.45,6,중계동,363,11350,,,
대림벽산(363),1993,79500,2017,7,29,141.45,5,중계동,363,11350,,,
대망드림힐1,2003,43500,2017,7,29,102.9477,4,상계동,1304,11350,,,
동신,1983,38500,2017,7,29,106.7,6,월계동,436,11350,,,
동아불암,1999,44500,2017,7,29,114.24,8,상계동,1285,11350,,,
동양엔파트,2003,55000,2017,7,29,84.88,5,상계동,1305,11350,,,
동진,1988,15700,2017,7,29,47.61,3,중계동,103,11350,,,
라이프,1993,70800,2017,7,29,115.65,12,중계동,366,11350,,,
롯데우성,1993,68000,2017,7,29,115.26,4,중계동,361-1,11350,,,
롯데캐슬루나,2006,57500,2017,7,29,127.0318,10,월계동,947,11350,,,
롯데캐슬루나,2006,46800,2017,7,29,84.9852,3,월계동,947,11350,,,
미륭,1986,37000,2017,7,29,51.48,10,월계동,13,11350,,,
미성,1989,47000,2017,7,29,84.94,11,하계동,280,11350,,,
미성,1986,35500,2017,7,29,50.14,12,월계동,13,11350,,,
미성,1986,30500,2017,7,29,33.28,3,월계동,13,11350,,,
벽산,1989,35000,2017,7,29,59.9,11,상계동,173-1,11350,,,
벽산,1988,33800,2017,7,29,57.71,9,하계동,271-3,11350,,,
벽산,1989,35000,2017,7,29,75.03,13,상계동,173-1,11350,,,
벽산,1989,22000,2017,7,29,43.35,9,상계동,173-1,11350,,,
보람아파트,1988,40000,2017,7,29,79.25,2,상계동,639,11350,,,
불암현대,1999,42000,2017,7,29,84.9,7,상계동,1293,11350,,,
비선아파트,1999,32850,2017,7,29,59.87,4,공릉동,109,11350,,,
비콘드림힐(602),2005,37000,2017,7,29,59.924,3,중계동,602,11350,,,
삼성,1999,51500,2017,7,29,114.49,4,중계동,593,11350,,,
삼익선경,1993,57000,2017,7,29,107.95,7,하계동,255-1,11350,,,
삼창,1984,25500,2017,7,29,56.59,9,월계동,448-3,11350,,,
삼창타워주상프라자,1997,28500,2017,7,29,59.39,12,중계동,584-1,11350,,,
삼창타워주상프라자,1997,28500,2017,7,29,59.39,10,중계동,584-1,11350,,,
삼호4,1987,39000,2017,7,29,59.49,10,월계동,12,11350,,,
상계우방유쉘,2000,42000,2017,7,29,84.94,16,상계동,1295,11350,,,
상계주공1(고층),1988,33500,2017,7,29,59.2,3,상계동,765,11350,,,
상계주공1(고층),1988,28000,2017,7,29,41.3,5,상계동,765,11350,,,
상계주공10(고층),1988,39000,2017,7,29,59.39,1,상계동,666,11350,,,
상계주공10(고층),1988,33000,2017,7,29,45.77,9,상계동,666,11350,,,
상계주공11(고층),1988,45000,2017,7,29,68.86,7,상계동,652,11350,,,
상계주공14(고층),1989,26400,2017,7,29,45.55,6,상계동,626,11350,,,
상계주공16(고층),1988,32900,2017,7,29,59.39,15,상계동,624,11350,,,
상계주공16(고층),1988,33500,2017,7,29,59.39,3,상계동,624,11350,,,
상계주공16(고층),1988,31800,2017,7,29,58.01,15,상계동,624,11350,,,
상계주공16(고층),1988,36500,2017,7,29,58.01,6,상계동,624,11350,,,
상계주공16(고층),1988,36500,2017,7,29,58.01,3,상계동,624,11350,,,
상계주공2(고층),1987,40000,2017,7,29,58.01,14,상계동,740,11350,,,
상계주공2(고층),1987,43000,2017,7,29,68.86,15,상계동,740,11350,,,
상계주공5(저층),1987,30000,2017,7,29,31.98,5,상계동,721,11350,,,
상계주공5(저층),1987,35500,2017,7,29,31.98,1,상계동,721,11350,,,
상계주공6(고층),1988,36800,2017,7,29,58.01,8,상계동,720,11350,,,
상계주공6(고층),1988,45000,2017,7,29,59.28,6,상계동,720,11350,,,
상계주공7(고층),1988,35000,2017,7,29,41.3,1,상계동,691,11350,,,
상계주공7(고층),1988,45950,2017,7,29,59.39,5,상계동,691,11350,,,
상계주공9(고층),1988,37500,2017,7,29,58.01,6,상계동,670,11350,,,
상계주공9(고층),1988,50000,2017,7,29,79.07,3,상계동,670,11350,,,
상아,1989,42800,2017,7,29,72.73,14,중계동,505,11350,,,
성북맨션,1976,28400,2017,7,29,65.35,5,월계동,383-40,11350,,,
성원1,1996,50000,2017,7,29,84.78,4,중계동,580,11350,,,
세양청마루,2005,32800,2017,7,29,64.183,15,월계동,943,11350,,,
수락리버시티3단지,2009,43000,2017,7,29,84.88,10,상계동,1312,11350,,,
수락리버시티3단지,2009,40000,2017,7,29,84.81,12,상계동,1312,11350,,,
시영2단지(라이프)아파트,1994,20200,2017,7,29,39.6,15,공릉동,707,11350,,,
시영2단지(라이프)아파트,1994,24900,2017,7,29,49.5,1,공릉동,707,11350,,,
신도1차아파트,2002,45000,2017,7,29,81.2768,4,공릉동,748,11350,,,
신동아(366),1993,66500,2017,7,29,115.35,8,중계동,366,11350,,,
신성미소지움아파트,2004,39700,2017,7,29,84.929,9,공릉동,756,11350,,,
양지마을(대림)1,1998,52000,2017,7,29,84.9,5,중계동,587,11350,,,
우국리더스빌,2006,25850,2017,7,29,49.6,6,공릉동,757,11350,,,
은빛1단지,1998,22500,2017,7,29,39.69,2,상계동,1255,11350,,,
은빛1단지,1998,27900,2017,7,29,49.77,8,상계동,1255,11350,,,
장미(시영6),1989,28300,2017,7,29,54.02,5,하계동,273,11350,,,
주공10,1995,39900,2017,7,29,58.14,8,중계동,360-16,11350,,,
주공2,1992,19000,2017,7,29,38.64,14,월계동,556,11350,,,
주공2,1992,27000,2017,7,29,58.65,2,월계동,556,11350,,,
주공2,1992,36000,2017,7,29,84.815,4,월계동,556,11350,,,
주공5,1992,39500,2017,7,29,58.46,9,중계동,359-1,11350,,,
주공5,1992,50250,2017,7,29,76.51,14,중계동,359-1,11350,,,
주공8,1993,30900,2017,7,29,49.72,11,중계동,362-1,11350,,,
주공8,1993,29900,2017,7,29,49.72,8,중계동,362-1,11350,,,
중계그린1단지,1990,33800,2017,7,29,49.5,11,중계동,502-1,11350,,,
중계무지개,1991,34000,2017,7,29,49.54,13,중계동,512,11350,,,
진로유통조합대림,1992,37500,2017,7,29,84.94,1,중계동,78,11350,,,
진로유통조합대림,1992,38500,2017,7,29,84.94,4,중계동,78,11350,,,
진로유통조합대림,1992,28900,2017,7,29,59.04,9,중계동,78,11350,,,
청구3,1996,56000,2017,7,29,84.77,5,중계동,360-2,11350,,,
청구3,1996,55300,2017,7,29,84.77,5,중계동,360-2,11350,,,
청구3,1996,58000,2017,7,29,84.77,9,중계동,360-2,11350,,,
청구3,1996,56000,2017,7,29,84.77,5,중계동,360-2,11350,,,
청구3,1996,58000,2017,7,29,84.77,14,중계동,360-2,11350,,,
청암3단지(582),2003,44000,2017,7,29,84.536,5,중계동,582,11350,,,
초안1,1998,17300,2017,7,29,39.6,6,월계동,923,11350,,,
초안2,1997,21900,2017,7,29,49.6,2,월계동,924,11350,,,
초안2,1997,22500,2017,7,29,49.6,5,월계동,924,11350,,,
풍림아이원,2005,43100,2017,7,29,59.149,19,월계동,944,11350,,,
풍림아파트A,2001,37800,2017,7,29,59.94,16,공릉동,725,11350,,,
풍림아파트A,2001,42850,2017,7,29,84.99,20,공릉동,725,11350,,,
하계1청구,1997,51000,2017,7,29,84.6,15,하계동,251,11350,,,
하계2현대,1997,52800,2017,7,29,84.896,8,하계동,288,11350,,,
학여울청구,1999,47500,2017,7,29,84.77,5,하계동,354,11350,,,
한신1,1988,17200,2017,7,29,27,2,하계동,284,11350,,,
한신1차,1987,18800,2017,7,29,45.44,1,상계동,135,11350,,,
한신1차,1987,26600,2017,7,29,53.96,4,상계동,135,11350,,,
한신1차,1987,25000,2017,7,29,53.96,11,상계동,135,11350,,,
한신2차,1988,22500,2017,7,29,45.92,11,상계동,451,11350,,,
한진한화그랑빌,2002,35500,2017,7,29,59.94,1,월계동,18,11350,,,
한진한화그랑빌,2002,37500,2017,7,29,59.94,2,월계동,18,11350,,,
한화꿈에그린TheFIRST,2014,56000,2017,7,29,78.81,26,중계동,606,11350,,,
현대,2000,43000,2017,7,29,84.98,3,월계동,929,11350,,,
현대,2000,34700,2017,7,29,59.95,3,월계동,929,11350,,,
현대,2000,33800,2017,7,29,59.95,1,월계동,929,11350,,,
현대(3차),1992,33000,2017,7,29,66.47,2,중계동,576,11350,,,
현대(3차),1992,44000,2017,7,29,84.35,2,중계동,576,11350,,,
현대(고려)아파트,1999,32500,2017,7,29,84.09,1,공릉동,590-1,11350,,,
현대2차,1993,35000,2017,7,29,82.68,8,상계동,1078,11350,,,
상계주공13(고층),1989,24500,2017,7,30,41.3,5,상계동,637,11350,,,
중계그린1단지,1990,33000,2017,7,30,59.22,5,중계동,502-1,11350,,,
청백4,1998,19000,2017,7,30,39.84,5,월계동,781,11350,,,
건영3,1995,61500,2017,7,31,84.9,9,중계동,360-15,11350,,,
건영3,1995,59500,2017,7,31,84.9,15,중계동,360-15,11350,,,
건영3,1995,53000,2017,7,31,84.9,1,중계동,360-15,11350,,,
건영3,1995,60000,2017,7,31,84.9,15,중계동,360-15,11350,,,
공릉우성아파트,1995,34000,2017,7,31,84.97,17,공릉동,738,11350,,,
극동,1988,49550,2017,7,31,84.91,7,하계동,271-3,11350,,,
꿈의숲SKVIEW,2016,53000,2017,7,31,84.93,11,월계동,949,11350,,,
꿈의숲SKVIEW,2016,42000,2017,7,31,59.92,17,월계동,949,11350,,,
대동황토방,2001,36000,2017,7,31,60,5,상계동,1284,11350,,,
동아불암,1999,28000,2017,7,31,59.4,3,상계동,1285,11350,,,
동아불암,1999,47300,2017,7,31,114.24,13,상계동,1285,11350,,,
동진신안,1993,70700,2017,7,31,134.74,15,중계동,364,11350,,,
두산,1994,25700,2017,7,31,51.66,15,상계동,1110,11350,,,
롯데우성,1993,69000,2017,7,31,115.26,7,중계동,361-1,11350,,,
롯데캐슬루나,2006,59500,2017,7,31,127.0318,3,월계동,947,11350,,,
롯데캐슬루나,2006,42000,2017,7,31,84.9852,1,월계동,947,11350,,,
롯데캐슬루나,2006,50000,2017,7,31,84.9852,10,월계동,947,11350,,,
미라보(성림),2006,20000,2017,7,31,60,2,상계동,1320,11350,,,
미성,1986,37500,2017,7,31,50.14,9,월계동,13,11350,,,
벽산,1989,31000,2017,7,31,59.9,14,상계동,173-1,11350,,,
벽산,1989,31900,2017,7,31,75.03,2,상계동,173-1,11350,,,
벽산,1989,18000,2017,7,31,38.71,11,상계동,173-1,11350,,,
보람아파트,1988,29500,2017,7,31,54.59,14,상계동,639,11350,,,
상계2차중앙하이츠,1998,36000,2017,7,31,59.82,11,상계동,1282,11350,,,
상계대림,1989,33000,2017,7,31,59.67,6,상계동,172,11350,,,
상계대림e편한세상,2002,39500,2017,7,31,83.87,8,상계동,1301,11350,,,
상계불암대림,2000,49500,2017,7,31,114.81,13,상계동,1289,11350,,,
상계불암대림,2000,31500,2017,7,31,59.22,6,상계동,1289,11350,,,
상계주공1(고층),1988,33000,2017,7,31,60.5,1,상계동,765,11350,,,
상계주공10(고층),1988,39000,2017,7,31,58.01,1,상계동,666,11350,,,
상계주공11(고층),1988,41000,2017,7,31,68.86,1,상계동,652,11350,,,
상계주공11(고층),1988,44000,2017,7,31,79.07,3,상계동,652,11350,,,
상계주공11(고층),1988,49600,2017,7,31,68.86,10,상계동,652,11350,,,
상계주공12(고층),1988,36500,2017,7,31,49.94,6,상계동,647,11350,,,
상계주공14(고층),1989,24900,2017,7,31,45.9,15,상계동,626,11350,,,
상계주공14(고층),1989,28000,2017,7,31,41.3,10,상계동,626,11350,,,
상계주공16(고층),1988,34500,2017,7,31,59.39,6,상계동,624,11350,,,
상계주공16(고층),1988,33000,2017,7,31,59.39,15,상계동,624,11350,,,
상계주공16(고층),1988,24300,2017,7,31,45.77,2,상계동,624,11350,,,
상계주공3(고층),1987,51000,2017,7,31,84.38,7,상계동,730-2,11350,,,
상계주공5(저층),1987,37000,2017,7,31,31.98,2,상계동,721,11350,,,
상계주공5(저층),1987,30200,2017,7,31,31.98,4,상계동,721,11350,,,
상계현대3차,1999,37900,2017,7,31,84.96,12,상계동,1063,11350,,,
상아,1989,32500,2017,7,31,51.29,13,중계동,505,11350,,,
시영3차(라이프)아파트,1994,22800,2017,7,31,39.6,13,공릉동,715,11350,,,
시영3차(라이프)아파트,1994,19000,2017,7,31,34.44,12,공릉동,715,11350,,,
신동아(366),1993,67000,2017,7,31,115.35,7,중계동,366,11350,,,
신동아(366),1993,66800,2017,7,31,115.35,10,중계동,366,11350,,,
신원아파트,2000,36000,2017,7,31,84.99,10,공릉동,370-4,11350,,,
신원아파트,2000,35400,2017,7,31,84.99,16,공릉동,370-4,11350,,,
우림루미아트1,2004,42900,2017,7,31,84.887,7,상계동,1306,11350,,,
우성,1988,67000,2017,7,31,127.22,13,하계동,270,11350,,,
우성,1988,58900,2017,7,31,127.22,2,하계동,270,11350,,,
월계역신도브래뉴,2005,39000,2017,7,31,84.5133,6,월계동,942,11350,,,
장미(시영6),1989,35000,2017,7,31,64.88,13,하계동,273,11350,,,
주공2,1992,24000,2017,7,31,58.65,1,월계동,556,11350,,,
주공2,1992,36700,2017,7,31,84.815,10,월계동,556,11350,,,
주공2,1992,29000,2017,7,31,59.97,2,월계동,556,11350,,,
주공2,1992,21000,2017,7,31,44.52,14,월계동,556,11350,,,
주공4,1991,40000,2017,7,31,76.51,3,중계동,358-2,11350,,,
주공5,1992,40000,2017,7,31,58.46,3,중계동,359-1,11350,,,
주공5,1992,40000,2017,7,31,58.46,13,중계동,359-1,11350,,,
주공5,1992,40000,2017,7,31,58.46,5,중계동,359-1,11350,,,
중계무지개,1991,35250,2017,7,31,59.26,3,중계동,512,11350,,,
중앙하이츠(5지역),1996,28000,2017,7,31,59.99,5,상계동,1068,11350,,,
진로유통조합대림,1992,36500,2017,7,31,84.94,2,중계동,78,11350,,,
청구(366),1993,65150,2017,7,31,115.47,4,중계동,366,11350,,,
청솔(시영7),1989,31900,2017,7,31,59.46,12,하계동,274,11350,,,
청솔(시영7),1989,27500,2017,7,31,49.5,6,하계동,274,11350,,,
청암2단지,2001,28000,2017,7,31,49.77,12,상계동,1276,11350,,,
초안산쌍용스윗닷홈,2006,30800,2017,7,31,59.92,1,월계동,945,11350,,,
태강아파트(아이파크),1999,28500,2017,7,31,49.6,8,공릉동,81,11350,,,
태강아파트(아이파크),1999,28400,2017,7,31,49.6,12,공릉동,81,11350,,,
풍림아이원,2005,48000,2017,7,31,84.303,13,월계동,944,11350,,,
하계1청구,1997,52500,2017,7,31,84.6,12,하계동,251,11350,,,
학여울청구,1999,54500,2017,7,31,113.51,7,하계동,354,11350,,,
한신동성,1993,60000,2017,7,31,138.29,7,하계동,256-5,11350,,,
한양,1988,43000,2017,7,31,86.62,5,상계동,757,11350,,,
한진한화그랑빌,2002,50400,2017,7,31,84.97,22,월계동,18,11350,,,
현대(3차),1992,45000,2017,7,31,84.35,2,중계동,576,11350,,,
현대1(4차),1993,33000,2017,7,31,71.16,2,중계동,577,11350,,,
현대2(4차),1993,36500,2017,7,31,84.78,3,중계동,578,11350,,,
현대2차,1993,33800,2017,7,31,82.68,8,상계동,1078,11350,,,
현대4차,1995,32500,2017,7,31,84.99,15,상계동,1271,11350,,,
현대4차,1995,34000,2017,7,31,84.73,10,상계동,1271,11350,,,
화인상가,1994,22200,2017,7,31,59.31,6,중계동,579,11350,,,
