단지명,건축년도,거래금액(만원),계약년,계약월,계약일,전용면적(㎡),층,법정동,지번,시군구코드,거래유형,매수자구분,매도자구분
67디벨리움,2016,17000,2018,8,1,17.27,8,공릉동,670-7,11350,,,
경남,1989,33500,2018,8,1,50.97,7,중계동,505,11350,,,
공릉해링턴플레이스,2000,69500,2018,8,1,134.914,9,공릉동,106,11350,,,
동부아파트,1996,28300,2018,8,1,59.34,15,공릉동,705,11350,,,
미도,1988,47000,2018,8,1,87.57,4,상계동,766-1,11350,,,
벽산,1988,42000,2018,8,1,70.56,12,하계동,271-3,11350,,,
보람아파트,1988,26000,2018,8,1,44.33,6,상계동,639,11350,,,
불암현대,1999,29950,2018,8,1,59.4,18,상계동,1293,11350,,,
상계주공1(고층),1988,30500,2018,8,1,59.28,1,상계동,765,11350,,,
상계주공16(고층),1988,31900,2018,8,1,59.39,8,상계동,624,11350,,,
상계주공2(고층),1987,30500,2018,8,1,41.3,10,상계동,740,11350,,,
상계주공3(고층),1987,55200,2018,8,1,75.2,3,상계동,730-2,11350,,,
상계주공3(고층),1987,44500,2018,8,1,59.28,9,상계동,730-2,11350,,,
상계주공4(고층),1988,26450,2018,8,1,41.3,9,상계동,749-5,11350,,,
상계주공9(고층),1988,32200,2018,8,1,49.94,5,상계동,670,11350,,,
주공8,1993,29500,2018,8,1,49.72,4,중계동,362-1,11350,,,
태릉우성아파트,1985,38650,2018,8,1,66.87,7,공릉동,254,11350,,,
풍림아파트A,2001,39700,2018,8,1,59.94,16,공릉동,725,11350,,,
한신1차,1987,20250,2018,8,1,45.44,6,상계동,135,11350,,,
공릉2신도브래뉴아파트,2002,43500,2018,8,2,84.48,9,공릉동,749,11350,,,
공릉해링턴플레이스,2000,58000,2018,8,2,99.917,2,공릉동,106,11350,,,
녹천역두산위브아파트,2017,54000,2018,8,2,84.8218,6,월계동,950,11350,,,
보람2단지,1988,45000,2018,8,2,79.25,8,상계동,639,11350,,,
삼익포레스트아파트,1995,43500,2018,8,2,114.88,10,공릉동,737,11350,,,
상계1차현대아파트,1993,33000,2018,8,2,83.92,3,상계동,1055,11350,,,
은빛1단지,1998,31600,2018,8,2,59.95,15,상계동,1255,11350,,,
장은하이빌,2002,41000,2018,8,2,81.8788,13,월계동,931,11350,,,
중계그린1단지,1990,26000,2018,8,2,49.85,1,중계동,502-1,11350,,,
청솔(시영7),1989,34900,2018,8,2,59.46,13,하계동,274,11350,,,
한신1차,1987,25200,2018,8,2,53.96,4,상계동,135,11350,,,
삼익포레스트아파트,1995,41100,2018,8,3,84.6,8,공릉동,737,11350,,,
삼창,1984,27000,2018,8,3,56.59,12,월계동,448-3,11350,,,
상아,1989,44500,2018,8,3,72.73,12,중계동,505,11350,,,
주공2,1992,20000,2018,8,3,44.94,6,월계동,556,11350,,,
중계무지개,1991,25700,2018,8,3,39.96,6,중계동,512,11350,,,
태릉우성아파트,1985,37500,2018,8,3,66.87,1,공릉동,254,11350,,,
태릉우성아파트,1985,43400,2018,8,3,84.97,1,공릉동,254,11350,,,
한진한화그랑빌,2002,58000,2018,8,3,84.97,11,월계동,18,11350,,,
화랑해링턴플레이스아파트,1999,34500,2018,8,3,59.84,5,공릉동,746,11350,,,
두산힐스빌아파트,2000,36200,2018,8,4,59.76,7,공릉동,747,11350,,,
상계대림,1989,40500,2018,8,4,84.91,7,상계동,172,11350,,,
상계주공4(고층),1988,39500,2018,8,4,58.01,3,상계동,749-5,11350,,,
염광,1996,32000,2018,8,4,59.34,7,중계동,445,11350,,,
은빛1단지,1998,22000,2018,8,4,39.7,9,상계동,1255,11350,,,
태강아파트(아이파크),1999,27300,2018,8,4,49.6,6,공릉동,81,11350,,,
태릉우성아파트,1985,48500,2018,8,4,84.97,8,공릉동,254,11350,,,
태릉우성아파트,1985,43000,2018,8,4,84.97,1,공릉동,254,11350,,,
풍림아파트A,2001,48800,2018,8,4,84.99,4,공릉동,725,11350,,,
풍림아파트A,2001,59000,2018,8,4,114.78,3,공릉동,725,11350,,,
풍림아파트B,2001,20700,2018,8,4,31.32,7,공릉동,727,11350,,,
현대2차,1993,34000,2018,8,4,82.68,6,상계동,1078,11350,,,
삼익4단지아파트,1994,33500,2018,8,5,59.04,9,공릉동,714,11350,,,
상계주공5(저층),1987,37000,2018,8,5,31.98,4,상계동,721,11350,,,
은빛2단지,1998,28400,2018,8,5,49.77,10,상계동,1256,11350,,,
태릉우성아파트,1985,37000,2018,8,5,66.87,2,공릉동,254,11350,,,
LIG건영,1998,43500,2018,8,6,114.75,9,중계동,586,11350,,,
금호타운(583),1997,42900,2018,8,6,84.98,2,중계동,583,11350,,,
대동황토방,2001,37800,2018,8,6,60,4,상계동,1284,11350,,,
동아불암,1999,43250,2018,8,6,84.9,13,상계동,1285,11350,,,
롯데우성,1993,74400,2018,8,6,101.88,9,중계동,361-1,11350,,,
삼호3,1986,46000,2018,8,6,59.22,10,월계동,13,11350,,,
상계주공12(고층),1988,31250,2018,8,6,49.94,5,상계동,647,11350,,,
상계주공13(고층),1989,31700,2018,8,6,58.01,10,상계동,637,11350,,,
수락리버시티3단지,2009,40200,2018,8,6,84.69,2,상계동,1312,11350,,,
수락한신,1997,30700,2018,8,6,59.95,6,상계동,1277,11350,,,
시영3차(라이프)아파트,1994,29900,2018,8,6,49.5,14,공릉동,715,11350,,,
양지마을(대림)1,1998,67500,2018,8,6,114.96,22,중계동,587,11350,,,
우성,1988,65900,2018,8,6,127.22,2,하계동,270,11350,,,
은빛2단지,1998,21700,2018,8,6,39.7,15,상계동,1256,11350,,,
주공2,1992,39900,2018,8,6,84.815,7,월계동,556,11350,,,
주공2,1992,20800,2018,8,6,44.52,6,월계동,556,11350,,,
주공2,1992,22700,2018,8,6,44.52,12,중계동,369,11350,,,
주공5,1992,43500,2018,8,6,58.46,3,중계동,359-1,11350,,,
주공5,1992,26600,2018,8,6,44.52,1,중계동,359-1,11350,,,
주공8,1993,33000,2018,8,6,49.72,8,중계동,362-1,11350,,,
중계3벽산,1999,48900,2018,8,6,85,3,중계동,592,11350,,,
진로유통조합대림,1992,42900,2018,8,6,84.94,7,중계동,78,11350,,,
청솔(시영7),1989,28000,2018,8,6,49.5,3,하계동,274,11350,,,
청솔(시영7),1989,27300,2018,8,6,49.5,15,하계동,274,11350,,,
태강아파트(아이파크),1999,30750,2018,8,6,49.6,12,공릉동,81,11350,,,
태강아파트(아이파크),1999,29900,2018,8,6,49.6,5,공릉동,81,11350,,,
태강아파트(아이파크),1999,29000,2018,8,6,49.6,4,공릉동,81,11350,,,
학여울청구,1999,38900,2018,8,6,59.4,15,하계동,354,11350,,,
한신동성,1993,62000,2018,8,6,112.24,6,하계동,256-5,11350,,,
한진한화그랑빌,2002,59000,2018,8,6,84.97,11,월계동,18,11350,,,
현대,1988,55000,2018,8,6,84.95,15,하계동,270,11350,,,
현대1(4차),1993,32000,2018,8,6,71.16,1,중계동,577,11350,,,
건영3,1995,71500,2018,8,7,84.9,7,중계동,360-15,11350,,,
극동,1988,32500,2018,8,7,55.72,6,하계동,271-3,11350,,,
극동,1988,41900,2018,8,7,70.56,6,하계동,271-3,11350,,,
극동늘푸른,2000,31500,2018,8,7,59.958,9,상계동,1128,11350,,,
동신,1983,34900,2018,8,7,71.83,10,월계동,436,11350,,,
동진신안,1993,86800,2018,8,7,134.74,8,중계동,364,11350,,,
미성,1986,42500,2018,8,7,50.14,4,월계동,13,11350,,,
보람아파트,1988,29900,2018,8,7,54.59,12,상계동,639,11350,,,
불암현대,1999,44900,2018,8,7,84.9,20,상계동,1293,11350,,,
비선아파트,1999,27000,2018,8,7,48.93,8,공릉동,109,11350,,,
사슴3,1995,21000,2018,8,7,39.6,3,월계동,320-11,11350,,,
삼익포레스트아파트,1995,41800,2018,8,7,114.88,1,공릉동,737,11350,,,
삼호4,1987,38000,2018,8,7,50.18,5,월계동,12,11350,,,
상계2차중앙하이츠,1998,59700,2018,8,7,134.97,21,상계동,1282,11350,,,
상계주공10(고층),1988,30400,2018,8,7,45.9,10,상계동,666,11350,,,
상계주공12(고층),1988,31500,2018,8,7,49.94,6,상계동,647,11350,,,
상계주공2(고층),1987,34000,2018,8,7,60.5,3,상계동,740,11350,,,
상계주공5(저층),1987,37900,2018,8,7,31.98,4,상계동,721,11350,,,
상계주공6(고층),1988,37500,2018,8,7,58.01,1,상계동,720,11350,,,
상계주공7(고층),1988,46700,2018,8,7,59.39,14,상계동,691,11350,,,
성원상떼빌,1999,42000,2018,8,7,84.99,9,상계동,1283,11350,,,
수락산벨리체,2000,61500,2018,8,7,134.94,7,상계동,1265,11350,,,
수락파크빌,2001,58800,2018,8,7,114.82,8,상계동,1269,11350,,,
양우,2002,49800,2018,8,7,110.5345,8,상계동,1299,11350,,,
양지마을(대림)2,1999,38900,2018,8,7,59.4,5,중계동,588,11350,,,
염광,1996,33000,2018,8,7,59.34,3,중계동,445,11350,,,
염광,1996,33800,2018,8,7,59.34,10,중계동,445,11350,,,
주공2,1992,28700,2018,8,7,58.65,3,월계동,556,11350,,,
주공2,1992,39500,2018,8,7,84.815,5,월계동,556,11350,,,
주공2,1992,17800,2018,8,7,38.64,15,월계동,556,11350,,,
중계그린1단지,1990,30800,2018,8,7,49.5,6,중계동,502-1,11350,,,
중계무지개,1991,37000,2018,8,7,59.26,9,중계동,512,11350,,,
태릉우성아파트,1985,37700,2018,8,7,66.87,9,공릉동,254,11350,,,
한신1,1988,30000,2018,8,7,44.52,12,하계동,284,11350,,,
한신1,1988,21800,2018,8,7,35.28,14,하계동,284,11350,,,
한진한화그랑빌,2002,51000,2018,8,7,59.94,20,월계동,18,11350,,,
현대2차,1993,33000,2018,8,7,82.68,4,상계동,1078,11350,,,
현대아파트,1984,45000,2018,8,7,86,1,공릉동,230,11350,,,
현대아파트,1984,37000,2018,8,7,62.27,4,공릉동,230,11350,,,
건영3,1995,60500,2018,8,8,84.9,1,중계동,360-15,11350,,,
꿈의숲SKVIEW,2016,59900,2018,8,8,84.93,4,월계동,949,11350,,,
대동,1997,33780,2018,8,8,59.76,15,월계동,925,11350,,,
동신,1983,33000,2018,8,8,71.83,2,월계동,436,11350,,,
동양엔파트,2003,61000,2018,8,8,84.88,8,상계동,1305,11350,,,
상계불암대림,2000,52000,2018,8,8,114.81,11,상계동,1289,11350,,,
상계주공1(고층),1988,27700,2018,8,8,41.3,11,상계동,765,11350,,,
상계주공10(고층),1988,49500,2018,8,8,68.86,7,상계동,666,11350,,,
상계주공11(고층),1988,27900,2018,8,8,41.3,4,상계동,652,11350,,,
상계주공12(고층),1988,30200,2018,8,8,49.94,15,상계동,647,11350,,,
상계주공13(고층),1989,21950,2018,8,8,45.55,2,상계동,637,11350,,,
상계주공14(고층),1989,33000,2018,8,8,49.94,11,상계동,626,11350,,,
상계주공3(고층),1987,42500,2018,8,8,59.28,2,상계동,730-2,11350,,,
상아,1989,45000,2018,8,8,72.73,11,중계동,505,11350,,,
우방,1999,43000,2018,8,8,83.12,16,하계동,353,11350,,,
은빛1단지,1998,32000,2018,8,8,59.95,11,상계동,1255,11350,,,
은빛1단지,1998,32000,2018,8,8,59.95,13,상계동,1255,11350,,,
장미(시영6),1989,31300,2018,8,8,54.02,5,하계동,273,11350,,,
장미(시영6),1989,30800,2018,8,8,54.02,10,하계동,273,11350,,,
주공2,1992,31000,2018,8,8,58.65,12,월계동,556,11350,,,
중계그린1단지,1990,29900,2018,8,8,49.5,6,중계동,502-1,11350,,,
청구3,1996,71450,2018,8,8,84.77,15,중계동,360-2,11350,,,
청솔(시영7),1989,36000,2018,8,8,59.46,14,하계동,274,11350,,,
청암2단지,2001,28000,2018,8,8,49.77,13,상계동,1276,11350,,,
청암2단지,2001,24900,2018,8,8,49.77,2,상계동,1276,11350,,,
초안2,1997,22800,2018,8,8,49.6,13,월계동,924,11350,,,
초안산쌍용스윗닷홈,2006,43000,2018,8,8,84.69,6,월계동,945,11350,,,
태강아파트(아이파크),1999,35300,2018,8,8,59.34,3,공릉동,81,11350,,,
한일1,1999,38900,2018,8,8,59.953,19,월계동,926,11350,,,
현대,2000,39500,2018,8,8,59.95,11,월계동,929,11350,,,
현대(3차),1992,49500,2018,8,8,84.35,8,중계동,576,11350,,,
건영3,1995,78000,2018,8,9,84.9,13,중계동,360-15,11350,,,
경남아너스빌,2002,41500,2018,8,9,79.098,2,중계동,597,11350,,,
극동,1988,32700,2018,8,9,55.72,15,하계동,271-3,11350,,,
극동,1988,52750,2018,8,9,84.91,6,하계동,271-3,11350,,,
대림,1988,57000,2018,8,9,93.13,1,상계동,695,11350,,,
대림벽산(363),1993,88000,2018,8,9,114.39,7,중계동,363,11350,,,
보람아파트,1988,24200,2018,8,9,44.33,10,상계동,639,11350,,,
삼익4단지아파트,1994,21050,2018,8,9,39.6,3,공릉동,714,11350,,,
삼익포레스트아파트,1995,46000,2018,8,9,114.88,9,공릉동,737,11350,,,
상계주공1(고층),1988,33900,2018,8,9,58.01,5,상계동,765,11350,,,
상계주공1(고층),1988,36000,2018,8,9,59.39,6,상계동,765,11350,,,
상계주공11(고층),1988,34800,2018,8,9,60.5,2,상계동,652,11350,,,
상계주공2(고층),1987,31900,2018,8,9,41.3,5,상계동,740,11350,,,
상계주공3(고층),1987,37000,2018,8,9,41.3,9,상계동,730-2,11350,,,
상계주공3(고층),1987,48000,2018,8,9,58.01,8,상계동,730-2,11350,,,
상계주공4(고층),1988,23300,2018,8,9,32.39,10,상계동,749-5,11350,,,
상계주공6(고층),1988,44000,2018,8,9,58.01,13,상계동,720,11350,,,
상계주공7(고층),1988,42000,2018,8,9,49.94,10,상계동,691,11350,,,
상계주공7(고층),1988,43000,2018,8,9,49.94,9,상계동,691,11350,,,
상계주공9(고층),1988,52000,2018,8,9,79.07,11,상계동,670,11350,,,
수락리버시티3단지,2009,43300,2018,8,9,84.88,5,상계동,1312,11350,,,
은빛1단지,1998,26000,2018,8,9,49.77,4,상계동,1255,11350,,,
은빛1단지,1998,27000,2018,8,9,49.77,3,상계동,1255,11350,,,
주공2,1992,20600,2018,8,9,44.52,4,월계동,556,11350,,,
주공2,1992,22800,2018,8,9,44.52,11,중계동,369,11350,,,
주공2,1992,20700,2018,8,9,44.52,4,월계동,556,11350,,,
주공2,1992,23300,2018,8,9,44.52,13,중계동,369,11350,,,
중계무지개,1991,24400,2018,8,9,39.96,8,중계동,512,11350,,,
한신1,1988,23400,2018,8,9,35.28,15,하계동,284,11350,,,
한진한화그랑빌,2002,65300,2018,8,9,114.97,24,월계동,18,11350,,,
한화꿈에그린,2005,54900,2018,8,9,84.902,9,중계동,598,11350,,,
한화꿈에그린,2005,52500,2018,8,9,84.902,8,중계동,598,11350,,,
현대,2000,39700,2018,8,9,59.95,21,월계동,929,11350,,,
현대1(4차),1993,33000,2018,8,9,71.16,5,중계동,577,11350,,,
현대아파트,1984,45000,2018,8,9,86,4,공릉동,230,11350,,,
건영아파트,1998,30200,2018,8,10,59.94,10,공릉동,404-3,11350,,,
동양엔파트,2003,53000,2018,8,10,84.88,20,상계동,1305,11350,,,
롯데(505),1989,67000,2018,8,10,129.91,6,중계동,505,11350,,,
롯데캐슬루나,2006,55000,2018,8,10,84.985,4,월계동,947,11350,,,
미륭,1986,42000,2018,8,10,51.48,12,월계동,13,11350,,,
미륭,1986,45000,2018,8,10,51.48,3,월계동,13,11350,,,
벽산,1989,42300,2018,8,10,84.89,11,상계동,173-1,11350,,,
벽산,1989,41000,2018,8,10,84.89,5,상계동,173-1,11350,,,
불암현대,1999,45700,2018,8,10,84.9,10,상계동,1293,11350,,,
사슴3,1995,18000,2018,8,10,33.18,3,월계동,320-11,11350,,,
삼창,1984,26500,2018,8,10,56.59,3,월계동,448-3,11350,,,
상계1차중앙하이츠,1997,37500,2018,8,10,59.82,7,상계동,1279,11350,,,
상계대림,1989,41000,2018,8,10,84.91,5,상계동,172,11350,,,
상계불암대림,2000,54700,2018,8,10,114.81,14,상계동,1289,11350,,,
상계주공14(고층),1989,26000,2018,8,10,41.3,6,상계동,626,11350,,,
상계주공16(고층),1988,23000,2018,8,10,45.77,2,상계동,624,11350,,,
상계주공2(고층),1987,43000,2018,8,10,58.01,11,상계동,740,11350,,,
상계주공3(고층),1987,50000,2018,8,10,68.86,4,상계동,730-2,11350,,,
상계주공4(고층),1988,40700,2018,8,10,58.01,12,상계동,749-5,11350,,,
상계주공4(고층),1988,28900,2018,8,10,41.3,13,상계동,749-5,11350,,,
상계주공5(저층),1987,38800,2018,8,10,31.98,4,상계동,721,11350,,,
상계주공6(고층),1988,31500,2018,8,10,41.3,12,상계동,720,11350,,,
상계주공6(고층),1988,43000,2018,8,10,59.28,12,상계동,720,11350,,,
상계주공6(고층),1988,41800,2018,8,10,58.01,12,상계동,720,11350,,,
상계주공7(고층),1988,38700,2018,8,10,49.94,1,상계동,691,11350,,,
상계주공9(고층),1988,25800,2018,8,10,45.9,1,상계동,670,11350,,,
성원(사슴4),1995,22900,2018,8,10,39.6,10,월계동,322-1,11350,,,
신도1차아파트,2002,53000,2018,8,10,117.168,9,공릉동,748,11350,,,
양지마을(대림)1,1998,49500,2018,8,10,84.9,1,중계동,587,11350,,,
우방아파트,2000,48400,2018,8,10,84.881,10,공릉동,108,11350,,,
장미(시영6),1989,24400,2018,8,10,43.56,2,하계동,273,11350,,,
주공2,1992,31500,2018,8,10,59.97,15,월계동,556,11350,,,
주공5,1992,54000,2018,8,10,76.51,15,중계동,359-1,11350,,,
주공6,1993,25900,2018,8,10,44.1,11,중계동,364-12,11350,,,
중계3벽산,1999,36850,2018,8,10,59.88,10,중계동,592,11350,,,
중계무지개,1991,31500,2018,8,10,49.89,11,중계동,512,11350,,,
진로유통조합대림,1992,41800,2018,8,10,84.94,11,중계동,78,11350,,,
청구(366),1993,82500,2018,8,10,115.47,12,중계동,366,11350,,,
태강아파트(아이파크),1999,28500,2018,8,10,49.6,6,공릉동,81,11350,,,
태릉우성아파트,1985,48000,2018,8,10,84.97,8,공릉동,254,11350,,,
풍림아이원,2005,61600,2018,8,10,84.303,9,월계동,944,11350,,,
학여울청구,1999,60000,2018,8,10,113.51,2,하계동,354,11350,,,
한일2,2000,44500,2018,8,10,84.846,18,월계동,927,11350,,,
현대,2000,51800,2018,8,10,84.98,27,월계동,929,11350,,,
현대,2000,36500,2018,8,10,59.95,1,월계동,929,11350,,,
현대,2000,61500,2018,8,10,114.99,9,월계동,929,11350,,,
현대아파트,1984,37000,2018,8,10,62.27,2,공릉동,230,11350,,,
극동의푸른별1차,2005,45000,2018,8,11,84.91,5,중계동,600,11350,,,
극동의푸른별1차,2005,38400,2018,8,11,84.97,6,중계동,600,11350,,,
노원프레미어스엠코,2016,57000,2018,8,11,84.0261,23,공릉동,670-20,11350,,,
대아2차아파트,2000,32200,2018,8,11,59.88,4,공릉동,492-1,11350,,,
대우,1998,46800,2018,8,11,134.64,20,월계동,775,11350,,,
동신,1983,44000,2018,8,11,92.84,3,월계동,436,11350,,,
동진,1988,14000,2018,8,11,47.61,5,중계동,103,11350,,,
동진신안,1993,73000,2018,8,11,101.99,2,중계동,364,11350,,,
롯데우성,1993,82000,2018,8,11,115.26,10,중계동,361-1,11350,,,
롯데우성,1993,84800,2018,8,11,115.26,8,중계동,361-1,11350,,,
롯데우성,1993,86000,2018,8,11,115.26,11,중계동,361-1,11350,,,
미성,1986,44000,2018,8,11,50.14,13,월계동,13,11350,,,
벽산,1989,37000,2018,8,11,75.03,5,상계동,173-1,11350,,,
삼익4단지아파트,1994,22600,2018,8,11,39.6,10,공릉동,714,11350,,,
삼창,1984,36500,2018,8,11,94.36,3,월계동,448-3,11350,,,
삼호4,1987,37800,2018,8,11,50.18,4,월계동,12,11350,,,
상계주공1(고층),1988,32600,2018,8,11,58.01,12,상계동,765,11350,,,
상계주공1(고층),1988,34500,2018,8,11,58.01,10,상계동,765,11350,,,
상계주공1(고층),1988,23500,2018,8,11,32.39,9,상계동,765,11350,,,
상계주공1(고층),1988,22000,2018,8,11,32.39,6,상계동,765,11350,,,
상계주공10(고층),1988,39800,2018,8,11,58.01,4,상계동,666,11350,,,
상계주공10(고층),1988,40500,2018,8,11,58.01,4,상계동,666,11350,,,
상계주공10(고층),1988,39900,2018,8,11,58.01,12,상계동,666,11350,,,
상계주공10(고층),1988,36000,2018,8,11,49.94,11,상계동,666,11350,,,
상계주공11(고층),1988,45000,2018,8,11,68.86,11,상계동,652,11350,,,
상계주공11(고층),1988,29200,2018,8,11,41.3,2,상계동,652,11350,,,
상계주공12(고층),1988,32000,2018,8,11,49.94,5,상계동,647,11350,,,
상계주공14(고층),1989,33000,2018,8,11,59.39,8,상계동,626,11350,,,
상계주공14(고층),1989,24000,2018,8,11,41.3,3,상계동,626,11350,,,
상계주공16(고층),1988,32000,2018,8,11,59.39,4,상계동,624,11350,,,
상계주공16(고층),1988,25500,2018,8,11,45.77,4,상계동,624,11350,,,
상계주공16(고층),1988,25150,2018,8,11,45.77,11,상계동,624,11350,,,
상계주공2(고층),1987,43000,2018,8,11,58.01,5,상계동,740,11350,,,
상계주공2(고층),1987,30900,2018,8,11,41.3,11,상계동,740,11350,,,
상계주공5(저층),1987,38800,2018,8,11,31.98,4,상계동,721,11350,,,
상계주공6(고층),1988,36000,2018,8,11,49.94,3,상계동,720,11350,,,
상계주공6(고층),1988,40500,2018,8,11,59.28,5,상계동,720,11350,,,
상계주공7(고층),1988,42000,2018,8,11,49.94,12,상계동,691,11350,,,
상계주공7(고층),1988,42800,2018,8,11,49.94,8,상계동,691,11350,,,
상계주공9(고층),1988,50800,2018,8,11,79.07,8,상계동,670,11350,,,
상계주공9(고층),1988,32000,2018,8,11,49.94,8,상계동,670,11350,,,
상계주공9(고층),1988,27000,2018,8,11,45.9,12,상계동,670,11350,,,
상계주공9(고층),1988,42700,2018,8,11,66.56,1,상계동,670,11350,,,
상계주공9(고층),1988,32900,2018,8,11,49.94,5,상계동,670,11350,,,
상계현대3차,1999,38400,2018,8,11,84.96,10,상계동,1063,11350,,,
상아,1989,46500,2018,8,11,72.73,7,중계동,505,11350,,,
시영3차(라이프)아파트,1994,22800,2018,8,11,39.6,12,공릉동,715,11350,,,
신동아(366),1993,83500,2018,8,11,115.35,10,중계동,366,11350,,,
양지마을(대림)2,1999,40500,2018,8,11,59.4,10,중계동,588,11350,,,
은빛1단지,1998,22850,2018,8,11,39.69,10,상계동,1255,11350,,,
은빛2단지,1998,32500,2018,8,11,59.95,13,상계동,1256,11350,,,
주공10,1995,43500,2018,8,11,58.14,1,중계동,360-16,11350,,,
주공2,1992,22800,2018,8,11,44.52,11,중계동,369,11350,,,
주공2,1992,18700,2018,8,11,38.64,12,월계동,556,11350,,,
주공2,1992,28700,2018,8,11,58.65,15,월계동,556,11350,,,
주공5,1992,44000,2018,8,11,58.46,8,중계동,359-1,11350,,,
주공5,1992,26700,2018,8,11,44.52,6,중계동,359-1,11350,,,
주공6,1993,27000,2018,8,11,44.1,13,중계동,364-12,11350,,,
주공7,1993,25900,2018,8,11,44.1,10,중계동,363-1,11350,,,
주공8,1993,34000,2018,8,11,49.72,12,중계동,362-1,11350,,,
주공8,1993,32000,2018,8,11,49.72,6,중계동,362-1,11350,,,
중계그린1단지,1990,37500,2018,8,11,59.7,8,중계동,502-1,11350,,,
중계그린1단지,1990,27700,2018,8,11,44.1,8,중계동,502-1,11350,,,
중계그린1단지,1990,31200,2018,8,11,49.5,3,중계동,502-1,11350,,,
중계무지개,1991,38300,2018,8,11,59.26,7,중계동,512,11350,,,
중계무지개,1991,31900,2018,8,11,49.54,5,중계동,512,11350,,,
진로유통조합대림,1992,40250,2018,8,11,84.94,4,중계동,78,11350,,,
청구3,1996,69000,2018,8,11,84.77,9,중계동,360-2,11350,,,
청솔(시영7),1989,28450,2018,8,11,49.5,2,하계동,274,11350,,,
청암2단지,2001,29900,2018,8,11,59.4,20,상계동,1276,11350,,,
청암2단지,2001,32900,2018,8,11,59.96,7,상계동,1276,11350,,,
태릉우성아파트,1985,50000,2018,8,11,84.97,5,공릉동,254,11350,,,
태릉우성아파트,1985,40000,2018,8,11,66.87,8,공릉동,254,11350,,,
풍림아파트A,2001,40500,2018,8,11,59.94,17,공릉동,725,11350,,,
하계2현대,1997,59600,2018,8,11,84.896,4,하계동,288,11350,,,
하계2현대,1997,54000,2018,8,11,84.51,3,하계동,288,11350,,,
한신2,1988,23000,2018,8,11,35.28,10,하계동,284,11350,,,
한화꿈에그린,2005,53000,2018,8,11,84.902,6,중계동,598,11350,,,
한화꿈에그린,2005,52000,2018,8,11,84.902,12,중계동,598,11350,,,
현대,2000,55700,2018,8,11,84.98,18,월계동,929,11350,,,
화랑타운아파트,2000,50700,2018,8,11,84.65,10,공릉동,111,11350,,,
화랑타운아파트,2000,51500,2018,8,11,84.65,9,공릉동,111,11350,,,
건영아파트,1998,30200,2018,8,12,59.94,11,공릉동,404-3,11350,,,
보람2단지,1988,35000,2018,8,12,68.99,2,상계동,639,11350,,,
상계주공3(고층),1987,45500,2018,8,12,59.39,7,상계동,730-2,11350,,,
상계주공7(고층),1988,43000,2018,8,12,49.94,9,상계동,691,11350,,,
건영,1988,29500,2018,8,13,53.14,1,하계동,271-3,11350,,,
꿈의숲SKVIEW,2016,59000,2018,8,13,84.93,15,월계동,949,11350,,,
녹천역두산위브아파트,2017,52000,2018,8,13,84.8218,5,월계동,950,11350,,,
대동아파트2,1999,51500,2018,8,13,114.95,18,공릉동,380-1,11350,,,
동부아파트,1996,30500,2018,8,13,59.34,14,공릉동,705,11350,,,
동아불암,1999,29300,2018,8,13,59.4,3,상계동,1285,11350,,,
두산,1994,26900,2018,8,13,59.97,2,상계동,1110,11350,,,
라이프,1993,73000,2018,8,13,101.85,3,중계동,366,11350,,,
미성,1986,41500,2018,8,13,50.14,13,월계동,13,11350,,,
벽산,1989,24700,2018,8,13,46.8,9,상계동,173-1,11350,,,
보람2단지,1988,36900,2018,8,13,68.99,5,상계동,639,11350,,,
보람아파트,1988,24200,2018,8,13,44.33,11,상계동,639,11350,,,
보람아파트,1988,26000,2018,8,13,44.33,7,상계동,639,11350,,,
사슴3,1995,22300,2018,8,13,39.6,4,월계동,320-11,11350,,,
삼익4단지아파트,1994,26000,2018,8,13,49.5,1,공릉동,714,11350,,,
삼익포레스트아파트,1995,40000,2018,8,13,84.6,3,공릉동,737,11350,,,
상계대림,1989,33900,2018,8,13,59.67,10,상계동,172,11350,,,
상계불암대림,2000,45700,2018,8,13,84.96,4,상계동,1289,11350,,,
상계불암대림,2000,50000,2018,8,13,84.96,7,상계동,1289,11350,,,
상계신동아,1995,39400,2018,8,13,84.99,8,상계동,463,11350,,,
상계주공10(고층),1988,49700,2018,8,13,68.86,12,상계동,666,11350,,,
상계주공10(고층),1988,38000,2018,8,13,58.01,1,상계동,666,11350,,,
상계주공10(고층),1988,47800,2018,8,13,66.56,4,상계동,666,11350,,,
상계주공10(저층),1988,37800,2018,8,13,54.54,2,상계동,666,11350,,,
상계주공11(고층),1988,29700,2018,8,13,41.3,6,상계동,652,11350,,,
상계주공12(고층),1988,44000,2018,8,13,66.56,6,상계동,647,11350,,,
상계주공12(고층),1988,33000,2018,8,13,49.94,14,상계동,647,11350,,,
상계주공12(고층),1988,31500,2018,8,13,49.94,4,상계동,647,11350,,,
상계주공2(고층),1987,46500,2018,8,13,68.86,6,상계동,740,11350,,,
상계주공2(고층),1987,24500,2018,8,13,32.39,14,상계동,740,11350,,,
상계주공3(고층),1987,48500,2018,8,13,58.01,14,상계동,730-2,11350,,,
상계주공4(고층),1988,38500,2018,8,13,58.01,6,상계동,749-5,11350,,,
상계주공5(저층),1987,39800,2018,8,13,31.98,2,상계동,721,11350,,,
상계주공7(고층),1988,33000,2018,8,13,45.9,13,상계동,691,11350,,,
상계주공7(고층),1988,33000,2018,8,13,49.94,1,상계동,691,11350,,,
상계주공9(고층),1988,37000,2018,8,13,58.01,3,상계동,670,11350,,,
상계주공9(고층),1988,33500,2018,8,13,49.94,12,상계동,670,11350,,,
상계주공9(고층),1988,33700,2018,8,13,49.94,13,상계동,670,11350,,,
신명아파트,1995,31500,2018,8,13,84.55,5,공릉동,382-14,11350,,,
양지마을(대림)1,1998,65000,2018,8,13,114.96,6,중계동,587,11350,,,
우성,1988,53500,2018,8,13,84.91,6,하계동,270,11350,,,
은빛1단지,1998,28500,2018,8,13,49.77,13,상계동,1255,11350,,,
임광,1989,71000,2018,8,13,122.18,10,상계동,694,11350,,,
주공2,1992,32000,2018,8,13,59.97,6,월계동,556,11350,,,
주공2,1992,22950,2018,8,13,44.52,12,중계동,369,11350,,,
주공6,1993,27000,2018,8,13,44.1,14,중계동,364-12,11350,,,
주공6,1993,25500,2018,8,13,44.1,1,중계동,364-12,11350,,,
중계3벽산,1999,36900,2018,8,13,59.88,9,중계동,592,11350,,,
중계그린1단지,1990,25400,2018,8,13,39.78,9,중계동,502-1,11350,,,
중계무지개,1991,31900,2018,8,13,49.54,7,중계동,512,11350,,,
중계무지개,1991,36800,2018,8,13,59.26,9,중계동,512,11350,,,
중계무지개,1991,24300,2018,8,13,39.82,3,중계동,512,11350,,,
중계현대2,1991,42000,2018,8,13,84.34,4,중계동,435-1,11350,,,
초안2,1997,17500,2018,8,13,39.6,4,월계동,924,11350,,,
하계2현대,1997,55800,2018,8,13,84.51,8,하계동,288,11350,,,
한신동성,1993,59900,2018,8,13,112.24,5,하계동,256-5,11350,,,
한진한화그랑빌,2002,70000,2018,8,13,114.97,14,월계동,18,11350,,,
한진한화그랑빌,2002,61000,2018,8,13,84.97,25,월계동,18,11350,,,
한화꿈에그린,2005,55000,2018,8,13,84.902,6,중계동,598,11350,,,
한화꿈에그린,2005,52000,2018,8,13,84.902,4,중계동,598,11350,,,
한화꿈에그린,2005,57000,2018,8,13,84.902,4,중계동,598,11350,,,
현대(3차),1992,45000,2018,8,13,84.35,6,중계동,576,11350,,,
건영2,1991,45500,2018,8,14,84.96,11,중계동,515-2,11350,,,
건영3,1995,72000,2018,8,14,84.9,5,중계동,360-15,11350,,,
극동의푸른별1차,2005,39700,2018,8,14,84.97,10,중계동,600,11350,,,
꿈의숲SKVIEW,2016,65000,2018,8,14,84.93,9,월계동,949,11350,,,
대아2차아파트,2000,44700,2018,8,14,84.69,6,공릉동,492-1,11350,,,
대아2차아파트,2000,44700,2018,8,14,84.6,17,공릉동,492-1,11350,,,
동아불암,1999,43600,2018,8,14,114.24,2,상계동,1285,11350,,,
동진신안,1993,83800,2018,8,14,134.74,3,중계동,364,11350,,,
롯데캐슬루나,2006,45000,2018,8,14,59.9927,6,월계동,947,11350,,,
불암현대,1999,31000,2018,8,14,59.4,18,상계동,1293,11350,,,
불암현대,1999,41800,2018,8,14,84.9,5,상계동,1293,11350,,,
삼성,1999,33000,2018,8,14,59.9,11,중계동,593,11350,,,
상계불암대림,2000,44400,2018,8,14,84.96,17,상계동,1289,11350,,,
상계신동아,1995,37000,2018,8,14,84.99,8,상계동,463,11350,,,
상계주공11(고층),1988,33000,2018,8,14,49.94,4,상계동,652,11350,,,
상계주공14(고층),1989,25000,2018,8,14,41.3,3,상계동,626,11350,,,
상계주공14(고층),1989,23800,2018,8,14,41.3,15,상계동,626,11350,,,
상계주공2(고층),1987,31000,2018,8,14,41.3,12,상계동,740,11350,,,
상계주공3(고층),1987,45700,2018,8,14,58.01,8,상계동,730-2,11350,,,
상계주공3(저층),1987,43000,2018,8,14,62.17,1,상계동,737,11350,,,
상계주공4(고층),1988,28600,2018,8,14,41.3,12,상계동,749-5,11350,,,
상계주공7(고층),1988,34000,2018,8,14,45.9,9,상계동,691,11350,,,
상계주공9(고층),1988,34600,2018,8,14,58.01,12,상계동,670,11350,,,
상계현대3차,1999,38800,2018,8,14,84.96,9,상계동,1063,11350,,,
성원1,1996,42500,2018,8,14,59.75,1,중계동,580,11350,,,
신동아(366),1993,81000,2018,8,14,115.35,4,중계동,366,11350,,,
양지마을(대림)2,1999,36900,2018,8,14,59.4,3,중계동,588,11350,,,
염광,1996,46400,2018,8,14,84.5,12,중계동,445,11350,,,
염광,1996,31500,2018,8,14,59.34,2,중계동,445,11350,,,
우방,1999,31600,2018,8,14,59.74,15,하계동,353,11350,,,
우성,1988,54700,2018,8,14,84.91,4,하계동,270,11350,,,
월계흥화브라운빌,2004,39300,2018,8,14,84.91,6,월계동,939,11350,,,
월계흥화브라운빌,2004,39900,2018,8,14,84.91,15,월계동,939,11350,,,
장미(시영6),1989,38500,2018,8,14,64.88,5,하계동,273,11350,,,
장미(시영6),1989,30800,2018,8,14,54.02,2,하계동,273,11350,,,
주공2,1992,20900,2018,8,14,44.52,13,월계동,556,11350,,,
주공2,1992,19300,2018,8,14,38.64,6,월계동,556,11350,,,
주공5,1992,59000,2018,8,14,76.51,10,중계동,359-1,11350,,,
주공5,1992,28000,2018,8,14,44.52,12,중계동,359-1,11350,,,
주공7,1993,24000,2018,8,14,44.1,5,중계동,363-1,11350,,,
주공8,1993,33000,2018,8,14,49.72,8,중계동,362-1,11350,,,
중계그린1단지,1990,25000,2018,8,14,39.92,12,중계동,502-1,11350,,,
중계그린1단지,1990,28000,2018,8,14,49.5,11,중계동,502-1,11350,,,
중계현대2,1991,40000,2018,8,14,84.34,12,중계동,435-1,11350,,,
청구(366),1993,69000,2018,8,14,115.47,1,중계동,366,11350,,,
태릉우성아파트,1985,50000,2018,8,14,84.97,6,공릉동,254,11350,,,
풍림아이원,2005,59500,2018,8,14,84.303,21,월계동,944,11350,,,
한일유앤아이,2005,50000,2018,8,14,84.991,18,상계동,1309,11350,,,
한화꿈에그린,2005,41000,2018,8,14,59.941,14,중계동,598,11350,,,
한화꿈에그린,2005,39800,2018,8,14,59.941,2,중계동,598,11350,,,
현대,1988,56000,2018,8,14,84.95,4,하계동,270,11350,,,
현대(6차),2018,33000,2018,8,14,59.84,14,중계동,34-5,11350,,,
현대(6차),2018,30500,2018,8,14,59.84,2,중계동,34-5,11350,,,
현대1(4차),1993,36500,2018,8,14,84.99,1,중계동,577,11350,,,
화랑타운아파트,2000,46800,2018,8,14,84.65,1,공릉동,111,11350,,,
건영2,1991,47500,2018,8,15,84.96,6,중계동,515-2,11350,,,
건영2,1991,42500,2018,8,15,75.02,9,중계동,515-2,11350,,,
경남아너스빌,2002,44000,2018,8,15,79.098,4,중계동,597,11350,,,
공릉해링턴플레이스,2000,62500,2018,8,15,134.914,1,공릉동,106,11350,,,
공릉해링턴플레이스,2000,59000,2018,8,15,99.917,15,공릉동,106,11350,,,
극동늘푸른,2000,46800,2018,8,15,84.514,9,상계동,1128,11350,,,
극동늘푸른,2000,45000,2018,8,15,84.514,8,상계동,1128,11350,,,
대림,1988,65200,2018,8,15,93.13,11,상계동,695,11350,,,
동신,1983,44000,2018,8,15,91.54,12,월계동,436,11350,,,
동신,1983,35000,2018,8,15,71.83,2,월계동,436,11350,,,
동신아파트,1999,35900,2018,8,15,59.99,12,공릉동,745,11350,,,
동양엔파트,2003,60800,2018,8,15,84.88,14,상계동,1305,11350,,,
롯데(505),1989,44800,2018,8,15,72.49,7,중계동,505,11350,,,
미도,1988,47000,2018,8,15,87.57,12,상계동,766-1,11350,,,
벽산,1989,32000,2018,8,15,59.9,2,상계동,173-1,11350,,,
벽산,1988,35000,2018,8,15,57.71,8,하계동,271-3,11350,,,
벽산,1988,34700,2018,8,15,57.71,11,하계동,271-3,11350,,,
벽산,1988,34700,2018,8,15,57.71,11,하계동,271-3,11350,,,
벽산,1989,37900,2018,8,15,75.03,10,상계동,173-1,11350,,,
보람아파트,1988,36800,2018,8,15,68.99,13,상계동,639,11350,,,
불암현대,1999,50000,2018,8,15,114.24,17,상계동,1293,11350,,,
비선아파트,1999,28850,2018,8,15,48.6,11,공릉동,109,11350,,,
삼익선경,1993,57000,2018,8,15,107.95,7,하계동,255-1,11350,,,
삼창,1984,37500,2018,8,15,94.36,2,월계동,448-3,11350,,,
상계2차중앙하이츠,1998,59900,2018,8,15,134.97,17,상계동,1282,11350,,,
상계2차중앙하이츠,1998,50000,2018,8,15,84.6,14,상계동,1282,11350,,,
상계불암대림,2000,34500,2018,8,15,59.22,20,상계동,1289,11350,,,
상계우방유쉘,2000,42000,2018,8,15,84.94,18,상계동,1295,11350,,,
상계주공1(고층),1988,31000,2018,8,15,49.94,9,상계동,765,11350,,,
상계주공1(고층),1988,35000,2018,8,15,59.28,7,상계동,765,11350,,,
상계주공1(고층),1988,39500,2018,8,15,68.86,10,상계동,765,11350,,,
상계주공10(고층),1988,32000,2018,8,15,45.9,10,상계동,666,11350,,,
상계주공10(고층),1988,36000,2018,8,15,49.94,4,상계동,666,11350,,,
상계주공12(고층),1988,28000,2018,8,15,41.3,8,상계동,647,11350,,,
상계주공13(고층),1989,23000,2018,8,15,45.9,6,상계동,637,11350,,,
상계주공14(고층),1989,24950,2018,8,15,45.55,6,상계동,626,11350,,,
상계주공14(고층),1989,27700,2018,8,15,49.94,1,상계동,626,11350,,,
상계주공14(고층),1989,25000,2018,8,15,45.9,5,상계동,626,11350,,,
상계주공16(고층),1988,46500,2018,8,15,79.07,7,상계동,624,11350,,,
상계주공16(고층),1988,33900,2018,8,15,58.01,5,상계동,624,11350,,,
상계주공16(고층),1988,25200,2018,8,15,45.77,8,상계동,624,11350,,,
상계주공16(고층),1988,31300,2018,8,15,58.01,10,상계동,624,11350,,,
상계주공2(고층),1987,41500,2018,8,15,58.01,2,상계동,740,11350,,,
상계주공2(고층),1987,36000,2018,8,15,60.5,11,상계동,740,11350,,,
상계주공2(고층),1987,29900,2018,8,15,41.3,12,상계동,740,11350,,,
상계주공2(고층),1987,30400,2018,8,15,37.46,5,상계동,740,11350,,,
상계주공3(고층),1987,46300,2018,8,15,58.01,9,상계동,730-2,11350,,,
상계주공3(고층),1987,45200,2018,8,15,59.39,6,상계동,730-2,11350,,,
상계주공3(고층),1987,42000,2018,8,15,59.2,2,상계동,730-2,11350,,,
상계주공3(고층),1987,46000,2018,8,15,59.39,10,상계동,730-2,11350,,,
상계주공4(고층),1988,30800,2018,8,15,41.3,11,상계동,749-5,11350,,,
상계주공4(고층),1988,25500,2018,8,15,32.39,5,상계동,749-5,11350,,,
상계주공6(고층),1988,40500,2018,8,15,58.01,2,상계동,720,11350,,,
상계주공6(고층),1988,44500,2018,8,15,58.01,10,상계동,720,11350,,,
상계주공6(고층),1988,45000,2018,8,15,58.01,4,상계동,720,11350,,,
상록수1단지,2002,29700,2018,8,15,53.656,11,상계동,1296,11350,,,
성북맨션,1976,30000,2018,8,15,65.35,3,월계동,383-40,11350,,,
송이월드A동,2004,27400,2018,8,15,76.12,7,상계동,1101-2,11350,,,
수락한신,1997,29800,2018,8,15,59.95,8,상계동,1277,11350,,,
시영2단지(라이프)아파트,1994,19800,2018,8,15,34.44,6,공릉동,707,11350,,,
시영2단지(라이프)아파트,1994,19500,2018,8,15,34.44,6,공릉동,707,11350,,,
시영3차(라이프)아파트,1994,20000,2018,8,15,39.6,1,공릉동,715,11350,,,
엘림타운,2003,27500,2018,8,15,74.97,4,공릉동,379-2,11350,,,
우남그랜드,2001,52000,2018,8,15,84.73,8,월계동,930,11350,,,
우방아파트,2000,45800,2018,8,15,84.881,3,공릉동,108,11350,,,
장미(시영6),1989,25900,2018,8,15,43.56,6,하계동,273,11350,,,
주공2,1992,41000,2018,8,15,84.815,5,월계동,556,11350,,,
주공2,1992,33000,2018,8,15,59.97,13,월계동,556,11350,,,
주공2,1992,20500,2018,8,15,44.52,4,월계동,556,11350,,,
중계그린1단지,1990,32500,2018,8,15,49.5,3,중계동,502-1,11350,,,
중계그린1단지,1990,31500,2018,8,15,49.5,6,중계동,502-1,11350,,,
중계센트럴파크,2016,51000,2018,8,15,84.13,1,상계동,1322,11350,,,
중계스타클래스,2005,46000,2018,8,15,84.686,8,중계동,599,11350,,,
진주브라운,2003,25600,2018,8,15,84.09,4,공릉동,585-6,11350,,,
청솔(시영7),1989,28500,2018,8,15,49.5,3,하계동,274,11350,,,
청솔(시영7),1989,19700,2018,8,15,39.92,1,하계동,274,11350,,,
청솔아파트8,2000,46700,2018,8,15,84.83,11,공릉동,91,11350,,,
태강아파트(아이파크),1999,35400,2018,8,15,59.38,3,공릉동,81,11350,,,
태강아파트(아이파크),1999,29900,2018,8,15,49.6,6,공릉동,81,11350,,,
태강아파트(아이파크),1999,36900,2018,8,15,59.34,5,공릉동,81,11350,,,
태릉우성아파트,1985,50000,2018,8,15,84.97,6,공릉동,254,11350,,,
풍림아이원,2005,60800,2018,8,15,84.303,11,월계동,944,11350,,,
풍림아파트A,2001,49800,2018,8,15,84.99,11,공릉동,725,11350,,,
풍림아파트A,2001,40400,2018,8,15,59.94,3,공릉동,725,11350,,,
풍림아파트A,2001,51000,2018,8,15,84.99,5,공릉동,725,11350,,,
한양,1988,50000,2018,8,15,86.62,5,상계동,757,11350,,,
한진한화그랑빌,2002,48800,2018,8,15,59.94,1,월계동,18,11350,,,
한진한화그랑빌,2002,50700,2018,8,15,59.94,3,월계동,18,11350,,,
현대,2000,39700,2018,8,15,59.95,27,월계동,929,11350,,,
현대,1988,60000,2018,8,15,84.95,14,하계동,270,11350,,,
경남,1989,33200,2018,8,16,50.97,14,중계동,505,11350,,,
공릉우성아파트,1995,49000,2018,8,16,109.4,9,공릉동,738,11350,,,
공릉우성아파트,1995,42900,2018,8,16,84.97,7,공릉동,738,11350,,,
동신,1983,34000,2018,8,16,70.81,10,월계동,436,11350,,,
동아불암,1999,31000,2018,8,16,59.4,15,상계동,1285,11350,,,
두산,1994,40500,2018,8,16,84.09,6,상계동,1110,11350,,,
두산,1994,28000,2018,8,16,51.66,15,상계동,1110,11350,,,
롯데(505),1989,52800,2018,8,16,84.97,12,중계동,505,11350,,,
롯데우성,1993,79500,2018,8,16,115.26,3,중계동,361-1,11350,,,
롯데캐슬루나,2006,52300,2018,8,16,84.9852,4,월계동,947,11350,,,
미성,1989,60500,2018,8,16,118.52,7,하계동,280,11350,,,
미성,1986,37000,2018,8,16,33.28,3,월계동,13,11350,,,
보람아파트,1988,31800,2018,8,16,54.59,11,상계동,639,11350,,,
불암현대,1999,46000,2018,8,16,114.24,10,상계동,1293,11350,,,
삼익선경,1993,53000,2018,8,16,107.95,1,하계동,255-1,11350,,,
삼호3,1986,50300,2018,8,16,59.22,11,월계동,13,11350,,,
상계대림,1989,42500,2018,8,16,84.91,9,상계동,172,11350,,,
상계신동아,1995,36000,2018,8,16,84.99,11,상계동,463,11350,,,
상계주공1(고층),1988,35000,2018,8,16,59.28,5,상계동,765,11350,,,
상계주공1(저층),1988,46700,2018,8,16,84.41,1,상계동,765,11350,,,
상계주공11(고층),1988,28500,2018,8,16,41.3,7,상계동,652,11350,,,
상계주공14(저층),1989,43600,2018,8,16,84.41,5,상계동,626,11350,,,
상계주공2(고층),1987,42000,2018,8,16,58.01,6,상계동,740,11350,,,
상계주공3(고층),1987,52000,2018,8,16,75.2,1,상계동,730-2,11350,,,
상계주공3(고층),1987,56000,2018,8,16,73.94,8,상계동,730-2,11350,,,
상계주공4(고층),1988,29900,2018,8,16,41.3,14,상계동,749-5,11350,,,
상계주공4(고층),1988,39000,2018,8,16,58.01,3,상계동,749-5,11350,,,
상계주공6(고층),1988,31500,2018,8,16,41.3,11,상계동,720,11350,,,
상계주공6(고층),1988,45000,2018,8,16,58.01,11,상계동,720,11350,,,
상계주공7(고층),1988,34000,2018,8,16,45.9,11,상계동,691,11350,,,
상계주공9(고층),1988,31800,2018,8,16,49.94,7,상계동,670,11350,,,
상계주공9(고층),1988,30500,2018,8,16,49.94,1,상계동,670,11350,,,
성북맨션,1976,32000,2018,8,16,65.42,3,월계동,383-40,11350,,,
시영3차(라이프)아파트,1994,20500,2018,8,16,34.44,13,공릉동,715,11350,,,
염광,1996,35500,2018,8,16,59.34,9,중계동,445,11350,,,
월계역신도브래뉴,2005,35000,2018,8,16,59.8587,2,월계동,942,11350,,,
유원,1998,32500,2018,8,16,84.96,17,월계동,880,11350,,,
장미(시영6),1989,26000,2018,8,16,43.56,6,하계동,273,11350,,,
주공2,1992,21800,2018,8,16,44.52,3,중계동,369,11350,,,
주공2,1992,21000,2018,8,16,44.52,6,월계동,556,11350,,,
주공5,1992,18000,2018,8,16,38.64,8,중계동,359-1,11350,,,
주공6,1993,24100,2018,8,16,44.1,1,중계동,364-12,11350,,,
주공6,1993,25000,2018,8,16,44.1,5,중계동,364-12,11350,,,
주공8,1993,27000,2018,8,16,49.72,1,중계동,362-1,11350,,,
중계그린1단지,1990,30500,2018,8,16,49.5,7,중계동,502-1,11350,,,
중계그린1단지,1990,24300,2018,8,16,39.78,2,중계동,502-1,11350,,,
청솔(시영7),1989,28700,2018,8,16,49.5,5,하계동,274,11350,,,
초안1,1998,18250,2018,8,16,39.6,12,월계동,923,11350,,,
태강아파트(아이파크),1999,28500,2018,8,16,49.6,15,공릉동,81,11350,,,
풍림아파트A,2001,48900,2018,8,16,84.99,2,공릉동,725,11350,,,
한화꿈에그린TheFIRST,2014,62900,2018,8,16,84.97,5,중계동,606,11350,,,
현대(6차),2018,48200,2018,8,16,84.98,5,중계동,34-5,11350,,,
건영,1988,46000,2018,8,17,74.58,3,하계동,271-3,11350,,,
녹천역두산위브아파트,2017,50500,2018,8,17,84.9343,5,월계동,950,11350,,,
동아불암,1999,42800,2018,8,17,84.9,5,상계동,1285,11350,,,
롯데캐슬루나,2006,57000,2018,8,17,84.985,5,월계동,947,11350,,,
미도,1988,46800,2018,8,17,87.57,4,상계동,766-1,11350,,,
미륭,1986,42900,2018,8,17,51.48,3,월계동,13,11350,,,
보람2단지,1988,35500,2018,8,17,68.99,3,상계동,639,11350,,,
보람아파트,1988,38000,2018,8,17,68.99,13,상계동,639,11350,,,
보람아파트,1988,24500,2018,8,17,44.33,15,상계동,639,11350,,,
비콘드림힐3,2005,47500,2018,8,17,84.978,2,상계동,1310,11350,,,
삼익4단지아파트,1994,22400,2018,8,17,39.6,5,공릉동,714,11350,,,
삼창,1984,35000,2018,8,17,94.36,1,월계동,448-3,11350,,,
삼창타워주상프라자,1997,53500,2018,8,17,151.73,16,중계동,584-1,11350,,,
삼창타워주상프라자,1997,30750,2018,8,17,59.39,18,중계동,584-1,11350,,,
삼호3,1986,52000,2018,8,17,59.22,8,월계동,13,11350,,,
삼호3,1986,49000,2018,8,17,59.22,13,월계동,13,11350,,,
상계2차중앙하이츠,1998,50000,2018,8,17,84.6,3,상계동,1282,11350,,,
상계2차중앙하이츠,1998,39700,2018,8,17,59.82,10,상계동,1282,11350,,,
상계2차중앙하이츠,1998,41600,2018,8,17,59.82,7,상계동,1282,11350,,,
상계대림,1989,33000,2018,8,17,59.67,7,상계동,172,11350,,,
상계주공1(고층),1988,37000,2018,8,17,58.01,13,상계동,765,11350,,,
상계주공1(고층),1988,41000,2018,8,17,68.86,15,상계동,765,11350,,,
상계주공10(고층),1988,43000,2018,8,17,58.01,9,상계동,666,11350,,,
상계주공10(고층),1988,40000,2018,8,17,58.01,3,상계동,666,11350,,,
상계주공10(저층),1988,31800,2018,8,17,47.34,1,상계동,666,11350,,,
상계주공11(고층),1988,36000,2018,8,17,49.94,5,상계동,652,11350,,,
상계주공12(고층),1988,26100,2018,8,17,41.3,7,상계동,647,11350,,,
상계주공12(고층),1988,28000,2018,8,17,41.3,14,상계동,647,11350,,,
상계주공12(고층),1988,32000,2018,8,17,49.94,5,상계동,647,11350,,,
상계주공12(고층),1988,38300,2018,8,17,58.01,14,상계동,647,11350,,,
상계주공13(고층),1989,34000,2018,8,17,58.01,7,상계동,637,11350,,,
상계주공14(고층),1989,23600,2018,8,17,45.9,10,상계동,626,11350,,,
상계주공16(고층),1988,24300,2018,8,17,45.77,10,상계동,624,11350,,,
상계주공2(고층),1987,41000,2018,8,17,58.01,14,상계동,740,11350,,,
상계주공2(고층),1987,47000,2018,8,17,68.86,6,상계동,740,11350,,,
상계주공2(고층),1987,44100,2018,8,17,68.86,15,상계동,740,11350,,,
상계주공3(고층),1987,35500,2018,8,17,38,8,상계동,730-2,11350,,,
상계주공3(고층),1987,45000,2018,8,17,60.5,9,상계동,730-2,11350,,,
상계주공3(고층),1987,44000,2018,8,17,58.01,12,상계동,730-2,11350,,,
상계주공4(고층),1988,34700,2018,8,17,49.94,12,상계동,749-5,11350,,,
상계주공6(고층),1988,41300,2018,8,17,58.01,5,상계동,720,11350,,,
상계주공9(고층),1988,51500,2018,8,17,79.07,15,상계동,670,11350,,,
상계주공9(고층),1988,39800,2018,8,17,58.01,11,상계동,670,11350,,,
상계주공9(고층),1988,27000,2018,8,17,45.55,14,상계동,670,11350,,,
성원(사슴4),1995,30300,2018,8,17,59.94,2,월계동,322-1,11350,,,
수락리버시티4단지,2009,43000,2018,8,17,84.69,9,상계동,1313,11350,,,
수락리버시티4단지,2009,37000,2018,8,17,59.9,8,상계동,1313,11350,,,
양지마을(대림)1,1998,62000,2018,8,17,114.96,1,중계동,587,11350,,,
양지마을(대림)2,1999,63800,2018,8,17,114.81,10,중계동,588,11350,,,
양지마을(대림)2,1999,64000,2018,8,17,114.81,11,중계동,588,11350,,,
우방아파트,2000,50000,2018,8,17,84.881,13,공릉동,108,11350,,,
우성,1988,55000,2018,8,17,84.91,13,하계동,270,11350,,,
주공2,1992,21000,2018,8,17,44.52,5,월계동,556,11350,,,
주공2,1992,31000,2018,8,17,59.97,4,월계동,556,11350,,,
주공2,1992,19000,2018,8,17,38.64,3,월계동,556,11350,,,
주공5,1992,26800,2018,8,17,44.52,2,중계동,359-1,11350,,,
주공5,1992,27000,2018,8,17,44.52,5,중계동,359-1,11350,,,
주공5,1992,28300,2018,8,17,44.52,10,중계동,359-1,11350,,,
주공6,1993,29000,2018,8,17,44.1,11,중계동,364-12,11350,,,
중계3벽산,1999,52000,2018,8,17,85,4,중계동,592,11350,,,
중계그린1단지,1990,33500,2018,8,17,49.5,12,중계동,502-1,11350,,,
중계무지개,1991,31500,2018,8,17,49.89,11,중계동,512,11350,,,
청구,1988,54500,2018,8,17,84.97,13,하계동,284,11350,,,
풍림아이원,2005,55000,2018,8,17,59.149,20,월계동,944,11350,,,
풍림아파트A,2001,50200,2018,8,17,84.99,19,공릉동,725,11350,,,
하계2현대,1997,56000,2018,8,17,84.896,4,하계동,288,11350,,,
한일유앤아이,2005,42500,2018,8,17,59.877,9,상계동,1309,11350,,,
한진한화그랑빌,2002,57700,2018,8,17,84.97,3,월계동,18,11350,,,
한화꿈에그린,2005,57000,2018,8,17,84.902,7,중계동,598,11350,,,
한화꿈에그린TheFIRST,2014,64300,2018,8,17,84.97,13,중계동,606,11350,,,
현대,2000,41700,2018,8,17,59.95,9,월계동,929,11350,,,
현대,2000,43750,2018,8,17,59.95,11,월계동,929,11350,,,
현대(6차),2018,50900,2018,8,17,122.685,1,중계동,34-5,11350,,,
건영2,1991,45700,2018,8,18,84.96,4,중계동,515-2,11350,,,
건영2,1991,48500,2018,8,18,84.96,10,중계동,515-2,11350,,,
건영3,1995,67000,2018,8,18,84.9,8,중계동,360-15,11350,,,
건영아파트,1998,33700,2018,8,18,84.75,9,공릉동,404-3,11350,,,
공릉해링턴플레이스,2000,65500,2018,8,18,134.914,15,공릉동,106,11350,,,
극동,1988,51500,2018,8,18,84.91,11,하계동,271-3,11350,,,
극동,1996,29000,2018,8,18,83.31,1,월계동,803-1,11350,,,
극동,1988,41100,2018,8,18,70.56,11,하계동,271-3,11350,,,
금호타운(583),1997,31500,2018,8,18,59.52,1,중계동,583,11350,,,
대동아파트2,1999,44800,2018,8,18,114.95,5,공릉동,380-1,11350,,,
동부아파트,1996,28300,2018,8,18,59.34,3,공릉동,705,11350,,,
동아불암,1999,45600,2018,8,18,114.24,15,상계동,1285,11350,,,
동진신안,1993,72800,2018,8,18,101.99,2,중계동,364,11350,,,
롯데(505),1989,45000,2018,8,18,72.49,13,중계동,505,11350,,,
롯데캐슬루나,2006,70000,2018,8,18,127.032,8,월계동,947,11350,,,
미성,1989,38200,2018,8,18,57.97,15,하계동,280,11350,,,
벽산,1988,45000,2018,8,18,70.56,8,하계동,271-3,11350,,,
벽산,1988,50500,2018,8,18,84.85,2,하계동,271-3,11350,,,
벽산,1989,23500,2018,8,18,46.8,8,상계동,173-1,11350,,,
벽산,1988,52000,2018,8,18,84.85,2,하계동,271-3,11350,,,
보람아파트,1988,31000,2018,8,18,54.59,9,상계동,639,11350,,,
불암현대,1999,31000,2018,8,18,59.4,4,상계동,1293,11350,,,
비선아파트,1999,25000,2018,8,18,48.6,1,공릉동,109,11350,,,
비선아파트,1999,27900,2018,8,18,48.6,5,공릉동,109,11350,,,
비선아파트,1999,28400,2018,8,18,48.6,14,공릉동,109,11350,,,
사슴3,1995,21400,2018,8,18,39.6,15,월계동,320-11,11350,,,
삼성,1999,56000,2018,8,18,114.67,15,중계동,593,11350,,,
삼성,1999,34000,2018,8,18,59.9,11,중계동,593,11350,,,
상계불암대림,2000,34000,2018,8,18,59.22,10,상계동,1289,11350,,,
상계불암대림,2000,47000,2018,8,18,84.96,18,상계동,1289,11350,,,
상계신동아,1995,27000,2018,8,18,59.4,8,상계동,463,11350,,,
상계우방유쉘,2000,33000,2018,8,18,59.93,16,상계동,1295,11350,,,
상계우방유쉘,2000,33000,2018,8,18,59.93,16,상계동,1295,11350,,,
상계주공1(고층),1988,38000,2018,8,18,58.01,14,상계동,765,11350,,,
상계주공11(고층),1988,41000,2018,8,18,58.01,5,상계동,652,11350,,,
상계주공11(고층),1988,40500,2018,8,18,58.01,7,상계동,652,11350,,,
상계주공12(고층),1988,36500,2018,8,18,61.52,1,상계동,647,11350,,,
상계주공13(고층),1989,25000,2018,8,18,45.55,5,상계동,637,11350,,,
상계주공13(고층),1989,31000,2018,8,18,58.01,11,상계동,637,11350,,,
상계주공13(고층),1989,31000,2018,8,18,58.01,13,상계동,637,11350,,,
상계주공13(고층),1989,27500,2018,8,18,49.94,7,상계동,637,11350,,,
상계주공14(고층),1989,24000,2018,8,18,45.9,12,상계동,626,11350,,,
상계주공14(고층),1989,23000,2018,8,18,45.9,3,상계동,626,11350,,,
상계주공14(고층),1989,33800,2018,8,18,49.94,12,상계동,626,11350,,,
상계주공16(고층),1988,43000,2018,8,18,79.07,7,상계동,624,11350,,,
상계주공16(고층),1988,34600,2018,8,18,59.39,10,상계동,624,11350,,,
상계주공16(고층),1988,33900,2018,8,18,58.01,9,상계동,624,11350,,,
상계주공16(고층),1988,25800,2018,8,18,45.77,10,상계동,624,11350,,,
상계주공2(고층),1987,43300,2018,8,18,58.01,9,상계동,740,11350,,,
상계주공2(고층),1987,37500,2018,8,18,59.2,4,상계동,740,11350,,,
상계주공7(고층),1988,41500,2018,8,18,58.01,2,상계동,691,11350,,,
시영3차(라이프)아파트,1994,28900,2018,8,18,49.5,15,공릉동,715,11350,,,
신도1차아파트,2002,43000,2018,8,18,72.8129,3,공릉동,748,11350,,,
신도1차아파트,2002,60000,2018,8,18,131.7554,10,공릉동,748,11350,,,
신동아(366),1993,72000,2018,8,18,115.35,1,중계동,366,11350,,,
신안,1999,45250,2018,8,18,59.97,21,중계동,590,11350,,,
신일,1998,29500,2018,8,18,59.97,4,중계동,589,11350,,,
양지마을(대림)1,1998,68000,2018,8,18,114.96,15,중계동,587,11350,,,
양지마을(대림)2,1999,39500,2018,8,18,59.4,17,중계동,588,11350,,,
우림루미아트1,2004,53500,2018,8,18,114.747,9,상계동,1306,11350,,,
우방,1999,30000,2018,8,18,59.74,2,하계동,353,11350,,,
우방아파트,2000,37000,2018,8,18,60.502,3,공릉동,108,11350,,,
은빛2단지,1998,21700,2018,8,18,39.7,14,상계동,1256,11350,,,
장미(시영6),1989,37700,2018,8,18,64.88,2,하계동,273,11350,,,
장미(시영6),1989,26000,2018,8,18,43.41,10,하계동,273,11350,,,
장은하이빌,2002,38000,2018,8,18,81.8788,1,월계동,931,11350,,,
주공10,1995,48800,2018,8,18,58.14,3,중계동,360-16,11350,,,
주공2,1992,23000,2018,8,18,44.52,11,중계동,369,11350,,,
주공2,1992,23500,2018,8,18,44.52,13,중계동,369,11350,,,
주공4,1991,39700,2018,8,18,59.39,4,중계동,358-2,11350,,,
주공5,1992,45000,2018,8,18,58.46,14,중계동,359-1,11350,,,
주공5,1992,28000,2018,8,18,44.52,5,중계동,359-1,11350,,,
주공5,1992,45000,2018,8,18,58.46,2,중계동,359-1,11350,,,
주공5,1992,27500,2018,8,18,44.52,6,중계동,359-1,11350,,,
주공5,1992,45000,2018,8,18,58.46,12,중계동,359-1,11350,,,
주공6,1993,29000,2018,8,18,44.1,4,중계동,364-12,11350,,,
주공7,1993,25500,2018,8,18,44.1,5,중계동,363-1,11350,,,
주공7,1993,25000,2018,8,18,44.1,12,중계동,363-1,11350,,,
주공7,1993,25000,2018,8,18,44.1,7,중계동,363-1,11350,,,
주공8,1993,27500,2018,8,18,49.72,1,중계동,362-1,11350,,,
주공8,1993,33500,2018,8,18,49.72,13,중계동,362-1,11350,,,
중계그린1단지,1990,29900,2018,8,18,49.5,5,중계동,502-1,11350,,,
중계그린1단지,1990,29300,2018,8,18,44.1,15,중계동,502-1,11350,,,
중계무지개,1991,25700,2018,8,18,39.82,4,중계동,512,11350,,,
중계무지개,1991,32700,2018,8,18,49.54,11,중계동,512,11350,,,
중계무지개,1991,38000,2018,8,18,59.26,5,중계동,512,11350,,,
진로유통조합대림,1992,42000,2018,8,18,84.94,9,중계동,78,11350,,,
청구(366),1993,82500,2018,8,18,115.47,10,중계동,366,11350,,,
청구3,1996,67500,2018,8,18,84.77,15,중계동,360-2,11350,,,
청솔(시영7),1989,30000,2018,8,18,49.5,13,하계동,274,11350,,,
청솔(시영7),1989,30300,2018,8,18,49.5,13,하계동,274,11350,,,
청솔(시영7),1989,22500,2018,8,18,39.78,3,하계동,274,11350,,,
청솔(시영7),1989,27800,2018,8,18,49.5,7,하계동,274,11350,,,
청솔(시영7),1989,31000,2018,8,18,49.85,14,하계동,274,11350,,,
청솔아파트8,2000,45500,2018,8,18,84.83,6,공릉동,91,11350,,,
청암3단지(582),2003,45000,2018,8,18,84.774,3,중계동,582,11350,,,
초안2,1997,24100,2018,8,18,59.85,1,월계동,924,11350,,,
태강아파트(아이파크),1999,29500,2018,8,18,49.6,11,공릉동,81,11350,,,
태강아파트(아이파크),1999,35000,2018,8,18,59.34,12,공릉동,81,11350,,,
태강아파트(아이파크),1999,30000,2018,8,18,49.6,10,공릉동,81,11350,,,
하계1청구,1997,56300,2018,8,18,84.6,2,하계동,251,11350,,,
학여울청구,1999,56500,2018,8,18,84.77,8,하계동,354,11350,,,
학여울청구,1999,39000,2018,8,18,59.4,15,하계동,354,11350,,,
한신2차,1988,37500,2018,8,18,84.92,9,상계동,451,11350,,,
한일유앤아이,2005,51000,2018,8,18,84.991,9,상계동,1309,11350,,,
한화꿈에그린,2005,55000,2018,8,18,84.902,8,중계동,598,11350,,,
한화꿈에그린,2005,53500,2018,8,18,84.902,12,중계동,598,11350,,,
현대,1988,62000,2018,8,18,84.95,5,하계동,270,11350,,,
현대(3차),1992,47000,2018,8,18,84.35,4,중계동,576,11350,,,
현대(6차),2018,44000,2018,8,18,84.98,4,중계동,34-5,11350,,,
상계주공1(고층),1988,39000,2018,8,19,58.01,12,상계동,765,11350,,,
상계주공1(고층),1988,33500,2018,8,19,58.01,15,상계동,765,11350,,,
성원상떼빌,1999,37300,2018,8,19,84.99,4,상계동,1283,11350,,,
수락리버시티3단지,2009,42800,2018,8,19,84.69,4,상계동,1312,11350,,,
수락한신,1997,43400,2018,8,19,113.92,8,상계동,1277,11350,,,
우방아파트,2000,37500,2018,8,19,60.502,9,공릉동,108,11350,,,
은빛2단지,1998,31900,2018,8,19,59.95,11,상계동,1256,11350,,,
장미(시영6),1989,23000,2018,8,19,43.56,1,하계동,273,11350,,,
중계그린1단지,1990,29900,2018,8,19,44.1,9,중계동,502-1,11350,,,
청솔아파트8,2000,46300,2018,8,19,84.65,12,공릉동,91,11350,,,
태릉우성아파트,1985,49800,2018,8,19,84.97,9,공릉동,254,11350,,,
공릉동한보에센시티아파트,2000,31800,2018,8,20,59.4,4,공릉동,743,11350,,,
극동,1988,35000,2018,8,20,55.72,14,하계동,271-3,11350,,,
극동,1988,30800,2018,8,20,55.72,15,하계동,271-3,11350,,,
대동아파트2,1999,44800,2018,8,20,114.95,6,공릉동,380-1,11350,,,
대림벽산(363),1993,82000,2018,8,20,114.39,5,중계동,363,11350,,,
대호,2000,40000,2018,8,20,84.93,10,중계동,591,11350,,,
동신아파트,1999,43000,2018,8,20,84.97,24,공릉동,745,11350,,,
동아불암,1999,31050,2018,8,20,59.4,10,상계동,1285,11350,,,
두산힐스빌아파트,2000,48000,2018,8,20,84.9,4,공릉동,747,11350,,,
롯데캐슬루나,2006,45000,2018,8,20,59.9927,2,월계동,947,11350,,,
롯데캐슬루나,2006,45000,2018,8,20,59.993,1,월계동,947,11350,,,
미도,1988,46000,2018,8,20,87.57,4,상계동,766-1,11350,,,
미도,1988,43800,2018,8,20,87.57,1,상계동,766-1,11350,,,
미도,1988,48000,2018,8,20,87.57,2,상계동,766-1,11350,,,
미라보(성림),2006,25000,2018,8,20,60,3,상계동,1320,11350,,,
미성,1989,33900,2018,8,20,57.97,1,하계동,280,11350,,,
벽산,1989,29500,2018,8,20,59.9,9,상계동,173-1,11350,,,
벽산,1989,22000,2018,8,20,43.35,15,상계동,173-1,11350,,,
벽산,1989,23900,2018,8,20,46.8,9,상계동,173-1,11350,,,
비콘드림힐(602),2005,47000,2018,8,20,84.986,8,중계동,602,11350,,,
사슴3,1995,29700,2018,8,20,49.5,3,월계동,320-11,11350,,,
사슴3,1995,23000,2018,8,20,39.6,12,월계동,320-11,11350,,,
삼익아파트,1997,29800,2018,8,20,59.89,4,공릉동,690-2,11350,,,
삼익포레스트아파트,1995,26000,2018,8,20,51.03,3,공릉동,737,11350,,,
삼익포레스트아파트,1995,26500,2018,8,20,51.03,7,공릉동,737,11350,,,
삼호3,1986,49500,2018,8,20,59.22,2,월계동,13,11350,,,
삼호4,1987,47000,2018,8,20,59.49,7,월계동,12,11350,,,
상계1차중앙하이츠,1997,55000,2018,8,20,134.97,7,상계동,1279,11350,,,
상계1차중앙하이츠,1997,47700,2018,8,20,84.6,3,상계동,1279,11350,,,
상계2차중앙하이츠,1998,43000,2018,8,20,59.82,9,상계동,1282,11350,,,
상계2차중앙하이츠,1998,37500,2018,8,20,59.82,2,상계동,1282,11350,,,
상계주공1(고층),1988,40000,2018,8,20,58.01,15,상계동,765,11350,,,
상계주공1(고층),1988,32000,2018,8,20,49.94,13,상계동,765,11350,,,
상계주공10(고층),1988,38000,2018,8,20,59.28,1,상계동,666,11350,,,
상계주공10(고층),1988,42000,2018,8,20,59.39,4,상계동,666,11350,,,
상계주공12(고층),1988,39000,2018,8,20,58.01,11,상계동,647,11350,,,
상계주공13(고층),1989,22800,2018,8,20,41.3,10,상계동,637,11350,,,
상계주공13(고층),1989,28400,2018,8,20,49.94,6,상계동,637,11350,,,
상계주공14(고층),1989,48000,2018,8,20,90.94,12,상계동,626,11350,,,
상계주공14(고층),1989,25000,2018,8,20,45.55,14,상계동,626,11350,,,
상계주공14(고층),1989,24500,2018,8,20,45.9,8,상계동,626,11350,,,
상계주공16(고층),1988,33300,2018,8,20,58.01,5,상계동,624,11350,,,
상계주공16(고층),1988,34000,2018,8,20,59.39,12,상계동,624,11350,,,
상계주공16(고층),1988,25000,2018,8,20,45.77,10,상계동,624,11350,,,
상계주공16(고층),1988,34500,2018,8,20,59.39,6,상계동,624,11350,,,
상계주공2(고층),1987,29800,2018,8,20,41.3,3,상계동,740,11350,,,
상계주공2(고층),1987,33000,2018,8,20,41.3,4,상계동,740,11350,,,
상계주공2(고층),1987,32000,2018,8,20,41.3,4,상계동,740,11350,,,
상계주공2(고층),1987,48000,2018,8,20,68.86,10,상계동,740,11350,,,
상계주공2(고층),1987,44000,2018,8,20,68.86,1,상계동,740,11350,,,
상계주공3(고층),1987,42000,2018,8,20,59.2,1,상계동,730-2,11350,,,
상계주공3(고층),1987,45000,2018,8,20,60.5,3,상계동,730-2,11350,,,
상계주공3(저층),1987,60000,2018,8,20,84.41,2,상계동,737,11350,,,
상계주공4(고층),1988,29000,2018,8,20,41.3,9,상계동,749-5,11350,,,
상계주공4(고층),1988,21900,2018,8,20,32.39,15,상계동,749-5,11350,,,
상계주공4(고층),1988,46500,2018,8,20,84.2,1,상계동,749-5,11350,,,
상계주공4(고층),1988,31000,2018,8,20,41.3,13,상계동,749-5,11350,,,
상계주공4(고층),1988,34500,2018,8,20,49.94,14,상계동,749-5,11350,,,
상계주공6(고층),1988,32500,2018,8,20,41.3,14,상계동,720,11350,,,
상계주공7(고층),1988,33000,2018,8,20,41.3,9,상계동,691,11350,,,
상계주공7(고층),1988,45000,2018,8,20,49.94,10,상계동,691,11350,,,
상계주공7(고층),1988,44000,2018,8,20,49.94,14,상계동,691,11350,,,
상계주공9(고층),1988,45800,2018,8,20,66.56,6,상계동,670,11350,,,
성북맨션,1976,31800,2018,8,20,65.35,4,월계동,383-40,11350,,,
성원2,1995,36000,2018,8,20,84.78,2,중계동,581,11350,,,
성원상떼빌,1999,29950,2018,8,20,59.93,16,상계동,1283,11350,,,
성원상떼빌,1999,30000,2018,8,20,59.93,6,상계동,1283,11350,,,
세양청마루,2005,43000,2018,8,20,84.957,15,월계동,943,11350,,,
수락리버시티4단지,2009,43800,2018,8,20,84.69,4,상계동,1313,11350,,,
시영3차(라이프)아파트,1994,30100,2018,8,20,49.5,5,공릉동,715,11350,,,
신동아(366),1993,83000,2018,8,20,115.35,12,중계동,366,11350,,,
신원아파트,2000,41000,2018,8,20,84.99,16,공릉동,370-4,11350,,,
염광,1996,55500,2018,8,20,131.25,12,중계동,445,11350,,,
우방아파트,2000,37400,2018,8,20,61.151,3,공릉동,108,11350,,,
월계흥화브라운빌,2004,33700,2018,8,20,70.94,3,월계동,939,11350,,,
장미(시영6),1989,26000,2018,8,20,43.41,6,하계동,273,11350,,,
주공2,1992,21000,2018,8,20,44.52,3,월계동,556,11350,,,
주공2,1992,22000,2018,8,20,44.52,2,중계동,369,11350,,,
주공2,1992,25000,2018,8,20,44.52,12,중계동,369,11350,,,
주공2,1992,23000,2018,8,20,44.52,12,중계동,369,11350,,,
주공2,1992,22300,2018,8,20,44.52,4,중계동,369,11350,,,
주공4,1991,27000,2018,8,20,45.77,10,중계동,358-2,11350,,,
주공4,1991,40000,2018,8,20,59.39,13,중계동,358-2,11350,,,
주공5,1992,46000,2018,8,20,58.46,11,중계동,359-1,11350,,,
주공5,1992,23000,2018,8,20,38.64,3,중계동,359-1,11350,,,
주공5,1992,28000,2018,8,20,44.52,9,중계동,359-1,11350,,,
주공6,1993,25900,2018,8,20,44.1,1,중계동,364-12,11350,,,
주공7,1993,23000,2018,8,20,44.1,1,중계동,363-1,11350,,,
주공8,1993,29500,2018,8,20,49.72,1,중계동,362-1,11350,,,
중계3벽산,1999,34000,2018,8,20,59.88,2,중계동,592,11350,,,
중계3우성,1999,36000,2018,8,20,59.94,9,중계동,585,11350,,,
중계3우성,1999,37000,2018,8,20,59.94,12,중계동,585,11350,,,
중계그린1단지,1990,36800,2018,8,20,59.22,7,중계동,502-1,11350,,,
중계그린1단지,1990,31800,2018,8,20,49.85,4,중계동,502-1,11350,,,
중계센트럴파크,2016,61000,2018,8,20,84.75,8,상계동,1322,11350,,,
청구,1988,47000,2018,8,20,70.69,13,하계동,284,11350,,,
청솔(시영7),1989,21300,2018,8,20,39.78,1,하계동,274,11350,,,
청솔(시영7),1989,23000,2018,8,20,39.92,12,하계동,274,11350,,,
청솔(시영7),1989,35200,2018,8,20,59.7,10,하계동,274,11350,,,
청솔(시영7),1989,29500,2018,8,20,49.5,8,하계동,274,11350,,,
태강아파트(아이파크),1999,30000,2018,8,20,49.6,14,공릉동,81,11350,,,
태릉우성아파트,1985,50000,2018,8,20,84.97,3,공릉동,254,11350,,,
풍림아파트A,2001,56000,2018,8,20,84.99,14,공릉동,725,11350,,,
하계1청구,1997,57500,2018,8,20,84.6,3,하계동,251,11350,,,
하계2현대,1997,58000,2018,8,20,84.896,12,하계동,288,11350,,,
한신1,1988,25300,2018,8,20,35.28,9,하계동,284,11350,,,
한신3차,1990,39000,2018,8,20,84.59,13,상계동,458,11350,,,
한신4차,1995,37000,2018,8,20,84.84,10,상계동,995,11350,,,
한일유앤아이,2005,58000,2018,8,20,114.882,12,상계동,1309,11350,,,
한화꿈에그린,2005,52000,2018,8,20,84.902,2,중계동,598,11350,,,
현대2차,1993,32500,2018,8,20,83.27,9,상계동,1078,11350,,,
현대그린,1998,38000,2018,8,20,84.99,3,중계동,49,11350,,,
현대성우아파트,2000,28000,2018,8,20,59.98,5,공릉동,741,11350,,,
건영2,1991,42800,2018,8,21,75.02,9,중계동,515-2,11350,,,
극동,1988,51000,2018,8,21,84.91,2,하계동,271-3,11350,,,
노원프레미어스엠코,2016,54000,2018,8,21,84.0408,7,공릉동,670-20,11350,,,
대림,1988,65500,2018,8,21,93.75,14,상계동,695,11350,,,
동부아파트,1996,42900,2018,8,21,84.79,5,공릉동,705,11350,,,
동아불암,1999,32000,2018,8,21,59.4,7,상계동,1285,11350,,,
동원베네스트,2005,37500,2018,8,21,59.854,14,월계동,940,11350,,,
라이프,1993,84500,2018,8,21,115.65,8,중계동,366,11350,,,
롯데(505),1989,35000,2018,8,21,54.48,14,중계동,505,11350,,,
벽산,1989,23800,2018,8,21,46.8,6,상계동,173-1,11350,,,
벽산,1989,30000,2018,8,21,59.9,2,상계동,173-1,11350,,,
벽산,1988,33000,2018,8,21,57.71,15,하계동,271-3,11350,,,
불암현대,1999,30900,2018,8,21,59.4,17,상계동,1293,11350,,,
삼성,1999,49800,2018,8,21,84.75,11,중계동,593,11350,,,
삼익선경,1993,69700,2018,8,21,134.19,8,하계동,255-1,11350,,,
삼익선경,1993,52200,2018,8,21,107.95,1,하계동,255-1,11350,,,
삼익포레스트아파트,1995,28000,2018,8,21,51.03,7,공릉동,737,11350,,,
상계2차중앙하이츠,1998,51000,2018,8,21,84.6,16,상계동,1282,11350,,,
상계주공1(고층),1988,30000,2018,8,21,41.3,5,상계동,765,11350,,,
상계주공1(고층),1988,28000,2018,8,21,41.3,7,상계동,765,11350,,,
상계주공1(고층),1988,37000,2018,8,21,58.01,10,상계동,765,11350,,,
상계주공1(저층),1988,43500,2018,8,21,71.89,2,상계동,765,11350,,,
상계주공10(고층),1988,41000,2018,8,21,60.5,4,상계동,666,11350,,,
상계주공10(저층),1988,32000,2018,8,21,47.34,4,상계동,666,11350,,,
상계주공11(고층),1988,27500,2018,8,21,41.3,3,상계동,652,11350,,,
상계주공11(고층),1988,29500,2018,8,21,41.3,8,상계동,652,11350,,,
상계주공11(고층),1988,36000,2018,8,21,49.94,7,상계동,652,11350,,,
상계주공12(고층),1988,31000,2018,8,21,49.94,2,상계동,647,11350,,,
상계주공13(고층),1989,23000,2018,8,21,45.55,12,상계동,637,11350,,,
상계주공14(고층),1989,32000,2018,8,21,49.94,5,상계동,626,11350,,,
상계주공14(고층),1989,25200,2018,8,21,41.3,7,상계동,626,11350,,,
상계주공14(고층),1989,24370,2018,8,21,45.9,6,상계동,626,11350,,,
상계주공14(고층),1989,23800,2018,8,21,45.55,3,상계동,626,11350,,,
상계주공16(고층),1988,33800,2018,8,21,59.39,14,상계동,624,11350,,,
상계주공16(고층),1988,26000,2018,8,21,45.77,8,상계동,624,11350,,,
상계주공16(고층),1988,35000,2018,8,21,59.39,14,상계동,624,11350,,,
상계주공2(고층),1987,41000,2018,8,21,58.01,15,상계동,740,11350,,,
상계주공2(고층),1987,35000,2018,8,21,60.5,1,상계동,740,11350,,,
상계주공2(고층),1987,35000,2018,8,21,60.5,1,상계동,740,11350,,,
상계주공3(고층),1987,45500,2018,8,21,59.2,6,상계동,730-2,11350,,,
상계주공4(고층),1988,29000,2018,8,21,38,8,상계동,749-5,11350,,,
상계주공4(고층),1988,56000,2018,8,21,83.7,24,상계동,749-5,11350,,,
상계주공4(고층),1988,28500,2018,8,21,41.3,12,상계동,749-5,11350,,,
상계주공6(고층),1988,46000,2018,8,21,58.01,10,상계동,720,11350,,,
상계주공7(고층),1988,45000,2018,8,21,58.01,11,상계동,691,11350,,,
상계주공7(고층),1988,33500,2018,8,21,41.3,7,상계동,691,11350,,,
상계주공7(고층),1988,43000,2018,8,21,49.94,5,상계동,691,11350,,,
상계주공7(고층),1988,43000,2018,8,21,49.94,4,상계동,691,11350,,,
상계주공9(고층),1988,32950,2018,8,21,49.94,7,상계동,670,11350,,,
상계주공9(고층),1988,28900,2018,8,21,45.9,11,상계동,670,11350,,,
상계현대3차,1999,37500,2018,8,21,84.96,13,상계동,1063,11350,,,
성원(사슴4),1995,35000,2018,8,21,59.94,7,월계동,322-1,11350,,,
성원2,1995,29000,2018,8,21,56.97,5,중계동,581,11350,,,
수락현대,1995,41700,2018,8,21,84.87,5,상계동,1272,11350,,,
수락현대,1995,38000,2018,8,21,84.87,4,상계동,1272,11350,,,
시영2단지(라이프)아파트,1994,20200,2018,8,21,34.44,6,공릉동,707,11350,,,
신동아(366),1993,72000,2018,8,21,101.94,5,중계동,366,11350,,,
양지마을(대림)1,1998,56000,2018,8,21,84.9,2,중계동,587,11350,,,
양지마을(대림)2,1999,56000,2018,8,21,84.88,14,중계동,588,11350,,,
염광,1996,54700,2018,8,21,131.25,3,중계동,445,11350,,,
유원,1998,25500,2018,8,21,59.93,7,월계동,880,11350,,,
은빛1단지,1998,26600,2018,8,21,49.77,7,상계동,1255,11350,,,
은빛1단지,1998,32000,2018,8,21,59.92,14,상계동,1255,11350,,,
은빛2단지,1998,24500,2018,8,21,39.7,11,상계동,1256,11350,,,
은빛2단지,1998,21300,2018,8,21,39.7,13,상계동,1256,11350,,,
주공10,1995,50000,2018,8,21,58.14,9,중계동,360-16,11350,,,
주공2,1992,20900,2018,8,21,44.52,3,월계동,556,11350,,,
주공2,1992,26000,2018,8,21,44.52,8,중계동,369,11350,,,
주공5,1992,28800,2018,8,21,44.52,4,중계동,359-1,11350,,,
주공5,1992,46000,2018,8,21,58.46,15,중계동,359-1,11350,,,
주공7,1993,23900,2018,8,21,44.1,15,중계동,363-1,11350,,,
주공8,1993,35000,2018,8,21,49.72,9,중계동,362-1,11350,,,
중계3벽산,1999,60000,2018,8,21,114.87,10,중계동,592,11350,,,
중계그린1단지,1990,29000,2018,8,21,49.5,4,중계동,502-1,11350,,,
중계그린1단지,1990,28000,2018,8,21,44.1,15,중계동,502-1,11350,,,
중계그린1단지,1990,29900,2018,8,21,49.5,10,중계동,502-1,11350,,,
중계그린1단지,1990,30500,2018,8,21,49.5,11,중계동,502-1,11350,,,
중계무지개,1991,25200,2018,8,21,39.96,6,중계동,512,11350,,,
중앙하이츠,1998,45000,2018,8,21,84.21,8,중계동,161-1,11350,,,
중앙하이츠,1998,44000,2018,8,21,84.21,3,중계동,161-1,11350,,,
중앙하이츠,1998,45000,2018,8,21,84.21,4,중계동,161-1,11350,,,
청구(366),1993,83000,2018,8,21,115.47,3,중계동,366,11350,,,
청구3,1996,74800,2018,8,21,84.77,2,중계동,360-2,11350,,,
청구3,1996,46200,2018,8,21,84.99,7,하계동,251-12,11350,,,
청백4,1998,27700,2018,8,21,59.4,14,월계동,781,11350,,,
청솔(시영7),1989,24000,2018,8,21,39.92,14,하계동,274,11350,,,
청암1단지,2001,41000,2018,8,21,84.8,4,상계동,1275,11350,,,
태강아파트(아이파크),1999,30800,2018,8,21,49.6,5,공릉동,81,11350,,,
하계2현대,1997,58800,2018,8,21,84.896,15,하계동,288,11350,,,
학여울청구,1999,39000,2018,8,21,59.4,3,하계동,354,11350,,,
학여울청구,1999,39000,2018,8,21,59.4,5,하계동,354,11350,,,
한신1,1988,23000,2018,8,21,35.28,4,하계동,284,11350,,,
한신2,1988,29000,2018,8,21,44.52,2,하계동,284,11350,,,
한신4차,1995,34000,2018,8,21,84.84,2,상계동,995,11350,,,
한양,1988,52500,2018,8,21,86.62,7,상계동,757,11350,,,
한양,1988,50000,2018,8,21,86.62,8,상계동,757,11350,,,
한일유앤아이,2005,58000,2018,8,21,114.882,6,상계동,1309,11350,,,
현대(3차),1992,38000,2018,8,21,66.47,2,중계동,576,11350,,,
현대2차,1993,34000,2018,8,21,82.68,4,상계동,1078,11350,,,
건영,1988,48000,2018,8,22,74.58,9,하계동,271-3,11350,,,
건영2,1991,46000,2018,8,22,75.02,6,중계동,515-2,11350,,,
건영2,1991,45000,2018,8,22,84.96,4,중계동,515-2,11350,,,
건영3,1995,67500,2018,8,22,84.9,6,중계동,360-15,11350,,,
공릉동한보에센시티아파트,2000,33000,2018,8,22,59.4,8,공릉동,743,11350,,,
극동,1988,41800,2018,8,22,70.56,15,하계동,271-3,11350,,,
극동늘푸른,2000,46800,2018,8,22,84.514,12,상계동,1128,11350,,,
극동의푸른별1차,2005,41900,2018,8,22,84.91,10,중계동,600,11350,,,
노원IPARK,2009,52000,2018,8,22,121.02,9,상계동,1318,11350,,,
대림벽산(363),1993,85000,2018,8,22,114.39,15,중계동,363,11350,,,
대아아파트1차,1997,28700,2018,8,22,59.75,9,공릉동,740,11350,,,
대우,1998,48500,2018,8,22,134.64,14,월계동,775,11350,,,
대우,1998,50000,2018,8,22,134.64,7,월계동,775,11350,,,
동원베네스트,2005,45000,2018,8,22,84.627,4,월계동,940,11350,,,
롯데(505),1989,54000,2018,8,22,84.97,12,중계동,505,11350,,,
롯데(505),1989,52500,2018,8,22,84.97,3,중계동,505,11350,,,
롯데우성,1993,86800,2018,8,22,115.26,11,중계동,361-1,11350,,,
미도,1988,50250,2018,8,22,87.57,9,상계동,766-1,11350,,,
미도,1988,49000,2018,8,22,87.57,12,상계동,766-1,11350,,,
미성,1986,46500,2018,8,22,50.14,8,월계동,13,11350,,,
벽산,1989,23000,2018,8,22,43.35,11,상계동,173-1,11350,,,
벽산,1989,23000,2018,8,22,46.8,15,상계동,173-1,11350,,,
벽산,1989,19900,2018,8,22,38.71,10,상계동,173-1,11350,,,
보람2단지,1988,34300,2018,8,22,68.99,1,상계동,639,11350,,,
보람아파트,1988,41000,2018,8,22,79.25,1,상계동,639,11350,,,
비콘드림힐(602),2005,49500,2018,8,22,84.985,9,중계동,602,11350,,,
사슴3,1995,21500,2018,8,22,39.6,15,월계동,320-11,11350,,,
삼익4단지아파트,1994,28700,2018,8,22,49.5,3,공릉동,714,11350,,,
삼익4단지아파트,1994,35000,2018,8,22,59.04,9,공릉동,714,11350,,,
삼호3,1986,51500,2018,8,22,59.22,5,월계동,13,11350,,,
삼호4,1987,39500,2018,8,22,50.18,6,월계동,12,11350,,,
상계1차중앙하이츠,1997,51800,2018,8,22,84.6,6,상계동,1279,11350,,,
상계1차중앙하이츠,1997,50000,2018,8,22,84.6,6,상계동,1279,11350,,,
상계1차현대아파트,1993,37000,2018,8,22,84.15,10,상계동,1055,11350,,,
상계불암대림,2000,34700,2018,8,22,59.22,6,상계동,1289,11350,,,
상계불암대림,2000,34800,2018,8,22,59.22,4,상계동,1289,11350,,,
상계불암대림,2000,33000,2018,8,22,59.22,15,상계동,1289,11350,,,
상계신동아,1995,36200,2018,8,22,84.96,6,상계동,463,11350,,,
상계우방유쉘,2000,43000,2018,8,22,84.94,6,상계동,1295,11350,,,
상계주공1(고층),1988,29000,2018,8,22,41.3,8,상계동,765,11350,,,
상계주공1(고층),1988,41000,2018,8,22,58.01,6,상계동,765,11350,,,
상계주공1(고층),1988,29900,2018,8,22,49.94,1,상계동,765,11350,,,
상계주공1(고층),1988,23000,2018,8,22,32.39,2,상계동,765,11350,,,
상계주공10(고층),1988,32000,2018,8,22,45.9,12,상계동,666,11350,,,
상계주공10(고층),1988,41000,2018,8,22,58.01,6,상계동,666,11350,,,
상계주공11(고층),1988,40450,2018,8,22,58.01,3,상계동,652,11350,,,
상계주공11(고층),1988,40500,2018,8,22,58.01,5,상계동,652,11350,,,
상계주공11(고층),1988,46900,2018,8,22,68.86,2,상계동,652,11350,,,
상계주공11(고층),1988,37000,2018,8,22,49.94,7,상계동,652,11350,,,
상계주공12(고층),1988,28000,2018,8,22,41.3,8,상계동,647,11350,,,
상계주공12(고층),1988,28800,2018,8,22,41.3,6,상계동,647,11350,,,
상계주공13(고층),1989,24300,2018,8,22,45.9,5,상계동,637,11350,,,
상계주공14(고층),1989,33000,2018,8,22,49.94,13,상계동,626,11350,,,
상계주공14(고층),1989,26500,2018,8,22,45.55,2,상계동,626,11350,,,
상계주공14(고층),1989,25900,2018,8,22,41.3,14,상계동,626,11350,,,
상계주공14(고층),1989,33000,2018,8,22,49.94,2,상계동,626,11350,,,
상계주공16(고층),1988,33800,2018,8,22,59.39,14,상계동,624,11350,,,
상계주공16(고층),1988,34000,2018,8,22,59.39,7,상계동,624,11350,,,
상계주공2(고층),1987,42000,2018,8,22,58.01,12,상계동,740,11350,,,
상계주공2(고층),1987,44000,2018,8,22,58.01,15,상계동,740,11350,,,
상계주공2(고층),1987,37000,2018,8,22,58.01,1,상계동,740,11350,,,
상계주공4(고층),1988,39000,2018,8,22,59.2,4,상계동,749-5,11350,,,
상계주공4(고층),1988,28310,2018,8,22,41.3,15,상계동,749-5,11350,,,
상계주공4(고층),1988,48500,2018,8,22,75.2,2,상계동,749-5,11350,,,
상계주공5(저층),1987,41000,2018,8,22,31.98,4,상계동,721,11350,,,
상계주공6(고층),1988,32500,2018,8,22,38,9,상계동,720,11350,,,
상계주공6(고층),1988,42000,2018,8,22,58.01,2,상계동,720,11350,,,
상계주공7(고층),1988,46000,2018,8,22,58.01,12,상계동,691,11350,,,
상계주공9(고층),1988,39000,2018,8,22,61.52,4,상계동,670,11350,,,
상계주공9(고층),1988,29800,2018,8,22,45.55,7,상계동,670,11350,,,
상계주공9(고층),1988,32800,2018,8,22,49.94,3,상계동,670,11350,,,
상계현대3차,1999,39000,2018,8,22,84.96,8,상계동,1063,11350,,,
상아,1989,43200,2018,8,22,72.73,1,중계동,505,11350,,,
상아,1989,64900,2018,8,22,114.57,15,중계동,505,11350,,,
성원1,1996,44000,2018,8,22,59.75,2,중계동,580,11350,,,
성원2,1995,28500,2018,8,22,56.97,6,중계동,581,11350,,,
성원2,1995,36300,2018,8,22,84.78,3,중계동,581,11350,,,
수락리버시티4단지,2009,36500,2018,8,22,59.9,8,상계동,1313,11350,,,
수락리버시티4단지,2009,40500,2018,8,22,84.96,8,상계동,1313,11350,,,
시영3차(라이프)아파트,1994,19900,2018,8,22,34.44,5,공릉동,715,11350,,,
신도1차아파트,2002,50000,2018,8,22,81.2768,6,공릉동,748,11350,,,
월계역신도브래뉴,2005,44000,2018,8,22,84.5133,12,월계동,942,11350,,,
은빛1단지,1998,21800,2018,8,22,39.69,6,상계동,1255,11350,,,
은빛1단지,1998,21500,2018,8,22,39.7,2,상계동,1255,11350,,,
장미(시영6),1989,31900,2018,8,22,54.29,2,하계동,273,11350,,,
장미(시영6),1989,25000,2018,8,22,43.41,2,하계동,273,11350,,,
장미(시영6),1989,24500,2018,8,22,43.56,4,하계동,273,11350,,,
주공2,1992,23450,2018,8,22,44.52,6,중계동,369,11350,,,
주공2,1992,19000,2018,8,22,38.64,13,월계동,556,11350,,,
주공2,1992,21000,2018,8,22,44.52,12,월계동,556,11350,,,
주공2,1992,20500,2018,8,22,38.64,10,월계동,556,11350,,,
주공2,1992,23450,2018,8,22,44.52,6,중계동,369,11350,,,
주공5,1992,45000,2018,8,22,58.46,15,중계동,359-1,11350,,,
주공7,1993,25000,2018,8,22,44.1,15,중계동,363-1,11350,,,
주공8,1993,31000,2018,8,22,49.72,2,중계동,362-1,11350,,,
중계3벽산,1999,39000,2018,8,22,59.88,15,중계동,592,11350,,,
중계그린1단지,1990,30700,2018,8,22,49.5,6,중계동,502-1,11350,,,
중계그린1단지,1990,30800,2018,8,22,49.5,11,중계동,502-1,11350,,,
중계그린1단지,1990,29900,2018,8,22,44.1,13,중계동,502-1,11350,,,
중계그린1단지,1990,32700,2018,8,22,49.5,10,중계동,502-1,11350,,,
중계그린1단지,1990,25500,2018,8,22,39.92,5,중계동,502-1,11350,,,
중계무지개,1991,39000,2018,8,22,59.26,8,중계동,512,11350,,,
진로유통조합대림,1992,41000,2018,8,22,84.94,13,중계동,78,11350,,,
청백3,1998,18000,2018,8,22,39.84,2,월계동,780,11350,,,
청암2단지,2001,32500,2018,8,22,59.4,9,상계동,1276,11350,,,
청암3단지(582),2003,44500,2018,8,22,84.774,4,중계동,582,11350,,,
초안산쌍용스윗닷홈,2006,35000,2018,8,22,84.69,1,월계동,945,11350,,,
학여울청구,1999,55000,2018,8,22,84.77,12,하계동,354,11350,,,
한신1차,1987,19600,2018,8,22,45.44,2,상계동,135,11350,,,
한신동성,1993,62000,2018,8,22,112.24,10,하계동,256-5,11350,,,
한양,1988,50000,2018,8,22,86.62,4,상계동,757,11350,,,
한일유앤아이,2005,42000,2018,8,22,59.877,12,상계동,1309,11350,,,
한일휴니스빌,2013,12900,2018,8,22,15.5163,17,공릉동,683-14,11350,,,
현대아파트,1984,44000,2018,8,22,86,4,공릉동,230,11350,,,
현대아파트,1984,37800,2018,8,22,62.27,2,공릉동,230,11350,,,
화랑해링턴플레이스아파트,1999,36900,2018,8,22,59.84,5,공릉동,746,11350,,,
LIG건영,1998,45000,2018,8,23,114.75,12,중계동,586,11350,,,
건영2,1991,43700,2018,8,23,75.02,14,중계동,515-2,11350,,,
건영2,1991,43800,2018,8,23,75.02,13,중계동,515-2,11350,,,
건영2,1991,42500,2018,8,23,75.02,4,중계동,515-2,11350,,,
건영3,1995,72000,2018,8,23,84.9,15,중계동,360-15,11350,,,
노원IPARK,2009,54800,2018,8,23,139.28,9,상계동,1318,11350,,,
노원프레미어스엠코,2016,63000,2018,8,23,84.0261,22,공릉동,670-20,11350,,,
노원현대,1997,48500,2018,8,23,84.78,2,상계동,359,11350,,,
대림,1988,65000,2018,8,23,93.75,6,상계동,695,11350,,,
대우,1998,48000,2018,8,23,134.64,16,월계동,775,11350,,,
두산,1994,32950,2018,8,23,58.65,13,상계동,1110,11350,,,
롯데(505),1989,36000,2018,8,23,54.48,10,중계동,505,11350,,,
롯데(505),1989,45000,2018,8,23,72.49,5,중계동,505,11350,,,
롯데우성,1993,80300,2018,8,23,115.26,4,중계동,361-1,11350,,,
미성,1986,47000,2018,8,23,50.14,10,월계동,13,11350,,,
벽산,1988,35700,2018,8,23,57.71,12,하계동,271-3,11350,,,
벽산,1989,25500,2018,8,23,46.8,14,상계동,173-1,11350,,,
벽산,1989,41900,2018,8,23,84.89,15,상계동,173-1,11350,,,
벽산,1989,24000,2018,8,23,43.35,4,상계동,173-1,11350,,,
벽산,1989,23500,2018,8,23,43.35,6,상계동,173-1,11350,,,
보람아파트,1988,35900,2018,8,23,68.99,1,상계동,639,11350,,,
보람아파트,1988,38700,2018,8,23,68.99,11,상계동,639,11350,,,
불암현대,1999,29500,2018,8,23,59.4,2,상계동,1293,11350,,,
불암현대,1999,32000,2018,8,23,59.4,10,상계동,1293,11350,,,
불암현대,1999,31000,2018,8,23,59.4,19,상계동,1293,11350,,,
불암현대,1999,32000,2018,8,23,59.4,19,상계동,1293,11350,,,
비선아파트,1999,29200,2018,8,23,48.6,4,공릉동,109,11350,,,
삼성,1999,33500,2018,8,23,59.9,4,중계동,593,11350,,,
삼익아파트,1997,31000,2018,8,23,59.89,18,공릉동,690-2,11350,,,
상계1차현대아파트,1993,33500,2018,8,23,83.61,7,상계동,1055,11350,,,
상계2차중앙하이츠,1998,51800,2018,8,23,84.6,6,상계동,1282,11350,,,
상계대림,1989,33800,2018,8,23,59.67,14,상계동,172,11350,,,
상계신동아,1995,37750,2018,8,23,84.99,12,상계동,463,11350,,,
상계우방유쉘,2000,43000,2018,8,23,84.94,10,상계동,1295,11350,,,
상계주공10(고층),1988,48800,2018,8,23,68.86,5,상계동,666,11350,,,
상계주공10(고층),1988,42000,2018,8,23,59.39,5,상계동,666,11350,,,
상계주공12(고층),1988,32030,2018,8,23,49.94,2,상계동,647,11350,,,
상계주공16(고층),1988,25000,2018,8,23,45.77,11,상계동,624,11350,,,
상계주공2(고층),1987,42800,2018,8,23,58.01,12,상계동,740,11350,,,
상계주공2(고층),1987,46000,2018,8,23,58.01,11,상계동,740,11350,,,
상계주공4(고층),1988,38000,2018,8,23,59.2,12,상계동,749-5,11350,,,
상계주공4(고층),1988,48400,2018,8,23,73.94,2,상계동,749-5,11350,,,
상계주공4(고층),1988,25000,2018,8,23,32.39,14,상계동,749-5,11350,,,
상계주공5(저층),1987,41000,2018,8,23,31.98,2,상계동,721,11350,,,
상계주공6(고층),1988,35000,2018,8,23,41.3,9,상계동,720,11350,,,
상계주공6(고층),1988,42000,2018,8,23,58.01,8,상계동,720,11350,,,
상계주공6(고층),1988,45000,2018,8,23,58.01,9,상계동,720,11350,,,
상계주공6(고층),1988,42000,2018,8,23,59.2,2,상계동,720,11350,,,
상계주공6(고층),1988,34000,2018,8,23,41.3,6,상계동,720,11350,,,
상계주공6(고층),1988,44500,2018,8,23,59.28,4,상계동,720,11350,,,
상계주공6(고층),1988,34000,2018,8,23,41.3,12,상계동,720,11350,,,
상계주공7(고층),1988,35000,2018,8,23,45.77,4,상계동,691,11350,,,
상계주공9(고층),1988,27000,2018,8,23,45.9,10,상계동,670,11350,,,
상계주공9(고층),1988,41900,2018,8,23,61.52,3,상계동,670,11350,,,
상계주공9(고층),1988,32500,2018,8,23,49.94,13,상계동,670,11350,,,
상계주공9(고층),1988,34700,2018,8,23,49.94,9,상계동,670,11350,,,
상계주공9(고층),1988,50600,2018,8,23,79.07,13,상계동,670,11350,,,
상계주공9(고층),1988,26000,2018,8,23,41.3,15,상계동,670,11350,,,
상계주공9(고층),1988,35000,2018,8,23,49.94,11,상계동,670,11350,,,
상계주공9(고층),1988,41000,2018,8,23,61.52,3,상계동,670,11350,,,
수락리버시티3단지,2009,44300,2018,8,23,84.69,10,상계동,1312,11350,,,
수락산벨리체,2000,57700,2018,8,23,114.92,7,상계동,1265,11350,,,
신안,1999,46500,2018,8,23,59.97,7,중계동,590,11350,,,
양지마을(대림)1,1998,75000,2018,8,23,114.96,16,중계동,587,11350,,,
양지마을(대림)2,1999,39000,2018,8,23,59.4,17,중계동,588,11350,,,
염광,1996,34000,2018,8,23,59.34,20,중계동,445,11350,,,
염광,1996,34000,2018,8,23,59.34,20,중계동,445,11350,,,
우림루미아트201동,2004,48000,2018,8,23,84.569,11,상계동,1307,11350,,,
우성,1988,62000,2018,8,23,84.91,8,하계동,270,11350,,,
은빛1단지,1998,24000,2018,8,23,39.7,5,상계동,1255,11350,,,
주공2,1992,20900,2018,8,23,44.52,15,중계동,369,11350,,,
주공2,1992,22000,2018,8,23,44.52,12,중계동,369,11350,,,
주공5,1992,29000,2018,8,23,44.52,12,중계동,359-1,11350,,,
주공7,1993,25000,2018,8,23,44.1,2,중계동,363-1,11350,,,
중계3우성,1999,56000,2018,8,23,84.87,14,중계동,585,11350,,,
중계그린1단지,1990,39200,2018,8,23,59.46,9,중계동,502-1,11350,,,
중계그린1단지,1990,30300,2018,8,23,44.1,9,중계동,502-1,11350,,,
중계그린1단지,1990,29800,2018,8,23,49.5,2,중계동,502-1,11350,,,
중계그린1단지,1990,31000,2018,8,23,49.5,6,중계동,502-1,11350,,,
중계그린1단지,1990,24500,2018,8,23,39.92,4,중계동,502-1,11350,,,
중계그린1단지,1990,40000,2018,8,23,59.46,8,중계동,502-1,11350,,,
중계그린1단지,1990,29000,2018,8,23,44.1,3,중계동,502-1,11350,,,
중계무지개,1991,35000,2018,8,23,59.26,15,중계동,512,11350,,,
청암3단지(582),2003,38000,2018,8,23,84.774,10,중계동,582,11350,,,
초안산쌍용스윗닷홈,2006,37700,2018,8,23,84.69,1,월계동,945,11350,,,
코오롱,1997,48800,2018,8,23,84.9,14,상계동,1281,11350,,,
태강아파트(아이파크),1999,28700,2018,8,23,49.6,2,공릉동,81,11350,,,
풍림아이원,2005,61000,2018,8,23,84.303,8,월계동,944,11350,,,
하계2현대,1997,65000,2018,8,23,84.896,6,하계동,288,11350,,,
학여울청구,1999,55000,2018,8,23,84.77,10,하계동,354,11350,,,
한일1,1999,50000,2018,8,23,84.942,14,월계동,926,11350,,,
한일유앤아이,2005,42000,2018,8,23,59.877,16,상계동,1309,11350,,,
현대,2000,42000,2018,8,23,59.95,10,월계동,929,11350,,,
현대(6차),2018,45000,2018,8,23,84.98,4,중계동,34-5,11350,,,
경남,1989,44800,2018,8,24,74.2,4,중계동,505,11350,,,
공릉2신도브래뉴아파트,2002,43000,2018,8,24,84.75,13,공릉동,749,11350,,,
공릉동한보에센시티아파트,2000,39000,2018,8,24,84.93,1,공릉동,743,11350,,,
극동,1988,42500,2018,8,24,70.56,3,하계동,271-3,11350,,,
극동,1988,33700,2018,8,24,55.72,3,하계동,271-3,11350,,,
극동,1996,30700,2018,8,24,80.28,17,월계동,803-1,11350,,,
금호타운,1995,37000,2018,8,24,84.66,8,상계동,1270,11350,,,
금호타운,1995,36500,2018,8,24,84.66,3,상계동,1270,11350,,,
동신아파트,1999,57000,2018,8,24,114.98,7,공릉동,745,11350,,,
동양엔파트,2003,61500,2018,8,24,84.88,12,상계동,1305,11350,,,
두산,1994,32500,2018,8,24,58.65,14,상계동,1110,11350,,,
벽산,1989,23500,2018,8,24,43.35,4,상계동,173-1,11350,,,
벽산,1989,22900,2018,8,24,43.35,2,상계동,173-1,11350,,,
벽산,1989,29800,2018,8,24,59.9,8,상계동,173-1,11350,,,
보람아파트,1988,25000,2018,8,24,44.33,12,상계동,639,11350,,,
비선아파트,1999,26000,2018,8,24,48.93,1,공릉동,109,11350,,,
비콘드림힐3,2005,51700,2018,8,24,84.978,10,상계동,1310,11350,,,
사슴3,1995,22700,2018,8,24,39.6,12,월계동,320-11,11350,,,
사슴3,1995,20200,2018,8,24,33.18,13,월계동,320-11,11350,,,
삼성,1999,34150,2018,8,24,59.9,3,중계동,593,11350,,,
삼익포레스트아파트,1995,37400,2018,8,24,84.6,1,공릉동,737,11350,,,
삼익포레스트아파트,1995,30000,2018,8,24,51.03,13,공릉동,737,11350,,,
삼창,1984,26500,2018,8,24,56.59,2,월계동,448-3,11350,,,
삼창,1984,29000,2018,8,24,56.59,11,월계동,448-3,11350,,,
삼창,1984,43700,2018,8,24,121,10,월계동,448-3,11350,,,
삼호3,1986,51000,2018,8,24,59.22,12,월계동,13,11350,,,
상계대림,1989,32000,2018,8,24,59.67,12,상계동,172,11350,,,
상계대림,1989,45000,2018,8,24,84.91,3,상계동,172,11350,,,
상계대림,1989,33500,2018,8,24,59.67,7,상계동,172,11350,,,
상계주공1(고층),1988,41400,2018,8,24,68.86,8,상계동,765,11350,,,
상계주공1(고층),1988,38000,2018,8,24,59.39,6,상계동,765,11350,,,
상계주공1(고층),1988,30000,2018,8,24,49.94,2,상계동,765,11350,,,
상계주공10(고층),1988,41000,2018,8,24,60.5,6,상계동,666,11350,,,
상계주공11(고층),1988,38000,2018,8,24,49.94,10,상계동,652,11350,,,
상계주공11(고층),1988,42500,2018,8,24,58.01,11,상계동,652,11350,,,
상계주공11(고층),1988,35500,2018,8,24,49.94,13,상계동,652,11350,,,
상계주공11(고층),1988,38150,2018,8,24,49.94,6,상계동,652,11350,,,
상계주공11(고층),1988,38000,2018,8,24,58.01,15,상계동,652,11350,,,
상계주공11(고층),1988,41000,2018,8,24,58.01,13,상계동,652,11350,,,
상계주공12(고층),1988,31000,2018,8,24,41.3,9,상계동,647,11350,,,
상계주공12(고층),1988,29000,2018,8,24,49.94,1,상계동,647,11350,,,
상계주공14(고층),1989,25000,2018,8,24,45.9,3,상계동,626,11350,,,
상계주공16(고층),1988,35000,2018,8,24,59.39,7,상계동,624,11350,,,
상계주공2(고층),1987,49500,2018,8,24,68.86,6,상계동,740,11350,,,
상계주공2(고층),1987,45000,2018,8,24,58.01,11,상계동,740,11350,,,
상계주공2(저층),1987,31800,2018,8,24,46.04,3,상계동,740,11350,,,
상계주공3(고층),1987,47000,2018,8,24,59.28,8,상계동,730-2,11350,,,
상계주공3(고층),1987,62500,2018,8,24,84.2,7,상계동,730-2,11350,,,
상계주공4(고층),1988,28000,2018,8,24,41.3,6,상계동,749-5,11350,,,
상계주공4(고층),1988,29000,2018,8,24,37.46,5,상계동,749-5,11350,,,
상계주공6(고층),1988,44000,2018,8,24,58.01,15,상계동,720,11350,,,
상계주공6(고층),1988,35000,2018,8,24,41.3,13,상계동,720,11350,,,
상계주공6(고층),1988,41000,2018,8,24,58.01,4,상계동,720,11350,,,
상계주공7(고층),1988,37000,2018,8,24,45.9,13,상계동,691,11350,,,
상계주공7(고층),1988,34500,2018,8,24,45.9,15,상계동,691,11350,,,
상계주공9(고층),1988,28900,2018,8,24,45.9,11,상계동,670,11350,,,
상계주공9(고층),1988,41000,2018,8,24,58.01,4,상계동,670,11350,,,
상계주공9(고층),1988,32100,2018,8,24,49.94,4,상계동,670,11350,,,
서광,1994,49700,2018,8,24,84.61,5,월계동,922,11350,,,
서광,1994,50000,2018,8,24,84.61,10,월계동,922,11350,,,
성원1,1996,47000,2018,8,24,59.75,7,중계동,580,11350,,,
수락리버시티4단지,2009,42000,2018,8,24,84.69,1,상계동,1313,11350,,,
수락한신,1997,29750,2018,8,24,59.95,13,상계동,1277,11350,,,
양지마을(대림)1,1998,73000,2018,8,24,114.96,22,중계동,587,11350,,,
염광,1996,50000,2018,8,24,84.5,15,중계동,445,11350,,,
우성,1988,60350,2018,8,24,84.91,5,하계동,270,11350,,,
은빛1단지,1998,26450,2018,8,24,49.77,2,상계동,1255,11350,,,
은빛1단지,1998,21000,2018,8,24,39.69,4,상계동,1255,11350,,,
은빛2단지,1998,32000,2018,8,24,59.95,4,상계동,1256,11350,,,
임광,1989,65500,2018,8,24,106.25,5,상계동,694,11350,,,
장미(시영6),1989,42000,2018,8,24,64.62,6,하계동,273,11350,,,
주공2,1992,30000,2018,8,24,58.65,2,월계동,556,11350,,,
주공2,1992,25000,2018,8,24,44.52,8,중계동,369,11350,,,
주공5,1992,24500,2018,8,24,38.64,2,중계동,359-1,11350,,,
주공5,1992,29000,2018,8,24,44.52,1,중계동,359-1,11350,,,
주공7,1993,24000,2018,8,24,44.1,15,중계동,363-1,11350,,,
중계그린1단지,1990,32700,2018,8,24,49.5,13,중계동,502-1,11350,,,
중계그린1단지,1990,30000,2018,8,24,44.1,4,중계동,502-1,11350,,,
중계그린1단지,1990,23900,2018,8,24,39.91,1,중계동,502-1,11350,,,
중계그린1단지,1990,31300,2018,8,24,49.5,15,중계동,502-1,11350,,,
중계그린1단지,1990,31000,2018,8,24,49.5,10,중계동,502-1,11350,,,
중계무지개,1991,26600,2018,8,24,39.96,14,중계동,512,11350,,,
중계무지개,1991,32000,2018,8,24,49.54,5,중계동,512,11350,,,
중앙하이츠,1998,43000,2018,8,24,84.21,1,중계동,161-1,11350,,,
청구(366),1993,87000,2018,8,24,115.47,9,중계동,366,11350,,,
청백3,1998,19000,2018,8,24,39.84,3,월계동,780,11350,,,
초안1,1998,17000,2018,8,24,39.6,8,월계동,923,11350,,,
태강아파트(아이파크),1999,36500,2018,8,24,59.38,6,공릉동,81,11350,,,
태릉우성아파트,1985,51000,2018,8,24,84.97,5,공릉동,254,11350,,,
풍림아파트A,2001,42000,2018,8,24,59.94,9,공릉동,725,11350,,,
학여울청구,1999,59900,2018,8,24,84.77,9,하계동,354,11350,,,
학여울청구,1999,54000,2018,8,24,84.77,17,하계동,354,11350,,,
한신1,1988,23500,2018,8,24,35.28,2,하계동,284,11350,,,
한양,1988,53000,2018,8,24,87.49,6,상계동,757,11350,,,
한일휴니스빌,2013,13450,2018,8,24,13.62,7,공릉동,683-14,11350,,,
현대1(4차),1993,44850,2018,8,24,84.99,8,중계동,577,11350,,,
현대그린,1998,40600,2018,8,24,84.99,8,중계동,49,11350,,,
화랑타운아파트,2000,53500,2018,8,24,84.65,8,공릉동,111,11350,,,
화랑타운아파트,2000,50800,2018,8,24,84.65,2,공릉동,111,11350,,,
화인상가,1994,23900,2018,8,24,59.34,6,중계동,579,11350,,,
건영,1988,34900,2018,8,25,53.14,9,하계동,271-3,11350,,,
건영,1988,27000,2018,8,25,45.55,8,하계동,271-3,11350,,,
건영,1988,48000,2018,8,25,74.58,2,하계동,271-3,11350,,,
건영,1988,51500,2018,8,25,84.93,15,하계동,271-3,11350,,,
경남,1989,33500,2018,8,25,50.97,9,중계동,505,11350,,,
경남아너스빌,2002,54000,2018,8,25,105.5954,3,중계동,597,11350,,,
공릉동한보에센시티아파트,2000,40500,2018,8,25,84.93,2,공릉동,743,11350,,,
공릉우성아파트,1995,34000,2018,8,25,59.26,6,공릉동,738,11350,,,
극동,1988,34300,2018,8,25,55.72,12,하계동,271-3,11350,,,
극동,1988,40800,2018,8,25,70.56,3,하계동,271-3,11350,,,
금호타운(583),1997,36000,2018,8,25,59.52,9,중계동,583,11350,,,
금호타운(583),1997,46000,2018,8,25,84.98,3,중계동,583,11350,,,
대림,1988,63000,2018,8,25,93.75,2,상계동,695,11350,,,
대명아파트,1989,29900,2018,8,25,62.1,2,공릉동,270-71,11350,,,
대창센시티,2002,39000,2018,8,25,84.8577,2,상계동,1302,11350,,,
롯데(505),1989,34900,2018,8,25,54.48,13,중계동,505,11350,,,
롯데우성,1993,85000,2018,8,25,115.26,10,중계동,361-1,11350,,,
미도,1988,49100,2018,8,25,87.57,4,상계동,766-1,11350,,,
미성,1986,45000,2018,8,25,50.14,3,월계동,13,11350,,,
미성,1986,37500,2018,8,25,33.28,1,월계동,13,11350,,,
미성,1986,40000,2018,8,25,33.28,3,월계동,13,11350,,,
벽산,1989,24100,2018,8,25,46.8,11,상계동,173-1,11350,,,
벽산,1989,25000,2018,8,25,46.8,13,상계동,173-1,11350,,,
보람아파트,1988,46000,2018,8,25,79.25,6,상계동,639,11350,,,
보람아파트,1988,26000,2018,8,25,44.33,11,상계동,639,11350,,,
보람아파트,1988,32250,2018,8,25,54.59,6,상계동,639,11350,,,
보람아파트,1988,31000,2018,8,25,54.59,2,상계동,639,11350,,,
불암현대,1999,46900,2018,8,25,84.9,18,상계동,1293,11350,,,
비선아파트,1999,35500,2018,8,25,59.87,4,공릉동,109,11350,,,
사슴3,1995,22980,2018,8,25,39.6,12,월계동,320-11,11350,,,
삼성,1999,35000,2018,8,25,59.9,5,중계동,593,11350,,,
삼익2차아파트,2004,31000,2018,8,25,54.74,6,공릉동,754,11350,,,
삼익4단지아파트,1994,22700,2018,8,25,39.6,2,공릉동,714,11350,,,
삼익포레스트아파트,1995,28000,2018,8,25,51.03,5,공릉동,737,11350,,,
삼호3,1986,51000,2018,8,25,59.22,2,월계동,13,11350,,,
상계1차중앙하이츠,1997,38000,2018,8,25,59.82,22,상계동,1279,11350,,,
상계1차중앙하이츠,1997,50000,2018,8,25,84.6,2,상계동,1279,11350,,,
상계대림,1989,31000,2018,8,25,59.67,1,상계동,172,11350,,,
상계우방유쉘,2000,39000,2018,8,25,84.94,2,상계동,1295,11350,,,
상계주공1(고층),1988,36500,2018,8,25,58.01,1,상계동,765,11350,,,
상계주공1(고층),1988,31500,2018,8,25,41.3,11,상계동,765,11350,,,
상계주공1(고층),1988,28000,2018,8,25,41.3,7,상계동,765,11350,,,
상계주공1(고층),1988,40000,2018,8,25,58.01,4,상계동,765,11350,,,
상계주공1(고층),1988,29900,2018,8,25,41.3,7,상계동,765,11350,,,
상계주공1(고층),1988,30000,2018,8,25,41.3,12,상계동,765,11350,,,
상계주공1(고층),1988,30500,2018,8,25,41.3,1,상계동,765,11350,,,
상계주공10(고층),1988,43000,2018,8,25,58.01,12,상계동,666,11350,,,
상계주공11(고층),1988,37000,2018,8,25,49.94,3,상계동,652,11350,,,
상계주공11(고층),1988,36000,2018,8,25,49.94,3,상계동,652,11350,,,
상계주공11(고층),1988,39800,2018,8,25,58.01,2,상계동,652,11350,,,
상계주공12(고층),1988,42700,2018,8,25,61.52,10,상계동,647,11350,,,
상계주공12(고층),1988,27200,2018,8,25,41.3,9,상계동,647,11350,,,
상계주공12(고층),1988,41000,2018,8,25,58.01,8,상계동,647,11350,,,
상계주공12(고층),1988,27000,2018,8,25,41.3,9,상계동,647,11350,,,
상계주공13(고층),1989,26300,2018,8,25,49.94,15,상계동,637,11350,,,
상계주공13(고층),1989,22000,2018,8,25,41.3,6,상계동,637,11350,,,
상계주공14(고층),1989,36900,2018,8,25,59.39,8,상계동,626,11350,,,
상계주공14(고층),1989,34500,2018,8,25,59.39,10,상계동,626,11350,,,
상계주공14(고층),1989,34500,2018,8,25,49.94,5,상계동,626,11350,,,
상계주공14(고층),1989,24700,2018,8,25,45.9,15,상계동,626,11350,,,
상계주공14(고층),1989,54700,2018,8,25,90.94,12,상계동,626,11350,,,
상계주공14(고층),1989,35950,2018,8,25,59.39,15,상계동,626,11350,,,
상계주공14(고층),1989,30500,2018,8,25,49.94,15,상계동,626,11350,,,
상계주공16(고층),1988,25000,2018,8,25,45.77,12,상계동,624,11350,,,
상계주공16(고층),1988,33800,2018,8,25,58.01,2,상계동,624,11350,,,
상계주공16(고층),1988,35000,2018,8,25,59.39,6,상계동,624,11350,,,
상계주공16(고층),1988,24700,2018,8,25,45.77,14,상계동,624,11350,,,
상계주공16(고층),1988,33500,2018,8,25,59.39,12,상계동,624,11350,,,
상계주공16(고층),1988,24500,2018,8,25,45.77,15,상계동,624,11350,,,
상계주공16(고층),1988,45000,2018,8,25,79.07,2,상계동,624,11350,,,
상계주공2(고층),1987,44000,2018,8,25,59.28,7,상계동,740,11350,,,
상계주공2(고층),1987,29500,2018,8,25,37.46,9,상계동,740,11350,,,
상계주공3(고층),1987,55000,2018,8,25,68.86,6,상계동,730-2,11350,,,
상계주공4(고층),1988,60000,2018,8,25,83.7,13,상계동,749-5,11350,,,
상계주공4(고층),1988,54500,2018,8,25,84.38,12,상계동,749-5,11350,,,
상계주공4(고층),1988,54000,2018,8,25,84.38,3,상계동,749-5,11350,,,
상계주공4(고층),1988,36300,2018,8,25,59.2,1,상계동,749-5,11350,,,
상계주공4(고층),1988,42000,2018,8,25,58.01,3,상계동,749-5,11350,,,
상계주공4(고층),1988,41650,2018,8,25,59.39,15,상계동,749-5,11350,,,
상계주공4(고층),1988,29500,2018,8,25,41.3,2,상계동,749-5,11350,,,
상계주공6(고층),1988,47500,2018,8,25,58.01,5,상계동,720,11350,,,
상계주공6(고층),1988,30000,2018,8,25,41.3,1,상계동,720,11350,,,
상계주공6(고층),1988,39000,2018,8,25,49.94,2,상계동,720,11350,,,
상계주공7(고층),1988,36000,2018,8,25,45.55,2,상계동,691,11350,,,
상계주공7(고층),1988,42000,2018,8,25,49.94,12,상계동,691,11350,,,
상계주공7(고층),1988,46500,2018,8,25,59.39,15,상계동,691,11350,,,
상계주공7(고층),1988,38500,2018,8,25,45.77,12,상계동,691,11350,,,
상계주공7(고층),1988,44800,2018,8,25,49.94,5,상계동,691,11350,,,
상계주공9(고층),1988,26000,2018,8,25,45.9,1,상계동,670,11350,,,
상계주공9(고층),1988,33500,2018,8,25,49.94,4,상계동,670,11350,,,
상계주공9(고층),1988,35000,2018,8,25,49.94,9,상계동,670,11350,,,
상아,1989,34500,2018,8,25,51.29,5,중계동,505,11350,,,
성원1,1996,71500,2018,8,25,134.78,11,중계동,580,11350,,,
성원2,1995,40000,2018,8,25,98.28,18,중계동,581,11350,,,
수락한신,1997,38500,2018,8,25,113.92,2,상계동,1277,11350,,,
수락현대,1995,42000,2018,8,25,84.74,8,상계동,1272,11350,,,
시영3차(라이프)아파트,1994,19300,2018,8,25,34.44,15,공릉동,715,11350,,,
양지마을(대림)1,1998,62000,2018,8,25,84.9,6,중계동,587,11350,,,
양지마을(대림)1,1998,62500,2018,8,25,84.9,10,중계동,587,11350,,,
우방아파트,2000,49000,2018,8,25,84.881,3,공릉동,108,11350,,,
우방아파트,2000,44500,2018,8,25,84.881,2,공릉동,108,11350,,,
은빛1단지,1998,33500,2018,8,25,59.95,4,상계동,1255,11350,,,
은빛1단지,1998,32600,2018,8,25,59.95,13,상계동,1255,11350,,,
은빛1단지,1998,28700,2018,8,25,49.77,13,상계동,1255,11350,,,
장미(시영6),1989,41400,2018,8,25,64.62,14,하계동,273,11350,,,
장미(시영6),1989,25500,2018,8,25,43.56,2,하계동,273,11350,,,
주공10,1995,50000,2018,8,25,58.14,4,중계동,360-16,11350,,,
주공2,1992,30000,2018,8,25,44.52,5,중계동,369,11350,,,
주공2,1992,22000,2018,8,25,44.52,1,중계동,369,11350,,,
주공2,1992,24000,2018,8,25,44.52,15,중계동,369,11350,,,
주공2,1992,24000,2018,8,25,44.52,8,중계동,369,11350,,,
주공2,1992,21900,2018,8,25,44.52,10,월계동,556,11350,,,
주공2,1992,23000,2018,8,25,44.52,2,중계동,369,11350,,,
주공2,1992,23000,2018,8,25,44.52,4,중계동,369,11350,,,
주공2,1992,24000,2018,8,25,44.52,12,중계동,369,11350,,,
주공2,1992,25000,2018,8,25,44.52,8,중계동,369,11350,,,
주공4,1991,57000,2018,8,25,84.79,7,중계동,358-2,11350,,,
주공5,1992,44000,2018,8,25,58.46,15,중계동,359-1,11350,,,
주공5,1992,23000,2018,8,25,38.64,3,중계동,359-1,11350,,,
주공5,1992,24000,2018,8,25,38.64,5,중계동,359-1,11350,,,
주공5,1992,22500,2018,8,25,38.64,2,중계동,359-1,11350,,,
주공7,1993,28000,2018,8,25,44.1,2,중계동,363-1,11350,,,
주공7,1993,26700,2018,8,25,44.1,13,중계동,363-1,11350,,,
주공7,1993,23000,2018,8,25,44.1,1,중계동,363-1,11350,,,
중계3우성,1999,56000,2018,8,25,84.87,9,중계동,585,11350,,,
중계3우성,1999,40000,2018,8,25,59.73,21,중계동,585,11350,,,
중계그린1단지,1990,26000,2018,8,25,39.91,15,중계동,502-1,11350,,,
중계그린1단지,1990,28500,2018,8,25,44.1,2,중계동,502-1,11350,,,
중계그린1단지,1990,37500,2018,8,25,59.22,3,중계동,502-1,11350,,,
중계그린1단지,1990,31800,2018,8,25,49.5,6,중계동,502-1,11350,,,
중계그린1단지,1990,38000,2018,8,25,59.46,14,중계동,502-1,11350,,,
중계그린1단지,1990,31500,2018,8,25,49.5,15,중계동,502-1,11350,,,
중계그린1단지,1990,32000,2018,8,25,49.5,9,중계동,502-1,11350,,,
중계그린1단지,1990,34000,2018,8,25,49.5,8,중계동,502-1,11350,,,
중계그린1단지,1990,30900,2018,8,25,49.5,15,중계동,502-1,11350,,,
중계그린1단지,1990,37500,2018,8,25,59.46,13,중계동,502-1,11350,,,
중계무지개,1991,24500,2018,8,25,39.96,3,중계동,512,11350,,,
중계무지개,1991,25900,2018,8,25,39.96,10,중계동,512,11350,,,
중계무지개,1991,25000,2018,8,25,39.96,2,중계동,512,11350,,,
중계무지개,1991,33000,2018,8,25,49.54,9,중계동,512,11350,,,
중계무지개,1991,30000,2018,8,25,49.89,1,중계동,512,11350,,,
중계무지개,1991,33200,2018,8,25,49.54,5,중계동,512,11350,,,
중계무지개,1991,31800,2018,8,25,49.89,15,중계동,512,11350,,,
중계현대2,1991,44000,2018,8,25,84.34,4,중계동,435-1,11350,,,
진로유통조합대림,1992,40800,2018,8,25,84.94,2,중계동,78,11350,,,
청구,1988,54500,2018,8,25,84.97,2,하계동,284,11350,,,
청구3,1996,46000,2018,8,25,84.99,2,하계동,251-12,11350,,,
청백4,1998,28000,2018,8,25,59.4,12,월계동,781,11350,,,
청솔(시영7),1989,31000,2018,8,25,49.5,12,하계동,274,11350,,,
청솔(시영7),1989,26800,2018,8,25,49.5,1,하계동,274,11350,,,
코오롱,1997,36000,2018,8,25,59.94,3,상계동,1281,11350,,,
태강아파트(아이파크),1999,26500,2018,8,25,49.6,1,공릉동,81,11350,,,
태강아파트(아이파크),1999,31900,2018,8,25,49.6,9,공릉동,81,11350,,,
풍림아이원,2005,66000,2018,8,25,84.303,5,월계동,944,11350,,,
풍림아이원,2005,55000,2018,8,25,59.149,13,월계동,944,11350,,,
풍림아파트A,2001,39000,2018,8,25,59.94,1,공릉동,725,11350,,,
풍림아파트A,2001,63300,2018,8,25,114.78,10,공릉동,725,11350,,,
풍림아파트A,2001,52400,2018,8,25,84.99,3,공릉동,725,11350,,,
하계1청구,1997,57300,2018,8,25,84.6,6,하계동,251,11350,,,
하계1청구,1997,55000,2018,8,25,84.6,2,하계동,251,11350,,,
하계2현대,1997,46000,2018,8,25,75.35,4,하계동,288,11350,,,
학여울청구,1999,35500,2018,8,25,59.4,1,하계동,354,11350,,,
한신1,1988,25400,2018,8,25,44.52,1,하계동,284,11350,,,
한신1차,1987,26500,2018,8,25,53.96,12,상계동,135,11350,,,
한신2,1988,28000,2018,8,25,44.52,1,하계동,284,11350,,,
한신3차,1990,28400,2018,8,25,60.44,10,상계동,458,11350,,,
한신3차,1990,26700,2018,8,25,60.44,11,상계동,458,11350,,,
한신동성,1993,68000,2018,8,25,112.24,14,하계동,256-5,11350,,,
한신동성,1993,71800,2018,8,25,112.24,13,하계동,256-5,11350,,,
한일유앤아이,2005,39000,2018,8,25,59.877,13,상계동,1309,11350,,,
한진한화그랑빌,2002,53200,2018,8,25,59.94,6,월계동,18,11350,,,
한화꿈에그린,2005,55000,2018,8,25,84.902,5,중계동,598,11350,,,
현대,2000,63000,2018,8,25,114.99,2,월계동,929,11350,,,
현대(6차),2018,48000,2018,8,25,84.98,17,중계동,34-5,11350,,,
현대(고려)아파트,1999,38500,2018,8,25,84.09,7,공릉동,590-1,11350,,,
현대1(4차),1993,38500,2018,8,25,84.99,5,중계동,577,11350,,,
현대2(4차),1993,38000,2018,8,25,84.78,3,중계동,578,11350,,,
현대그린,1998,35000,2018,8,25,84.99,1,중계동,49,11350,,,
공릉해링턴플레이스,2000,71000,2018,8,26,134.914,6,공릉동,106,11350,,,
삼호4,1987,41000,2018,8,26,50.18,10,월계동,12,11350,,,
상계주공1(고층),1988,36000,2018,8,26,59.2,2,상계동,765,11350,,,
상계주공10(고층),1988,41900,2018,8,26,59.2,14,상계동,666,11350,,,
상계주공10(고층),1988,33300,2018,8,26,45.77,5,상계동,666,11350,,,
상계주공10(고층),1988,32700,2018,8,26,45.9,11,상계동,666,11350,,,
상계주공2(고층),1987,40500,2018,8,26,59.28,2,상계동,740,11350,,,
상계주공6(고층),1988,42500,2018,8,26,58.01,15,상계동,720,11350,,,
상계주공9(고층),1988,28000,2018,8,26,45.9,8,상계동,670,11350,,,
성원상떼빌,1999,30500,2018,8,26,59.93,12,상계동,1283,11350,,,
양지마을(대림)2,1999,49000,2018,8,26,84.88,1,중계동,588,11350,,,
우방아파트,2000,48400,2018,8,26,84.881,14,공릉동,108,11350,,,
우성,1988,59000,2018,8,26,84.91,6,하계동,270,11350,,,
장미(시영6),1989,34000,2018,8,26,54.29,8,하계동,273,11350,,,
주공4,1991,51800,2018,8,26,76.51,7,중계동,358-2,11350,,,
중계센트럴파크,2016,60000,2018,8,26,84.75,15,상계동,1322,11350,,,
중계센트럴파크,2016,59500,2018,8,26,84.75,10,상계동,1322,11350,,,
코오롱,1997,34000,2018,8,26,59.94,17,상계동,1281,11350,,,
풍림아파트A,2001,40000,2018,8,26,59.94,1,공릉동,725,11350,,,
풍림아파트A,2001,43000,2018,8,26,59.94,19,공릉동,725,11350,,,
현대4차,1995,34000,2018,8,26,84.99,13,상계동,1271,11350,,,
화랑타운아파트,2000,49400,2018,8,26,84.65,10,공릉동,111,11350,,,
LIG건영,1998,30000,2018,8,27,59.92,12,중계동,586,11350,,,
건영2,1991,43000,2018,8,27,75.02,14,중계동,515-2,11350,,,
공릉해링턴플레이스,2000,69500,2018,8,27,134.914,5,공릉동,106,11350,,,
극동,1988,57000,2018,8,27,84.91,10,하계동,271-3,11350,,,
금호타운,1995,31500,2018,8,27,84.66,1,상계동,1270,11350,,,
대동황토방,2001,37800,2018,8,27,60,2,상계동,1284,11350,,,
대동황토방,2001,46000,2018,8,27,84.97,6,상계동,1284,11350,,,
대동황토방,2001,46000,2018,8,27,84.97,6,상계동,1284,11350,,,
대우,1998,45000,2018,8,27,99.98,4,월계동,775,11350,,,
롯데우성,1993,80500,2018,8,27,101.88,5,중계동,361-1,11350,,,
미성,1989,43900,2018,8,27,72.17,1,하계동,280,11350,,,
보람아파트,1988,23500,2018,8,27,44.33,1,상계동,639,11350,,,
보람아파트,1988,27200,2018,8,27,44.33,9,상계동,639,11350,,,
불암현대,1999,31000,2018,8,27,59.4,19,상계동,1293,11350,,,
불암현대,1999,31000,2018,8,27,59.4,8,상계동,1293,11350,,,
사슴3,1995,22750,2018,8,27,39.6,15,월계동,320-11,11350,,,
삼성,1999,54250,2018,8,27,114.49,1,중계동,593,11350,,,
삼익4단지아파트,1994,33000,2018,8,27,59.04,5,공릉동,714,11350,,,
삼익포레스트아파트,1995,46000,2018,8,27,114.88,6,공릉동,737,11350,,,
삼익포레스트아파트,1995,28000,2018,8,27,51.03,6,공릉동,737,11350,,,
삼창,1984,49000,2018,8,27,94.36,5,월계동,448-3,11350,,,
삼창,1984,27000,2018,8,27,56.59,2,월계동,448-3,11350,,,
상계2차중앙하이츠,1998,48500,2018,8,27,84.6,2,상계동,1282,11350,,,
상계대림e편한세상,2002,41500,2018,8,27,83.87,9,상계동,1301,11350,,,
상계주공1(고층),1988,39200,2018,8,27,60.5,11,상계동,765,11350,,,
상계주공1(고층),1988,33000,2018,8,27,49.94,8,상계동,765,11350,,,
상계주공1(고층),1988,33500,2018,8,27,41.3,12,상계동,765,11350,,,
상계주공1(고층),1988,28300,2018,8,27,41.3,14,상계동,765,11350,,,
상계주공1(고층),1988,39900,2018,8,27,58.01,3,상계동,765,11350,,,
상계주공10(저층),1988,41700,2018,8,27,54.54,3,상계동,666,11350,,,
상계주공11(고층),1988,42000,2018,8,27,58.01,6,상계동,652,11350,,,
상계주공12(고층),1988,29000,2018,8,27,41.3,8,상계동,647,11350,,,
상계주공12(고층),1988,40500,2018,8,27,58.01,9,상계동,647,11350,,,
상계주공16(고층),1988,34500,2018,8,27,59.39,6,상계동,624,11350,,,
상계주공2(고층),1987,43000,2018,8,27,58.01,2,상계동,740,11350,,,
상계주공3(고층),1987,46000,2018,8,27,59.2,15,상계동,730-2,11350,,,
상계주공4(고층),1988,30000,2018,8,27,38,8,상계동,749-5,11350,,,
상계주공4(고층),1988,43500,2018,8,27,58.01,11,상계동,749-5,11350,,,
상계주공4(고층),1988,32500,2018,8,27,49.94,1,상계동,749-5,11350,,,
상계주공6(고층),1988,44500,2018,8,27,59.28,2,상계동,720,11350,,,
상계주공7(고층),1988,45000,2018,8,27,58.01,15,상계동,691,11350,,,
상계주공7(고층),1988,34000,2018,8,27,45.9,1,상계동,691,11350,,,
상계주공7(고층),1988,43000,2018,8,27,49.94,8,상계동,691,11350,,,
상계주공9(고층),1988,42000,2018,8,27,58.01,12,상계동,670,11350,,,
상계주공9(고층),1988,24500,2018,8,27,41.3,1,상계동,670,11350,,,
시영2단지(라이프)아파트,1994,28500,2018,8,27,49.5,13,공릉동,707,11350,,,
시영3차(라이프)아파트,1994,22250,2018,8,27,39.6,6,공릉동,715,11350,,,
시영3차(라이프)아파트,1994,21800,2018,8,27,39.6,15,공릉동,715,11350,,,
시영3차(라이프)아파트,1994,28400,2018,8,27,49.5,15,공릉동,715,11350,,,
양지마을(대림)2,1999,66000,2018,8,27,114.81,7,중계동,588,11350,,,
우방,1999,43400,2018,8,27,83.12,5,하계동,353,11350,,,
은빛1단지,1998,32300,2018,8,27,59.92,6,상계동,1255,11350,,,
은빛1단지,1998,28000,2018,8,27,49.77,13,상계동,1255,11350,,,
은빛1단지,1998,28500,2018,8,27,49.77,3,상계동,1255,11350,,,
은빛1단지,1998,27500,2018,8,27,49.77,15,상계동,1255,11350,,,
은빛2단지,1998,28500,2018,8,27,49.77,1,상계동,1256,11350,,,
은빛2단지,1998,28500,2018,8,27,49.77,3,상계동,1256,11350,,,
이연아마빌레,2003,49000,2018,8,27,154.27,3,중계동,58-34,11350,,,
임광,1989,63500,2018,8,27,106.25,2,상계동,694,11350,,,
주공2,1992,24000,2018,8,27,44.52,4,월계동,556,11350,,,
주공2,1992,23000,2018,8,27,44.52,3,월계동,556,11350,,,
주공2,1992,24000,2018,8,27,44.52,8,중계동,369,11350,,,
주공4,1991,57000,2018,8,27,84.79,10,중계동,358-2,11350,,,
주공4,1991,29900,2018,8,27,45.77,11,중계동,358-2,11350,,,
주공4,1991,31000,2018,8,27,45.77,6,중계동,358-2,11350,,,
주공5,1992,64000,2018,8,27,76.51,13,중계동,359-1,11350,,,
주공5,1992,49500,2018,8,27,58.46,9,중계동,359-1,11350,,,
주공5,1992,27000,2018,8,27,38.64,7,중계동,359-1,11350,,,
주공7,1993,26000,2018,8,27,44.1,4,중계동,363-1,11350,,,
주공8,1993,34700,2018,8,27,49.72,11,중계동,362-1,11350,,,
중계그린1단지,1990,35500,2018,8,27,59.87,15,중계동,502-1,11350,,,
중계그린1단지,1990,32000,2018,8,27,49.5,3,중계동,502-1,11350,,,
중계그린1단지,1990,31000,2018,8,27,49.85,2,중계동,502-1,11350,,,
중계그린1단지,1990,31000,2018,8,27,49.85,12,중계동,502-1,11350,,,
중계그린1단지,1990,31900,2018,8,27,49.5,4,중계동,502-1,11350,,,
중계그린1단지,1990,31500,2018,8,27,49.5,5,중계동,502-1,11350,,,
중계무지개,1991,22900,2018,8,27,39.82,1,중계동,512,11350,,,
중계무지개,1991,32500,2018,8,27,49.54,2,중계동,512,11350,,,
중계무지개,1991,28000,2018,8,27,49.89,1,중계동,512,11350,,,
중계무지개,1991,31500,2018,8,27,49.89,3,중계동,512,11350,,,
중계무지개,1991,39500,2018,8,27,59.26,11,중계동,512,11350,,,
중계무지개,1991,32000,2018,8,27,49.54,2,중계동,512,11350,,,
중계현대2,1991,38300,2018,8,27,71.76,9,중계동,435-1,11350,,,
청구(366),1993,84500,2018,8,27,115.47,9,중계동,366,11350,,,
청구3,1996,47500,2018,8,27,84.99,10,하계동,251-12,11350,,,
청백4,1998,38000,2018,8,27,84.54,3,월계동,781,11350,,,
청솔(시영7),1989,23300,2018,8,27,39.78,5,하계동,274,11350,,,
청암2단지,2001,27300,2018,8,27,49.77,5,상계동,1276,11350,,,
초안1,1998,25000,2018,8,27,59.85,9,월계동,923,11350,,,
코오롱,1997,49000,2018,8,27,84.9,3,상계동,1281,11350,,,
코오롱,1997,37000,2018,8,27,59.94,9,상계동,1281,11350,,,
태강아파트(아이파크),1999,26000,2018,8,27,49.6,1,공릉동,81,11350,,,
태강아파트(아이파크),1999,29200,2018,8,27,49.6,2,공릉동,81,11350,,,
태릉우성아파트,1985,39900,2018,8,27,66.87,7,공릉동,254,11350,,,
한신1,1988,30000,2018,8,27,44.52,3,하계동,284,11350,,,
한신1,1988,19000,2018,8,27,27,15,하계동,284,11350,,,
한신1차,1987,26000,2018,8,27,53.96,9,상계동,135,11350,,,
한신1차,1987,21500,2018,8,27,45.44,7,상계동,135,11350,,,
한신2차,1988,21000,2018,8,27,45.92,11,상계동,451,11350,,,
한양,1988,50000,2018,8,27,87.49,2,상계동,757,11350,,,
한진한화그랑빌,2002,50000,2018,8,27,59.94,19,월계동,18,11350,,,
현대(3차),1992,50000,2018,8,27,84.35,8,중계동,576,11350,,,
현대(6차),2018,62500,2018,8,27,122.685,19,중계동,34-5,11350,,,
현대2차,1993,33600,2018,8,27,82.68,3,상계동,1078,11350,,,
현대2차,1993,36000,2018,8,27,82.68,13,상계동,1078,11350,,,
현대2차,1993,38000,2018,8,27,82.68,10,상계동,1078,11350,,,
현대2차,1993,34000,2018,8,27,83.27,11,상계동,1078,11350,,,
현대성우아파트,2000,31000,2018,8,27,59.98,8,공릉동,741,11350,,,
희락,1997,23700,2018,8,27,59.73,10,상계동,1280,11350,,,
건영,1988,39000,2018,8,28,65.43,1,하계동,271-3,11350,,,
건영2,1991,45000,2018,8,28,84.96,2,중계동,515-2,11350,,,
녹천역두산위브아파트,2017,50000,2018,8,28,84.9343,4,월계동,950,11350,,,
롯데우성,1993,80000,2018,8,28,115.26,3,중계동,361-1,11350,,,
백영아파트,2004,28100,2018,8,28,79.54,3,공릉동,593-6,11350,,,
벽산,1989,31500,2018,8,28,59.9,14,상계동,173-1,11350,,,
벽산,1989,37000,2018,8,28,75.03,11,상계동,173-1,11350,,,
보람2단지,1988,39500,2018,8,28,68.99,6,상계동,639,11350,,,
보람아파트,1988,32600,2018,8,28,54.59,11,상계동,639,11350,,,
보람아파트,1988,28500,2018,8,28,54.59,1,상계동,639,11350,,,
보람아파트,1988,25000,2018,8,28,44.33,2,상계동,639,11350,,,
북부현대,1996,25000,2018,8,28,59.24,8,상계동,1273,11350,,,
불암현대,1999,31000,2018,8,28,59.4,7,상계동,1293,11350,,,
비선아파트,1999,25000,2018,8,28,48.6,1,공릉동,109,11350,,,
사슴3,1995,23000,2018,8,28,39.6,8,월계동,320-11,11350,,,
삼성,1999,36500,2018,8,28,59.9,8,중계동,593,11350,,,
삼창,1984,29900,2018,8,28,56.59,10,월계동,448-3,11350,,,
삼호3,1986,55000,2018,8,28,59.22,10,월계동,13,11350,,,
상계불암대림,2000,34000,2018,8,28,59.22,11,상계동,1289,11350,,,
상계주공1(고층),1988,42000,2018,8,28,58.01,4,상계동,765,11350,,,
상계주공10(고층),1988,43500,2018,8,28,59.39,14,상계동,666,11350,,,
상계주공10(고층),1988,43200,2018,8,28,58.01,8,상계동,666,11350,,,
상계주공11(고층),1988,37500,2018,8,28,49.94,11,상계동,652,11350,,,
상계주공16(고층),1988,26000,2018,8,28,45.77,14,상계동,624,11350,,,
상계주공16(고층),1988,35000,2018,8,28,58.01,13,상계동,624,11350,,,
상계주공16(고층),1988,33700,2018,8,28,58.01,15,상계동,624,11350,,,
상계주공4(고층),1988,29500,2018,8,28,41.3,7,상계동,749-5,11350,,,
상계주공4(고층),1988,45000,2018,8,28,58.01,11,상계동,749-5,11350,,,
상계주공5(저층),1987,44000,2018,8,28,31.98,5,상계동,721,11350,,,
상계주공7(고층),1988,36000,2018,8,28,41.3,8,상계동,691,11350,,,
성원(사슴4),1995,23000,2018,8,28,39.6,10,월계동,322-1,11350,,,
성원1,1996,67000,2018,8,28,134.78,3,중계동,580,11350,,,
양우,2002,44000,2018,8,28,86.2286,7,상계동,1299,11350,,,
염광,1996,35000,2018,8,28,59.34,13,중계동,445,11350,,,
염광,1996,54000,2018,8,28,131.25,7,중계동,445,11350,,,
염광,1996,32500,2018,8,28,59.34,25,중계동,445,11350,,,
우림루미아트201동,2004,49800,2018,8,28,84.569,9,상계동,1307,11350,,,
우방,1999,40700,2018,8,28,77.41,10,하계동,353,11350,,,
은빛1단지,1998,27000,2018,8,28,49.77,15,상계동,1255,11350,,,
은빛2단지,1998,24000,2018,8,28,39.7,8,상계동,1256,11350,,,
주공2,1992,26000,2018,8,28,44.52,7,중계동,369,11350,,,
주공2,1992,19000,2018,8,28,38.64,5,월계동,556,11350,,,
주공2,1992,22700,2018,8,28,44.52,3,월계동,556,11350,,,
주공4,1991,29950,2018,8,28,45.77,12,중계동,358-2,11350,,,
주공5,1992,29000,2018,8,28,44.94,14,중계동,359-1,11350,,,
주공7,1993,29000,2018,8,28,44.1,11,중계동,363-1,11350,,,
중계그린1단지,1990,30500,2018,8,28,49.5,3,중계동,502-1,11350,,,
중계그린1단지,1990,29900,2018,8,28,49.5,1,중계동,502-1,11350,,,
중계무지개,1991,27000,2018,8,28,39.82,11,중계동,512,11350,,,
중계무지개,1991,25500,2018,8,28,39.82,7,중계동,512,11350,,,
중앙하이츠,1998,40000,2018,8,28,84.53,1,중계동,161-1,11350,,,
청백4,1998,19800,2018,8,28,39.84,12,월계동,781,11350,,,
청암2단지,2001,27000,2018,8,28,49.77,20,상계동,1276,11350,,,
청암2단지,2001,34000,2018,8,28,59.4,11,상계동,1276,11350,,,
태강아파트(아이파크),1999,30800,2018,8,28,49.6,11,공릉동,81,11350,,,
태릉우성아파트,1985,47000,2018,8,28,84.97,1,공릉동,254,11350,,,
풍림아파트A,2001,51500,2018,8,28,84.99,20,공릉동,725,11350,,,
풍림아파트B,2001,20800,2018,8,28,31.32,5,공릉동,727,11350,,,
학여울청구,1999,67700,2018,8,28,113.51,2,하계동,354,11350,,,
한신1,1988,19000,2018,8,28,27,4,하계동,284,11350,,,
한신2차,1988,37000,2018,8,28,84.92,1,상계동,451,11350,,,
한신3차,1990,27500,2018,8,28,60.44,7,상계동,458,11350,,,
한일유앤아이,2005,52000,2018,8,28,84.991,10,상계동,1309,11350,,,
현대1(4차),1993,33000,2018,8,28,71.16,2,중계동,577,11350,,,
현대2(4차),1993,40000,2018,8,28,84.78,9,중계동,578,11350,,,
건영,1988,47200,2018,8,29,74.58,14,하계동,271-3,11350,,,
극동,1988,31500,2018,8,29,55.72,1,하계동,271-3,11350,,,
꿈의숲SKVIEW,2016,65500,2018,8,29,84.95,13,월계동,949,11350,,,
대동황토방,2001,38300,2018,8,29,60,9,상계동,1284,11350,,,
대림벽산(363),1993,84000,2018,8,29,114.39,4,중계동,363,11350,,,
대망드림힐1,2003,45000,2018,8,29,102.014,3,상계동,1304,11350,,,
대명아파트,1989,33000,2018,8,29,64.8,3,공릉동,270-71,11350,,,
대아2차아파트,2000,49000,2018,8,29,114.96,8,공릉동,492-1,11350,,,
대호,2000,41000,2018,8,29,84.93,4,중계동,591,11350,,,
동양엔파트,2003,64000,2018,8,29,84.88,11,상계동,1305,11350,,,
라이프,1993,90000,2018,8,29,115.65,12,중계동,366,11350,,,
비선아파트,1999,27950,2018,8,29,48.6,5,공릉동,109,11350,,,
비선아파트,1999,28700,2018,8,29,48.6,12,공릉동,109,11350,,,
상계주공10(고층),1988,43500,2018,8,29,58.01,13,상계동,666,11350,,,
상계주공11(고층),1988,37000,2018,8,29,49.94,8,상계동,652,11350,,,
상계주공11(고층),1988,58900,2018,8,29,79.07,12,상계동,652,11350,,,
상계주공12(고층),1988,34700,2018,8,29,49.94,3,상계동,647,11350,,,
상계주공12(고층),1988,33500,2018,8,29,49.94,2,상계동,647,11350,,,
상계주공14(고층),1989,27000,2018,8,29,45.9,12,상계동,626,11350,,,
상계주공14(고층),1989,34000,2018,8,29,49.94,6,상계동,626,11350,,,
상계주공14(고층),1989,35000,2018,8,29,49.94,10,상계동,626,11350,,,
상계주공14(고층),1989,25700,2018,8,29,45.9,7,상계동,626,11350,,,
상계주공16(고층),1988,35000,2018,8,29,59.39,5,상계동,624,11350,,,
상계주공16(고층),1988,34000,2018,8,29,58.01,14,상계동,624,11350,,,
상계주공2(고층),1987,43000,2018,8,29,59.39,14,상계동,740,11350,,,
상계주공2(저층),1987,39800,2018,8,29,59.18,4,상계동,740,11350,,,
상계주공4(고층),1988,45000,2018,8,29,58.01,4,상계동,749-5,11350,,,
상계주공4(고층),1988,43700,2018,8,29,58.01,3,상계동,749-5,11350,,,
상계주공4(고층),1988,25050,2018,8,29,32.39,15,상계동,749-5,11350,,,
상계주공9(고층),1988,36000,2018,8,29,58.01,1,상계동,670,11350,,,
상계주공9(고층),1988,35000,2018,8,29,49.94,14,상계동,670,11350,,,
상계현대3차,1999,39800,2018,8,29,84.96,10,상계동,1063,11350,,,
시영2단지(라이프)아파트,1994,22000,2018,8,29,39.6,2,공릉동,707,11350,,,
양지마을(대림)1,1998,70000,2018,8,29,114.96,18,중계동,587,11350,,,
양지마을(대림)2,1999,41000,2018,8,29,59.4,21,중계동,588,11350,,,
염광,1996,37000,2018,8,29,59.34,16,중계동,445,11350,,,
우국리더스빌,2006,35000,2018,8,29,65.6,14,공릉동,757,11350,,,
우성,1988,56000,2018,8,29,84.91,15,하계동,270,11350,,,
월계흥화브라운빌,2004,41800,2018,8,29,84.98,11,월계동,939,11350,,,
은빛1단지,1998,30000,2018,8,29,59.92,7,상계동,1255,11350,,,
은빛2단지,1998,29300,2018,8,29,49.77,14,상계동,1256,11350,,,
은빛2단지,1998,31000,2018,8,29,59.95,1,상계동,1256,11350,,,
임광,1989,67000,2018,8,29,106.25,12,상계동,694,11350,,,
장미(시영6),1989,35000,2018,8,29,54.02,8,하계동,273,11350,,,
장미(시영6),1989,34000,2018,8,29,54.29,2,하계동,273,11350,,,
주공2,1992,33000,2018,8,29,59.97,12,월계동,556,11350,,,
주공2,1992,20000,2018,8,29,38.64,12,월계동,556,11350,,,
주공4,1991,47000,2018,8,29,59.39,4,중계동,358-2,11350,,,
중계그린1단지,1990,32000,2018,8,29,49.85,12,중계동,502-1,11350,,,
중계그린1단지,1990,36800,2018,8,29,59.87,11,중계동,502-1,11350,,,
중계그린1단지,1990,38500,2018,8,29,59.22,3,중계동,502-1,11350,,,
중계무지개,1991,33000,2018,8,29,49.54,13,중계동,512,11350,,,
중계무지개,1991,32000,2018,8,29,49.54,2,중계동,512,11350,,,
중계무지개,1991,23900,2018,8,29,39.96,15,중계동,512,11350,,,
청구(366),1993,72500,2018,8,29,101.99,1,중계동,366,11350,,,
청구3,1996,79000,2018,8,29,84.77,15,중계동,360-2,11350,,,
청솔(시영7),1989,21200,2018,8,29,39.78,1,하계동,274,11350,,,
초안2,1997,18300,2018,8,29,39.6,11,월계동,924,11350,,,
풍림아파트A,2001,55000,2018,8,29,84.99,12,공릉동,725,11350,,,
한신1,1988,19000,2018,8,29,27,9,하계동,284,11350,,,
한신1,1988,20000,2018,8,29,27,4,하계동,284,11350,,,
한신1차,1987,24500,2018,8,29,53.96,15,상계동,135,11350,,,
한신2차,1988,20900,2018,8,29,45.92,6,상계동,451,11350,,,
한신3차,1990,40000,2018,8,29,84.59,12,상계동,458,11350,,,
현대(6차),2018,57500,2018,8,29,84.98,11,중계동,34-5,11350,,,
경남,1989,32000,2018,8,30,50.97,1,중계동,505,11350,,,
극동,1988,49900,2018,8,30,84.91,2,하계동,271-3,11350,,,
대동황토방,2001,41000,2018,8,30,84.97,1,상계동,1284,11350,,,
대명아파트,1989,30800,2018,8,30,64.8,5,공릉동,270-71,11350,,,
대우,1998,49100,2018,8,30,134.64,6,월계동,775,11350,,,
동아불암,1999,31800,2018,8,30,59.4,5,상계동,1285,11350,,,
두산힐스빌아파트,2000,55000,2018,8,30,84.9,21,공릉동,747,11350,,,
벽산,1989,36500,2018,8,30,75.03,15,상계동,173-1,11350,,,
보람2단지,1988,45000,2018,8,30,79.25,6,상계동,639,11350,,,
보람아파트,1988,31000,2018,8,30,54.59,4,상계동,639,11350,,,
보람아파트,1988,37600,2018,8,30,68.99,12,상계동,639,11350,,,
보람아파트,1988,23500,2018,8,30,44.33,1,상계동,639,11350,,,
삼익4단지아파트,1994,34000,2018,8,30,59.04,13,공릉동,714,11350,,,
상계대림,1989,31800,2018,8,30,59.67,1,상계동,172,11350,,,
상계대림,1989,33900,2018,8,30,59.67,8,상계동,172,11350,,,
상계대림e편한세상,2002,32900,2018,8,30,55.77,7,상계동,1301,11350,,,
상계대림e편한세상,2002,46000,2018,8,30,114.34,17,상계동,1301,11350,,,
상계주공10(고층),1988,40000,2018,8,30,58.01,8,상계동,666,11350,,,
상계주공11(고층),1988,49500,2018,8,30,68.86,11,상계동,652,11350,,,
상계주공11(고층),1988,40000,2018,8,30,59.28,10,상계동,652,11350,,,
상계주공12(고층),1988,35000,2018,8,30,49.94,8,상계동,647,11350,,,
상계주공12(고층),1988,47000,2018,8,30,66.56,5,상계동,647,11350,,,
상계주공12(고층),1988,37000,2018,8,30,49.94,11,상계동,647,11350,,,
상계주공13(고층),1989,30300,2018,8,30,58.01,15,상계동,637,11350,,,
상계주공13(고층),1989,31800,2018,8,30,58.01,2,상계동,637,11350,,,
상계주공16(고층),1988,31450,2018,8,30,59.39,1,상계동,624,11350,,,
상계주공16(고층),1988,27500,2018,8,30,45.77,6,상계동,624,11350,,,
상계주공2(고층),1987,34900,2018,8,30,37.46,6,상계동,740,11350,,,
상계주공4(고층),1988,32000,2018,8,30,41.3,12,상계동,749-5,11350,,,
상계주공6(고층),1988,35000,2018,8,30,37.46,7,상계동,720,11350,,,
상계주공6(고층),1988,37000,2018,8,30,41.3,9,상계동,720,11350,,,
상계주공6(고층),1988,49800,2018,8,30,58.01,11,상계동,720,11350,,,
상계주공9(고층),1988,29000,2018,8,30,41.3,8,상계동,670,11350,,,
상계주공9(고층),1988,34000,2018,8,30,49.94,6,상계동,670,11350,,,
상계현대3차,1999,41850,2018,8,30,84.96,14,상계동,1063,11350,,,
성북맨션,1976,31800,2018,8,30,65.35,4,월계동,383-40,11350,,,
성북맨션,1976,34500,2018,8,30,65.35,1,월계동,383-40,11350,,,
성원2,1995,39800,2018,8,30,97.83,18,중계동,581,11350,,,
성원2,1995,38000,2018,8,30,84.78,2,중계동,581,11350,,,
시영3차(라이프)아파트,1994,20400,2018,8,30,34.44,6,공릉동,715,11350,,,
신원아파트,2000,34000,2018,8,30,59.59,3,공릉동,370-4,11350,,,
염광,1996,58000,2018,8,30,131.25,8,중계동,445,11350,,,
우림루미아트1,2004,40500,2018,8,30,84.887,1,상계동,1306,11350,,,
우방,1999,31400,2018,8,30,59.74,15,하계동,353,11350,,,
은빛1단지,1998,27000,2018,8,30,49.77,2,상계동,1255,11350,,,
은빛1단지,1998,25000,2018,8,30,39.7,10,상계동,1255,11350,,,
은빛2단지,1998,31200,2018,8,30,59.92,3,상계동,1256,11350,,,
은빛2단지,1998,33000,2018,8,30,59.95,3,상계동,1256,11350,,,
은빛2단지,1998,22000,2018,8,30,39.7,3,상계동,1256,11350,,,
주공2,1992,20000,2018,8,30,44.94,14,월계동,556,11350,,,
주공5,1992,32500,2018,8,30,44.94,5,중계동,359-1,11350,,,
주공5,1992,32000,2018,8,30,44.52,1,중계동,359-1,11350,,,
주공5,1992,23000,2018,8,30,38.64,4,중계동,359-1,11350,,,
주공7,1993,26000,2018,8,30,44.1,9,중계동,363-1,11350,,,
주공8,1993,29000,2018,8,30,49.72,1,중계동,362-1,11350,,,
중계그린1단지,1990,30800,2018,8,30,49.5,1,중계동,502-1,11350,,,
중계그린1단지,1990,38800,2018,8,30,59.46,4,중계동,502-1,11350,,,
중계무지개,1991,24500,2018,8,30,39.82,2,중계동,512,11350,,,
청백3,1998,25000,2018,8,30,49.77,4,월계동,780,11350,,,
청백3,1998,24000,2018,8,30,49.77,13,월계동,780,11350,,,
청백4,1998,18300,2018,8,30,39.84,15,월계동,781,11350,,,
청백4,1998,26500,2018,8,30,59.4,13,월계동,781,11350,,,
청백4,1998,25900,2018,8,30,59.4,3,월계동,781,11350,,,
청백4,1998,37000,2018,8,30,84.54,15,월계동,781,11350,,,
청암2단지,2001,29400,2018,8,30,59.4,2,상계동,1276,11350,,,
청암2단지,2001,30000,2018,8,30,49.77,16,상계동,1276,11350,,,
태강아파트(아이파크),1999,30800,2018,8,30,49.6,11,공릉동,81,11350,,,
한신2차,1988,39800,2018,8,30,84.92,8,상계동,451,11350,,,
한신2차,1988,20800,2018,8,30,45.92,13,상계동,451,11350,,,
한신2차,1988,29900,2018,8,30,58.46,14,상계동,451,11350,,,
한신3차,1990,35500,2018,8,30,84.59,4,상계동,458,11350,,,
한진한화그랑빌,2002,67900,2018,8,30,114.97,3,월계동,18,11350,,,
현대(6차),2018,33000,2018,8,30,59.84,17,중계동,34-5,11350,,,
현대(6차),2018,60000,2018,8,30,122.69,3,중계동,34-5,11350,,,
현대(6차),2018,36000,2018,8,30,59.84,18,중계동,34-5,11350,,,
현대(6차),2018,35000,2018,8,30,59.84,5,중계동,34-5,11350,,,
현대2차,1993,35800,2018,8,30,82.68,5,상계동,1078,11350,,,
건영,1988,33500,2018,8,31,53.14,10,하계동,271-3,11350,,,
건영2,1991,46000,2018,8,31,75.02,11,중계동,515-2,11350,,,
건영2,1991,50000,2018,8,31,84.96,12,중계동,515-2,11350,,,
공릉동한보에센시티아파트,2000,29500,2018,8,31,59.4,1,공릉동,743,11350,,,
금호타운(583),1997,38000,2018,8,31,59.52,13,중계동,583,11350,,,
대림벽산(363),1993,100000,2018,8,31,141.45,7,중계동,363,11350,,,
대아아파트1차,1997,36630,2018,8,31,84.86,2,공릉동,740,11350,,,
대우,1998,45800,2018,8,31,99.98,20,월계동,775,11350,,,
롯데우성,1993,87000,2018,8,31,115.26,13,중계동,361-1,11350,,,
벽산,1989,24200,2018,8,31,43.35,4,상계동,173-1,11350,,,
벽산,1989,37400,2018,8,31,75.03,1,상계동,173-1,11350,,,
보람2단지,1988,40500,2018,8,31,68.99,9,상계동,639,11350,,,
보람아파트,1988,33800,2018,8,31,54.59,5,상계동,639,11350,,,
불암현대,1999,32000,2018,8,31,59.4,9,상계동,1293,11350,,,
삼성,1999,35000,2018,8,31,59.9,3,중계동,593,11350,,,
상계신동아,1995,42000,2018,8,31,84.99,15,상계동,463,11350,,,
상계주공1(고층),1988,42000,2018,8,31,58.01,8,상계동,765,11350,,,
상계주공1(고층),1988,40500,2018,8,31,58.01,4,상계동,765,11350,,,
상계주공10(고층),1988,51000,2018,8,31,68.86,10,상계동,666,11350,,,
상계주공11(고층),1988,57500,2018,8,31,79.07,15,상계동,652,11350,,,
상계주공12(고층),1988,29500,2018,8,31,41.3,11,상계동,647,11350,,,
상계주공13(고층),1989,24500,2018,8,31,45.55,4,상계동,637,11350,,,
상계주공14(고층),1989,26000,2018,8,31,45.9,15,상계동,626,11350,,,
상계주공16(고층),1988,24700,2018,8,31,45.77,1,상계동,624,11350,,,
상계주공16(고층),1988,35000,2018,8,31,59.39,7,상계동,624,11350,,,
상계주공2(고층),1987,45000,2018,8,31,58.01,12,상계동,740,11350,,,
상계주공2(저층),1987,34000,2018,8,31,46.04,5,상계동,740,11350,,,
상계주공2(저층),1987,36500,2018,8,31,46.04,2,상계동,740,11350,,,
상계주공3(고층),1987,50000,2018,8,31,59.39,3,상계동,730-2,11350,,,
상계주공4(고층),1988,34900,2018,8,31,49.94,1,상계동,749-5,11350,,,
상계주공9(고층),1988,38000,2018,8,31,58.01,1,상계동,670,11350,,,
상계주공9(고층),1988,29000,2018,8,31,45.9,11,상계동,670,11350,,,
상계주공9(고층),1988,30000,2018,8,31,45.9,11,상계동,670,11350,,,
상계현대3차,1999,40000,2018,8,31,84.96,3,상계동,1063,11350,,,
성원2,1995,37000,2018,8,31,97.83,1,중계동,581,11350,,,
수락한신,1997,39700,2018,8,31,84.95,8,상계동,1277,11350,,,
시영2단지(라이프)아파트,1994,19400,2018,8,31,34.44,15,공릉동,707,11350,,,
시영3차(라이프)아파트,1994,21000,2018,8,31,34.44,5,공릉동,715,11350,,,
염광,1996,52000,2018,8,31,84.5,8,중계동,445,11350,,,
우방,1999,33000,2018,8,31,59.74,11,하계동,353,11350,,,
우방,1999,32300,2018,8,31,59.74,2,하계동,353,11350,,,
은빛1단지,1998,34000,2018,8,31,59.95,6,상계동,1255,11350,,,
은빛2단지,1998,34000,2018,8,31,59.95,6,상계동,1256,11350,,,
장미(시영6),1989,25000,2018,8,31,43.41,1,하계동,273,11350,,,
주공2,1992,29700,2018,8,31,58.65,15,월계동,556,11350,,,
주공2,1992,18500,2018,8,31,38.64,6,월계동,556,11350,,,
주공6,1993,33500,2018,8,31,44.1,7,중계동,364-12,11350,,,
주공6,1993,30500,2018,8,31,44.1,4,중계동,364-12,11350,,,
중계3벽산,1999,39700,2018,8,31,59.88,18,중계동,592,11350,,,
중계그린1단지,1990,24500,2018,8,31,39.92,9,중계동,502-1,11350,,,
중계무지개,1991,33200,2018,8,31,49.89,5,중계동,512,11350,,,
중계무지개,1991,24800,2018,8,31,39.82,2,중계동,512,11350,,,
중계무지개,1991,29000,2018,8,31,49.54,1,중계동,512,11350,,,
중계센트럴파크,2016,57000,2018,8,31,84.13,1,상계동,1322,11350,,,
초안산쌍용스윗닷홈,2006,41850,2018,8,31,84.69,5,월계동,945,11350,,,
코오롱,1997,35700,2018,8,31,59.94,3,상계동,1281,11350,,,
학여울청구,1999,66000,2018,8,31,113.51,4,하계동,354,11350,,,
한신2차,1988,21900,2018,8,31,45.92,7,상계동,451,11350,,,
한신3차,1990,27400,2018,8,31,60.44,8,상계동,458,11350,,,
한신3차,1990,30000,2018,8,31,60.44,3,상계동,458,11350,,,
현대(6차),2018,36000,2018,8,31,59.84,18,중계동,34-5,11350,,,
현대1(4차),1993,35000,2018,8,31,71.16,7,중계동,577,11350,,,
희락,1997,24800,2018,8,31,59.73,8,상계동,1280,11350,,,
