단지명,건축년도,거래금액(만원),계약년,계약월,계약일,전용면적(㎡),층,법정동,지번,시군구코드,거래유형,매수자구분,매도자구분
건영2,1997,24200,2019,11,1,59.526,2,좌동,1298,26350,,,
건영2,1997,35000,2019,11,1,84.64,16,좌동,1298,26350,,,
경남마리나,1996,64000,2019,11,1,84.93,13,우동,1388-1,26350,,,
대동타운,1996,26000,2019,11,1,59.95,24,좌동,1288,26350,,,
대우마리나3,1994,46800,2019,11,1,59.81,9,우동,977,26350,,,
더샵센텀파크1차,2005,53000,2019,11,1,84.6528,5,재송동,1200,26350,,,
더샵센텀파크1차,2005,60000,2019,11,1,84.6389,38,재송동,1200,26350,,,
더샵센텀파크1차,2005,87000,2019,11,1,151.9156,13,재송동,1200,26350,,,
동부올림픽타운,1999,45500,2019,11,1,84.96,2,우동,1008-5,26350,,,
동신,1996,35800,2019,11,1,84.93,13,좌동,1302,26350,,,
롯데2,1998,23500,2019,11,1,59.6,19,좌동,1386,26350,,,
롯데캐슬마린,2004,69500,2019,11,1,125.1959,22,중동,1360,26350,,,
삼한2,1997,19000,2019,11,1,84.9,22,반송동,872,26350,,,
센텀대림,1996,17600,2019,11,1,59.99,22,반여동,1199-11,26350,,,
센텀두산위브,2014,57000,2019,11,1,84.972,13,우동,1105,26350,,,
센텀두산위브,2014,73500,2019,11,1,124.674,16,우동,1105,26350,,,
센텀롯데캐슬아파트,2004,31000,2019,11,1,84.97,17,반여동,1619,26350,,,
센텀마리나,1993,25000,2019,11,1,84.14,2,우동,930-20,26350,,,
센텀삼환Nauville,1996,30700,2019,11,1,59.86,17,우동,1100,26350,,,
센텀이편한세상,2006,41800,2019,11,1,84.98,12,재송동,939-2,26350,,,
센텀협성르네상스타운,2013,38000,2019,11,1,84.4011,29,재송동,1324,26350,,,
신동아,1996,14500,2019,11,1,59.78,11,반여동,982-14,26350,,,
아시아선수촌아파트,2002,35000,2019,11,1,84.8,10,반여동,1638,26350,,,
아시아선수촌아파트,2002,27500,2019,11,1,59.92,12,반여동,1638,26350,,,
영남,1996,24100,2019,11,1,59.585,21,좌동,1328,26350,,,
일동미라주,2001,16500,2019,11,1,56.9704,16,반여동,1192-3,26350,,,
중동삼정그린코아,2002,37000,2019,11,1,84.846,18,중동,262-1,26350,,,
중동삼정그린코아,2002,28000,2019,11,1,59.97,5,중동,262-1,26350,,,
코오롱,1997,28000,2019,11,1,59.985,14,좌동,1348,26350,,,
한일,1996,23900,2019,11,1,58.2,10,좌동,1274,26350,,,
해운대두산위브더제니스,2011,84000,2019,11,1,118.3775,21,우동,1407,26350,,,
홍림센텀아파트,1991,6700,2019,11,1,35.82,5,반여동,1581-22,26350,,,
건영1,1998,45400,2019,11,2,134.83,15,좌동,1414,26350,,,
경남마리나,1996,64750,2019,11,2,84.93,15,우동,1388-1,26350,,,
달맞이유림노르웨이숲,2017,51000,2019,11,2,84.8302,17,중동,1821,26350,,,
대우동삼,1993,35500,2019,11,2,84.87,15,우동,1007-16,26350,,,
대우마리나2,1992,64300,2019,11,2,84.2249,7,우동,1388-4,26350,,,
대우마리나3,1994,48500,2019,11,2,59.81,9,우동,977,26350,,,
대우월드마크센텀,2010,122500,2019,11,2,146.8,20,우동,1488,26350,,,
더샵센텀스타,2008,130000,2019,11,2,209.89,47,재송동,1196,26350,,,
더샵센텀파크1차,2005,68000,2019,11,2,100.945,30,재송동,1200,26350,,,
더샵센텀파크1차,2005,85500,2019,11,2,126.9004,37,재송동,1200,26350,,,
더샵센텀파크1차,2005,88000,2019,11,2,125.4155,41,재송동,1200,26350,,,
더샵센텀파크1차,2005,75500,2019,11,2,100.945,22,재송동,1200,26350,,,
더샵센텀파크2차,2005,53000,2019,11,2,84.6389,40,재송동,1197,26350,,,
더샵센텀파크2차,2005,64800,2019,11,2,127.489,3,재송동,1197,26350,,,
더샵센텀파크2차,2005,50000,2019,11,2,84.6389,22,재송동,1197,26350,,,
동부올림픽타운,1999,32500,2019,11,2,59.8,1,우동,1008-5,26350,,,
동부올림픽타운,1999,37400,2019,11,2,59.8,8,우동,1008-5,26350,,,
동부올림픽타운,1999,53500,2019,11,2,84.96,15,우동,1008-5,26350,,,
롯데,1993,36800,2019,11,2,84.84,5,우동,938,26350,,,
벽산2,1996,23000,2019,11,2,59.73,20,좌동,1439,26350,,,
삼호가든맨션,1985,74000,2019,11,2,128.27,12,우동,1104-1,26350,,,
삼호가든맨션,1985,72500,2019,11,2,128.27,12,우동,1104-1,26350,,,
센텀SKVIEW아파트,2001,21600,2019,11,2,59.52,13,반여동,1174-1,26350,,,
센텀SKVIEW아파트,2001,24000,2019,11,2,59.52,21,반여동,1174-1,26350,,,
센텀두산위브,2014,52600,2019,11,2,84.972,11,우동,1105,26350,,,
센텀이편한세상,2006,42500,2019,11,2,84.98,23,재송동,939-2,26350,,,
센텀협성르네상스타운,2013,38500,2019,11,2,84.4011,18,재송동,1324,26350,,,
센텀협성르네상스타운,2013,41500,2019,11,2,84.9181,25,재송동,1324,26350,,,
해운대 I PARK,2011,82000,2019,11,2,111.616,36,우동,1408,26350,,,
해운대SKVIEW,2011,59300,2019,11,2,138.6909,7,중동,1787,26350,,,
해운대래미안,2014,64500,2019,11,2,101.5938,14,중동,1793,26350,,,
해운대래미안,2014,54500,2019,11,2,84.984,17,중동,1793,26350,,,
해운대자이1단지,2013,64000,2019,11,2,84.9493,1,우동,1527,26350,,,
해운대자이2단지,2013,56800,2019,11,2,84.8053,24,우동,1529,26350,,,
해운대자이2차1단지,2018,52500,2019,11,2,59.8144,8,우동,1536,26350,,,
해운대케이씨씨스위첸,2011,84500,2019,11,2,128.16,19,좌동,1492,26350,,,
현대그린맨션,1986,17000,2019,11,2,57.09,15,반여동,1411-10,26350,,,
건영2,1997,35400,2019,11,3,84.84,3,좌동,1298,26350,,,
건영2,1997,38700,2019,11,3,84.84,14,좌동,1298,26350,,,
경남마리나,1996,67400,2019,11,3,84.93,12,우동,1388-1,26350,,,
경남마리나,1996,51500,2019,11,3,59.83,8,우동,1388-1,26350,,,
경동지-플러스,2002,27400,2019,11,3,59.5925,5,좌동,1317,26350,,,
동부,1996,21900,2019,11,3,58.44,4,좌동,1412,26350,,,
벽산2,1996,22300,2019,11,3,59.73,19,좌동,1439,26350,,,
센텀경동리인,2018,58000,2019,11,3,82.7831,18,우동,1543,26350,,,
센텀삼익아파트,1981,13500,2019,11,3,49.46,12,재송동,1023,26350,,,
센텀현대,1999,35000,2019,11,3,84.92,9,우동,1102-221,26350,,,
해운대중동금호어울림,2006,36700,2019,11,3,84.9963,1,중동,899,26350,,,
해운대한신휴플러스,2014,46700,2019,11,3,84.8381,11,우동,777,26350,,,
현대,1996,45000,2019,11,3,134.005,2,좌동,1337,26350,,,
건영1,1998,25200,2019,11,4,59.88,15,좌동,1414,26350,,,
건영1,1998,22600,2019,11,4,59.88,3,좌동,1414,26350,,,
대림2,1997,26800,2019,11,4,59.816,6,좌동,1286,26350,,,
대우마리나3,1994,51500,2019,11,4,84.51,1,우동,977,26350,,,
대우월드마크센텀,2010,94500,2019,11,4,116.69,31,우동,1488,26350,,,
대우트럼프월드마린,2007,150000,2019,11,4,187.88,28,우동,1410,26350,,,
대원,1998,27400,2019,11,4,59.79,13,좌동,1307,26350,,,
더샵센텀파크1차,2005,79800,2019,11,4,125.4155,28,재송동,1200,26350,,,
동남하이츠맨션,1993,18000,2019,11,4,59.9,7,중동,768-1,26350,,,
동부올림픽타운,1999,43500,2019,11,4,84.96,2,우동,1008-5,26350,,,
두산2,1996,28500,2019,11,4,59.94,9,좌동,1319,26350,,,
롯데2,1998,22300,2019,11,4,59.76,6,좌동,1386,26350,,,
롯데캐슬마스터,2005,48700,2019,11,4,84.986,23,좌동,970,26350,,,
벽산1,1996,46800,2019,11,4,84.99,20,좌동,1321,26350,,,
삼익그린맨션,1985,20000,2019,11,4,61.83,5,반여동,1405-31,26350,,,
삼호가든맨션,1985,49000,2019,11,4,63,7,우동,1104-1,26350,,,
센텀경동리인,2018,76500,2019,11,4,112.626,22,우동,1543,26350,,,
센텀롯데캐슬2차,2005,26500,2019,11,4,84.97,4,반여동,1660,26350,,,
센텀롯데캐슬2차,2005,20500,2019,11,4,59.9675,7,반여동,1660,26350,,,
센텀롯데캐슬2차,2005,21000,2019,11,4,59.9675,9,반여동,1660,26350,,,
센텀롯데캐슬아파트,2004,22500,2019,11,4,59.7601,21,반여동,1619,26350,,,
센텀마리나,1993,25800,2019,11,4,84.14,7,우동,930-20,26350,,,
센텀삼환Nauville,1996,29500,2019,11,4,59.86,9,우동,1100,26350,,,
아시아선수촌아파트,2002,34000,2019,11,4,84.8,6,반여동,1638,26350,,,
해운대자이1단지,2013,65000,2019,11,4,84.5368,15,우동,1527,26350,,,
해운대자이2차1단지,2018,73000,2019,11,4,84.9651,7,우동,1536,26350,,,
해운대자이2차1단지,2018,75000,2019,11,4,84.9651,19,우동,1536,26350,,,
해운대중동롯데캐슬마스터2,2007,47800,2019,11,4,84.9746,9,중동,181-1,26350,,,
현대3,1995,10300,2019,11,4,59.97,14,반여동,1291-1460,26350,,,
현대카멜리아,2001,77000,2019,11,4,147.69,17,우동,1433,26350,,,
LH뜨란채아파트,1997,23500,2019,11,5,59.98,10,좌동,1278,26350,,,
경남마리나,1996,85500,2019,11,5,134.82,9,우동,1388-1,26350,,,
대림,1996,33500,2019,11,5,59.816,15,좌동,1396,26350,,,
대우,1996,35000,2019,11,5,101.94,1,좌동,1333,26350,,,
대우마리나3,1994,44750,2019,11,5,59.81,1,우동,977,26350,,,
대우월드마크센텀,2010,129500,2019,11,5,161.12,19,우동,1488,26350,,,
대우트럼프월드마린,2007,157000,2019,11,5,217.95,36,우동,1410,26350,,,
더샵센텀파크1차,2005,89000,2019,11,5,151.9156,36,재송동,1200,26350,,,
더샵센텀파크1차,2005,79100,2019,11,5,125.4155,43,재송동,1200,26350,,,
롯데,1993,40000,2019,11,5,84.84,14,우동,938,26350,,,
롯데3차,1997,28300,2019,11,5,59.6,19,좌동,1300,26350,,,
롯데3차,1997,28600,2019,11,5,59.6,16,좌동,1300,26350,,,
반도보라빌,2006,43000,2019,11,5,84.9073,8,우동,945,26350,,,
삼강,1983,16000,2019,11,5,32.37,7,중동,1402-5,26350,,,
삼익그린맨션,1985,19500,2019,11,5,61.83,14,반여동,1405-31,26350,,,
상록,1998,23000,2019,11,5,59.85,13,좌동,1331,26350,,,
센텀롯데캐슬2차,2005,40000,2019,11,5,142.6556,20,반여동,1660,26350,,,
센텀삼환Nauville,1996,41500,2019,11,5,84.84,19,우동,1100,26350,,,
센텀삼환Nauville,1996,29700,2019,11,5,59.86,8,우동,1100,26350,,,
센텀피오레1차,2005,30500,2019,11,5,74.2233,18,재송동,1302,26350,,,
센텀협성르네상스타운,2013,39000,2019,11,5,73.4795,25,재송동,1324,26350,,,
엘지,1996,39000,2019,11,5,84.973,13,좌동,1398,26350,,,
엘지,1996,38400,2019,11,5,84.973,18,좌동,1398,26350,,,
엘지,1996,23200,2019,11,5,59.94,13,좌동,1398,26350,,,
일동미라주,2001,16800,2019,11,5,56.9704,4,반여동,1192-3,26350,,,
태석101동,2001,62800,2019,11,5,90.95,2,우동,182-1,26350,,,
해운대두산위브더제니스,2011,119000,2019,11,5,127.6584,54,우동,1407,26350,,,
해운대래미안,2014,57000,2019,11,5,84.987,26,중동,1793,26350,,,
해운대자이1단지,2013,49000,2019,11,5,59.526,2,우동,1527,26350,,,
해운대케이씨씨스위첸,2011,83000,2019,11,5,128.407,13,좌동,1492,26350,,,
해운대케이씨씨스위첸,2011,69000,2019,11,5,84.996,7,좌동,1492,26350,,,
해운대한솔솔파크,2006,37000,2019,11,5,84.8627,27,우동,887-1,26350,,,
해운대힐스테이트위브,2015,48500,2019,11,5,80.949,6,중동,1818,26350,,,
현대그린맨션,1986,20500,2019,11,5,64.985,8,반여동,1411-10,26350,,,
현대그린맨션,1986,22000,2019,11,5,73.805,6,반여동,1411-10,26350,,,
건영1,1998,39500,2019,11,6,84.93,5,좌동,1414,26350,,,
건영2,1997,24800,2019,11,6,59.526,14,좌동,1298,26350,,,
경남마리나,1996,64900,2019,11,6,84.93,4,우동,1388-1,26350,,,
경남선경,1996,34300,2019,11,6,84.93,13,좌동,1448,26350,,,
달맞이유림노르웨이숲,2017,57800,2019,11,6,84.8302,18,중동,1821,26350,,,
대림,1996,37200,2019,11,6,84.974,22,좌동,1396,26350,,,
대림3,1997,35500,2019,11,6,84.974,20,좌동,1374,26350,,,
대우2,1998,25650,2019,11,6,59.946,13,좌동,1438,26350,,,
대우마리나3,1994,84000,2019,11,6,131.27,4,우동,977,26350,,,
대우월드마크센텀,2010,92500,2019,11,6,117.42,6,우동,1488,26350,,,
더샵센텀파크1차,2005,84700,2019,11,6,125.4155,15,재송동,1200,26350,,,
더샵센텀파크1차,2005,62000,2019,11,6,84.6389,31,재송동,1200,26350,,,
더샵센텀파크1차,2005,81000,2019,11,6,125.4155,40,재송동,1200,26350,,,
더샵센텀파크2차,2005,60000,2019,11,6,100.945,15,재송동,1197,26350,,,
두산1차아파트,1996,34000,2019,11,6,84.9,18,좌동,1394,26350,,,
롯데캐슬마린,2004,49000,2019,11,6,84.9702,21,중동,1360,26350,,,
벽산1,1996,48000,2019,11,6,84.99,12,좌동,1321,26350,,,
삼한그린타운1,1995,17300,2019,11,6,84.87,15,반송동,888,26350,,,
삼호가든맨션,1985,55000,2019,11,6,84.99,2,우동,1104-1,26350,,,
상록,1998,22200,2019,11,6,59.85,5,좌동,1331,26350,,,
센텀경동리인,2018,50000,2019,11,6,84.558,19,우동,1543,26350,,,
센텀대림,1996,31500,2019,11,6,126.93,9,반여동,1199-11,26350,,,
센텀두산위브,2014,39000,2019,11,6,53.107,17,우동,1105,26350,,,
센텀두산위브,2014,59300,2019,11,6,84.972,26,우동,1105,26350,,,
센텀롯데캐슬2차,2005,26800,2019,11,6,84.97,17,반여동,1660,26350,,,
센텀센시빌,2003,37000,2019,11,6,84.9402,10,우동,1228,26350,,,
센텀우신골든빌,2006,17000,2019,11,6,59.6054,6,재송동,1048-3,26350,,,
센텀우신골든빌,2006,23100,2019,11,6,76.0621,14,재송동,1048-3,26350,,,
센텀협성르네상스타운,2013,36800,2019,11,6,84.4011,8,재송동,1324,26350,,,
송정세양시에당,2004,21500,2019,11,6,59.9669,9,송정동,311-1,26350,,,
송정세양시에당,2004,20500,2019,11,6,54.6756,18,송정동,311-1,26350,,,
엘지,1996,19400,2019,11,6,49.83,19,좌동,1398,26350,,,
일동미라주,2001,16500,2019,11,6,56.9704,18,반여동,1192-3,26350,,,
해운대경남아너스빌,2012,67800,2019,11,6,111.4161,7,중동,1788,26350,,,
해운대동일,1998,25800,2019,11,6,59.91,19,중동,1763,26350,,,
해운대두산위브더제니스,2011,119000,2019,11,6,127.6584,61,우동,1407,26350,,,
해운대두산위브더제니스,2011,122500,2019,11,6,168.8988,66,우동,1407,26350,,,
해운대두산위브더제니스,2011,100000,2019,11,6,145.8083,63,우동,1407,26350,,,
해운대자이2단지,2013,57000,2019,11,6,84.8053,21,우동,1529,26350,,,
현대4,1989,41800,2019,11,6,84.69,5,반여동,1477-10,26350,,,
현대그린맨션,1986,24500,2019,11,6,76.35,1,반여동,1411-10,26350,,,
경남마리나,1996,69150,2019,11,7,84.93,7,우동,1388-1,26350,,,
경남마리나,1996,65000,2019,11,7,84.93,6,우동,1388-1,26350,,,
경남마리나,1996,73000,2019,11,7,84.93,7,우동,1388-1,26350,,,
경동,1995,30500,2019,11,7,58.695,2,우동,974,26350,,,
달맞이경동메르빌,2002,75000,2019,11,7,163.079,12,중동,1515-2,26350,,,
대림,1996,36500,2019,11,7,84.974,13,좌동,1396,26350,,,
대림,1996,50000,2019,11,7,118.683,13,좌동,1396,26350,,,
대림,1996,27000,2019,11,7,59.816,8,좌동,1396,26350,,,
대림2,1997,37300,2019,11,7,84.974,20,좌동,1286,26350,,,
대우,1996,26500,2019,11,7,59.946,16,좌동,1333,26350,,,
대우2,1998,24000,2019,11,7,59.946,20,좌동,1438,26350,,,
대우2,1998,28000,2019,11,7,59.946,26,좌동,1438,26350,,,
대우마리나3,1994,71000,2019,11,7,101.72,2,우동,977,26350,,,
대우마리나3,1994,51000,2019,11,7,59.81,8,우동,977,26350,,,
대우월드마크센텀,2010,110000,2019,11,7,134.69,23,우동,1488,26350,,,
대우트럼프월드센텀,2006,81400,2019,11,7,84.97,5,우동,1498,26350,,,
더샵센텀스타,2008,93000,2019,11,7,164.32,24,재송동,1196,26350,,,
더샵센텀파크1차,2005,85000,2019,11,7,125.4155,37,재송동,1200,26350,,,
더샵센텀파크1차,2005,82000,2019,11,7,126.9004,16,재송동,1200,26350,,,
더샵센텀파크1차,2005,69000,2019,11,7,100.945,26,재송동,1200,26350,,,
더샵센텀파크2차,2005,67000,2019,11,7,100.945,32,재송동,1197,26350,,,
더샵센텀파크2차,2005,63000,2019,11,7,100.945,37,재송동,1197,26350,,,
더샵센텀파크2차,2005,65000,2019,11,7,100.945,38,재송동,1197,26350,,,
동부,1996,45000,2019,11,7,99.78,7,좌동,1412,26350,,,
동부,1996,37800,2019,11,7,83.6,18,좌동,1412,26350,,,
동부올림픽타운,1999,53000,2019,11,7,84.96,14,우동,1008-5,26350,,,
두산2,1996,51000,2019,11,7,134.97,14,좌동,1319,26350,,,
두산위브포세이돈,2007,67000,2019,11,7,125.53,40,우동,1410-1,26350,,,
롯데,1993,34000,2019,11,7,84.84,2,우동,938,26350,,,
롯데,1993,34500,2019,11,7,84.84,1,우동,938,26350,,,
롯데4,1999,25000,2019,11,7,59.76,7,좌동,1419,26350,,,
롯데캐슬마스터,2005,46500,2019,11,7,84.986,15,좌동,970,26350,,,
메가센텀한화꿈에그린,2008,36600,2019,11,7,84.9793,17,반여동,1662,26350,,,
반도보라빌,2006,45700,2019,11,7,84.9073,3,우동,945,26350,,,
벽산1,1996,54000,2019,11,7,134.95,14,좌동,1321,26350,,,
벽산삼협,1997,15000,2019,11,7,59.916,16,반송동,892,26350,,,
센텀SD,1993,16750,2019,11,7,82.094,17,반여동,692-6,26350,,,
센텀대림,1996,18500,2019,11,7,59.99,21,반여동,1199-11,26350,,,
센텀두산위브,2014,53000,2019,11,7,84.999,10,우동,1105,26350,,,
센텀롯데캐슬2차,2005,28000,2019,11,7,84.97,24,반여동,1660,26350,,,
센텀삼익아파트,1981,14900,2019,11,7,70.58,5,재송동,1023,26350,,,
센텀이편한세상,2006,37200,2019,11,7,84.842,4,재송동,939-2,26350,,,
시영79년,1980,12500,2019,11,7,40.13,2,재송동,1030,26350,,,
시영79년,1980,12000,2019,11,7,40.13,3,재송동,1030,26350,,,
시영79년,1980,13000,2019,11,7,40.13,3,재송동,1030,26350,,,
아시아선수촌아파트,2002,30800,2019,11,7,75.57,25,반여동,1638,26350,,,
왕자,1979,37000,2019,11,7,79.01,5,반여동,1477-1,26350,,,
해운대 I PARK,2011,60000,2019,11,7,90.993,36,우동,1408,26350,,,
해운대 I PARK,2011,100000,2019,11,7,138.723,53,우동,1408,26350,,,
해운대 I PARK,2011,127000,2019,11,7,127.664,43,우동,1408,26350,,,
해운대두산위브더제니스,2011,127000,2019,11,7,168.8988,51,우동,1407,26350,,,
해운대양우내안애팰리스,2013,33000,2019,11,7,78.8068,14,중동,1792,26350,,,
해운대자이2단지,2013,53000,2019,11,7,84.8455,8,우동,1529,26350,,,
해운대자이2차1단지,2018,52800,2019,11,7,59.8144,17,우동,1536,26350,,,
해운대힐스테이트위브,2015,55200,2019,11,7,80.949,16,중동,1818,26350,,,
현대,1996,42300,2019,11,7,102.08,13,좌동,1337,26350,,,
협성그린파크,1992,21500,2019,11,7,84.87,10,우동,347-2,26350,,,
LH뜨란채아파트,1997,22000,2019,11,8,59.98,16,좌동,1278,26350,,,
SKVIEW,1998,17800,2019,11,8,49.98,8,좌동,1450,26350,,,
건영2,1997,39000,2019,11,8,84.84,22,좌동,1298,26350,,,
경남마리나,1996,110000,2019,11,8,164.63,13,우동,1388-1,26350,,,
경동,1995,33000,2019,11,8,58.695,18,우동,974,26350,,,
경동,1995,35000,2019,11,8,59.535,5,우동,974,26350,,,
경동,1995,41000,2019,11,8,84.77,11,우동,974,26350,,,
경동지-플러스,2002,27800,2019,11,8,59.554,8,좌동,1317,26350,,,
경동지-플러스,2002,29300,2019,11,8,59.5925,13,좌동,1317,26350,,,
경동지-플러스,2002,28900,2019,11,8,59.5925,14,좌동,1317,26350,,,
그린파크,1988,9200,2019,11,8,44.99,3,반여동,1600-1,26350,,,
대동타운,1996,40900,2019,11,8,115.64,3,좌동,1288,26350,,,
대동타운,1996,38000,2019,11,8,84.88,19,좌동,1288,26350,,,
대우2,1998,46800,2019,11,8,155.31,26,좌동,1438,26350,,,
대우2,1998,35000,2019,11,8,84.962,11,좌동,1438,26350,,,
대우2,1998,25700,2019,11,8,59.946,8,좌동,1438,26350,,,
대우마리나1,1991,85000,2019,11,8,84.2249,7,우동,1388-4,26350,,,
대우마리나1,1991,80000,2019,11,8,84.2249,6,우동,1388-4,26350,,,
대우마리나1,1991,110000,2019,11,8,163.348,11,우동,1388-4,26350,,,
대우마리나1,1991,80500,2019,11,8,84.2249,10,우동,1388-4,26350,,,
대우마리나3,1994,43000,2019,11,8,59.81,2,우동,977,26350,,,
대우월드마크센텀,2010,117000,2019,11,8,146.8,6,우동,1488,26350,,,
더샵센텀파크1차,2005,87000,2019,11,8,125.4155,23,재송동,1200,26350,,,
더샵센텀파크1차,2005,64500,2019,11,8,84.6389,8,재송동,1200,26350,,,
더샵센텀파크2차,2005,70000,2019,11,8,100.945,12,재송동,1197,26350,,,
더샵센텀파크2차,2005,55000,2019,11,8,84.6528,18,재송동,1197,26350,,,
더샵센텀파크2차,2005,69000,2019,11,8,127.489,11,재송동,1197,26350,,,
더샵센텀파크2차,2005,57000,2019,11,8,84.6389,18,재송동,1197,26350,,,
동부,1996,26500,2019,11,8,58.44,15,좌동,1412,26350,,,
동부올림픽타운,1999,45000,2019,11,8,59.8,15,우동,1008-5,26350,,,
동신,1996,21500,2019,11,8,55.68,12,좌동,1302,26350,,,
두산1차아파트,1996,23800,2019,11,8,59.94,10,좌동,1394,26350,,,
두산2,1996,28000,2019,11,8,59.94,4,좌동,1319,26350,,,
롯데,1993,39000,2019,11,8,84.84,15,우동,938,26350,,,
롯데,1993,73500,2019,11,8,202.68,11,우동,938,26350,,,
롯데3차,1997,23350,2019,11,8,59.6,2,좌동,1300,26350,,,
롯데4,1999,26000,2019,11,8,59.6,22,좌동,1419,26350,,,
롯데캐슬마린,2004,47500,2019,11,8,84.9702,23,중동,1360,26350,,,
롯데캐슬마스터,2005,46000,2019,11,8,84.956,14,좌동,970,26350,,,
반도보라빌,2006,49800,2019,11,8,84.9073,5,우동,945,26350,,,
벽산1,1996,30500,2019,11,8,59.73,12,좌동,1321,26350,,,
벽산1,1996,27900,2019,11,8,59.73,3,좌동,1321,26350,,,
삼한2,1997,12500,2019,11,8,59.98,17,반송동,872,26350,,,
삼한그린타운1,1995,17100,2019,11,8,84.87,8,반송동,888,26350,,,
삼한그린타운1,1995,18200,2019,11,8,84.87,20,반송동,888,26350,,,
삼호가든맨션,1985,58400,2019,11,8,84.99,10,우동,1104-1,26350,,,
상록,1998,24500,2019,11,8,59.85,11,좌동,1331,26350,,,
상록,1998,25000,2019,11,8,59.85,16,좌동,1331,26350,,,
센텀SKVIEW아파트,2001,29800,2019,11,8,103.05,20,반여동,1174-1,26350,,,
센텀대림,1996,17750,2019,11,8,59.99,7,반여동,1199-11,26350,,,
센텀대림,1996,26200,2019,11,8,84.98,7,반여동,1199-11,26350,,,
센텀대림,1996,17900,2019,11,8,59.99,18,반여동,1199-11,26350,,,
센텀대림,1996,18000,2019,11,8,59.99,15,반여동,1199-11,26350,,,
센텀대림,1996,23700,2019,11,8,84.98,9,반여동,1199-11,26350,,,
센텀두산위브,2014,55800,2019,11,8,84.999,2,우동,1105,26350,,,
센텀두산위브,2014,55000,2019,11,8,84.999,25,우동,1105,26350,,,
센텀두산위브,2014,73500,2019,11,8,124.674,5,우동,1105,26350,,,
센텀롯데캐슬아파트,2004,25000,2019,11,8,59.9675,5,반여동,1619,26350,,,
센텀롯데캐슬아파트,2004,31000,2019,11,8,84.97,7,반여동,1619,26350,,,
센텀롯데캐슬아파트,2004,43200,2019,11,8,127.3684,12,반여동,1619,26350,,,
센텀롯데캐슬아파트,2004,33500,2019,11,8,84.97,11,반여동,1619,26350,,,
센텀리슈빌2단지,2019,37500,2019,11,8,59.8934,10,재송동,1355,26350,,,
센텀삼환Nauville,1996,30000,2019,11,8,59.86,6,우동,1100,26350,,,
센텀삼환Nauville,1996,33000,2019,11,8,59.86,7,우동,1100,26350,,,
센텀삼환Nauville,1996,32000,2019,11,8,59.86,12,우동,1100,26350,,,
센텀센시빌,2003,40000,2019,11,8,84.9402,8,우동,1228,26350,,,
센텀센시빌,2003,39000,2019,11,8,84.9402,8,우동,1228,26350,,,
센텀센시빌,2003,37000,2019,11,8,84.9402,9,우동,1228,26350,,,
센텀센시빌,2003,37800,2019,11,8,84.9402,13,우동,1228,26350,,,
센텀센시빌,2003,35000,2019,11,8,84.9402,13,우동,1228,26350,,,
센텀이편한세상,2006,41000,2019,11,8,84.842,22,재송동,939-2,26350,,,
센텀자유,1998,13000,2019,11,8,59.99,8,반여동,1063-4,26350,,,
센텀피오레1차,2005,31400,2019,11,8,84.9446,21,재송동,1302,26350,,,
센텀피오레1차,2005,32000,2019,11,8,84.9446,2,재송동,1302,26350,,,
센텀피오레1차,2005,33000,2019,11,8,84.9446,20,재송동,1302,26350,,,
센텀협성르네상스타운,2013,38700,2019,11,8,73.4795,17,재송동,1324,26350,,,
시영79년,1980,11800,2019,11,8,40.13,5,재송동,1030,26350,,,
시영79년,1980,13000,2019,11,8,40.13,2,재송동,1030,26350,,,
신성,1996,23000,2019,11,8,57.9,11,좌동,1271,26350,,,
신성,1996,48500,2019,11,8,134.04,12,좌동,1271,26350,,,
아시아선수촌아파트,2002,34100,2019,11,8,84.8,14,반여동,1638,26350,,,
아시아선수촌아파트,2002,35750,2019,11,8,84.8,18,반여동,1638,26350,,,
엘지,1996,22800,2019,11,8,59.94,19,좌동,1398,26350,,,
엘지,1996,41500,2019,11,8,84.973,19,좌동,1398,26350,,,
영남,1996,38800,2019,11,8,134.99,2,좌동,1328,26350,,,
조희라메르,2017,29500,2019,11,8,67.96,6,송정동,203-4,26350,,,
창신맨션,1986,15500,2019,11,8,52.2,2,반여동,668-1,26350,,,
코오롱,1997,38000,2019,11,8,84.95,16,좌동,1348,26350,,,
코오롱,1997,38300,2019,11,8,84.95,16,좌동,1348,26350,,,
해운대 I PARK,2011,81500,2019,11,8,126.607,4,우동,1408,26350,,,
해운대 I PARK,2011,67000,2019,11,8,108.108,35,우동,1408,26350,,,
해운대SKVIEW,2011,40000,2019,11,8,84.9763,1,중동,1787,26350,,,
해운대SKVIEW,2011,51700,2019,11,8,84.9763,24,중동,1787,26350,,,
해운대두산위브더제니스,2011,83500,2019,11,8,127.6584,29,우동,1407,26350,,,
해운대두산위브더제니스,2011,72900,2019,11,8,111.07,9,우동,1407,26350,,,
해운대두산위브더제니스,2011,85000,2019,11,8,127.6584,34,우동,1407,26350,,,
해운대래미안,2014,67600,2019,11,8,101.5938,8,중동,1793,26350,,,
해운대메트로하이츠,2005,82000,2019,11,8,193.4888,3,중동,149-1,26350,,,
해운대신시가지경동메르빌,2005,34800,2019,11,8,71.8557,11,중동,718-6,26350,,,
해운대엑소디움,2009,88000,2019,11,8,139.328,24,우동,1398,26350,,,
해운대자이1단지,2013,67200,2019,11,8,84.5368,9,우동,1527,26350,,,
해운대중동금호어울림,2006,45500,2019,11,8,84.9963,19,중동,899,26350,,,
해운대케이씨씨스위첸,2011,69000,2019,11,8,84.996,11,좌동,1492,26350,,,
해운대힐스테이트위브,2015,82000,2019,11,8,153.5704,13,중동,1818,26350,,,
현대,1996,28000,2019,11,8,59.445,5,좌동,1337,26350,,,
현대4,1989,37600,2019,11,8,84.69,1,반여동,1477-10,26350,,,
현대그린맨션,1986,31500,2019,11,8,101.53,6,반여동,1411-10,26350,,,
현대그린맨션,1986,20550,2019,11,8,64.985,12,반여동,1411-10,26350,,,
현대그린맨션,1986,20300,2019,11,8,64.985,5,반여동,1411-10,26350,,,
현대아쿠아팰리스해운대,2010,46000,2019,11,8,115.54,17,중동,1167-3,26350,,,
화목,1996,46000,2019,11,8,134.19,13,좌동,1310,26350,,,
화목,1996,28000,2019,11,8,56.345,9,좌동,1310,26350,,,
화목,1996,28300,2019,11,8,56.345,10,좌동,1310,26350,,,
화목,1996,26400,2019,11,8,56.345,2,좌동,1310,26350,,,
SKVIEW,1998,20900,2019,11,9,59.91,8,좌동,1450,26350,,,
SKVIEW,1998,20000,2019,11,9,59.91,6,좌동,1450,26350,,,
건영2,1997,34300,2019,11,9,84.64,19,좌동,1298,26350,,,
건영2,1997,41000,2019,11,9,84.84,7,좌동,1298,26350,,,
건영2,1997,42000,2019,11,9,84.84,17,좌동,1298,26350,,,
건영2,1997,35000,2019,11,9,84.64,20,좌동,1298,26350,,,
건영2,1997,41000,2019,11,9,84.84,6,좌동,1298,26350,,,
경남,1997,33500,2019,11,9,84.034,3,좌동,1375,26350,,,
경남,1997,48500,2019,11,9,134.47,14,좌동,1375,26350,,,
경남마리나,1996,70000,2019,11,9,84.93,9,우동,1388-1,26350,,,
경남마리나,1996,78500,2019,11,9,84.93,8,우동,1388-1,26350,,,
경남마리나,1996,69000,2019,11,9,84.93,14,우동,1388-1,26350,,,
경남선경,1996,22900,2019,11,9,59.85,3,좌동,1448,26350,,,
경남선경,1996,22300,2019,11,9,59.85,16,좌동,1448,26350,,,
경동,1995,33000,2019,11,9,58.695,3,우동,974,26350,,,
경동,1995,38000,2019,11,9,84.255,9,우동,974,26350,,,
경동,1995,31500,2019,11,9,58.695,18,우동,974,26350,,,
달맞이경동메르빌,2002,59800,2019,11,9,163.079,2,중동,1515-2,26350,,,
달맞이우성빌라트,1995,21000,2019,11,9,53.58,3,중동,1479,26350,,,
대림,1996,29900,2019,11,9,59.816,11,좌동,1396,26350,,,
대림,1996,38750,2019,11,9,84.974,11,좌동,1396,26350,,,
대림2,1997,37000,2019,11,9,84.974,20,좌동,1286,26350,,,
대림2,1997,22800,2019,11,9,59.816,1,좌동,1286,26350,,,
대림2,1997,26500,2019,11,9,59.816,11,좌동,1286,26350,,,
대림3,1997,59500,2019,11,9,164.841,18,좌동,1374,26350,,,
대우,1996,45500,2019,11,9,134.64,20,좌동,1333,26350,,,
대우2,1998,38000,2019,11,9,84.962,14,좌동,1438,26350,,,
대우마리나1,1991,97000,2019,11,9,134.6549,2,우동,1388-4,26350,,,
대우마리나1,1991,53500,2019,11,9,70.4549,1,우동,1388-4,26350,,,
대우마리나1,1991,98000,2019,11,9,134.6549,15,우동,1388-4,26350,,,
대우마리나3,1994,52000,2019,11,9,59.81,14,우동,977,26350,,,
대우월드마크센텀,2010,93000,2019,11,9,116.69,32,우동,1488,26350,,,
대우트럼프월드마린,2007,97000,2019,11,9,158.74,35,우동,1410,26350,,,
대창,1996,40500,2019,11,9,101.94,8,좌동,1273,26350,,,
더샵센텀누리,2014,49000,2019,11,9,101.251,11,재송동,1223,26350,,,
더샵센텀스타,2008,50000,2019,11,9,109.14,5,재송동,1196,26350,,,
더샵센텀파크1차,2005,80500,2019,11,9,100.945,38,재송동,1200,26350,,,
더샵센텀파크1차,2005,91500,2019,11,9,126.9004,32,재송동,1200,26350,,,
더샵센텀파크1차,2005,60000,2019,11,9,84.6389,24,재송동,1200,26350,,,
더샵센텀파크1차,2005,85000,2019,11,9,126.9004,19,재송동,1200,26350,,,
더샵센텀파크1차,2005,64000,2019,11,9,84.6389,31,재송동,1200,26350,,,
더샵센텀파크1차,2005,79500,2019,11,9,126.9004,15,재송동,1200,26350,,,
더샵센텀파크1차,2005,75000,2019,11,9,100.945,49,재송동,1200,26350,,,
더샵센텀파크1차,2005,78000,2019,11,9,126.9004,6,재송동,1200,26350,,,
더샵센텀파크1차,2005,55000,2019,11,9,84.6528,8,재송동,1200,26350,,,
더샵센텀파크1차,2005,63000,2019,11,9,84.6389,41,재송동,1200,26350,,,
더샵센텀파크2차,2005,73000,2019,11,9,127.489,37,재송동,1197,26350,,,
더샵센텀파크2차,2005,62000,2019,11,9,100.945,17,재송동,1197,26350,,,
더샵센텀파크2차,2005,57500,2019,11,9,100.945,9,재송동,1197,26350,,,
동부,1996,25300,2019,11,9,58.44,20,좌동,1412,26350,,,
동부,1996,38750,2019,11,9,83.6,16,좌동,1412,26350,,,
동부올림픽타운,1999,57700,2019,11,9,114.92,17,우동,1008-5,26350,,,
동부올림픽타운,1999,45000,2019,11,9,84.96,2,우동,1008-5,26350,,,
동부올림픽타운,1999,59900,2019,11,9,114.92,2,우동,1008-5,26350,,,
동부올림픽타운,1999,60000,2019,11,9,114.92,6,우동,1008-5,26350,,,
동부올림픽타운,1999,65500,2019,11,9,114.92,15,우동,1008-5,26350,,,
동부올림픽타운,1999,44000,2019,11,9,84.96,1,우동,1008-5,26350,,,
동부올림픽타운,1999,48000,2019,11,9,84.96,11,우동,1008-5,26350,,,
동부올림픽타운,1999,40000,2019,11,9,59.8,2,우동,1008-5,26350,,,
동신,1996,34000,2019,11,9,84.93,11,좌동,1302,26350,,,
두산1차아파트,1996,22500,2019,11,9,59.94,16,좌동,1394,26350,,,
두산2,1996,51000,2019,11,9,134.97,3,좌동,1319,26350,,,
두산2,1996,49800,2019,11,9,134.97,17,좌동,1319,26350,,,
두산2,1996,29000,2019,11,9,59.94,4,좌동,1319,26350,,,
두산2,1996,44000,2019,11,9,84.9,17,좌동,1319,26350,,,
두산2,1996,32500,2019,11,9,59.94,14,좌동,1319,26350,,,
롯데,1993,50000,2019,11,9,159.15,2,우동,938,26350,,,
롯데3차,1997,30500,2019,11,9,59.6,16,좌동,1300,26350,,,
롯데4,1999,38000,2019,11,9,84.935,6,좌동,1419,26350,,,
롯데4,1999,26100,2019,11,9,59.6,10,좌동,1419,26350,,,
롯데캐슬마린,2004,55000,2019,11,9,101.927,7,중동,1360,26350,,,
롯데캐슬마린,2004,50000,2019,11,9,84.9702,25,중동,1360,26350,,,
롯데캐슬마린,2004,50000,2019,11,9,84.9702,21,중동,1360,26350,,,
롯데캐슬마스터,2005,45700,2019,11,9,84.956,5,좌동,970,26350,,,
롯데캐슬마스터,2005,50000,2019,11,9,84.956,12,좌동,970,26350,,,
롯데캐슬마스터,2005,49000,2019,11,9,84.956,22,좌동,970,26350,,,
벽산1,1996,33000,2019,11,9,59.73,5,좌동,1321,26350,,,
삼성,1997,51000,2019,11,9,134.97,20,좌동,1413,26350,,,
삼성,1997,28000,2019,11,9,59.944,16,좌동,1413,26350,,,
삼익그린맨션,1985,30000,2019,11,9,111.12,14,반여동,1405-31,26350,,,
삼호가든맨션,1985,58200,2019,11,9,84.99,3,우동,1104-1,26350,,,
삼호가든맨션,1985,80000,2019,11,9,128.27,12,우동,1104-1,26350,,,
삼호가든맨션,1985,79000,2019,11,9,128.605,2,우동,1104-1,26350,,,
삼호가든맨션,1985,59700,2019,11,9,84.99,10,우동,1104-1,26350,,,
삼호가든맨션,1985,52500,2019,11,9,75.15,13,우동,1104-1,26350,,,
센텀동부센트레빌,2006,39000,2019,11,9,84.9926,18,재송동,380-1,26350,,,
센텀동부센트레빌,2006,39000,2019,11,9,84.9926,12,재송동,380-1,26350,,,
센텀동부센트레빌,2006,32000,2019,11,9,84.9749,1,재송동,380-1,26350,,,
센텀두산위브,2014,56000,2019,11,9,84.999,25,우동,1105,26350,,,
센텀두산위브,2014,57500,2019,11,9,84.972,25,우동,1105,26350,,,
센텀롯데캐슬2차,2005,28000,2019,11,9,84.97,4,반여동,1660,26350,,,
센텀삼익아파트,1981,12000,2019,11,9,49.96,4,재송동,1023,26350,,,
센텀삼환Nauville,1996,56500,2019,11,9,123.78,17,우동,1100,26350,,,
센텀삼환Nauville,1996,33700,2019,11,9,59.86,3,우동,1100,26350,,,
센텀삼환Nauville,1996,44800,2019,11,9,84.84,5,우동,1100,26350,,,
센텀센시빌,2003,38000,2019,11,9,84.9402,8,우동,1228,26350,,,
센텀센시빌,2003,37500,2019,11,9,84.9402,14,우동,1228,26350,,,
센텀센시빌,2003,36500,2019,11,9,84.9402,9,우동,1228,26350,,,
센텀우신골든빌,2006,25500,2019,11,9,84.8404,17,재송동,1048-3,26350,,,
센텀이편한세상,2006,37100,2019,11,9,73.405,13,재송동,939-2,26350,,,
센텀이편한세상,2006,43000,2019,11,9,84.98,13,재송동,939-2,26350,,,
센텀피오레1차,2005,29800,2019,11,9,84.9446,4,재송동,1302,26350,,,
에덴동산타운,1993,15200,2019,11,9,83.58,5,반여동,1291-1414,26350,,,
영남,1996,34900,2019,11,9,84.9,3,좌동,1328,26350,,,
영남,1996,43000,2019,11,9,134.99,7,좌동,1328,26350,,,
우신골든메르시아,2010,64500,2019,11,9,148.51,25,우동,1410-2,26350,,,
일동미라주,2001,15800,2019,11,9,56.9704,25,반여동,1192-3,26350,,,
창신맨션,1986,15500,2019,11,9,52.2,4,반여동,668-1,26350,,,
창신맨션,1986,12200,2019,11,9,41.4,4,반여동,668-1,26350,,,
코오롱,1997,27900,2019,11,9,59.985,20,좌동,1348,26350,,,
해운대 I PARK,2011,150000,2019,11,9,173.621,64,우동,1408,26350,,,
해운대 I PARK,2011,65000,2019,11,9,119.851,41,우동,1408,26350,,,
해운대 I PARK,2011,70000,2019,11,9,119.851,29,우동,1408,26350,,,
해운대 센트럴파크,1998,19500,2019,11,9,49.73,9,좌동,1282,26350,,,
해운대 센트럴파크,1998,23700,2019,11,9,59.99,16,좌동,1282,26350,,,
해운대 센트럴파크,1998,19500,2019,11,9,59.9,2,좌동,1282,26350,,,
해운대경남아너스빌,2012,55000,2019,11,9,84.9829,15,중동,1788,26350,,,
해운대두산위브더제니스,2011,84500,2019,11,9,118.3775,7,우동,1407,26350,,,
해운대래미안,2014,59900,2019,11,9,84.984,29,중동,1793,26350,,,
해운대래미안,2014,58800,2019,11,9,84.987,17,중동,1793,26350,,,
해운대래미안,2014,54000,2019,11,9,84.984,2,중동,1793,26350,,,
해운대래미안,2014,59600,2019,11,9,84.984,28,중동,1793,26350,,,
해운대자이1단지,2013,63000,2019,11,9,84.5368,3,우동,1527,26350,,,
해운대자이1단지,2013,46500,2019,11,9,59.0621,2,우동,1527,26350,,,
해운대중동경동하나메르빌,2014,52000,2019,11,9,80.5341,6,중동,1796,26350,,,
해운대중동경동하나메르빌,2014,53700,2019,11,9,80.5341,21,중동,1796,26350,,,
해운대중동롯데캐슬마스터2,2007,48000,2019,11,9,84.9895,19,중동,181-1,26350,,,
해운대케이씨씨스위첸,2011,86000,2019,11,9,128.366,14,좌동,1492,26350,,,
해운대힐스테이트위브,2015,62000,2019,11,9,80.949,27,중동,1818,26350,,,
해운대힐스테이트위브,2015,77800,2019,11,9,129.8796,35,중동,1818,26350,,,
해운대힐스테이트위브,2015,72000,2019,11,9,80.949,17,중동,1818,26350,,,
해운대힐스테이트위브,2015,84000,2019,11,9,98.1948,19,중동,1818,26350,,,
현대,1996,35900,2019,11,9,84.41,9,좌동,1337,26350,,,
현대카멜리아,2001,81000,2019,11,9,147.69,25,우동,1433,26350,,,
현대카멜리아,2001,85000,2019,11,9,147.69,16,우동,1433,26350,,,
협진태양,1995,22700,2019,11,9,59.9,13,중동,1516-5,26350,,,
화목,1996,41000,2019,11,9,84.36,18,좌동,1310,26350,,,
화목,1996,32000,2019,11,9,56.345,17,좌동,1310,26350,,,
LH뜨란채아파트,1997,18000,2019,11,10,49.94,16,좌동,1278,26350,,,
건영2,1997,37500,2019,11,10,84.84,14,좌동,1298,26350,,,
경남마리나,1996,52800,2019,11,10,59.83,3,우동,1388-1,26350,,,
경남마리나,1996,52500,2019,11,10,59.83,11,우동,1388-1,26350,,,
경동,1995,38000,2019,11,10,59.535,9,우동,974,26350,,,
대우마리나3,1994,73000,2019,11,10,101.72,3,우동,977,26350,,,
더샵센텀누리,2014,43800,2019,11,10,84.982,19,재송동,1223,26350,,,
더샵센텀스타,2008,60000,2019,11,10,109.14,39,재송동,1196,26350,,,
더샵센텀파크1차,2005,64000,2019,11,10,84.6528,17,재송동,1200,26350,,,
더샵센텀파크1차,2005,63500,2019,11,10,84.6389,41,재송동,1200,26350,,,
더샵센텀파크1차,2005,85000,2019,11,10,126.9004,29,재송동,1200,26350,,,
더샵센텀파크1차,2005,69000,2019,11,10,84.6389,17,재송동,1200,26350,,,
두산1차아파트,1996,38400,2019,11,10,101.7,16,좌동,1394,26350,,,
두산2,1996,33000,2019,11,10,59.94,20,좌동,1319,26350,,,
롯데,1993,49500,2019,11,10,134.63,1,우동,938,26350,,,
롯데캐슬마린,2004,49000,2019,11,10,84.9702,6,중동,1360,26350,,,
삼진그린,1993,17000,2019,11,10,59.22,6,우동,1102-29,26350,,,
삼호가든맨션,1985,51000,2019,11,10,63,5,우동,1104-1,26350,,,
상록,1998,23000,2019,11,10,59.85,9,좌동,1331,26350,,,
센텀두산위브,2014,62000,2019,11,10,84.999,16,우동,1105,26350,,,
센텀롯데캐슬2차,2005,27800,2019,11,10,84.97,18,반여동,1660,26350,,,
센텀삼환Nauville,1996,35000,2019,11,10,59.86,13,우동,1100,26350,,,
센텀센시빌,2003,41000,2019,11,10,84.9402,21,우동,1228,26350,,,
센텀파미르,2009,26700,2019,11,10,84.0896,14,재송동,1029,26350,,,
센텀협성르네상스타운,2013,42000,2019,11,10,73.4795,15,재송동,1324,26350,,,
센텀협성르네상스타운,2013,36900,2019,11,10,84.4011,14,재송동,1324,26350,,,
중동맨션,1978,15000,2019,11,10,66.78,4,중동,1520-8,26350,,,
한라,1996,40000,2019,11,10,84.96,22,좌동,1323,26350,,,
해운대SKVIEW,2011,57000,2019,11,10,84.9763,20,중동,1787,26350,,,
해운대메트로하이츠,2005,69500,2019,11,10,169.292,5,중동,149-1,26350,,,
해운대자이2단지,2013,56000,2019,11,10,84.8455,25,우동,1529,26350,,,
해운대힐스테이트위브,2015,70000,2019,11,10,115.4958,46,중동,1818,26350,,,
해운대힐스테이트위브,2015,60000,2019,11,10,80.949,23,중동,1818,26350,,,
현대그린맨션,1986,25800,2019,11,10,84.87,10,반여동,1411-10,26350,,,
현대그린맨션,1986,20500,2019,11,10,64.985,13,반여동,1411-10,26350,,,
화목,1996,30000,2019,11,10,56.345,22,좌동,1310,26350,,,
건영1,1998,26500,2019,11,11,59.88,17,좌동,1414,26350,,,
건영2,1997,39700,2019,11,11,84.64,9,좌동,1298,26350,,,
건영2,1997,24750,2019,11,11,59.526,2,좌동,1298,26350,,,
건영2,1997,27000,2019,11,11,59.526,7,좌동,1298,26350,,,
경남마리나,1996,53000,2019,11,11,59.83,2,우동,1388-1,26350,,,
경남선경,1996,33800,2019,11,11,84.93,10,좌동,1448,26350,,,
경남선경,1996,22500,2019,11,11,59.85,13,좌동,1448,26350,,,
경남선경,1996,35500,2019,11,11,84.93,8,좌동,1448,26350,,,
경남선경,1996,31900,2019,11,11,84.93,2,좌동,1448,26350,,,
경동,1995,11800,2019,11,11,59.58,10,반송동,885,26350,,,
경동지-플러스,2002,29300,2019,11,11,59.5925,13,좌동,1317,26350,,,
경동지-플러스,2002,32000,2019,11,11,59.5925,15,좌동,1317,26350,,,
경원프라우드빌,2003,38800,2019,11,11,84.9756,2,좌동,1356-13,26350,,,
대동타운,1996,35000,2019,11,11,84.88,5,좌동,1288,26350,,,
대림3,1997,40300,2019,11,11,84.974,18,좌동,1374,26350,,,
대우,1996,27000,2019,11,11,59.946,2,좌동,1333,26350,,,
대우,1996,27300,2019,11,11,59.946,3,좌동,1333,26350,,,
대우마리나2,1992,78000,2019,11,11,84.2249,11,우동,1388-4,26350,,,
대우월드마크센텀,2010,125000,2019,11,11,134.69,22,우동,1488,26350,,,
대우월드마크센텀,2010,120000,2019,11,11,134.69,27,우동,1488,26350,,,
대우월드마크센텀,2010,212500,2019,11,11,243.71,36,우동,1488,26350,,,
대원,1998,50000,2019,11,11,164.94,8,좌동,1307,26350,,,
더샵센텀누리,2014,43500,2019,11,11,84.982,22,재송동,1223,26350,,,
더샵센텀스타,2008,53000,2019,11,11,98.51,11,재송동,1196,26350,,,
더샵센텀스타,2008,80000,2019,11,11,135.65,37,재송동,1196,26350,,,
더샵센텀파크1차,2005,70000,2019,11,11,84.6528,10,재송동,1200,26350,,,
더샵센텀파크1차,2005,79500,2019,11,11,100.945,46,재송동,1200,26350,,,
더샵센텀파크1차,2005,89000,2019,11,11,126.9004,30,재송동,1200,26350,,,
더샵센텀파크1차,2005,93000,2019,11,11,126.9004,20,재송동,1200,26350,,,
더샵센텀파크1차,2005,65000,2019,11,11,84.6389,5,재송동,1200,26350,,,
더샵센텀파크1차,2005,69000,2019,11,11,84.6528,27,재송동,1200,26350,,,
더샵센텀파크1차,2005,80000,2019,11,11,126.9004,4,재송동,1200,26350,,,
더샵센텀파크1차,2005,66800,2019,11,11,84.6389,15,재송동,1200,26350,,,
더샵센텀파크1차,2005,80000,2019,11,11,100.945,26,재송동,1200,26350,,,
더샵센텀파크1차,2005,88000,2019,11,11,126.9004,46,재송동,1200,26350,,,
더샵센텀파크1차,2005,69000,2019,11,11,84.6389,30,재송동,1200,26350,,,
더샵센텀파크2차,2005,57000,2019,11,11,84.6389,14,재송동,1197,26350,,,
더샵센텀파크2차,2005,69000,2019,11,11,100.945,25,재송동,1197,26350,,,
더샵센텀파크2차,2005,65000,2019,11,11,100.945,48,재송동,1197,26350,,,
더샵센텀파크2차,2005,57500,2019,11,11,84.6528,12,재송동,1197,26350,,,
동부올림픽타운,1999,49800,2019,11,11,84.96,18,우동,1008-5,26350,,,
동신,1996,33500,2019,11,11,84.93,24,좌동,1302,26350,,,
동신,1996,25900,2019,11,11,55.68,12,좌동,1302,26350,,,
두산1차아파트,1996,38500,2019,11,11,101.7,8,좌동,1394,26350,,,
두산1차아파트,1996,23500,2019,11,11,59.94,19,좌동,1394,26350,,,
두산1차아파트,1996,23500,2019,11,11,59.94,13,좌동,1394,26350,,,
두산2,1996,40000,2019,11,11,84.9,4,좌동,1319,26350,,,
롯데,1993,38500,2019,11,11,84.84,11,우동,938,26350,,,
롯데,1993,40000,2019,11,11,84.84,15,우동,938,26350,,,
롯데2,1998,25000,2019,11,11,59.6,13,좌동,1386,26350,,,
반도보라빌,2006,44900,2019,11,11,84.9073,6,우동,945,26350,,,
반도보라빌,2006,46000,2019,11,11,71.6967,20,우동,945,26350,,,
삼강,1983,7200,2019,11,11,16.8,1,중동,1402-5,26350,,,
삼주,1992,27300,2019,11,11,84.71,8,중동,784-1,26350,,,
삼한2,1997,12600,2019,11,11,59.92,10,반송동,872,26350,,,
삼호가든맨션,1985,95000,2019,11,11,163.945,12,우동,1104-1,26350,,,
삼호가든맨션,1985,79500,2019,11,11,128.605,4,우동,1104-1,26350,,,
삼호가든맨션,1985,57500,2019,11,11,84.99,12,우동,1104-1,26350,,,
상록,1998,23200,2019,11,11,59.85,5,좌동,1331,26350,,,
상록,1998,23000,2019,11,11,59.85,15,좌동,1331,26350,,,
성우맨션,1981,18500,2019,11,11,54.38,3,중동,797-3,26350,,,
센텀경동리인,2018,50000,2019,11,11,82.7831,1,우동,1543,26350,,,
센텀대림,1996,27300,2019,11,11,84.98,18,반여동,1199-11,26350,,,
센텀동부센트레빌,2006,37900,2019,11,11,84.9749,18,재송동,380-1,26350,,,
센텀동부센트레빌,2006,40000,2019,11,11,84.9926,13,재송동,380-1,26350,,,
센텀롯데캐슬아파트,2004,28500,2019,11,11,84.97,19,반여동,1619,26350,,,
센텀마리나,1993,29000,2019,11,11,84.14,17,우동,930-20,26350,,,
센텀마리나,1993,26000,2019,11,11,84.14,18,우동,930-20,26350,,,
센텀삼익아파트,1981,14700,2019,11,11,70.582,10,재송동,1023,26350,,,
센텀센시빌,2003,41850,2019,11,11,84.9794,22,우동,1228,26350,,,
센텀센시빌,2003,36000,2019,11,11,84.9402,6,우동,1228,26350,,,
센텀센시빌,2003,38800,2019,11,11,84.9402,14,우동,1228,26350,,,
센텀자유,1998,14300,2019,11,11,59.95,8,반여동,1063-4,26350,,,
센텀파미르,2009,23000,2019,11,11,59.7826,16,재송동,1029,26350,,,
센텀피오레1차,2005,35500,2019,11,11,84.9446,16,재송동,1302,26350,,,
센텀피오레1차,2005,34000,2019,11,11,84.9446,20,재송동,1302,26350,,,
센텀현대,1999,34800,2019,11,11,84.92,15,우동,1102-221,26350,,,
센텀현대,1999,34500,2019,11,11,84.92,2,우동,1102-221,26350,,,
센텀협성르네상스타운,2013,41000,2019,11,11,73.4795,3,재송동,1324,26350,,,
시영80년,1981,10500,2019,11,11,43.9,4,재송동,1026-1,26350,,,
시영80년,1981,11000,2019,11,11,43.9,3,재송동,1026-1,26350,,,
아시아선수촌아파트,2002,35200,2019,11,11,84.8,8,반여동,1638,26350,,,
엘지,1996,23500,2019,11,11,49.83,13,좌동,1398,26350,,,
유창맨션,1981,15000,2019,11,11,49.95,4,재송동,661-1,26350,,,
일동미라주,2001,16550,2019,11,11,56.9704,8,반여동,1192-3,26350,,,
청목마리안,2004,35000,2019,11,11,84.8348,12,중동,277,26350,,,
코오롱,1997,39600,2019,11,11,84.95,19,좌동,1348,26350,,,
코오롱,1997,49500,2019,11,11,134.94,4,좌동,1348,26350,,,
코오롱,1997,29200,2019,11,11,59.985,3,좌동,1348,26350,,,
한라,1996,27000,2019,11,11,60,18,좌동,1323,26350,,,
한일,1996,36500,2019,11,11,84.93,13,좌동,1274,26350,,,
해운대 I PARK,2011,71000,2019,11,11,89.496,48,우동,1408,26350,,,
해운대 I PARK,2011,72500,2019,11,11,89.496,18,우동,1408,26350,,,
해운대 센트럴파크,1998,19000,2019,11,11,49.73,25,좌동,1282,26350,,,
해운대SKVIEW,2011,50000,2019,11,11,84.9763,11,중동,1787,26350,,,
해운대경남아너스빌,2012,68000,2019,11,11,111.4161,6,중동,1788,26350,,,
해운대경남아너스빌,2012,69000,2019,11,11,111.4161,17,중동,1788,26350,,,
해운대동백두산위브더제니스,2019,61900,2019,11,11,84.64,23,우동,1544,26350,,,
해운대동일,1998,28500,2019,11,11,59.94,17,중동,1763,26350,,,
해운대동일,1998,25500,2019,11,11,59.91,9,중동,1763,26350,,,
해운대두산위브더제니스,2011,110000,2019,11,11,157.0176,45,우동,1407,26350,,,
해운대두산위브더제니스,2011,71000,2019,11,11,111.07,4,우동,1407,26350,,,
해운대래미안,2014,60000,2019,11,11,84.984,17,중동,1793,26350,,,
해운대신시가지경동메르빌,2005,48000,2019,11,11,115.1516,7,중동,718-6,26350,,,
해운대엑소디움,2009,81000,2019,11,11,173.319,10,우동,1398,26350,,,
해운대자이1단지,2013,58000,2019,11,11,59.0621,13,우동,1527,26350,,,
해운대자이1단지,2013,68000,2019,11,11,84.5368,11,우동,1527,26350,,,
해운대자이2차1단지,2018,78000,2019,11,11,84.988,18,우동,1536,26350,,,
해운대중동경동하나메르빌,2014,55000,2019,11,11,80.5341,24,중동,1796,26350,,,
해운대중동경동하나메르빌,2014,57000,2019,11,11,80.5341,14,중동,1796,26350,,,
해운대중동경동하나메르빌,2014,54000,2019,11,11,80.5341,18,중동,1796,26350,,,
해운대중동금호어울림,2006,44500,2019,11,11,84.9963,19,중동,899,26350,,,
해운대중동금호어울림,2006,48000,2019,11,11,84.9963,18,중동,899,26350,,,
해운대중동두산위브,2008,51000,2019,11,11,84.9668,11,중동,1234-1,26350,,,
해운대중동롯데캐슬마스터2,2007,50200,2019,11,11,84.9746,11,중동,181-1,26350,,,
해운대케이씨씨스위첸,2011,99000,2019,11,11,153.208,22,좌동,1492,26350,,,
해운대한신휴플러스,2014,59000,2019,11,11,84.8381,41,우동,777,26350,,,
해운대힐스테이트위브,2015,61000,2019,11,11,105.8829,27,중동,1818,26350,,,
해운대힐스테이트위브,2015,130000,2019,11,11,153.0123,29,중동,1818,26350,,,
해운대힐스테이트위브,2015,66000,2019,11,11,102.3162,31,중동,1818,26350,,,
현대,1996,26800,2019,11,11,59.445,19,좌동,1337,26350,,,
현대,1996,44000,2019,11,11,102.08,13,좌동,1337,26350,,,
현대(1051-2),1988,16500,2019,11,11,50.805,11,재송동,1051-2,26350,,,
현대(1051-2),1988,12000,2019,11,11,41.235,14,재송동,1051-2,26350,,,
현대그린맨션,1986,18000,2019,11,11,57.09,3,반여동,1411-10,26350,,,
현대그린맨션,1986,29000,2019,11,11,101.53,3,반여동,1411-10,26350,,,
현대그린맨션,1986,18600,2019,11,11,57.09,14,반여동,1411-10,26350,,,
화목,1996,52500,2019,11,11,134.19,17,좌동,1310,26350,,,
화목,1996,31000,2019,11,11,56.345,14,좌동,1310,26350,,,
건영1,1998,28000,2019,11,12,59.88,22,좌동,1414,26350,,,
건영1,1998,25700,2019,11,12,59.88,20,좌동,1414,26350,,,
건영2,1997,39000,2019,11,12,84.84,13,좌동,1298,26350,,,
경남마리나,1996,66000,2019,11,12,84.93,1,우동,1388-1,26350,,,
경남마리나,1996,108000,2019,11,12,164.63,8,우동,1388-1,26350,,,
남성선파크,1988,11500,2019,11,12,56.1,5,재송동,1151-2,26350,,,
대우2,1998,22500,2019,11,12,59.946,3,좌동,1438,26350,,,
대우동삼,1993,35200,2019,11,12,84.87,15,우동,1007-16,26350,,,
대우마리나3,1994,47000,2019,11,12,59.81,1,우동,977,26350,,,
대우월드마크센텀,2010,109500,2019,11,12,115.37,30,우동,1488,26350,,,
대우월드마크센텀,2010,131000,2019,11,12,161.12,8,우동,1488,26350,,,
대우트럼프월드센텀,2006,100000,2019,11,12,108.51,13,우동,1498,26350,,,
대원,1998,30000,2019,11,12,59.79,11,좌동,1307,26350,,,
대창,1996,43000,2019,11,12,101.94,5,좌동,1273,26350,,,
대창,1996,44300,2019,11,12,134.64,18,좌동,1273,26350,,,
더샵센텀스타,2008,83000,2019,11,12,135.65,37,재송동,1196,26350,,,
더샵센텀스타,2008,60000,2019,11,12,109.14,39,재송동,1196,26350,,,
더샵센텀파크1차,2005,95000,2019,11,12,151.9156,25,재송동,1200,26350,,,
더샵센텀파크1차,2005,100000,2019,11,12,126.9004,31,재송동,1200,26350,,,
더샵센텀파크1차,2005,89500,2019,11,12,126.9004,46,재송동,1200,26350,,,
더샵센텀파크1차,2005,145000,2019,11,12,175.1244,48,재송동,1200,26350,,,
더샵센텀파크1차,2005,59800,2019,11,12,84.6528,5,재송동,1200,26350,,,
더샵센텀파크2차,2005,77000,2019,11,12,127.489,50,재송동,1197,26350,,,
동부,1996,27400,2019,11,12,58.44,19,좌동,1412,26350,,,
동부올림픽타운,1999,59900,2019,11,12,114.92,5,우동,1008-5,26350,,,
두산1차아파트,1996,23000,2019,11,12,59.94,16,좌동,1394,26350,,,
두산2,1996,50000,2019,11,12,134.97,5,좌동,1319,26350,,,
두산2,1996,33800,2019,11,12,59.94,9,좌동,1319,26350,,,
롯데,1993,61750,2019,11,12,159.15,11,우동,938,26350,,,
롯데,1993,60000,2019,11,12,159.15,8,우동,938,26350,,,
롯데3차,1997,31500,2019,11,12,59.76,20,좌동,1300,26350,,,
롯데3차,1997,27800,2019,11,12,59.76,4,좌동,1300,26350,,,
롯데3차,1997,28000,2019,11,12,59.6,16,좌동,1300,26350,,,
롯데4,1999,24800,2019,11,12,59.6,15,좌동,1419,26350,,,
롯데4,1999,26900,2019,11,12,59.76,18,좌동,1419,26350,,,
롯데캐슬마린,2004,50000,2019,11,12,84.9702,4,중동,1360,26350,,,
메가센텀한화꿈에그린,2008,38000,2019,11,12,84.9793,2,반여동,1662,26350,,,
메가센텀한화꿈에그린,2008,35500,2019,11,12,84.9793,5,반여동,1662,26350,,,
반도보라빌,2006,43000,2019,11,12,84.9073,1,우동,945,26350,,,
벽산2,1996,24000,2019,11,12,59.73,24,좌동,1439,26350,,,
벽산2,1996,22500,2019,11,12,59.73,5,좌동,1439,26350,,,
보훈,1979,3950,2019,11,12,40.66,5,반여동,1594-1,26350,,,
삼성,1997,28500,2019,11,12,59.944,8,좌동,1413,26350,,,
삼한그린타운1,1995,17200,2019,11,12,84.87,7,반송동,888,26350,,,
삼호가든맨션,1985,95000,2019,11,12,163.945,3,우동,1104-1,26350,,,
상록,1998,24400,2019,11,12,59.85,13,좌동,1331,26350,,,
상록,1998,22500,2019,11,12,59.85,4,좌동,1331,26350,,,
상록,1998,22000,2019,11,12,59.85,2,좌동,1331,26350,,,
선프라자,1995,24800,2019,11,12,59.34,13,우동,1434,26350,,,
센텀경동리인,2018,59500,2019,11,12,82.432,21,우동,1543,26350,,,
센텀대림,1996,25200,2019,11,12,84.98,4,반여동,1199-11,26350,,,
센텀대림,1996,24000,2019,11,12,84.98,5,반여동,1199-11,26350,,,
센텀대림,1996,18500,2019,11,12,59.99,20,반여동,1199-11,26350,,,
센텀동부센트레빌,2006,36300,2019,11,12,84.9885,19,재송동,380-1,26350,,,
센텀두산위브,2014,68000,2019,11,12,105.994,18,우동,1105,26350,,,
센텀두산위브,2014,65000,2019,11,12,84.972,26,우동,1105,26350,,,
센텀롯데캐슬2차,2005,30900,2019,11,12,84.97,5,반여동,1660,26350,,,
센텀롯데캐슬2차,2005,22000,2019,11,12,59.9675,7,반여동,1660,26350,,,
센텀롯데캐슬아파트,2004,26000,2019,11,12,59.9675,21,반여동,1619,26350,,,
센텀롯데캐슬아파트,2004,32000,2019,11,12,84.97,13,반여동,1619,26350,,,
센텀롯데캐슬아파트,2004,32000,2019,11,12,84.97,18,반여동,1619,26350,,,
센텀삼익아파트,1981,16900,2019,11,12,70.582,7,재송동,1023,26350,,,
센텀삼환Nauville,1996,46400,2019,11,12,84.84,9,우동,1100,26350,,,
센텀삼환Nauville,1996,41000,2019,11,12,84.84,3,우동,1100,26350,,,
센텀삼환Nauville,1996,34000,2019,11,12,59.86,11,우동,1100,26350,,,
센텀삼환Nauville,1996,33700,2019,11,12,59.86,6,우동,1100,26350,,,
센텀센시빌,2003,39900,2019,11,12,84.9402,2,우동,1228,26350,,,
센텀우신골든빌,2006,23000,2019,11,12,76.0621,12,재송동,1048-3,26350,,,
센텀이편한세상,2006,57700,2019,11,12,123.86,21,재송동,939-2,26350,,,
센텀자유,1998,14300,2019,11,12,59.95,12,반여동,1063-4,26350,,,
센텀협성르네상스타운,2013,46000,2019,11,12,84.9181,22,재송동,1324,26350,,,
센텀협성르네상스타운,2013,40000,2019,11,12,84.4011,6,재송동,1324,26350,,,
시영79년,1980,13500,2019,11,12,40.13,5,재송동,1030,26350,,,
시영80년,1981,10000,2019,11,12,43.9,4,재송동,1026-1,26350,,,
시영80년,1981,11000,2019,11,12,43.9,4,재송동,1026-1,26350,,,
시영80년,1981,11000,2019,11,12,43.9,3,재송동,1026-1,26350,,,
아림비치,1986,28300,2019,11,12,54.45,3,우동,493-1,26350,,,
아시아선수촌아파트,2002,26700,2019,11,12,59.92,19,반여동,1638,26350,,,
아시아선수촌아파트,2002,34000,2019,11,12,84.8,6,반여동,1638,26350,,,
엘지,1996,50000,2019,11,12,134.94,16,좌동,1398,26350,,,
엘지,1996,36500,2019,11,12,84.973,2,좌동,1398,26350,,,
엘지,1996,49000,2019,11,12,134.94,11,좌동,1398,26350,,,
엘지,1996,38000,2019,11,12,84.973,10,좌동,1398,26350,,,
엘지,1996,41000,2019,11,12,84.973,9,좌동,1398,26350,,,
엘지,1996,20000,2019,11,12,49.83,14,좌동,1398,26350,,,
영남,1996,41500,2019,11,12,134.99,12,좌동,1328,26350,,,
영남,1996,37600,2019,11,12,84.9,13,좌동,1328,26350,,,
일동미라주,2001,17275,2019,11,12,56.9704,16,반여동,1192-3,26350,,,
코오롱,1997,43500,2019,11,12,101.97,20,좌동,1348,26350,,,
한라,1996,26900,2019,11,12,60,10,좌동,1323,26350,,,
한라,1996,28000,2019,11,12,60,19,좌동,1323,26350,,,
한일,1996,26000,2019,11,12,58.2,21,좌동,1274,26350,,,
해운대 센트럴파크,1998,22000,2019,11,12,59.99,11,좌동,1282,26350,,,
해운대경남아너스빌,2012,78000,2019,11,12,129.3652,13,중동,1788,26350,,,
해운대경동제이드,2012,136000,2019,11,12,163.2673,19,우동,763,26350,,,
해운대두산위브더제니스,2011,133500,2019,11,12,157.0176,58,우동,1407,26350,,,
해운대두산위브더제니스,2011,99000,2019,11,12,157.0176,41,우동,1407,26350,,,
해운대두산위브더제니스,2011,69500,2019,11,12,100.9628,25,우동,1407,26350,,,
해운대두산위브더제니스,2011,84000,2019,11,12,118.3775,24,우동,1407,26350,,,
해운대래미안,2014,74500,2019,11,12,114.4345,31,중동,1793,26350,,,
해운대신시가지경동메르빌,2005,44700,2019,11,12,84.9271,7,중동,718-6,26350,,,
해운대자이1단지,2013,78000,2019,11,12,84.9493,8,우동,1527,26350,,,
해운대자이2차1단지,2018,84500,2019,11,12,84.7627,18,우동,1536,26350,,,
해운대자이2차1단지,2018,80000,2019,11,12,84.9651,10,우동,1536,26350,,,
해운대중동금호어울림,2006,41000,2019,11,12,84.9963,12,중동,899,26350,,,
해운대중동롯데캐슬마스터2,2007,59900,2019,11,12,123.2898,9,중동,181-1,26350,,,
해운대중동롯데캐슬마스터2,2007,62000,2019,11,12,123.2898,15,중동,181-1,26350,,,
해운대한신휴플러스,2014,60000,2019,11,12,84.8721,24,우동,777,26350,,,
해운대힐스테이트위브,2015,71000,2019,11,12,129.1554,32,중동,1818,26350,,,
해운대힐스테이트위브,2015,71700,2019,11,12,105.8829,31,중동,1818,26350,,,
해운대힐스테이트위브,2015,65000,2019,11,12,98.1948,14,중동,1818,26350,,,
현대,1996,48000,2019,11,12,134.005,9,좌동,1337,26350,,,
현대,1996,37000,2019,11,12,84.41,5,좌동,1337,26350,,,
현대(1051-2),1988,12800,2019,11,12,50.805,2,재송동,1051-2,26350,,,
현대그린맨션,1986,19600,2019,11,12,57.09,14,반여동,1411-10,26350,,,
현대그린맨션,1986,25500,2019,11,12,84.81,4,반여동,1411-10,26350,,,
현대그린맨션,1986,19000,2019,11,12,57.09,4,반여동,1411-10,26350,,,
현대베네시티,2005,147000,2019,11,12,188.4111,32,우동,1432,26350,,,
현대카멜리아,2001,98000,2019,11,12,152.88,23,우동,1433,26350,,,
화목,1996,48000,2019,11,12,134.19,16,좌동,1310,26350,,,
화목,1996,31500,2019,11,12,56.345,14,좌동,1310,26350,,,
LH뜨란채아파트,1997,19000,2019,11,13,49.94,5,좌동,1278,26350,,,
LH뜨란채아파트,1997,23000,2019,11,13,59.98,11,좌동,1278,26350,,,
SKVIEW,1998,22300,2019,11,13,59.91,20,좌동,1450,26350,,,
SKVIEW,1998,22300,2019,11,13,59.99,13,좌동,1450,26350,,,
건영2,1997,37000,2019,11,13,84.64,20,좌동,1298,26350,,,
경남,1997,26500,2019,11,13,58.804,14,좌동,1375,26350,,,
경남선경,1996,22800,2019,11,13,59.85,16,좌동,1448,26350,,,
경남선경,1996,33500,2019,11,13,84.93,21,좌동,1448,26350,,,
경동,1995,89700,2019,11,13,175.41,18,우동,974,26350,,,
경동,1995,32000,2019,11,13,59.535,4,우동,974,26350,,,
경동,1995,35000,2019,11,13,58.695,13,우동,974,26350,,,
달맞이우성빌라트,1995,60000,2019,11,13,160.2,2,중동,1479,26350,,,
달맞이유림노르웨이숲,2017,37000,2019,11,13,59.9676,1,중동,1821,26350,,,
대림,1996,26600,2019,11,13,59.816,5,좌동,1396,26350,,,
대림2,1997,30800,2019,11,13,59.816,14,좌동,1286,26350,,,
대림2,1997,25000,2019,11,13,59.816,1,좌동,1286,26350,,,
대우,1996,30300,2019,11,13,59.946,11,좌동,1333,26350,,,
대우,1996,29000,2019,11,13,59.946,8,좌동,1333,26350,,,
대우2,1998,24000,2019,11,13,59.946,27,좌동,1438,26350,,,
대우금사,1995,22500,2019,11,13,84.99,11,반여동,586-2,26350,,,
대우마리나3,1994,80000,2019,11,13,101.72,13,우동,977,26350,,,
대우마리나3,1994,73000,2019,11,13,101.72,8,우동,977,26350,,,
대우월드마크센텀,2010,134000,2019,11,13,146.8,21,우동,1488,26350,,,
더샵센텀누리,2014,41500,2019,11,13,72.488,18,재송동,1223,26350,,,
더샵센텀누리,2014,40000,2019,11,13,72.488,13,재송동,1223,26350,,,
더샵센텀스타,2008,65000,2019,11,13,109.14,15,재송동,1196,26350,,,
더샵센텀파크1차,2005,60000,2019,11,13,84.6528,6,재송동,1200,26350,,,
더샵센텀파크1차,2005,95000,2019,11,13,125.4155,42,재송동,1200,26350,,,
더샵센텀파크1차,2005,62000,2019,11,13,84.6389,6,재송동,1200,26350,,,
더샵센텀파크1차,2005,88000,2019,11,13,125.4155,36,재송동,1200,26350,,,
더샵센텀파크1차,2005,94500,2019,11,13,151.9156,27,재송동,1200,26350,,,
더샵센텀파크1차,2005,60000,2019,11,13,84.6389,10,재송동,1200,26350,,,
더샵센텀파크2차,2005,66500,2019,11,13,84.6389,35,재송동,1197,26350,,,
동부,1996,43000,2019,11,13,99.78,8,좌동,1412,26350,,,
두산1차아파트,1996,22000,2019,11,13,59.94,2,좌동,1394,26350,,,
두산1차아파트,1996,24000,2019,11,13,59.94,17,좌동,1394,26350,,,
두산2,1996,45200,2019,11,13,84.9,6,좌동,1319,26350,,,
롯데,1993,35000,2019,11,13,84.84,14,우동,938,26350,,,
롯데3차,1997,28000,2019,11,13,59.6,18,좌동,1300,26350,,,
롯데3차,1997,25000,2019,11,13,59.6,2,좌동,1300,26350,,,
롯데4,1999,39500,2019,11,13,84.935,13,좌동,1419,26350,,,
롯데캐슬마린,2004,57000,2019,11,13,84.9702,17,중동,1360,26350,,,
메가센텀한화꿈에그린,2008,37000,2019,11,13,84.9793,9,반여동,1662,26350,,,
메가센텀한화꿈에그린,2008,44800,2019,11,13,100.9973,8,반여동,1662,26350,,,
백조,1976,15200,2019,11,13,38.68,1,중동,1150-7,26350,,,
벽산1,1996,37000,2019,11,13,59.73,11,좌동,1321,26350,,,
벽산1,1996,56500,2019,11,13,134.95,19,좌동,1321,26350,,,
벽산2,1996,21500,2019,11,13,59.73,2,좌동,1439,26350,,,
벽산2,1996,25500,2019,11,13,59.73,14,좌동,1439,26350,,,
벽산금호,1991,20000,2019,11,13,79.92,5,우동,397-117,26350,,,
벽산삼협,1997,14500,2019,11,13,59.916,11,반송동,892,26350,,,
삼강,1983,16300,2019,11,13,34.4,7,중동,1402-5,26350,,,
삼성,1997,25800,2019,11,13,59.914,1,좌동,1413,26350,,,
삼안스튜디오1차,1990,6000,2019,11,13,44.13,4,중동,1485-9,26350,,,
삼익그린맨션,1985,23000,2019,11,13,61.83,10,반여동,1405-31,26350,,,
삼한2,1997,12700,2019,11,13,59.92,8,반송동,872,26350,,,
삼한2,1997,13000,2019,11,13,59.98,18,반송동,872,26350,,,
삼한2,1997,12700,2019,11,13,59.92,14,반송동,872,26350,,,
삼호가든맨션,1985,60000,2019,11,13,84.99,2,우동,1104-1,26350,,,
상록,1998,24200,2019,11,13,59.85,2,좌동,1331,26350,,,
상록,1998,23900,2019,11,13,59.85,9,좌동,1331,26350,,,
센텀경동리인,2018,55000,2019,11,13,84.8376,4,우동,1543,26350,,,
센텀대림,1996,26000,2019,11,13,84.98,14,반여동,1199-11,26350,,,
센텀동부센트레빌,2006,38000,2019,11,13,84.9926,10,재송동,380-1,26350,,,
센텀두산위브,2014,59000,2019,11,13,84.972,15,우동,1105,26350,,,
센텀두산위브,2014,49150,2019,11,13,84.999,9,우동,1105,26350,,,
센텀롯데캐슬아파트,2004,25500,2019,11,13,59.9675,19,반여동,1619,26350,,,
센텀롯데캐슬아파트,2004,37200,2019,11,13,101.7996,15,반여동,1619,26350,,,
센텀삼환Nauville,1996,26800,2019,11,13,59.86,1,우동,1100,26350,,,
센텀이편한세상,2006,44800,2019,11,13,84.98,11,재송동,939-2,26350,,,
센텀이편한세상,2006,59000,2019,11,13,123.86,12,재송동,939-2,26350,,,
센텀이편한세상,2006,46000,2019,11,13,84.98,11,재송동,939-2,26350,,,
센텀이편한세상,2006,36700,2019,11,13,84.842,7,재송동,939-2,26350,,,
센텀자유,1998,13600,2019,11,13,59.99,22,반여동,1063-4,26350,,,
센텀피오레1차,2005,35000,2019,11,13,84.9446,10,재송동,1302,26350,,,
센텀협성르네상스타운,2013,37500,2019,11,13,73.4795,13,재송동,1324,26350,,,
센텀협성르네상스타운,2013,42000,2019,11,13,73.4795,16,재송동,1324,26350,,,
시영79년,1980,13000,2019,11,13,40.13,4,재송동,1030,26350,,,
신동아,1991,35800,2019,11,13,84.75,11,우동,496-1,26350,,,
아시아선수촌아파트,2002,25500,2019,11,13,59.92,4,반여동,1638,26350,,,
아시아선수촌아파트,2002,32500,2019,11,13,75.57,3,반여동,1638,26350,,,
아시아선수촌아파트,2002,36800,2019,11,13,101.55,8,반여동,1638,26350,,,
엘지,1996,21500,2019,11,13,49.83,3,좌동,1398,26350,,,
엘지,1996,22250,2019,11,13,49.83,17,좌동,1398,26350,,,
엘지,1996,28000,2019,11,13,59.94,14,좌동,1398,26350,,,
엘지,1996,24500,2019,11,13,49.83,5,좌동,1398,26350,,,
영남,1996,39000,2019,11,13,84.9,16,좌동,1328,26350,,,
이담채,2014,12500,2019,11,13,49.95,4,송정동,201-8,26350,,,
중동맨션,1978,21000,2019,11,13,66.78,2,중동,1520-8,26350,,,
한라,1996,23600,2019,11,13,60,1,좌동,1323,26350,,,
해운대 I PARK,2011,103000,2019,11,13,139.316,43,우동,1408,26350,,,
해운대 I PARK,2011,65700,2019,11,13,119.851,6,우동,1408,26350,,,
해운대 센트럴파크,1998,22450,2019,11,13,59.9,17,좌동,1282,26350,,,
해운대SKVIEW,2011,57500,2019,11,13,84.9763,11,중동,1787,26350,,,
해운대경남아너스빌,2012,66300,2019,11,13,111.4161,2,중동,1788,26350,,,
해운대두산위브더제니스,2011,98000,2019,11,13,145.8083,33,우동,1407,26350,,,
해운대두산위브더제니스,2011,87500,2019,11,13,118.3775,4,우동,1407,26350,,,
해운대두산위브더제니스,2011,95000,2019,11,13,145.8083,37,우동,1407,26350,,,
해운대양우내안애팰리스,2013,35700,2019,11,13,80.9626,14,중동,1792,26350,,,
해운대자이1단지,2013,57000,2019,11,13,59.0621,16,우동,1527,26350,,,
해운대자이2단지,2013,62500,2019,11,13,84.8053,8,우동,1529,26350,,,
해운대중동두산위브,2008,52000,2019,11,13,84.9264,28,중동,1234-1,26350,,,
해운대케이씨씨스위첸,2011,89500,2019,11,13,128.16,14,좌동,1492,26350,,,
해운대힐스테이트위브,2015,80500,2019,11,13,129.8796,40,중동,1818,26350,,,
해운대힐스테이트위브,2015,85000,2019,11,13,129.1554,15,중동,1818,26350,,,
해운대힐스테이트위브,2015,64800,2019,11,13,80.949,33,중동,1818,26350,,,
해운대힐스테이트위브,2015,68000,2019,11,13,102.3162,41,중동,1818,26350,,,
해운대힐스테이트위브,2015,55000,2019,11,13,102.3162,5,중동,1818,26350,,,
해운대힐스테이트위브,2015,135000,2019,11,13,153.5704,22,중동,1818,26350,,,
현대,1996,38500,2019,11,13,84.41,9,좌동,1337,26350,,,
LH뜨란채아파트,1997,24500,2019,11,14,59.98,4,좌동,1278,26350,,,
SKVIEW,1998,22900,2019,11,14,59.99,10,좌동,1450,26350,,,
건영1,1998,37200,2019,11,14,84.93,17,좌동,1414,26350,,,
건영2,1997,41500,2019,11,14,84.64,19,좌동,1298,26350,,,
경남마리나,1996,62000,2019,11,14,59.83,10,우동,1388-1,26350,,,
경남마리나,1996,59000,2019,11,14,59.83,5,우동,1388-1,26350,,,
그린힐1차,2004,25500,2019,11,14,65.37,2,중동,1480-5,26350,,,
달맞이우성빌라트,1995,22000,2019,11,14,53.58,7,중동,1479,26350,,,
달맞이유림노르웨이숲,2017,50300,2019,11,14,84.9136,3,중동,1821,26350,,,
대동타운,1996,26800,2019,11,14,59.95,21,좌동,1288,26350,,,
대동타운,1996,22000,2019,11,14,59.95,1,좌동,1288,26350,,,
대림,1996,27000,2019,11,14,59.816,19,좌동,1396,26350,,,
대림,1996,26700,2019,11,14,59.816,14,좌동,1396,26350,,,
대림2,1997,29500,2019,11,14,59.816,6,좌동,1286,26350,,,
대림3,1997,26500,2019,11,14,59.816,8,좌동,1374,26350,,,
대우,1996,40000,2019,11,14,84.962,7,좌동,1333,26350,,,
대우2,1998,27700,2019,11,14,59.946,19,좌동,1438,26350,,,
대우마리나1,1991,130000,2019,11,14,191.8007,12,우동,1388-4,26350,,,
대우마리나2,1992,78000,2019,11,14,84.2249,7,우동,1388-4,26350,,,
대우월드마크센텀,2010,121000,2019,11,14,134.69,29,우동,1488,26350,,,
더샵센텀누리,2014,55500,2019,11,14,120.422,25,재송동,1223,26350,,,
더샵센텀누리,2014,62500,2019,11,14,127.782,25,재송동,1223,26350,,,
더샵센텀누리,2014,55500,2019,11,14,120.422,10,재송동,1223,26350,,,
더샵센텀파크1차,2005,58000,2019,11,14,84.6389,4,재송동,1200,26350,,,
더샵센텀파크1차,2005,59900,2019,11,14,84.6389,4,재송동,1200,26350,,,
더샵센텀파크1차,2005,70000,2019,11,14,84.6389,14,재송동,1200,26350,,,
더샵센텀파크2차,2005,77500,2019,11,14,127.489,15,재송동,1197,26350,,,
동부,1996,47500,2019,11,14,134.19,6,좌동,1412,26350,,,
동부올림픽타운,1999,40500,2019,11,14,59.8,20,우동,1008-5,26350,,,
동부올림픽타운,1999,54800,2019,11,14,84.96,20,우동,1008-5,26350,,,
동신,1996,28250,2019,11,14,55.68,6,좌동,1302,26350,,,
두산1차아파트,1996,43500,2019,11,14,134.97,10,좌동,1394,26350,,,
두산1차아파트,1996,24972,2019,11,14,59.94,10,좌동,1394,26350,,,
롯데캐슬마린,2004,70500,2019,11,14,125.1959,7,중동,1360,26350,,,
롯데캐슬마린,2004,58000,2019,11,14,101.927,6,중동,1360,26350,,,
벽산1,1996,33000,2019,11,14,59.73,22,좌동,1321,26350,,,
벽산2,1996,44800,2019,11,14,134.95,2,좌동,1439,26350,,,
벽산2,1996,43500,2019,11,14,101.78,7,좌동,1439,26350,,,
삼한3차301동,1999,17000,2019,11,14,84.6,8,반송동,883,26350,,,
삼한그린타운1,1995,17100,2019,11,14,84.87,19,반송동,888,26350,,,
삼한그린타운1,1995,19000,2019,11,14,84.87,9,반송동,888,26350,,,
상록,1998,27000,2019,11,14,59.85,11,좌동,1331,26350,,,
상록,1998,23000,2019,11,14,59.85,18,좌동,1331,26350,,,
센텀SKVIEW아파트,2001,24800,2019,11,14,76.56,7,반여동,1174-1,26350,,,
센텀경동리인,2018,54300,2019,11,14,82.0093,9,우동,1543,26350,,,
센텀경동리인,2018,55000,2019,11,14,82.0093,2,우동,1543,26350,,,
센텀대림,1996,21500,2019,11,14,59.99,23,반여동,1199-11,26350,,,
센텀두산위브,2014,64600,2019,11,14,84.972,27,우동,1105,26350,,,
센텀롯데캐슬아파트,2004,27000,2019,11,14,59.9675,14,반여동,1619,26350,,,
센텀삼환Nauville,1996,56700,2019,11,14,123.78,5,우동,1100,26350,,,
센텀이편한세상,2006,39500,2019,11,14,84.98,3,재송동,939-2,26350,,,
센텀파미르,2009,22000,2019,11,14,59.7826,9,재송동,1029,26350,,,
센텀현대,1999,26250,2019,11,14,59.84,4,우동,1102-221,26350,,,
센텀협성르네상스타운,2013,44000,2019,11,14,84.9181,30,재송동,1324,26350,,,
신성,1996,48500,2019,11,14,134.04,16,좌동,1271,26350,,,
엘지,1996,30000,2019,11,14,59.94,11,좌동,1398,26350,,,
우방신세계타운,2002,17000,2019,11,14,59.97,3,반여동,1190-1,26350,,,
우방신세계타운,2002,25000,2019,11,14,84.92,7,반여동,1190-1,26350,,,
우방신세계타운,2002,23300,2019,11,14,77.67,17,반여동,1190-1,26350,,,
우방신세계타운,2002,23000,2019,11,14,77.67,2,반여동,1190-1,26350,,,
일동미라주,2001,17000,2019,11,14,56.9704,8,반여동,1192-3,26350,,,
재송그린,1984,9000,2019,11,14,47.79,4,재송동,1146-1,26350,,,
재송동코오롱,1990,21000,2019,11,14,126.28,2,재송동,1123-20,26350,,,
코오롱,1997,30000,2019,11,14,59.985,20,좌동,1348,26350,,,
코오롱,1997,27000,2019,11,14,59.985,5,좌동,1348,26350,,,
한라,1996,30000,2019,11,14,60,16,좌동,1323,26350,,,
해운대SKVIEW,2011,62700,2019,11,14,138.6909,13,중동,1787,26350,,,
해운대SKVIEW,2011,65000,2019,11,14,138.6909,8,중동,1787,26350,,,
해운대두산위브더제니스,2011,110000,2019,11,14,127.6584,54,우동,1407,26350,,,
해운대두산위브더제니스,2011,123500,2019,11,14,156.5733,75,우동,1407,26350,,,
해운대두산위브더제니스,2011,129000,2019,11,14,145.8083,53,우동,1407,26350,,,
해운대두산위브더제니스,2011,88500,2019,11,14,111.07,19,우동,1407,26350,,,
해운대두산위브더제니스,2011,118000,2019,11,14,127.6584,64,우동,1407,26350,,,
해운대두산위브더제니스,2011,85000,2019,11,14,127.6584,18,우동,1407,26350,,,
해운대두산위브더제니스,2011,85000,2019,11,14,127.6584,3,우동,1407,26350,,,
해운대두산위브더제니스,2011,108000,2019,11,14,127.6584,58,우동,1407,26350,,,
해운대두산위브더제니스,2011,66500,2019,11,14,104.4925,9,우동,1407,26350,,,
해운대두산위브더제니스,2011,72500,2019,11,14,104.4925,10,우동,1407,26350,,,
해운대신시가지경동메르빌,2005,60000,2019,11,14,115.1516,17,중동,718-6,26350,,,
해운대자이2차1단지,2018,81000,2019,11,14,84.7627,15,우동,1536,26350,,,
해운대자이2차1단지,2018,74500,2019,11,14,84.7627,5,우동,1536,26350,,,
해운대중동경동하나메르빌,2014,49500,2019,11,14,80.5341,9,중동,1796,26350,,,
해운대케이씨씨스위첸,2011,95000,2019,11,14,128.407,27,좌동,1492,26350,,,
해운대힐스테이트위브,2015,64000,2019,11,14,80.949,24,중동,1818,26350,,,
해운대힐스테이트위브,2015,74000,2019,11,14,129.8796,25,중동,1818,26350,,,
해운대힐스테이트위브,2015,57500,2019,11,14,105.8829,13,중동,1818,26350,,,
현대,1996,35000,2019,11,14,84.41,1,좌동,1337,26350,,,
현대(1051-2),1988,13000,2019,11,14,50.805,2,재송동,1051-2,26350,,,
현대카멜리아,2001,82000,2019,11,14,147.69,20,우동,1433,26350,,,
화목,1996,33800,2019,11,14,56.345,14,좌동,1310,26350,,,
화목,1996,28500,2019,11,14,56.345,2,좌동,1310,26350,,,
화목,1996,33000,2019,11,14,56.345,17,좌동,1310,26350,,,
LH뜨란채아파트,1997,23000,2019,11,15,59.98,20,좌동,1278,26350,,,
LH뜨란채아파트,1997,23700,2019,11,15,59.98,20,좌동,1278,26350,,,
LH뜨란채아파트,1997,24500,2019,11,15,59.98,11,좌동,1278,26350,,,
SKVIEW,1998,18800,2019,11,15,49.98,20,좌동,1450,26350,,,
SKVIEW,1998,25000,2019,11,15,59.99,16,좌동,1450,26350,,,
건영1,1998,41900,2019,11,15,99.96,18,좌동,1414,26350,,,
건영1,1998,39000,2019,11,15,84.93,12,좌동,1414,26350,,,
경남,1997,40000,2019,11,15,101.94,21,좌동,1375,26350,,,
경남,1997,20500,2019,11,15,58.804,1,좌동,1375,26350,,,
경동,1995,50500,2019,11,15,84.95,17,우동,974,26350,,,
경동지-플러스,2002,28000,2019,11,15,59.5925,4,좌동,1317,26350,,,
달맞이유림노르웨이숲,2017,54000,2019,11,15,84.9136,6,중동,1821,26350,,,
대동타운,1996,50000,2019,11,15,134.01,9,좌동,1288,26350,,,
대림,1996,46000,2019,11,15,118.683,3,좌동,1396,26350,,,
대림,1996,53500,2019,11,15,134.25,24,좌동,1396,26350,,,
대림,1996,28000,2019,11,15,59.816,20,좌동,1396,26350,,,
대림2,1997,39000,2019,11,15,84.974,8,좌동,1286,26350,,,
대림2,1997,36000,2019,11,15,84.974,3,좌동,1286,26350,,,
대우,1996,27700,2019,11,15,59.946,5,좌동,1333,26350,,,
대우,1996,49500,2019,11,15,134.64,2,좌동,1333,26350,,,
대우동삼,1993,43500,2019,11,15,84.87,14,우동,1007-16,26350,,,
대우마리나3,1994,87700,2019,11,15,131.27,1,우동,977,26350,,,
대우마리나3,1994,58000,2019,11,15,59.81,11,우동,977,26350,,,
대우트럼프월드센텀,2006,84000,2019,11,15,84.97,23,우동,1498,26350,,,
대창,1996,35300,2019,11,15,84.962,7,좌동,1273,26350,,,
대창,1996,25000,2019,11,15,59.946,12,좌동,1273,26350,,,
더샵센텀누리,2014,55000,2019,11,15,120.422,6,재송동,1223,26350,,,
더샵센텀스타,2008,90000,2019,11,15,164.32,14,재송동,1196,26350,,,
더샵센텀스타,2008,55500,2019,11,15,109.14,32,재송동,1196,26350,,,
더샵센텀파크1차,2005,73500,2019,11,15,100.945,15,재송동,1200,26350,,,
더샵센텀파크1차,2005,82500,2019,11,15,100.945,27,재송동,1200,26350,,,
동부,1996,22500,2019,11,15,58.44,2,좌동,1412,26350,,,
동부,1996,28000,2019,11,15,58.44,22,좌동,1412,26350,,,
동부올림픽타운,1999,47000,2019,11,15,84.96,3,우동,1008-5,26350,,,
두산1차아파트,1996,41000,2019,11,15,134.97,12,좌동,1394,26350,,,
두산1차아파트,1996,45500,2019,11,15,134.97,27,좌동,1394,26350,,,
두산위브포세이돈,2007,85000,2019,11,15,166.65,31,우동,1410-1,26350,,,
롯데,1993,42000,2019,11,15,84.84,3,우동,938,26350,,,
롯데3차,1997,30500,2019,11,15,59.6,13,좌동,1300,26350,,,
롯데3차,1997,30000,2019,11,15,59.6,5,좌동,1300,26350,,,
롯데캐슬마린,2004,48000,2019,11,15,84.9702,2,중동,1360,26350,,,
반도보라빌,2006,47000,2019,11,15,84.9073,21,우동,945,26350,,,
반도보라빌,2006,49000,2019,11,15,84.9073,11,우동,945,26350,,,
벽산1,1996,58000,2019,11,15,134.95,20,좌동,1321,26350,,,
벽산2,1996,24500,2019,11,15,59.73,12,좌동,1439,26350,,,
벽산2,1996,25500,2019,11,15,59.73,6,좌동,1439,26350,,,
삼성,1997,47000,2019,11,15,134.97,6,좌동,1413,26350,,,
삼정코아,2003,32000,2019,11,15,59.9898,14,좌동,1315,26350,,,
삼한2,1997,19000,2019,11,15,84.9,7,반송동,872,26350,,,
삼호가든맨션,1985,51000,2019,11,15,63,3,우동,1104-1,26350,,,
선프라자,1995,24000,2019,11,15,59.34,16,우동,1434,26350,,,
선프라자,1995,25000,2019,11,15,59.34,21,우동,1434,26350,,,
센텀롯데캐슬아파트,2004,25500,2019,11,15,59.9675,18,반여동,1619,26350,,,
센텀롯데캐슬아파트,2004,32000,2019,11,15,84.97,16,반여동,1619,26350,,,
센텀삼환Nauville,1996,46200,2019,11,15,84.84,18,우동,1100,26350,,,
센텀엘카사,2018,29900,2019,11,15,49.2553,25,우동,1196-12,26350,,,
센텀우신골든빌,2006,23700,2019,11,15,76.0621,17,재송동,1048-3,26350,,,
센텀우신골든빌,2006,19800,2019,11,15,59.6054,17,재송동,1048-3,26350,,,
센텀이편한세상,2006,39700,2019,11,15,84.842,3,재송동,939-2,26350,,,
센텀이편한세상,2006,40000,2019,11,15,84.842,6,재송동,939-2,26350,,,
센텀자유,1998,14000,2019,11,15,59.99,18,반여동,1063-4,26350,,,
센텀협성르네상스타운,2013,44000,2019,11,15,73.4795,30,재송동,1324,26350,,,
센텀협성르네상스타운,2013,40000,2019,11,15,84.4011,21,재송동,1324,26350,,,
시영79년,1980,11000,2019,11,15,40.13,1,재송동,1030,26350,,,
시영80년,1981,12000,2019,11,15,43.9,4,재송동,1026-1,26350,,,
시영80년,1981,12000,2019,11,15,43.9,5,재송동,1026-1,26350,,,
신동아,1996,17000,2019,11,15,59.78,15,반여동,982-14,26350,,,
아시아선수촌아파트,2002,41750,2019,11,15,118.72,15,반여동,1638,26350,,,
에이스,1992,13000,2019,11,15,76.78,2,재송동,1159-1,26350,,,
엘지,1996,44000,2019,11,15,101.79,2,좌동,1398,26350,,,
엘지,1996,27500,2019,11,15,59.94,22,좌동,1398,26350,,,
엘지,1996,50000,2019,11,15,134.94,9,좌동,1398,26350,,,
장산동국,1993,15000,2019,11,15,84.93,10,재송동,1182-1,26350,,,
재송그린,1984,6800,2019,11,15,36.33,4,재송동,1146-1,26350,,,
창신맨션,1986,16600,2019,11,15,55.8,2,반여동,668-1,26350,,,
코오롱,1997,50000,2019,11,15,101.97,19,좌동,1348,26350,,,
해운대 I PARK,2011,106000,2019,11,15,168.5,6,우동,1408,26350,,,
해운대 I PARK,2011,60000,2019,11,15,80.794,53,우동,1408,26350,,,
해운대 센트럴파크,1998,23000,2019,11,15,59.99,10,좌동,1282,26350,,,
해운대두산위브더제니스,2011,82500,2019,11,15,127.6584,25,우동,1407,26350,,,
해운대두산위브더제니스,2011,85000,2019,11,15,118.3775,29,우동,1407,26350,,,
해운대양우내안애팰리스,2013,31600,2019,11,15,84.9383,8,중동,1792,26350,,,
해운대양우내안애팰리스,2013,30000,2019,11,15,82.5232,9,중동,1792,26350,,,
해운대중동경동하나메르빌,2014,49000,2019,11,15,80.5341,2,중동,1796,26350,,,
해운대중동두산위브,2008,58500,2019,11,15,112.5054,6,중동,1234-1,26350,,,
해운대케이씨씨스위첸,2011,93000,2019,11,15,128.16,18,좌동,1492,26350,,,
해운대케이씨씨스위첸,2011,106000,2019,11,15,153.208,15,좌동,1492,26350,,,
해운대케이씨씨스위첸,2011,72000,2019,11,15,84.996,13,좌동,1492,26350,,,
해운대한신휴플러스,2014,64500,2019,11,15,84.8721,15,우동,777,26350,,,
해운대힐스테이트위브,2015,59000,2019,11,15,98.1948,2,중동,1818,26350,,,
해운대힐스테이트위브,2015,59800,2019,11,15,80.949,15,중동,1818,26350,,,
해운대힐스테이트위브,2015,62000,2019,11,15,102.3162,25,중동,1818,26350,,,
해운대힐스테이트위브,2015,68000,2019,11,15,105.8829,29,중동,1818,26350,,,
현대,1996,29000,2019,11,15,59.445,9,좌동,1337,26350,,,
현대(1051-2),1988,11000,2019,11,15,41.235,3,재송동,1051-2,26350,,,
현대그린맨션,1986,19000,2019,11,15,57.09,4,반여동,1411-10,26350,,,
현대그린맨션,1986,27000,2019,11,15,76.35,15,반여동,1411-10,26350,,,
현대카멜리아,2001,85000,2019,11,15,147.69,20,우동,1433,26350,,,
화목,1996,33000,2019,11,15,56.345,11,좌동,1310,26350,,,
화목,1996,25000,2019,11,15,56.345,5,좌동,1310,26350,,,
LH뜨란채아파트,1997,18000,2019,11,16,49.94,2,좌동,1278,26350,,,
SKVIEW,1998,20500,2019,11,16,59.99,13,좌동,1450,26350,,,
SKVIEW,1998,22900,2019,11,16,59.99,20,좌동,1450,26350,,,
건영2,1997,29000,2019,11,16,59.526,12,좌동,1298,26350,,,
건영2,1997,27000,2019,11,16,59.526,24,좌동,1298,26350,,,
경남,1997,27850,2019,11,16,58.804,15,좌동,1375,26350,,,
경남마리나,1996,110000,2019,11,16,134.82,10,우동,1388-1,26350,,,
경남마리나,1996,48000,2019,11,16,59.83,1,우동,1388-1,26350,,,
경남선경,1996,23450,2019,11,16,59.85,23,좌동,1448,26350,,,
금호,1996,20500,2019,11,16,74.445,14,재송동,1041-3,26350,,,
달맞이유림노르웨이숲,2017,43900,2019,11,16,59.9676,7,중동,1821,26350,,,
대림,1996,29700,2019,11,16,59.816,9,좌동,1396,26350,,,
대림,1996,38000,2019,11,16,84.974,15,좌동,1396,26350,,,
대림3,1997,54000,2019,11,16,115.124,7,좌동,1374,26350,,,
대우2,1998,44900,2019,11,16,134.64,18,좌동,1438,26350,,,
대우2,1998,30000,2019,11,16,59.946,16,좌동,1438,26350,,,
대우마리나2,1992,84000,2019,11,16,84.2249,8,우동,1388-4,26350,,,
대우월드마크센텀,2010,113000,2019,11,16,134.69,18,우동,1488,26350,,,
대우트럼프월드마린,2007,92000,2019,11,16,158.74,5,우동,1410,26350,,,
더샵센텀스타,2008,145000,2019,11,16,209.89,57,재송동,1196,26350,,,
더샵센텀스타,2008,54500,2019,11,16,98.51,4,재송동,1196,26350,,,
더샵센텀파크1차,2005,65000,2019,11,16,84.6528,5,재송동,1200,26350,,,
더샵센텀파크1차,2005,60000,2019,11,16,84.6389,4,재송동,1200,26350,,,
더샵센텀파크1차,2005,68700,2019,11,16,84.6528,17,재송동,1200,26350,,,
더샵센텀파크2차,2005,70000,2019,11,16,100.945,11,재송동,1197,26350,,,
동부올림픽타운,1999,45300,2019,11,16,84.96,1,우동,1008-5,26350,,,
동신,1996,26000,2019,11,16,55.68,13,좌동,1302,26350,,,
두산1차아파트,1996,43400,2019,11,16,134.97,23,좌동,1394,26350,,,
두산1차아파트,1996,23000,2019,11,16,59.94,5,좌동,1394,26350,,,
두산1차아파트,1996,21700,2019,11,16,59.94,4,좌동,1394,26350,,,
두산위브포세이돈,2007,109000,2019,11,16,168.43,31,우동,1410-1,26350,,,
롯데3차,1997,31000,2019,11,16,59.76,20,좌동,1300,26350,,,
롯데4,1999,29100,2019,11,16,59.6,20,좌동,1419,26350,,,
롯데캐슬마린,2004,48500,2019,11,16,84.9702,33,중동,1360,26350,,,
롯데캐슬마린,2004,51800,2019,11,16,84.9702,5,중동,1360,26350,,,
롯데캐슬마린,2004,53000,2019,11,16,101.927,19,중동,1360,26350,,,
메가센텀한화꿈에그린,2008,39300,2019,11,16,84.9793,21,반여동,1662,26350,,,
반도보라빌,2006,50000,2019,11,16,84.9073,7,우동,945,26350,,,
벽산1,1996,60000,2019,11,16,101.78,10,좌동,1321,26350,,,
삼호가든맨션,1985,82000,2019,11,16,128.27,7,우동,1104-1,26350,,,
삼호가든맨션,1985,81000,2019,11,16,128.27,13,우동,1104-1,26350,,,
상록,1998,23000,2019,11,16,59.85,2,좌동,1331,26350,,,
센텀SKVIEW아파트,2001,20500,2019,11,16,59.91,10,반여동,1174-1,26350,,,
센텀SKVIEW아파트,2001,19000,2019,11,16,59.91,23,반여동,1174-1,26350,,,
센텀대림,1996,25000,2019,11,16,84.98,8,반여동,1199-11,26350,,,
센텀동부센트레빌,2006,37500,2019,11,16,84.9982,16,재송동,380-1,26350,,,
센텀동부센트레빌,2006,35500,2019,11,16,84.9926,20,재송동,380-1,26350,,,
센텀두산위브,2014,61000,2019,11,16,84.999,7,우동,1105,26350,,,
센텀롯데캐슬2차,2005,39000,2019,11,16,122.988,13,반여동,1660,26350,,,
센텀롯데캐슬3차아파트,2005,26500,2019,11,16,59.9399,10,반여동,1641,26350,,,
센텀삼환Nauville,1996,43000,2019,11,16,84.84,17,우동,1100,26350,,,
센텀삼환Nauville,1996,35000,2019,11,16,59.86,18,우동,1100,26350,,,
센텀센시빌,2003,40000,2019,11,16,84.9794,11,우동,1228,26350,,,
센텀우신골든빌,2006,24000,2019,11,16,76.0621,4,재송동,1048-3,26350,,,
센텀이편한세상,2006,47000,2019,11,16,84.98,21,재송동,939-2,26350,,,
센텀이편한세상,2006,48500,2019,11,16,84.98,13,재송동,939-2,26350,,,
센텀협성르네상스타운,2013,39000,2019,11,16,84.4011,11,재송동,1324,26350,,,
센텀협성르네상스타운,2013,43000,2019,11,16,84.4011,11,재송동,1324,26350,,,
시영80년,1981,9400,2019,11,16,43.9,5,재송동,1026-1,26350,,,
신동아,1996,15500,2019,11,16,59.78,4,반여동,982-14,26350,,,
신성,1996,24500,2019,11,16,57.9,9,좌동,1271,26350,,,
영남,1996,25200,2019,11,16,59.585,23,좌동,1328,26350,,,
이진,1998,14700,2019,11,16,59.7,7,반송동,260-6,26350,,,
창신맨션,1986,15600,2019,11,16,52.2,5,반여동,668-1,26350,,,
해운대 I PARK,2011,88000,2019,11,16,110.477,3,우동,1408,26350,,,
해운대 I PARK,2011,58500,2019,11,16,83.012,57,우동,1408,26350,,,
해운대 I PARK,2011,68000,2019,11,16,108.108,16,우동,1408,26350,,,
해운대SKVIEW,2011,60000,2019,11,16,84.9763,18,중동,1787,26350,,,
해운대SKVIEW,2011,62500,2019,11,16,138.6909,18,중동,1787,26350,,,
해운대경남아너스빌,2012,69000,2019,11,16,111.4161,9,중동,1788,26350,,,
해운대경남아너스빌,2012,60000,2019,11,16,84.9077,27,중동,1788,26350,,,
해운대더샵센텀그린,2019,29000,2019,11,16,59.9607,22,반여동,1672,26350,,,
해운대동백두산위브더제니스,2019,58000,2019,11,16,84.54,23,우동,1544,26350,,,
해운대두산위브더제니스,2011,145000,2019,11,16,159.5413,64,우동,1407,26350,,,
해운대두산위브더제니스,2011,69500,2019,11,16,104.4925,13,우동,1407,26350,,,
해운대두산위브더제니스,2011,80000,2019,11,16,111.07,16,우동,1407,26350,,,
해운대두산위브더제니스,2011,108000,2019,11,16,145.8083,67,우동,1407,26350,,,
해운대두산위브더제니스,2011,107000,2019,11,16,145.8083,54,우동,1407,26350,,,
해운대두산위브더제니스,2011,69900,2019,11,16,104.493,3,우동,1407,26350,,,
해운대두산위브더제니스,2011,92500,2019,11,16,127.6584,36,우동,1407,26350,,,
해운대두산위브더제니스,2011,81500,2019,11,16,111.07,28,우동,1407,26350,,,
해운대두산위브더제니스,2011,74000,2019,11,16,111.07,22,우동,1407,26350,,,
해운대두산위브더제니스,2011,82500,2019,11,16,111.07,27,우동,1407,26350,,,
해운대래미안,2014,69700,2019,11,16,114.4345,5,중동,1793,26350,,,
해운대래미안,2014,74900,2019,11,16,114.4345,10,중동,1793,26350,,,
해운대엔스타,2011,34000,2019,11,16,84.68,9,우동,956-42,26350,,,
해운대중동경동하나메르빌,2014,53500,2019,11,16,80.5341,5,중동,1796,26350,,,
해운대중동금호어울림,2006,39000,2019,11,16,84.9963,2,중동,899,26350,,,
해운대중동금호어울림,2006,50700,2019,11,16,84.9963,12,중동,899,26350,,,
해운대중동금호어울림,2006,50000,2019,11,16,84.9963,12,중동,899,26350,,,
해운대중동두산위브,2008,50000,2019,11,16,84.9668,11,중동,1234-1,26350,,,
해운대케이씨씨스위첸,2011,72000,2019,11,16,84.996,16,좌동,1492,26350,,,
해운대케이씨씨스위첸,2011,82000,2019,11,16,128.407,1,좌동,1492,26350,,,
해운대한신휴플러스,2014,59900,2019,11,16,84.8381,40,우동,777,26350,,,
해운대힐스테이트위브,2015,100000,2019,11,16,98.1948,43,중동,1818,26350,,,
해운대힐스테이트위브,2015,82900,2019,11,16,153.5704,16,중동,1818,26350,,,
해운대힐스테이트위브,2015,68000,2019,11,16,105.8829,22,중동,1818,26350,,,
해운대힐스테이트위브,2015,115000,2019,11,16,153.5704,6,중동,1818,26350,,,
해운대힐스테이트위브,2015,61900,2019,11,16,80.949,17,중동,1818,26350,,,
현대,1996,43000,2019,11,16,102.08,4,좌동,1337,26350,,,
현대그린맨션,1986,24000,2019,11,16,76.35,5,반여동,1411-10,26350,,,
협성프라임빌,2005,23600,2019,11,16,59.988,20,우동,333,26350,,,
LH뜨란채아파트,1997,20000,2019,11,17,49.94,10,좌동,1278,26350,,,
대우동삼,1993,43000,2019,11,17,84.87,14,우동,1007-16,26350,,,
더샵센텀스타,2008,141000,2019,11,17,215.64,53,재송동,1196,26350,,,
더샵센텀스타,2008,60000,2019,11,17,109.14,44,재송동,1196,26350,,,
동부올림픽타운,1999,41000,2019,11,17,59.8,2,우동,1008-5,26350,,,
메가센텀한화꿈에그린,2008,51500,2019,11,17,129.749,25,반여동,1662,26350,,,
민화그린빌라,1992,5000,2019,11,17,52.35,2,반송동,250-1995,26350,,,
센텀롯데캐슬2차,2005,21000,2019,11,17,59.9675,3,반여동,1660,26350,,,
센텀우신골든빌,2006,23500,2019,11,17,76.0621,9,재송동,1048-3,26350,,,
센텀이편한세상,2006,36000,2019,11,17,73.405,5,재송동,939-2,26350,,,
시영79년,1980,13000,2019,11,17,40.13,1,재송동,1030,26350,,,
시영79년,1980,12600,2019,11,17,40.13,2,재송동,1030,26350,,,
에이스,1992,14900,2019,11,17,84.93,14,재송동,1159-1,26350,,,
엘지,1996,59500,2019,11,17,162.27,7,좌동,1398,26350,,,
엘지,1996,36500,2019,11,17,84.973,1,좌동,1398,26350,,,
엘지,1996,52000,2019,11,17,134.94,6,좌동,1398,26350,,,
해운대경보이리스힐아파트,2018,36600,2019,11,17,75.5332,20,송정동,949,26350,,,
해운대두산위브더제니스,2011,84750,2019,11,17,127.6584,18,우동,1407,26350,,,
해운대케이씨씨스위첸,2011,94000,2019,11,17,128.366,20,좌동,1492,26350,,,
해운대힐스테이트위브,2015,75000,2019,11,17,116.5366,48,중동,1818,26350,,,
현대아쿠아팰리스해운대,2010,57500,2019,11,17,151.46,19,중동,1167-3,26350,,,
LH뜨란채아파트,1997,22000,2019,11,18,59.98,4,좌동,1278,26350,,,
LH뜨란채아파트,1997,15900,2019,11,18,49.94,1,좌동,1278,26350,,,
SKVIEW,1998,17300,2019,11,18,39.95,23,좌동,1450,26350,,,
건영1,1998,35500,2019,11,18,84.93,4,좌동,1414,26350,,,
경남선경,1996,24000,2019,11,18,59.85,13,좌동,1448,26350,,,
경동,1995,41000,2019,11,18,84.88,19,우동,974,26350,,,
경동,1995,40000,2019,11,18,84.95,2,우동,974,26350,,,
대동타운,1996,46000,2019,11,18,115.64,16,좌동,1288,26350,,,
대림,1996,28800,2019,11,18,59.816,15,좌동,1396,26350,,,
대우,1996,27000,2019,11,18,59.946,1,좌동,1333,26350,,,
대우2,1998,22700,2019,11,18,59.946,27,좌동,1438,26350,,,
대우마리나1,1991,99800,2019,11,18,134.6549,8,우동,1388-4,26350,,,
대우트럼프월드마린,2007,150000,2019,11,18,187.88,34,우동,1410,26350,,,
대우트럼프월드센텀,2006,129000,2019,11,18,131.48,29,우동,1498,26350,,,
대창,1996,22500,2019,11,18,59.946,2,좌동,1273,26350,,,
더샵센텀누리,2014,50000,2019,11,18,84.972,23,재송동,1223,26350,,,
더샵센텀스타,2008,46000,2019,11,18,98.51,36,재송동,1196,26350,,,
더샵센텀파크1차,2005,69000,2019,11,18,84.6389,6,재송동,1200,26350,,,
더샵센텀파크2차,2005,65000,2019,11,18,100.945,40,재송동,1197,26350,,,
동부올림픽타운,1999,63000,2019,11,18,114.92,6,우동,1008-5,26350,,,
동부올림픽타운,1999,54000,2019,11,18,84.96,9,우동,1008-5,26350,,,
두산1차아파트,1996,21500,2019,11,18,59.94,10,좌동,1394,26350,,,
롯데4,1999,30000,2019,11,18,59.6,23,좌동,1419,26350,,,
롯데캐슬마린,2004,46000,2019,11,18,84.9702,30,중동,1360,26350,,,
롯데캐슬마린,2004,56000,2019,11,18,84.9702,10,중동,1360,26350,,,
메가센텀한화꿈에그린,2008,49000,2019,11,18,119.6109,13,반여동,1662,26350,,,
메가센텀한화꿈에그린,2008,38000,2019,11,18,84.9914,9,반여동,1662,26350,,,
메가센텀한화꿈에그린,2008,45800,2019,11,18,100.9973,14,반여동,1662,26350,,,
메가센텀한화꿈에그린,2008,45500,2019,11,18,119.6109,2,반여동,1662,26350,,,
반여현대,1995,15000,2019,11,18,59.92,6,반여동,1088,26350,,,
벽산2,1996,47400,2019,11,18,101.78,9,좌동,1439,26350,,,
벽산2,1996,34000,2019,11,18,84.99,3,좌동,1439,26350,,,
벽산2,1996,24000,2019,11,18,59.73,3,좌동,1439,26350,,,
삼성,1997,30500,2019,11,18,59.914,8,좌동,1413,26350,,,
삼호가든맨션,1985,85000,2019,11,18,128.27,8,우동,1104-1,26350,,,
센텀글로리아,1989,6700,2019,11,18,59.62,5,재송동,1160-12,26350,,,
센텀대림,1996,17450,2019,11,18,59.99,2,반여동,1199-11,26350,,,
센텀대림,1996,23900,2019,11,18,84.98,2,반여동,1199-11,26350,,,
센텀대림,1996,28000,2019,11,18,84.98,7,반여동,1199-11,26350,,,
센텀대림,1996,26000,2019,11,18,84.98,21,반여동,1199-11,26350,,,
센텀동부센트레빌,2006,40000,2019,11,18,84.9926,12,재송동,380-1,26350,,,
센텀롯데캐슬2차,2005,23000,2019,11,18,59.9675,13,반여동,1660,26350,,,
센텀롯데캐슬아파트,2004,43000,2019,11,18,127.3684,14,반여동,1619,26350,,,
센텀삼익아파트,1981,13900,2019,11,18,70.582,1,재송동,1023,26350,,,
센텀센시빌,2003,42400,2019,11,18,84.9402,7,우동,1228,26350,,,
센텀이편한세상,2006,37500,2019,11,18,73.405,4,재송동,939-2,26350,,,
센텀한보미도,1992,16000,2019,11,18,84.98,14,재송동,1123-3,26350,,,
센텀현대,1999,26700,2019,11,18,59.84,10,우동,1102-221,26350,,,
센텀현대,1999,26700,2019,11,18,59.84,14,우동,1102-221,26350,,,
센텀협성르네상스타운,2013,41400,2019,11,18,84.4011,9,재송동,1324,26350,,,
시영79년,1980,14000,2019,11,18,40.13,2,재송동,1030,26350,,,
시영79년,1980,13500,2019,11,18,40.13,5,재송동,1030,26350,,,
시영79년,1980,14000,2019,11,18,40.13,5,재송동,1030,26350,,,
시영80년,1981,12000,2019,11,18,43.9,3,재송동,1026-1,26350,,,
시영80년,1981,10800,2019,11,18,43.9,5,재송동,1026-1,26350,,,
신동아,1996,15500,2019,11,18,59.78,7,반여동,982-14,26350,,,
신동아,1996,21000,2019,11,18,84.99,3,반여동,982-14,26350,,,
아시아선수촌아파트,2002,43200,2019,11,18,118.72,11,반여동,1638,26350,,,
엘지,1996,23300,2019,11,18,59.94,12,좌동,1398,26350,,,
영남,1996,26500,2019,11,18,59.585,22,좌동,1328,26350,,,
영남,1996,24500,2019,11,18,59.585,9,좌동,1328,26350,,,
왕자,1979,34500,2019,11,18,65.16,1,반여동,1477-1,26350,,,
이화맨션,1991,10500,2019,11,18,70.57,4,재송동,1041-9,26350,,,
재송그린,1984,12000,2019,11,18,58.59,5,재송동,1146-1,26350,,,
중동삼정그린코아,2002,40000,2019,11,18,84.846,25,중동,262-1,26350,,,
한라,1996,28000,2019,11,18,60,11,좌동,1323,26350,,,
해운대 I PARK,2011,100000,2019,11,18,157.513,7,우동,1408,26350,,,
해운대 I PARK,2011,93000,2019,11,18,110.477,28,우동,1408,26350,,,
해운대 I PARK,2011,145000,2019,11,18,156.504,59,우동,1408,26350,,,
해운대두산위브더제니스,2011,86000,2019,11,18,111.07,26,우동,1407,26350,,,
해운대두산위브더제니스,2011,89700,2019,11,18,111.07,27,우동,1407,26350,,,
해운대래미안,2014,58500,2019,11,18,84.984,15,중동,1793,26350,,,
해운대신시가지경동메르빌,2005,38500,2019,11,18,84.9271,4,중동,718-6,26350,,,
해운대자이1단지,2013,67000,2019,11,18,84.5368,1,우동,1527,26350,,,
해운대자이2차1단지,2018,79000,2019,11,18,84.9601,12,우동,1536,26350,,,
해운대힐스테이트위브,2015,85000,2019,11,18,134.3188,26,중동,1818,26350,,,
해운대힐스테이트위브,2015,71500,2019,11,18,129.1554,29,중동,1818,26350,,,
해운대힐스테이트위브,2015,64500,2019,11,18,102.3162,20,중동,1818,26350,,,
해운대힐스테이트위브,2015,84000,2019,11,18,134.3188,31,중동,1818,26350,,,
현대,1996,41000,2019,11,18,84.41,8,좌동,1337,26350,,,
현대(1051-2),1988,15000,2019,11,18,50.805,12,재송동,1051-2,26350,,,
현대(1051-2),1988,13800,2019,11,18,50.805,7,재송동,1051-2,26350,,,
홍림센텀아파트,1991,7500,2019,11,18,35.82,5,반여동,1581-22,26350,,,
건영2,1997,39700,2019,11,19,84.64,11,좌동,1298,26350,,,
경남마리나,1996,107500,2019,11,19,164.63,10,우동,1388-1,26350,,,
경남선경,1996,25500,2019,11,19,59.85,15,좌동,1448,26350,,,
경동,1995,38500,2019,11,19,84.88,16,우동,974,26350,,,
경동지-플러스,2002,29500,2019,11,19,59.5925,6,좌동,1317,26350,,,
달맞이유림노르웨이숲,2017,49800,2019,11,19,84.9204,1,중동,1821,26350,,,
대동타운,1996,23000,2019,11,19,50.575,20,좌동,1288,26350,,,
대우2,1998,30500,2019,11,19,59.946,12,좌동,1438,26350,,,
대우2,1998,27000,2019,11,19,59.946,6,좌동,1438,26350,,,
대우트럼프월드마린,2007,94000,2019,11,19,158.74,15,우동,1410,26350,,,
대원,1998,29500,2019,11,19,59.79,4,좌동,1307,26350,,,
더샵센텀파크1차,2005,98000,2019,11,19,151.9156,31,재송동,1200,26350,,,
동부,1996,46000,2019,11,19,99.78,14,좌동,1412,26350,,,
동부올림픽타운,1999,43500,2019,11,19,59.8,12,우동,1008-5,26350,,,
동부올림픽타운,1999,35000,2019,11,19,84.96,3,우동,1008-5,26350,,,
롯데4,1999,30500,2019,11,19,59.76,22,좌동,1419,26350,,,
롯데4,1999,28500,2019,11,19,59.6,12,좌동,1419,26350,,,
메가센텀한화꿈에그린,2008,37800,2019,11,19,84.9793,3,반여동,1662,26350,,,
메가센텀한화꿈에그린,2008,52000,2019,11,19,129.749,24,반여동,1662,26350,,,
벽산2,1996,29000,2019,11,19,59.73,15,좌동,1439,26350,,,
삼익그린맨션,1985,21000,2019,11,19,61.83,6,반여동,1405-31,26350,,,
삼호가든맨션,1985,85000,2019,11,19,128.605,7,우동,1104-1,26350,,,
상록,1998,26000,2019,11,19,59.85,4,좌동,1331,26350,,,
센텀경동리인,2018,47000,2019,11,19,82.7831,8,우동,1543,26350,,,
센텀대림,1996,18900,2019,11,19,59.99,23,반여동,1199-11,26350,,,
센텀두산위브,2014,50900,2019,11,19,84.999,5,우동,1105,26350,,,
센텀롯데캐슬아파트,2004,25000,2019,11,19,59.7601,12,반여동,1619,26350,,,
센텀삼환Nauville,1996,35000,2019,11,19,59.86,17,우동,1100,26350,,,
센텀우신골든빌,2006,24000,2019,11,19,76.0621,11,재송동,1048-3,26350,,,
센텀이편한세상,2006,39000,2019,11,19,73.405,11,재송동,939-2,26350,,,
센텀이편한세상,2006,39000,2019,11,19,73.405,31,재송동,939-2,26350,,,
시영79년,1980,12900,2019,11,19,40.13,2,재송동,1030,26350,,,
아시아선수촌아파트,2002,39000,2019,11,19,101.67,3,반여동,1638,26350,,,
아시아선수촌아파트,2002,34000,2019,11,19,75.57,5,반여동,1638,26350,,,
엘지,1996,35000,2019,11,19,84.973,17,좌동,1398,26350,,,
우방신세계타운,2002,23000,2019,11,19,77.67,17,반여동,1190-1,26350,,,
청목마리안,2004,35000,2019,11,19,84.8348,2,중동,277,26350,,,
한일,1996,42700,2019,11,19,128.37,12,좌동,1274,26350,,,
한일,1996,39000,2019,11,19,84.93,15,좌동,1274,26350,,,
해운대 I PARK,2011,58800,2019,11,19,83.012,40,우동,1408,26350,,,
해운대SKVIEW,2011,54000,2019,11,19,84.9757,6,중동,1787,26350,,,
해운대두산위브더제니스,2011,200000,2019,11,19,168.8988,60,우동,1407,26350,,,
해운대두산위브더제니스,2011,94000,2019,11,19,127.6584,47,우동,1407,26350,,,
해운대두산위브더제니스,2011,138500,2019,11,19,168.8988,54,우동,1407,26350,,,
해운대두산위브더제니스,2011,94000,2019,11,19,127.6584,33,우동,1407,26350,,,
해운대두산위브더제니스,2011,94000,2019,11,19,127.6584,43,우동,1407,26350,,,
해운대두산위브더제니스,2011,104000,2019,11,19,157.0176,40,우동,1407,26350,,,
해운대래미안,2014,65000,2019,11,19,84.984,27,중동,1793,26350,,,
해운대자이2차1단지,2018,70000,2019,11,19,74.9917,15,우동,1536,26350,,,
해운대힐스테이트위브,2015,75000,2019,11,19,98.1948,34,중동,1818,26350,,,
해운대힐스테이트위브,2015,76000,2019,11,19,109.277,25,중동,1818,26350,,,
해운대힐스테이트위브,2015,59000,2019,11,19,102.3162,12,중동,1818,26350,,,
현대그린맨션,1986,25500,2019,11,19,84.81,1,반여동,1411-10,26350,,,
현대하이페리온,2006,127000,2019,11,19,217.2181,21,우동,1434-2,26350,,,
화목,1996,53000,2019,11,19,134.19,6,좌동,1310,26350,,,
LH뜨란채아파트,1997,19900,2019,11,20,49.94,23,좌동,1278,26350,,,
SKVIEW,1998,17700,2019,11,20,49.73,13,좌동,1450,26350,,,
경남선경,1996,23000,2019,11,20,59.85,8,좌동,1448,26350,,,
금호,1996,16000,2019,11,20,59.955,17,재송동,1041-3,26350,,,
달맞이유림노르웨이숲,2017,41500,2019,11,20,59.9562,4,중동,1821,26350,,,
대동타운,1996,26300,2019,11,20,59.95,14,좌동,1288,26350,,,
대림,1996,59500,2019,11,20,164.841,24,좌동,1396,26350,,,
대림,1996,49500,2019,11,20,118.683,25,좌동,1396,26350,,,
대우,1996,40000,2019,11,20,84.962,22,좌동,1333,26350,,,
대우트럼프월드마린,2007,122000,2019,11,20,171.7,35,우동,1410,26350,,,
대우트럼프월드마린,2007,118000,2019,11,20,171.7,39,우동,1410,26350,,,
대우트럼프월드센텀,2006,97500,2019,11,20,97.58,11,우동,1498,26350,,,
대원,1998,45600,2019,11,20,93.78,8,좌동,1307,26350,,,
더샵센텀누리,2014,41000,2019,11,20,72.488,3,재송동,1223,26350,,,
더샵센텀누리,2014,47200,2019,11,20,84.972,26,재송동,1223,26350,,,
더샵센텀스타,2008,87000,2019,11,20,135.65,11,재송동,1196,26350,,,
더샵센텀스타,2008,63000,2019,11,20,109.14,26,재송동,1196,26350,,,
동부문빌라,1997,52400,2019,11,20,162.125,2,중동,1503-15,26350,,,
동부올림픽타운,1999,65000,2019,11,20,114.92,16,우동,1008-5,26350,,,
두산위브포세이돈,2007,65000,2019,11,20,125.53,35,우동,1410-1,26350,,,
롯데캐슬마린,2004,52000,2019,11,20,84.9702,27,중동,1360,26350,,,
메가센텀한화꿈에그린,2008,44000,2019,11,20,100.9973,1,반여동,1662,26350,,,
메가센텀한화꿈에그린,2008,38000,2019,11,20,84.9782,16,반여동,1662,26350,,,
메가센텀한화꿈에그린,2008,51500,2019,11,20,129.749,16,반여동,1662,26350,,,
반도보라빌,2006,48000,2019,11,20,84.9073,8,우동,945,26350,,,
반도보라빌,2006,70000,2019,11,20,118.9889,20,우동,945,26350,,,
벽산삼협,1997,15500,2019,11,20,59.916,7,반송동,892,26350,,,
삼성,1997,48800,2019,11,20,134.97,7,좌동,1413,26350,,,
삼한2,1997,13000,2019,11,20,59.92,19,반송동,872,26350,,,
삼한그린타운1,1995,17500,2019,11,20,84.87,12,반송동,888,26350,,,
상록,1998,26500,2019,11,20,59.85,7,좌동,1331,26350,,,
센텀경동리인,2018,59000,2019,11,20,82.6744,12,우동,1543,26350,,,
센텀대림,1996,24000,2019,11,20,84.98,24,반여동,1199-11,26350,,,
센텀동부센트레빌,2006,38500,2019,11,20,84.9926,5,재송동,380-1,26350,,,
센텀두산위브,2014,56000,2019,11,20,84.972,5,우동,1105,26350,,,
센텀롯데캐슬아파트,2004,32500,2019,11,20,84.97,4,반여동,1619,26350,,,
센텀삼익아파트,1981,10500,2019,11,20,49.96,4,재송동,1023,26350,,,
센텀삼익아파트,1981,17300,2019,11,20,70.58,8,재송동,1023,26350,,,
센텀삼환Nauville,1996,50000,2019,11,20,84.84,14,우동,1100,26350,,,
센텀이편한세상,2006,50000,2019,11,20,84.98,25,재송동,939-2,26350,,,
센텀협성르네상스타운,2013,43000,2019,11,20,84.4011,23,재송동,1324,26350,,,
시영79년,1980,14200,2019,11,20,40.13,2,재송동,1030,26350,,,
아시아선수촌아파트,2002,40500,2019,11,20,101.55,15,반여동,1638,26350,,,
아시아선수촌아파트,2002,38000,2019,11,20,101.55,3,반여동,1638,26350,,,
에이스스카이뷰,2019,20400,2019,11,20,60.33,12,송정동,199-3,26350,,,
우방신세계타운,2002,18000,2019,11,20,59.97,13,반여동,1190-1,26350,,,
이진,1998,14500,2019,11,20,59.7,23,반송동,260-6,26350,,,
이화맨션,1991,10000,2019,11,20,77.06,3,재송동,1041-9,26350,,,
일동미라주,2001,14900,2019,11,20,56.9704,2,반여동,1192-3,26350,,,
장산동국,1993,15300,2019,11,20,84.95,12,재송동,1182-1,26350,,,
재송그린,1984,7900,2019,11,20,47.79,5,재송동,1146-1,26350,,,
청목마리안,2004,35000,2019,11,20,84.8348,6,중동,277,26350,,,
해운대경동제이드,2012,130000,2019,11,20,169.7302,19,우동,763,26350,,,
해운대경동제이드,2012,131000,2019,11,20,163.3194,6,우동,763,26350,,,
해운대더샵센텀그린,2019,34600,2019,11,20,72.9699,13,반여동,1672,26350,,,
해운대두산위브더제니스,2011,94000,2019,11,20,111.07,30,우동,1407,26350,,,
해운대두산위브더제니스,2011,155000,2019,11,20,168.8988,60,우동,1407,26350,,,
해운대두산위브더제니스,2011,330240,2019,11,20,209.8332,75,우동,1407,26350,,,
해운대두산위브더제니스,2011,120000,2019,11,20,168.8988,40,우동,1407,26350,,,
해운대래미안,2014,62000,2019,11,20,84.987,11,중동,1793,26350,,,
해운대중동금호어울림,2006,50000,2019,11,20,84.9963,8,중동,899,26350,,,
해운대중동두산위브,2008,40500,2019,11,20,84.9191,3,중동,1234-1,26350,,,
해운대한신휴플러스,2014,58000,2019,11,20,84.8381,30,우동,777,26350,,,
해운대힐스테이트위브,2015,62000,2019,11,20,80.949,20,중동,1818,26350,,,
해운대힐스테이트위브,2015,80000,2019,11,20,134.3188,18,중동,1818,26350,,,
해운대힐스테이트위브,2015,94000,2019,11,20,153.5704,36,중동,1818,26350,,,
해운대힐스테이트위브,2015,84000,2019,11,20,129.1554,6,중동,1818,26350,,,
현대,1996,39000,2019,11,20,84.41,13,좌동,1337,26350,,,
화목,1996,43000,2019,11,20,101.76,4,좌동,1310,26350,,,
SKVIEW,1998,21000,2019,11,21,59.99,12,좌동,1450,26350,,,
SKVIEW,1998,21000,2019,11,21,59.91,9,좌동,1450,26350,,,
SKVIEW,1998,21700,2019,11,21,59.91,14,좌동,1450,26350,,,
건영2,1997,41000,2019,11,21,84.84,7,좌동,1298,26350,,,
경남,1997,43500,2019,11,21,101.94,8,좌동,1375,26350,,,
달맞이유림노르웨이숲,2017,54000,2019,11,21,84.9136,10,중동,1821,26350,,,
대동타운,1996,29300,2019,11,21,59.95,21,좌동,1288,26350,,,
대우,1996,51500,2019,11,21,134.64,24,좌동,1333,26350,,,
대우2,1998,46000,2019,11,21,134.64,24,좌동,1438,26350,,,
대우동삼,1993,47000,2019,11,21,84.87,10,우동,1007-16,26350,,,
대우월드마크센텀,2010,96000,2019,11,21,117.42,8,우동,1488,26350,,,
더샵센텀누리,2014,57900,2019,11,21,127.782,3,재송동,1223,26350,,,
더샵센텀누리,2014,63000,2019,11,21,127.782,14,재송동,1223,26350,,,
더샵센텀스타,2008,113000,2019,11,21,164.32,31,재송동,1196,26350,,,
더샵센텀스타,2008,83000,2019,11,21,135.65,40,재송동,1196,26350,,,
더샵센텀스타,2008,150000,2019,11,21,215.64,46,재송동,1196,26350,,,
더샵센텀파크1차,2005,95000,2019,11,21,126.9004,39,재송동,1200,26350,,,
더샵센텀파크1차,2005,69500,2019,11,21,84.6528,25,재송동,1200,26350,,,
더샵센텀파크1차,2005,68500,2019,11,21,84.6528,11,재송동,1200,26350,,,
롯데3차,1997,32000,2019,11,21,59.6,17,좌동,1300,26350,,,
메가센텀한화꿈에그린,2008,47000,2019,11,21,119.3506,16,반여동,1662,26350,,,
반도보라빌,2006,50000,2019,11,21,84.9073,14,우동,945,26350,,,
삼성,1997,31700,2019,11,21,59.944,13,좌동,1413,26350,,,
삼한2,1997,12500,2019,11,21,59.98,10,반송동,872,26350,,,
상록,1998,25400,2019,11,21,59.85,12,좌동,1331,26350,,,
센텀마리나,1993,19800,2019,11,21,69.95,5,우동,930-20,26350,,,
센텀센시빌,2003,38500,2019,11,21,84.9402,12,우동,1228,26350,,,
센텀우신골든빌,2006,23000,2019,11,21,76.0621,2,재송동,1048-3,26350,,,
센텀이편한세상,2006,51800,2019,11,21,84.98,27,재송동,939-2,26350,,,
센텀피오레1차,2005,32000,2019,11,21,84.9446,4,재송동,1302,26350,,,
센텀현대,1999,33000,2019,11,21,84.92,6,우동,1102-221,26350,,,
센텀현대,1999,36000,2019,11,21,84.92,7,우동,1102-221,26350,,,
센텀협성르네상스타운,2013,41000,2019,11,21,84.4011,28,재송동,1324,26350,,,
시영79년,1980,12500,2019,11,21,40.13,1,재송동,1030,26350,,,
시영80년,1981,14000,2019,11,21,46.94,4,재송동,1026-1,26350,,,
엘지,1996,26000,2019,11,21,59.94,3,좌동,1398,26350,,,
이진,1998,15500,2019,11,21,59.7,12,반송동,260-6,26350,,,
해운대 I PARK,2011,59900,2019,11,21,93.041,3,우동,1408,26350,,,
해운대경남아너스빌,2012,80000,2019,11,21,129.3652,25,중동,1788,26350,,,
해운대두산위브더제니스,2011,94500,2019,11,21,118.3775,38,우동,1407,26350,,,
해운대두산위브더제니스,2011,69500,2019,11,21,104.4925,16,우동,1407,26350,,,
해운대두산위브더제니스,2011,110000,2019,11,21,157.0176,36,우동,1407,26350,,,
해운대두산위브더제니스,2011,87000,2019,11,21,127.6584,34,우동,1407,26350,,,
해운대중동경동하나메르빌,2014,56000,2019,11,21,80.5341,22,중동,1796,26350,,,
해운대중동롯데캐슬마스터2,2007,48500,2019,11,21,84.9746,2,중동,181-1,26350,,,
해운대힐스테이트위브,2015,74000,2019,11,21,105.8829,37,중동,1818,26350,,,
해운대힐스테이트위브,2015,80500,2019,11,21,106.3407,29,중동,1818,26350,,,
현대그린맨션,1986,28200,2019,11,21,84.87,1,반여동,1411-10,26350,,,
현대그린맨션,1986,18500,2019,11,21,57.09,13,반여동,1411-10,26350,,,
화목,1996,49800,2019,11,21,155.41,6,좌동,1310,26350,,,
화목,1996,44000,2019,11,21,84.36,15,좌동,1310,26350,,,
SKVIEW,1998,22000,2019,11,22,59.91,17,좌동,1450,26350,,,
건영1,1998,52000,2019,11,22,164.76,17,좌동,1414,26350,,,
건영2,1997,36000,2019,11,22,84.64,8,좌동,1298,26350,,,
경남,1997,26000,2019,11,22,58.804,3,좌동,1375,26350,,,
경남선경,1996,37500,2019,11,22,84.93,12,좌동,1448,26350,,,
달맞이유림노르웨이숲,2017,57600,2019,11,22,84.8302,14,중동,1821,26350,,,
대동타운,1996,29000,2019,11,22,50.575,7,좌동,1288,26350,,,
대동타운,1996,34000,2019,11,22,84.88,2,좌동,1288,26350,,,
대우2,1998,27700,2019,11,22,59.946,2,좌동,1438,26350,,,
대우월드마크센텀,2010,125000,2019,11,22,134.69,27,우동,1488,26350,,,
더샵센텀누리,2014,42000,2019,11,22,84.982,18,재송동,1223,26350,,,
더샵센텀누리,2014,41000,2019,11,22,72.488,11,재송동,1223,26350,,,
더샵센텀파크1차,2005,73000,2019,11,22,84.6389,22,재송동,1200,26350,,,
더샵센텀파크1차,2005,134000,2019,11,22,175.1244,47,재송동,1200,26350,,,
더샵센텀파크2차,2005,74000,2019,11,22,127.489,3,재송동,1197,26350,,,
동부,1996,50000,2019,11,22,134.19,3,좌동,1412,26350,,,
동부올림픽타운,1999,42000,2019,11,22,59.8,4,우동,1008-5,26350,,,
두산1차아파트,1996,24700,2019,11,22,59.94,3,좌동,1394,26350,,,
두산1차아파트,1996,25500,2019,11,22,59.94,15,좌동,1394,26350,,,
두산1차아파트,1996,25000,2019,11,22,59.94,7,좌동,1394,26350,,,
롯데3차,1997,26000,2019,11,22,59.6,2,좌동,1300,26350,,,
롯데3차,1997,33200,2019,11,22,59.76,19,좌동,1300,26350,,,
메가센텀한화꿈에그린,2008,39800,2019,11,22,84.9793,10,반여동,1662,26350,,,
반도보라빌,2006,53000,2019,11,22,84.9073,21,우동,945,26350,,,
벽산1,1996,55000,2019,11,22,101.78,9,좌동,1321,26350,,,
벽산2,1996,26900,2019,11,22,59.73,9,좌동,1439,26350,,,
삼익그린맨션,1985,22000,2019,11,22,61.83,2,반여동,1405-31,26350,,,
센텀글로리아,1989,7350,2019,11,22,53.72,3,재송동,1160-12,26350,,,
센텀대림,1996,34000,2019,11,22,126.93,10,반여동,1199-11,26350,,,
센텀두산위브,2014,61800,2019,11,22,84.9988,5,우동,1105,26350,,,
센텀두산위브,2014,52000,2019,11,22,84.999,5,우동,1105,26350,,,
센텀롯데캐슬3차아파트,2005,23000,2019,11,22,59.6231,19,반여동,1641,26350,,,
센텀롯데캐슬아파트,2004,34500,2019,11,22,84.97,23,반여동,1619,26350,,,
센텀삼환Nauville,1996,36500,2019,11,22,59.86,13,우동,1100,26350,,,
센텀삼환Nauville,1996,36700,2019,11,22,59.86,15,우동,1100,26350,,,
센텀삼환Nauville,1996,38000,2019,11,22,84.84,5,우동,1100,26350,,,
센텀센시빌,2003,38500,2019,11,22,84.9402,7,우동,1228,26350,,,
센텀이편한세상,2006,42000,2019,11,22,84.842,9,재송동,939-2,26350,,,
시영79년,1980,14000,2019,11,22,40.13,3,재송동,1030,26350,,,
시영79년,1980,14000,2019,11,22,40.13,3,재송동,1030,26350,,,
시영80년,1981,13000,2019,11,22,43.9,2,재송동,1026-1,26350,,,
아시아선수촌아파트,2002,32500,2019,11,22,75.57,6,반여동,1638,26350,,,
아시아선수촌아파트,2002,27300,2019,11,22,59.92,6,반여동,1638,26350,,,
에이스스카이뷰,2019,20000,2019,11,22,60.33,10,송정동,199-3,26350,,,
엘지,1996,21400,2019,11,22,49.83,2,좌동,1398,26350,,,
엘지,1996,24500,2019,11,22,49.83,11,좌동,1398,26350,,,
영남,1996,25000,2019,11,22,59.585,18,좌동,1328,26350,,,
재송그린,1984,9200,2019,11,22,47.79,4,재송동,1146-1,26350,,,
재송동코오롱,1990,16800,2019,11,22,84.92,4,재송동,1123-20,26350,,,
중동에코하임,2015,31000,2019,11,22,84.65,5,중동,218-6,26350,,,
해운대 I PARK,2011,175000,2019,11,22,177.758,69,우동,1408,26350,,,
해운대경남아너스빌,2012,84700,2019,11,22,129.3652,18,중동,1788,26350,,,
해운대두산위브더제니스,2011,130000,2019,11,22,127.6584,60,우동,1407,26350,,,
해운대두산위브더제니스,2011,125000,2019,11,22,168.8988,42,우동,1407,26350,,,
해운대케이씨씨스위첸,2011,96000,2019,11,22,128.407,13,좌동,1492,26350,,,
해운대힐스테이트위브,2015,85000,2019,11,22,134.3188,36,중동,1818,26350,,,
현대(1051-2),1988,15500,2019,11,22,50.805,9,재송동,1051-2,26350,,,
현대그린맨션,1986,30000,2019,11,22,76.35,11,반여동,1411-10,26350,,,
현대카멜리아,2001,90000,2019,11,22,152.88,8,우동,1433,26350,,,
LH뜨란채아파트,1997,25300,2019,11,23,59.98,6,좌동,1278,26350,,,
건영1,1998,28500,2019,11,23,59.88,18,좌동,1414,26350,,,
경남선경,1996,22500,2019,11,23,59.85,4,좌동,1448,26350,,,
경동,1995,43000,2019,11,23,84.95,1,우동,974,26350,,,
대동타운,1996,35500,2019,11,23,84.88,7,좌동,1288,26350,,,
대림,1996,35500,2019,11,23,84.974,1,좌동,1396,26350,,,
대우2,1998,29700,2019,11,23,59.946,20,좌동,1438,26350,,,
대우2,1998,30500,2019,11,23,59.946,18,좌동,1438,26350,,,
대우금사,1995,21000,2019,11,23,84.99,21,반여동,586-2,26350,,,
대우마리나3,1994,72000,2019,11,23,84.936,13,우동,977,26350,,,
대원,1998,29900,2019,11,23,59.79,10,좌동,1307,26350,,,
더샵센텀누리,2014,50000,2019,11,23,84.972,21,재송동,1223,26350,,,
더샵센텀누리,2014,45000,2019,11,23,84.972,25,재송동,1223,26350,,,
더샵센텀스타,2008,75500,2019,11,23,115.93,46,재송동,1196,26350,,,
더샵센텀파크1차,2005,90000,2019,11,23,100.945,49,재송동,1200,26350,,,
더샵센텀파크1차,2005,93000,2019,11,23,126.9004,24,재송동,1200,26350,,,
더샵센텀파크2차,2005,67000,2019,11,23,100.945,6,재송동,1197,26350,,,
더샵센텀파크2차,2005,64500,2019,11,23,84.6389,25,재송동,1197,26350,,,
더샵센텀파크2차,2005,62500,2019,11,23,84.6389,24,재송동,1197,26350,,,
동부,1996,46750,2019,11,23,134.19,6,좌동,1412,26350,,,
동부올림픽타운,1999,52000,2019,11,23,84.96,1,우동,1008-5,26350,,,
동신,1996,21000,2019,11,23,55.68,1,좌동,1302,26350,,,
롯데3차,1997,26700,2019,11,23,59.6,2,좌동,1300,26350,,,
롯데3차,1997,29600,2019,11,23,59.6,9,좌동,1300,26350,,,
롯데4,1999,28000,2019,11,23,59.6,22,좌동,1419,26350,,,
롯데4,1999,23600,2019,11,23,59.6,3,좌동,1419,26350,,,
롯데캐슬마린,2004,56000,2019,11,23,84.9702,19,중동,1360,26350,,,
롯데캐슬마린,2004,50000,2019,11,23,84.9702,16,중동,1360,26350,,,
반도보라빌,2006,51400,2019,11,23,84.9073,18,우동,945,26350,,,
삼진그린,1993,21000,2019,11,23,59.22,3,우동,1102-29,26350,,,
삼호가든맨션,1985,84000,2019,11,23,128.27,9,우동,1104-1,26350,,,
센텀글로리아,1989,4500,2019,11,23,46.87,6,재송동,1160-12,26350,,,
센텀두산위브,2014,63000,2019,11,23,84.972,16,우동,1105,26350,,,
센텀두산위브,2014,60000,2019,11,23,84.972,6,우동,1105,26350,,,
센텀두산위브,2014,63000,2019,11,23,84.999,11,우동,1105,26350,,,
센텀삼익아파트,1981,15000,2019,11,23,49.96,3,재송동,1023,26350,,,
센텀삼환Nauville,1996,36000,2019,11,23,59.86,11,우동,1100,26350,,,
센텀삼흥,1986,16900,2019,11,23,47.52,3,재송동,97-1,26350,,,
센텀센시빌,2003,39000,2019,11,23,84.9402,10,우동,1228,26350,,,
센텀우신골든빌,2006,18250,2019,11,23,59.6054,9,재송동,1048-3,26350,,,
센텀이편한세상,2006,45500,2019,11,23,84.98,4,재송동,939-2,26350,,,
센텀이편한세상,2006,37800,2019,11,23,73.405,7,재송동,939-2,26350,,,
센텀피오레1차,2005,35500,2019,11,23,84.9446,18,재송동,1302,26350,,,
센텀협성르네상스타운,2013,46000,2019,11,23,84.9181,6,재송동,1324,26350,,,
송정세양시에당,2004,19200,2019,11,23,54.6756,8,송정동,311-1,26350,,,
시영79년,1980,15000,2019,11,23,40.13,3,재송동,1030,26350,,,
시영79년,1980,14500,2019,11,23,40.13,1,재송동,1030,26350,,,
시영79년,1980,15000,2019,11,23,40.13,3,재송동,1030,26350,,,
에이스스카이뷰,2019,19000,2019,11,23,60.33,13,송정동,199-3,26350,,,
엘지,1996,40000,2019,11,23,84.973,3,좌동,1398,26350,,,
한보장산,1995,10300,2019,11,23,59.8,17,재송동,1184-1,26350,,,
해운대 I PARK,2011,75000,2019,11,23,115.687,9,우동,1408,26350,,,
해운대 I PARK,2011,67500,2019,11,23,93.041,12,우동,1408,26350,,,
해운대 I PARK,2011,113000,2019,11,23,126.134,51,우동,1408,26350,,,
해운대두산위브더제니스,2011,106500,2019,11,23,157.0176,40,우동,1407,26350,,,
해운대두산위브더제니스,2011,123000,2019,11,23,157.0176,45,우동,1407,26350,,,
해운대두산위브더제니스,2011,92000,2019,11,23,118.3775,28,우동,1407,26350,,,
해운대두산위브더제니스,2011,73000,2019,11,23,104.4925,28,우동,1407,26350,,,
해운대두산위브더제니스,2011,76500,2019,11,23,111.07,3,우동,1407,26350,,,
해운대송정우림필유아파트,2015,24000,2019,11,23,59.9295,10,송정동,947,26350,,,
해운대자이1단지,2013,70000,2019,11,23,84.5368,3,우동,1527,26350,,,
해운대자이2차1단지,2018,88000,2019,11,23,84.7627,23,우동,1536,26350,,,
해운대자이2차1단지,2018,76000,2019,11,23,84.9188,6,우동,1536,26350,,,
해운대한신휴플러스,2014,53000,2019,11,23,84.8381,13,우동,777,26350,,,
해운대힐스테이트위브,2015,74500,2019,11,23,80.949,28,중동,1818,26350,,,
해운대힐스테이트위브,2015,73000,2019,11,23,105.8829,26,중동,1818,26350,,,
해운대힐스테이트위브,2015,72000,2019,11,23,105.8829,21,중동,1818,26350,,,
해운대힐스테이트위브,2015,74900,2019,11,23,105.8829,40,중동,1818,26350,,,
SKVIEW,1998,23800,2019,11,24,59.99,20,좌동,1450,26350,,,
더샵센텀파크1차,2005,86000,2019,11,24,125.4155,9,재송동,1200,26350,,,
벽산1,1996,58000,2019,11,24,134.95,11,좌동,1321,26350,,,
삼한2,1997,18600,2019,11,24,84.9,18,반송동,872,26350,,,
센텀롯데캐슬아파트,2004,28300,2019,11,24,59.9675,21,반여동,1619,26350,,,
센텀이편한세상,2006,39000,2019,11,24,73.405,15,재송동,939-2,26350,,,
시영79년,1980,14000,2019,11,24,40.13,4,재송동,1030,26350,,,
왕자,1979,27500,2019,11,24,65.16,3,반여동,1477-1,26350,,,
해운대 I PARK,2011,104000,2019,11,24,157.513,31,우동,1408,26350,,,
해운대두산위브더제니스,2011,117000,2019,11,24,168.8988,35,우동,1407,26350,,,
해운대한신휴플러스,2014,52000,2019,11,24,84.8381,9,우동,777,26350,,,
해운대힐스테이트위브,2015,68000,2019,11,24,105.8829,28,중동,1818,26350,,,
해운대힐스테이트위브,2015,59000,2019,11,24,102.3162,3,중동,1818,26350,,,
건영2,1997,40700,2019,11,25,84.84,15,좌동,1298,26350,,,
경남마리나,1996,73500,2019,11,25,84.93,3,우동,1388-1,26350,,,
경남선경,1996,40700,2019,11,25,116.25,5,좌동,1448,26350,,,
금호,1996,23500,2019,11,25,84.87,10,재송동,1041-3,26350,,,
대우월드마크센텀,2010,130000,2019,11,25,146.8,14,우동,1488,26350,,,
더샵센텀누리,2014,60000,2019,11,25,120.422,24,재송동,1223,26350,,,
더샵센텀파크1차,2005,83500,2019,11,25,126.9004,12,재송동,1200,26350,,,
더샵센텀파크1차,2005,99500,2019,11,25,125.4155,49,재송동,1200,26350,,,
더샵센텀파크1차,2005,69000,2019,11,25,100.945,48,재송동,1200,26350,,,
동신,1996,25150,2019,11,25,55.68,8,좌동,1302,26350,,,
두산2,1996,49700,2019,11,25,134.97,3,좌동,1319,26350,,,
두산2,1996,32400,2019,11,25,59.94,17,좌동,1319,26350,,,
롯데4,1999,27500,2019,11,25,59.6,12,좌동,1419,26350,,,
롯데4,1999,38500,2019,11,25,84.935,3,좌동,1419,26350,,,
반여현대,1995,15000,2019,11,25,59.92,5,반여동,1088,26350,,,
상록,1998,25500,2019,11,25,59.85,18,좌동,1331,26350,,,
센텀SKVIEW아파트,2001,27000,2019,11,25,84.77,4,반여동,1174-1,26350,,,
센텀롯데캐슬2차,2005,24000,2019,11,25,59.9675,5,반여동,1660,26350,,,
센텀센시빌,2003,40500,2019,11,25,84.9402,15,우동,1228,26350,,,
센텀우신골든빌,2006,18500,2019,11,25,59.6054,22,재송동,1048-3,26350,,,
센텀자유,1998,14950,2019,11,25,59.99,2,반여동,1063-4,26350,,,
센텀현대,1999,35700,2019,11,25,84.92,17,우동,1102-221,26350,,,
시영79년,1980,15000,2019,11,25,40.13,4,재송동,1030,26350,,,
시영79년,1980,14000,2019,11,25,40.13,5,재송동,1030,26350,,,
시영80년,1981,12900,2019,11,25,43.9,2,재송동,1026-1,26350,,,
시영80년,1981,12500,2019,11,25,46.94,3,재송동,1026-1,26350,,,
신성,1996,23500,2019,11,25,57.9,2,좌동,1271,26350,,,
엘지,1996,56500,2019,11,25,162.27,16,좌동,1398,26350,,,
엘지,1996,22850,2019,11,25,49.83,21,좌동,1398,26350,,,
한일,1996,50000,2019,11,25,128.37,3,좌동,1274,26350,,,
한일,1996,23900,2019,11,25,58.2,2,좌동,1274,26350,,,
해운대 I PARK,2011,59900,2019,11,25,110.447,4,우동,1408,26350,,,
해운대 센트럴파크,1998,18900,2019,11,25,59.99,1,좌동,1282,26350,,,
해운대두산위브더제니스,2011,88000,2019,11,25,127.6584,12,우동,1407,26350,,,
해운대두산위브더제니스,2011,123000,2019,11,25,168.8988,46,우동,1407,26350,,,
해운대두산위브더제니스,2011,80000,2019,11,25,111.07,23,우동,1407,26350,,,
해운대래미안,2014,58000,2019,11,25,84.987,2,중동,1793,26350,,,
해운대신시가지경동메르빌,2005,45600,2019,11,25,84.9271,19,중동,718-6,26350,,,
해운대케이씨씨스위첸,2011,95000,2019,11,25,128.407,12,좌동,1492,26350,,,
해운대힐스테이트위브,2015,85000,2019,11,25,129.8796,31,중동,1818,26350,,,
현대베네시티,2005,115000,2019,11,25,169.1829,5,우동,1432,26350,,,
현대카멜리아,2001,89000,2019,11,25,152.88,16,우동,1433,26350,,,
LH뜨란채아파트,1997,25000,2019,11,26,59.98,11,좌동,1278,26350,,,
건영2,1997,40800,2019,11,26,84.84,20,좌동,1298,26350,,,
경동,1995,35000,2019,11,26,58.695,7,우동,974,26350,,,
경동,1995,41500,2019,11,26,84.95,12,우동,974,26350,,,
광하주택A동,1987,7700,2019,11,26,42.91,2,반송동,93-1,26350,,,
대우마리나3,1994,56000,2019,11,26,59.81,4,우동,977,26350,,,
더샵센텀파크1차,2005,145000,2019,11,26,175.1244,38,재송동,1200,26350,,,
롯데3차,1997,26000,2019,11,26,59.6,11,좌동,1300,26350,,,
롯데4,1999,28900,2019,11,26,59.6,12,좌동,1419,26350,,,
롯데4,1999,39500,2019,11,26,84.935,22,좌동,1419,26350,,,
메가센텀한화꿈에그린,2008,41000,2019,11,26,84.9304,3,반여동,1662,26350,,,
메가센텀한화꿈에그린,2008,50000,2019,11,26,129.749,10,반여동,1662,26350,,,
보훈,1979,3550,2019,11,26,40.66,4,반여동,1594-1,26350,,,
삼성,1997,39000,2019,11,26,84.996,4,좌동,1413,26350,,,
상록,1998,25500,2019,11,26,59.85,7,좌동,1331,26350,,,
선프라자,1995,33500,2019,11,26,84.87,11,우동,1434,26350,,,
센텀대림,1996,20000,2019,11,26,59.99,25,반여동,1199-11,26350,,,
센텀롯데캐슬3차아파트,2005,33000,2019,11,26,84.9798,4,반여동,1641,26350,,,
센텀롯데캐슬3차아파트,2005,24000,2019,11,26,59.6231,6,반여동,1641,26350,,,
센텀롯데캐슬아파트,2004,31500,2019,11,26,84.97,12,반여동,1619,26350,,,
센텀삼환Nauville,1996,35250,2019,11,26,59.86,4,우동,1100,26350,,,
센텀우신골든빌,2006,30700,2019,11,26,84.8404,6,재송동,1048-3,26350,,,
센텀우신골든빌,2006,18900,2019,11,26,59.6054,7,재송동,1048-3,26350,,,
센텀우신골든빌,2006,17700,2019,11,26,59.6054,14,재송동,1048-3,26350,,,
센텀자유,1998,14500,2019,11,26,59.95,21,반여동,1063-4,26350,,,
센텀현대,1999,33000,2019,11,26,84.92,6,우동,1102-221,26350,,,
시영79년,1980,14800,2019,11,26,40.13,4,재송동,1030,26350,,,
시영79년,1980,15000,2019,11,26,40.13,3,재송동,1030,26350,,,
시영80년,1981,14000,2019,11,26,43.9,3,재송동,1026-1,26350,,,
아시아선수촌아파트,2002,25411,2019,11,26,59.92,6,반여동,1638,26350,,,
엘지,1996,42000,2019,11,26,84.973,3,좌동,1398,26350,,,
엘지,1996,23500,2019,11,26,49.83,16,좌동,1398,26350,,,
일동미라주,2001,17500,2019,11,26,56.9704,9,반여동,1192-3,26350,,,
재송그린,1984,9800,2019,11,26,47.79,2,재송동,1146-1,26350,,,
해운대 I PARK,2011,65000,2019,11,26,90.993,47,우동,1408,26350,,,
해운대 I PARK,2011,70000,2019,11,26,115.687,29,우동,1408,26350,,,
해운대 센트럴파크,1998,21500,2019,11,26,49.73,13,좌동,1282,26350,,,
해운대두산위브더제니스,2011,96000,2019,11,26,111.07,29,우동,1407,26350,,,
해운대두산위브더제니스,2011,125000,2019,11,26,145.8083,63,우동,1407,26350,,,
해운대두산위브더제니스,2011,103000,2019,11,26,127.6584,47,우동,1407,26350,,,
해운대두산위브더제니스,2011,90000,2019,11,26,127.6584,24,우동,1407,26350,,,
해운대래미안,2014,67000,2019,11,26,84.987,25,중동,1793,26350,,,
해운대엑소디움,2009,75000,2019,11,26,139.328,25,우동,1398,26350,,,
해운대자이2차1단지,2018,50500,2019,11,26,59.8144,5,우동,1536,26350,,,
해운대케이씨씨스위첸,2011,96000,2019,11,26,128.16,16,좌동,1492,26350,,,
해운대한솔솔파크,2006,36000,2019,11,26,84.8773,7,우동,887-1,26350,,,
현대,1996,29000,2019,11,26,59.445,17,좌동,1337,26350,,,
혜성골든타운,1990,10750,2019,11,26,78.67,5,재송동,1162-1,26350,,,
화목,1996,34300,2019,11,26,56.345,13,좌동,1310,26350,,,
경남선경,1996,23100,2019,11,27,59.85,22,좌동,1448,26350,,,
달맞이유림노르웨이숲,2017,42000,2019,11,27,59.9676,5,중동,1821,26350,,,
대동타운,1996,28200,2019,11,27,59.95,23,좌동,1288,26350,,,
대우트럼프월드마린,2007,89000,2019,11,27,158.74,4,우동,1410,26350,,,
더샵센텀파크1차,2005,76700,2019,11,27,100.945,35,재송동,1200,26350,,,
더샵센텀파크1차,2005,65500,2019,11,27,84.6389,10,재송동,1200,26350,,,
동부올림픽타운,1999,49000,2019,11,27,84.96,16,우동,1008-5,26350,,,
두산위브포세이돈,2007,114500,2019,11,27,170.5,16,우동,1410-1,26350,,,
롯데4,1999,31500,2019,11,27,59.6,18,좌동,1419,26350,,,
삼한2,1997,20000,2019,11,27,84.9,14,반송동,872,26350,,,
삼호가든맨션,1985,79700,2019,11,27,114.395,11,우동,1104-1,26350,,,
삼호가든맨션,1985,56500,2019,11,27,63,9,우동,1104-1,26350,,,
센텀그린타워,1993,13500,2019,11,27,84.64,9,재송동,1187,26350,,,
센텀롯데캐슬2차,2005,38700,2019,11,27,122.988,3,반여동,1660,26350,,,
센텀삼익아파트,1981,12500,2019,11,27,53.246,7,재송동,1023,26350,,,
센텀삼익아파트,1981,17400,2019,11,27,70.582,13,재송동,1023,26350,,,
센텀센시빌,2003,39500,2019,11,27,84.9402,5,우동,1228,26350,,,
센텀우신골든빌,2006,24300,2019,11,27,76.0621,5,재송동,1048-3,26350,,,
센텀우신골든빌,2006,23800,2019,11,27,76.0621,7,재송동,1048-3,26350,,,
센텀이편한세상,2006,53000,2019,11,27,84.98,23,재송동,939-2,26350,,,
센텀현대,1999,26200,2019,11,27,59.84,12,우동,1102-221,26350,,,
에이스스카이뷰,2019,24985,2019,11,27,60.33,2,송정동,199-3,26350,,,
에이스스카이뷰,2019,24313,2019,11,27,60.33,3,송정동,199-3,26350,,,
에이스스카이뷰,2019,24313,2019,11,27,60.33,5,송정동,199-3,26350,,,
에이스스카이뷰,2019,24342,2019,11,27,60.33,6,송정동,199-3,26350,,,
에이스스카이뷰,2019,24342,2019,11,27,60.33,7,송정동,199-3,26350,,,
에이스스카이뷰,2019,24342,2019,11,27,60.33,8,송정동,199-3,26350,,,
에이스스카이뷰,2019,25213,2019,11,27,60.33,4,송정동,199-3,26350,,,
에이스스카이뷰,2019,25213,2019,11,27,60.33,5,송정동,199-3,26350,,,
에이스스카이뷰,2019,25242,2019,11,27,60.33,7,송정동,199-3,26350,,,
에이스스카이뷰,2019,26155,2019,11,27,60.33,9,송정동,199-3,26350,,,
에이스스카이뷰,2019,19135,2019,11,27,44.02,2,송정동,199-3,26350,,,
에이스스카이뷰,2019,17146,2019,11,27,38.31,2,송정동,199-3,26350,,,
에이스스카이뷰,2019,17380,2019,11,27,38.31,3,송정동,199-3,26350,,,
엘지,1996,52000,2019,11,27,134.94,15,좌동,1398,26350,,,
왕자,1979,37000,2019,11,27,65.16,1,반여동,1477-1,26350,,,
장산동국,1993,13750,2019,11,27,84.95,12,재송동,1182-1,26350,,,
한일,1996,36000,2019,11,27,84.93,4,좌동,1274,26350,,,
한일,1996,29000,2019,11,27,58.2,18,좌동,1274,26350,,,
해운대두산위브더제니스,2011,156000,2019,11,27,168.8988,66,우동,1407,26350,,,
해운대두산위브더제니스,2011,124000,2019,11,27,127.6584,49,우동,1407,26350,,,
해운대두산위브더제니스,2011,120500,2019,11,27,157.0176,71,우동,1407,26350,,,
해운대엔스타,2011,33800,2019,11,27,84.8709,3,우동,956-42,26350,,,
해운대중동롯데캐슬마스터2,2007,53900,2019,11,27,84.9746,15,중동,181-1,26350,,,
해운대케이씨씨스위첸,2011,85000,2019,11,27,128.16,2,좌동,1492,26350,,,
해운대힐스테이트위브,2015,143000,2019,11,27,153.5704,31,중동,1818,26350,,,
경남,1997,26500,2019,11,28,58.804,10,좌동,1375,26350,,,
경남,1997,40900,2019,11,28,84.034,12,좌동,1375,26350,,,
경남마리나,1996,73000,2019,11,28,84.93,2,우동,1388-1,26350,,,
경남마리나,1996,60000,2019,11,28,59.83,5,우동,1388-1,26350,,,
대림,1996,49500,2019,11,28,118.683,15,좌동,1396,26350,,,
대림비치,1977,28600,2019,11,28,60.1,3,중동,1396-1,26350,,,
대우2,1998,30000,2019,11,28,59.946,10,좌동,1438,26350,,,
대우트럼프월드센텀,2006,82000,2019,11,28,84.98,8,우동,1498,26350,,,
더샵센텀누리,2014,51000,2019,11,28,84.982,8,재송동,1223,26350,,,
더샵센텀스타,2008,47000,2019,11,28,98.51,43,재송동,1196,26350,,,
두산2,1996,47500,2019,11,28,84.9,22,좌동,1319,26350,,,
롯데캐슬마린,2004,64000,2019,11,28,101.927,30,중동,1360,26350,,,
메가센텀한화꿈에그린,2008,39000,2019,11,28,84.9793,12,반여동,1662,26350,,,
뷔센하우스,2006,88000,2019,11,28,240.17,2,중동,1498-9,26350,,,
삼한5차,2002,13500,2019,11,28,59.94,17,반송동,886,26350,,,
센텀골든파크,1995,7900,2019,11,28,59.46,12,재송동,1157-1,26350,,,
센텀동부센트레빌,2006,41000,2019,11,28,84.9749,21,재송동,380-1,26350,,,
센텀두산위브,2014,63000,2019,11,28,84.999,15,우동,1105,26350,,,
센텀엘카사,2018,25800,2019,11,28,44.915,6,우동,1196-12,26350,,,
센텀이편한세상,2006,43000,2019,11,28,73.405,17,재송동,939-2,26350,,,
센텀피오레1차,2005,33500,2019,11,28,74.2233,20,재송동,1302,26350,,,
센텀피오레1차,2005,33300,2019,11,28,74.2233,18,재송동,1302,26350,,,
시영79년,1980,15500,2019,11,28,40.13,2,재송동,1030,26350,,,
시영79년,1980,15000,2019,11,28,40.13,2,재송동,1030,26350,,,
시영80년,1981,13000,2019,11,28,43.9,1,재송동,1026-1,26350,,,
아시아선수촌아파트,2002,34000,2019,11,28,75.57,23,반여동,1638,26350,,,
엘지,1996,52000,2019,11,28,134.94,12,좌동,1398,26350,,,
영광그린파크(가),1993,16800,2019,11,28,84.87,5,재송동,1128-4,26350,,,
이진캐스빌,1989,23000,2019,11,28,84.42,4,중동,1526-1,26350,,,
해운대 I PARK,2011,64500,2019,11,28,93.041,34,우동,1408,26350,,,
해운대 I PARK,2011,127000,2019,11,28,156.504,54,우동,1408,26350,,,
해운대 I PARK,2011,59000,2019,11,28,90.845,41,우동,1408,26350,,,
해운대 I PARK,2011,94500,2019,11,28,110.477,40,우동,1408,26350,,,
해운대경동제이드,2012,148000,2019,11,28,169.7095,29,우동,763,26350,,,
해운대두산위브더제니스,2011,83000,2019,11,28,127.6584,11,우동,1407,26350,,,
해운대래미안,2014,65500,2019,11,28,84.984,6,중동,1793,26350,,,
해운대중동경동하나메르빌,2014,53000,2019,11,28,80.5341,20,중동,1796,26350,,,
해운대중동경동하나메르빌,2014,58500,2019,11,28,80.5341,11,중동,1796,26350,,,
해운대중동롯데캐슬마스터2,2007,61000,2019,11,28,123.2898,7,중동,181-1,26350,,,
현대,1996,48500,2019,11,28,134.005,5,좌동,1337,26350,,,
현대,1996,42300,2019,11,28,84.41,15,좌동,1337,26350,,,
화목데파트,1998,22500,2019,11,28,60,5,좌동,1314-2,26350,,,
SKVIEW,1998,23000,2019,11,29,59.99,19,좌동,1450,26350,,,
SKVIEW,1998,19500,2019,11,29,49.98,5,좌동,1450,26350,,,
경동,1995,54000,2019,11,29,84.95,6,우동,974,26350,,,
남흥,1996,20800,2019,11,29,84.88,9,반송동,887,26350,,,
대림,1996,58000,2019,11,29,164.841,20,좌동,1396,26350,,,
대림2,1997,27900,2019,11,29,59.816,12,좌동,1286,26350,,,
대우,1996,39900,2019,11,29,101.94,1,좌동,1333,26350,,,
대우트럼프월드센텀,2006,89500,2019,11,29,84.97,35,우동,1498,26350,,,
더샵센텀누리,2014,55000,2019,11,29,101.251,13,재송동,1223,26350,,,
동부올림픽타운,1999,46500,2019,11,29,59.8,20,우동,1008-5,26350,,,
두산2,1996,46800,2019,11,29,84.9,5,좌동,1319,26350,,,
메가센텀한화꿈에그린,2008,49500,2019,11,29,119.6109,7,반여동,1662,26350,,,
메가센텀한화꿈에그린,2008,54300,2019,11,29,135.1946,17,반여동,1662,26350,,,
메가센텀한화꿈에그린,2008,48200,2019,11,29,100.9973,8,반여동,1662,26350,,,
벽산삼협,1997,13800,2019,11,29,59.916,12,반송동,892,26350,,,
삼호가든맨션,1985,65000,2019,11,29,84.99,11,우동,1104-1,26350,,,
센텀대림,1996,20000,2019,11,29,59.99,24,반여동,1199-11,26350,,,
센텀동부센트레빌,2006,35700,2019,11,29,84.9926,4,재송동,380-1,26350,,,
센텀롯데캐슬3차아파트,2005,27000,2019,11,29,59.9399,1,반여동,1641,26350,,,
센텀롯데캐슬아파트,2004,31000,2019,11,29,84.97,7,반여동,1619,26350,,,
센텀삼익아파트,1981,11600,2019,11,29,53.25,3,재송동,1023,26350,,,
센텀삼익아파트,1981,14000,2019,11,29,53.25,8,재송동,1023,26350,,,
센텀삼익아파트,1981,13500,2019,11,29,49.96,3,재송동,1023,26350,,,
센텀삼익아파트,1981,14500,2019,11,29,53.25,3,재송동,1023,26350,,,
센텀이진캐스빌,1993,17300,2019,11,29,84.89,5,재송동,111,26350,,,
센텀재송빌,1991,11800,2019,11,29,59.13,5,재송동,273-3,26350,,,
센텀피오레1차,2005,36000,2019,11,29,84.9446,19,재송동,1302,26350,,,
센텀협성르네상스타운,2013,42900,2019,11,29,73.4795,2,재송동,1324,26350,,,
신동아,1992,19000,2019,11,29,83.76,3,재송동,131,26350,,,
신성,1996,24300,2019,11,29,57.9,2,좌동,1271,26350,,,
아시아선수촌아파트,2002,32800,2019,11,29,75.57,14,반여동,1638,26350,,,
아시아선수촌아파트,2002,40000,2019,11,29,118.72,1,반여동,1638,26350,,,
아시아선수촌아파트,2002,35400,2019,11,29,84.8,2,반여동,1638,26350,,,
왕자,1979,38000,2019,11,29,65.16,2,반여동,1477-1,26350,,,
일동미라주,2001,16000,2019,11,29,56.9704,10,반여동,1192-3,26350,,,
재송그린,1984,10300,2019,11,29,47.79,1,재송동,1146-1,26350,,,
해운대 I PARK,2011,110000,2019,11,29,157.513,36,우동,1408,26350,,,
해운대 I PARK,2011,81000,2019,11,29,114.381,51,우동,1408,26350,,,
해운대 I PARK,2011,80000,2019,11,29,112.135,13,우동,1408,26350,,,
해운대두산위브더제니스,2011,88500,2019,11,29,127.6584,30,우동,1407,26350,,,
해운대두산위브더제니스,2011,87000,2019,11,29,111.07,27,우동,1407,26350,,,
해운대래미안,2014,81000,2019,11,29,114.4345,20,중동,1793,26350,,,
해운대케이씨씨스위첸,2011,105000,2019,11,29,128.407,27,좌동,1492,26350,,,
현대베네시티,2005,105000,2019,11,29,188.4111,23,우동,1432,26350,,,
LH뜨란채아파트,1997,24500,2019,11,30,59.98,10,좌동,1278,26350,,,
건영1,1998,47000,2019,11,30,134.83,15,좌동,1414,26350,,,
경남선경,1996,24000,2019,11,30,59.85,22,좌동,1448,26350,,,
경동,1995,38500,2019,11,30,58.695,13,우동,974,26350,,,
경동,1995,32000,2019,11,30,59.535,1,우동,974,26350,,,
남성선파크,1988,11000,2019,11,30,56.1,2,재송동,1151-2,26350,,,
대림,1996,26000,2019,11,30,59.816,17,좌동,1396,26350,,,
대림,1996,40500,2019,11,30,84.974,3,좌동,1396,26350,,,
대림,1996,54000,2019,11,30,134.25,5,좌동,1396,26350,,,
대우,1996,39500,2019,11,30,101.94,2,좌동,1333,26350,,,
대우마리나3,1994,75000,2019,11,30,101.72,2,우동,977,26350,,,
대우트럼프월드센텀,2006,128500,2019,11,30,131.48,26,우동,1498,26350,,,
대우트럼프월드센텀,2006,86000,2019,11,30,84.97,19,우동,1498,26350,,,
더샵센텀스타,2008,64500,2019,11,30,109.14,30,재송동,1196,26350,,,
더샵센텀파크1차,2005,66000,2019,11,30,84.6389,6,재송동,1200,26350,,,
더샵센텀파크1차,2005,74000,2019,11,30,84.6389,32,재송동,1200,26350,,,
더샵센텀파크2차,2005,64000,2019,11,30,84.6389,38,재송동,1197,26350,,,
더샵센텀파크2차,2005,70000,2019,11,30,100.945,43,재송동,1197,26350,,,
더샵센텀파크2차,2005,61800,2019,11,30,84.6389,35,재송동,1197,26350,,,
동부,1996,46000,2019,11,30,134.19,3,좌동,1412,26350,,,
두산1차아파트,1996,44200,2019,11,30,134.97,7,좌동,1394,26350,,,
두산2,1996,41400,2019,11,30,84.9,3,좌동,1319,26350,,,
롯데3차,1997,33600,2019,11,30,59.6,11,좌동,1300,26350,,,
롯데캐슬마린,2004,55000,2019,11,30,101.927,7,중동,1360,26350,,,
메가센텀한화꿈에그린,2008,37000,2019,11,30,84.9793,4,반여동,1662,26350,,,
벽산1,1996,65000,2019,11,30,164.74,16,좌동,1321,26350,,,
벽산2,1996,37000,2019,11,30,84.99,3,좌동,1439,26350,,,
벽산2,1996,39800,2019,11,30,84.99,14,좌동,1439,26350,,,
삼한2,1997,12500,2019,11,30,59.92,12,반송동,872,26350,,,
삼호가든맨션,1985,68600,2019,11,30,84.99,2,우동,1104-1,26350,,,
센텀SKVIEW아파트,2001,29000,2019,11,30,84.77,25,반여동,1174-1,26350,,,
센텀동부센트레빌,2006,41000,2019,11,30,84.9749,9,재송동,380-1,26350,,,
센텀롯데캐슬아파트,2004,31000,2019,11,30,84.97,7,반여동,1619,26350,,,
센텀롯데캐슬아파트,2004,37150,2019,11,30,101.7996,7,반여동,1619,26350,,,
센텀롯데캐슬아파트,2004,25000,2019,11,30,59.9675,2,반여동,1619,26350,,,
센텀삼환Nauville,1996,50000,2019,11,30,123.78,1,우동,1100,26350,,,
센텀센시빌,2003,42000,2019,11,30,84.9402,7,우동,1228,26350,,,
센텀센시빌,2003,39500,2019,11,30,84.9402,7,우동,1228,26350,,,
센텀엘카사,2018,33000,2019,11,30,51.9046,25,우동,1196-12,26350,,,
센텀우신골든빌,2006,23500,2019,11,30,76.0621,6,재송동,1048-3,26350,,,
센텀이편한세상,2006,44500,2019,11,30,84.842,7,재송동,939-2,26350,,,
송정세양시에당,2004,23000,2019,11,30,59.9669,6,송정동,311-1,26350,,,
시영79년,1980,15000,2019,11,30,40.13,4,재송동,1030,26350,,,
시영79년,1980,15250,2019,11,30,40.13,1,재송동,1030,26350,,,
시영79년,1980,15000,2019,11,30,40.13,5,재송동,1030,26350,,,
엘지,1996,32000,2019,11,30,59.94,18,좌동,1398,26350,,,
엘지,1996,29000,2019,11,30,59.94,23,좌동,1398,26350,,,
왕자,1979,35600,2019,11,30,65.16,3,반여동,1477-1,26350,,,
일동미라주,2001,16600,2019,11,30,56.9704,23,반여동,1192-3,26350,,,
중동맨션,1978,20000,2019,11,30,66.78,4,중동,1520-8,26350,,,
한일,1996,27700,2019,11,30,58.2,13,좌동,1274,26350,,,
해운대 I PARK,2011,100000,2019,11,30,126.607,38,우동,1408,26350,,,
해운대 센트럴파크,1998,22000,2019,11,30,49.73,14,좌동,1282,26350,,,
해운대두산위브더제니스,2011,85000,2019,11,30,127.6584,18,우동,1407,26350,,,
해운대래미안,2014,63000,2019,11,30,84.984,19,중동,1793,26350,,,
해운대비치베르빌,2005,29800,2019,11,30,84.99,15,중동,1199-5,26350,,,
해운대신시가지경동메르빌,2005,56000,2019,11,30,115.1516,12,중동,718-6,26350,,,
해운대케이씨씨스위첸,2011,73000,2019,11,30,84.996,3,좌동,1492,26350,,,
해운대힐스테이트위브,2015,72000,2019,11,30,98.1948,21,중동,1818,26350,,,
현대(1051-2),1988,15400,2019,11,30,50.805,13,재송동,1051-2,26350,,,
현대3,1995,10000,2019,11,30,59.97,3,반여동,1291-1460,26350,,,
화목,1996,32000,2019,11,30,56.345,18,좌동,1310,26350,,,
