단지명,건축년도,거래금액(만원),계약년,계약월,계약일,전용면적(㎡),층,법정동,지번,시군구코드,거래유형,매수자구분,매도자구분
벽산첼시빌,1999,45000,2020,10,1,164.94,1,중동,1497-7,26350,,,
LH뜨란채아파트,1997,25100,2020,10,2,59.98,13,좌동,1278,26350,,,
대림3,1997,40300,2020,10,2,84.974,13,좌동,1374,26350,,,
유창맨션,1981,16000,2020,10,2,49.95,1,재송동,661-1,26350,,,
대우금사,1995,21500,2020,10,3,84.99,3,반여동,586-2,26350,,,
해운대 I PARK,2011,70000,2020,10,3,83.012,54,우동,1408,26350,,,
해운대 I PARK,2011,178000,2020,10,3,162.829,24,우동,1408,26350,,,
해운대 I PARK,2011,81000,2020,10,3,80.794,32,우동,1408,26350,,,
해운대 I PARK,2011,70000,2020,10,3,83.012,54,우동,1408,26350,,,
해운대두산위브더제니스,2011,114000,2020,10,3,111.07,21,우동,1407,26350,,,
해운대두산위브더제니스,2011,75000,2020,10,3,99.4067,24,우동,1407,26350,,,
시영79년,1980,23500,2020,10,4,40.13,2,재송동,1030,26350,,,
해운대 I PARK,2011,176000,2020,10,4,161.661,32,우동,1408,26350,,,
해운대동백두산위브더제니스,2019,70000,2020,10,4,84.54,11,우동,1544,26350,,,
해운대힐스테이트위브,2015,68500,2020,10,4,81.3754,16,중동,1818,26350,,,
SKVIEW,1998,18000,2020,10,5,49.73,19,좌동,1450,26350,,,
SKVIEW,1998,21500,2020,10,5,59.91,3,좌동,1450,26350,,,
광하주택2,1988,8200,2020,10,5,43.97,3,반송동,93,26350,,,
대우,1996,58300,2020,10,5,155.31,14,좌동,1333,26350,,,
더샵센텀스타,2008,78900,2020,10,5,109.14,9,재송동,1196,26350,,,
두산위브포세이돈,2007,132500,2020,10,5,170.5,18,우동,1410-1,26350,,,
롯데,1993,75000,2020,10,5,84.84,5,우동,938,26350,,,
벽산금호,1991,24000,2020,10,5,79.92,10,우동,397-117,26350,,,
삼강,1983,15500,2020,10,5,32.73,3,중동,1402-5,26350,,,
삼성,1997,32000,2020,10,5,59.944,10,좌동,1413,26350,,,
삼호가든맨션,1985,87200,2020,10,5,63,1,우동,1104-1,26350,,,
센텀더세진,2018,21800,2020,10,5,77.163,3,반송동,227-1,26350,,,
센텀두산위브,2014,43500,2020,10,5,53.107,21,우동,1105,26350,,,
센텀리슈빌2단지,2019,73000,2020,10,5,84.6823,9,재송동,1355,26350,,,
센텀삼익아파트,1981,20500,2020,10,5,53.25,11,재송동,1023,26350,,,
센텀삼익아파트,1981,20500,2020,10,5,53.25,11,재송동,1023,26350,,,
센텀삼익아파트,1981,23000,2020,10,5,49.96,11,재송동,1023,26350,,,
센텀삼익아파트,1981,24500,2020,10,5,70.582,13,재송동,1023,26350,,,
센텀우신골든빌,2006,28500,2020,10,5,84.8404,11,재송동,1048-3,26350,,,
센텀우신골든빌,2006,18700,2020,10,5,59.6054,4,재송동,1048-3,26350,,,
센텀우신골든빌,2006,27000,2020,10,5,84.8404,4,재송동,1048-3,26350,,,
센텀이편한세상,2006,50000,2020,10,5,73.405,7,재송동,939-2,26350,,,
센텀피오레1차,2005,38800,2020,10,5,74.2233,20,재송동,1302,26350,,,
센텀협성르네상스타운,2013,54800,2020,10,5,84.9181,9,재송동,1324,26350,,,
신동비치,1991,31000,2020,10,5,84.86,11,우동,345-6,26350,,,
신동비치,1991,26500,2020,10,5,84.86,11,우동,345-6,26350,,,
신동비치,1991,27500,2020,10,5,84.86,6,우동,345-6,26350,,,
우신,2001,21900,2020,10,5,84.975,15,반여동,585,26350,,,
재송그린,1984,11200,2020,10,5,36.33,5,재송동,1146-1,26350,,,
중동에코하임,2015,23500,2020,10,5,58.16,6,중동,218-6,26350,,,
한라,1996,29400,2020,10,5,60,10,좌동,1323,26350,,,
해운대 I PARK,2011,108000,2020,10,5,108.108,44,우동,1408,26350,,,
해운대 I PARK,2011,69000,2020,10,5,90.993,13,우동,1408,26350,,,
해운대두산위브더제니스,2011,150000,2020,10,5,145.8083,33,우동,1407,26350,,,
해운대한솔솔파크,2006,36900,2020,10,5,84.8627,9,우동,887-1,26350,,,
해운대힐스테이트위브,2015,130000,2020,10,5,153.5704,28,중동,1818,26350,,,
해운대힐스테이트위브,2015,150000,2020,10,5,153.5704,28,중동,1818,26350,,,
해운파크맨션,1985,38800,2020,10,5,77.76,5,우동,397-68,26350,,,
현대(1051-2),1988,17800,2020,10,5,50.805,5,재송동,1051-2,26350,,,
남흥,1996,18000,2020,10,6,84.88,5,반송동,887,26350,,,
대우,1996,41800,2020,10,6,84.962,7,좌동,1333,26350,,,
대우,1996,31300,2020,10,6,59.946,7,좌동,1333,26350,,,
대우마리나2,1992,152500,2020,10,6,134.6549,7,우동,1388-4,26350,,,
대창,1996,49000,2020,10,6,134.64,14,좌동,1273,26350,,,
대창,1996,38500,2020,10,6,84.962,16,좌동,1273,26350,,,
대창,1996,45500,2020,10,6,134.64,14,좌동,1273,26350,,,
동신,1996,23500,2020,10,6,55.68,5,좌동,1302,26350,,,
두산1차아파트,1996,39000,2020,10,6,101.7,1,좌동,1394,26350,,,
두산1차아파트,1996,25900,2020,10,6,59.94,4,좌동,1394,26350,,,
롯데4,1999,27850,2020,10,6,59.6,21,좌동,1419,26350,,,
벽산2,1996,38500,2020,10,6,84.99,3,좌동,1439,26350,,,
벽산금호,1991,23000,2020,10,6,82.62,6,우동,397-117,26350,,,
삼진그린,1993,22800,2020,10,6,59.22,5,우동,1102-29,26350,,,
삼호가든맨션,1985,117000,2020,10,6,128.27,9,우동,1104-1,26350,,,
센텀경동리인,2018,72700,2020,10,6,82.7831,4,우동,1543,26350,,,
센텀이편한세상,2006,68000,2020,10,6,84.98,8,재송동,939-2,26350,,,
센텀피오레1차,2005,39500,2020,10,6,84.9446,8,재송동,1302,26350,,,
센텀현대,1999,28300,2020,10,6,73.37,10,우동,1102-221,26350,,,
센텀협성,1987,16600,2020,10,6,53.28,1,재송동,1025-1,26350,,,
센텀협성르네상스타운,2013,49800,2020,10,6,84.4011,17,재송동,1324,26350,,,
스카이맨션,1975,10000,2020,10,6,35.8,2,중동,1516-2,26350,,,
스카이맨션,1975,10000,2020,10,6,35.7,2,중동,1516-2,26350,,,
시영79년,1980,24000,2020,10,6,40.13,1,재송동,1030,26350,,,
시영80년,1981,20000,2020,10,6,43.9,2,재송동,1026-1,26350,,,
시영80년,1981,22000,2020,10,6,43.9,1,재송동,1026-1,26350,,,
아시아선수촌아파트,2002,53000,2020,10,6,134.7,7,반여동,1638,26350,,,
엘지,1996,61500,2020,10,6,134.94,23,좌동,1398,26350,,,
엘지,1996,48800,2020,10,6,84.973,13,좌동,1398,26350,,,
엘지,1996,59000,2020,10,6,134.94,23,좌동,1398,26350,,,
엘지,1996,45800,2020,10,6,84.973,13,좌동,1398,26350,,,
우신골든메르시아,2010,64500,2020,10,6,150.21,26,우동,1410-2,26350,,,
재송그린,1984,16500,2020,10,6,50.31,3,재송동,1146-1,26350,,,
재송그린,1984,11500,2020,10,6,36.33,3,재송동,1146-1,26350,,,
해운대 I PARK,2011,103000,2020,10,6,110.447,26,우동,1408,26350,,,
해운대 I PARK,2011,86000,2020,10,6,110.447,11,우동,1408,26350,,,
해운대두산위브더제니스,2011,150000,2020,10,6,145.8083,35,우동,1407,26350,,,
해운대래미안,2014,76800,2020,10,6,84.987,8,중동,1793,26350,,,
해운대래미안,2014,76500,2020,10,6,84.987,14,중동,1793,26350,,,
해운대힐스테이트위브,2015,79000,2020,10,6,102.3162,22,중동,1818,26350,,,
해운대힐스테이트위브,2015,80700,2020,10,6,98.1948,10,중동,1818,26350,,,
현대(1051-2),1988,16200,2020,10,6,41.235,5,재송동,1051-2,26350,,,
화목,1996,36000,2020,10,6,56.345,22,좌동,1310,26350,,,
화목,1996,59000,2020,10,6,134.19,16,좌동,1310,26350,,,
경남선경,1996,24500,2020,10,7,59.85,11,좌동,1448,26350,,,
경동,1995,55000,2020,10,7,59.535,12,우동,974,26350,,,
대림,1996,46500,2020,10,7,84.974,13,좌동,1396,26350,,,
대림2,1997,51500,2020,10,7,101.984,11,좌동,1286,26350,,,
대림2,1997,43800,2020,10,7,101.984,1,좌동,1286,26350,,,
대우마리나2,1992,117500,2020,10,7,84.2249,5,우동,1388-4,26350,,,
대창,1996,26500,2020,10,7,59.946,18,좌동,1273,26350,,,
더샵센텀스타,2008,82000,2020,10,7,109.14,19,재송동,1196,26350,,,
동부올림픽타운,1999,86500,2020,10,7,84.96,10,우동,1008-5,26350,,,
두산1차아파트,1996,36500,2020,10,7,84.9,17,좌동,1394,26350,,,
두산1차아파트,1996,45000,2020,10,7,134.97,6,좌동,1394,26350,,,
두산위브포세이돈,2007,125000,2020,10,7,170.5,9,우동,1410-1,26350,,,
디마크하우스,2018,160000,2020,10,7,185.79,5,중동,1501-5,26350,,,
롯데,1993,75000,2020,10,7,84.84,12,우동,938,26350,,,
롯데2,1998,37800,2020,10,7,84.99,10,좌동,1386,26350,,,
벽산한솔타운,1995,15300,2020,10,7,59.794,4,반여동,1063-2,26350,,,
센텀SKVIEW아파트,2001,24650,2020,10,7,76.56,20,반여동,1174-1,26350,,,
센텀경동리인,2018,72000,2020,10,7,84.558,5,우동,1543,26350,,,
센텀대림,1996,30000,2020,10,7,84.98,18,반여동,1199-11,26350,,,
센텀동부센트레빌,2006,52500,2020,10,7,84.9926,19,재송동,380-1,26350,,,
센텀롯데캐슬2차,2005,24800,2020,10,7,59.9675,10,반여동,1660,26350,,,
센텀삼익아파트,1981,26000,2020,10,7,70.582,5,재송동,1023,26350,,,
센텀천일스카이원,2020,51500,2020,10,7,81.1556,19,재송동,1360,26350,,,
시영79년,1980,23800,2020,10,7,40.13,2,재송동,1030,26350,,,
신동비치,1991,28000,2020,10,7,84.86,9,우동,345-6,26350,,,
아시아선수촌아파트,2002,33000,2020,10,7,59.92,10,반여동,1638,26350,,,
엘지,1996,49000,2020,10,7,84.973,10,좌동,1398,26350,,,
엘지,1996,47000,2020,10,7,84.973,10,좌동,1398,26350,,,
왕자,1979,62500,2020,10,7,65.16,4,반여동,1477-1,26350,,,
해운대 I PARK,2011,168500,2020,10,7,168.5,29,우동,1408,26350,,,
해운대 I PARK,2011,168500,2020,10,7,168.5,29,우동,1408,26350,,,
해운대 I PARK,2011,70000,2020,10,7,98.478,5,우동,1408,26350,,,
해운대더샵센텀그린,2019,36500,2020,10,7,59.9607,21,반여동,1672,26350,,,
해운대더샵센텀그린,2019,34500,2020,10,7,59.9607,21,반여동,1672,26350,,,
해운대자이1단지,2013,77000,2020,10,7,59.526,25,우동,1527,26350,,,
해운대힐스테이트위브,2015,61000,2020,10,7,102.3162,9,중동,1818,26350,,,
SKVIEW,1998,23000,2020,10,8,59.91,10,좌동,1450,26350,,,
경남,1997,53000,2020,10,8,134.47,17,좌동,1375,26350,,,
그린파크,1988,9800,2020,10,8,47.68,2,반여동,1600-1,26350,,,
달맞이경동메르빌,2002,78000,2020,10,8,163.079,15,중동,1515-2,26350,,,
달맞이경동메르빌,2002,75000,2020,10,8,135.06,14,중동,1515-2,26350,,,
달맞이경동메르빌,2002,40000,2020,10,8,84.951,6,중동,1515-2,26350,,,
대림2,1997,27000,2020,10,8,59.816,4,좌동,1286,26350,,,
대림맨션,1975,27000,2020,10,8,37.98,4,중동,1405-10,26350,,,
대우금사,1995,21000,2020,10,8,84.99,23,반여동,586-2,26350,,,
대우금사,1995,15000,2020,10,8,59.91,15,반여동,586-2,26350,,,
대원,1998,59000,2020,10,8,164.94,19,좌동,1307,26350,,,
두산1차아파트,1996,42200,2020,10,8,101.7,3,좌동,1394,26350,,,
두산2,1996,32000,2020,10,8,59.94,10,좌동,1319,26350,,,
롯데,1993,74000,2020,10,8,84.84,7,우동,938,26350,,,
메가센텀한화꿈에그린,2008,47300,2020,10,8,84.9304,20,반여동,1662,26350,,,
벽산2,1996,43500,2020,10,8,84.99,18,좌동,1439,26350,,,
벽산삼협,1997,14700,2020,10,8,59.916,17,반송동,892,26350,,,
삼정코아,2003,28000,2020,10,8,59.9389,3,좌동,1315,26350,,,
센텀두산위브,2014,74000,2020,10,8,84.999,10,우동,1105,26350,,,
센텀롯데캐슬2차,2005,28500,2020,10,8,84.97,6,반여동,1660,26350,,,
센텀롯데캐슬아파트,2004,35000,2020,10,8,101.7996,5,반여동,1619,26350,,,
센텀삼익아파트,1981,27000,2020,10,8,53.246,9,재송동,1023,26350,,,
센텀삼환Nauville,1996,69000,2020,10,8,84.84,18,우동,1100,26350,,,
센텀센시빌,2003,52000,2020,10,8,84.9402,8,우동,1228,26350,,,
센텀피오레1차,2005,39000,2020,10,8,74.2233,10,재송동,1302,26350,,,
센텀현대,1999,50000,2020,10,8,84.92,16,우동,1102-221,26350,,,
시영79년,1980,23500,2020,10,8,40.13,5,재송동,1030,26350,,,
아시아선수촌아파트,2002,35000,2020,10,8,59.92,4,반여동,1638,26350,,,
아시아선수촌아파트,2002,29400,2020,10,8,59.92,4,반여동,1638,26350,,,
엘지,1996,21000,2020,10,8,49.83,7,좌동,1398,26350,,,
재송그린,1984,16700,2020,10,8,58.59,2,재송동,1146-1,26350,,,
재송동코오롱,1990,15500,2020,10,8,80.8,1,재송동,1123-20,26350,,,
창신맨션,1986,24500,2020,10,8,39.6,2,반여동,668-1,26350,,,
한일,1996,39500,2020,10,8,84.93,17,좌동,1274,26350,,,
해운대 I PARK,2011,180000,2020,10,8,154.622,8,우동,1408,26350,,,
해운대 I PARK,2011,228000,2020,10,8,202.642,38,우동,1408,26350,,,
해운대 I PARK,2011,157000,2020,10,8,168.5,13,우동,1408,26350,,,
해운대 I PARK,2011,84500,2020,10,8,117.745,8,우동,1408,26350,,,
해운대 I PARK,2011,180000,2020,10,8,154.622,8,우동,1408,26350,,,
해운대 I PARK,2011,160000,2020,10,8,162.829,18,우동,1408,26350,,,
해운대 I PARK,2011,125000,2020,10,8,124.019,58,우동,1408,26350,,,
해운대경남아너스빌,2012,87000,2020,10,8,129.3652,9,중동,1788,26350,,,
해운대경남아너스빌,2012,85500,2020,10,8,129.3652,4,중동,1788,26350,,,
해운대래미안,2014,75500,2020,10,8,84.987,18,중동,1793,26350,,,
해운대비치베르빌,2005,33000,2020,10,8,84.99,14,중동,1199-5,26350,,,
해운대엑소디움,2009,135000,2020,10,8,181.774,35,우동,1398,26350,,,
해운대엑소디움,2009,98900,2020,10,8,173.319,13,우동,1398,26350,,,
해운대중동경동하나메르빌,2014,64000,2020,10,8,80.5341,21,중동,1796,26350,,,
해운대중동금호어울림,2006,54000,2020,10,8,84.9963,7,중동,899,26350,,,
해운대중동롯데캐슬마스터2,2007,59500,2020,10,8,84.9895,12,중동,181-1,26350,,,
해운대중동롯데캐슬마스터2,2007,56000,2020,10,8,84.9895,12,중동,181-1,26350,,,
해운대중동롯데캐슬마스터2,2007,73500,2020,10,8,123.2898,25,중동,181-1,26350,,,
해운대협성엠파이어,2011,31800,2020,10,8,75.5658,5,우동,918-3,26350,,,
해운대힐스테이트위브,2015,71000,2020,10,8,109.277,13,중동,1818,26350,,,
현대(1051-2),1988,15100,2020,10,8,41.235,14,재송동,1051-2,26350,,,
현대아쿠아팰리스해운대,2010,68000,2020,10,8,160.57,17,중동,1167-3,26350,,,
화목,1996,49400,2020,10,8,84.36,12,좌동,1310,26350,,,
LH뜨란채아파트,1997,26000,2020,10,9,59.98,18,좌동,1278,26350,,,
SKVIEW,1998,25800,2020,10,9,59.91,20,좌동,1450,26350,,,
경남선경,1996,45000,2020,10,9,133.295,24,좌동,1448,26350,,,
경동,1995,9500,2020,10,9,59.58,8,반송동,885,26350,,,
달맞이유림노르웨이숲,2017,59000,2020,10,9,84.8755,9,중동,1821,26350,,,
대림2,1997,30200,2020,10,9,59.816,13,좌동,1286,26350,,,
대우,1996,44500,2020,10,9,84.962,9,좌동,1333,26350,,,
대우,1996,56000,2020,10,9,134.64,11,좌동,1333,26350,,,
대우마리나3,1994,80000,2020,10,9,59.81,6,우동,977,26350,,,
대원,1998,48000,2020,10,9,93.78,6,좌동,1307,26350,,,
대흥파크나동,1983,22000,2020,10,9,62.7,3,우동,894-4,26350,,,
더샵센텀누리,2014,49300,2020,10,9,72.488,7,재송동,1223,26350,,,
동부올림픽타운,1999,75000,2020,10,9,84.96,1,우동,1008-5,26350,,,
두산1차아파트,1996,34500,2020,10,9,84.9,10,좌동,1394,26350,,,
두산2,1996,27300,2020,10,9,59.94,1,좌동,1319,26350,,,
롯데,1993,71700,2020,10,9,84.84,12,우동,938,26350,,,
롯데3차,1997,29700,2020,10,9,59.6,7,좌동,1300,26350,,,
롯데4,1999,43000,2020,10,9,84.935,13,좌동,1419,26350,,,
롯데4,1999,42000,2020,10,9,84.935,13,좌동,1419,26350,,,
메가센텀한화꿈에그린,2008,62000,2020,10,9,129.749,18,반여동,1662,26350,,,
메가센텀한화꿈에그린,2008,58800,2020,10,9,119.3506,8,반여동,1662,26350,,,
반도보라빌,2006,60000,2020,10,9,71.6967,7,우동,945,26350,,,
벽산1,1996,69500,2020,10,9,134.95,11,좌동,1321,26350,,,
벽산삼협,1997,13200,2020,10,9,59.916,8,반송동,892,26350,,,
삼성콘도맨션,1985,63500,2020,10,9,79.71,7,중동,1154-5,26350,,,
삼진그린,1993,18500,2020,10,9,59.22,3,우동,1102-29,26350,,,
삼진그린,1993,18200,2020,10,9,59.22,3,우동,1102-29,26350,,,
삼한그린타운1,1995,17000,2020,10,9,84.87,6,반송동,888,26350,,,
삼호가든맨션,1985,107000,2020,10,9,84.99,10,우동,1104-1,26350,,,
센텀두산위브,2014,43600,2020,10,9,53.107,20,우동,1105,26350,,,
센텀롯데캐슬아파트,2004,35000,2020,10,9,84.97,11,반여동,1619,26350,,,
센텀삼익아파트,1981,25000,2020,10,9,53.246,9,재송동,1023,26350,,,
센텀우신골든빌,2006,18000,2020,10,9,59.6054,5,재송동,1048-3,26350,,,
센텀피오레1차,2005,40000,2020,10,9,84.9446,17,재송동,1302,26350,,,
센텀현대,1999,39700,2020,10,9,84.92,6,우동,1102-221,26350,,,
센텀협성르네상스타운,2013,51000,2020,10,9,84.4011,14,재송동,1324,26350,,,
센텀협성르네상스타운,2013,52000,2020,10,9,84.4011,27,재송동,1324,26350,,,
센텀협성르네상스타운,2013,48000,2020,10,9,84.4011,19,재송동,1324,26350,,,
시영79년,1980,24000,2020,10,9,40.13,4,재송동,1030,26350,,,
아시아선수촌아파트,2002,41000,2020,10,9,84.8,7,반여동,1638,26350,,,
아시아선수촌아파트,2002,39500,2020,10,9,84.8,7,반여동,1638,26350,,,
재송그린,1984,16200,2020,10,9,58.59,2,재송동,1146-1,26350,,,
코오롱,1997,51000,2020,10,9,134.94,3,좌동,1348,26350,,,
코오롱,1997,31000,2020,10,9,59.985,20,좌동,1348,26350,,,
코오롱,1997,50000,2020,10,9,134.94,3,좌동,1348,26350,,,
해운대 I PARK,2011,124000,2020,10,9,112.991,19,우동,1408,26350,,,
해운대 I PARK,2011,95000,2020,10,9,108.108,23,우동,1408,26350,,,
해운대 I PARK,2011,109000,2020,10,9,103.036,33,우동,1408,26350,,,
해운대 I PARK,2011,99000,2020,10,9,119.851,37,우동,1408,26350,,,
해운대메트로하이츠,2005,71500,2020,10,9,122.0563,4,중동,149-1,26350,,,
해운대메트로하이츠,2005,83000,2020,10,9,193.4888,7,중동,149-1,26350,,,
해운대신시가지경동메르빌,2005,56000,2020,10,9,115.1516,8,중동,718-6,26350,,,
해운대자이1단지,2013,109000,2020,10,9,84.5368,21,우동,1527,26350,,,
해운대자이1단지,2013,106000,2020,10,9,84.5368,21,우동,1527,26350,,,
해운대자이1단지,2013,72000,2020,10,9,59.0621,3,우동,1527,26350,,,
해운대자이1단지,2013,85000,2020,10,9,84.5368,1,우동,1527,26350,,,
해운대중동경동하나메르빌,2014,62000,2020,10,9,80.5341,17,중동,1796,26350,,,
해운대중동두산위브,2008,68000,2020,10,9,116.353,24,중동,1234-1,26350,,,
해운대케이씨씨스위첸,2011,125000,2020,10,9,128.407,9,좌동,1492,26350,,,
해운대한솔솔파크,2006,37700,2020,10,9,84.8773,11,우동,887-1,26350,,,
해운대힐스테이트위브,2015,73400,2020,10,9,105.8829,14,중동,1818,26350,,,
현대아쿠아팰리스동백섬,2006,39000,2020,10,9,95.1,10,우동,785,26350,,,
협성그린파크,1992,25000,2020,10,9,84.87,15,우동,347-2,26350,,,
협성그린파크,1992,22500,2020,10,9,84.87,4,우동,347-2,26350,,,
화목,1996,33700,2020,10,9,56.345,19,좌동,1310,26350,,,
화목,1996,39800,2020,10,9,56.345,15,좌동,1310,26350,,,
LH뜨란채아파트,1997,25000,2020,10,10,59.98,11,좌동,1278,26350,,,
LH뜨란채아파트,1997,25800,2020,10,10,59.98,11,좌동,1278,26350,,,
건영2,1997,38300,2020,10,10,84.84,10,좌동,1298,26350,,,
건영2,1997,28800,2020,10,10,59.526,15,좌동,1298,26350,,,
경남,1997,26300,2020,10,10,58.804,20,좌동,1375,26350,,,
경남선경,1996,40000,2020,10,10,133.295,3,좌동,1448,26350,,,
대동타운,1996,40800,2020,10,10,84.88,17,좌동,1288,26350,,,
대림2,1997,46000,2020,10,10,84.974,13,좌동,1286,26350,,,
대림2,1997,27400,2020,10,10,59.816,7,좌동,1286,26350,,,
대우2,1998,50500,2020,10,10,155.31,10,좌동,1438,26350,,,
대우2,1998,48000,2020,10,10,155.31,10,좌동,1438,26350,,,
대우금사,1995,15900,2020,10,10,59.91,11,반여동,586-2,26350,,,
대우금사,1995,15500,2020,10,10,59.91,8,반여동,586-2,26350,,,
대우월드마크센텀,2010,245000,2020,10,10,243.71,36,우동,1488,26350,,,
대원,1998,33500,2020,10,10,59.79,8,좌동,1307,26350,,,
더샵센텀누리,2014,51800,2020,10,10,72.47,2,재송동,1223,26350,,,
동부,1996,26700,2020,10,10,58.44,3,좌동,1412,26350,,,
두산2,1996,30600,2020,10,10,59.94,5,좌동,1319,26350,,,
두산2,1996,58300,2020,10,10,134.97,8,좌동,1319,26350,,,
두산위브포세이돈,2007,100000,2020,10,10,166.65,9,우동,1410-1,26350,,,
롯데4,1999,29800,2020,10,10,59.6,19,좌동,1419,26350,,,
메가센텀한화꿈에그린,2008,52000,2020,10,10,100.9973,15,반여동,1662,26350,,,
벽산1,1996,30500,2020,10,10,59.73,1,좌동,1321,26350,,,
벽산금호,1991,27000,2020,10,10,79.92,13,우동,397-117,26350,,,
삼호가든맨션,1985,108000,2020,10,10,84.99,9,우동,1104-1,26350,,,
서해재송,1982,20000,2020,10,10,83.07,2,재송동,1080-5,26350,,,
센텀두산위브,2014,79000,2020,10,10,84.972,28,우동,1105,26350,,,
센텀두산위브,2014,77600,2020,10,10,84.972,28,우동,1105,26350,,,
센텀삼익아파트,1981,27000,2020,10,10,70.58,2,재송동,1023,26350,,,
센텀삼환Nauville,1996,59000,2020,10,10,84.84,2,우동,1100,26350,,,
센텀피오레1차,2005,40500,2020,10,10,84.9446,6,재송동,1302,26350,,,
센텀협성,1987,20000,2020,10,10,50.61,3,재송동,1025-1,26350,,,
센텀협성,1987,17000,2020,10,10,50.61,3,재송동,1025-1,26350,,,
시영79년,1980,24000,2020,10,10,40.13,5,재송동,1030,26350,,,
시영80년,1981,22800,2020,10,10,43.9,3,재송동,1026-1,26350,,,
시영80년,1981,20700,2020,10,10,46.94,5,재송동,1026-1,26350,,,
코오롱,1997,24900,2020,10,10,59.985,1,좌동,1348,26350,,,
코오롱,1997,50500,2020,10,10,134.94,9,좌동,1348,26350,,,
코오롱,1997,51500,2020,10,10,134.94,12,좌동,1348,26350,,,
코오롱,1997,29500,2020,10,10,59.985,10,좌동,1348,26350,,,
한일,1996,55800,2020,10,10,164.85,10,좌동,1274,26350,,,
한일,1996,43000,2020,10,10,128.37,3,좌동,1274,26350,,,
해운대 I PARK,2011,185000,2020,10,10,162.829,25,우동,1408,26350,,,
해운대 I PARK,2011,94500,2020,10,10,119.851,45,우동,1408,26350,,,
해운대 I PARK,2011,185000,2020,10,10,162.829,25,우동,1408,26350,,,
해운대 I PARK,2011,67000,2020,10,10,83.012,19,우동,1408,26350,,,
해운대센텀트루엘1단지,2019,39000,2020,10,10,74.9884,17,반여동,1682,26350,,,
해운대자이1단지,2013,130000,2020,10,10,120.3642,12,우동,1527,26350,,,
해운대힐스테이트위브,2015,63000,2020,10,10,102.3162,10,중동,1818,26350,,,
해운대힐스테이트위브,2015,87700,2020,10,10,116.5366,43,중동,1818,26350,,,
현대,1996,43900,2020,10,10,102.08,2,좌동,1337,26350,,,
현대,1996,51000,2020,10,10,134.005,4,좌동,1337,26350,,,
현대(1051-2),1988,15200,2020,10,10,41.235,6,재송동,1051-2,26350,,,
현대카멜리아,2001,117000,2020,10,10,152.88,10,우동,1433,26350,,,
현대카멜리아,2001,117000,2020,10,10,152.88,10,우동,1433,26350,,,
현대카멜리아,2001,101000,2020,10,10,147.69,9,우동,1433,26350,,,
협성그린파크,1992,24800,2020,10,10,84.87,5,우동,347-2,26350,,,
대우2,1998,49000,2020,10,11,134.64,26,좌동,1438,26350,,,
메가센텀한화꿈에그린,2008,59900,2020,10,11,135.1946,15,반여동,1662,26350,,,
삼성,1997,43300,2020,10,11,84.996,6,좌동,1413,26350,,,
삼호가든맨션,1985,88800,2020,10,11,63,11,우동,1104-1,26350,,,
센텀SD,1993,18400,2020,10,11,82.094,15,반여동,692-6,26350,,,
센텀리슈빌2단지,2019,70000,2020,10,11,84.9916,8,재송동,1355,26350,,,
센텀피오레1차,2005,34100,2020,10,11,84.9446,15,재송동,1302,26350,,,
시영79년,1980,24000,2020,10,11,40.13,5,재송동,1030,26350,,,
시영79년,1980,24000,2020,10,11,40.13,4,재송동,1030,26350,,,
해운대래미안,2014,77500,2020,10,11,84.984,16,중동,1793,26350,,,
해운대엑소디움,2009,113500,2020,10,11,173.319,22,우동,1398,26350,,,
해운대자이2단지,2013,73000,2020,10,11,84.8455,18,우동,1529,26350,,,
해운파크맨션,1985,35000,2020,10,11,64.08,4,우동,397-68,26350,,,
현대,1996,46100,2020,10,11,84.41,21,좌동,1337,26350,,,
현대,1996,44600,2020,10,11,84.41,21,좌동,1337,26350,,,
SKVIEW,1998,21500,2020,10,12,59.99,25,좌동,1450,26350,,,
경남,1997,39900,2020,10,12,84.034,6,좌동,1375,26350,,,
대동타운,1996,47300,2020,10,12,115.64,22,좌동,1288,26350,,,
대림,1996,28000,2020,10,12,59.816,5,좌동,1396,26350,,,
대우,1996,55000,2020,10,12,155.31,3,좌동,1333,26350,,,
대우2,1998,50000,2020,10,12,134.64,10,좌동,1438,26350,,,
대우2,1998,47000,2020,10,12,134.64,10,좌동,1438,26350,,,
대우금사,1995,15300,2020,10,12,59.91,3,반여동,586-2,26350,,,
대우마리나3,1994,105000,2020,10,12,84.936,4,우동,977,26350,,,
더샵센텀파크1차,2005,96800,2020,10,12,84.6528,14,재송동,1200,26350,,,
동부,1996,43000,2020,10,12,83.6,8,좌동,1412,26350,,,
메가센텀한화꿈에그린,2008,59000,2020,10,12,129.749,8,반여동,1662,26350,,,
메가센텀한화꿈에그린,2008,61500,2020,10,12,129.749,20,반여동,1662,26350,,,
메가센텀한화꿈에그린,2008,45000,2020,10,12,84.9793,9,반여동,1662,26350,,,
명유그린,1993,16500,2020,10,12,83.55,8,재송동,152,26350,,,
벽산1,1996,38800,2020,10,12,59.73,19,좌동,1321,26350,,,
삼강,1983,16900,2020,10,12,36.3,5,중동,1402-5,26350,,,
삼강,1983,9950,2020,10,12,18,2,중동,1402-5,26350,,,
삼성,1997,59800,2020,10,12,164.91,11,좌동,1413,26350,,,
삼성,1997,32400,2020,10,12,59.944,2,좌동,1413,26350,,,
삼성,1997,32400,2020,10,12,59.944,2,좌동,1413,26350,,,
삼성,1997,59800,2020,10,12,164.91,11,좌동,1413,26350,,,
삼성콘도맨션,1985,65000,2020,10,12,79.71,10,중동,1154-5,26350,,,
삼안스튜디오2000,1995,18000,2020,10,12,49.23,6,중동,1498-3,26350,,,
삼정코아,2003,32500,2020,10,12,36.9336,13,좌동,1315,26350,,,
상록,1998,24800,2020,10,12,59.85,10,좌동,1331,26350,,,
서광골드타워,2003,105000,2020,10,12,84.97,7,우동,266-7,26350,,,
센텀대림,1996,28500,2020,10,12,84.98,10,반여동,1199-11,26350,,,
센텀대림,1996,36000,2020,10,12,126.93,20,반여동,1199-11,26350,,,
센텀롯데캐슬3차아파트,2005,35200,2020,10,12,84.9798,18,반여동,1641,26350,,,
센텀리슈빌1단지,2019,65000,2020,10,12,84.4517,4,재송동,1350,26350,,,
센텀리슈빌2단지,2019,52000,2020,10,12,59.8934,20,재송동,1355,26350,,,
센텀리슈빌2단지,2019,52000,2020,10,12,59.8934,20,재송동,1355,26350,,,
센텀삼환Nauville,1996,55000,2020,10,12,59.86,12,우동,1100,26350,,,
센텀이편한세상,2006,55000,2020,10,12,73.405,13,재송동,939-2,26350,,,
센텀천일스카이원,2020,47327,2020,10,12,73.9065,19,재송동,1360,26350,,,
센텀현대,1999,26700,2020,10,12,59.84,10,우동,1102-221,26350,,,
시영79년,1980,24400,2020,10,12,40.13,4,재송동,1030,26350,,,
시영79년,1980,25000,2020,10,12,40.13,2,재송동,1030,26350,,,
시영80년,1981,22000,2020,10,12,46.94,2,재송동,1026-1,26350,,,
시영80년,1981,20200,2020,10,12,43.9,3,재송동,1026-1,26350,,,
아남하이츠3차,1989,100000,2020,10,12,232.4,4,중동,1501-4,26350,,,
엘지,1996,39400,2020,10,12,84.973,1,좌동,1398,26350,,,
엘지,1996,26700,2020,10,12,59.94,21,좌동,1398,26350,,,
엘지,1996,25800,2020,10,12,59.94,23,좌동,1398,26350,,,
재송그린,1984,14500,2020,10,12,47.79,5,재송동,1146-1,26350,,,
재송동코오롱,1990,17300,2020,10,12,84.92,5,재송동,1123-20,26350,,,
재송동코오롱,1990,16300,2020,10,12,84.92,5,재송동,1123-20,26350,,,
한라,1996,49000,2020,10,12,134.97,19,좌동,1323,26350,,,
한일,1996,51000,2020,10,12,128.37,13,좌동,1274,26350,,,
해운대 I PARK,2011,99500,2020,10,12,92.743,53,우동,1408,26350,,,
해운대SKVIEW,2011,78000,2020,10,12,138.6909,13,중동,1787,26350,,,
해운대두산위브더제니스,2011,169000,2020,10,12,156.5733,68,우동,1407,26350,,,
해운대엑소디움,2009,93000,2020,10,12,141.807,25,우동,1398,26350,,,
해운대엑소디움,2009,78900,2020,10,12,141.807,14,우동,1398,26350,,,
해운대자이1단지,2013,106000,2020,10,12,84.5368,8,우동,1527,26350,,,
해운대중동금호어울림,2006,53000,2020,10,12,84.9963,12,중동,899,26350,,,
해운대한신휴플러스,2014,72000,2020,10,12,84.8721,20,우동,777,26350,,,
해운대힐스테이트위브,2015,76000,2020,10,12,105.8829,10,중동,1818,26350,,,
해운대힐스테이트위브,2015,95000,2020,10,12,134.3188,38,중동,1818,26350,,,
현대(1051-2),1988,18500,2020,10,12,50.805,9,재송동,1051-2,26350,,,
현대(1051-2),1988,16500,2020,10,12,50.805,2,재송동,1051-2,26350,,,
현대(1051-2),1988,17950,2020,10,12,50.805,1,재송동,1051-2,26350,,,
현대(1051-2),1988,16000,2020,10,12,41.235,2,재송동,1051-2,26350,,,
현대(1051-2),1988,19300,2020,10,12,50.805,6,재송동,1051-2,26350,,,
현대그린맨션,1986,49900,2020,10,12,84.81,4,반여동,1411-10,26350,,,
현대그린맨션,1986,53800,2020,10,12,101.53,6,반여동,1411-10,26350,,,
LIG건영,1997,12700,2020,10,13,59.88,7,반송동,884,26350,,,
LIG건영,1997,14500,2020,10,13,59.88,6,반송동,884,26350,,,
경남마리나,1996,81200,2020,10,13,59.83,8,우동,1388-1,26350,,,
남흥,1996,14500,2020,10,13,59.95,15,반송동,887,26350,,,
달맞이경동메르빌,2002,95500,2020,10,13,163.079,8,중동,1515-2,26350,,,
대동타운,1996,28000,2020,10,13,59.95,8,좌동,1288,26350,,,
대동타운,1996,37000,2020,10,13,84.88,14,좌동,1288,26350,,,
대림,1996,56500,2020,10,13,118.683,18,좌동,1396,26350,,,
대림,1996,51500,2020,10,13,118.683,18,좌동,1396,26350,,,
대우2,1998,28200,2020,10,13,59.946,18,좌동,1438,26350,,,
대우2,1998,51000,2020,10,13,155.31,23,좌동,1438,26350,,,
대우2,1998,39800,2020,10,13,84.962,27,좌동,1438,26350,,,
대우2,1998,49200,2020,10,13,134.64,16,좌동,1438,26350,,,
대우마리나3,1994,108000,2020,10,13,84.51,6,우동,977,26350,,,
더샵센텀누리,2014,54500,2020,10,13,72.488,10,재송동,1223,26350,,,
더샵센텀파크1차,2005,94000,2020,10,13,84.6389,21,재송동,1200,26350,,,
더샵센텀파크1차,2005,94000,2020,10,13,84.6389,21,재송동,1200,26350,,,
더샵센텀파크1차,2005,138900,2020,10,13,126.9004,17,재송동,1200,26350,,,
더샵센텀파크2차,2005,85000,2020,10,13,84.6389,17,재송동,1197,26350,,,
더샵센텀파크2차,2005,85000,2020,10,13,84.6389,17,재송동,1197,26350,,,
더샵센텀파크2차,2005,84000,2020,10,13,84.6389,17,재송동,1197,26350,,,
두산2,1996,63000,2020,10,13,134.97,8,좌동,1319,26350,,,
두산2,1996,42000,2020,10,13,84.9,2,좌동,1319,26350,,,
벽산2,1996,49500,2020,10,13,134.95,10,좌동,1439,26350,,,
벽산금호,1991,24800,2020,10,13,82.62,2,우동,397-117,26350,,,
삼주,1992,65000,2020,10,13,84.71,3,중동,784-1,26350,,,
삼한2,1997,13390,2020,10,13,59.92,16,반송동,872,26350,,,
상록,1998,24600,2020,10,13,59.85,5,좌동,1331,26350,,,
상록,1998,24300,2020,10,13,59.85,5,좌동,1331,26350,,,
센텀대림,1996,36400,2020,10,13,126.93,13,반여동,1199-11,26350,,,
센텀대림,1996,37800,2020,10,13,126.93,6,반여동,1199-11,26350,,,
센텀롯데캐슬2차,2005,47500,2020,10,13,142.6556,24,반여동,1660,26350,,,
센텀롯데캐슬3차아파트,2005,26000,2020,10,13,59.6231,21,반여동,1641,26350,,,
센텀리슈빌1단지,2019,73700,2020,10,13,84.8531,8,재송동,1350,26350,,,
센텀리슈빌2단지,2019,72000,2020,10,13,84.6823,4,재송동,1355,26350,,,
센텀리슈빌2단지,2019,50000,2020,10,13,59.8934,31,재송동,1355,26350,,,
센텀삼환Nauville,1996,47000,2020,10,13,59.86,2,우동,1100,26350,,,
센텀피오레1차,2005,40500,2020,10,13,84.9446,25,재송동,1302,26350,,,
센텀피오레1차,2005,39900,2020,10,13,74.2233,19,재송동,1302,26350,,,
센텀현대,1999,30500,2020,10,13,59.84,6,우동,1102-221,26350,,,
센텀협성르네상스타운,2013,57300,2020,10,13,84.9181,2,재송동,1324,26350,,,
센텀협성르네상스타운,2013,57300,2020,10,13,84.9181,2,재송동,1324,26350,,,
센텀협성르네상스타운,2013,50700,2020,10,13,84.4011,3,재송동,1324,26350,,,
시영79년,1980,27000,2020,10,13,40.13,3,재송동,1030,26350,,,
시영80년,1981,20000,2020,10,13,43.9,5,재송동,1026-1,26350,,,
시영80년,1981,22000,2020,10,13,43.9,3,재송동,1026-1,26350,,,
아시아선수촌아파트,2002,39000,2020,10,13,84.8,12,반여동,1638,26350,,,
아시아선수촌아파트,2002,37700,2020,10,13,75.57,22,반여동,1638,26350,,,
엘지,1996,54700,2020,10,13,84.973,5,좌동,1398,26350,,,
엘지,1996,49700,2020,10,13,84.973,5,좌동,1398,26350,,,
영광그린파크(가),1993,14500,2020,10,13,84.01,3,재송동,1128-4,26350,,,
영남,1996,21500,2020,10,13,59.585,1,좌동,1328,26350,,,
영남,1996,24700,2020,10,13,59.585,22,좌동,1328,26350,,,
영남,1996,36700,2020,10,13,84.9,12,좌동,1328,26350,,,
영남,1996,21500,2020,10,13,59.585,1,좌동,1328,26350,,,
우방신세계타운,2002,24400,2020,10,13,77.67,9,반여동,1190-1,26350,,,
장산동국,1993,14700,2020,10,13,84.95,13,재송동,1182-1,26350,,,
코오롱,1997,52500,2020,10,13,101.97,13,좌동,1348,26350,,,
해운대 I PARK,2011,99500,2020,10,13,99.794,13,우동,1408,26350,,,
해운대 I PARK,2011,153000,2020,10,13,168.5,16,우동,1408,26350,,,
해운대 I PARK,2011,220000,2020,10,13,205.211,44,우동,1408,26350,,,
해운대 I PARK,2011,155000,2020,10,13,139.316,44,우동,1408,26350,,,
해운대래미안,2014,88800,2020,10,13,101.5938,21,중동,1793,26350,,,
해운대중동롯데캐슬마스터2,2007,57350,2020,10,13,84.9895,6,중동,181-1,26350,,,
해운대힐스테이트위브,2015,89500,2020,10,13,80.949,43,중동,1818,26350,,,
현대,1996,30700,2020,10,13,59.445,20,좌동,1337,26350,,,
현대,1996,29700,2020,10,13,59.445,20,좌동,1337,26350,,,
현대(1051-2),1988,17800,2020,10,13,41.235,5,재송동,1051-2,26350,,,
현대(1051-2),1988,17000,2020,10,13,50.805,10,재송동,1051-2,26350,,,
협성그린파크,1992,25000,2020,10,13,84.87,14,우동,347-2,26350,,,
협성그린파크,1992,21700,2020,10,13,84.87,6,우동,347-2,26350,,,
SKVIEW,1998,22200,2020,10,14,59.91,18,좌동,1450,26350,,,
경남,1997,26500,2020,10,14,58.804,17,좌동,1375,26350,,,
경남선경,1996,23500,2020,10,14,59.85,7,좌동,1448,26350,,,
경남선경,1996,45500,2020,10,14,133.295,11,좌동,1448,26350,,,
경동,1995,53500,2020,10,14,58.695,18,우동,974,26350,,,
달맞이유림노르웨이숲,2017,46000,2020,10,14,84.9136,1,중동,1821,26350,,,
대림3,1997,40800,2020,10,14,84.974,16,좌동,1374,26350,,,
대우2,1998,43800,2020,10,14,134.64,3,좌동,1438,26350,,,
대우금사,1995,24000,2020,10,14,84.99,17,반여동,586-2,26350,,,
대우월드마크센텀,2010,128000,2020,10,14,116.69,26,우동,1488,26350,,,
대창,1996,47300,2020,10,14,134.64,19,좌동,1273,26350,,,
더샵센텀스타,2008,253636,2020,10,14,244.67,51,재송동,1196,26350,,,
동부,1996,47500,2020,10,14,99.78,13,좌동,1412,26350,,,
동부올림픽타운,1999,86000,2020,10,14,84.96,6,우동,1008-5,26350,,,
동부올림픽타운,1999,86000,2020,10,14,84.96,6,우동,1008-5,26350,,,
두산1차아파트,1996,25100,2020,10,14,59.94,18,좌동,1394,26350,,,
두산2,1996,50000,2020,10,14,84.9,18,좌동,1319,26350,,,
두산2,1996,61000,2020,10,14,134.97,11,좌동,1319,26350,,,
두산위브포세이돈,2007,84500,2020,10,14,117.57,40,우동,1410-1,26350,,,
롯데,1993,83000,2020,10,14,84.84,5,우동,938,26350,,,
롯데,1993,75000,2020,10,14,84.84,3,우동,938,26350,,,
롯데,1993,111000,2020,10,14,159.15,10,우동,938,26350,,,
롯데3차,1997,30000,2020,10,14,59.76,8,좌동,1300,26350,,,
롯데3차,1997,29000,2020,10,14,59.6,13,좌동,1300,26350,,,
롯데3차,1997,32500,2020,10,14,59.6,12,좌동,1300,26350,,,
롯데4,1999,27100,2020,10,14,59.76,12,좌동,1419,26350,,,
롯데캐슬마스터,2005,53000,2020,10,14,84.956,14,좌동,970,26350,,,
마마아파트,1990,28300,2020,10,14,132.15,14,중동,1521-32,26350,,,
메가센텀한화꿈에그린,2008,47000,2020,10,14,84.9304,8,반여동,1662,26350,,,
메가센텀한화꿈에그린,2008,47800,2020,10,14,84.9793,26,반여동,1662,26350,,,
벽산1,1996,59900,2020,10,14,84.99,12,좌동,1321,26350,,,
벽산2,1996,46100,2020,10,14,134.95,3,좌동,1439,26350,,,
벽산2,1996,27000,2020,10,14,59.73,17,좌동,1439,26350,,,
벽산2,1996,48200,2020,10,14,101.78,12,좌동,1439,26350,,,
삼성,1997,63000,2020,10,14,164.91,20,좌동,1413,26350,,,
삼한그린맨션,1990,7300,2020,10,14,59.93,5,반송동,401,26350,,,
삼호가든맨션,1985,89000,2020,10,14,63,8,우동,1104-1,26350,,,
삼호가든맨션,1985,107500,2020,10,14,84.692,3,우동,1104-1,26350,,,
센텀SD,1993,17300,2020,10,14,82.094,17,반여동,692-6,26350,,,
센텀SKVIEW아파트,2001,24600,2020,10,14,76.56,9,반여동,1174-1,26350,,,
센텀경동리인,2018,75000,2020,10,14,84.8376,5,우동,1543,26350,,,
센텀글로리아,1989,11500,2020,10,14,74.1,2,재송동,1160-12,26350,,,
센텀대원,1998,15000,2020,10,14,56.12,4,재송동,104-2,26350,,,
센텀롯데캐슬3차아파트,2005,28800,2020,10,14,59.9399,23,반여동,1641,26350,,,
센텀롯데캐슬아파트,2004,47900,2020,10,14,127.3684,17,반여동,1619,26350,,,
센텀롯데캐슬아파트,2004,27500,2020,10,14,59.7601,14,반여동,1619,26350,,,
센텀리슈빌2단지,2019,47500,2020,10,14,59.8934,6,재송동,1355,26350,,,
센텀삼익아파트,1981,29800,2020,10,14,70.56,9,재송동,1023,26350,,,
센텀센시빌,2003,50000,2020,10,14,84.9794,9,우동,1228,26350,,,
센텀센시빌,2003,54000,2020,10,14,84.9794,15,우동,1228,26350,,,
센텀이편한세상,2006,67700,2020,10,14,84.98,10,재송동,939-2,26350,,,
센텀피오레1차,2005,40000,2020,10,14,84.9446,6,재송동,1302,26350,,,
센텀피오레1차,2005,41500,2020,10,14,84.9446,18,재송동,1302,26350,,,
센텀현대,1999,32000,2020,10,14,59.84,11,우동,1102-221,26350,,,
센텀협성르네상스타운,2013,55000,2020,10,14,84.9181,4,재송동,1324,26350,,,
시영79년,1980,28700,2020,10,14,40.13,1,재송동,1030,26350,,,
시영79년,1980,27200,2020,10,14,40.13,2,재송동,1030,26350,,,
시영80년,1981,22000,2020,10,14,43.9,3,재송동,1026-1,26350,,,
시영80년,1981,22000,2020,10,14,43.9,2,재송동,1026-1,26350,,,
시영80년,1981,22800,2020,10,14,46.94,4,재송동,1026-1,26350,,,
신동아,1992,18300,2020,10,14,83.76,4,재송동,131,26350,,,
신성,1996,25900,2020,10,14,57.9,2,좌동,1271,26350,,,
신성,1996,25600,2020,10,14,57.9,10,좌동,1271,26350,,,
아시아선수촌아파트,2002,47200,2020,10,14,118.72,13,반여동,1638,26350,,,
아시아선수촌아파트,2002,48700,2020,10,14,118.72,11,반여동,1638,26350,,,
에이스,1992,13100,2020,10,14,76.78,6,재송동,1159-1,26350,,,
엘지,1996,58600,2020,10,14,134.94,14,좌동,1398,26350,,,
영남,1996,27000,2020,10,14,59.585,25,좌동,1328,26350,,,
이진캐스빌,1989,23000,2020,10,14,75.6,4,중동,1526-1,26350,,,
한일,1996,50000,2020,10,14,128.37,13,좌동,1274,26350,,,
한일,1996,49500,2020,10,14,128.37,16,좌동,1274,26350,,,
해운대 I PARK,2011,202000,2020,10,14,184.628,8,우동,1408,26350,,,
해운대두산위브더제니스,2011,185000,2020,10,14,168.8988,56,우동,1407,26350,,,
해운대자이2차1단지,2018,72700,2020,10,14,59.8144,2,우동,1536,26350,,,
해운대자이2차1단지,2018,103500,2020,10,14,84.9188,3,우동,1536,26350,,,
해운대중동금호어울림,2006,50300,2020,10,14,84.9963,5,중동,899,26350,,,
해운대중동금호어울림,2006,50300,2020,10,14,84.9963,5,중동,899,26350,,,
해운대중동두산위브,2008,63000,2020,10,14,84.9668,26,중동,1234-1,26350,,,
해운대협성엠파이어,2011,33000,2020,10,14,75.5658,9,우동,918-3,26350,,,
현대(1051-2),1988,17800,2020,10,14,41.235,7,재송동,1051-2,26350,,,
현대(1051-2),1988,17800,2020,10,14,41.235,7,재송동,1051-2,26350,,,
현대(1051-2),1988,19500,2020,10,14,50.805,9,재송동,1051-2,26350,,,
현대그린맨션,1986,48900,2020,10,14,84.81,12,반여동,1411-10,26350,,,
현대아쿠아팰리스해운대,2010,66000,2020,10,14,160.57,23,중동,1167-3,26350,,,
LH뜨란채아파트,1997,25500,2020,10,15,59.98,19,좌동,1278,26350,,,
건영1,1998,56000,2020,10,15,164.76,19,좌동,1414,26350,,,
건영2,1997,41000,2020,10,15,84.84,3,좌동,1298,26350,,,
경남마리나,1996,87800,2020,10,15,59.83,14,우동,1388-1,26350,,,
그린파크,1988,8600,2020,10,15,43.72,3,반여동,1600-1,26350,,,
달맞이경동메르빌,2002,72000,2020,10,15,163.079,7,중동,1515-2,26350,,,
대동타운,1996,39400,2020,10,15,84.88,3,좌동,1288,26350,,,
대동타운,1996,46300,2020,10,15,115.64,19,좌동,1288,26350,,,
대림,1996,50500,2020,10,15,118.683,7,좌동,1396,26350,,,
대림2,1997,29300,2020,10,15,59.816,9,좌동,1286,26350,,,
대림2,1997,41800,2020,10,15,84.974,9,좌동,1286,26350,,,
대우마리나1,1991,129000,2020,10,15,84.2249,5,우동,1388-4,26350,,,
더샵센텀파크1차,2005,92000,2020,10,15,84.6389,19,재송동,1200,26350,,,
동부스타빌라,1997,68300,2020,10,15,164.71,1,중동,1503-7,26350,,,
동신,1996,46500,2020,10,15,134.88,6,좌동,1302,26350,,,
동신,1996,24500,2020,10,15,55.68,17,좌동,1302,26350,,,
두산1차아파트,1996,37100,2020,10,15,84.9,9,좌동,1394,26350,,,
두산1차아파트,1996,46000,2020,10,15,134.97,18,좌동,1394,26350,,,
두산2,1996,53000,2020,10,15,134.97,13,좌동,1319,26350,,,
두산위브포세이돈,2007,149900,2020,10,15,170.5,37,우동,1410-1,26350,,,
롯데2,1998,38000,2020,10,15,84.99,13,좌동,1386,26350,,,
롯데3차,1997,28900,2020,10,15,59.6,11,좌동,1300,26350,,,
벽산1,1996,40000,2020,10,15,59.73,24,좌동,1321,26350,,,
벽산2,1996,47800,2020,10,15,101.78,3,좌동,1439,26350,,,
벽산삼협,1997,13400,2020,10,15,59.916,3,반송동,892,26350,,,
삼성,1997,37000,2020,10,15,59.944,19,좌동,1413,26350,,,
삼성,1997,34000,2020,10,15,59.944,19,좌동,1413,26350,,,
삼한5차,2002,10000,2020,10,15,55.18,18,반송동,886,26350,,,
센텀SKVIEW아파트,2001,22100,2020,10,15,59.52,17,반여동,1174-1,26350,,,
센텀대림,1996,38500,2020,10,15,126.93,19,반여동,1199-11,26350,,,
센텀대림,1996,38500,2020,10,15,126.93,19,반여동,1199-11,26350,,,
센텀대림,1996,28800,2020,10,15,84.98,5,반여동,1199-11,26350,,,
센텀롯데캐슬아파트,2004,47900,2020,10,15,127.3684,18,반여동,1619,26350,,,
센텀리슈빌1단지,2019,87000,2020,10,15,107.1617,2,재송동,1350,26350,,,
센텀삼익아파트,1981,23500,2020,10,15,53.25,2,재송동,1023,26350,,,
센텀삼익아파트,1981,20000,2020,10,15,49.96,4,재송동,1023,26350,,,
센텀삼환Nauville,1996,61000,2020,10,15,84.84,1,우동,1100,26350,,,
센텀이편한세상,2006,65700,2020,10,15,84.98,2,재송동,939-2,26350,,,
센텀피오레1차,2005,45000,2020,10,15,84.9446,21,재송동,1302,26350,,,
센텀협성르네상스타운,2013,49800,2020,10,15,84.4011,15,재송동,1324,26350,,,
센텀협성르네상스타운,2013,46000,2020,10,15,84.4011,2,재송동,1324,26350,,,
시영79년,1980,25000,2020,10,15,40.13,5,재송동,1030,26350,,,
시영79년,1980,29000,2020,10,15,40.13,1,재송동,1030,26350,,,
시영80년,1981,21400,2020,10,15,43.9,4,재송동,1026-1,26350,,,
에덴동산타운,1993,14500,2020,10,15,83.58,6,반여동,1291-1414,26350,,,
엘지,1996,57000,2020,10,15,134.94,10,좌동,1398,26350,,,
엘지,1996,57000,2020,10,15,134.94,10,좌동,1398,26350,,,
엘지,1996,62500,2020,10,15,134.94,19,좌동,1398,26350,,,
엘지,1996,56500,2020,10,15,134.94,6,좌동,1398,26350,,,
우방신세계타운,2002,18800,2020,10,15,59.97,16,반여동,1190-1,26350,,,
우방신세계타운,2002,30000,2020,10,15,126.84,8,반여동,1190-1,26350,,,
유창맨션,1981,19000,2020,10,15,56.89,5,재송동,661-1,26350,,,
재송그린,1984,15600,2020,10,15,47.79,1,재송동,1146-1,26350,,,
코오롱,1997,31800,2020,10,15,59.985,17,좌동,1348,26350,,,
한라,1996,50000,2020,10,15,134.97,11,좌동,1323,26350,,,
한라,1996,32000,2020,10,15,60,11,좌동,1323,26350,,,
해운대 I PARK,2011,89700,2020,10,15,90.993,12,우동,1408,26350,,,
해운대더샵센텀그린,2019,42500,2020,10,15,72.9699,15,반여동,1672,26350,,,
해운대동일,1998,41000,2020,10,15,84.9,27,중동,1763,26350,,,
해운대중동금호어울림,2006,54000,2020,10,15,84.9963,4,중동,899,26350,,,
해운대케이씨씨스위첸,2011,86000,2020,10,15,84.996,4,좌동,1492,26350,,,
해운대힐스테이트위브,2015,81000,2020,10,15,134.3188,16,중동,1818,26350,,,
해운대힐스테이트위브,2015,87000,2020,10,15,105.8829,34,중동,1818,26350,,,
현대,1996,45000,2020,10,15,84.41,17,좌동,1337,26350,,,
현대,1996,31500,2020,10,15,59.445,18,좌동,1337,26350,,,
현대,1994,18800,2020,10,15,59.99,5,우동,340,26350,,,
현대(1051-2),1988,23000,2020,10,15,50.805,7,재송동,1051-2,26350,,,
현대하이페리온,2006,156000,2020,10,15,217.2181,34,우동,1434-2,26350,,,
협성그린파크,1992,22800,2020,10,15,84.87,7,우동,347-2,26350,,,
화목,1996,48000,2020,10,15,84.36,18,좌동,1310,26350,,,
LH뜨란채아파트,1997,19000,2020,10,16,49.94,21,좌동,1278,26350,,,
경남마리나,1996,110000,2020,10,16,84.93,12,우동,1388-1,26350,,,
경남선경,1996,22800,2020,10,16,59.85,17,좌동,1448,26350,,,
경동,1995,74500,2020,10,16,84.95,10,우동,974,26350,,,
금호,1996,14500,2020,10,16,59.67,15,재송동,1041-3,26350,,,
금호,1996,14500,2020,10,16,59.67,15,재송동,1041-3,26350,,,
대동타운,1996,47800,2020,10,16,115.64,7,좌동,1288,26350,,,
대동타운,1996,45500,2020,10,16,115.64,24,좌동,1288,26350,,,
대림,1996,30000,2020,10,16,59.816,16,좌동,1396,26350,,,
대림,1996,28000,2020,10,16,59.816,17,좌동,1396,26350,,,
대우,1996,31500,2020,10,16,59.946,19,좌동,1333,26350,,,
대우,1996,31600,2020,10,16,59.946,8,좌동,1333,26350,,,
대우2,1998,28900,2020,10,16,59.946,19,좌동,1438,26350,,,
대우2,1998,46300,2020,10,16,134.64,4,좌동,1438,26350,,,
대우2,1998,26800,2020,10,16,59.946,4,좌동,1438,26350,,,
대우금사,1995,22000,2020,10,16,84.99,14,반여동,586-2,26350,,,
대창,1996,36000,2020,10,16,84.962,8,좌동,1273,26350,,,
대창,1996,38000,2020,10,16,84.962,8,좌동,1273,26350,,,
더샵센텀누리,2014,53700,2020,10,16,72.47,19,재송동,1223,26350,,,
더샵센텀누리,2014,51000,2020,10,16,72.488,19,재송동,1223,26350,,,
더샵센텀스타,2008,112000,2020,10,16,135.65,22,재송동,1196,26350,,,
더샵센텀파크1차,2005,122000,2020,10,16,100.945,47,재송동,1200,26350,,,
동부,1996,44500,2020,10,16,83.6,16,좌동,1412,26350,,,
동부올림픽타운,1999,95000,2020,10,16,84.96,10,우동,1008-5,26350,,,
두산1차아파트,1996,47000,2020,10,16,134.97,26,좌동,1394,26350,,,
두산1차아파트,1996,39500,2020,10,16,84.9,17,좌동,1394,26350,,,
두산1차아파트,1996,47000,2020,10,16,134.97,26,좌동,1394,26350,,,
두산1차아파트,1996,47000,2020,10,16,134.97,26,좌동,1394,26350,,,
두산2,1996,54500,2020,10,16,134.97,3,좌동,1319,26350,,,
롯데4,1999,27000,2020,10,16,59.6,23,좌동,1419,26350,,,
롯데캐슬마린,2004,68000,2020,10,16,84.9702,23,중동,1360,26350,,,
롯데캐슬마린,2004,68000,2020,10,16,84.9702,23,중동,1360,26350,,,
롯데캐슬마스터,2005,49800,2020,10,16,84.986,12,좌동,970,26350,,,
메가센텀한화꿈에그린,2008,46000,2020,10,16,84.9304,3,반여동,1662,26350,,,
메가센텀한화꿈에그린,2008,58400,2020,10,16,129.749,17,반여동,1662,26350,,,
메가센텀한화꿈에그린,2008,45000,2020,10,16,84.9304,3,반여동,1662,26350,,,
백조,1976,26000,2020,10,16,51.9,3,중동,1150-7,26350,,,
벽산2,1996,40000,2020,10,16,84.99,5,좌동,1439,26350,,,
벽산2,1996,47500,2020,10,16,101.78,12,좌동,1439,26350,,,
삼성,1997,31400,2020,10,16,59.914,7,좌동,1413,26350,,,
삼성,1997,59000,2020,10,16,164.91,5,좌동,1413,26350,,,
삼성,1997,34900,2020,10,16,59.914,12,좌동,1413,26350,,,
센텀경동리인,2018,75000,2020,10,16,82.432,14,우동,1543,26350,,,
센텀동부센트레빌,2006,51200,2020,10,16,84.9926,21,재송동,380-1,26350,,,
센텀롯데캐슬2차,2005,32900,2020,10,16,84.97,24,반여동,1660,26350,,,
센텀롯데캐슬3차아파트,2005,36800,2020,10,16,84.9798,28,반여동,1641,26350,,,
센텀롯데캐슬3차아파트,2005,37500,2020,10,16,84.9798,16,반여동,1641,26350,,,
센텀삼익아파트,1981,27500,2020,10,16,70.58,7,재송동,1023,26350,,,
센텀우신골든빌,2006,19000,2020,10,16,59.6054,18,재송동,1048-3,26350,,,
센텀이편한세상,2006,72000,2020,10,16,84.98,12,재송동,939-2,26350,,,
센텀피오레1차,2005,40900,2020,10,16,84.9446,4,재송동,1302,26350,,,
센텀피오레1차,2005,44700,2020,10,16,84.9446,4,재송동,1302,26350,,,
센텀협성르네상스타운,2013,65000,2020,10,16,84.9181,16,재송동,1324,26350,,,
시영79년,1980,28500,2020,10,16,40.13,2,재송동,1030,26350,,,
시영79년,1980,28000,2020,10,16,40.13,2,재송동,1030,26350,,,
아시아선수촌아파트,2002,30500,2020,10,16,59.92,23,반여동,1638,26350,,,
아시아선수촌아파트,2002,45000,2020,10,16,101.67,7,반여동,1638,26350,,,
에이스,1992,20650,2020,10,16,106.2,11,재송동,1159-1,26350,,,
엘지,1996,26800,2020,10,16,59.94,4,좌동,1398,26350,,,
엘지,1996,59950,2020,10,16,134.94,11,좌동,1398,26350,,,
왕자,1979,65000,2020,10,16,65.16,1,반여동,1477-1,26350,,,
청목마리안,2004,37000,2020,10,16,84.8348,14,중동,277,26350,,,
한라,1996,30500,2020,10,16,60,5,좌동,1323,26350,,,
한일,1996,41000,2020,10,16,84.93,10,좌동,1274,26350,,,
해운대 I PARK,2011,151000,2020,10,16,168.5,4,우동,1408,26350,,,
해운대 I PARK,2011,220000,2020,10,16,180.199,37,우동,1408,26350,,,
해운대 I PARK,2011,151000,2020,10,16,168.5,4,우동,1408,26350,,,
해운대 I PARK,2011,180000,2020,10,16,161.604,62,우동,1408,26350,,,
해운대 I PARK,2011,135000,2020,10,16,108.766,64,우동,1408,26350,,,
해운대 I PARK,2011,98000,2020,10,16,99.794,18,우동,1408,26350,,,
해운대두산위브더제니스,2011,110000,2020,10,16,111.07,30,우동,1407,26350,,,
해운대두산위브더제니스,2011,310000,2020,10,16,222.5998,68,우동,1407,26350,,,
해운대두산위브더제니스,2011,110000,2020,10,16,111.07,30,우동,1407,26350,,,
해운대송정우림필유아파트,2015,28500,2020,10,16,59.9295,24,송정동,947,26350,,,
해운대엑소디움,2009,83000,2020,10,16,141.807,18,우동,1398,26350,,,
해운대엑소디움,2009,89000,2020,10,16,139.328,26,우동,1398,26350,,,
해운대자이1단지,2013,103500,2020,10,16,84.5368,5,우동,1527,26350,,,
해운대자이2차1단지,2018,72500,2020,10,16,59.8144,4,우동,1536,26350,,,
해운대중동금호어울림,2006,57000,2020,10,16,84.9963,14,중동,899,26350,,,
해운대중동두산위브,2008,74500,2020,10,16,110.9992,4,중동,1234-1,26350,,,
해운대힐스테이트위브,2015,81800,2020,10,16,109.277,22,중동,1818,26350,,,
해운대힐스테이트위브,2015,80000,2020,10,16,101.1336,28,중동,1818,26350,,,
현대,1996,31500,2020,10,16,59.445,16,좌동,1337,26350,,,
현대,1996,50000,2020,10,16,134.005,10,좌동,1337,26350,,,
현대,1996,29900,2020,10,16,59.445,23,좌동,1337,26350,,,
현대,1996,29600,2020,10,16,59.445,23,좌동,1337,26350,,,
현대(1051-2),1988,17000,2020,10,16,41.235,1,재송동,1051-2,26350,,,
현대(1051-2),1988,18000,2020,10,16,50.805,1,재송동,1051-2,26350,,,
현대(1051-2),1988,18000,2020,10,16,50.805,1,재송동,1051-2,26350,,,
현대(1051-2),1988,20800,2020,10,16,41.235,10,재송동,1051-2,26350,,,
현대(1051-2),1988,17700,2020,10,16,50.805,10,재송동,1051-2,26350,,,
현대일성2,1994,15800,2020,10,16,84.98,20,반여동,1291-1446,26350,,,
현대카멜리아,2001,108000,2020,10,16,147.69,6,우동,1433,26350,,,
협성프라임빌,2005,23700,2020,10,16,59.988,25,우동,333,26350,,,
화목,1996,51500,2020,10,16,101.76,1,좌동,1310,26350,,,
건영1,1998,50000,2020,10,17,134.83,12,좌동,1414,26350,,,
건영1,1998,49000,2020,10,17,134.83,8,좌동,1414,26350,,,
건영1,1998,45800,2020,10,17,99.96,17,좌동,1414,26350,,,
건영2,1997,44000,2020,10,17,84.84,4,좌동,1298,26350,,,
건영2,1997,43700,2020,10,17,84.64,15,좌동,1298,26350,,,
건영2,1997,43800,2020,10,17,84.84,22,좌동,1298,26350,,,
건영2,1997,46000,2020,10,17,84.84,24,좌동,1298,26350,,,
경남,1997,54000,2020,10,17,134.47,20,좌동,1375,26350,,,
경남마리나,1996,85000,2020,10,17,59.83,5,우동,1388-1,26350,,,
경남마리나,1996,89200,2020,10,17,59.83,11,우동,1388-1,26350,,,
경동,1995,55000,2020,10,17,58.695,17,우동,974,26350,,,
달맞이유림노르웨이숲,2017,51500,2020,10,17,84.8302,4,중동,1821,26350,,,
대동타운,1996,47500,2020,10,17,115.64,21,좌동,1288,26350,,,
대동타운,1996,35800,2020,10,17,84.88,1,좌동,1288,26350,,,
대림,1996,46000,2020,10,17,84.974,19,좌동,1396,26350,,,
대림,1996,45000,2020,10,17,84.974,19,좌동,1396,26350,,,
대림3,1997,42800,2020,10,17,84.974,20,좌동,1374,26350,,,
대산,1984,22000,2020,10,17,49.23,4,반여동,763-28,26350,,,
대우마리나3,1994,84000,2020,10,17,59.81,12,우동,977,26350,,,
대우마리나3,1994,84000,2020,10,17,59.81,12,우동,977,26350,,,
대원,1998,33500,2020,10,17,59.79,6,좌동,1307,26350,,,
대창,1996,25300,2020,10,17,59.946,10,좌동,1273,26350,,,
대창,1996,46000,2020,10,17,134.64,11,좌동,1273,26350,,,
더샵센텀파크1차,2005,96500,2020,10,17,84.6389,34,재송동,1200,26350,,,
더샵센텀파크1차,2005,144000,2020,10,17,125.4155,13,재송동,1200,26350,,,
더샵센텀파크2차,2005,89000,2020,10,17,84.6389,15,재송동,1197,26350,,,
더샵센텀파크2차,2005,105000,2020,10,17,100.945,41,재송동,1197,26350,,,
더샵센텀파크2차,2005,89000,2020,10,17,84.6389,15,재송동,1197,26350,,,
덕성빌라,1994,12500,2020,10,17,55.25,5,우동,265-44,26350,,,
동남하이츠맨션,1993,63000,2020,10,17,81.26,1,중동,768-1,26350,,,
동남하이츠맨션,1993,59000,2020,10,17,59.84,9,중동,768-1,26350,,,
동부,1996,27900,2020,10,17,58.44,19,좌동,1412,26350,,,
동부올림픽타운,1999,90000,2020,10,17,84.96,7,우동,1008-5,26350,,,
동부올림픽타운,1999,66000,2020,10,17,59.8,7,우동,1008-5,26350,,,
동부올림픽타운,1999,97000,2020,10,17,84.96,17,우동,1008-5,26350,,,
동부올림픽타운,1999,91700,2020,10,17,114.92,1,우동,1008-5,26350,,,
동부올림픽타운,1999,89700,2020,10,17,84.96,14,우동,1008-5,26350,,,
동부올림픽타운,1999,69000,2020,10,17,59.8,13,우동,1008-5,26350,,,
동신,1996,25500,2020,10,17,55.68,24,좌동,1302,26350,,,
두산1차아파트,1996,25500,2020,10,17,59.94,18,좌동,1394,26350,,,
두산1차아파트,1996,48800,2020,10,17,134.97,7,좌동,1394,26350,,,
두산1차아파트,1996,43000,2020,10,17,101.7,5,좌동,1394,26350,,,
두산2,1996,57000,2020,10,17,134.97,7,좌동,1319,26350,,,
롯데3차,1997,29700,2020,10,17,59.6,8,좌동,1300,26350,,,
롯데4,1999,40300,2020,10,17,84.935,3,좌동,1419,26350,,,
메가센텀한화꿈에그린,2008,50500,2020,10,17,100.9973,1,반여동,1662,26350,,,
메가센텀한화꿈에그린,2008,52000,2020,10,17,84.9793,18,반여동,1662,26350,,,
메가센텀한화꿈에그린,2008,49700,2020,10,17,84.9793,16,반여동,1662,26350,,,
메가센텀한화꿈에그린,2008,48000,2020,10,17,84.9793,13,반여동,1662,26350,,,
메가센텀한화꿈에그린,2008,55000,2020,10,17,100.9973,7,반여동,1662,26350,,,
메가센텀한화꿈에그린,2008,48000,2020,10,17,84.9793,18,반여동,1662,26350,,,
벽산1,1996,39700,2020,10,17,59.73,6,좌동,1321,26350,,,
벽산1,1996,38500,2020,10,17,59.73,20,좌동,1321,26350,,,
벽산1,1996,43000,2020,10,17,59.73,12,좌동,1321,26350,,,
벽산2,1996,45000,2020,10,17,84.99,23,좌동,1439,26350,,,
벽산2,1996,53000,2020,10,17,134.95,19,좌동,1439,26350,,,
벽산2,1996,40000,2020,10,17,84.99,20,좌동,1439,26350,,,
벽산2,1996,51000,2020,10,17,134.95,19,좌동,1439,26350,,,
벽산금호,1991,24900,2020,10,17,82.62,10,우동,397-117,26350,,,
삼강,1983,9000,2020,10,17,16.8,5,중동,1402-5,26350,,,
삼성,1997,30900,2020,10,17,59.944,22,좌동,1413,26350,,,
삼성콘도맨션,1985,64000,2020,10,17,79.71,4,중동,1154-5,26350,,,
삼한5차,2002,9850,2020,10,17,55.18,5,반송동,886,26350,,,
센텀경동리인,2018,80000,2020,10,17,82.0093,13,우동,1543,26350,,,
센텀대림,1996,20000,2020,10,17,59.99,2,반여동,1199-11,26350,,,
센텀롯데캐슬2차,2005,42000,2020,10,17,122.988,12,반여동,1660,26350,,,
센텀롯데캐슬2차,2005,23250,2020,10,17,59.9675,6,반여동,1660,26350,,,
센텀삼익아파트,1981,24000,2020,10,17,49.96,10,재송동,1023,26350,,,
센텀삼환Nauville,1996,55000,2020,10,17,59.86,11,우동,1100,26350,,,
센텀센시빌,2003,56900,2020,10,17,84.9794,16,우동,1228,26350,,,
센텀센시빌,2003,56000,2020,10,17,84.9402,18,우동,1228,26350,,,
센텀우신골든빌,2006,19500,2020,10,17,59.6054,10,재송동,1048-3,26350,,,
센텀우신골든빌,2006,20000,2020,10,17,59.6054,5,재송동,1048-3,26350,,,
센텀파미르,2009,28500,2020,10,17,84.0896,11,재송동,1029,26350,,,
센텀파미르,2009,23600,2020,10,17,59.7826,13,재송동,1029,26350,,,
센텀피오레1차,2005,40300,2020,10,17,74.2233,8,재송동,1302,26350,,,
센텀피오레1차,2005,38300,2020,10,17,74.2233,8,재송동,1302,26350,,,
센텀피오레1차,2005,38300,2020,10,17,74.2233,8,재송동,1302,26350,,,
시영79년,1980,30000,2020,10,17,40.13,4,재송동,1030,26350,,,
시영79년,1980,25700,2020,10,17,40.13,5,재송동,1030,26350,,,
시영79년,1980,30000,2020,10,17,40.13,4,재송동,1030,26350,,,
시영79년,1980,24500,2020,10,17,40.13,5,재송동,1030,26350,,,
시영79년,1980,25700,2020,10,17,40.13,5,재송동,1030,26350,,,
시영80년,1981,22000,2020,10,17,43.9,5,재송동,1026-1,26350,,,
시영80년,1981,22500,2020,10,17,43.9,2,재송동,1026-1,26350,,,
신동아,1991,46500,2020,10,17,84.75,5,우동,496-1,26350,,,
신성,1996,39300,2020,10,17,84.974,5,좌동,1271,26350,,,
아시아선수촌아파트,2002,38000,2020,10,17,84.8,25,반여동,1638,26350,,,
엘지,1996,57500,2020,10,17,134.94,19,좌동,1398,26350,,,
엘지,1996,63500,2020,10,17,134.94,5,좌동,1398,26350,,,
엘지,1996,57300,2020,10,17,134.94,8,좌동,1398,26350,,,
엘지,1996,49900,2020,10,17,84.973,19,좌동,1398,26350,,,
엘지,1996,59500,2020,10,17,134.94,5,좌동,1398,26350,,,
엘지,1996,55500,2020,10,17,134.94,19,좌동,1398,26350,,,
엘지,1996,47200,2020,10,17,84.973,13,좌동,1398,26350,,,
엘지,1996,50000,2020,10,17,84.973,12,좌동,1398,26350,,,
엘지,1996,56700,2020,10,17,134.94,8,좌동,1398,26350,,,
영남,1996,45300,2020,10,17,134.99,8,좌동,1328,26350,,,
우방신세계타운,2002,21500,2020,10,17,59.96,9,반여동,1190-1,26350,,,
재송그린,1984,14700,2020,10,17,47.79,4,재송동,1146-1,26350,,,
재송그린,1984,13000,2020,10,17,36.33,5,재송동,1146-1,26350,,,
재송그린,1984,14400,2020,10,17,47.79,5,재송동,1146-1,26350,,,
재송동코오롱,1990,17800,2020,10,17,84.92,4,재송동,1123-20,26350,,,
창신맨션,1986,21000,2020,10,17,34.92,4,반여동,668-1,26350,,,
코오롱,1997,31800,2020,10,17,59.985,8,좌동,1348,26350,,,
코오롱,1997,40500,2020,10,17,84.95,21,좌동,1348,26350,,,
코오롱,1997,43000,2020,10,17,84.95,14,좌동,1348,26350,,,
코오롱,1997,40500,2020,10,17,84.95,21,좌동,1348,26350,,,
태석102동,2002,104000,2020,10,17,69.12,6,우동,182-3,26350,,,
한라,1996,46500,2020,10,17,134.97,2,좌동,1323,26350,,,
한라,1996,24500,2020,10,17,60,1,좌동,1323,26350,,,
한라,1996,24500,2020,10,17,60,1,좌동,1323,26350,,,
한보장산,1995,6900,2020,10,17,59.79,2,재송동,1184-1,26350,,,
해운대 I PARK,2011,108000,2020,10,17,111.023,14,우동,1408,26350,,,
해운대 I PARK,2011,95000,2020,10,17,93.041,31,우동,1408,26350,,,
해운대더샵센텀그린,2019,32500,2020,10,17,59.9626,13,반여동,1672,26350,,,
해운대더샵센텀그린,2019,34000,2020,10,17,59.9607,11,반여동,1672,26350,,,
해운대두산위브더제니스,2011,110000,2020,10,17,100.9628,29,우동,1407,26350,,,
해운대두산위브더제니스,2011,171000,2020,10,17,145.8083,48,우동,1407,26350,,,
해운대두산위브더제니스,2011,86000,2020,10,17,99.4067,25,우동,1407,26350,,,
해운대자이1단지,2013,161500,2020,10,17,120.3642,21,우동,1527,26350,,,
해운대자이2차1단지,2018,120000,2020,10,17,84.7627,19,우동,1536,26350,,,
해운대중동금호어울림,2006,51000,2020,10,17,84.9963,3,중동,899,26350,,,
해운대중동금호어울림,2006,52900,2020,10,17,84.9963,23,중동,899,26350,,,
해운대협성엠파이어,2011,27600,2020,10,17,75.5658,2,우동,918-3,26350,,,
해운대힐스테이트위브,2015,93000,2020,10,17,105.8829,22,중동,1818,26350,,,
해운대힐스테이트위브,2015,44250,2020,10,17,59.9619,3,중동,1818,26350,,,
해운대힐스테이트위브,2015,77500,2020,10,17,98.1948,14,중동,1818,26350,,,
해운대힐스테이트위브,2015,84000,2020,10,17,105.8829,25,중동,1818,26350,,,
해운대힐스테이트위브,2015,70000,2020,10,17,105.8829,8,중동,1818,26350,,,
해운대힐스테이트위브,2015,79000,2020,10,17,105.8829,39,중동,1818,26350,,,
해운대힐스테이트위브,2015,109500,2020,10,17,153.5704,40,중동,1818,26350,,,
해운파크맨션,1985,26270,2020,10,17,47.52,4,우동,397-68,26350,,,
현대,1996,55600,2020,10,17,134.005,16,좌동,1337,26350,,,
현대,1996,30000,2020,10,17,59.445,20,좌동,1337,26350,,,
현대(1051-2),1988,15400,2020,10,17,41.235,6,재송동,1051-2,26350,,,
현대(1051-2),1988,18500,2020,10,17,50.805,10,재송동,1051-2,26350,,,
현대(1051-2),1988,20500,2020,10,17,50.805,12,재송동,1051-2,26350,,,
현대(1051-2),1988,21000,2020,10,17,41.235,4,재송동,1051-2,26350,,,
현대(1051-2),1988,19000,2020,10,17,50.805,8,재송동,1051-2,26350,,,
현대(1051-2),1988,21000,2020,10,17,50.805,6,재송동,1051-2,26350,,,
현대(1051-2),1988,16300,2020,10,17,41.235,1,재송동,1051-2,26350,,,
현대(1051-2),1988,15500,2020,10,17,41.235,3,재송동,1051-2,26350,,,
현대(1051-2),1988,20450,2020,10,17,50.805,3,재송동,1051-2,26350,,,
현대그린맨션,1986,45000,2020,10,17,73.805,14,반여동,1411-10,26350,,,
협성프라임빌,2005,23000,2020,10,17,59.988,5,우동,333,26350,,,
SKVIEW,1998,23000,2020,10,18,59.91,21,좌동,1450,26350,,,
건영1,1998,41000,2020,10,18,84.93,12,좌동,1414,26350,,,
건영2,1997,47000,2020,10,18,84.84,24,좌동,1298,26350,,,
경남선경,1996,23300,2020,10,18,59.85,3,좌동,1448,26350,,,
대우마리나2,1992,168000,2020,10,18,134.6549,4,우동,1388-4,26350,,,
더샵센텀파크2차,2005,117000,2020,10,18,127.489,8,재송동,1197,26350,,,
동부,1996,45000,2020,10,18,83.6,17,좌동,1412,26350,,,
두산2,1996,55500,2020,10,18,134.97,13,좌동,1319,26350,,,
롯데캐슬마린,2004,62000,2020,10,18,101.927,7,중동,1360,26350,,,
상록,1998,22000,2020,10,18,59.85,3,좌동,1331,26350,,,
센텀대원,1998,15000,2020,10,18,56.12,5,재송동,104-2,26350,,,
센텀동부센트레빌,2006,69500,2020,10,18,117.4122,14,재송동,380-1,26350,,,
센텀센시빌,2003,53500,2020,10,18,84.9402,12,우동,1228,26350,,,
센텀우신골든빌,2006,19000,2020,10,18,59.6054,11,재송동,1048-3,26350,,,
센텀우신골든빌,2006,18300,2020,10,18,59.6054,15,재송동,1048-3,26350,,,
센텀협성,1987,17000,2020,10,18,50.76,1,재송동,1025-1,26350,,,
송정세양시에당,2004,24500,2020,10,18,84.4337,10,송정동,311-1,26350,,,
코오롱,1997,51000,2020,10,18,101.97,20,좌동,1348,26350,,,
해운대 I PARK,2011,85500,2020,10,18,93.041,35,우동,1408,26350,,,
해운대경남아너스빌,2012,93000,2020,10,18,129.3652,14,중동,1788,26350,,,
해운대두산위브더제니스,2011,140000,2020,10,18,127.6584,41,우동,1407,26350,,,
해운대자이1단지,2013,80000,2020,10,18,59.0621,7,우동,1527,26350,,,
해운대중동금호어울림,2006,54500,2020,10,18,84.9963,13,중동,899,26350,,,
해운대케이씨씨스위첸,2011,120500,2020,10,18,153.208,4,좌동,1492,26350,,,
해운대힐스테이트위브,2015,84000,2020,10,18,98.1948,37,중동,1818,26350,,,
해운대힐스테이트위브,2015,44000,2020,10,18,59.9619,2,중동,1818,26350,,,
해운대힐스테이트위브,2015,73500,2020,10,18,80.949,23,중동,1818,26350,,,
해운대힐스테이트위브,2015,59500,2020,10,18,102.3162,4,중동,1818,26350,,,
해운대힐스테이트위브,2015,83000,2020,10,18,109.277,25,중동,1818,26350,,,
해운대힐스테이트위브,2015,121000,2020,10,18,134.3188,37,중동,1818,26350,,,
해운대힐스테이트위브,2015,85000,2020,10,18,115.4958,44,중동,1818,26350,,,
화이트빌라,1995,40000,2020,10,18,146.55,7,중동,1482-13,26350,,,
LH뜨란채아파트,1997,18800,2020,10,19,49.94,13,좌동,1278,26350,,,
LH뜨란채아파트,1997,19400,2020,10,19,49.94,19,좌동,1278,26350,,,
SKVIEW,1998,22000,2020,10,19,59.91,11,좌동,1450,26350,,,
건영1,1998,43500,2020,10,19,99.96,18,좌동,1414,26350,,,
건영2,1997,49000,2020,10,19,84.84,11,좌동,1298,26350,,,
건영2,1997,32500,2020,10,19,59.526,9,좌동,1298,26350,,,
건영2,1997,30000,2020,10,19,59.526,9,좌동,1298,26350,,,
건영2,1997,26900,2020,10,19,59.526,3,좌동,1298,26350,,,
건영2,1997,48000,2020,10,19,84.84,11,좌동,1298,26350,,,
경남선경,1996,43700,2020,10,19,133.295,15,좌동,1448,26350,,,
경남선경,1996,35000,2020,10,19,84.93,8,좌동,1448,26350,,,
남성선파크,1988,15000,2020,10,19,65.45,1,재송동,1151-2,26350,,,
남성선파크,1988,13500,2020,10,19,65.45,1,재송동,1151-2,26350,,,
대동타운,1996,23000,2020,10,19,50.575,12,좌동,1288,26350,,,
대림2,1997,42700,2020,10,19,84.974,6,좌동,1286,26350,,,
대림2,1997,44500,2020,10,19,84.974,19,좌동,1286,26350,,,
대우,1996,46600,2020,10,19,84.962,13,좌동,1333,26350,,,
대우마리나3,1994,127500,2020,10,19,101.72,13,우동,977,26350,,,
대우마리나3,1994,118000,2020,10,19,84.51,9,우동,977,26350,,,
대우마리나3,1994,128000,2020,10,19,101.72,13,우동,977,26350,,,
더샵센텀파크1차,2005,88000,2020,10,19,84.6389,25,재송동,1200,26350,,,
더샵센텀파크2차,2005,90000,2020,10,19,84.6389,21,재송동,1197,26350,,,
동부,1996,28000,2020,10,19,58.44,12,좌동,1412,26350,,,
두산2,1996,55000,2020,10,19,134.97,1,좌동,1319,26350,,,
두산위브포세이돈,2007,70000,2020,10,19,109.27,38,우동,1410-1,26350,,,
럭스빌비치,2018,18500,2020,10,19,58.3,7,송정동,137-12,26350,,,
메가센텀한화꿈에그린,2008,47500,2020,10,19,84.9304,7,반여동,1662,26350,,,
메가센텀한화꿈에그린,2008,50500,2020,10,19,100.9973,2,반여동,1662,26350,,,
메가센텀한화꿈에그린,2008,42800,2020,10,19,84.9914,2,반여동,1662,26350,,,
벽산1,1996,52500,2020,10,19,84.99,2,좌동,1321,26350,,,
벽산2,1996,25100,2020,10,19,59.73,12,좌동,1439,26350,,,
삼한그린타운1,1995,18000,2020,10,19,84.87,20,반송동,888,26350,,,
삼한그린타운1,1995,18600,2020,10,19,84.87,7,반송동,888,26350,,,
삼환,1998,34000,2020,10,19,84.96,18,좌동,1445,26350,,,
센텀SKVIEW아파트,2001,40000,2020,10,19,124.59,20,반여동,1174-1,26350,,,
센텀경동리인,2018,80000,2020,10,19,82.7831,5,우동,1543,26350,,,
센텀대림,1996,21500,2020,10,19,59.99,24,반여동,1199-11,26350,,,
센텀대림,1996,40000,2020,10,19,126.93,25,반여동,1199-11,26350,,,
센텀대림,1996,20100,2020,10,19,59.99,7,반여동,1199-11,26350,,,
센텀동부센트레빌,2006,50000,2020,10,19,84.9926,15,재송동,380-1,26350,,,
센텀동부센트레빌,2006,50000,2020,10,19,84.9926,15,재송동,380-1,26350,,,
센텀롯데캐슬2차,2005,32850,2020,10,19,84.97,8,반여동,1660,26350,,,
센텀롯데캐슬2차,2005,26000,2020,10,19,59.9675,9,반여동,1660,26350,,,
센텀롯데캐슬2차,2005,32850,2020,10,19,84.97,8,반여동,1660,26350,,,
센텀롯데캐슬3차아파트,2005,37700,2020,10,19,84.9798,18,반여동,1641,26350,,,
센텀롯데캐슬3차아파트,2005,36500,2020,10,19,84.9798,11,반여동,1641,26350,,,
센텀롯데캐슬3차아파트,2005,28500,2020,10,19,59.6231,29,반여동,1641,26350,,,
센텀롯데캐슬아파트,2004,51000,2020,10,19,154.0631,14,반여동,1619,26350,,,
센텀롯데캐슬아파트,2004,43000,2020,10,19,101.7996,9,반여동,1619,26350,,,
센텀롯데캐슬아파트,2004,34000,2020,10,19,84.97,10,반여동,1619,26350,,,
센텀롯데캐슬아파트,2004,41500,2020,10,19,101.7996,17,반여동,1619,26350,,,
센텀마리나,1993,31000,2020,10,19,84.14,16,우동,930-20,26350,,,
센텀삼익아파트,1981,28500,2020,10,19,49.96,10,재송동,1023,26350,,,
센텀삼익아파트,1981,20000,2020,10,19,49.96,12,재송동,1023,26350,,,
센텀삼흥,1986,19900,2020,10,19,47.52,5,재송동,97-1,26350,,,
센텀센시빌,2003,55000,2020,10,19,84.9402,11,우동,1228,26350,,,
센텀센시빌,2003,53900,2020,10,19,84.9794,23,우동,1228,26350,,,
센텀센시빌,2003,55800,2020,10,19,84.9402,14,우동,1228,26350,,,
센텀센시빌,2003,50000,2020,10,19,84.9794,3,우동,1228,26350,,,
센텀우신골든빌,2006,19000,2020,10,19,59.6054,10,재송동,1048-3,26350,,,
센텀우신골든빌,2006,20000,2020,10,19,59.6054,17,재송동,1048-3,26350,,,
센텀우신골든빌,2006,23400,2020,10,19,76.0621,19,재송동,1048-3,26350,,,
센텀우신골든빌,2006,18900,2020,10,19,59.6054,7,재송동,1048-3,26350,,,
센텀이편한세상,2006,78500,2020,10,19,123.86,5,재송동,939-2,26350,,,
센텀피오레1차,2005,41000,2020,10,19,74.2233,6,재송동,1302,26350,,,
센텀피오레1차,2005,43000,2020,10,19,84.9446,7,재송동,1302,26350,,,
센텀현대,1999,42000,2020,10,19,84.92,5,우동,1102-221,26350,,,
센텀협성르네상스타운,2013,57000,2020,10,19,84.9181,3,재송동,1324,26350,,,
시영79년,1980,30000,2020,10,19,40.13,2,재송동,1030,26350,,,
시영80년,1981,24200,2020,10,19,43.9,2,재송동,1026-1,26350,,,
시영80년,1981,26500,2020,10,19,43.9,5,재송동,1026-1,26350,,,
신동아,1992,19000,2020,10,19,72.69,5,재송동,131,26350,,,
신성,1996,47800,2020,10,19,134.04,2,좌동,1271,26350,,,
아시아선수촌아파트,2002,38200,2020,10,19,84.8,1,반여동,1638,26350,,,
아시아선수촌아파트,2002,51800,2020,10,19,134.58,4,반여동,1638,26350,,,
아시아선수촌아파트,2002,45700,2020,10,19,118.72,2,반여동,1638,26350,,,
아시아선수촌아파트,2002,29500,2020,10,19,59.92,2,반여동,1638,26350,,,
엘지,1996,59900,2020,10,19,162.27,24,좌동,1398,26350,,,
엘지,1996,20400,2020,10,19,49.83,1,좌동,1398,26350,,,
장산동국,1993,10000,2020,10,19,59.64,14,재송동,1182-1,26350,,,
재송그린,1984,19100,2020,10,19,58.59,1,재송동,1146-1,26350,,,
재송그린,1984,17300,2020,10,19,47.79,3,재송동,1146-1,26350,,,
재송그린,1984,18000,2020,10,19,58.59,4,재송동,1146-1,26350,,,
재송그린,1984,16200,2020,10,19,50.31,3,재송동,1146-1,26350,,,
재송그린,1984,18500,2020,10,19,58.59,2,재송동,1146-1,26350,,,
재송그린,1984,17000,2020,10,19,58.59,5,재송동,1146-1,26350,,,
코오롱,1997,50000,2020,10,19,101.97,4,좌동,1348,26350,,,
해운대 I PARK,2011,148000,2020,10,19,126.607,12,우동,1408,26350,,,
해운대두산위브더제니스,2011,155000,2020,10,19,145.8083,36,우동,1407,26350,,,
해운대두산위브더제니스,2011,185000,2020,10,19,168.8988,46,우동,1407,26350,,,
해운대센텀트루엘2단지,2019,31500,2020,10,19,59.9663,7,반여동,1676,26350,,,
해운대자이1단지,2013,160000,2020,10,19,120.3642,11,우동,1527,26350,,,
해운대자이1단지,2013,84000,2020,10,19,59.0621,20,우동,1527,26350,,,
해운대자이2차1단지,2018,107300,2020,10,19,84.9188,17,우동,1536,26350,,,
해운대중동금호어울림,2006,58900,2020,10,19,84.9963,13,중동,899,26350,,,
해운대힐스테이트위브,2015,70000,2020,10,19,105.8829,8,중동,1818,26350,,,
해운대힐스테이트위브,2015,85000,2020,10,19,98.1948,28,중동,1818,26350,,,
해운대힐스테이트위브,2015,84500,2020,10,19,134.3188,13,중동,1818,26350,,,
해운대힐스테이트위브,2015,91800,2020,10,19,129.8796,27,중동,1818,26350,,,
해운대힐스테이트위브,2015,75500,2020,10,19,81.3754,37,중동,1818,26350,,,
해운대힐스테이트위브,2015,70000,2020,10,19,105.8829,8,중동,1818,26350,,,
해운대힐스테이트위브,2015,83000,2020,10,19,105.8829,13,중동,1818,26350,,,
해운대힐스테이트위브,2015,104000,2020,10,19,129.8796,29,중동,1818,26350,,,
현대,1996,50000,2020,10,19,134.005,4,좌동,1337,26350,,,
현대,1996,30000,2020,10,19,59.445,18,좌동,1337,26350,,,
현대(1051-2),1988,23800,2020,10,19,50.805,7,재송동,1051-2,26350,,,
현대(1051-2),1988,25000,2020,10,19,50.805,9,재송동,1051-2,26350,,,
현대(1051-2),1988,18000,2020,10,19,41.235,6,재송동,1051-2,26350,,,
현대(1051-2),1988,21000,2020,10,19,50.805,10,재송동,1051-2,26350,,,
현대(1051-2),1988,21000,2020,10,19,50.805,10,재송동,1051-2,26350,,,
현대그린맨션,1986,54800,2020,10,19,101.53,12,반여동,1411-10,26350,,,
현대그린맨션,1986,47900,2020,10,19,84.81,2,반여동,1411-10,26350,,,
협진태양,1995,39000,2020,10,19,118.105,2,중동,1516-5,26350,,,
화목,1996,39950,2020,10,19,56.345,3,좌동,1310,26350,,,
SKVIEW,1998,23000,2020,10,20,59.99,7,좌동,1450,26350,,,
SKVIEW,1998,24000,2020,10,20,59.91,19,좌동,1450,26350,,,
SKVIEW,1998,18000,2020,10,20,49.73,14,좌동,1450,26350,,,
건영1,1998,44300,2020,10,20,99.96,7,좌동,1414,26350,,,
경남,1997,47400,2020,10,20,101.94,10,좌동,1375,26350,,,
경남선경,1996,49000,2020,10,20,133.295,15,좌동,1448,26350,,,
경남선경,1996,46200,2020,10,20,133.295,17,좌동,1448,26350,,,
경동,1995,10200,2020,10,20,59.58,4,반송동,885,26350,,,
광하주택2,1988,8300,2020,10,20,43.97,1,반송동,93,26350,,,
광하주택2,1988,8300,2020,10,20,43.97,1,반송동,93,26350,,,
달맞이유림노르웨이숲,2017,54800,2020,10,20,84.9136,4,중동,1821,26350,,,
달맞이유림노르웨이숲,2017,70300,2020,10,20,84.8302,17,중동,1821,26350,,,
대동타운,1996,50900,2020,10,20,115.64,12,좌동,1288,26350,,,
대림,1996,51000,2020,10,20,134.25,2,좌동,1396,26350,,,
대림3,1997,53000,2020,10,20,115.124,22,좌동,1374,26350,,,
대림3,1997,53000,2020,10,20,115.124,22,좌동,1374,26350,,,
대우,1996,33000,2020,10,20,59.946,8,좌동,1333,26350,,,
대우,1996,47500,2020,10,20,101.94,12,좌동,1333,26350,,,
대우,1996,32000,2020,10,20,59.946,11,좌동,1333,26350,,,
대우,1996,31800,2020,10,20,59.946,21,좌동,1333,26350,,,
대우,1996,30900,2020,10,20,59.946,13,좌동,1333,26350,,,
대우2,1998,54300,2020,10,20,134.64,19,좌동,1438,26350,,,
대우마리나3,1994,85000,2020,10,20,59.81,9,우동,977,26350,,,
더샵센텀누리,2014,59000,2020,10,20,84.982,9,재송동,1223,26350,,,
더샵센텀스타,2008,89500,2020,10,20,109.14,29,재송동,1196,26350,,,
더샵센텀파크1차,2005,98000,2020,10,20,84.6389,7,재송동,1200,26350,,,
더샵센텀파크1차,2005,93500,2020,10,20,84.6528,13,재송동,1200,26350,,,
더샵센텀파크2차,2005,84500,2020,10,20,84.6528,12,재송동,1197,26350,,,
동부올림픽타운,1999,73000,2020,10,20,59.8,4,우동,1008-5,26350,,,
동부올림픽타운,1999,92000,2020,10,20,114.92,2,우동,1008-5,26350,,,
동신,1996,24000,2020,10,20,55.68,4,좌동,1302,26350,,,
두산2,1996,36500,2020,10,20,59.94,6,좌동,1319,26350,,,
두산위브포세이돈,2007,140000,2020,10,20,170.5,3,우동,1410-1,26350,,,
메가센텀한화꿈에그린,2008,50000,2020,10,20,84.9304,18,반여동,1662,26350,,,
메가센텀한화꿈에그린,2008,49000,2020,10,20,84.9304,18,반여동,1662,26350,,,
메가센텀한화꿈에그린,2008,52900,2020,10,20,100.9973,5,반여동,1662,26350,,,
반도보라빌,2006,68000,2020,10,20,71.6967,2,우동,945,26350,,,
반도보라빌,2006,62700,2020,10,20,84.9073,4,우동,945,26350,,,
반도보라빌,2006,68000,2020,10,20,71.6967,2,우동,945,26350,,,
벽산1,1996,65500,2020,10,20,134.95,2,좌동,1321,26350,,,
벽산1,1996,42000,2020,10,20,59.73,11,좌동,1321,26350,,,
벽산1,1996,42500,2020,10,20,59.73,18,좌동,1321,26350,,,
벽산2,1996,55000,2020,10,20,101.78,19,좌동,1439,26350,,,
벽산2,1996,46800,2020,10,20,84.99,16,좌동,1439,26350,,,
삼안스튜디오2차,1990,7300,2020,10,20,42.96,3,중동,1493-12,26350,,,
삼정코아,2003,33000,2020,10,20,59.9389,4,좌동,1315,26350,,,
삼호가든맨션,1985,110000,2020,10,20,84.99,2,우동,1104-1,26350,,,
삼환,1998,38900,2020,10,20,84.96,8,좌동,1445,26350,,,
상록,1998,24700,2020,10,20,59.85,15,좌동,1331,26350,,,
선프라자,1995,29500,2020,10,20,59.34,16,우동,1434,26350,,,
센텀SKVIEW아파트,2001,23700,2020,10,20,76.56,7,반여동,1174-1,26350,,,
센텀SKVIEW아파트,2001,20800,2020,10,20,59.91,5,반여동,1174-1,26350,,,
센텀대림,1996,21500,2020,10,20,59.99,9,반여동,1199-11,26350,,,
센텀대림,1996,41000,2020,10,20,126.93,14,반여동,1199-11,26350,,,
센텀대림,1996,21500,2020,10,20,59.99,9,반여동,1199-11,26350,,,
센텀대림,1996,40000,2020,10,20,126.93,12,반여동,1199-11,26350,,,
센텀두산위브,2014,90000,2020,10,20,105.994,18,우동,1105,26350,,,
센텀두산위브,2014,80000,2020,10,20,84.999,10,우동,1105,26350,,,
센텀롯데캐슬3차아파트,2005,26000,2020,10,20,59.6231,20,반여동,1641,26350,,,
센텀롯데캐슬아파트,2004,35800,2020,10,20,84.97,20,반여동,1619,26350,,,
센텀롯데캐슬아파트,2004,28800,2020,10,20,59.9675,14,반여동,1619,26350,,,
센텀롯데캐슬아파트,2004,40500,2020,10,20,101.7996,8,반여동,1619,26350,,,
센텀리슈빌2단지,2019,73000,2020,10,20,84.6823,5,재송동,1355,26350,,,
센텀마리나,1993,21800,2020,10,20,69.95,4,우동,930-20,26350,,,
센텀마리나,1993,23500,2020,10,20,69.95,8,우동,930-20,26350,,,
센텀삼흥,1986,21000,2020,10,20,47.52,2,재송동,97-1,26350,,,
센텀센시빌,2003,53000,2020,10,20,84.9402,9,우동,1228,26350,,,
센텀센시빌,2003,54000,2020,10,20,84.9402,24,우동,1228,26350,,,
센텀우신골든빌,2006,28500,2020,10,20,84.8404,5,재송동,1048-3,26350,,,
센텀우신골든빌,2006,19000,2020,10,20,59.6054,6,재송동,1048-3,26350,,,
센텀우신골든빌,2006,24500,2020,10,20,76.0621,19,재송동,1048-3,26350,,,
센텀이편한세상,2006,48000,2020,10,20,73.405,9,재송동,939-2,26350,,,
센텀파미르,2009,23900,2020,10,20,59.7826,18,재송동,1029,26350,,,
센텀파미르,2009,22700,2020,10,20,59.7826,20,재송동,1029,26350,,,
시영79년,1980,26800,2020,10,20,40.13,4,재송동,1030,26350,,,
신동아,1996,15800,2020,10,20,59.78,3,반여동,982-14,26350,,,
아시아선수촌아파트,2002,32000,2020,10,20,59.92,12,반여동,1638,26350,,,
아시아선수촌아파트,2002,31000,2020,10,20,59.92,14,반여동,1638,26350,,,
아시아선수촌아파트,2002,44500,2020,10,20,101.55,9,반여동,1638,26350,,,
아시아선수촌아파트,2002,39500,2020,10,20,84.8,3,반여동,1638,26350,,,
아시아선수촌아파트,2002,31300,2020,10,20,59.92,21,반여동,1638,26350,,,
아시아선수촌아파트,2002,30700,2020,10,20,59.92,12,반여동,1638,26350,,,
엘지,1996,23500,2020,10,20,49.83,4,좌동,1398,26350,,,
왕자,1979,75400,2020,10,20,79.01,3,반여동,1477-1,26350,,,
우신골든메르시아,2010,64300,2020,10,20,150.21,24,우동,1410-2,26350,,,
장산동국,1993,14600,2020,10,20,84.95,9,재송동,1182-1,26350,,,
재송그린,1984,14500,2020,10,20,36.33,3,재송동,1146-1,26350,,,
재송그린,1984,13500,2020,10,20,36.33,3,재송동,1146-1,26350,,,
재송그린,1984,16000,2020,10,20,50.31,2,재송동,1146-1,26350,,,
코오롱,1997,30900,2020,10,20,59.985,12,좌동,1348,26350,,,
코오롱,1997,30900,2020,10,20,59.985,12,좌동,1348,26350,,,
해운대 I PARK,2011,105000,2020,10,20,117.745,54,우동,1408,26350,,,
해운대 I PARK,2011,97500,2020,10,20,90.993,22,우동,1408,26350,,,
해운대메트로하이츠,2005,79000,2020,10,20,169.292,5,중동,149-1,26350,,,
해운대센텀트루엘1단지,2019,32350,2020,10,20,59.9663,19,반여동,1682,26350,,,
해운대신시가지경동메르빌,2005,44000,2020,10,20,84.9271,2,중동,718-6,26350,,,
해운대자이2차1단지,2018,135000,2020,10,20,84.988,30,우동,1536,26350,,,
해운대힐스테이트위브,2015,61500,2020,10,20,84.5871,2,중동,1818,26350,,,
해운대힐스테이트위브,2015,61000,2020,10,20,102.3162,2,중동,1818,26350,,,
해운대힐스테이트위브,2015,64700,2020,10,20,80.949,14,중동,1818,26350,,,
해운대힐스테이트위브,2015,79000,2020,10,20,129.8796,4,중동,1818,26350,,,
해운대힐스테이트위브,2015,71800,2020,10,20,102.3162,14,중동,1818,26350,,,
해운대힐스테이트위브,2015,74400,2020,10,20,80.949,9,중동,1818,26350,,,
해운대힐스테이트위브,2015,77000,2020,10,20,129.8796,7,중동,1818,26350,,,
해운대힐스테이트위브,2015,87600,2020,10,20,109.277,32,중동,1818,26350,,,
해운대힐스테이트위브,2015,85000,2020,10,20,134.3188,27,중동,1818,26350,,,
현대,1996,30800,2020,10,20,59.445,16,좌동,1337,26350,,,
현대,1996,32200,2020,10,20,59.445,20,좌동,1337,26350,,,
현대(1051-2),1988,22500,2020,10,20,50.805,5,재송동,1051-2,26350,,,
현대아쿠아팰리스해운대,2010,60500,2020,10,20,158.99,6,중동,1167-3,26350,,,
SKVIEW,1998,24700,2020,10,21,59.91,4,좌동,1450,26350,,,
SKVIEW,1998,24200,2020,10,21,59.91,20,좌동,1450,26350,,,
SKVIEW,1998,21700,2020,10,21,59.99,11,좌동,1450,26350,,,
SKVIEW,1998,19000,2020,10,21,59.99,1,좌동,1450,26350,,,
경남,1997,27300,2020,10,21,58.804,22,좌동,1375,26350,,,
경남선경,1996,23700,2020,10,21,59.85,4,좌동,1448,26350,,,
금호,1996,17700,2020,10,21,74.445,3,재송동,1041-3,26350,,,
금호,1996,15700,2020,10,21,59.955,17,재송동,1041-3,26350,,,
금호,1996,14800,2020,10,21,59.955,6,재송동,1041-3,26350,,,
달맞이우성빌라트,1995,26000,2020,10,21,53.58,7,중동,1479,26350,,,
달맞이유림노르웨이숲,2017,45800,2020,10,21,59.9676,7,중동,1821,26350,,,
달맞이유림노르웨이숲,2017,54500,2020,10,21,84.8302,10,중동,1821,26350,,,
대림2,1997,30500,2020,10,21,59.816,7,좌동,1286,26350,,,
대우2,1998,44000,2020,10,21,84.962,13,좌동,1438,26350,,,
대우2,1998,37300,2020,10,21,84.962,1,좌동,1438,26350,,,
대창,1996,47700,2020,10,21,134.64,13,좌동,1273,26350,,,
더샵센텀누리,2014,78000,2020,10,21,127.782,22,재송동,1223,26350,,,
더샵센텀스타,2008,135000,2020,10,21,135.65,48,재송동,1196,26350,,,
더샵센텀스타,2008,122500,2020,10,21,135.65,17,재송동,1196,26350,,,
더샵센텀스타,2008,113000,2020,10,21,135.65,24,재송동,1196,26350,,,
더샵센텀파크2차,2005,115000,2020,10,21,127.489,39,재송동,1197,26350,,,
동부,1996,42300,2020,10,21,83.6,4,좌동,1412,26350,,,
동부,1996,27900,2020,10,21,58.44,17,좌동,1412,26350,,,
두산1차아파트,1996,37500,2020,10,21,84.9,18,좌동,1394,26350,,,
롯데3차,1997,28500,2020,10,21,59.6,13,좌동,1300,26350,,,
롯데3차,1997,30000,2020,10,21,59.6,9,좌동,1300,26350,,,
롯데4,1999,27000,2020,10,21,59.6,6,좌동,1419,26350,,,
롯데4,1999,30100,2020,10,21,59.6,22,좌동,1419,26350,,,
롯데캐슬마스터,2005,51000,2020,10,21,84.956,4,좌동,970,26350,,,
마마아파트,1990,21400,2020,10,21,84.08,5,중동,1521-32,26350,,,
메가센텀한화꿈에그린,2008,46900,2020,10,21,84.9793,12,반여동,1662,26350,,,
메가센텀한화꿈에그린,2008,48200,2020,10,21,100.9973,19,반여동,1662,26350,,,
메가센텀한화꿈에그린,2008,45900,2020,10,21,84.9793,12,반여동,1662,26350,,,
벽산1,1996,36000,2020,10,21,59.73,4,좌동,1321,26350,,,
벽산한솔타운,1995,14800,2020,10,21,59.794,9,반여동,1063-2,26350,,,
벽산한솔타운,1995,14800,2020,10,21,59.794,9,반여동,1063-2,26350,,,
상록,1998,25600,2020,10,21,59.85,9,좌동,1331,26350,,,
센텀대림,1996,22000,2020,10,21,59.99,12,반여동,1199-11,26350,,,
센텀대림,1996,22000,2020,10,21,59.99,14,반여동,1199-11,26350,,,
센텀대림,1996,39000,2020,10,21,126.93,11,반여동,1199-11,26350,,,
센텀대림,1996,21900,2020,10,21,59.99,14,반여동,1199-11,26350,,,
센텀대림,1996,21400,2020,10,21,59.99,12,반여동,1199-11,26350,,,
센텀대림,1996,28400,2020,10,21,84.98,25,반여동,1199-11,26350,,,
센텀대림,1996,21700,2020,10,21,59.99,14,반여동,1199-11,26350,,,
센텀대림,1996,21800,2020,10,21,59.99,18,반여동,1199-11,26350,,,
센텀대림,1996,30000,2020,10,21,84.98,1,반여동,1199-11,26350,,,
센텀롯데캐슬2차,2005,28500,2020,10,21,84.97,7,반여동,1660,26350,,,
센텀롯데캐슬3차아파트,2005,40000,2020,10,21,84.9798,18,반여동,1641,26350,,,
센텀롯데캐슬3차아파트,2005,36500,2020,10,21,84.9798,21,반여동,1641,26350,,,
센텀롯데캐슬아파트,2004,43500,2020,10,21,101.7996,8,반여동,1619,26350,,,
센텀롯데캐슬아파트,2004,35800,2020,10,21,84.97,17,반여동,1619,26350,,,
센텀롯데캐슬아파트,2004,37800,2020,10,21,84.97,6,반여동,1619,26350,,,
센텀롯데캐슬아파트,2004,47500,2020,10,21,127.3684,8,반여동,1619,26350,,,
센텀센시빌,2003,55000,2020,10,21,84.9794,22,우동,1228,26350,,,
센텀피오레1차,2005,43000,2020,10,21,84.9446,9,재송동,1302,26350,,,
시영79년,1980,30000,2020,10,21,40.13,1,재송동,1030,26350,,,
시영79년,1980,24400,2020,10,21,40.13,5,재송동,1030,26350,,,
시영80년,1981,23500,2020,10,21,43.9,3,재송동,1026-1,26350,,,
시영80년,1981,26300,2020,10,21,46.94,3,재송동,1026-1,26350,,,
시영80년,1981,25000,2020,10,21,43.9,1,재송동,1026-1,26350,,,
신성,1996,39500,2020,10,21,84.974,10,좌동,1271,26350,,,
아림비치,1986,35000,2020,10,21,45.41,3,우동,493-1,26350,,,
아시아선수촌아파트,2002,50500,2020,10,21,134.58,3,반여동,1638,26350,,,
아시아선수촌아파트,2002,37300,2020,10,21,75.57,6,반여동,1638,26350,,,
아시아선수촌아파트,2002,41700,2020,10,21,84.8,10,반여동,1638,26350,,,
아시아선수촌아파트,2002,49000,2020,10,21,118.72,18,반여동,1638,26350,,,
아시아선수촌아파트,2002,30900,2020,10,21,59.92,10,반여동,1638,26350,,,
아시아선수촌아파트,2002,46900,2020,10,21,101.67,2,반여동,1638,26350,,,
엘지,1996,54000,2020,10,21,134.94,6,좌동,1398,26350,,,
엘지,1996,55000,2020,10,21,134.94,18,좌동,1398,26350,,,
엘지,1996,63000,2020,10,21,134.94,11,좌동,1398,26350,,,
엘지,1996,21000,2020,10,21,49.83,13,좌동,1398,26350,,,
우방신세계타운,2002,23300,2020,10,21,77.67,4,반여동,1190-1,26350,,,
일동미라주,2001,19900,2020,10,21,56.9704,8,반여동,1192-3,26350,,,
재송그린,1984,18000,2020,10,21,58.59,3,재송동,1146-1,26350,,,
재송그린,1984,14800,2020,10,21,36.33,5,재송동,1146-1,26350,,,
코오롱,1997,29000,2020,10,21,59.985,20,좌동,1348,26350,,,
한일,1996,24300,2020,10,21,58.2,2,좌동,1274,26350,,,
해운대 I PARK,2011,110000,2020,10,21,117.407,56,우동,1408,26350,,,
해운대 I PARK,2011,250000,2020,10,21,244.997,65,우동,1408,26350,,,
해운대 I PARK,2011,93000,2020,10,21,110.447,30,우동,1408,26350,,,
해운대SKVIEW,2011,68000,2020,10,21,84.9763,6,중동,1787,26350,,,
해운대경남아너스빌,2012,74000,2020,10,21,84.9077,10,중동,1788,26350,,,
해운대두산위브더제니스,2011,185000,2020,10,21,157.0176,41,우동,1407,26350,,,
해운대래미안,2014,58500,2020,10,21,59.8659,21,중동,1793,26350,,,
해운대센텀트루엘1단지,2019,33200,2020,10,21,59.9663,19,반여동,1682,26350,,,
해운대센텀트루엘1단지,2019,33200,2020,10,21,59.9663,19,반여동,1682,26350,,,
해운대센텀트루엘1단지,2019,37800,2020,10,21,84.9882,23,반여동,1682,26350,,,
해운대센텀트루엘1단지,2019,31800,2020,10,21,59.9663,18,반여동,1682,26350,,,
해운대자이1단지,2013,105000,2020,10,21,84.5368,8,우동,1527,26350,,,
해운대힐스테이트위브,2015,63000,2020,10,21,105.8829,3,중동,1818,26350,,,
해운대힐스테이트위브,2015,90000,2020,10,21,129.8796,36,중동,1818,26350,,,
해운대힐스테이트위브,2015,74000,2020,10,21,105.8829,19,중동,1818,26350,,,
해운대힐스테이트위브,2015,80000,2020,10,21,105.8829,40,중동,1818,26350,,,
해운대힐스테이트위브,2015,140000,2020,10,21,153.5704,15,중동,1818,26350,,,
해운대힐스테이트위브,2015,70000,2020,10,21,109.277,3,중동,1818,26350,,,
해운대힐스테이트위브,2015,89000,2020,10,21,134.3188,6,중동,1818,26350,,,
해운대힐스테이트위브,2015,80000,2020,10,21,102.3162,32,중동,1818,26350,,,
현대,1996,48500,2020,10,21,102.08,9,좌동,1337,26350,,,
현대,1996,50450,2020,10,21,134.005,15,좌동,1337,26350,,,
현대(1051-2),1988,20400,2020,10,21,50.805,6,재송동,1051-2,26350,,,
현대(1051-2),1988,23000,2020,10,21,50.805,13,재송동,1051-2,26350,,,
현대(1051-2),1988,22500,2020,10,21,50.805,5,재송동,1051-2,26350,,,
현대(1051-2),1988,19000,2020,10,21,41.235,9,재송동,1051-2,26350,,,
현대4,1989,77400,2020,10,21,84.69,5,반여동,1477-10,26350,,,
현대그린맨션,1986,47000,2020,10,21,73.805,15,반여동,1411-10,26350,,,
현대그린맨션,1986,40000,2020,10,21,57.09,7,반여동,1411-10,26350,,,
현대그린맨션,1986,52900,2020,10,21,101.53,12,반여동,1411-10,26350,,,
현대그린맨션,1986,44800,2020,10,21,64.985,5,반여동,1411-10,26350,,,
현대아쿠아팰리스해운대,2010,59000,2020,10,21,158.99,8,중동,1167-3,26350,,,
현우산호맨션,1987,12300,2020,10,21,44.22,5,중동,1533-1,26350,,,
협성그린파크,1992,23000,2020,10,21,84.77,5,우동,347-2,26350,,,
LH뜨란채아파트,1997,25150,2020,10,22,59.98,6,좌동,1278,26350,,,
LH뜨란채아파트,1997,25800,2020,10,22,59.98,13,좌동,1278,26350,,,
SKVIEW,1998,22300,2020,10,22,59.99,23,좌동,1450,26350,,,
건영1,1998,46000,2020,10,22,99.96,16,좌동,1414,26350,,,
건영2,1997,42000,2020,10,22,84.84,12,좌동,1298,26350,,,
경남,1997,45000,2020,10,22,101.94,3,좌동,1375,26350,,,
경남선경,1996,22500,2020,10,22,59.85,3,좌동,1448,26350,,,
남성선파크,1988,6650,2020,10,22,42.05,4,재송동,1151-2,26350,,,
남흥,1996,18200,2020,10,22,84.88,7,반송동,887,26350,,,
대동타운,1996,25300,2020,10,22,59.95,23,좌동,1288,26350,,,
대림,1996,56300,2020,10,22,118.683,6,좌동,1396,26350,,,
대림,1996,47100,2020,10,22,134.25,1,좌동,1396,26350,,,
대림,1996,51300,2020,10,22,118.683,6,좌동,1396,26350,,,
대림,1996,42500,2020,10,22,84.974,18,좌동,1396,26350,,,
대림,1996,27100,2020,10,22,59.816,4,좌동,1396,26350,,,
대우2,1998,40000,2020,10,22,84.962,27,좌동,1438,26350,,,
대원하이츠2차,2004,18000,2020,10,22,67.36,8,송정동,201-15,26350,,,
더샵센텀스타,2008,87000,2020,10,22,109.14,45,재송동,1196,26350,,,
더샵센텀파크1차,2005,123000,2020,10,22,100.945,29,재송동,1200,26350,,,
동부,1996,27500,2020,10,22,58.44,16,좌동,1412,26350,,,
동부,1996,53700,2020,10,22,99.78,11,좌동,1412,26350,,,
두산1차아파트,1996,44500,2020,10,22,134.97,3,좌동,1394,26350,,,
두산1차아파트,1996,47000,2020,10,22,134.97,25,좌동,1394,26350,,,
두산1차아파트,1996,51000,2020,10,22,134.97,15,좌동,1394,26350,,,
두산2,1996,51000,2020,10,22,84.9,18,좌동,1319,26350,,,
두산2,1996,34300,2020,10,22,59.94,10,좌동,1319,26350,,,
롯데2,1998,48900,2020,10,22,134.9,6,좌동,1386,26350,,,
메가센텀한화꿈에그린,2008,63000,2020,10,22,129.749,15,반여동,1662,26350,,,
반도보라빌,2006,66000,2020,10,22,71.6967,11,우동,945,26350,,,
반도보라빌,2006,77500,2020,10,22,84.9073,22,우동,945,26350,,,
벽산2,1996,50000,2020,10,22,134.95,15,좌동,1439,26350,,,
벽산2,1996,44000,2020,10,22,84.99,17,좌동,1439,26350,,,
벽산금호,1991,18000,2020,10,22,49.95,9,우동,397-117,26350,,,
벽산삼협,1997,15000,2020,10,22,59.916,22,반송동,892,26350,,,
삼익그린맨션,1985,57950,2020,10,22,111.12,13,반여동,1405-31,26350,,,
삼환,1998,35500,2020,10,22,84.96,5,좌동,1445,26350,,,
상록,1998,23450,2020,10,22,59.85,3,좌동,1331,26350,,,
성우맨션,1981,55000,2020,10,22,56.95,5,중동,797-3,26350,,,
센텀SD,1993,22000,2020,10,22,114.84,3,반여동,692-6,26350,,,
센텀대림,1996,39000,2020,10,22,126.93,5,반여동,1199-11,26350,,,
센텀대림,1996,31000,2020,10,22,84.98,6,반여동,1199-11,26350,,,
센텀대림,1996,21750,2020,10,22,59.99,18,반여동,1199-11,26350,,,
센텀롯데캐슬2차,2005,31500,2020,10,22,84.97,10,반여동,1660,26350,,,
센텀롯데캐슬2차,2005,44800,2020,10,22,122.988,13,반여동,1660,26350,,,
센텀롯데캐슬3차아파트,2005,25200,2020,10,22,59.6231,29,반여동,1641,26350,,,
센텀롯데캐슬아파트,2004,27300,2020,10,22,59.9675,6,반여동,1619,26350,,,
센텀롯데캐슬아파트,2004,35000,2020,10,22,84.97,20,반여동,1619,26350,,,
센텀롯데캐슬아파트,2004,28200,2020,10,22,59.9675,23,반여동,1619,26350,,,
센텀롯데캐슬아파트,2004,35500,2020,10,22,84.97,14,반여동,1619,26350,,,
센텀롯데캐슬아파트,2004,29300,2020,10,22,59.9675,15,반여동,1619,26350,,,
센텀리슈빌2단지,2019,65000,2020,10,22,84.9916,9,재송동,1355,26350,,,
센텀삼익아파트,1981,36000,2020,10,22,70.582,10,재송동,1023,26350,,,
센텀센시빌,2003,56000,2020,10,22,84.9402,8,우동,1228,26350,,,
센텀센시빌,2003,55000,2020,10,22,84.9402,18,우동,1228,26350,,,
센텀우신골든빌,2006,19900,2020,10,22,59.6054,7,재송동,1048-3,26350,,,
센텀우신골든빌,2006,20000,2020,10,22,59.6054,9,재송동,1048-3,26350,,,
센텀이편한세상,2006,75000,2020,10,22,84.98,16,재송동,939-2,26350,,,
센텀이편한세상,2006,65000,2020,10,22,84.98,19,재송동,939-2,26350,,,
시영80년,1981,28000,2020,10,22,43.9,3,재송동,1026-1,26350,,,
신성,1996,50000,2020,10,22,134.04,7,좌동,1271,26350,,,
쏠데까사Ⅱ,2013,20000,2020,10,22,84.5257,4,송정동,200-2,26350,,,
아시아선수촌아파트,2002,33800,2020,10,22,59.92,25,반여동,1638,26350,,,
아시아선수촌아파트,2002,41000,2020,10,22,101.55,2,반여동,1638,26350,,,
아시아선수촌아파트,2002,46000,2020,10,22,118.73,3,반여동,1638,26350,,,
엘지,1996,29500,2020,10,22,59.94,5,좌동,1398,26350,,,
엘지,1996,31300,2020,10,22,59.94,22,좌동,1398,26350,,,
엘지,1996,62000,2020,10,22,162.27,20,좌동,1398,26350,,,
엘지,1996,51000,2020,10,22,84.973,6,좌동,1398,26350,,,
엘지,1996,51000,2020,10,22,134.94,2,좌동,1398,26350,,,
영남,1996,42900,2020,10,22,134.99,1,좌동,1328,26350,,,
왕자,1979,73500,2020,10,22,79.01,4,반여동,1477-1,26350,,,
왕자,1979,73500,2020,10,22,79.01,4,반여동,1477-1,26350,,,
우방신세계타운,2002,25000,2020,10,22,84.92,1,반여동,1190-1,26350,,,
재송그린,1984,18300,2020,10,22,47.79,5,재송동,1146-1,26350,,,
재송그린,1984,22500,2020,10,22,58.59,2,재송동,1146-1,26350,,,
재송그린,1984,20000,2020,10,22,58.59,4,재송동,1146-1,26350,,,
재송동코오롱,1990,15300,2020,10,22,80.8,4,재송동,1123-20,26350,,,
코오롱,1997,46800,2020,10,22,84.95,23,좌동,1348,26350,,,
코오롱,1997,35000,2020,10,22,59.985,21,좌동,1348,26350,,,
코오롱,1997,48000,2020,10,22,134.94,2,좌동,1348,26350,,,
한라,1996,45600,2020,10,22,134.97,2,좌동,1323,26350,,,
한일,1996,51700,2020,10,22,128.37,14,좌동,1274,26350,,,
한일,1996,51000,2020,10,22,128.37,4,좌동,1274,26350,,,
해운대 I PARK,2011,140000,2020,10,22,115.687,47,우동,1408,26350,,,
해운대 I PARK,2011,140000,2020,10,22,115.687,47,우동,1408,26350,,,
해운대래미안,2014,57500,2020,10,22,59.8659,22,중동,1793,26350,,,
해운대래미안,2014,78500,2020,10,22,84.9843,15,중동,1793,26350,,,
해운대신시가지경동메르빌,2005,59000,2020,10,22,115.1516,13,중동,718-6,26350,,,
해운대엑소디움,2009,120000,2020,10,22,173.319,22,우동,1398,26350,,,
해운대엑소디움,2009,120000,2020,10,22,173.319,34,우동,1398,26350,,,
해운대엑소디움,2009,129000,2020,10,22,181.774,17,우동,1398,26350,,,
해운대자이2차1단지,2018,110000,2020,10,22,84.7627,6,우동,1536,26350,,,
해운대자이2차1단지,2018,115000,2020,10,22,84.9651,14,우동,1536,26350,,,
해운대중동금호어울림,2006,50000,2020,10,22,84.9963,10,중동,899,26350,,,
해운대힐스테이트위브,2015,84700,2020,10,22,106.3407,26,중동,1818,26350,,,
해운대힐스테이트위브,2015,150000,2020,10,22,153.5704,18,중동,1818,26350,,,
해운대힐스테이트위브,2015,89700,2020,10,22,134.3188,45,중동,1818,26350,,,
해운대힐스테이트위브,2015,92800,2020,10,22,134.3188,25,중동,1818,26350,,,
현대,1996,32000,2020,10,22,59.445,6,좌동,1337,26350,,,
현대,1996,25400,2020,10,22,59.445,2,좌동,1337,26350,,,
현대,1996,23300,2020,10,22,59.445,1,좌동,1337,26350,,,
현대(1051-2),1988,23000,2020,10,22,50.805,1,재송동,1051-2,26350,,,
화목,1996,50000,2020,10,22,56.345,12,좌동,1310,26350,,,
LH뜨란채아파트,1997,25500,2020,10,23,59.98,8,좌동,1278,26350,,,
SKVIEW,1998,25000,2020,10,23,59.91,7,좌동,1450,26350,,,
건영1,1998,44000,2020,10,23,84.93,21,좌동,1414,26350,,,
건영1,1998,42000,2020,10,23,84.93,8,좌동,1414,26350,,,
건영2,1997,42000,2020,10,23,84.84,3,좌동,1298,26350,,,
경남,1997,52500,2020,10,23,134.47,15,좌동,1375,26350,,,
경남마리나,1996,88000,2020,10,23,59.83,15,우동,1388-1,26350,,,
경동,1995,54500,2020,10,23,59.55,3,우동,974,26350,,,
광하주택3,1990,7000,2020,10,23,55.745,4,반송동,93-6,26350,,,
달맞이경동메르빌,2002,45000,2020,10,23,84.951,13,중동,1515-2,26350,,,
달맞이유림노르웨이숲,2017,58000,2020,10,23,84.9136,5,중동,1821,26350,,,
달맞이유림노르웨이숲,2017,53000,2020,10,23,84.9136,3,중동,1821,26350,,,
대동타운,1996,50500,2020,10,23,115.64,4,좌동,1288,26350,,,
대동타운,1996,50400,2020,10,23,115.64,16,좌동,1288,26350,,,
대동타운,1996,48000,2020,10,23,115.64,4,좌동,1288,26350,,,
대림,1996,31000,2020,10,23,59.816,3,좌동,1396,26350,,,
대림,1996,48000,2020,10,23,101.984,3,좌동,1396,26350,,,
대림,1996,29500,2020,10,23,59.816,9,좌동,1396,26350,,,
대림2,1997,32000,2020,10,23,59.816,7,좌동,1286,26350,,,
대림2,1997,31300,2020,10,23,59.816,7,좌동,1286,26350,,,
대림2,1997,30500,2020,10,23,59.816,7,좌동,1286,26350,,,
대우2,1998,57000,2020,10,23,155.31,22,좌동,1438,26350,,,
대우2,1998,57000,2020,10,23,155.31,22,좌동,1438,26350,,,
대우금사,1995,15000,2020,10,23,59.91,11,반여동,586-2,26350,,,
대우금사,1995,15000,2020,10,23,59.91,11,반여동,586-2,26350,,,
대원,1998,35000,2020,10,23,59.79,14,좌동,1307,26350,,,
더샵센텀스타,2008,230000,2020,10,23,215.64,58,재송동,1196,26350,,,
더샵센텀스타,2008,97700,2020,10,23,115.93,16,재송동,1196,26350,,,
더샵센텀파크1차,2005,135000,2020,10,23,126.9004,11,재송동,1200,26350,,,
더샵센텀파크1차,2005,150000,2020,10,23,126.9004,46,재송동,1200,26350,,,
더샵센텀파크2차,2005,73500,2020,10,23,84.6389,36,재송동,1197,26350,,,
동보하이츠,1991,36000,2020,10,23,163.65,4,중동,1488-1,26350,,,
동부올림픽타운,1999,90000,2020,10,23,84.96,6,우동,1008-5,26350,,,
동신,1996,28000,2020,10,23,55.68,18,좌동,1302,26350,,,
두산1차아파트,1996,45000,2020,10,23,134.97,12,좌동,1394,26350,,,
두산1차아파트,1996,45000,2020,10,23,134.97,16,좌동,1394,26350,,,
두산1차아파트,1996,25200,2020,10,23,59.94,15,좌동,1394,26350,,,
두산위브포세이돈,2007,79500,2020,10,23,108.19,37,우동,1410-1,26350,,,
롯데3차,1997,32000,2020,10,23,59.6,19,좌동,1300,26350,,,
롯데3차,1997,28900,2020,10,23,59.6,7,좌동,1300,26350,,,
롯데캐슬마스터,2005,57000,2020,10,23,84.986,20,좌동,970,26350,,,
롯데캐슬마스터,2005,53200,2020,10,23,84.956,22,좌동,970,26350,,,
메가센텀한화꿈에그린,2008,51500,2020,10,23,84.9793,10,반여동,1662,26350,,,
메가센텀한화꿈에그린,2008,50000,2020,10,23,84.9304,3,반여동,1662,26350,,,
메가센텀한화꿈에그린,2008,49700,2020,10,23,84.9793,8,반여동,1662,26350,,,
반여현대,1995,14000,2020,10,23,59.92,17,반여동,1088,26350,,,
반여현대,1995,14200,2020,10,23,59.92,6,반여동,1088,26350,,,
벽산1,1996,89000,2020,10,23,134.95,15,좌동,1321,26350,,,
벽산2,1996,42000,2020,10,23,84.99,7,좌동,1439,26350,,,
삼성,1997,30500,2020,10,23,59.944,2,좌동,1413,26350,,,
삼성,1997,36300,2020,10,23,59.944,13,좌동,1413,26350,,,
삼성,1997,34200,2020,10,23,59.944,3,좌동,1413,26350,,,
삼안스튜디오2000,1995,14700,2020,10,23,49.8,2,중동,1498-3,26350,,,
삼익그린맨션,1985,52500,2020,10,23,84.93,4,반여동,1405-31,26350,,,
상록,1998,26500,2020,10,23,59.85,18,좌동,1331,26350,,,
상록,1998,25600,2020,10,23,59.85,7,좌동,1331,26350,,,
센텀SKVIEW아파트,2001,29900,2020,10,23,84.77,17,반여동,1174-1,26350,,,
센텀대림,1996,20500,2020,10,23,59.99,6,반여동,1199-11,26350,,,
센텀대림,1996,36000,2020,10,23,126.93,3,반여동,1199-11,26350,,,
센텀동부센트레빌,2006,53200,2020,10,23,84.9926,8,재송동,380-1,26350,,,
센텀동부센트레빌,2006,56000,2020,10,23,84.9749,16,재송동,380-1,26350,,,
센텀두산위브,2014,73700,2020,10,23,84.972,10,우동,1105,26350,,,
센텀롯데캐슬2차,2005,31400,2020,10,23,84.97,3,반여동,1660,26350,,,
센텀롯데캐슬3차아파트,2005,28450,2020,10,23,59.6231,13,반여동,1641,26350,,,
센텀롯데캐슬3차아파트,2005,34500,2020,10,23,84.9798,1,반여동,1641,26350,,,
센텀롯데캐슬아파트,2004,36000,2020,10,23,84.97,6,반여동,1619,26350,,,
센텀롯데캐슬아파트,2004,32000,2020,10,23,84.97,2,반여동,1619,26350,,,
센텀롯데캐슬아파트,2004,44000,2020,10,23,127.3684,4,반여동,1619,26350,,,
센텀롯데캐슬아파트,2004,28500,2020,10,23,59.9675,17,반여동,1619,26350,,,
센텀롯데캐슬아파트,2004,36000,2020,10,23,84.97,6,반여동,1619,26350,,,
센텀롯데캐슬아파트,2004,26300,2020,10,23,59.7601,23,반여동,1619,26350,,,
센텀삼익아파트,1981,30500,2020,10,23,53.246,3,재송동,1023,26350,,,
센텀우신골든빌,2006,21500,2020,10,23,59.6054,16,재송동,1048-3,26350,,,
센텀우신골든빌,2006,21000,2020,10,23,59.6054,13,재송동,1048-3,26350,,,
센텀파미르,2009,28100,2020,10,23,84.0896,9,재송동,1029,26350,,,
센텀피오레1차,2005,43500,2020,10,23,74.2233,6,재송동,1302,26350,,,
센텀피오레1차,2005,46900,2020,10,23,84.9446,15,재송동,1302,26350,,,
센텀피오레1차,2005,50000,2020,10,23,84.9446,13,재송동,1302,26350,,,
센텀현대,1999,37900,2020,10,23,59.84,16,우동,1102-221,26350,,,
센텀협성르네상스타운,2013,57000,2020,10,23,84.4011,8,재송동,1324,26350,,,
시영79년,1980,29900,2020,10,23,40.13,4,재송동,1030,26350,,,
시영79년,1980,31000,2020,10,23,40.13,5,재송동,1030,26350,,,
시영80년,1981,30000,2020,10,23,46.94,3,재송동,1026-1,26350,,,
아시아선수촌아파트,2002,31000,2020,10,23,59.92,6,반여동,1638,26350,,,
아시아선수촌아파트,2002,55700,2020,10,23,134.7,18,반여동,1638,26350,,,
아시아선수촌아파트,2002,31500,2020,10,23,59.92,21,반여동,1638,26350,,,
엘시티,2019,179000,2020,10,23,161.9826,20,중동,1829,26350,,,
엘시티,2019,200000,2020,10,23,161.9826,75,중동,1829,26350,,,
엘지,1996,57000,2020,10,23,134.94,5,좌동,1398,26350,,,
엘지,1996,24500,2020,10,23,49.83,17,좌동,1398,26350,,,
엘지,1996,23000,2020,10,23,49.83,3,좌동,1398,26350,,,
엘지,1996,30000,2020,10,23,59.94,7,좌동,1398,26350,,,
엘지,1996,56600,2020,10,23,134.94,5,좌동,1398,26350,,,
재송그린,1984,17500,2020,10,23,50.31,5,재송동,1146-1,26350,,,
재송그린,1984,15000,2020,10,23,36.33,3,재송동,1146-1,26350,,,
재송그린,1984,18000,2020,10,23,47.79,5,재송동,1146-1,26350,,,
재송동코오롱,1990,15900,2020,10,23,80.8,5,재송동,1123-20,26350,,,
재송동코오롱,1990,15900,2020,10,23,80.8,5,재송동,1123-20,26350,,,
재송동코오롱,1990,15400,2020,10,23,80.8,5,재송동,1123-20,26350,,,
재송동코오롱,1990,15000,2020,10,23,80.8,5,재송동,1123-20,26350,,,
코오롱,1997,31500,2020,10,23,59.985,8,좌동,1348,26350,,,
한라,1996,30000,2020,10,23,60,15,좌동,1323,26350,,,
한라,1996,59000,2020,10,23,134.97,20,좌동,1323,26350,,,
한일,1996,28750,2020,10,23,58.2,7,좌동,1274,26350,,,
해운대 I PARK,2011,114000,2020,10,23,119.851,60,우동,1408,26350,,,
해운대 센트럴파크,1998,26000,2020,10,23,59.99,19,좌동,1282,26350,,,
해운대 센트럴파크,1998,24700,2020,10,23,59.99,4,좌동,1282,26350,,,
해운대 센트럴파크,1998,26000,2020,10,23,59.99,19,좌동,1282,26350,,,
해운대 센트럴파크,1998,24900,2020,10,23,59.99,23,좌동,1282,26350,,,
해운대경동제이드,2012,192500,2020,10,23,169.7095,41,우동,763,26350,,,
해운대경동제이드,2012,185000,2020,10,23,169.7095,34,우동,763,26350,,,
해운대더샵센텀그린,2019,35000,2020,10,23,59.9626,14,반여동,1672,26350,,,
해운대엑소디움,2009,83000,2020,10,23,141.807,11,우동,1398,26350,,,
해운대중동금호어울림,2006,55900,2020,10,23,84.9963,5,중동,899,26350,,,
해운대한솔솔파크,2006,35000,2020,10,23,84.8773,9,우동,887-1,26350,,,
해운대힐스테이트위브,2015,85000,2020,10,23,129.8796,2,중동,1818,26350,,,
해운대힐스테이트위브,2015,88000,2020,10,23,80.949,27,중동,1818,26350,,,
해운대힐스테이트위브,2015,79500,2020,10,23,129.8796,13,중동,1818,26350,,,
해운대힐스테이트위브,2015,78000,2020,10,23,80.949,37,중동,1818,26350,,,
해운대힐스테이트위브,2015,78000,2020,10,23,129.1554,7,중동,1818,26350,,,
해운파크맨션,1985,29400,2020,10,23,52.56,5,우동,397-68,26350,,,
현대,1996,24300,2020,10,23,59.445,3,좌동,1337,26350,,,
현대,1996,24300,2020,10,23,59.445,3,좌동,1337,26350,,,
현대,1996,32000,2020,10,23,59.445,19,좌동,1337,26350,,,
현대,1996,45500,2020,10,23,102.08,6,좌동,1337,26350,,,
현대,1996,51000,2020,10,23,102.08,19,좌동,1337,26350,,,
현대(1051-2),1988,19800,2020,10,23,41.235,2,재송동,1051-2,26350,,,
현대(1051-2),1988,20500,2020,10,23,50.805,2,재송동,1051-2,26350,,,
현대(1051-2),1988,19800,2020,10,23,41.235,2,재송동,1051-2,26350,,,
LH뜨란채아파트,1997,22500,2020,10,24,59.98,2,좌동,1278,26350,,,
LH뜨란채아파트,1997,25900,2020,10,24,59.98,11,좌동,1278,26350,,,
건영1,1998,43500,2020,10,24,99.96,6,좌동,1414,26350,,,
건영1,1998,28400,2020,10,24,59.88,20,좌동,1414,26350,,,
건영1,1998,47500,2020,10,24,99.96,15,좌동,1414,26350,,,
건영1,1998,57000,2020,10,24,134.83,23,좌동,1414,26350,,,
건영1,1998,28100,2020,10,24,59.88,25,좌동,1414,26350,,,
건영2,1997,24800,2020,10,24,59.526,1,좌동,1298,26350,,,
건영2,1997,45000,2020,10,24,84.84,10,좌동,1298,26350,,,
건영2,1997,45000,2020,10,24,84.84,10,좌동,1298,26350,,,
경남,1997,25000,2020,10,24,58.804,4,좌동,1375,26350,,,
경남,1997,23500,2020,10,24,58.804,19,좌동,1375,26350,,,
경남,1997,26800,2020,10,24,58.804,13,좌동,1375,26350,,,
경남,1997,27000,2020,10,24,58.804,7,좌동,1375,26350,,,
경남마리나,1996,88000,2020,10,24,59.83,12,우동,1388-1,26350,,,
경남마리나,1996,88000,2020,10,24,59.83,12,우동,1388-1,26350,,,
경남선경,1996,25100,2020,10,24,59.85,21,좌동,1448,26350,,,
경남선경,1996,33000,2020,10,24,84.93,10,좌동,1448,26350,,,
경남선경,1996,36500,2020,10,24,84.93,21,좌동,1448,26350,,,
경남선경,1996,23250,2020,10,24,59.85,23,좌동,1448,26350,,,
경남선경,1996,46500,2020,10,24,133.295,15,좌동,1448,26350,,,
늘푸른아트빌,2003,16000,2020,10,24,78.52,4,재송동,1130-10,26350,,,
달맞이유림노르웨이숲,2017,60000,2020,10,24,84.9136,12,중동,1821,26350,,,
대동타운,1996,25000,2020,10,24,50.575,12,좌동,1288,26350,,,
대림,1996,43000,2020,10,24,84.974,4,좌동,1396,26350,,,
대림,1996,54700,2020,10,24,118.683,6,좌동,1396,26350,,,
대림2,1997,65000,2020,10,24,134.115,14,좌동,1286,26350,,,
대림2,1997,30500,2020,10,24,59.816,12,좌동,1286,26350,,,
대림2,1997,32000,2020,10,24,59.816,13,좌동,1286,26350,,,
대림2,1997,46500,2020,10,24,84.974,9,좌동,1286,26350,,,
대림3,1997,55500,2020,10,24,115.124,9,좌동,1374,26350,,,
대우,1996,32800,2020,10,24,59.946,3,좌동,1333,26350,,,
대우,1996,31800,2020,10,24,59.946,8,좌동,1333,26350,,,
대우,1996,30800,2020,10,24,59.946,3,좌동,1333,26350,,,
대우2,1998,28300,2020,10,24,59.946,9,좌동,1438,26350,,,
대우2,1998,51000,2020,10,24,155.31,24,좌동,1438,26350,,,
대우2,1998,33500,2020,10,24,59.946,12,좌동,1438,26350,,,
대우2,1998,26800,2020,10,24,59.946,3,좌동,1438,26350,,,
대우2,1998,26800,2020,10,24,59.946,3,좌동,1438,26350,,,
대우마리나1,1991,170000,2020,10,24,134.6549,2,우동,1388-4,26350,,,
대우월드마크센텀,2010,168500,2020,10,24,146.8,16,우동,1488,26350,,,
대우트럼프월드센텀,2006,115000,2020,10,24,84.98,9,우동,1498,26350,,,
더샵센텀누리,2014,75900,2020,10,24,120.422,24,재송동,1223,26350,,,
더샵센텀파크1차,2005,97000,2020,10,24,84.6528,14,재송동,1200,26350,,,
동남하이츠맨션,1993,72000,2020,10,24,81.26,2,중동,768-1,26350,,,
동부,1996,26500,2020,10,24,58.44,6,좌동,1412,26350,,,
동신,1996,42800,2020,10,24,101.73,4,좌동,1302,26350,,,
동신,1996,42600,2020,10,24,101.73,3,좌동,1302,26350,,,
두산1차아파트,1996,24800,2020,10,24,59.94,13,좌동,1394,26350,,,
두산1차아파트,1996,47000,2020,10,24,134.97,8,좌동,1394,26350,,,
두산1차아파트,1996,27000,2020,10,24,59.94,10,좌동,1394,26350,,,
두산1차아파트,1996,25500,2020,10,24,59.94,22,좌동,1394,26350,,,
두산1차아파트,1996,48900,2020,10,24,101.7,10,좌동,1394,26350,,,
두산2,1996,59500,2020,10,24,134.97,11,좌동,1319,26350,,,
두산2,1996,28700,2020,10,24,59.94,1,좌동,1319,26350,,,
두산2,1996,55700,2020,10,24,84.9,17,좌동,1319,26350,,,
두산위브포세이돈,2007,150000,2020,10,24,170.5,29,우동,1410-1,26350,,,
두산위브포세이돈,2007,87000,2020,10,24,125.53,44,우동,1410-1,26350,,,
롯데3차,1997,34000,2020,10,24,59.76,7,좌동,1300,26350,,,
롯데3차,1997,33000,2020,10,24,59.6,11,좌동,1300,26350,,,
롯데4,1999,28000,2020,10,24,59.6,15,좌동,1419,26350,,,
롯데4,1999,27800,2020,10,24,59.6,12,좌동,1419,26350,,,
롯데캐슬마스터,2005,53300,2020,10,24,84.956,17,좌동,970,26350,,,
롯데캐슬마스터,2005,54600,2020,10,24,84.956,21,좌동,970,26350,,,
반도보라빌,2006,66000,2020,10,24,71.6967,20,우동,945,26350,,,
반여현대,1995,14000,2020,10,24,59.92,12,반여동,1088,26350,,,
벽산1,1996,42700,2020,10,24,59.73,10,좌동,1321,26350,,,
벽산1,1996,40500,2020,10,24,59.73,11,좌동,1321,26350,,,
벽산2,1996,26400,2020,10,24,59.73,18,좌동,1439,26350,,,
벽산금호,1991,28000,2020,10,24,79.92,7,우동,397-117,26350,,,
벽산금호,1991,28000,2020,10,24,79.92,7,우동,397-117,26350,,,
삼성,1997,57500,2020,10,24,134.97,14,좌동,1413,26350,,,
삼성,1997,50000,2020,10,24,84.996,12,좌동,1413,26350,,,
삼성,1997,29000,2020,10,24,59.944,5,좌동,1413,26350,,,
삼성,1997,57500,2020,10,24,134.97,14,좌동,1413,26350,,,
삼성,1997,33400,2020,10,24,59.914,6,좌동,1413,26350,,,
삼성,1997,53000,2020,10,24,134.97,1,좌동,1413,26350,,,
삼성,1997,39000,2020,10,24,59.914,3,좌동,1413,26350,,,
삼성콘도맨션,1985,70500,2020,10,24,79.71,13,중동,1154-5,26350,,,
삼성콘도맨션,1985,65000,2020,10,24,77.91,13,중동,1154-5,26350,,,
삼한2,1997,13500,2020,10,24,59.92,21,반송동,872,26350,,,
삼한그린맨션,1990,7600,2020,10,24,59.93,6,반송동,401,26350,,,
삼호가든맨션,1985,102000,2020,10,24,63,7,우동,1104-1,26350,,,
선프라자,1995,48500,2020,10,24,145.8,17,우동,1434,26350,,,
선프라자,1995,27000,2020,10,24,59.34,14,우동,1434,26350,,,
센텀SKVIEW아파트,2001,39800,2020,10,24,124.59,25,반여동,1174-1,26350,,,
센텀대림,1996,22500,2020,10,24,59.99,5,반여동,1199-11,26350,,,
센텀동부센트레빌,2006,53000,2020,10,24,84.9926,12,재송동,380-1,26350,,,
센텀동부센트레빌,2006,48000,2020,10,24,84.9926,6,재송동,380-1,26350,,,
센텀동부센트레빌,2006,53600,2020,10,24,84.9926,13,재송동,380-1,26350,,,
센텀동부센트레빌,2006,55000,2020,10,24,84.9926,17,재송동,380-1,26350,,,
센텀롯데캐슬2차,2005,52000,2020,10,24,142.6556,18,반여동,1660,26350,,,
센텀롯데캐슬2차,2005,24800,2020,10,24,59.9675,9,반여동,1660,26350,,,
센텀롯데캐슬3차아파트,2005,28500,2020,10,24,59.6231,19,반여동,1641,26350,,,
센텀롯데캐슬아파트,2004,36500,2020,10,24,84.97,8,반여동,1619,26350,,,
센텀마리나,1993,22700,2020,10,24,69.95,5,우동,930-20,26350,,,
센텀삼익아파트,1981,30500,2020,10,24,53.246,5,재송동,1023,26350,,,
센텀삼익아파트,1981,30000,2020,10,24,70.582,5,재송동,1023,26350,,,
센텀삼익아파트,1981,28500,2020,10,24,53.246,9,재송동,1023,26350,,,
센텀삼익아파트,1981,30500,2020,10,24,70.582,10,재송동,1023,26350,,,
센텀삼환Nauville,1996,59900,2020,10,24,59.86,16,우동,1100,26350,,,
센텀삼환Nauville,1996,65000,2020,10,24,84.84,2,우동,1100,26350,,,
센텀센시빌,2003,59900,2020,10,24,84.9402,15,우동,1228,26350,,,
센텀센시빌,2003,56000,2020,10,24,84.9402,9,우동,1228,26350,,,
센텀우신골든빌,2006,28400,2020,10,24,84.4049,8,재송동,1048-3,26350,,,
센텀우신골든빌,2006,25500,2020,10,24,76.0621,11,재송동,1048-3,26350,,,
센텀이편한세상,2006,72400,2020,10,24,84.98,31,재송동,939-2,26350,,,
센텀자유,1998,15700,2020,10,24,59.95,22,반여동,1063-4,26350,,,
센텀파미르,2009,32500,2020,10,24,84.0896,20,재송동,1029,26350,,,
센텀파미르,2009,21700,2020,10,24,59.7826,4,재송동,1029,26350,,,
센텀파미르,2009,30500,2020,10,24,84.0896,20,재송동,1029,26350,,,
센텀피오레1차,2005,43000,2020,10,24,84.9446,8,재송동,1302,26350,,,
센텀협성,1987,21000,2020,10,24,53.28,3,재송동,1025-1,26350,,,
센텀협성,1987,21000,2020,10,24,50.76,3,재송동,1025-1,26350,,,
센텀협성,1987,21000,2020,10,24,50.76,3,재송동,1025-1,26350,,,
센텀협성르네상스타운,2013,53000,2020,10,24,84.4011,19,재송동,1324,26350,,,
시영79년,1980,29950,2020,10,24,40.13,5,재송동,1030,26350,,,
시영79년,1980,27500,2020,10,24,40.13,2,재송동,1030,26350,,,
시영79년,1980,30000,2020,10,24,40.13,4,재송동,1030,26350,,,
신동비치,1991,30700,2020,10,24,84.86,14,우동,345-6,26350,,,
엘지,1996,55000,2020,10,24,134.94,8,좌동,1398,26350,,,
엘지,1996,54000,2020,10,24,84.973,8,좌동,1398,26350,,,
엘지,1996,31500,2020,10,24,59.94,14,좌동,1398,26350,,,
엘지,1996,24800,2020,10,24,49.83,14,좌동,1398,26350,,,
영남,1996,45000,2020,10,24,134.99,17,좌동,1328,26350,,,
영남,1996,45000,2020,10,24,134.99,6,좌동,1328,26350,,,
영남,1996,44700,2020,10,24,134.99,3,좌동,1328,26350,,,
우신골든메르시아,2010,69000,2020,10,24,148.51,8,우동,1410-2,26350,,,
유원임페리얼빌리지,1991,23000,2020,10,24,120.6,2,재송동,1123-26,26350,,,
이진캐스빌,1989,22000,2020,10,24,78.24,6,중동,1526-1,26350,,,
재송동코오롱,1990,15400,2020,10,24,84.92,4,재송동,1123-20,26350,,,
창신맨션,1986,31500,2020,10,24,50.76,2,반여동,668-1,26350,,,
코오롱,1997,34000,2020,10,24,59.985,14,좌동,1348,26350,,,
코오롱,1997,29900,2020,10,24,59.985,4,좌동,1348,26350,,,
한라,1996,55000,2020,10,24,134.97,2,좌동,1323,26350,,,
한라,1996,31000,2020,10,24,60,17,좌동,1323,26350,,,
한일,1996,29500,2020,10,24,58.2,10,좌동,1274,26350,,,
해강소라,1993,14500,2020,10,24,59.88,2,재송동,1147-3,26350,,,
해강소라,1993,14500,2020,10,24,59.88,2,재송동,1147-3,26350,,,
해운대 I PARK,2011,145000,2020,10,24,126.607,41,우동,1408,26350,,,
해운대경동제이드,2012,320000,2020,10,24,222.9354,38,우동,763,26350,,,
해운대경동제이드,2012,200000,2020,10,24,164.3474,41,우동,763,26350,,,
해운대더샵센텀그린,2019,35000,2020,10,24,59.9607,26,반여동,1672,26350,,,
해운대더샵센텀그린,2019,34000,2020,10,24,59.9607,26,반여동,1672,26350,,,
해운대센텀트루엘1단지,2019,47500,2020,10,24,84.9593,10,반여동,1682,26350,,,
해운대센텀트루엘1단지,2019,28800,2020,10,24,59.9663,2,반여동,1682,26350,,,
해운대센텀트루엘1단지,2019,42500,2020,10,24,84.9593,10,반여동,1682,26350,,,
해운대센텀트루엘1단지,2019,44100,2020,10,24,84.9593,2,반여동,1682,26350,,,
해운대센텀트루엘2단지,2019,33000,2020,10,24,59.9663,19,반여동,1676,26350,,,
해운대센텀트루엘2단지,2019,32000,2020,10,24,59.9663,21,반여동,1676,26350,,,
해운대센텀트루엘2단지,2019,36500,2020,10,24,75.2877,15,반여동,1676,26350,,,
해운대신시가지경동메르빌,2005,62000,2020,10,24,115.1516,18,중동,718-6,26350,,,
해운대신시가지경동메르빌,2005,59700,2020,10,24,115.1516,17,중동,718-6,26350,,,
해운대신시가지경동메르빌,2005,36500,2020,10,24,71.8557,15,중동,718-6,26350,,,
해운대신시가지경동메르빌,2005,59500,2020,10,24,115.1516,18,중동,718-6,26350,,,
해운대양우내안애팰리스,2013,31000,2020,10,24,84.4319,13,중동,1792,26350,,,
해운대자이1단지,2013,144000,2020,10,24,120.3642,9,우동,1527,26350,,,
해운대자이1단지,2013,88500,2020,10,24,59.0621,24,우동,1527,26350,,,
해운대중동금호어울림,2006,47900,2020,10,24,84.9963,1,중동,899,26350,,,
해운대중동두산위브,2008,63000,2020,10,24,84.9668,3,중동,1234-1,26350,,,
해운대중동롯데캐슬마스터2,2007,75000,2020,10,24,123.2898,14,중동,181-1,26350,,,
해운대한신휴플러스,2014,74500,2020,10,24,84.8721,12,우동,777,26350,,,
해운대힐스테이트위브,2015,72000,2020,10,24,80.949,3,중동,1818,26350,,,
해운대힐스테이트위브,2015,100000,2020,10,24,106.3407,45,중동,1818,26350,,,
해운대힐스테이트위브,2015,103000,2020,10,24,134.3188,30,중동,1818,26350,,,
해운대힐스테이트위브,2015,81700,2020,10,24,98.1948,19,중동,1818,26350,,,
해운대힐스테이트위브,2015,72000,2020,10,24,105.8829,10,중동,1818,26350,,,
해운대힐스테이트위브,2015,68000,2020,10,24,98.1948,3,중동,1818,26350,,,
해운대힐스테이트위브,2015,86000,2020,10,24,125.075,46,중동,1818,26350,,,
해운대힐스테이트위브,2015,94500,2020,10,24,134.3188,10,중동,1818,26350,,,
해운대힐스테이트위브,2015,59000,2020,10,24,80.949,8,중동,1818,26350,,,
현대,1996,46000,2020,10,24,102.08,3,좌동,1337,26350,,,
현대,1996,29800,2020,10,24,59.445,9,좌동,1337,26350,,,
현대,1996,42000,2020,10,24,102.08,1,좌동,1337,26350,,,
현대(1051-2),1988,25500,2020,10,24,50.805,14,재송동,1051-2,26350,,,
현대(1051-2),1988,20300,2020,10,24,41.235,8,재송동,1051-2,26350,,,
현대(1051-2),1988,19500,2020,10,24,50.805,3,재송동,1051-2,26350,,,
현대(1051-2),1988,24000,2020,10,24,50.805,7,재송동,1051-2,26350,,,
협성그린파크,1992,28000,2020,10,24,84.87,4,우동,347-2,26350,,,
협성그린파크,1992,23500,2020,10,24,84.87,4,우동,347-2,26350,,,
화목,1996,41000,2020,10,24,84.36,1,좌동,1310,26350,,,
경남,1997,25000,2020,10,25,58.804,3,좌동,1375,26350,,,
경남선경,1996,25100,2020,10,25,59.85,15,좌동,1448,26350,,,
경남선경,1996,48500,2020,10,25,133.295,13,좌동,1448,26350,,,
경동,1995,84000,2020,10,25,84.95,19,우동,974,26350,,,
경동,1995,52000,2020,10,25,58.695,1,우동,974,26350,,,
금호,1996,15000,2020,10,25,59.955,13,재송동,1041-3,26350,,,
남흥,1996,12500,2020,10,25,59.95,3,반송동,887,26350,,,
대림,1996,30000,2020,10,25,59.816,17,좌동,1396,26350,,,
대림3,1997,51500,2020,10,25,115.124,18,좌동,1374,26350,,,
대우2,1998,57000,2020,10,25,155.31,17,좌동,1438,26350,,,
동부올림픽타운,1999,93000,2020,10,25,84.96,7,우동,1008-5,26350,,,
두산1차아파트,1996,49500,2020,10,25,134.97,9,좌동,1394,26350,,,
두산2,1996,37500,2020,10,25,59.94,11,좌동,1319,26350,,,
삼성,1997,48000,2020,10,25,84.996,13,좌동,1413,26350,,,
삼정그린코아,1994,9700,2020,10,25,59.88,14,반송동,78,26350,,,
센텀SKVIEW아파트,2001,29100,2020,10,25,103.05,10,반여동,1174-1,26350,,,
센텀SKVIEW아파트,2001,29500,2020,10,25,84.77,5,반여동,1174-1,26350,,,
센텀두산위브,2014,85500,2020,10,25,84.972,28,우동,1105,26350,,,
센텀두산위브,2014,85500,2020,10,25,84.972,28,우동,1105,26350,,,
센텀롯데캐슬3차아파트,2005,26000,2020,10,25,59.6231,17,반여동,1641,26350,,,
센텀블루씨,2000,28000,2020,10,25,84.947,12,재송동,1094-4,26350,,,
센텀피오레1차,2005,46000,2020,10,25,84.9446,12,재송동,1302,26350,,,
센텀현대,1999,39000,2020,10,25,59.84,15,우동,1102-221,26350,,,
센텀협성르네상스타운,2013,52800,2020,10,25,84.4011,3,재송동,1324,26350,,,
신동비치,1991,29000,2020,10,25,84.86,11,우동,345-6,26350,,,
신동아,1992,23500,2020,10,25,83.76,5,재송동,131,26350,,,
엘지,1996,55000,2020,10,25,134.94,20,좌동,1398,26350,,,
엘지,1996,31000,2020,10,25,59.94,20,좌동,1398,26350,,,
장산동국,1993,12900,2020,10,25,59.64,2,재송동,1182-1,26350,,,
재송동코오롱,1990,16500,2020,10,25,84.92,5,재송동,1123-20,26350,,,
한일,1996,50800,2020,10,25,128.37,5,좌동,1274,26350,,,
해운대두산위브더제니스,2011,197000,2020,10,25,145.8083,55,우동,1407,26350,,,
해운대래미안,2014,115000,2020,10,25,114.4345,20,중동,1793,26350,,,
해운대센텀트루엘1단지,2019,47000,2020,10,25,84.9593,27,반여동,1682,26350,,,
해운대자이2차1단지,2018,109000,2020,10,25,74.9917,9,우동,1536,26350,,,
해운대힐스테이트위브,2015,81500,2020,10,25,109.277,6,중동,1818,26350,,,
해운대힐스테이트위브,2015,88000,2020,10,25,98.1948,32,중동,1818,26350,,,
해운대힐스테이트위브,2015,81000,2020,10,25,105.8829,33,중동,1818,26350,,,
해운대힐스테이트위브,2015,74500,2020,10,25,98.1948,17,중동,1818,26350,,,
해운대힐스테이트위브,2015,75000,2020,10,25,105.8829,15,중동,1818,26350,,,
해운대힐스테이트위브,2015,130000,2020,10,25,134.3188,31,중동,1818,26350,,,
화목,1996,90000,2020,10,25,155.41,19,좌동,1310,26350,,,
LH뜨란채아파트,1997,24000,2020,10,26,49.94,13,좌동,1278,26350,,,
LH뜨란채아파트,1997,25800,2020,10,26,59.98,7,좌동,1278,26350,,,
LH뜨란채아파트,1997,18900,2020,10,26,49.94,25,좌동,1278,26350,,,
SKVIEW,1998,24000,2020,10,26,59.91,6,좌동,1450,26350,,,
건영1,1998,41800,2020,10,26,84.93,12,좌동,1414,26350,,,
건영2,1997,44800,2020,10,26,84.64,11,좌동,1298,26350,,,
경남,1997,54750,2020,10,26,134.47,11,좌동,1375,26350,,,
경남,1997,40160,2020,10,26,84.034,7,좌동,1375,26350,,,
경남,1997,42800,2020,10,26,84.034,16,좌동,1375,26350,,,
경남선경,1996,46500,2020,10,26,133.295,5,좌동,1448,26350,,,
경남선경,1996,26700,2020,10,26,59.85,12,좌동,1448,26350,,,
경남선경,1996,24000,2020,10,26,59.85,3,좌동,1448,26350,,,
경남선경,1996,20000,2020,10,26,59.85,21,좌동,1448,26350,,,
경동지-플러스,2002,30000,2020,10,26,59.554,7,좌동,1317,26350,,,
금호,1996,15000,2020,10,26,59.955,11,재송동,1041-3,26350,,,
대림,1996,33300,2020,10,26,59.816,3,좌동,1396,26350,,,
대림,1996,31000,2020,10,26,59.816,22,좌동,1396,26350,,,
대림,1996,31800,2020,10,26,59.816,18,좌동,1396,26350,,,
대림,1996,29500,2020,10,26,59.816,3,좌동,1396,26350,,,
대림2,1997,30500,2020,10,26,59.816,9,좌동,1286,26350,,,
대림2,1997,47000,2020,10,26,101.984,5,좌동,1286,26350,,,
대림3,1997,47000,2020,10,26,84.974,9,좌동,1374,26350,,,
대우,1996,51500,2020,10,26,84.962,13,좌동,1333,26350,,,
대우,1996,45000,2020,10,26,84.962,22,좌동,1333,26350,,,
대우2,1998,56000,2020,10,26,155.31,24,좌동,1438,26350,,,
대우2,1998,40000,2020,10,26,84.962,20,좌동,1438,26350,,,
대우금사,1995,28000,2020,10,26,115.5,6,반여동,586-2,26350,,,
대우금사,1995,26800,2020,10,26,115.5,23,반여동,586-2,26350,,,
대우마리나2,1992,175000,2020,10,26,134.6549,2,우동,1388-4,26350,,,
더샵센텀스타,2008,89500,2020,10,26,109.14,37,재송동,1196,26350,,,
더샵센텀파크1차,2005,180000,2020,10,26,151.9156,29,재송동,1200,26350,,,
더샵센텀파크1차,2005,105000,2020,10,26,84.6389,15,재송동,1200,26350,,,
더샵센텀파크1차,2005,180000,2020,10,26,151.9156,29,재송동,1200,26350,,,
더샵센텀파크1차,2005,117500,2020,10,26,100.945,21,재송동,1200,26350,,,
동부,1996,30500,2020,10,26,58.44,13,좌동,1412,26350,,,
동화마을5,2018,16800,2020,10,26,45.2166,8,반송동,697,26350,,,
두산1차아파트,1996,25000,2020,10,26,59.94,17,좌동,1394,26350,,,
두산1차아파트,1996,48800,2020,10,26,134.97,5,좌동,1394,26350,,,
두산1차아파트,1996,48000,2020,10,26,134.97,11,좌동,1394,26350,,,
두산2,1996,37500,2020,10,26,59.94,9,좌동,1319,26350,,,
두산2,1996,37500,2020,10,26,59.94,9,좌동,1319,26350,,,
롯데3차,1997,33500,2020,10,26,59.76,6,좌동,1300,26350,,,
롯데3차,1997,27000,2020,10,26,59.6,1,좌동,1300,26350,,,
롯데3차,1997,31500,2020,10,26,59.6,16,좌동,1300,26350,,,
마마아파트,1990,30000,2020,10,26,132.15,2,중동,1521-32,26350,,,
반도보라빌,2006,79500,2020,10,26,84.9073,7,우동,945,26350,,,
벽산1,1996,49500,2020,10,26,59.73,2,좌동,1321,26350,,,
벽산2,1996,23800,2020,10,26,59.73,3,좌동,1439,26350,,,
벽산2,1996,29700,2020,10,26,59.73,14,좌동,1439,26350,,,
벽산2,1996,28000,2020,10,26,59.73,5,좌동,1439,26350,,,
삼성,1997,54000,2020,10,26,84.996,19,좌동,1413,26350,,,
삼성콘도맨션,1985,65000,2020,10,26,79.71,5,중동,1154-5,26350,,,
삼정그린코아,1994,9400,2020,10,26,59.88,15,반송동,78,26350,,,
삼주,1992,86400,2020,10,26,128.89,1,중동,784-1,26350,,,
삼한3차301동,1999,18700,2020,10,26,84.6,4,반송동,883,26350,,,
삼한3차301동,1999,17900,2020,10,26,84.6,6,반송동,883,26350,,,
삼환,1998,26000,2020,10,26,59.76,13,좌동,1445,26350,,,
삼환,1998,26000,2020,10,26,59.76,13,좌동,1445,26350,,,
삼환,1998,40000,2020,10,26,120.69,22,좌동,1445,26350,,,
선프라자,1995,38000,2020,10,26,84.87,14,우동,1434,26350,,,
선프라자,1995,28000,2020,10,26,59.34,17,우동,1434,26350,,,
센텀SKVIEW아파트,2001,31000,2020,10,26,84.77,24,반여동,1174-1,26350,,,
센텀SKVIEW아파트,2001,26500,2020,10,26,84.77,2,반여동,1174-1,26350,,,
센텀SKVIEW아파트,2001,20600,2020,10,26,59.52,11,반여동,1174-1,26350,,,
센텀대림,1996,21800,2020,10,26,59.99,3,반여동,1199-11,26350,,,
센텀롯데캐슬2차,2005,33700,2020,10,26,84.97,6,반여동,1660,26350,,,
센텀롯데캐슬2차,2005,24500,2020,10,26,59.9675,6,반여동,1660,26350,,,
센텀롯데캐슬2차,2005,24000,2020,10,26,59.9675,3,반여동,1660,26350,,,
센텀롯데캐슬2차,2005,24000,2020,10,26,59.9675,4,반여동,1660,26350,,,
센텀롯데캐슬3차아파트,2005,40000,2020,10,26,84.9798,29,반여동,1641,26350,,,
센텀롯데캐슬3차아파트,2005,43000,2020,10,26,84.9798,26,반여동,1641,26350,,,
센텀롯데캐슬3차아파트,2005,26000,2020,10,26,59.6231,8,반여동,1641,26350,,,
센텀롯데캐슬아파트,2004,28200,2020,10,26,59.9675,20,반여동,1619,26350,,,
센텀롯데캐슬아파트,2004,35000,2020,10,26,84.97,1,반여동,1619,26350,,,
센텀롯데캐슬아파트,2004,48500,2020,10,26,127.3684,15,반여동,1619,26350,,,
센텀마리나,1993,33500,2020,10,26,100.95,16,우동,930-20,26350,,,
센텀마리나,1993,31500,2020,10,26,100.95,16,우동,930-20,26350,,,
센텀삼익아파트,1981,32000,2020,10,26,71.2,1,재송동,1023,26350,,,
센텀삼익아파트,1981,28800,2020,10,26,53.25,10,재송동,1023,26350,,,
센텀삼익아파트,1981,30000,2020,10,26,49.96,11,재송동,1023,26350,,,
센텀우신골든빌,2006,24900,2020,10,26,76.0621,16,재송동,1048-3,26350,,,
센텀자유,1998,15500,2020,10,26,59.99,17,반여동,1063-4,26350,,,
센텀파미르,2009,30200,2020,10,26,84.0896,9,재송동,1029,26350,,,
시영80년,1981,26500,2020,10,26,43.9,5,재송동,1026-1,26350,,,
신동아,1996,15500,2020,10,26,59.78,3,반여동,982-14,26350,,,
신성,1996,47500,2020,10,26,134.04,8,좌동,1271,26350,,,
신성,1996,25600,2020,10,26,57.9,18,좌동,1271,26350,,,
아시아선수촌아파트,2002,47800,2020,10,26,101.55,2,반여동,1638,26350,,,
아시아선수촌아파트,2002,58000,2020,10,26,134.58,10,반여동,1638,26350,,,
에덴동산타운,1993,11000,2020,10,26,59.1,6,반여동,1291-1414,26350,,,
엘시티,2019,230000,2020,10,26,161.9826,40,중동,1829,26350,,,
엘시티,2019,230000,2020,10,26,161.9826,40,중동,1829,26350,,,
엘지,1996,60000,2020,10,26,117.985,2,좌동,1398,26350,,,
엘지,1996,24000,2020,10,26,49.83,9,좌동,1398,26350,,,
엘지,1996,28000,2020,10,26,59.94,7,좌동,1398,26350,,,
영남,1996,48500,2020,10,26,134.99,17,좌동,1328,26350,,,
영남,1996,48000,2020,10,26,134.99,4,좌동,1328,26350,,,
영남,1996,44900,2020,10,26,84.9,8,좌동,1328,26350,,,
왕자,1979,67000,2020,10,26,65.16,3,반여동,1477-1,26350,,,
우방신세계타운,2002,21500,2020,10,26,59.96,18,반여동,1190-1,26350,,,
재송그린,1984,17300,2020,10,26,36.33,5,재송동,1146-1,26350,,,
재송동코오롱,1990,20800,2020,10,26,84.92,5,재송동,1123-20,26350,,,
중동삼정그린코아,2002,37000,2020,10,26,84.846,5,중동,262-1,26350,,,
창신맨션,1986,25000,2020,10,26,39.6,3,반여동,668-1,26350,,,
코오롱,1997,31000,2020,10,26,59.985,6,좌동,1348,26350,,,
코오롱,1997,45900,2020,10,26,84.95,16,좌동,1348,26350,,,
한라,1996,50900,2020,10,26,134.97,3,좌동,1323,26350,,,
한일,1996,29300,2020,10,26,58.2,17,좌동,1274,26350,,,
해운대 I PARK,2011,101000,2020,10,26,119.851,49,우동,1408,26350,,,
해운대 I PARK,2011,140000,2020,10,26,139.316,13,우동,1408,26350,,,
해운대경동제이드,2012,244699,2020,10,26,221.5562,22,우동,763,26350,,,
해운대경동제이드,2012,264000,2020,10,26,221.5562,22,우동,763,26350,,,
해운대경보이리스힐아파트,2018,36000,2020,10,26,75.5659,21,송정동,949,26350,,,
해운대더샵센텀그린,2019,35000,2020,10,26,59.9607,13,반여동,1672,26350,,,
해운대동백두산위브더제니스,2019,100000,2020,10,26,84.64,42,우동,1544,26350,,,
해운대두산위브더제니스,2011,345000,2020,10,26,222.5998,76,우동,1407,26350,,,
해운대두산위브더제니스,2011,120000,2020,10,26,111.07,19,우동,1407,26350,,,
해운대두산위브더제니스,2011,130000,2020,10,26,127.6584,18,우동,1407,26350,,,
해운대메트로하이츠,2005,82000,2020,10,26,169.292,10,중동,149-1,26350,,,
해운대센텀트루엘2단지,2019,41000,2020,10,26,75.2877,12,반여동,1676,26350,,,
해운대신시가지경동메르빌,2005,55000,2020,10,26,115.1516,3,중동,718-6,26350,,,
해운대한솔솔파크,2006,38800,2020,10,26,84.8773,19,우동,887-1,26350,,,
해운대한솔솔파크,2006,49000,2020,10,26,84.8627,34,우동,887-1,26350,,,
해운대힐스테이트위브,2015,94000,2020,10,26,129.8796,32,중동,1818,26350,,,
해운대힐스테이트위브,2015,82000,2020,10,26,105.8829,26,중동,1818,26350,,,
해운대힐스테이트위브,2015,107000,2020,10,26,153.5704,14,중동,1818,26350,,,
해운대힐스테이트위브,2015,38000,2020,10,26,59.9619,1,중동,1818,26350,,,
해운대힐스테이트위브,2015,82000,2020,10,26,105.8829,26,중동,1818,26350,,,
해운대힐스테이트위브,2015,80000,2020,10,26,153.5704,4,중동,1818,26350,,,
현대,1996,47200,2020,10,26,102.08,5,좌동,1337,26350,,,
현대1차,1991,8500,2020,10,26,61.54,3,반여동,1581-6,26350,,,
현대아쿠아팰리스해운대,2010,61000,2020,10,26,151.46,22,중동,1167-3,26350,,,
현대아쿠아팰리스해운대,2010,51500,2020,10,26,115.54,14,중동,1167-3,26350,,,
현대아쿠아팰리스해운대,2010,51000,2020,10,26,115.54,6,중동,1167-3,26350,,,
협성프라임빌,2005,29300,2020,10,26,76.7051,16,우동,333,26350,,,
화목,1996,42000,2020,10,26,56.345,17,좌동,1310,26350,,,
화목,1996,72000,2020,10,26,134.19,11,좌동,1310,26350,,,
LH뜨란채아파트,1997,24500,2020,10,27,59.98,2,좌동,1278,26350,,,
SKVIEW,1998,24800,2020,10,27,59.91,17,좌동,1450,26350,,,
건영2,1997,44000,2020,10,27,84.84,3,좌동,1298,26350,,,
건영2,1997,42500,2020,10,27,84.64,4,좌동,1298,26350,,,
경동,1995,70000,2020,10,27,84.77,3,우동,974,26350,,,
경동,1995,8500,2020,10,27,59.58,12,반송동,885,26350,,,
경동,1995,69700,2020,10,27,84.255,12,우동,974,26350,,,
금호,1996,18500,2020,10,27,74.445,9,재송동,1041-3,26350,,,
대동타운,1996,28600,2020,10,27,59.95,7,좌동,1288,26350,,,
대림,1996,35000,2020,10,27,59.816,23,좌동,1396,26350,,,
대림3,1997,31000,2020,10,27,59.816,11,좌동,1374,26350,,,
대림3,1997,31000,2020,10,27,59.816,11,좌동,1374,26350,,,
대우,1996,35500,2020,10,27,59.946,6,좌동,1333,26350,,,
대우,1996,61000,2020,10,27,134.64,22,좌동,1333,26350,,,
대우2,1998,29000,2020,10,27,59.946,24,좌동,1438,26350,,,
대원,1998,37500,2020,10,27,59.79,12,좌동,1307,26350,,,
대원,1998,38800,2020,10,27,84.97,2,좌동,1307,26350,,,
대창,1996,53000,2020,10,27,134.64,7,좌동,1273,26350,,,
더샵센텀누리,2014,65000,2020,10,27,101.251,3,재송동,1223,26350,,,
더샵센텀스타,2008,134500,2020,10,27,135.65,49,재송동,1196,26350,,,
더샵센텀파크1차,2005,100000,2020,10,27,84.6389,7,재송동,1200,26350,,,
더샵센텀파크1차,2005,97000,2020,10,27,84.6389,9,재송동,1200,26350,,,
더샵센텀파크2차,2005,105000,2020,10,27,100.945,17,재송동,1197,26350,,,
동부올림픽타운,1999,72000,2020,10,27,59.8,11,우동,1008-5,26350,,,
두산1차아파트,1996,55000,2020,10,27,134.97,15,좌동,1394,26350,,,
두산1차아파트,1996,49500,2020,10,27,134.97,5,좌동,1394,26350,,,
두산1차아파트,1996,25900,2020,10,27,59.94,18,좌동,1394,26350,,,
롯데2,1998,37500,2020,10,27,84.99,2,좌동,1386,26350,,,
롯데2,1998,37000,2020,10,27,84.99,2,좌동,1386,26350,,,
롯데3차,1997,31000,2020,10,27,59.76,2,좌동,1300,26350,,,
롯데3차,1997,32800,2020,10,27,59.6,14,좌동,1300,26350,,,
롯데3차,1997,30000,2020,10,27,59.6,12,좌동,1300,26350,,,
롯데4,1999,25900,2020,10,27,59.6,3,좌동,1419,26350,,,
롯데4,1999,26700,2020,10,27,59.6,6,좌동,1419,26350,,,
롯데4,1999,41000,2020,10,27,84.935,22,좌동,1419,26350,,,
롯데4,1999,25900,2020,10,27,59.6,3,좌동,1419,26350,,,
메가센텀한화꿈에그린,2008,45500,2020,10,27,84.9782,6,반여동,1662,26350,,,
반도보라빌,2006,63000,2020,10,27,71.6967,13,우동,945,26350,,,
반도보라빌,2006,63000,2020,10,27,71.6967,13,우동,945,26350,,,
반도보라빌,2006,79500,2020,10,27,84.9073,18,우동,945,26350,,,
벽산1,1996,65000,2020,10,27,84.99,4,좌동,1321,26350,,,
벽산1,1996,39000,2020,10,27,59.73,1,좌동,1321,26350,,,
벽산2,1996,55000,2020,10,27,101.78,7,좌동,1439,26350,,,
벽산삼협,1997,14300,2020,10,27,59.916,9,반송동,892,26350,,,
벽산삼협,1997,12500,2020,10,27,59.916,2,반송동,892,26350,,,
벽산삼협,1997,14300,2020,10,27,59.916,9,반송동,892,26350,,,
삼강,1983,20000,2020,10,27,18,2,중동,1402-5,26350,,,
삼성,1997,60800,2020,10,27,134.97,6,좌동,1413,26350,,,
삼정그린코아,1994,9500,2020,10,27,59.88,8,반송동,78,26350,,,
삼한2,1997,18500,2020,10,27,84.9,14,반송동,872,26350,,,
삼호가든맨션,1985,103000,2020,10,27,63,13,우동,1104-1,26350,,,
상록,1998,26500,2020,10,27,59.85,2,좌동,1331,26350,,,
상록,1998,26400,2020,10,27,59.85,14,좌동,1331,26350,,,
상록,1998,24500,2020,10,27,59.85,4,좌동,1331,26350,,,
선프라자,1995,38000,2020,10,27,84.87,11,우동,1434,26350,,,
센텀SKVIEW아파트,2001,24600,2020,10,27,76.56,6,반여동,1174-1,26350,,,
센텀SKVIEW아파트,2001,19250,2020,10,27,59.91,11,반여동,1174-1,26350,,,
센텀SKVIEW아파트,2001,22300,2020,10,27,59.91,25,반여동,1174-1,26350,,,
센텀SKVIEW아파트,2001,28000,2020,10,27,84.77,3,반여동,1174-1,26350,,,
센텀대림,1996,33500,2020,10,27,84.98,6,반여동,1199-11,26350,,,
센텀롯데캐슬2차,2005,26000,2020,10,27,59.9675,20,반여동,1660,26350,,,
센텀롯데캐슬2차,2005,46200,2020,10,27,142.6556,4,반여동,1660,26350,,,
센텀롯데캐슬아파트,2004,29000,2020,10,27,59.7601,19,반여동,1619,26350,,,
센텀리슈빌2단지,2019,50000,2020,10,27,59.8934,18,재송동,1355,26350,,,
센텀마리나,1993,30000,2020,10,27,84.14,12,우동,930-20,26350,,,
센텀삼익아파트,1981,30500,2020,10,27,49.96,4,재송동,1023,26350,,,
센텀센시빌,2003,51000,2020,10,27,84.9402,4,우동,1228,26350,,,
센텀우신골든빌,2006,21800,2020,10,27,59.6054,13,재송동,1048-3,26350,,,
센텀우신골든빌,2006,25800,2020,10,27,76.0621,7,재송동,1048-3,26350,,,
센텀우신골든빌,2006,29950,2020,10,27,84.8404,22,재송동,1048-3,26350,,,
센텀협성,1987,17000,2020,10,27,50.88,4,재송동,1025-1,26350,,,
센텀협성,1987,24000,2020,10,27,53.28,1,재송동,1025-1,26350,,,
시영80년,1981,24800,2020,10,27,43.9,1,재송동,1026-1,26350,,,
아시아선수촌아파트,2002,43900,2020,10,27,84.8,8,반여동,1638,26350,,,
엘지,1996,62700,2020,10,27,134.94,18,좌동,1398,26350,,,
엘지,1996,62700,2020,10,27,134.94,18,좌동,1398,26350,,,
엘지,1996,23000,2020,10,27,49.83,13,좌동,1398,26350,,,
엘지,1996,27500,2020,10,27,59.94,11,좌동,1398,26350,,,
엘지,1996,23000,2020,10,27,49.83,13,좌동,1398,26350,,,
영남,1996,46300,2020,10,27,134.99,9,좌동,1328,26350,,,
우신골든메르시아,2010,68000,2020,10,27,150.21,8,우동,1410-2,26350,,,
이담채,2014,14900,2020,10,27,49.82,5,송정동,201-8,26350,,,
재송동코오롱,1990,17100,2020,10,27,84.92,1,재송동,1123-20,26350,,,
재송동코오롱,1990,19700,2020,10,27,84.92,1,재송동,1123-20,26350,,,
중동삼정그린코아,2002,40000,2020,10,27,84.846,5,중동,262-1,26350,,,
청목마리안,2004,38000,2020,10,27,84.8348,13,중동,277,26350,,,
코오롱,1997,30000,2020,10,27,59.985,4,좌동,1348,26350,,,
코오롱,1997,43500,2020,10,27,84.95,12,좌동,1348,26350,,,
한라,1996,67000,2020,10,27,134.97,19,좌동,1323,26350,,,
한라,1996,34000,2020,10,27,60,23,좌동,1323,26350,,,
한일,1996,28400,2020,10,27,58.2,12,좌동,1274,26350,,,
해운대 I PARK,2011,240000,2020,10,27,206.351,37,우동,1408,26350,,,
해운대두산위브더제니스,2011,163000,2020,10,27,127.6584,53,우동,1407,26350,,,
해운대두산위브더제니스,2011,145000,2020,10,27,127.6584,24,우동,1407,26350,,,
해운대두산위브더제니스,2011,166000,2020,10,27,127.6584,69,우동,1407,26350,,,
해운대메트로하이츠,2005,75700,2020,10,27,169.292,1,중동,149-1,26350,,,
해운대신시가지경동메르빌,2005,54700,2020,10,27,103.3899,7,중동,718-6,26350,,,
해운대자이1단지,2013,144000,2020,10,27,120.3642,9,우동,1527,26350,,,
해운대자이2차1단지,2018,120000,2020,10,27,84.7627,13,우동,1536,26350,,,
해운대자이2차1단지,2018,130000,2020,10,27,84.7627,24,우동,1536,26350,,,
해운대자이2차1단지,2018,123000,2020,10,27,84.7627,23,우동,1536,26350,,,
해운대힐스테이트위브,2015,86500,2020,10,27,153.5704,3,중동,1818,26350,,,
해운대힐스테이트위브,2015,78000,2020,10,27,109.277,6,중동,1818,26350,,,
해운대힐스테이트위브,2015,70000,2020,10,27,105.8829,4,중동,1818,26350,,,
해운대힐스테이트위브,2015,88500,2020,10,27,109.277,17,중동,1818,26350,,,
해운대힐스테이트위브,2015,80000,2020,10,27,109.277,12,중동,1818,26350,,,
해운대힐스테이트위브,2015,88000,2020,10,27,80.949,23,중동,1818,26350,,,
현대(1051-2),1988,24000,2020,10,27,50.805,6,재송동,1051-2,26350,,,
현대(1051-2),1988,23000,2020,10,27,50.805,1,재송동,1051-2,26350,,,
현대1차,1991,9500,2020,10,27,61.54,4,반여동,1581-6,26350,,,
현대베네시티,2005,140000,2020,10,27,169.1829,26,우동,1432,26350,,,
협진태양,1995,23000,2020,10,27,59.9,6,중동,1516-5,26350,,,
협진태양,1995,23000,2020,10,27,59.9,6,중동,1516-5,26350,,,
LH뜨란채아파트,1997,20000,2020,10,28,49.94,11,좌동,1278,26350,,,
LH뜨란채아파트,1997,28400,2020,10,28,59.98,18,좌동,1278,26350,,,
LH뜨란채아파트,1997,20000,2020,10,28,49.94,17,좌동,1278,26350,,,
건영1,1998,42000,2020,10,28,84.93,9,좌동,1414,26350,,,
경남,1997,43000,2020,10,28,84.034,11,좌동,1375,26350,,,
경남,1997,26800,2020,10,28,58.804,15,좌동,1375,26350,,,
경남,1997,52500,2020,10,28,134.47,7,좌동,1375,26350,,,
경남선경,1996,43200,2020,10,28,116.25,19,좌동,1448,26350,,,
경남선경,1996,37500,2020,10,28,84.93,15,좌동,1448,26350,,,
경남선경,1996,26700,2020,10,28,59.85,17,좌동,1448,26350,,,
경남선경,1996,26700,2020,10,28,59.85,17,좌동,1448,26350,,,
달맞이경동메르빌,2002,77000,2020,10,28,135.06,5,중동,1515-2,26350,,,
달맞이유림노르웨이숲,2017,53000,2020,10,28,84.9204,4,중동,1821,26350,,,
대동타운,1996,50000,2020,10,28,115.64,8,좌동,1288,26350,,,
대동타운,1996,45800,2020,10,28,84.88,6,좌동,1288,26350,,,
대림2,1997,48500,2020,10,28,84.974,22,좌동,1286,26350,,,
대림2,1997,30000,2020,10,28,59.816,17,좌동,1286,26350,,,
대우2,1998,30000,2020,10,28,59.946,7,좌동,1438,26350,,,
대우마리나3,1994,89000,2020,10,28,59.81,9,우동,977,26350,,,
대원,1998,60500,2020,10,28,93.78,8,좌동,1307,26350,,,
더샵센텀누리,2014,59500,2020,10,28,72.47,15,재송동,1223,26350,,,
더샵센텀누리,2014,59500,2020,10,28,72.47,15,재송동,1223,26350,,,
더샵센텀파크1차,2005,94800,2020,10,28,84.6389,4,재송동,1200,26350,,,
더샵센텀파크1차,2005,100000,2020,10,28,84.6528,13,재송동,1200,26350,,,
더샵센텀파크1차,2005,119000,2020,10,28,100.945,8,재송동,1200,26350,,,
동부올림픽타운,1999,93000,2020,10,28,84.96,11,우동,1008-5,26350,,,
두산1차아파트,1996,45500,2020,10,28,134.97,18,좌동,1394,26350,,,
두산2,1996,40000,2020,10,28,59.94,11,좌동,1319,26350,,,
두산2,1996,40000,2020,10,28,59.94,11,좌동,1319,26350,,,
롯데3차,1997,33300,2020,10,28,59.76,17,좌동,1300,26350,,,
롯데3차,1997,33500,2020,10,28,59.6,18,좌동,1300,26350,,,
롯데3차,1997,34000,2020,10,28,59.6,14,좌동,1300,26350,,,
롯데3차,1997,34000,2020,10,28,59.6,14,좌동,1300,26350,,,
메가센텀한화꿈에그린,2008,76800,2020,10,28,129.749,19,반여동,1662,26350,,,
메가센텀한화꿈에그린,2008,61500,2020,10,28,100.9973,1,반여동,1662,26350,,,
명유그린,1993,24700,2020,10,28,111.8,9,재송동,152,26350,,,
벽산2,1996,49000,2020,10,28,134.95,3,좌동,1439,26350,,,
벽산2,1996,28000,2020,10,28,59.73,19,좌동,1439,26350,,,
벽산2,1996,27500,2020,10,28,59.73,20,좌동,1439,26350,,,
벽산2,1996,49000,2020,10,28,134.95,3,좌동,1439,26350,,,
삼익그린맨션,1985,46900,2020,10,28,61.83,11,반여동,1405-31,26350,,,
삼진그린,1993,23500,2020,10,28,59.22,11,우동,1102-29,26350,,,
삼한그린타운1,1995,16500,2020,10,28,84.87,3,반송동,888,26350,,,
삼호가든맨션,1985,119000,2020,10,28,84.692,2,우동,1104-1,26350,,,
삼환,1998,22800,2020,10,28,59.76,14,좌동,1445,26350,,,
삼환,1998,44900,2020,10,28,120.69,20,좌동,1445,26350,,,
삼환,1998,44900,2020,10,28,120.69,20,좌동,1445,26350,,,
상록,1998,24800,2020,10,28,59.85,7,좌동,1331,26350,,,
상록,1998,23700,2020,10,28,59.85,20,좌동,1331,26350,,,
선프라자,1995,38000,2020,10,28,105.56,12,우동,1434,26350,,,
선프라자,1995,55000,2020,10,28,145.8,13,우동,1434,26350,,,
선프라자,1995,28500,2020,10,28,59.34,21,우동,1434,26350,,,
센텀SD,1993,22000,2020,10,28,114.84,4,반여동,692-6,26350,,,
센텀SD,1993,22000,2020,10,28,114.84,4,반여동,692-6,26350,,,
센텀대림,1996,25000,2020,10,28,59.99,22,반여동,1199-11,26350,,,
센텀두산위브,2014,76000,2020,10,28,84.9988,2,우동,1105,26350,,,
센텀롯데캐슬2차,2005,41800,2020,10,28,101.7996,3,반여동,1660,26350,,,
센텀롯데캐슬3차아파트,2005,30600,2020,10,28,59.6231,28,반여동,1641,26350,,,
센텀롯데캐슬3차아파트,2005,43000,2020,10,28,84.9798,17,반여동,1641,26350,,,
센텀롯데캐슬아파트,2004,28500,2020,10,28,59.9675,4,반여동,1619,26350,,,
센텀롯데캐슬아파트,2004,28500,2020,10,28,59.9675,9,반여동,1619,26350,,,
센텀리슈빌2단지,2019,72000,2020,10,28,84.9916,4,재송동,1355,26350,,,
센텀마리나,1993,27000,2020,10,28,100.95,5,우동,930-20,26350,,,
센텀센시빌,2003,59000,2020,10,28,84.9402,12,우동,1228,26350,,,
센텀파미르,2009,30000,2020,10,28,84.0896,4,재송동,1029,26350,,,
센텀파미르,2009,24400,2020,10,28,59.7826,15,재송동,1029,26350,,,
센텀피오레1차,2005,54000,2020,10,28,84.9446,23,재송동,1302,26350,,,
시영80년,1981,28500,2020,10,28,43.9,3,재송동,1026-1,26350,,,
신동아,1991,47700,2020,10,28,84.75,4,우동,496-1,26350,,,
아시아선수촌아파트,2002,53200,2020,10,28,134.7,13,반여동,1638,26350,,,
아시아선수촌아파트,2002,45300,2020,10,28,84.8,16,반여동,1638,26350,,,
엘지,1996,35000,2020,10,28,59.94,20,좌동,1398,26350,,,
엘지,1996,26500,2020,10,28,49.83,9,좌동,1398,26350,,,
우방신세계타운,2002,29000,2020,10,28,84.92,17,반여동,1190-1,26350,,,
우방신세계타운,2002,19000,2020,10,28,59.97,12,반여동,1190-1,26350,,,
우신,2001,21900,2020,10,28,84.975,9,반여동,585,26350,,,
이진캐스빌,1989,23500,2020,10,28,75.32,2,중동,1526-1,26350,,,
재송동코오롱,1990,19500,2020,10,28,80.8,4,재송동,1123-20,26350,,,
중동삼정그린코아,2002,32700,2020,10,28,59.97,4,중동,262-1,26350,,,
중동삼정그린코아,2002,43200,2020,10,28,84.846,17,중동,262-1,26350,,,
창신맨션,1986,24000,2020,10,28,35.82,1,반여동,668-1,26350,,,
한라,1996,31900,2020,10,28,60,10,좌동,1323,26350,,,
한일,1996,30000,2020,10,28,58.2,19,좌동,1274,26350,,,
해강소라,1993,16800,2020,10,28,59.88,13,재송동,1147-3,26350,,,
해운대 I PARK,2011,190000,2020,10,28,184.628,3,우동,1408,26350,,,
해운대동일,1998,39000,2020,10,28,84.9,19,중동,1763,26350,,,
해운대두산위브더제니스,2011,340000,2020,10,28,204.9064,64,우동,1407,26350,,,
해운대두산위브더제니스,2011,160000,2020,10,28,127.6584,58,우동,1407,26350,,,
해운대센텀트루엘1단지,2019,46500,2020,10,28,84.9882,23,반여동,1682,26350,,,
해운대신시가지경동메르빌,2005,60500,2020,10,28,115.1516,8,중동,718-6,26350,,,
해운대양우내안애팰리스,2013,36000,2020,10,28,84.9383,4,중동,1792,26350,,,
해운대힐스테이트위브,2015,58000,2020,10,28,106.3407,6,중동,1818,26350,,,
해운대힐스테이트위브,2015,84500,2020,10,28,115.4958,43,중동,1818,26350,,,
해운대힐스테이트위브,2015,90000,2020,10,28,98.1948,30,중동,1818,26350,,,
해운대힐스테이트위브,2015,37000,2020,10,28,59.9619,1,중동,1818,26350,,,
해운대힐스테이트위브,2015,89700,2020,10,28,98.1948,38,중동,1818,26350,,,
현대,1996,34000,2020,10,28,84.41,1,좌동,1337,26350,,,
현대,1996,32500,2020,10,28,59.445,5,좌동,1337,26350,,,
현대,1996,32500,2020,10,28,59.445,17,좌동,1337,26350,,,
현대,1996,46000,2020,10,28,84.41,5,좌동,1337,26350,,,
현대(1051-2),1988,23000,2020,10,28,41.235,6,재송동,1051-2,26350,,,
SKVIEW,1998,23000,2020,10,29,59.91,18,좌동,1450,26350,,,
건영1,1998,27000,2020,10,29,59.88,8,좌동,1414,26350,,,
건영1,1998,31000,2020,10,29,59.88,11,좌동,1414,26350,,,
경남,1997,30000,2020,10,29,58.804,19,좌동,1375,26350,,,
경남,1997,25900,2020,10,29,58.804,18,좌동,1375,26350,,,
경남선경,1996,49500,2020,10,29,133.295,12,좌동,1448,26350,,,
경남선경,1996,52000,2020,10,29,133.295,20,좌동,1448,26350,,,
경남선경,1996,25000,2020,10,29,59.85,9,좌동,1448,26350,,,
경남선경,1996,47500,2020,10,29,133.295,18,좌동,1448,26350,,,
경남선경,1996,45000,2020,10,29,116.25,10,좌동,1448,26350,,,
달맞이우성빌라트,1995,35500,2020,10,29,84.92,3,중동,1479,26350,,,
달맞이유림노르웨이숲,2017,100000,2020,10,29,139.5996,17,중동,1821,26350,,,
대동타운,1996,45850,2020,10,29,84.88,11,좌동,1288,26350,,,
대림,1996,54000,2020,10,29,134.25,11,좌동,1396,26350,,,
대림,1996,30500,2020,10,29,59.816,20,좌동,1396,26350,,,
대림,1996,27700,2020,10,29,59.816,3,좌동,1396,26350,,,
대우,1996,34000,2020,10,29,59.946,10,좌동,1333,26350,,,
대우,1996,43000,2020,10,29,84.962,2,좌동,1333,26350,,,
대우트럼프월드마린,2007,155000,2020,10,29,187.88,35,우동,1410,26350,,,
대원,1998,72000,2020,10,29,164.94,5,좌동,1307,26350,,,
더샵센텀누리,2014,57000,2020,10,29,72.47,8,재송동,1223,26350,,,
동신,1996,54700,2020,10,29,134.88,15,좌동,1302,26350,,,
동신,1996,41000,2020,10,29,84.93,2,좌동,1302,26350,,,
동신,1996,54000,2020,10,29,101.73,18,좌동,1302,26350,,,
동신,1996,40500,2020,10,29,84.93,3,좌동,1302,26350,,,
동신,1996,24500,2020,10,29,55.68,10,좌동,1302,26350,,,
두산1차아파트,1996,26000,2020,10,29,59.94,9,좌동,1394,26350,,,
두산1차아파트,1996,26000,2020,10,29,59.94,12,좌동,1394,26350,,,
두산1차아파트,1996,54000,2020,10,29,134.97,19,좌동,1394,26350,,,
두산1차아파트,1996,54000,2020,10,29,134.97,6,좌동,1394,26350,,,
두산1차아파트,1996,27500,2020,10,29,59.94,11,좌동,1394,26350,,,
두산1차아파트,1996,49700,2020,10,29,134.97,24,좌동,1394,26350,,,
두산1차아파트,1996,43000,2020,10,29,134.97,14,좌동,1394,26350,,,
롯데3차,1997,29900,2020,10,29,59.6,7,좌동,1300,26350,,,
롯데3차,1997,28900,2020,10,29,59.6,9,좌동,1300,26350,,,
롯데3차,1997,29900,2020,10,29,59.6,7,좌동,1300,26350,,,
롯데4,1999,29500,2020,10,29,59.6,6,좌동,1419,26350,,,
롯데4,1999,30500,2020,10,29,59.76,9,좌동,1419,26350,,,
롯데4,1999,28000,2020,10,29,59.6,20,좌동,1419,26350,,,
롯데캐슬마린,2004,66000,2020,10,29,84.9702,2,중동,1360,26350,,,
롯데캐슬마린,2004,62800,2020,10,29,84.9702,12,중동,1360,26350,,,
메가센텀한화꿈에그린,2008,70000,2020,10,29,119.3506,20,반여동,1662,26350,,,
벽산2,1996,35000,2020,10,29,59.73,8,좌동,1439,26350,,,
벽산2,1996,37500,2020,10,29,84.99,1,좌동,1439,26350,,,
벽산금호,1991,29000,2020,10,29,67.32,3,우동,397-117,26350,,,
삼성,1997,32000,2020,10,29,59.944,10,좌동,1413,26350,,,
삼성콘도맨션,1985,75000,2020,10,29,79.71,11,중동,1154-5,26350,,,
삼환,1998,43000,2020,10,29,120.69,1,좌동,1445,26350,,,
삼환,1998,44000,2020,10,29,120.69,19,좌동,1445,26350,,,
상록,1998,25000,2020,10,29,59.85,8,좌동,1331,26350,,,
선프라자,1995,40500,2020,10,29,84.87,16,우동,1434,26350,,,
선프라자,1995,40500,2020,10,29,84.87,16,우동,1434,26350,,,
센텀SKVIEW아파트,2001,24000,2020,10,29,76.56,4,반여동,1174-1,26350,,,
센텀SKVIEW아파트,2001,32500,2020,10,29,84.77,20,반여동,1174-1,26350,,,
센텀SKVIEW아파트,2001,21000,2020,10,29,59.52,16,반여동,1174-1,26350,,,
센텀SKVIEW아파트,2001,23500,2020,10,29,59.91,21,반여동,1174-1,26350,,,
센텀경동리인,2018,79500,2020,10,29,82.7831,11,우동,1543,26350,,,
센텀글로리아,1989,7400,2020,10,29,59.62,2,재송동,1160-12,26350,,,
센텀두산위브,2014,83000,2020,10,29,84.972,3,우동,1105,26350,,,
센텀롯데캐슬2차,2005,27000,2020,10,29,59.9675,19,반여동,1660,26350,,,
센텀롯데캐슬3차아파트,2005,36000,2020,10,29,59.9399,9,반여동,1641,26350,,,
센텀롯데캐슬3차아파트,2005,31000,2020,10,29,59.6231,25,반여동,1641,26350,,,
센텀롯데캐슬아파트,2004,40000,2020,10,29,84.97,3,반여동,1619,26350,,,
센텀롯데캐슬아파트,2004,36500,2020,10,29,84.97,3,반여동,1619,26350,,,
센텀롯데캐슬아파트,2004,40000,2020,10,29,84.97,3,반여동,1619,26350,,,
센텀롯데캐슬아파트,2004,28000,2020,10,29,59.7601,24,반여동,1619,26350,,,
센텀롯데캐슬아파트,2004,28000,2020,10,29,59.7601,18,반여동,1619,26350,,,
센텀롯데캐슬아파트,2004,26000,2020,10,29,59.7601,12,반여동,1619,26350,,,
센텀마리나,1993,23000,2020,10,29,84.14,12,우동,930-20,26350,,,
센텀삼환Nauville,1996,59900,2020,10,29,59.86,11,우동,1100,26350,,,
센텀우신골든빌,2006,25300,2020,10,29,76.0621,10,재송동,1048-3,26350,,,
센텀파미르,2009,30000,2020,10,29,84.0896,20,재송동,1029,26350,,,
센텀파미르,2009,29900,2020,10,29,84.0896,15,재송동,1029,26350,,,
센텀파미르,2009,32500,2020,10,29,84.0896,20,재송동,1029,26350,,,
센텀파미르,2009,29500,2020,10,29,84.0896,6,재송동,1029,26350,,,
센텀한보미도,1992,10000,2020,10,29,84.85,3,재송동,1123-3,26350,,,
시영79년,1980,29900,2020,10,29,40.13,3,재송동,1030,26350,,,
시영80년,1981,27300,2020,10,29,43.9,1,재송동,1026-1,26350,,,
시영80년,1981,26000,2020,10,29,43.9,1,재송동,1026-1,26350,,,
신동비치,1991,32200,2020,10,29,84.86,13,우동,345-6,26350,,,
신성,1996,27500,2020,10,29,57.9,16,좌동,1271,26350,,,
신춘하나빌,2004,30500,2020,10,29,84.54,7,우동,506-1,26350,,,
아시아선수촌아파트,2002,61000,2020,10,29,134.58,11,반여동,1638,26350,,,
엘시티,2019,183000,2020,10,29,144.2584,81,중동,1829,26350,,,
엘지,1996,36000,2020,10,29,59.94,16,좌동,1398,26350,,,
엘지,1996,26000,2020,10,29,49.83,20,좌동,1398,26350,,,
재송그린,1984,22700,2020,10,29,58.59,3,재송동,1146-1,26350,,,
재송그린,1984,15300,2020,10,29,36.33,5,재송동,1146-1,26350,,,
재송그린,1984,12600,2020,10,29,36.33,5,재송동,1146-1,26350,,,
재송그린,1984,16000,2020,10,29,58.59,5,재송동,1146-1,26350,,,
재송동코오롱,1990,23500,2020,10,29,84.92,4,재송동,1123-20,26350,,,
재송동코오롱,1990,27000,2020,10,29,126.28,4,재송동,1123-20,26350,,,
재송동코오롱,1990,21950,2020,10,29,84.92,2,재송동,1123-20,26350,,,
중동맨션,1978,32000,2020,10,29,66.78,2,중동,1520-8,26350,,,
창신맨션,1986,29800,2020,10,29,48.42,3,반여동,668-1,26350,,,
한라,1996,37800,2020,10,29,60,11,좌동,1323,26350,,,
해운대 I PARK,2011,90000,2020,10,29,80.794,56,우동,1408,26350,,,
해운대 센트럴파크,1998,27450,2020,10,29,59.99,19,좌동,1282,26350,,,
해운대 센트럴파크,1998,25500,2020,10,29,59.99,8,좌동,1282,26350,,,
해운대더샵센텀그린,2019,44000,2020,10,29,72.9699,17,반여동,1672,26350,,,
해운대두산위브더제니스,2011,97500,2020,10,29,104.4925,28,우동,1407,26350,,,
해운대두산위브더제니스,2011,85000,2020,10,29,99.4067,30,우동,1407,26350,,,
해운대두산위브더제니스,2011,185000,2020,10,29,157.0176,44,우동,1407,26350,,,
해운대두산위브더제니스,2011,120000,2020,10,29,111.07,20,우동,1407,26350,,,
해운대래미안,2014,86000,2020,10,29,84.987,14,중동,1793,26350,,,
해운대센텀트루엘1단지,2019,32000,2020,10,29,59.9663,13,반여동,1682,26350,,,
해운대신시가지경동메르빌,2005,66000,2020,10,29,115.1516,10,중동,718-6,26350,,,
해운대신시가지경동메르빌,2005,54500,2020,10,29,115.1516,4,중동,718-6,26350,,,
해운대엔스타,2011,36800,2020,10,29,84.68,6,우동,956-42,26350,,,
해운대중동금호어울림,2006,60700,2020,10,29,84.9963,6,중동,899,26350,,,
해운대중동두산위브,2008,70000,2020,10,29,116.353,25,중동,1234-1,26350,,,
해운대중동두산위브,2008,63500,2020,10,29,112.5054,8,중동,1234-1,26350,,,
해운대중동롯데캐슬마스터2,2007,85000,2020,10,29,123.2898,16,중동,181-1,26350,,,
해운대한신휴플러스,2014,79500,2020,10,29,84.8721,16,우동,777,26350,,,
해운대힐스테이트위브,2015,80000,2020,10,29,109.277,8,중동,1818,26350,,,
해운대힐스테이트위브,2015,88000,2020,10,29,115.4958,43,중동,1818,26350,,,
해운대힐스테이트위브,2015,75000,2020,10,29,105.8829,7,중동,1818,26350,,,
해운파크맨션,1985,43000,2020,10,29,48.96,3,우동,397-68,26350,,,
현대(1051-2),1988,25000,2020,10,29,50.805,1,재송동,1051-2,26350,,,
현대일성2,1994,18200,2020,10,29,111.07,3,반여동,1291-1446,26350,,,
화목,1996,40000,2020,10,29,56.345,14,좌동,1310,26350,,,
LH뜨란채아파트,1997,25200,2020,10,30,59.98,6,좌동,1278,26350,,,
LH뜨란채아파트,1997,20000,2020,10,30,49.94,19,좌동,1278,26350,,,
LH뜨란채아파트,1997,25000,2020,10,30,59.98,16,좌동,1278,26350,,,
건영1,1998,29500,2020,10,30,59.88,19,좌동,1414,26350,,,
경남,1997,40800,2020,10,30,84.034,4,좌동,1375,26350,,,
경남,1997,57500,2020,10,30,134.47,6,좌동,1375,26350,,,
경남선경,1996,35000,2020,10,30,84.93,5,좌동,1448,26350,,,
경남선경,1996,51500,2020,10,30,133.295,16,좌동,1448,26350,,,
광하주택2,1988,6000,2020,10,30,43.97,4,반송동,93,26350,,,
광하주택2,1988,8000,2020,10,30,43.97,2,반송동,93,26350,,,
달맞이경동메르빌,2002,97500,2020,10,30,163.079,5,중동,1515-2,26350,,,
대동타운,1996,39800,2020,10,30,84.88,17,좌동,1288,26350,,,
대동타운,1996,24800,2020,10,30,50.575,18,좌동,1288,26350,,,
대림,1996,30000,2020,10,30,59.816,20,좌동,1396,26350,,,
대림,1996,52300,2020,10,30,118.683,20,좌동,1396,26350,,,
대림2,1997,49500,2020,10,30,84.974,22,좌동,1286,26350,,,
대림2,1997,32000,2020,10,30,59.816,9,좌동,1286,26350,,,
대림3,1997,59000,2020,10,30,115.124,24,좌동,1374,26350,,,
대림3,1997,30000,2020,10,30,59.816,15,좌동,1374,26350,,,
대우2,1998,54500,2020,10,30,155.31,7,좌동,1438,26350,,,
대우2,1998,31500,2020,10,30,59.946,14,좌동,1438,26350,,,
대우금사,1995,25200,2020,10,30,115.5,2,반여동,586-2,26350,,,
대우월드마크센텀,2010,200000,2020,10,30,161.12,12,우동,1488,26350,,,
대우트럼프월드마린,2007,150000,2020,10,30,171.7,23,우동,1410,26350,,,
대우트럼프월드마린,2007,150000,2020,10,30,171.7,23,우동,1410,26350,,,
대원,1998,33000,2020,10,30,59.79,8,좌동,1307,26350,,,
대창,1996,53000,2020,10,30,134.64,4,좌동,1273,26350,,,
대흥파크가동,1981,18800,2020,10,30,52.2,2,우동,894-1,26350,,,
더샵센텀파크1차,2005,162500,2020,10,30,125.4155,8,재송동,1200,26350,,,
더샵센텀파크2차,2005,110000,2020,10,30,100.945,11,재송동,1197,26350,,,
동부,1996,28500,2020,10,30,58.44,24,좌동,1412,26350,,,
동부올림픽타운,1999,71000,2020,10,30,59.8,17,우동,1008-5,26350,,,
동신,1996,42000,2020,10,30,84.93,16,좌동,1302,26350,,,
두산1차아파트,1996,36700,2020,10,30,84.9,1,좌동,1394,26350,,,
두산1차아파트,1996,48500,2020,10,30,134.97,10,좌동,1394,26350,,,
두산2,1996,49500,2020,10,30,84.9,2,좌동,1319,26350,,,
두산위브포세이돈,2007,149000,2020,10,30,170.5,14,우동,1410-1,26350,,,
롯데,1993,108800,2020,10,30,145.12,3,우동,938,26350,,,
롯데2,1998,26800,2020,10,30,59.6,8,좌동,1386,26350,,,
롯데3차,1997,34000,2020,10,30,59.6,19,좌동,1300,26350,,,
롯데4,1999,32500,2020,10,30,59.6,19,좌동,1419,26350,,,
마마아파트,1990,26800,2020,10,30,84.08,10,중동,1521-32,26350,,,
벽산2,1996,26000,2020,10,30,59.73,11,좌동,1439,26350,,,
벽산2,1996,42000,2020,10,30,84.99,8,좌동,1439,26350,,,
보훈,1979,4350,2020,10,30,40.66,2,반여동,1594-1,26350,,,
삼성타워,1994,27000,2020,10,30,70.22,9,중동,1521-38,26350,,,
삼익그린맨션,1985,47000,2020,10,30,61.83,3,반여동,1405-31,26350,,,
상록,1998,27900,2020,10,30,59.85,15,좌동,1331,26350,,,
상록,1998,24900,2020,10,30,59.85,10,좌동,1331,26350,,,
선프라자,1995,40000,2020,10,30,108.14,10,우동,1434,26350,,,
선프라자,1995,29100,2020,10,30,59.34,13,우동,1434,26350,,,
선프라자,1995,28000,2020,10,30,59.34,13,우동,1434,26350,,,
센텀SKVIEW아파트,2001,29500,2020,10,30,84.77,14,반여동,1174-1,26350,,,
센텀SKVIEW아파트,2001,33000,2020,10,30,124.59,16,반여동,1174-1,26350,,,
센텀SKVIEW아파트,2001,41700,2020,10,30,124.59,10,반여동,1174-1,26350,,,
센텀SKVIEW아파트,2001,23300,2020,10,30,59.91,6,반여동,1174-1,26350,,,
센텀SKVIEW아파트,2001,27000,2020,10,30,84.77,14,반여동,1174-1,26350,,,
센텀글로리아,1989,6650,2020,10,30,53.65,3,재송동,1160-12,26350,,,
센텀동부센트레빌,2006,58500,2020,10,30,84.9982,13,재송동,380-1,26350,,,
센텀롯데캐슬2차,2005,41900,2020,10,30,101.7996,13,반여동,1660,26350,,,
센텀롯데캐슬2차,2005,42000,2020,10,30,101.7996,17,반여동,1660,26350,,,
센텀롯데캐슬2차,2005,31000,2020,10,30,84.97,17,반여동,1660,26350,,,
센텀롯데캐슬3차아파트,2005,30700,2020,10,30,59.6231,20,반여동,1641,26350,,,
센텀마리나,1993,34000,2020,10,30,100.95,15,우동,930-20,26350,,,
센텀우신골든빌,2006,27000,2020,10,30,76.0621,15,재송동,1048-3,26350,,,
센텀우신골든빌,2006,30500,2020,10,30,84.8404,12,재송동,1048-3,26350,,,
센텀이편한세상,2006,63000,2020,10,30,73.405,19,재송동,939-2,26350,,,
센텀피오레1차,2005,56000,2020,10,30,84.9446,18,재송동,1302,26350,,,
센텀피오레1차,2005,50000,2020,10,30,74.2233,7,재송동,1302,26350,,,
시영79년,1980,30000,2020,10,30,40.13,4,재송동,1030,26350,,,
아시아선수촌아파트,2002,61700,2020,10,30,118.72,10,반여동,1638,26350,,,
아시아선수촌아파트,2002,34500,2020,10,30,59.92,5,반여동,1638,26350,,,
아시아선수촌아파트,2002,47500,2020,10,30,101.55,2,반여동,1638,26350,,,
엘지,1996,23900,2020,10,30,49.83,19,좌동,1398,26350,,,
엘지,1996,60000,2020,10,30,162.27,5,좌동,1398,26350,,,
엘지,1996,32000,2020,10,30,59.94,5,좌동,1398,26350,,,
엘지,1996,29000,2020,10,30,59.94,2,좌동,1398,26350,,,
엘지,1996,26000,2020,10,30,49.83,7,좌동,1398,26350,,,
우신,2001,24100,2020,10,30,84.975,12,반여동,585,26350,,,
재송동코오롱,1990,23500,2020,10,30,84.92,3,재송동,1123-20,26350,,,
재송동코오롱,1990,19500,2020,10,30,84.92,5,재송동,1123-20,26350,,,
창신맨션,1986,34500,2020,10,30,52.2,2,반여동,668-1,26350,,,
코오롱,1997,41400,2020,10,30,84.95,1,좌동,1348,26350,,,
한일,1996,28500,2020,10,30,58.2,9,좌동,1274,26350,,,
해운대 I PARK,2011,180000,2020,10,30,127.664,33,우동,1408,26350,,,
해운대 센트럴파크,1998,27000,2020,10,30,59.9,15,좌동,1282,26350,,,
해운대 센트럴파크,1998,26000,2020,10,30,59.99,8,좌동,1282,26350,,,
해운대 센트럴파크,1998,27000,2020,10,30,59.9,15,좌동,1282,26350,,,
해운대경남아너스빌,2012,95000,2020,10,30,111.4161,19,중동,1788,26350,,,
해운대경남아너스빌,2012,95000,2020,10,30,111.4161,19,중동,1788,26350,,,
해운대경보이리스힐아파트,2018,34800,2020,10,30,59.976,19,송정동,949,26350,,,
해운대더샵센텀그린,2019,35000,2020,10,30,59.9607,8,반여동,1672,26350,,,
해운대동일,1998,43000,2020,10,30,84.9,20,중동,1763,26350,,,
해운대래미안,2014,82000,2020,10,30,84.984,32,중동,1793,26350,,,
해운대신시가지경동메르빌,2005,61000,2020,10,30,115.1516,14,중동,718-6,26350,,,
해운대엑소디움,2009,120000,2020,10,30,181.774,9,우동,1398,26350,,,
해운대엑소디움,2009,120000,2020,10,30,181.774,8,우동,1398,26350,,,
해운대엑소디움,2009,83000,2020,10,30,141.807,15,우동,1398,26350,,,
해운대엑소디움,2009,120000,2020,10,30,181.774,9,우동,1398,26350,,,
해운대오션파크,2002,39500,2020,10,30,59.891,14,우동,843,26350,,,
해운대자이2단지,2013,79500,2020,10,30,84.8053,8,우동,1529,26350,,,
해운대중동롯데캐슬마스터2,2007,58000,2020,10,30,84.9895,7,중동,181-1,26350,,,
해운대한솔솔파크,2006,42500,2020,10,30,84.7894,20,우동,887-1,26350,,,
해운대힐스테이트위브,2015,190000,2020,10,30,153.5704,32,중동,1818,26350,,,
해운대힐스테이트위브,2015,95500,2020,10,30,134.3188,37,중동,1818,26350,,,
해운대힐스테이트위브,2015,190000,2020,10,30,153.5704,32,중동,1818,26350,,,
해운대힐스테이트위브,2015,69000,2020,10,30,80.949,13,중동,1818,26350,,,
현대,1996,25500,2020,10,30,59.445,1,좌동,1337,26350,,,
현대아쿠아팰리스해운대,2010,60000,2020,10,30,115.54,22,중동,1167-3,26350,,,
협성프라임빌,2005,29000,2020,10,30,76.7051,15,우동,333,26350,,,
협진태양,1995,40000,2020,10,30,118.105,13,중동,1516-5,26350,,,
LH뜨란채아파트,1997,25000,2020,10,31,59.98,14,좌동,1278,26350,,,
LH뜨란채아파트,1997,18900,2020,10,31,49.94,25,좌동,1278,26350,,,
SKVIEW,1998,22800,2020,10,31,59.91,18,좌동,1450,26350,,,
SKVIEW,1998,22900,2020,10,31,59.91,14,좌동,1450,26350,,,
SKVIEW,1998,22900,2020,10,31,59.99,18,좌동,1450,26350,,,
SKVIEW,1998,22800,2020,10,31,59.91,12,좌동,1450,26350,,,
건영1,1998,32250,2020,10,31,59.88,9,좌동,1414,26350,,,
건영1,1998,45000,2020,10,31,84.93,7,좌동,1414,26350,,,
건영1,1998,44000,2020,10,31,84.93,19,좌동,1414,26350,,,
건영2,1997,47000,2020,10,31,84.84,8,좌동,1298,26350,,,
경남,1997,25500,2020,10,31,58.804,6,좌동,1375,26350,,,
경남선경,1996,53000,2020,10,31,153.84,8,좌동,1448,26350,,,
경남선경,1996,24500,2020,10,31,59.85,6,좌동,1448,26350,,,
경동,1995,58000,2020,10,31,59.55,5,우동,974,26350,,,
경동메르빌골드,2007,56000,2020,10,31,140.139,1,중동,1507-4,26350,,,
대동타운,1996,27000,2020,10,31,59.95,3,좌동,1288,26350,,,
대동타운,1996,24600,2020,10,31,50.575,15,좌동,1288,26350,,,
대동타운,1996,45000,2020,10,31,84.88,7,좌동,1288,26350,,,
대동타운,1996,22000,2020,10,31,50.575,1,좌동,1288,26350,,,
대동타운,1996,62000,2020,10,31,115.64,6,좌동,1288,26350,,,
대동타운,1996,58000,2020,10,31,115.64,19,좌동,1288,26350,,,
대동타운,1996,26800,2020,10,31,50.575,12,좌동,1288,26350,,,
대림,1996,26500,2020,10,31,59.816,1,좌동,1396,26350,,,
대림,1996,35000,2020,10,31,59.816,14,좌동,1396,26350,,,
대림,1996,36000,2020,10,31,59.816,7,좌동,1396,26350,,,
대림,1996,50000,2020,10,31,118.683,1,좌동,1396,26350,,,
대림,1996,35500,2020,10,31,59.816,13,좌동,1396,26350,,,
대림2,1997,27500,2020,10,31,59.816,1,좌동,1286,26350,,,
대림3,1997,57500,2020,10,31,115.124,12,좌동,1374,26350,,,
대림3,1997,32000,2020,10,31,59.816,6,좌동,1374,26350,,,
대림3,1997,29000,2020,10,31,59.816,4,좌동,1374,26350,,,
대림3,1997,30500,2020,10,31,59.816,12,좌동,1374,26350,,,
대우2,1998,31000,2020,10,31,59.946,12,좌동,1438,26350,,,
대우2,1998,33000,2020,10,31,59.946,19,좌동,1438,26350,,,
대우2,1998,32000,2020,10,31,59.946,18,좌동,1438,26350,,,
대우트럼프월드마린,2007,207000,2020,10,31,187.88,13,우동,1410,26350,,,
대창,1996,28900,2020,10,31,59.946,11,좌동,1273,26350,,,
더샵센텀누리,2014,56700,2020,10,31,72.488,2,재송동,1223,26350,,,
더샵센텀스타,2008,127000,2020,10,31,135.65,21,재송동,1196,26350,,,
더샵센텀파크1차,2005,210000,2020,10,31,151.9156,48,재송동,1200,26350,,,
더샵센텀파크1차,2005,101000,2020,10,31,84.6389,24,재송동,1200,26350,,,
더샵센텀파크2차,2005,124500,2020,10,31,127.489,7,재송동,1197,26350,,,
더샵센텀파크2차,2005,86500,2020,10,31,84.6528,10,재송동,1197,26350,,,
더샵센텀파크2차,2005,119500,2020,10,31,100.945,5,재송동,1197,26350,,,
동부,1996,30750,2020,10,31,58.44,11,좌동,1412,26350,,,
동부,1996,31000,2020,10,31,58.44,11,좌동,1412,26350,,,
동부,1996,31900,2020,10,31,58.44,14,좌동,1412,26350,,,
동신,1996,31750,2020,10,31,55.68,15,좌동,1302,26350,,,
동신,1996,26900,2020,10,31,55.68,6,좌동,1302,26350,,,
두산1차아파트,1996,42000,2020,10,31,101.7,1,좌동,1394,26350,,,
두산1차아파트,1996,41700,2020,10,31,84.9,18,좌동,1394,26350,,,
두산1차아파트,1996,47200,2020,10,31,84.9,5,좌동,1394,26350,,,
두산1차아파트,1996,38000,2020,10,31,84.9,2,좌동,1394,26350,,,
두산1차아파트,1996,24800,2020,10,31,59.94,4,좌동,1394,26350,,,
두산1차아파트,1996,48000,2020,10,31,101.7,16,좌동,1394,26350,,,
두산1차아파트,1996,60500,2020,10,31,134.97,23,좌동,1394,26350,,,
두산1차아파트,1996,41000,2020,10,31,101.7,1,좌동,1394,26350,,,
두산1차아파트,1996,24700,2020,10,31,59.94,17,좌동,1394,26350,,,
롯데3차,1997,32000,2020,10,31,59.6,3,좌동,1300,26350,,,
롯데3차,1997,32000,2020,10,31,59.6,18,좌동,1300,26350,,,
롯데3차,1997,34000,2020,10,31,59.6,10,좌동,1300,26350,,,
롯데4,1999,27300,2020,10,31,59.6,12,좌동,1419,26350,,,
롯데4,1999,28800,2020,10,31,59.76,13,좌동,1419,26350,,,
롯데4,1999,50000,2020,10,31,84.935,8,좌동,1419,26350,,,
롯데4,1999,30000,2020,10,31,59.6,8,좌동,1419,26350,,,
롯데4,1999,32000,2020,10,31,59.6,14,좌동,1419,26350,,,
마마아파트,1990,30000,2020,10,31,84.86,15,중동,1521-32,26350,,,
메가센텀한화꿈에그린,2008,59900,2020,10,31,84.9782,17,반여동,1662,26350,,,
반도보라빌,2006,72000,2020,10,31,84.9073,8,우동,945,26350,,,
벽산2,1996,41900,2020,10,31,84.99,4,좌동,1439,26350,,,
삼성,1997,35500,2020,10,31,59.914,13,좌동,1413,26350,,,
삼성,1997,31000,2020,10,31,59.944,2,좌동,1413,26350,,,
삼환,1998,25400,2020,10,31,59.76,12,좌동,1445,26350,,,
삼환,1998,43200,2020,10,31,120.69,6,좌동,1445,26350,,,
상록,1998,27900,2020,10,31,59.85,6,좌동,1331,26350,,,
상록,1998,26500,2020,10,31,59.85,14,좌동,1331,26350,,,
상록,1998,24500,2020,10,31,59.85,9,좌동,1331,26350,,,
상록,1998,24300,2020,10,31,59.85,8,좌동,1331,26350,,,
상록,1998,25000,2020,10,31,59.85,12,좌동,1331,26350,,,
상록,1998,24900,2020,10,31,59.85,10,좌동,1331,26350,,,
서해재송,1982,19000,2020,10,31,83.54,3,재송동,1080-5,26350,,,
선프라자,1995,40000,2020,10,31,84.87,9,우동,1434,26350,,,
센텀SKVIEW아파트,2001,29800,2020,10,31,84.77,18,반여동,1174-1,26350,,,
센텀SKVIEW아파트,2001,27500,2020,10,31,84.77,1,반여동,1174-1,26350,,,
센텀동부센트레빌,2006,54700,2020,10,31,84.9926,10,재송동,380-1,26350,,,
센텀롯데캐슬2차,2005,50000,2020,10,31,122.988,24,반여동,1660,26350,,,
센텀롯데캐슬2차,2005,44500,2020,10,31,101.7996,12,반여동,1660,26350,,,
센텀롯데캐슬2차,2005,48000,2020,10,31,142.6556,11,반여동,1660,26350,,,
센텀롯데캐슬3차아파트,2005,24800,2020,10,31,59.6231,4,반여동,1641,26350,,,
센텀롯데캐슬3차아파트,2005,31800,2020,10,31,59.9399,14,반여동,1641,26350,,,
센텀롯데캐슬아파트,2004,54000,2020,10,31,127.3684,3,반여동,1619,26350,,,
센텀롯데캐슬아파트,2004,28500,2020,10,31,59.7601,24,반여동,1619,26350,,,
센텀마리나,1993,24250,2020,10,31,84.14,1,우동,930-20,26350,,,
센텀삼익아파트,1981,28300,2020,10,31,50.6,1,재송동,1023,26350,,,
센텀삼익아파트,1981,36300,2020,10,31,70.582,9,재송동,1023,26350,,,
센텀삼환Nauville,1996,76500,2020,10,31,84.84,11,우동,1100,26350,,,
센텀삼환Nauville,1996,60000,2020,10,31,59.86,17,우동,1100,26350,,,
센텀센시빌,2003,55000,2020,10,31,84.9402,8,우동,1228,26350,,,
센텀우신골든빌,2006,18500,2020,10,31,59.6054,14,재송동,1048-3,26350,,,
센텀우신골든빌,2006,30400,2020,10,31,84.8404,20,재송동,1048-3,26350,,,
센텀우신골든빌,2006,32000,2020,10,31,84.8404,16,재송동,1048-3,26350,,,
센텀우신골든빌,2006,25900,2020,10,31,76.0621,15,재송동,1048-3,26350,,,
센텀우신골든빌,2006,21000,2020,10,31,59.6054,9,재송동,1048-3,26350,,,
센텀파미르,2009,31000,2020,10,31,84.537,15,재송동,1029,26350,,,
센텀현대,1999,40000,2020,10,31,59.84,5,우동,1102-221,26350,,,
센텀협성,1987,23000,2020,10,31,51.03,4,재송동,1025-1,26350,,,
센텀협성,1987,20000,2020,10,31,50.61,5,재송동,1025-1,26350,,,
센텀협성,1987,21000,2020,10,31,53.28,3,재송동,1025-1,26350,,,
시영79년,1980,30000,2020,10,31,40.13,5,재송동,1030,26350,,,
시영80년,1981,28000,2020,10,31,43.9,2,재송동,1026-1,26350,,,
신동아,1992,18600,2020,10,31,83.76,13,재송동,131,26350,,,
신성,1996,45000,2020,10,31,84.974,5,좌동,1271,26350,,,
아시아선수촌아파트,2002,32000,2020,10,31,59.92,14,반여동,1638,26350,,,
엘지,1996,25000,2020,10,31,49.83,17,좌동,1398,26350,,,
엘지,1996,44000,2020,10,31,84.973,2,좌동,1398,26350,,,
엘지,1996,25000,2020,10,31,49.83,17,좌동,1398,26350,,,
엘지,1996,23000,2020,10,31,49.83,6,좌동,1398,26350,,,
엘지,1996,26000,2020,10,31,49.83,4,좌동,1398,26350,,,
엘지,1996,26000,2020,10,31,49.83,19,좌동,1398,26350,,,
엘지,1996,26000,2020,10,31,49.83,13,좌동,1398,26350,,,
엘지,1996,64500,2020,10,31,134.94,2,좌동,1398,26350,,,
엘지,1996,26000,2020,10,31,49.83,19,좌동,1398,26350,,,
엘지,1996,60000,2020,10,31,134.94,2,좌동,1398,26350,,,
엘지,1996,64500,2020,10,31,134.94,20,좌동,1398,26350,,,
엘지,1996,23500,2020,10,31,49.83,13,좌동,1398,26350,,,
영남,1996,27000,2020,10,31,59.585,13,좌동,1328,26350,,,
영남,1996,25000,2020,10,31,59.585,2,좌동,1328,26350,,,
우방신세계타운,2002,25400,2020,10,31,77.67,16,반여동,1190-1,26350,,,
우방신세계타운,2002,25000,2020,10,31,77.67,9,반여동,1190-1,26350,,,
일동미라주,2001,16500,2020,10,31,56.9704,24,반여동,1192-3,26350,,,
일동미라주,2001,18500,2020,10,31,56.9704,16,반여동,1192-3,26350,,,
재송그린,1984,20000,2020,10,31,50.31,5,재송동,1146-1,26350,,,
재송그린,1984,19800,2020,10,31,47.79,2,재송동,1146-1,26350,,,
재송그린,1984,15500,2020,10,31,36.33,3,재송동,1146-1,26350,,,
재송동코오롱,1990,24000,2020,10,31,80.8,5,재송동,1123-20,26350,,,
재송동코오롱,1990,24000,2020,10,31,80.8,5,재송동,1123-20,26350,,,
재송동코오롱,1990,24000,2020,10,31,125.75,5,재송동,1123-20,26350,,,
재송동코오롱,1990,25000,2020,10,31,84.92,5,재송동,1123-20,26350,,,
재송동코오롱,1990,19200,2020,10,31,84.92,2,재송동,1123-20,26350,,,
중동삼정그린코아,2002,42800,2020,10,31,84.846,6,중동,262-1,26350,,,
중동삼정그린코아,2002,46000,2020,10,31,84.846,3,중동,262-1,26350,,,
창신맨션,1986,31000,2020,10,31,50.76,1,반여동,668-1,26350,,,
청목마리안,2004,39000,2020,10,31,84.8348,4,중동,277,26350,,,
코오롱,1997,53000,2020,10,31,84.95,6,좌동,1348,26350,,,
한라,1996,32000,2020,10,31,60,3,좌동,1323,26350,,,
한라,1996,31500,2020,10,31,60,11,좌동,1323,26350,,,
한일,1996,29500,2020,10,31,58.2,11,좌동,1274,26350,,,
해운대 센트럴파크,1998,22000,2020,10,31,59.99,15,좌동,1282,26350,,,
해운대 센트럴파크,1998,27000,2020,10,31,59.99,19,좌동,1282,26350,,,
해운대동백두산위브더제니스,2019,80000,2020,10,31,84.64,18,우동,1544,26350,,,
해운대동일,1998,28800,2020,10,31,59.91,7,중동,1763,26350,,,
해운대두산위브더제니스,2011,132000,2020,10,31,111.07,29,우동,1407,26350,,,
해운대래미안,2014,85000,2020,10,31,84.987,8,중동,1793,26350,,,
해운대송정우림필유아파트,2015,27000,2020,10,31,59.9295,13,송정동,947,26350,,,
해운대신시가지경동메르빌,2005,65000,2020,10,31,115.1516,21,중동,718-6,26350,,,
해운대신시가지경동메르빌,2005,60000,2020,10,31,115.1516,10,중동,718-6,26350,,,
해운대신시가지경동메르빌,2005,65000,2020,10,31,115.1516,21,중동,718-6,26350,,,
해운대양우내안애팰리스,2013,34500,2020,10,31,78.8068,6,중동,1792,26350,,,
해운대양우내안애팰리스,2013,35000,2020,10,31,84.9383,11,중동,1792,26350,,,
해운대자이1단지,2013,160000,2020,10,31,120.3642,6,우동,1527,26350,,,
해운대중동경동하나메르빌,2014,61500,2020,10,31,80.5341,6,중동,1796,26350,,,
해운대한솔솔파크,2006,39000,2020,10,31,84.7894,17,우동,887-1,26350,,,
해운대한솔솔파크,2006,40000,2020,10,31,84.7894,5,우동,887-1,26350,,,
해운대힐스테이트위브,2015,77000,2020,10,31,102.3162,26,중동,1818,26350,,,
해운대힐스테이트위브,2015,87000,2020,10,31,98.1948,20,중동,1818,26350,,,
해운대힐스테이트위브,2015,165000,2020,10,31,153.5704,22,중동,1818,26350,,,
해운대힐스테이트위브,2015,84000,2020,10,31,102.3162,16,중동,1818,26350,,,
해운대힐스테이트위브,2015,89800,2020,10,31,98.1948,16,중동,1818,26350,,,
현대,1996,27700,2020,10,31,59.445,1,좌동,1337,26350,,,
현대그린맨션,1986,44200,2020,10,31,57.09,9,반여동,1411-10,26350,,,
현대아쿠아팰리스동백섬,2006,49000,2020,10,31,89.5,7,우동,785,26350,,,
협성프라임빌,2005,32000,2020,10,31,76.7051,24,우동,333,26350,,,
협진태양,1995,42800,2020,10,31,118.105,14,중동,1516-5,26350,,,
화목,1996,41000,2020,10,31,56.345,18,좌동,1310,26350,,,
