단지명,건축년도,거래금액(만원),계약년,계약월,계약일,전용면적(㎡),층,법정동,지번,시군구코드,거래유형,매수자구분,매도자구분
경남선경,1996,24500,2020,6,1,59.85,13,좌동,1448,26350,,,
그린파크,1988,8300,2020,6,1,43.72,2,반여동,1600-1,26350,,,
대우마리나3,1994,54000,2020,6,1,59.81,2,우동,977,26350,,,
대우트럼프월드마린,2007,155000,2020,6,1,187.88,35,우동,1410,26350,,,
대흥파크가동,1981,19500,2020,6,1,52.2,3,우동,894-1,26350,,,
더샵센텀스타,2008,171000,2020,6,1,215.64,53,재송동,1196,26350,,,
더샵센텀스타,2008,171000,2020,6,1,215.64,53,재송동,1196,26350,,,
더샵센텀파크1차,2005,106000,2020,6,1,125.4155,43,재송동,1200,26350,,,
더샵센텀파크2차,2005,62000,2020,6,1,84.6389,20,재송동,1197,26350,,,
동부올림픽타운,1999,49900,2020,6,1,59.8,15,우동,1008-5,26350,,,
럭스빌비치,2018,18900,2020,6,1,58.3,8,송정동,137-12,26350,,,
럭스빌비치,2018,16500,2020,6,1,53.17,7,송정동,137-12,26350,,,
롯데,1993,48300,2020,6,1,84.84,8,우동,938,26350,,,
롯데4,1999,28500,2020,6,1,59.76,12,좌동,1419,26350,,,
벽산삼협,1997,14000,2020,6,1,59.916,5,반송동,892,26350,,,
삼익그린맨션,1985,50000,2020,6,1,111.12,10,반여동,1405-31,26350,,,
삼한2,1997,18000,2020,6,1,84.9,3,반송동,872,26350,,,
센텀SKVIEW아파트,2001,20500,2020,6,1,59.91,12,반여동,1174-1,26350,,,
센텀대림,1996,27800,2020,6,1,84.98,6,반여동,1199-11,26350,,,
센텀대림,1996,20100,2020,6,1,59.99,21,반여동,1199-11,26350,,,
센텀롯데캐슬2차,2005,24200,2020,6,1,59.9675,10,반여동,1660,26350,,,
센텀삼익아파트,1981,15000,2020,6,1,49.96,10,재송동,1023,26350,,,
센텀삼익아파트,1981,15000,2020,6,1,49.96,9,재송동,1023,26350,,,
센텀삼익아파트,1981,15000,2020,6,1,53.246,6,재송동,1023,26350,,,
센텀자유,1998,15000,2020,6,1,59.99,19,반여동,1063-4,26350,,,
시영79년,1980,20000,2020,6,1,40.13,5,재송동,1030,26350,,,
시영80년,1981,17000,2020,6,1,43.9,4,재송동,1026-1,26350,,,
시영80년,1981,16500,2020,6,1,43.9,1,재송동,1026-1,26350,,,
아크로뷰,2004,5200,2020,6,1,20.25,16,중동,1554,26350,,,
엘지,1996,59000,2020,6,1,162.27,6,좌동,1398,26350,,,
우신골든메르시아,2010,56500,2020,6,1,150.21,10,우동,1410-2,26350,,,
우신골든메르시아,2010,56500,2020,6,1,150.21,10,우동,1410-2,26350,,,
일동미라주,2001,17900,2020,6,1,56.9704,14,반여동,1192-3,26350,,,
재송그린,1984,13500,2020,6,1,47.79,2,재송동,1146-1,26350,,,
재송그린,1984,11800,2020,6,1,47.79,5,재송동,1146-1,26350,,,
해운대경동제이드,2012,170000,2020,6,1,220.0959,13,우동,763,26350,,,
해운대더샵센텀그린,2019,25800,2020,6,1,59.9626,4,반여동,1672,26350,,,
해운대동일,1998,27500,2020,6,1,59.94,19,중동,1763,26350,,,
해운대두산위브더제니스,2011,158500,2020,6,1,145.8083,56,우동,1407,26350,,,
현대,1996,40000,2020,6,1,84.41,21,좌동,1337,26350,,,
현대,1994,21500,2020,6,1,84.96,1,우동,340,26350,,,
화목,1996,42000,2020,6,1,84.36,12,좌동,1310,26350,,,
화목,1996,45500,2020,6,1,134.19,1,좌동,1310,26350,,,
화목,1996,45500,2020,6,1,134.19,1,좌동,1310,26350,,,
화목,1996,30000,2020,6,1,56.345,14,좌동,1310,26350,,,
건영2,1997,41500,2020,6,2,84.84,16,좌동,1298,26350,,,
대우,1996,49200,2020,6,2,134.64,14,좌동,1333,26350,,,
대우동삼,1993,75700,2020,6,2,164.5,5,우동,1007-16,26350,,,
더샵센텀파크1차,2005,96000,2020,6,2,125.4155,13,재송동,1200,26350,,,
더샵센텀파크1차,2005,93000,2020,6,2,125.4155,13,재송동,1200,26350,,,
더샵센텀파크1차,2005,127500,2020,6,2,151.9156,50,재송동,1200,26350,,,
동부올림픽타운,1999,59200,2020,6,2,84.96,8,우동,1008-5,26350,,,
두산1차아파트,1996,42000,2020,6,2,134.97,15,좌동,1394,26350,,,
롯데,1993,49000,2020,6,2,84.84,12,우동,938,26350,,,
롯데4,1999,24500,2020,6,2,59.6,3,좌동,1419,26350,,,
롯데캐슬마린,2004,77400,2020,6,2,125.1959,30,중동,1360,26350,,,
롯데캐슬마린,2004,55600,2020,6,2,84.9702,16,중동,1360,26350,,,
롯데캐슬마린,2004,55600,2020,6,2,84.9702,16,중동,1360,26350,,,
반여현대,1995,20000,2020,6,2,84.99,13,반여동,1088,26350,,,
반여현대,1995,20000,2020,6,2,84.99,13,반여동,1088,26350,,,
벽산2,1996,43000,2020,6,2,84.99,14,좌동,1439,26350,,,
삼호가든맨션,1985,80000,2020,6,2,84.99,10,우동,1104-1,26350,,,
석공힐타운,1976,9000,2020,6,2,38.2967,3,중동,1485-19,26350,,,
센텀SKVIEW아파트,2001,27800,2020,6,2,84.77,15,반여동,1174-1,26350,,,
센텀SKVIEW아파트,2001,19750,2020,6,2,59.91,7,반여동,1174-1,26350,,,
센텀SKVIEW아파트,2001,27800,2020,6,2,84.77,15,반여동,1174-1,26350,,,
센텀대림,1996,34000,2020,6,2,126.93,1,반여동,1199-11,26350,,,
센텀동부센트레빌,2006,36900,2020,6,2,84.9926,7,재송동,380-1,26350,,,
센텀삼환Nauville,1996,51000,2020,6,2,84.84,9,우동,1100,26350,,,
센텀삼환Nauville,1996,35900,2020,6,2,59.86,18,우동,1100,26350,,,
센텀삼환Nauville,1996,61500,2020,6,2,123.78,11,우동,1100,26350,,,
시영79년,1980,20000,2020,6,2,40.13,3,재송동,1030,26350,,,
시영79년,1980,19000,2020,6,2,40.13,3,재송동,1030,26350,,,
시영79년,1980,20800,2020,6,2,40.13,2,재송동,1030,26350,,,
시영79년,1980,20000,2020,6,2,40.13,3,재송동,1030,26350,,,
아시아선수촌아파트,2002,36000,2020,6,2,75.57,24,반여동,1638,26350,,,
아시아선수촌아파트,2002,38000,2020,6,2,84.8,14,반여동,1638,26350,,,
엘지,1996,42200,2020,6,2,84.973,12,좌동,1398,26350,,,
우방신세계타운,2002,19500,2020,6,2,59.96,18,반여동,1190-1,26350,,,
장산동국,1993,15500,2020,6,2,84.95,7,재송동,1182-1,26350,,,
재송그린,1984,13000,2020,6,2,47.79,4,재송동,1146-1,26350,,,
재송그린,1984,14500,2020,6,2,58.59,4,재송동,1146-1,26350,,,
재송그린,1984,10000,2020,6,2,36.33,5,재송동,1146-1,26350,,,
재송그린,1984,14500,2020,6,2,58.59,5,재송동,1146-1,26350,,,
재송그린,1984,13000,2020,6,2,47.79,4,재송동,1146-1,26350,,,
재송그린,1984,9750,2020,6,2,36.33,3,재송동,1146-1,26350,,,
재송그린,1984,10000,2020,6,2,36.33,2,재송동,1146-1,26350,,,
해운대경동제이드,2012,138500,2020,6,2,163.2673,14,우동,763,26350,,,
해운대경동제이드,2012,135000,2020,6,2,164.3474,27,우동,763,26350,,,
해운대두산위브더제니스,2011,124000,2020,6,2,157.0176,40,우동,1407,26350,,,
해운대자이2차1단지,2018,94000,2020,6,2,84.988,24,우동,1536,26350,,,
해운대한신휴플러스,2014,55000,2020,6,2,84.8381,14,우동,777,26350,,,
현대,1996,49000,2020,6,2,134.005,11,좌동,1337,26350,,,
현대,1996,40000,2020,6,2,84.41,8,좌동,1337,26350,,,
현대그린맨션,1986,33000,2020,6,2,64.985,6,반여동,1411-10,26350,,,
건영2,1997,39000,2020,6,3,84.84,11,좌동,1298,26350,,,
경동,1995,35400,2020,6,3,58.695,6,우동,974,26350,,,
경동,1995,35400,2020,6,3,58.695,6,우동,974,26350,,,
경동,1995,47800,2020,6,3,84.95,5,우동,974,26350,,,
경동,1995,34000,2020,6,3,58.695,3,우동,974,26350,,,
대동타운,1996,22500,2020,6,3,50.575,19,좌동,1288,26350,,,
대림,1996,26500,2020,6,3,59.816,4,좌동,1396,26350,,,
대산,1984,18900,2020,6,3,49.23,1,반여동,763-28,26350,,,
대우2,1998,46700,2020,6,3,134.64,12,좌동,1438,26350,,,
대우마리나1,1991,86500,2020,6,3,84.2249,6,우동,1388-4,26350,,,
대우마리나2,1992,81500,2020,6,3,84.2249,2,우동,1388-4,26350,,,
더샵센텀누리,2014,43000,2020,6,3,72.47,4,재송동,1223,26350,,,
더샵센텀스타,2008,89000,2020,6,3,135.65,25,재송동,1196,26350,,,
더샵센텀스타,2008,89000,2020,6,3,135.65,25,재송동,1196,26350,,,
더샵센텀파크1차,2005,103000,2020,6,3,126.9004,21,재송동,1200,26350,,,
더샵센텀파크1차,2005,76000,2020,6,3,84.6389,28,재송동,1200,26350,,,
더샵센텀파크2차,2005,72500,2020,6,3,100.945,8,재송동,1197,26350,,,
동부,1996,40800,2020,6,3,83.6,16,좌동,1412,26350,,,
동신,1996,24300,2020,6,3,55.68,5,좌동,1302,26350,,,
두산1차아파트,1996,40000,2020,6,3,101.7,5,좌동,1394,26350,,,
롯데,1993,52400,2020,6,3,84.84,5,우동,938,26350,,,
롯데,1993,51900,2020,6,3,84.84,5,우동,938,26350,,,
롯데,1993,51500,2020,6,3,84.84,6,우동,938,26350,,,
롯데,1993,51500,2020,6,3,84.84,6,우동,938,26350,,,
롯데,1993,50400,2020,6,3,84.84,5,우동,938,26350,,,
롯데,1993,50000,2020,6,3,84.84,11,우동,938,26350,,,
롯데3차,1997,26500,2020,6,3,59.6,3,좌동,1300,26350,,,
벽산2,1996,24300,2020,6,3,59.73,19,좌동,1439,26350,,,
삼환,1998,35500,2020,6,3,84.96,20,좌동,1445,26350,,,
센텀SKVIEW아파트,2001,30000,2020,6,3,103.05,19,반여동,1174-1,26350,,,
센텀경동리인,2018,57200,2020,6,3,82.432,1,우동,1543,26350,,,
센텀동부센트레빌,2006,41000,2020,6,3,84.9926,19,재송동,380-1,26350,,,
센텀동부센트레빌,2006,42500,2020,6,3,84.9749,14,재송동,380-1,26350,,,
센텀동부센트레빌,2006,52500,2020,6,3,117.4122,13,재송동,380-1,26350,,,
센텀삼익아파트,1981,14000,2020,6,3,49.96,8,재송동,1023,26350,,,
센텀삼익아파트,1981,14400,2020,6,3,49.96,11,재송동,1023,26350,,,
시영79년,1980,20000,2020,6,3,40.13,4,재송동,1030,26350,,,
시영79년,1980,20000,2020,6,3,40.13,1,재송동,1030,26350,,,
시영80년,1981,17000,2020,6,3,43.9,2,재송동,1026-1,26350,,,
아시아선수촌아파트,2002,37000,2020,6,3,84.8,20,반여동,1638,26350,,,
아시아선수촌아파트,2002,47200,2020,6,3,118.72,12,반여동,1638,26350,,,
재송그린,1984,15100,2020,6,3,58.59,3,재송동,1146-1,26350,,,
재송그린,1984,15000,2020,6,3,58.59,1,재송동,1146-1,26350,,,
재송그린,1984,9500,2020,6,3,36.33,2,재송동,1146-1,26350,,,
창신맨션,1986,23500,2020,6,3,52.2,3,반여동,668-1,26350,,,
해운대 I PARK,2011,80000,2020,6,3,103.036,20,우동,1408,26350,,,
해운대 센트럴파크,1998,19200,2020,6,3,49.73,19,좌동,1282,26350,,,
해운대경남아너스빌,2012,69500,2020,6,3,111.4161,2,중동,1788,26350,,,
해운대동일,1998,28000,2020,6,3,59.91,24,중동,1763,26350,,,
해운대동일,1998,29000,2020,6,3,59.94,24,중동,1763,26350,,,
해운대두산위브더제니스,2011,90000,2020,6,3,118.3775,19,우동,1407,26350,,,
해운대엑소디움,2009,98000,2020,6,3,173.319,41,우동,1398,26350,,,
화목,1996,47000,2020,6,3,134.19,2,좌동,1310,26350,,,
SKVIEW,1998,20000,2020,6,4,59.99,3,좌동,1450,26350,,,
SKVIEW,1998,23000,2020,6,4,59.99,18,좌동,1450,26350,,,
경남마리나,1996,55000,2020,6,4,59.83,1,우동,1388-1,26350,,,
경남선경,1996,23000,2020,6,4,59.85,16,좌동,1448,26350,,,
경동,1995,46000,2020,6,4,84.95,2,우동,974,26350,,,
공작맨션,1984,60000,2020,6,4,69.39,4,우동,450,26350,,,
대림비치,1977,39000,2020,6,4,64.63,8,중동,1396-1,26350,,,
대우마리나1,1991,130000,2020,6,4,163.348,8,우동,1388-4,26350,,,
더샵센텀파크1차,2005,95300,2020,6,4,126.9004,42,재송동,1200,26350,,,
더샵센텀파크2차,2005,81500,2020,6,4,127.489,11,재송동,1197,26350,,,
더샵센텀파크2차,2005,61000,2020,6,4,84.6528,4,재송동,1197,26350,,,
더샵센텀파크2차,2005,78500,2020,6,4,127.489,11,재송동,1197,26350,,,
동부올림픽타운,1999,48500,2020,6,4,59.8,17,우동,1008-5,26350,,,
동부올림픽타운,1999,56500,2020,6,4,84.96,2,우동,1008-5,26350,,,
롯데,1993,53000,2020,6,4,84.84,9,우동,938,26350,,,
롯데,1993,49500,2020,6,4,84.84,8,우동,938,26350,,,
롯데,1993,68500,2020,6,4,159.15,4,우동,938,26350,,,
벽산2,1996,24000,2020,6,4,59.73,8,좌동,1439,26350,,,
벽산2,1996,24000,2020,6,4,59.73,8,좌동,1439,26350,,,
삼호가든맨션,1985,80000,2020,6,4,84.692,2,우동,1104-1,26350,,,
삼호가든맨션,1985,78500,2020,6,4,84.692,1,우동,1104-1,26350,,,
상록,1998,26500,2020,6,4,59.85,15,좌동,1331,26350,,,
센텀삼익아파트,1981,15000,2020,6,4,53.246,12,재송동,1023,26350,,,
센텀삼익아파트,1981,14400,2020,6,4,49.96,11,재송동,1023,26350,,,
센텀삼익아파트,1981,15000,2020,6,4,53.25,13,재송동,1023,26350,,,
센텀피오레1차,2005,37000,2020,6,4,74.2233,12,재송동,1302,26350,,,
센텀협성,1987,11500,2020,6,4,51.03,1,재송동,1025-1,26350,,,
시영79년,1980,21750,2020,6,4,40.13,4,재송동,1030,26350,,,
시영79년,1980,20700,2020,6,4,40.13,5,재송동,1030,26350,,,
시영79년,1980,20700,2020,6,4,40.13,5,재송동,1030,26350,,,
시영80년,1981,17500,2020,6,4,43.9,2,재송동,1026-1,26350,,,
시영80년,1981,17500,2020,6,4,43.9,2,재송동,1026-1,26350,,,
아시아선수촌아파트,2002,43500,2020,6,4,101.55,1,반여동,1638,26350,,,
엘지,1996,60000,2020,6,4,162.27,11,좌동,1398,26350,,,
재송그린,1984,12500,2020,6,4,50.31,4,재송동,1146-1,26350,,,
재송그린,1984,16000,2020,6,4,58.59,2,재송동,1146-1,26350,,,
재송그린,1984,15100,2020,6,4,58.59,2,재송동,1146-1,26350,,,
재송그린,1984,13200,2020,6,4,47.79,1,재송동,1146-1,26350,,,
재송그린,1984,10000,2020,6,4,36.33,2,재송동,1146-1,26350,,,
해운대 I PARK,2011,92500,2020,6,4,110.477,21,우동,1408,26350,,,
해운대경동제이드,2012,144000,2020,6,4,163.2673,25,우동,763,26350,,,
해운대자이1단지,2013,120000,2020,6,4,120.3642,18,우동,1527,26350,,,
현우산호맨션,1987,11000,2020,6,4,44.22,2,중동,1533-1,26350,,,
화목,1996,42000,2020,6,4,101.76,1,좌동,1310,26350,,,
화목데파트,1998,22800,2020,6,4,60,15,좌동,1314-2,26350,,,
화목데파트,1998,22000,2020,6,4,60,8,좌동,1314-2,26350,,,
LH뜨란채아파트,1997,19700,2020,6,5,49.94,16,좌동,1278,26350,,,
경남마리나,1996,56000,2020,6,5,59.83,1,우동,1388-1,26350,,,
경남마리나,1996,63000,2020,6,5,59.83,4,우동,1388-1,26350,,,
경동,1995,9800,2020,6,5,59.58,14,반송동,885,26350,,,
경동,1995,45800,2020,6,5,84.88,8,우동,974,26350,,,
남성선파크,1988,14600,2020,6,5,65.45,2,재송동,1151-2,26350,,,
남성선파크,1988,7000,2020,6,5,56.79,6,재송동,1151-2,26350,,,
남성선파크,1988,14600,2020,6,5,65.45,2,재송동,1151-2,26350,,,
대동타운,1996,23500,2020,6,5,50.575,14,좌동,1288,26350,,,
대우금사,1995,15700,2020,6,5,59.91,24,반여동,586-2,26350,,,
대우마리나1,1991,89000,2020,6,5,84.2249,3,우동,1388-4,26350,,,
대우마리나1,1991,89000,2020,6,5,84.2249,3,우동,1388-4,26350,,,
대우마리나1,1991,92000,2020,6,5,84.2249,11,우동,1388-4,26350,,,
더샵센텀누리,2014,42650,2020,6,5,72.47,10,재송동,1223,26350,,,
더샵센텀누리,2014,49800,2020,6,5,84.972,16,재송동,1223,26350,,,
더샵센텀스타,2008,180000,2020,6,5,215.64,59,재송동,1196,26350,,,
더샵센텀스타,2008,180000,2020,6,5,215.64,59,재송동,1196,26350,,,
더샵센텀스타,2008,133000,2020,6,5,164.32,35,재송동,1196,26350,,,
더샵센텀스타,2008,86900,2020,6,5,135.65,7,재송동,1196,26350,,,
더샵센텀스타,2008,108000,2020,6,5,135.65,39,재송동,1196,26350,,,
더샵센텀파크1차,2005,123000,2020,6,5,126.9004,34,재송동,1200,26350,,,
더샵센텀파크1차,2005,75500,2020,6,5,84.6389,9,재송동,1200,26350,,,
더샵센텀파크1차,2005,87900,2020,6,5,100.945,45,재송동,1200,26350,,,
더샵센텀파크1차,2005,75000,2020,6,5,84.6528,18,재송동,1200,26350,,,
더샵센텀파크1차,2005,93000,2020,6,5,126.9004,12,재송동,1200,26350,,,
더샵센텀파크1차,2005,74500,2020,6,5,84.6528,10,재송동,1200,26350,,,
더샵센텀파크1차,2005,99000,2020,6,5,125.4155,30,재송동,1200,26350,,,
더샵센텀파크1차,2005,118000,2020,6,5,126.9004,34,재송동,1200,26350,,,
더샵센텀파크1차,2005,104800,2020,6,5,125.4155,29,재송동,1200,26350,,,
더샵센텀파크1차,2005,74000,2020,6,5,84.6528,19,재송동,1200,26350,,,
더샵센텀파크1차,2005,73000,2020,6,5,84.6389,9,재송동,1200,26350,,,
더샵센텀파크2차,2005,79000,2020,6,5,100.945,27,재송동,1197,26350,,,
더샵센텀파크2차,2005,67000,2020,6,5,84.6389,35,재송동,1197,26350,,,
동부올림픽타운,1999,65800,2020,6,5,114.92,4,우동,1008-5,26350,,,
동부올림픽타운,1999,57500,2020,6,5,84.96,6,우동,1008-5,26350,,,
롯데,1993,50200,2020,6,5,84.84,7,우동,938,26350,,,
롯데,1993,49200,2020,6,5,84.84,14,우동,938,26350,,,
롯데4,1999,25700,2020,6,5,59.6,20,좌동,1419,26350,,,
롯데캐슬마린,2004,56250,2020,6,5,84.9702,26,중동,1360,26350,,,
메가센텀한화꿈에그린,2008,41000,2020,6,5,84.9782,4,반여동,1662,26350,,,
벽산1,1996,35000,2020,6,5,59.73,10,좌동,1321,26350,,,
벽산2,1996,49500,2020,6,5,164.74,18,좌동,1439,26350,,,
보훈,1979,3500,2020,6,5,40.66,2,반여동,1594-1,26350,,,
삼익그린맨션,1985,37000,2020,6,5,61.83,5,반여동,1405-31,26350,,,
삼익그린맨션,1985,35000,2020,6,5,61.83,5,반여동,1405-31,26350,,,
삼호가든맨션,1985,79800,2020,6,5,84.99,6,우동,1104-1,26350,,,
센텀SKVIEW아파트,2001,29900,2020,6,5,103.05,1,반여동,1174-1,26350,,,
센텀그린타워,1993,9500,2020,6,5,61.61,13,재송동,1187,26350,,,
센텀롯데캐슬2차,2005,29300,2020,6,5,84.97,11,반여동,1660,26350,,,
센텀롯데캐슬2차,2005,27500,2020,6,5,84.97,7,반여동,1660,26350,,,
센텀삼익아파트,1981,14000,2020,6,5,49.96,8,재송동,1023,26350,,,
센텀삼익아파트,1981,15700,2020,6,5,53.246,9,재송동,1023,26350,,,
센텀삼익아파트,1981,15700,2020,6,5,53.246,9,재송동,1023,26350,,,
센텀삼익아파트,1981,16500,2020,6,5,53.25,2,재송동,1023,26350,,,
센텀삼익아파트,1981,14700,2020,6,5,49.96,11,재송동,1023,26350,,,
센텀삼익아파트,1981,14000,2020,6,5,53.25,5,재송동,1023,26350,,,
센텀삼익아파트,1981,14800,2020,6,5,49.96,2,재송동,1023,26350,,,
센텀우신골든빌,2006,17500,2020,6,5,59.6054,11,재송동,1048-3,26350,,,
센텀우신골든빌,2006,26000,2020,6,5,76.0621,15,재송동,1048-3,26350,,,
센텀파미르,2009,27800,2020,6,5,84.0896,13,재송동,1029,26350,,,
센텀협성르네상스타운,2013,47300,2020,6,5,84.4011,24,재송동,1324,26350,,,
시영79년,1980,20500,2020,6,5,40.13,1,재송동,1030,26350,,,
시영79년,1980,20500,2020,6,5,40.13,1,재송동,1030,26350,,,
시영79년,1980,22000,2020,6,5,40.13,2,재송동,1030,26350,,,
엘지,1996,41050,2020,6,5,84.973,14,좌동,1398,26350,,,
왕자,1979,64000,2020,6,5,79.01,1,반여동,1477-1,26350,,,
왕자,1979,56000,2020,6,5,65.16,1,반여동,1477-1,26350,,,
우방신세계타운,2002,24000,2020,6,5,77.67,9,반여동,1190-1,26350,,,
재송그린,1984,10000,2020,6,5,36.33,4,재송동,1146-1,26350,,,
코오롱,1997,29800,2020,6,5,59.985,12,좌동,1348,26350,,,
해운대두산위브더제니스,2011,75000,2020,6,5,111.07,12,우동,1407,26350,,,
해운대두산위브더제니스,2011,93500,2020,6,5,127.6584,15,우동,1407,26350,,,
해운대오션파크,2002,33000,2020,6,5,72.8,9,우동,843,26350,,,
현대(1051-2),1988,12000,2020,6,5,41.235,6,재송동,1051-2,26350,,,
현대(1051-2),1988,12600,2020,6,5,50.805,1,재송동,1051-2,26350,,,
현대베네시티,2005,113000,2020,6,5,188.4111,21,우동,1432,26350,,,
SKVIEW,1998,21900,2020,6,6,59.99,22,좌동,1450,26350,,,
SKVIEW,1998,21200,2020,6,6,59.91,6,좌동,1450,26350,,,
건영2,1997,40800,2020,6,6,84.84,13,좌동,1298,26350,,,
경동,1995,37000,2020,6,6,59.535,9,우동,974,26350,,,
경동,1995,54000,2020,6,6,84.95,17,우동,974,26350,,,
남성선파크,1988,14700,2020,6,6,70.61,2,재송동,1151-2,26350,,,
대림,1996,40000,2020,6,6,84.974,4,좌동,1396,26350,,,
대산,1984,17400,2020,6,6,45.81,5,반여동,763-28,26350,,,
대우,1996,55800,2020,6,6,155.31,15,좌동,1333,26350,,,
대우마리나3,1994,75000,2020,6,6,84.51,9,우동,977,26350,,,
대우트럼프월드센텀,2006,98000,2020,6,6,84.97,10,우동,1498,26350,,,
더샵센텀파크1차,2005,74500,2020,6,6,84.6528,10,재송동,1200,26350,,,
더샵센텀파크2차,2005,63300,2020,6,6,84.6528,11,재송동,1197,26350,,,
더샵센텀파크2차,2005,86500,2020,6,6,127.489,32,재송동,1197,26350,,,
동남하이츠맨션,1993,53000,2020,6,6,78.94,5,중동,768-1,26350,,,
동부올림픽타운,1999,61200,2020,6,6,84.96,10,우동,1008-5,26350,,,
동부올림픽타운,1999,59200,2020,6,6,84.96,10,우동,1008-5,26350,,,
두산1차아파트,1996,23950,2020,6,6,59.94,18,좌동,1394,26350,,,
두산2,1996,32000,2020,6,6,59.94,11,좌동,1319,26350,,,
롯데3차,1997,27800,2020,6,6,59.6,5,좌동,1300,26350,,,
롯데3차,1997,31000,2020,6,6,59.76,8,좌동,1300,26350,,,
롯데4,1999,28800,2020,6,6,59.76,19,좌동,1419,26350,,,
삼성,1997,40700,2020,6,6,84.996,14,좌동,1413,26350,,,
삼성,1997,40700,2020,6,6,84.996,14,좌동,1413,26350,,,
삼익그린맨션,1985,44000,2020,6,6,84.93,3,반여동,1405-31,26350,,,
삼호가든맨션,1985,104000,2020,6,6,128.27,10,우동,1104-1,26350,,,
삼호가든맨션,1985,68800,2020,6,6,63,8,우동,1104-1,26350,,,
센텀골든파크,1995,10000,2020,6,6,77.32,2,재송동,1157-1,26350,,,
센텀롯데캐슬2차,2005,38000,2020,6,6,101.7996,14,반여동,1660,26350,,,
센텀롯데캐슬아파트,2004,31000,2020,6,6,84.97,2,반여동,1619,26350,,,
센텀리슈빌1단지,2019,75000,2020,6,6,107.1617,3,재송동,1350,26350,,,
센텀삼익아파트,1981,15800,2020,6,6,49.96,5,재송동,1023,26350,,,
센텀삼익아파트,1981,16300,2020,6,6,53.25,9,재송동,1023,26350,,,
센텀삼익아파트,1981,14500,2020,6,6,49.96,13,재송동,1023,26350,,,
센텀삼익아파트,1981,18000,2020,6,6,71.2,1,재송동,1023,26350,,,
센텀삼익아파트,1981,16300,2020,6,6,53.25,9,재송동,1023,26350,,,
센텀삼익아파트,1981,18300,2020,6,6,70.582,2,재송동,1023,26350,,,
센텀삼익아파트,1981,15000,2020,6,6,53.246,9,재송동,1023,26350,,,
센텀삼익아파트,1981,15800,2020,6,6,49.96,5,재송동,1023,26350,,,
센텀삼익아파트,1981,14000,2020,6,6,49.96,13,재송동,1023,26350,,,
센텀삼익아파트,1981,13800,2020,6,6,49.96,4,재송동,1023,26350,,,
센텀삼익아파트,1981,14500,2020,6,6,53.246,10,재송동,1023,26350,,,
센텀우신골든빌,2006,28450,2020,6,6,84.8404,19,재송동,1048-3,26350,,,
센텀피오레1차,2005,33500,2020,6,6,84.9446,13,재송동,1302,26350,,,
시영79년,1980,20000,2020,6,6,40.13,5,재송동,1030,26350,,,
시영79년,1980,20500,2020,6,6,40.13,4,재송동,1030,26350,,,
시영79년,1980,20000,2020,6,6,40.13,3,재송동,1030,26350,,,
시영79년,1980,22000,2020,6,6,40.13,4,재송동,1030,26350,,,
시영79년,1980,20000,2020,6,6,40.13,4,재송동,1030,26350,,,
시영79년,1980,20100,2020,6,6,40.13,4,재송동,1030,26350,,,
시영79년,1980,21300,2020,6,6,40.13,5,재송동,1030,26350,,,
시영79년,1980,20500,2020,6,6,40.13,4,재송동,1030,26350,,,
시영79년,1980,19900,2020,6,6,40.13,4,재송동,1030,26350,,,
시영80년,1981,18000,2020,6,6,43.9,5,재송동,1026-1,26350,,,
시영80년,1981,19000,2020,6,6,43.9,1,재송동,1026-1,26350,,,
시영80년,1981,17000,2020,6,6,43.9,2,재송동,1026-1,26350,,,
아시아선수촌아파트,2002,38000,2020,6,6,84.8,9,반여동,1638,26350,,,
아시아선수촌아파트,2002,41000,2020,6,6,101.55,16,반여동,1638,26350,,,
왕자,1979,56000,2020,6,6,65.16,5,반여동,1477-1,26350,,,
이진캐스빌,1989,20000,2020,6,6,78.24,4,중동,1526-1,26350,,,
재송그린,1984,11000,2020,6,6,36.33,2,재송동,1146-1,26350,,,
재송그린,1984,16500,2020,6,6,58.59,2,재송동,1146-1,26350,,,
재송그린,1984,16000,2020,6,6,58.59,1,재송동,1146-1,26350,,,
재송그린,1984,16000,2020,6,6,58.59,1,재송동,1146-1,26350,,,
재송그린,1984,10000,2020,6,6,36.33,2,재송동,1146-1,26350,,,
재송그린,1984,15200,2020,6,6,58.59,4,재송동,1146-1,26350,,,
재송그린,1984,16000,2020,6,6,58.59,1,재송동,1146-1,26350,,,
재송그린,1984,13900,2020,6,6,50.31,3,재송동,1146-1,26350,,,
재송그린,1984,15500,2020,6,6,58.59,4,재송동,1146-1,26350,,,
재송그린,1984,16000,2020,6,6,58.59,1,재송동,1146-1,26350,,,
재송그린,1984,16500,2020,6,6,58.59,5,재송동,1146-1,26350,,,
재송동코오롱,1990,14000,2020,6,6,80.8,4,재송동,1123-20,26350,,,
창신맨션,1986,21000,2020,6,6,41.4,3,반여동,668-1,26350,,,
해운대두산위브더제니스,2011,76500,2020,6,6,100.9628,28,우동,1407,26350,,,
해운대두산위브더제니스,2011,74000,2020,6,6,104.4925,11,우동,1407,26350,,,
해운대힐스테이트위브,2015,74500,2020,6,6,98.1948,10,중동,1818,26350,,,
해운대힐스테이트위브,2015,74500,2020,6,6,98.1948,10,중동,1818,26350,,,
화목,1996,34000,2020,6,6,56.345,21,좌동,1310,26350,,,
화목,1996,30400,2020,6,6,56.345,16,좌동,1310,26350,,,
화목데파트,1998,23200,2020,6,6,60,12,좌동,1314-2,26350,,,
대림,1996,41000,2020,6,7,84.974,19,좌동,1396,26350,,,
대우마리나2,1992,107500,2020,6,7,134.6549,10,우동,1388-4,26350,,,
대우마리나2,1992,107500,2020,6,7,134.6549,11,우동,1388-4,26350,,,
더샵센텀파크1차,2005,81200,2020,6,7,100.945,7,재송동,1200,26350,,,
더샵센텀파크1차,2005,70700,2020,6,7,84.6389,40,재송동,1200,26350,,,
더샵센텀파크2차,2005,75200,2020,6,7,127.489,6,재송동,1197,26350,,,
더샵센텀파크2차,2005,80300,2020,6,7,127.489,10,재송동,1197,26350,,,
더샵센텀파크2차,2005,75200,2020,6,7,127.489,6,재송동,1197,26350,,,
센텀리슈빌1단지,2019,85500,2020,6,7,107.1617,30,재송동,1350,26350,,,
센텀삼익아파트,1981,17500,2020,6,7,70.582,2,재송동,1023,26350,,,
센텀삼익아파트,1981,18500,2020,6,7,70.58,2,재송동,1023,26350,,,
시영79년,1980,20000,2020,6,7,40.13,4,재송동,1030,26350,,,
시영79년,1980,21300,2020,6,7,40.13,5,재송동,1030,26350,,,
해운대자이1단지,2013,86500,2020,6,7,84.9493,21,우동,1527,26350,,,
현대(1051-2),1988,17200,2020,6,7,50.805,11,재송동,1051-2,26350,,,
경남,1997,20500,2020,6,8,58.804,1,좌동,1375,26350,,,
그린파크,1988,9700,2020,6,8,43.72,3,반여동,1600-1,26350,,,
남성선파크,1988,10700,2020,6,8,56.1,4,재송동,1151-2,26350,,,
대동타운,1996,46000,2020,6,8,115.64,15,좌동,1288,26350,,,
대동타운,1996,38750,2020,6,8,84.88,17,좌동,1288,26350,,,
대동타운,1996,44000,2020,6,8,115.64,23,좌동,1288,26350,,,
대림비치,1977,36500,2020,6,8,58.31,4,중동,1396-1,26350,,,
대우2,1998,25400,2020,6,8,59.946,4,좌동,1438,26350,,,
대우동삼,1993,48900,2020,6,8,84.87,5,우동,1007-16,26350,,,
대우동삼,1993,48900,2020,6,8,84.87,5,우동,1007-16,26350,,,
더샵센텀파크1차,2005,103800,2020,6,8,126.9004,26,재송동,1200,26350,,,
더샵센텀파크1차,2005,107000,2020,6,8,125.4155,37,재송동,1200,26350,,,
더샵센텀파크2차,2005,67000,2020,6,8,84.6389,31,재송동,1197,26350,,,
더샵센텀파크2차,2005,71000,2020,6,8,100.945,15,재송동,1197,26350,,,
두산1차아파트,1996,22500,2020,6,8,59.94,24,좌동,1394,26350,,,
롯데,1993,65500,2020,6,8,134.63,14,우동,938,26350,,,
롯데3차,1997,27800,2020,6,8,59.6,5,좌동,1300,26350,,,
벽산1,1996,62100,2020,6,8,134.95,16,좌동,1321,26350,,,
벽산1,1996,62100,2020,6,8,134.95,16,좌동,1321,26350,,,
센텀대림,1996,22000,2020,6,8,59.99,20,반여동,1199-11,26350,,,
센텀동부센트레빌,2006,40000,2020,6,8,84.9749,11,재송동,380-1,26350,,,
센텀삼익아파트,1981,18710,2020,6,8,70.58,12,재송동,1023,26350,,,
센텀삼익아파트,1981,15000,2020,6,8,53.71,1,재송동,1023,26350,,,
센텀삼익아파트,1981,15400,2020,6,8,50.6,1,재송동,1023,26350,,,
센텀삼익아파트,1981,16000,2020,6,8,49.96,11,재송동,1023,26350,,,
센텀삼익아파트,1981,13500,2020,6,8,53.25,5,재송동,1023,26350,,,
센텀삼환Nauville,1996,34500,2020,6,8,59.86,10,우동,1100,26350,,,
센텀삼환Nauville,1996,35900,2020,6,8,59.86,18,우동,1100,26350,,,
센텀삼환Nauville,1996,36000,2020,6,8,59.86,17,우동,1100,26350,,,
신동아,1992,18300,2020,6,8,83.76,10,재송동,131,26350,,,
아시아선수촌아파트,2002,31000,2020,6,8,59.92,11,반여동,1638,26350,,,
왕자,1979,56000,2020,6,8,65.16,3,반여동,1477-1,26350,,,
우신,2001,21800,2020,6,8,84.975,5,반여동,585,26350,,,
창신맨션,1986,27500,2020,6,8,55.8,5,반여동,668-1,26350,,,
해운대 I PARK,2011,85000,2020,6,8,115.687,10,우동,1408,26350,,,
해운대 I PARK,2011,85000,2020,6,8,115.687,10,우동,1408,26350,,,
해운대경동제이드,2012,151000,2020,6,8,163.2673,36,우동,763,26350,,,
해운대동백두산위브더제니스,2019,66000,2020,6,8,84.17,13,우동,1544,26350,,,
해운대자이2차1단지,2018,70500,2020,6,8,59.8144,22,우동,1536,26350,,,
해운대중동금호어울림,2006,49000,2020,6,8,84.9963,11,중동,899,26350,,,
현대4,1989,68500,2020,6,8,84.69,2,반여동,1477-10,26350,,,
현대그린맨션,1986,35000,2020,6,8,64.985,1,반여동,1411-10,26350,,,
현대아쿠아팰리스해운대,2010,62000,2020,6,8,158.99,21,중동,1167-3,26350,,,
경동,1995,92770,2020,6,9,175.41,18,우동,974,26350,,,
경동,1995,36500,2020,6,9,84.95,14,우동,974,26350,,,
금호,1996,15400,2020,6,9,59.955,5,재송동,1041-3,26350,,,
금호,1996,15400,2020,6,9,59.955,5,재송동,1041-3,26350,,,
대동타운,1996,38500,2020,6,9,84.88,10,좌동,1288,26350,,,
더샵센텀파크1차,2005,72000,2020,6,9,84.6389,8,재송동,1200,26350,,,
더샵센텀파크1차,2005,125500,2020,6,9,151.9156,44,재송동,1200,26350,,,
더샵센텀파크1차,2005,69000,2020,6,9,84.6389,8,재송동,1200,26350,,,
더샵센텀파크2차,2005,62800,2020,6,9,84.6389,40,재송동,1197,26350,,,
동부올림픽타운,1999,49800,2020,6,9,59.8,12,우동,1008-5,26350,,,
롯데,1993,70000,2020,6,9,134.63,10,우동,938,26350,,,
메가센텀한화꿈에그린,2008,47000,2020,6,9,119.3506,14,반여동,1662,26350,,,
메가센텀한화꿈에그린,2008,52800,2020,6,9,129.749,25,반여동,1662,26350,,,
반도보라빌,2006,47400,2020,6,9,71.6967,21,우동,945,26350,,,
백조,1976,20000,2020,6,9,46.61,4,중동,1150-7,26350,,,
벽산2,1996,20500,2020,6,9,59.73,1,좌동,1439,26350,,,
벽산금호,1991,20500,2020,6,9,79.92,7,우동,397-117,26350,,,
삼호가든맨션,1985,105000,2020,6,9,128.27,4,우동,1104-1,26350,,,
삼호가든맨션,1985,79500,2020,6,9,84.99,5,우동,1104-1,26350,,,
센텀동부센트레빌,2006,42500,2020,6,9,84.9926,15,재송동,380-1,26350,,,
센텀삼익아파트,1981,19900,2020,6,9,70.582,12,재송동,1023,26350,,,
센텀삼익아파트,1981,14900,2020,6,9,49.96,9,재송동,1023,26350,,,
센텀삼익아파트,1981,16000,2020,6,9,53.25,2,재송동,1023,26350,,,
센텀협성,1987,14000,2020,6,9,51.03,5,재송동,1025-1,26350,,,
시영79년,1980,21000,2020,6,9,40.13,4,재송동,1030,26350,,,
시영79년,1980,22500,2020,6,9,40.13,3,재송동,1030,26350,,,
아시아선수촌아파트,2002,39300,2020,6,9,101.55,10,반여동,1638,26350,,,
에덴동산타운,1993,14000,2020,6,9,83.58,1,반여동,1291-1414,26350,,,
영남,1996,42100,2020,6,9,134.99,17,좌동,1328,26350,,,
재송그린,1984,11000,2020,6,9,36.33,2,재송동,1146-1,26350,,,
한보장산,1995,7000,2020,6,9,59.26,5,재송동,1184-1,26350,,,
해강소라,1993,15500,2020,6,9,59.88,14,재송동,1147-3,26350,,,
해운대 I PARK,2011,57300,2020,6,9,83.012,44,우동,1408,26350,,,
해운대 I PARK,2011,92500,2020,6,9,139.316,12,우동,1408,26350,,,
해운대SKVIEW,2011,50000,2020,6,9,84.9757,1,중동,1787,26350,,,
해운대더샵센텀그린,2019,32900,2020,6,9,59.9607,25,반여동,1672,26350,,,
해운대두산위브더제니스,2011,130000,2020,6,9,127.6584,59,우동,1407,26350,,,
해운대두산위브더제니스,2011,130000,2020,6,9,127.6584,59,우동,1407,26350,,,
해운대두산위브더제니스,2011,92500,2020,6,9,127.6584,38,우동,1407,26350,,,
해운대두산위브더제니스,2011,143000,2020,6,9,157.0176,50,우동,1407,26350,,,
해운대자이2단지,2013,61200,2020,6,9,84.8053,12,우동,1529,26350,,,
해운대한솔솔파크,2006,41000,2020,6,9,84.8627,16,우동,887-1,26350,,,
현대(1051-2),1988,16000,2020,6,9,41.235,5,재송동,1051-2,26350,,,
현대(1051-2),1988,13000,2020,6,9,41.235,6,재송동,1051-2,26350,,,
현대(1051-2),1988,14000,2020,6,9,50.805,4,재송동,1051-2,26350,,,
현대4,1989,67500,2020,6,9,84.69,3,반여동,1477-10,26350,,,
현대카멜리아,2001,89000,2020,6,9,152.88,11,우동,1433,26350,,,
SKVIEW,1998,19000,2020,6,10,49.98,16,좌동,1450,26350,,,
경남선경,1996,34500,2020,6,10,84.93,15,좌동,1448,26350,,,
경동,1995,35000,2020,6,10,59.535,3,우동,974,26350,,,
대동타운,1996,22700,2020,6,10,50.575,17,좌동,1288,26350,,,
대림3,1997,28450,2020,6,10,59.816,13,좌동,1374,26350,,,
대우마리나1,1991,128000,2020,6,10,163.348,5,우동,1388-4,26350,,,
대우마리나2,1992,89500,2020,6,10,84.2249,15,우동,1388-4,26350,,,
대우트럼프월드마린,2007,125000,2020,6,10,171.7,11,우동,1410,26350,,,
더샵센텀스타,2008,127000,2020,6,10,164.32,35,재송동,1196,26350,,,
더샵센텀스타,2008,75500,2020,6,10,115.93,3,재송동,1196,26350,,,
더샵센텀파크1차,2005,73000,2020,6,10,84.6528,8,재송동,1200,26350,,,
더샵센텀파크1차,2005,123000,2020,6,10,151.9156,15,재송동,1200,26350,,,
더샵센텀파크1차,2005,99500,2020,6,10,125.4155,11,재송동,1200,26350,,,
더샵센텀파크1차,2005,70000,2020,6,10,84.6528,8,재송동,1200,26350,,,
더샵센텀파크1차,2005,82500,2020,6,10,100.945,6,재송동,1200,26350,,,
더샵센텀파크2차,2005,77000,2020,6,10,127.489,7,재송동,1197,26350,,,
더샵센텀파크2차,2005,66500,2020,6,10,84.6389,13,재송동,1197,26350,,,
동부올림픽타운,1999,76500,2020,6,10,114.92,19,우동,1008-5,26350,,,
동부올림픽타운,1999,59800,2020,6,10,84.96,14,우동,1008-5,26350,,,
두산2,1996,32000,2020,6,10,59.94,16,좌동,1319,26350,,,
롯데,1993,56000,2020,6,10,84.84,10,우동,938,26350,,,
롯데3차,1997,30000,2020,6,10,59.76,13,좌동,1300,26350,,,
롯데3차,1997,29700,2020,6,10,59.6,8,좌동,1300,26350,,,
롯데캐슬마스터,2005,52500,2020,6,10,84.956,17,좌동,970,26350,,,
메가센텀한화꿈에그린,2008,49000,2020,6,10,100.9973,20,반여동,1662,26350,,,
벽산1,1996,34500,2020,6,10,59.73,11,좌동,1321,26350,,,
삼성,1997,28000,2020,6,10,59.944,15,좌동,1413,26350,,,
삼성,1997,44000,2020,6,10,84.996,9,좌동,1413,26350,,,
삼성,1997,29350,2020,6,10,59.944,7,좌동,1413,26350,,,
삼성타워,1994,22200,2020,6,10,70.22,11,중동,1521-38,26350,,,
삼호가든맨션,1985,80000,2020,6,10,84.692,5,우동,1104-1,26350,,,
상록,1998,23800,2020,6,10,59.85,4,좌동,1331,26350,,,
상록,1998,20950,2020,6,10,59.85,1,좌동,1331,26350,,,
센텀경동리인,2018,59000,2020,6,10,82.0093,4,우동,1543,26350,,,
센텀대림,1996,20900,2020,6,10,59.99,13,반여동,1199-11,26350,,,
센텀대림,1996,21300,2020,6,10,59.99,16,반여동,1199-11,26350,,,
센텀동부센트레빌,2006,42400,2020,6,10,84.9749,11,재송동,380-1,26350,,,
센텀두산위브,2014,64000,2020,6,10,84.999,25,우동,1105,26350,,,
센텀롯데캐슬3차아파트,2005,27800,2020,6,10,59.9399,26,반여동,1641,26350,,,
센텀삼익아파트,1981,18500,2020,6,10,70.58,2,재송동,1023,26350,,,
센텀삼익아파트,1981,20000,2020,6,10,70.582,2,재송동,1023,26350,,,
센텀삼익아파트,1981,20000,2020,6,10,70.58,7,재송동,1023,26350,,,
센텀삼익아파트,1981,20000,2020,6,10,70.582,1,재송동,1023,26350,,,
센텀삼익아파트,1981,17000,2020,6,10,49.96,13,재송동,1023,26350,,,
센텀삼익아파트,1981,16500,2020,6,10,53.25,3,재송동,1023,26350,,,
센텀삼익아파트,1981,17000,2020,6,10,53.25,5,재송동,1023,26350,,,
센텀삼익아파트,1981,15000,2020,6,10,50.6,1,재송동,1023,26350,,,
센텀삼익아파트,1981,17000,2020,6,10,53.246,12,재송동,1023,26350,,,
센텀삼익아파트,1981,14500,2020,6,10,50.6,1,재송동,1023,26350,,,
센텀센시빌,2003,37800,2020,6,10,84.9402,4,우동,1228,26350,,,
센텀이편한세상,2006,56000,2020,6,10,84.98,23,재송동,939-2,26350,,,
시영79년,1980,22000,2020,6,10,40.13,4,재송동,1030,26350,,,
시영79년,1980,21500,2020,6,10,40.13,5,재송동,1030,26350,,,
시영79년,1980,22000,2020,6,10,40.13,2,재송동,1030,26350,,,
시영79년,1980,21500,2020,6,10,40.13,5,재송동,1030,26350,,,
신성레포츠빌리지,1993,16000,2020,6,10,84.945,4,재송동,1144-2,26350,,,
엘지,1996,44800,2020,6,10,84.973,8,좌동,1398,26350,,,
이진캐스빌,1989,19000,2020,6,10,84.42,6,중동,1526-1,26350,,,
일동미라주,2001,16500,2020,6,10,56.9704,17,반여동,1192-3,26350,,,
재송그린,1984,14100,2020,6,10,47.79,1,재송동,1146-1,26350,,,
재송그린,1984,13000,2020,6,10,47.79,3,재송동,1146-1,26350,,,
해운대 I PARK,2011,75000,2020,6,10,110.447,39,우동,1408,26350,,,
해운대 I PARK,2011,116000,2020,6,10,157.513,45,우동,1408,26350,,,
해운대두산위브더제니스,2011,252220,2020,6,10,222.5998,74,우동,1407,26350,,,
해운대엑소디움,2009,105000,2020,6,10,173.319,32,우동,1398,26350,,,
해운대오션파크,2002,35000,2020,6,10,72.8,17,우동,843,26350,,,
해운대한신휴플러스,2014,59800,2020,6,10,84.8721,10,우동,777,26350,,,
현대,1996,46400,2020,6,10,102.08,9,좌동,1337,26350,,,
협성그린파크,1992,24350,2020,6,10,84.87,8,우동,347-2,26350,,,
화목,1996,39000,2020,6,10,84.36,1,좌동,1310,26350,,,
경동,1995,38900,2020,6,11,59.535,19,우동,974,26350,,,
대우마리나3,1994,100000,2020,6,11,131.27,3,우동,977,26350,,,
대우마리나3,1994,100000,2020,6,11,131.27,3,우동,977,26350,,,
대우월드마크센텀,2010,115000,2020,6,11,117.42,26,우동,1488,26350,,,
대우월드마크센텀,2010,115000,2020,6,11,117.42,26,우동,1488,26350,,,
더샵센텀누리,2014,44500,2020,6,11,84.972,5,재송동,1223,26350,,,
더샵센텀스타,2008,118000,2020,6,11,164.32,31,재송동,1196,26350,,,
더샵센텀파크1차,2005,100000,2020,6,11,125.4155,25,재송동,1200,26350,,,
더샵센텀파크1차,2005,68000,2020,6,11,84.6389,8,재송동,1200,26350,,,
더샵센텀파크2차,2005,64700,2020,6,11,84.6528,10,재송동,1197,26350,,,
동부,1996,48100,2020,6,11,134.19,9,좌동,1412,26350,,,
롯데,1993,73500,2020,6,11,159.15,12,우동,938,26350,,,
롯데,1993,56500,2020,6,11,84.84,7,우동,938,26350,,,
롯데4,1999,25700,2020,6,11,59.6,4,좌동,1419,26350,,,
롯데캐슬마린,2004,54500,2020,6,11,84.9702,12,중동,1360,26350,,,
메가센텀한화꿈에그린,2008,50800,2020,6,11,119.3506,14,반여동,1662,26350,,,
메가센텀한화꿈에그린,2008,38000,2020,6,11,84.9782,4,반여동,1662,26350,,,
반여현대,1995,14200,2020,6,11,59.92,11,반여동,1088,26350,,,
벽산1,1996,58000,2020,6,11,101.78,6,좌동,1321,26350,,,
벽산2,1996,24200,2020,6,11,59.73,6,좌동,1439,26350,,,
벽산금호,1991,17000,2020,6,11,67.32,3,우동,397-117,26350,,,
벽산금호,1991,17000,2020,6,11,67.32,3,우동,397-117,26350,,,
삼성,1997,32000,2020,6,11,59.944,19,좌동,1413,26350,,,
삼호가든맨션,1985,80000,2020,6,11,84.99,4,우동,1104-1,26350,,,
센텀대림,1996,32300,2020,6,11,126.93,6,반여동,1199-11,26350,,,
센텀대림,1996,19300,2020,6,11,59.99,24,반여동,1199-11,26350,,,
센텀동부센트레빌,2006,45300,2020,6,11,84.9749,19,재송동,380-1,26350,,,
센텀동부센트레빌,2006,39000,2020,6,11,84.9926,9,재송동,380-1,26350,,,
센텀동부센트레빌,2006,38400,2020,6,11,84.9926,5,재송동,380-1,26350,,,
센텀롯데캐슬아파트,2004,27000,2020,6,11,59.9675,14,반여동,1619,26350,,,
센텀리슈빌1단지,2019,67000,2020,6,11,84.8531,17,재송동,1350,26350,,,
센텀삼익아파트,1981,16500,2020,6,11,49.96,12,재송동,1023,26350,,,
센텀삼익아파트,1981,19700,2020,6,11,70.582,3,재송동,1023,26350,,,
센텀삼익아파트,1981,20000,2020,6,11,70.582,6,재송동,1023,26350,,,
센텀삼환Nauville,1996,36000,2020,6,11,59.86,3,우동,1100,26350,,,
센텀삼환Nauville,1996,48500,2020,6,11,84.84,14,우동,1100,26350,,,
센텀우신골든빌,2006,23500,2020,6,11,76.0621,2,재송동,1048-3,26350,,,
센텀현대,1999,27500,2020,6,11,59.84,20,우동,1102-221,26350,,,
센텀협성르네상스타운,2013,45000,2020,6,11,73.4795,15,재송동,1324,26350,,,
시영80년,1981,18150,2020,6,11,46.94,3,재송동,1026-1,26350,,,
엘시티,2019,201900,2020,6,11,186.0063,23,중동,1829,26350,,,
우신골든메르시아,2010,63000,2020,6,11,148.51,22,우동,1410-2,26350,,,
재송그린,1984,14500,2020,6,11,47.79,1,재송동,1146-1,26350,,,
재송그린,1984,10900,2020,6,11,36.33,5,재송동,1146-1,26350,,,
해운대 I PARK,2011,57000,2020,6,11,85.949,36,우동,1408,26350,,,
해운대 I PARK,2011,70000,2020,6,11,93.041,23,우동,1408,26350,,,
해운대 I PARK,2011,105000,2020,6,11,157.513,33,우동,1408,26350,,,
해운대두산위브더제니스,2011,99500,2020,6,11,111.07,18,우동,1407,26350,,,
해운대두산위브더제니스,2011,183000,2020,6,11,159.5413,70,우동,1407,26350,,,
해운대비스타동원,2019,96000,2020,6,11,104.7478,23,우동,1549,26350,,,
해운대비스타동원,2019,99820,2020,6,11,104.7478,39,우동,1549,26350,,,
해운대송정우림필유아파트,2015,22000,2020,6,11,59.9295,5,송정동,947,26350,,,
해운대자이1단지,2013,87500,2020,6,11,84.9493,14,우동,1527,26350,,,
현대,1996,46000,2020,6,11,102.08,20,좌동,1337,26350,,,
현대(1051-2),1988,15000,2020,6,11,50.805,13,재송동,1051-2,26350,,,
현대그린맨션,1986,35000,2020,6,11,57.09,14,반여동,1411-10,26350,,,
화목,1996,32800,2020,6,11,56.345,7,좌동,1310,26350,,,
건영2,1997,29000,2020,6,12,59.526,20,좌동,1298,26350,,,
건영2,1997,28500,2020,6,12,59.526,20,좌동,1298,26350,,,
경동,1995,50000,2020,6,12,84.95,14,우동,974,26350,,,
달맞이경동메르빌,2002,92000,2020,6,12,163.079,16,중동,1515-2,26350,,,
대동타운,1996,23000,2020,6,12,50.575,14,좌동,1288,26350,,,
대우2,1998,44700,2020,6,12,134.64,11,좌동,1438,26350,,,
대우동삼,1993,48800,2020,6,12,84.87,5,우동,1007-16,26350,,,
대우월드마크센텀,2010,109000,2020,6,12,116.69,15,우동,1488,26350,,,
더샵센텀스타,2008,85000,2020,6,12,135.65,41,재송동,1196,26350,,,
더샵센텀파크1차,2005,136000,2020,6,12,175.1244,14,재송동,1200,26350,,,
더샵센텀파크1차,2005,107500,2020,6,12,126.9004,36,재송동,1200,26350,,,
더샵센텀파크1차,2005,74800,2020,6,12,84.6389,30,재송동,1200,26350,,,
더샵센텀파크1차,2005,78000,2020,6,12,84.6389,36,재송동,1200,26350,,,
더샵센텀파크1차,2005,76000,2020,6,12,84.6528,20,재송동,1200,26350,,,
더샵센텀파크1차,2005,85500,2020,6,12,100.945,6,재송동,1200,26350,,,
더샵센텀파크1차,2005,73000,2020,6,12,84.6528,10,재송동,1200,26350,,,
더샵센텀파크1차,2005,73000,2020,6,12,84.6528,10,재송동,1200,26350,,,
더샵센텀파크1차,2005,71000,2020,6,12,84.6389,8,재송동,1200,26350,,,
더샵센텀파크1차,2005,75500,2020,6,12,84.6389,43,재송동,1200,26350,,,
더샵센텀파크1차,2005,78000,2020,6,12,84.6389,36,재송동,1200,26350,,,
더샵센텀파크1차,2005,94500,2020,6,12,125.4155,39,재송동,1200,26350,,,
더샵센텀파크2차,2005,65000,2020,6,12,84.6389,18,재송동,1197,26350,,,
더샵센텀파크2차,2005,80000,2020,6,12,100.945,49,재송동,1197,26350,,,
동부,1996,23000,2020,6,12,58.44,2,좌동,1412,26350,,,
동부올림픽타운,1999,65000,2020,6,12,84.96,13,우동,1008-5,26350,,,
두산1차아파트,1996,31900,2020,6,12,84.9,14,좌동,1394,26350,,,
두산1차아파트,1996,31900,2020,6,12,84.9,14,좌동,1394,26350,,,
두산1차아파트,1996,35700,2020,6,12,84.9,6,좌동,1394,26350,,,
두산1차아파트,1996,31900,2020,6,12,84.9,14,좌동,1394,26350,,,
두산1차아파트,1996,39990,2020,6,12,134.97,18,좌동,1394,26350,,,
롯데3차,1997,29500,2020,6,12,59.76,19,좌동,1300,26350,,,
메가센텀한화꿈에그린,2008,42500,2020,6,12,84.9793,7,반여동,1662,26350,,,
벽산2,1996,26500,2020,6,12,59.73,4,좌동,1439,26350,,,
센텀대림,1996,20000,2020,6,12,59.99,19,반여동,1199-11,26350,,,
센텀두산위브,2014,62500,2020,6,12,84.972,8,우동,1105,26350,,,
센텀두산위브,2014,57500,2020,6,12,84.999,1,우동,1105,26350,,,
센텀리슈빌2단지,2019,60500,2020,6,12,84.9916,15,재송동,1355,26350,,,
센텀삼익아파트,1981,17500,2020,6,12,49.96,8,재송동,1023,26350,,,
센텀삼익아파트,1981,17500,2020,6,12,49.96,8,재송동,1023,26350,,,
센텀삼익아파트,1981,15000,2020,6,12,53.25,13,재송동,1023,26350,,,
센텀삼익아파트,1981,21000,2020,6,12,70.58,13,재송동,1023,26350,,,
센텀삼익아파트,1981,19700,2020,6,12,70.58,12,재송동,1023,26350,,,
센텀삼익아파트,1981,21000,2020,6,12,70.58,12,재송동,1023,26350,,,
센텀삼익아파트,1981,18000,2020,6,12,53.25,5,재송동,1023,26350,,,
센텀삼익아파트,1981,17500,2020,6,12,53.25,3,재송동,1023,26350,,,
센텀삼익아파트,1981,15800,2020,6,12,49.96,11,재송동,1023,26350,,,
센텀삼환Nauville,1996,38000,2020,6,12,59.86,6,우동,1100,26350,,,
센텀이편한세상,2006,43000,2020,6,12,73.405,22,재송동,939-2,26350,,,
센텀자유,1998,14500,2020,6,12,59.99,14,반여동,1063-4,26350,,,
센텀현대,1999,28400,2020,6,12,59.84,19,우동,1102-221,26350,,,
센텀현대,1999,28400,2020,6,12,59.84,19,우동,1102-221,26350,,,
센텀협성르네상스타운,2013,50200,2020,6,12,84.9181,27,재송동,1324,26350,,,
시영79년,1980,21400,2020,6,12,40.13,1,재송동,1030,26350,,,
시영79년,1980,21800,2020,6,12,40.13,4,재송동,1030,26350,,,
시영79년,1980,22700,2020,6,12,40.13,2,재송동,1030,26350,,,
시영79년,1980,22000,2020,6,12,40.13,5,재송동,1030,26350,,,
시영79년,1980,23400,2020,6,12,40.13,3,재송동,1030,26350,,,
시영80년,1981,19000,2020,6,12,43.9,2,재송동,1026-1,26350,,,
아시아선수촌아파트,2002,38400,2020,6,12,84.8,1,반여동,1638,26350,,,
아시아선수촌아파트,2002,42000,2020,6,12,118.73,9,반여동,1638,26350,,,
아시아선수촌아파트,2002,38800,2020,6,12,84.8,14,반여동,1638,26350,,,
아시아선수촌아파트,2002,38400,2020,6,12,84.8,1,반여동,1638,26350,,,
영남,1996,44500,2020,6,12,134.99,10,좌동,1328,26350,,,
우방신세계타운,2002,24900,2020,6,12,77.67,11,반여동,1190-1,26350,,,
우방신세계타운,2002,24900,2020,6,12,77.67,11,반여동,1190-1,26350,,,
재송그린,1984,11000,2020,6,12,36.33,4,재송동,1146-1,26350,,,
재송그린,1984,11000,2020,6,12,36.33,4,재송동,1146-1,26350,,,
재송그린,1984,11800,2020,6,12,36.33,1,재송동,1146-1,26350,,,
재송그린,1984,12200,2020,6,12,47.79,5,재송동,1146-1,26350,,,
재송동코오롱,1990,16100,2020,6,12,84.92,5,재송동,1123-20,26350,,,
해운대두산위브더제니스,2011,95000,2020,6,12,127.6584,30,우동,1407,26350,,,
해운대래미안,2014,64000,2020,6,12,84.984,26,중동,1793,26350,,,
해운대자이1단지,2013,86500,2020,6,12,84.9493,7,우동,1527,26350,,,
해운대자이2차1단지,2018,63800,2020,6,12,59.8144,4,우동,1536,26350,,,
해운대힐스테이트위브,2015,75500,2020,6,12,129.8796,12,중동,1818,26350,,,
해운대힐스테이트위브,2015,82700,2020,6,12,153.5704,13,중동,1818,26350,,,
현대(1051-2),1988,13800,2020,6,12,41.235,14,재송동,1051-2,26350,,,
현대(1051-2),1988,14000,2020,6,12,50.805,1,재송동,1051-2,26350,,,
현대(1051-2),1988,15000,2020,6,12,41.235,1,재송동,1051-2,26350,,,
현대(1051-2),1988,13000,2020,6,12,41.235,8,재송동,1051-2,26350,,,
현대(1051-2),1988,13500,2020,6,12,41.235,6,재송동,1051-2,26350,,,
현대일성2,1994,16000,2020,6,12,84.98,17,반여동,1291-1446,26350,,,
경남마리나,1996,91000,2020,6,13,84.93,8,우동,1388-1,26350,,,
경동,1995,48800,2020,6,13,84.95,13,우동,974,26350,,,
경동,1995,48000,2020,6,13,84.95,3,우동,974,26350,,,
달맞이경동메르빌,2002,83000,2020,6,13,163.079,12,중동,1515-2,26350,,,
대림2,1997,29500,2020,6,13,59.816,12,좌동,1286,26350,,,
대림2,1997,50000,2020,6,13,101.984,12,좌동,1286,26350,,,
대우2,1998,27000,2020,6,13,59.946,12,좌동,1438,26350,,,
대우마리나1,1991,85000,2020,6,13,84.2249,1,우동,1388-4,26350,,,
대우월드마크센텀,2010,139500,2020,6,13,146.8,14,우동,1488,26350,,,
대우월드마크센텀,2010,148500,2020,6,13,152.53,4,우동,1488,26350,,,
대우트럼프월드센텀,2006,102000,2020,6,13,84.97,29,우동,1498,26350,,,
더샵센텀누리,2014,55000,2020,6,13,101.251,23,재송동,1223,26350,,,
더샵센텀스타,2008,86000,2020,6,13,135.65,29,재송동,1196,26350,,,
더샵센텀스타,2008,86000,2020,6,13,135.65,29,재송동,1196,26350,,,
더샵센텀스타,2008,127000,2020,6,13,164.32,24,재송동,1196,26350,,,
더샵센텀파크1차,2005,128000,2020,6,13,151.9156,19,재송동,1200,26350,,,
더샵센텀파크1차,2005,74000,2020,6,13,84.6389,23,재송동,1200,26350,,,
더샵센텀파크1차,2005,106000,2020,6,13,125.4155,44,재송동,1200,26350,,,
더샵센텀파크1차,2005,77000,2020,6,13,84.6389,38,재송동,1200,26350,,,
더샵센텀파크1차,2005,97000,2020,6,13,126.9004,13,재송동,1200,26350,,,
더샵센텀파크2차,2005,70000,2020,6,13,100.945,5,재송동,1197,26350,,,
더샵센텀파크2차,2005,63500,2020,6,13,84.6389,26,재송동,1197,26350,,,
더샵센텀파크2차,2005,67000,2020,6,13,84.6528,19,재송동,1197,26350,,,
더샵센텀파크2차,2005,68000,2020,6,13,84.6528,17,재송동,1197,26350,,,
동부,1996,38000,2020,6,13,99.78,1,좌동,1412,26350,,,
동부올림픽타운,1999,47500,2020,6,13,59.8,3,우동,1008-5,26350,,,
동부올림픽타운,1999,47500,2020,6,13,59.8,3,우동,1008-5,26350,,,
동부올림픽타운,1999,65800,2020,6,13,84.96,15,우동,1008-5,26350,,,
동부올림픽타운,1999,58000,2020,6,13,84.96,6,우동,1008-5,26350,,,
동부올림픽타운,1999,62700,2020,6,13,84.96,13,우동,1008-5,26350,,,
동부올림픽타운,1999,61000,2020,6,13,84.96,20,우동,1008-5,26350,,,
동신,1996,48500,2020,6,13,150.98,13,좌동,1302,26350,,,
롯데4,1999,26300,2020,6,13,59.6,3,좌동,1419,26350,,,
백조,1976,20500,2020,6,13,43.64,4,중동,1150-7,26350,,,
벽산한솔타운,1995,13800,2020,6,13,59.794,22,반여동,1063-2,26350,,,
삼성,1997,42000,2020,6,13,84.996,19,좌동,1413,26350,,,
삼성,1997,32600,2020,6,13,59.914,18,좌동,1413,26350,,,
삼성,1997,51800,2020,6,13,134.97,25,좌동,1413,26350,,,
서광골드타워,2003,74500,2020,6,13,78.04,9,우동,266-7,26350,,,
선프라자,1995,27500,2020,6,13,59.34,14,우동,1434,26350,,,
센텀동부센트레빌,2006,39000,2020,6,13,84.9885,2,재송동,380-1,26350,,,
센텀동부센트레빌,2006,39000,2020,6,13,84.9885,2,재송동,380-1,26350,,,
센텀동부센트레빌,2006,38000,2020,6,13,84.9926,6,재송동,380-1,26350,,,
센텀삼익아파트,1981,23000,2020,6,13,70.58,3,재송동,1023,26350,,,
센텀삼익아파트,1981,17700,2020,6,13,49.96,6,재송동,1023,26350,,,
센텀삼익아파트,1981,18000,2020,6,13,49.96,6,재송동,1023,26350,,,
센텀삼익아파트,1981,15000,2020,6,13,53.246,13,재송동,1023,26350,,,
센텀삼익아파트,1981,17300,2020,6,13,49.96,2,재송동,1023,26350,,,
센텀삼익아파트,1981,15500,2020,6,13,53.246,2,재송동,1023,26350,,,
센텀삼익아파트,1981,21000,2020,6,13,70.582,13,재송동,1023,26350,,,
센텀삼익아파트,1981,19000,2020,6,13,70.58,5,재송동,1023,26350,,,
센텀삼익아파트,1981,20000,2020,6,13,70.58,11,재송동,1023,26350,,,
센텀삼익아파트,1981,17500,2020,6,13,53.25,2,재송동,1023,26350,,,
센텀삼익아파트,1981,20000,2020,6,13,70.582,6,재송동,1023,26350,,,
센텀삼익아파트,1981,13500,2020,6,13,49.96,4,재송동,1023,26350,,,
센텀삼익아파트,1981,14500,2020,6,13,53.246,13,재송동,1023,26350,,,
센텀삼환Nauville,1996,36000,2020,6,13,59.86,13,우동,1100,26350,,,
센텀센시빌,2003,42000,2020,6,13,84.9402,5,우동,1228,26350,,,
센텀우신골든빌,2006,18000,2020,6,13,59.6054,16,재송동,1048-3,26350,,,
센텀이편한세상,2006,67500,2020,6,13,123.86,21,재송동,939-2,26350,,,
센텀이편한세상,2006,67500,2020,6,13,123.86,21,재송동,939-2,26350,,,
센텀파미르,2009,26800,2020,6,13,84.537,4,재송동,1029,26350,,,
시영79년,1980,23000,2020,6,13,40.13,5,재송동,1030,26350,,,
시영80년,1981,18400,2020,6,13,43.9,1,재송동,1026-1,26350,,,
시영80년,1981,18500,2020,6,13,43.9,5,재송동,1026-1,26350,,,
시영80년,1981,17300,2020,6,13,43.9,2,재송동,1026-1,26350,,,
시영80년,1981,18500,2020,6,13,43.9,2,재송동,1026-1,26350,,,
아시아선수촌아파트,2002,30900,2020,6,13,59.92,13,반여동,1638,26350,,,
엘지,1996,63250,2020,6,13,162.27,22,좌동,1398,26350,,,
엘지,1996,63250,2020,6,13,162.27,22,좌동,1398,26350,,,
엘지,1996,29000,2020,6,13,59.94,16,좌동,1398,26350,,,
엘지,1996,22700,2020,6,13,49.83,19,좌동,1398,26350,,,
엘지,1996,28500,2020,6,13,59.94,5,좌동,1398,26350,,,
엘지,1996,29000,2020,6,13,59.94,16,좌동,1398,26350,,,
엘지,1996,63250,2020,6,13,162.27,22,좌동,1398,26350,,,
엘지,1996,52000,2020,6,13,134.94,10,좌동,1398,26350,,,
엘지,1996,43800,2020,6,13,84.973,12,좌동,1398,26350,,,
재송그린,1984,15000,2020,6,13,47.79,5,재송동,1146-1,26350,,,
재송그린,1984,16500,2020,6,13,58.59,4,재송동,1146-1,26350,,,
재송그린,1984,15000,2020,6,13,47.79,5,재송동,1146-1,26350,,,
재송그린,1984,11000,2020,6,13,36.33,5,재송동,1146-1,26350,,,
재송그린,1984,15000,2020,6,13,47.79,5,재송동,1146-1,26350,,,
재송그린,1984,12000,2020,6,13,36.33,3,재송동,1146-1,26350,,,
한라,1996,30800,2020,6,13,60,8,좌동,1323,26350,,,
한일,1996,37200,2020,6,13,84.93,11,좌동,1274,26350,,,
해운대경보이리스힐아파트,2018,40900,2020,6,13,75.5659,11,송정동,949,26350,,,
해운대경보이리스힐아파트,2018,40800,2020,6,13,75.5659,10,송정동,949,26350,,,
해운대더샵센텀그린,2019,33200,2020,6,13,59.9607,23,반여동,1672,26350,,,
해운대동일,1998,37000,2020,6,13,84.9,14,중동,1763,26350,,,
해운대두산위브더제니스,2011,69700,2020,6,13,100.9628,22,우동,1407,26350,,,
해운대두산위브더제니스,2011,69700,2020,6,13,100.9628,22,우동,1407,26350,,,
해운대두산위브더제니스,2011,154000,2020,6,13,168.8988,46,우동,1407,26350,,,
해운대래미안,2014,65000,2020,6,13,84.984,9,중동,1793,26350,,,
해운대엔스타,2011,24700,2020,6,13,59.3787,11,우동,956-42,26350,,,
해운대오션파크,2002,41000,2020,6,13,84.74,9,우동,843,26350,,,
해운대자이1단지,2013,62500,2020,6,13,59.526,11,우동,1527,26350,,,
해운대자이1단지,2013,83000,2020,6,13,84.5368,16,우동,1527,26350,,,
해운대자이1단지,2013,84300,2020,6,13,84.5368,22,우동,1527,26350,,,
해운대자이1단지,2013,86000,2020,6,13,84.9493,9,우동,1527,26350,,,
해운대중동금호어울림,2006,48000,2020,6,13,84.9963,14,중동,899,26350,,,
해운대중동금호어울림,2006,49000,2020,6,13,84.9963,18,중동,899,26350,,,
해운대케이씨씨스위첸,2011,102000,2020,6,13,128.16,9,좌동,1492,26350,,,
해운대한신휴플러스,2014,57200,2020,6,13,84.8381,14,우동,777,26350,,,
해운대힐스테이트위브,2015,75500,2020,6,13,105.8829,19,중동,1818,26350,,,
현대(1051-2),1988,12300,2020,6,13,41.235,6,재송동,1051-2,26350,,,
현대베네시티,2005,130000,2020,6,13,188.4111,33,우동,1432,26350,,,
현대아쿠아팰리스동백섬,2006,37000,2020,6,13,95.1,13,우동,785,26350,,,
달맞이경동메르빌,2002,32800,2020,6,14,65.745,4,중동,1515-2,26350,,,
대우동삼,1993,50000,2020,6,14,84.85,3,우동,1007-16,26350,,,
대우마리나2,1992,84400,2020,6,14,84.2249,6,우동,1388-4,26350,,,
대우마리나2,1992,92500,2020,6,14,84.2249,11,우동,1388-4,26350,,,
더샵센텀파크2차,2005,85000,2020,6,14,127.489,6,재송동,1197,26350,,,
더샵센텀파크2차,2005,67000,2020,6,14,84.6389,7,재송동,1197,26350,,,
동부올림픽타운,1999,51000,2020,6,14,59.8,17,우동,1008-5,26350,,,
메가센텀한화꿈에그린,2008,52700,2020,6,14,119.6109,19,반여동,1662,26350,,,
메가센텀한화꿈에그린,2008,40850,2020,6,14,84.9304,2,반여동,1662,26350,,,
센텀삼익아파트,1981,17850,2020,6,14,49.96,5,재송동,1023,26350,,,
센텀삼환Nauville,1996,35900,2020,6,14,59.86,7,우동,1100,26350,,,
센텀센시빌,2003,40200,2020,6,14,84.9402,21,우동,1228,26350,,,
센텀센시빌,2003,40000,2020,6,14,84.9794,21,우동,1228,26350,,,
센텀이편한세상,2006,43500,2020,6,14,73.405,19,재송동,939-2,26350,,,
센텀이편한세상,2006,43500,2020,6,14,73.405,19,재송동,939-2,26350,,,
센텀이편한세상,2006,43500,2020,6,14,73.405,19,재송동,939-2,26350,,,
우방신세계타운,2002,31000,2020,6,14,126.84,18,반여동,1190-1,26350,,,
재송그린,1984,13300,2020,6,14,47.79,5,재송동,1146-1,26350,,,
해운대엑소디움,2009,78000,2020,6,14,141.807,8,우동,1398,26350,,,
현대,1996,29000,2020,6,14,59.445,13,좌동,1337,26350,,,
LH뜨란채아파트,1997,22500,2020,6,15,59.98,6,좌동,1278,26350,,,
건영2,1997,41300,2020,6,15,84.84,6,좌동,1298,26350,,,
건영2,1997,29500,2020,6,15,59.526,24,좌동,1298,26350,,,
경남,1997,26900,2020,6,15,58.804,21,좌동,1375,26350,,,
경남,1997,26300,2020,6,15,58.804,11,좌동,1375,26350,,,
남성선파크,1988,14800,2020,6,15,70.61,1,재송동,1151-2,26350,,,
대림,1996,25000,2020,6,15,59.816,5,좌동,1396,26350,,,
대림2,1997,43000,2020,6,15,84.974,20,좌동,1286,26350,,,
대우,1996,29500,2020,6,15,59.946,10,좌동,1333,26350,,,
더샵센텀스타,2008,84300,2020,6,15,135.65,6,재송동,1196,26350,,,
더샵센텀스타,2008,79500,2020,6,15,135.65,5,재송동,1196,26350,,,
더샵센텀스타,2008,84300,2020,6,15,135.65,6,재송동,1196,26350,,,
더샵센텀스타,2008,79500,2020,6,15,135.65,5,재송동,1196,26350,,,
더샵센텀스타,2008,59800,2020,6,15,98.51,14,재송동,1196,26350,,,
더샵센텀파크1차,2005,86500,2020,6,15,100.945,44,재송동,1200,26350,,,
더샵센텀파크1차,2005,102000,2020,6,15,100.945,46,재송동,1200,26350,,,
더샵센텀파크1차,2005,75000,2020,6,15,84.6389,12,재송동,1200,26350,,,
더샵센텀파크2차,2005,80000,2020,6,15,100.945,34,재송동,1197,26350,,,
더샵센텀파크2차,2005,79700,2020,6,15,127.489,9,재송동,1197,26350,,,
더샵센텀파크2차,2005,77000,2020,6,15,127.489,11,재송동,1197,26350,,,
동남하이츠맨션,1993,59500,2020,6,15,81.26,5,중동,768-1,26350,,,
동부올림픽타운,1999,68000,2020,6,15,84.96,18,우동,1008-5,26350,,,
동부올림픽타운,1999,65000,2020,6,15,84.96,13,우동,1008-5,26350,,,
동신,1996,19000,2020,6,15,101.73,3,좌동,1302,26350,,,
두산1차아파트,1996,31900,2020,6,15,84.9,3,좌동,1394,26350,,,
롯데캐슬마린,2004,75500,2020,6,15,125.1959,29,중동,1360,26350,,,
벽산2,1996,25500,2020,6,15,59.73,8,좌동,1439,26350,,,
벽산2,1996,43000,2020,6,15,101.78,10,좌동,1439,26350,,,
삼익그린맨션,1985,25000,2020,6,15,61.83,8,반여동,1405-31,26350,,,
삼호가든맨션,1985,84500,2020,6,15,84.99,7,우동,1104-1,26350,,,
삼호가든맨션,1985,83800,2020,6,15,84.99,6,우동,1104-1,26350,,,
센텀SKVIEW아파트,2001,20150,2020,6,15,59.91,23,반여동,1174-1,26350,,,
센텀SKVIEW아파트,2001,25900,2020,6,15,76.56,17,반여동,1174-1,26350,,,
센텀경동리인,2018,61000,2020,6,15,82.432,17,우동,1543,26350,,,
센텀대림,1996,36500,2020,6,15,126.93,20,반여동,1199-11,26350,,,
센텀대림,1996,36500,2020,6,15,126.93,20,반여동,1199-11,26350,,,
센텀삼익아파트,1981,17500,2020,6,15,53.25,4,재송동,1023,26350,,,
센텀삼익아파트,1981,17000,2020,6,15,53.246,1,재송동,1023,26350,,,
센텀삼환Nauville,1996,62000,2020,6,15,123.78,5,우동,1100,26350,,,
센텀이편한세상,2006,44000,2020,6,15,73.405,26,재송동,939-2,26350,,,
센텀피오레1차,2005,38700,2020,6,15,84.9446,16,재송동,1302,26350,,,
센텀협성,1987,12000,2020,6,15,47.58,3,재송동,1025-1,26350,,,
센텀협성,1987,12800,2020,6,15,50.76,2,재송동,1025-1,26350,,,
센텀협성,1987,12300,2020,6,15,50.19,1,재송동,1025-1,26350,,,
시영79년,1980,23000,2020,6,15,40.13,1,재송동,1030,26350,,,
시영79년,1980,22000,2020,6,15,40.13,2,재송동,1030,26350,,,
시영79년,1980,22500,2020,6,15,40.13,1,재송동,1030,26350,,,
시영79년,1980,21000,2020,6,15,40.13,5,재송동,1030,26350,,,
시영79년,1980,22500,2020,6,15,40.13,1,재송동,1030,26350,,,
시영79년,1980,21400,2020,6,15,40.13,2,재송동,1030,26350,,,
시영79년,1980,22900,2020,6,15,40.13,3,재송동,1030,26350,,,
시영80년,1981,24000,2020,6,15,46.94,1,재송동,1026-1,26350,,,
에이스,1992,13700,2020,6,15,76.78,5,재송동,1159-1,26350,,,
에이스스카이뷰,2019,22500,2020,6,15,60.33,11,송정동,199-3,26350,,,
엘지,1996,24000,2020,6,15,49.83,17,좌동,1398,26350,,,
엘지,1996,24000,2020,6,15,49.83,17,좌동,1398,26350,,,
엘지,1996,64400,2020,6,15,162.27,20,좌동,1398,26350,,,
우방신세계타운,2002,19250,2020,6,15,59.96,23,반여동,1190-1,26350,,,
우방신세계타운,2002,27000,2020,6,15,84.92,18,반여동,1190-1,26350,,,
장산동국,1993,13200,2020,6,15,84.95,3,재송동,1182-1,26350,,,
재송그린,1984,11700,2020,6,15,36.33,5,재송동,1146-1,26350,,,
창신맨션,1986,26000,2020,6,15,52.2,5,반여동,668-1,26350,,,
청목마리안,2004,33500,2020,6,15,84.8348,1,중동,277,26350,,,
해운대 I PARK,2011,138500,2020,6,15,127.664,19,우동,1408,26350,,,
해운대 I PARK,2011,54400,2020,6,15,83.012,24,우동,1408,26350,,,
해운대경동제이드,2012,153000,2020,6,15,163.2673,32,우동,763,26350,,,
해운대두산위브더제니스,2011,137000,2020,6,15,127.6584,69,우동,1407,26350,,,
해운대두산위브더제니스,2011,75000,2020,6,15,104.4925,24,우동,1407,26350,,,
해운대두산위브더제니스,2011,137000,2020,6,15,127.6584,69,우동,1407,26350,,,
해운대두산위브더제니스,2011,82000,2020,6,15,111.07,4,우동,1407,26350,,,
해운대래미안,2014,64900,2020,6,15,84.984,19,중동,1793,26350,,,
해운대자이1단지,2013,83000,2020,6,15,84.5368,19,우동,1527,26350,,,
해운대중동두산위브,2008,56000,2020,6,15,84.9668,15,중동,1234-1,26350,,,
해운대한신휴플러스,2014,69900,2020,6,15,84.8721,34,우동,777,26350,,,
해운대힐스테이트위브,2015,54500,2020,6,15,84.5871,1,중동,1818,26350,,,
해운대힐스테이트위브,2015,79400,2020,6,15,105.8829,20,중동,1818,26350,,,
해운대힐스테이트위브,2015,55000,2020,6,15,105.8829,4,중동,1818,26350,,,
현대,1996,46400,2020,6,15,102.08,11,좌동,1337,26350,,,
현대(1051-2),1988,17500,2020,6,15,50.805,3,재송동,1051-2,26350,,,
현대(1051-2),1988,12600,2020,6,15,41.235,2,재송동,1051-2,26350,,,
현대(1051-2),1988,15300,2020,6,15,41.235,6,재송동,1051-2,26350,,,
현대(1051-2),1988,14500,2020,6,15,41.235,8,재송동,1051-2,26350,,,
현대(1051-2),1988,15800,2020,6,15,50.805,3,재송동,1051-2,26350,,,
현대(1051-2),1988,16000,2020,6,15,50.805,9,재송동,1051-2,26350,,,
현대베네시티,2005,116000,2020,6,15,188.4111,14,우동,1432,26350,,,
현대카멜리아,2001,83500,2020,6,15,147.69,24,우동,1433,26350,,,
화목,1996,34000,2020,6,15,56.345,15,좌동,1310,26350,,,
화목,1996,34000,2020,6,15,56.345,15,좌동,1310,26350,,,
화목,1996,32500,2020,6,15,56.345,14,좌동,1310,26350,,,
경남마리나,1996,64500,2020,6,16,59.83,3,우동,1388-1,26350,,,
경남마리나,1996,92000,2020,6,16,84.93,4,우동,1388-1,26350,,,
경남선경,1996,37400,2020,6,16,116.25,20,좌동,1448,26350,,,
경남선경,1996,26300,2020,6,16,59.85,11,좌동,1448,26350,,,
경동,1995,39000,2020,6,16,59.535,14,우동,974,26350,,,
대림,1996,29000,2020,6,16,59.816,17,좌동,1396,26350,,,
대림,1996,29000,2020,6,16,59.816,17,좌동,1396,26350,,,
대림,1996,56000,2020,6,16,134.25,23,좌동,1396,26350,,,
대림,1996,54000,2020,6,16,134.25,11,좌동,1396,26350,,,
대우,1996,47500,2020,6,16,134.64,7,좌동,1333,26350,,,
대우마리나1,1991,149000,2020,6,16,191.8007,3,우동,1388-4,26350,,,
대우마리나2,1992,95000,2020,6,16,84.2249,3,우동,1388-4,26350,,,
대우월드마크센텀,2010,159000,2020,6,16,159.68,16,우동,1488,26350,,,
대우월드마크센텀,2010,159000,2020,6,16,159.68,16,우동,1488,26350,,,
더샵센텀누리,2014,48700,2020,6,16,84.982,9,재송동,1223,26350,,,
더샵센텀누리,2014,64500,2020,6,16,127.782,20,재송동,1223,26350,,,
더샵센텀누리,2014,48700,2020,6,16,84.982,9,재송동,1223,26350,,,
더샵센텀스타,2008,79800,2020,6,16,115.93,40,재송동,1196,26350,,,
더샵센텀파크1차,2005,117000,2020,6,16,126.9004,35,재송동,1200,26350,,,
더샵센텀파크1차,2005,83000,2020,6,16,126.9004,48,재송동,1200,26350,,,
더샵센텀파크1차,2005,91000,2020,6,16,100.945,50,재송동,1200,26350,,,
동부올림픽타운,1999,65000,2020,6,16,114.92,2,우동,1008-5,26350,,,
동부올림픽타운,1999,48000,2020,6,16,59.8,14,우동,1008-5,26350,,,
동부올림픽타운,1999,63000,2020,6,16,84.96,20,우동,1008-5,26350,,,
동부올림픽타운,1999,65000,2020,6,16,114.92,2,우동,1008-5,26350,,,
동부올림픽타운,1999,63000,2020,6,16,84.96,20,우동,1008-5,26350,,,
동부올림픽타운,1999,51000,2020,6,16,59.8,16,우동,1008-5,26350,,,
동부올림픽타운,1999,69250,2020,6,16,114.92,1,우동,1008-5,26350,,,
동부올림픽타운,1999,50500,2020,6,16,59.8,13,우동,1008-5,26350,,,
동부올림픽타운,1999,50000,2020,6,16,59.8,4,우동,1008-5,26350,,,
동부올림픽타운,1999,63000,2020,6,16,84.96,16,우동,1008-5,26350,,,
동부올림픽타운,1999,74800,2020,6,16,114.92,16,우동,1008-5,26350,,,
두산1차아파트,1996,41000,2020,6,16,101.7,7,좌동,1394,26350,,,
두산2,1996,29700,2020,6,16,59.94,4,좌동,1319,26350,,,
롯데,1993,49900,2020,6,16,84.84,1,우동,938,26350,,,
롯데3차,1997,30000,2020,6,16,59.6,18,좌동,1300,26350,,,
메가센텀한화꿈에그린,2008,47800,2020,6,16,119.3506,1,반여동,1662,26350,,,
삼익그린맨션,1985,37000,2020,6,16,61.83,2,반여동,1405-31,26350,,,
삼호가든맨션,1985,85000,2020,6,16,84.99,15,우동,1104-1,26350,,,
삼호가든맨션,1985,85000,2020,6,16,84.99,15,우동,1104-1,26350,,,
상록,1998,23500,2020,6,16,59.85,14,좌동,1331,26350,,,
센텀SKVIEW아파트,2001,19500,2020,6,16,59.91,5,반여동,1174-1,26350,,,
센텀SKVIEW아파트,2001,48000,2020,6,16,151.26,7,반여동,1174-1,26350,,,
센텀SKVIEW아파트,2001,27000,2020,6,16,84.77,23,반여동,1174-1,26350,,,
센텀SKVIEW아파트,2001,23000,2020,6,16,76.56,1,반여동,1174-1,26350,,,
센텀SKVIEW아파트,2001,25500,2020,6,16,76.56,7,반여동,1174-1,26350,,,
센텀경동리인,2018,61800,2020,6,16,82.7831,13,우동,1543,26350,,,
센텀대림,1996,20600,2020,6,16,59.99,22,반여동,1199-11,26350,,,
센텀대림,1996,34000,2020,6,16,126.93,8,반여동,1199-11,26350,,,
센텀롯데캐슬3차아파트,2005,28400,2020,6,16,59.9399,22,반여동,1641,26350,,,
센텀리슈빌2단지,2019,70000,2020,6,16,84.6823,23,재송동,1355,26350,,,
센텀리슈빌2단지,2019,59500,2020,6,16,84.9916,13,재송동,1355,26350,,,
센텀삼익아파트,1981,19700,2020,6,16,49.96,11,재송동,1023,26350,,,
센텀삼익아파트,1981,21500,2020,6,16,70.582,7,재송동,1023,26350,,,
센텀삼환Nauville,1996,36800,2020,6,16,59.86,6,우동,1100,26350,,,
센텀센시빌,2003,39800,2020,6,16,84.9402,10,우동,1228,26350,,,
센텀이편한세상,2006,46300,2020,6,16,84.842,13,재송동,939-2,26350,,,
센텀천일스카이원,2020,39100,2020,6,16,69.8968,4,재송동,1360,26350,,,
센텀천일스카이원,2020,39100,2020,6,16,69.8968,4,재송동,1360,26350,,,
센텀파미르,2009,29000,2020,6,16,84.0896,5,재송동,1029,26350,,,
센텀한보미도,1992,14000,2020,6,16,84.98,7,재송동,1123-3,26350,,,
센텀한보미도,1992,14000,2020,6,16,84.98,7,재송동,1123-3,26350,,,
센텀현대,1999,33800,2020,6,16,84.92,2,우동,1102-221,26350,,,
센텀협성,1987,8900,2020,6,16,35.28,1,재송동,1025-1,26350,,,
시영79년,1980,22000,2020,6,16,40.13,1,재송동,1030,26350,,,
시영79년,1980,23000,2020,6,16,40.13,3,재송동,1030,26350,,,
시영79년,1980,22500,2020,6,16,40.13,2,재송동,1030,26350,,,
시영79년,1980,23000,2020,6,16,40.13,2,재송동,1030,26350,,,
시영79년,1980,21300,2020,6,16,40.13,1,재송동,1030,26350,,,
시영80년,1981,20000,2020,6,16,43.9,3,재송동,1026-1,26350,,,
시영80년,1981,19100,2020,6,16,46.94,4,재송동,1026-1,26350,,,
신동비치,1991,20600,2020,6,16,84.86,3,우동,345-6,26350,,,
아시아선수촌아파트,2002,24000,2020,6,16,75.57,11,반여동,1638,26350,,,
엘지,1996,43000,2020,6,16,84.973,17,좌동,1398,26350,,,
왕자,1979,59000,2020,6,16,65.16,1,반여동,1477-1,26350,,,
왕자,1979,59000,2020,6,16,65.157,3,반여동,1477-1,26350,,,
장산동국,1993,14100,2020,6,16,84.78,5,재송동,1182-1,26350,,,
재송그린,1984,15200,2020,6,16,50.31,4,재송동,1146-1,26350,,,
재송그린,1984,15000,2020,6,16,47.79,3,재송동,1146-1,26350,,,
한일,1996,27500,2020,6,16,58.2,20,좌동,1274,26350,,,
해운대 I PARK,2011,87500,2020,6,16,142.615,58,우동,1408,26350,,,
해운대 I PARK,2011,82500,2020,6,16,110.447,36,우동,1408,26350,,,
해운대SKVIEW,2011,52000,2020,6,16,84.9763,8,중동,1787,26350,,,
해운대경남아너스빌,2012,64500,2020,6,16,84.9077,5,중동,1788,26350,,,
해운대두산위브더제니스,2011,133000,2020,6,16,145.8083,54,우동,1407,26350,,,
해운대두산위브더제니스,2011,95000,2020,6,16,111.07,13,우동,1407,26350,,,
해운대센텀미진이지비아아파트,2020,56960,2020,6,16,84.9971,7,우동,1553,26350,,,
해운대센텀미진이지비아아파트,2020,57430,2020,6,16,84.9971,3,우동,1553,26350,,,
해운대자이1단지,2013,120000,2020,6,16,120.3642,10,우동,1527,26350,,,
해운대자이1단지,2013,120000,2020,6,16,120.3642,10,우동,1527,26350,,,
해운대자이2차1단지,2018,112000,2020,6,16,84.7627,25,우동,1536,26350,,,
해운대케이씨씨스위첸,2011,99300,2020,6,16,128.407,19,좌동,1492,26350,,,
해운대힐스테이트위브,2015,63500,2020,6,16,98.1948,7,중동,1818,26350,,,
해운대힐스테이트위브,2015,63500,2020,6,16,98.1948,7,중동,1818,26350,,,
현대,1996,39000,2020,6,16,84.41,10,좌동,1337,26350,,,
현대,1996,27800,2020,6,16,59.445,16,좌동,1337,26350,,,
현대,1996,27800,2020,6,16,59.445,16,좌동,1337,26350,,,
현대(1051-2),1988,13500,2020,6,16,41.235,8,재송동,1051-2,26350,,,
현대(1051-2),1988,17000,2020,6,16,50.805,2,재송동,1051-2,26350,,,
화목,1996,34500,2020,6,16,56.345,5,좌동,1310,26350,,,
화목,1996,32500,2020,6,16,56.345,5,좌동,1310,26350,,,
SKVIEW,1998,22000,2020,6,17,59.99,23,좌동,1450,26350,,,
건영1,1998,38300,2020,6,17,84.93,19,좌동,1414,26350,,,
경남,1997,25000,2020,6,17,58.804,21,좌동,1375,26350,,,
경남마리나,1996,90000,2020,6,17,84.93,15,우동,1388-1,26350,,,
경남마리나,1996,90000,2020,6,17,84.93,15,우동,1388-1,26350,,,
경동,1995,89000,2020,6,17,191.43,16,우동,974,26350,,,
경동,1995,36500,2020,6,17,58.695,4,우동,974,26350,,,
경동,1995,36500,2020,6,17,58.695,4,우동,974,26350,,,
경동,1995,39000,2020,6,17,59.535,8,우동,974,26350,,,
달맞이우성빌라트,1995,51000,2020,6,17,101.91,4,중동,1479,26350,,,
대우,1996,40800,2020,6,17,84.962,8,좌동,1333,26350,,,
대우2,1998,27800,2020,6,17,59.946,24,좌동,1438,26350,,,
대우트럼프월드마린,2007,106000,2020,6,17,158.74,37,우동,1410,26350,,,
대우트럼프월드마린,2007,97000,2020,6,17,158.74,38,우동,1410,26350,,,
더샵센텀파크1차,2005,106000,2020,6,17,125.4155,6,재송동,1200,26350,,,
더샵센텀파크1차,2005,100000,2020,6,17,126.9004,8,재송동,1200,26350,,,
더샵센텀파크1차,2005,74500,2020,6,17,84.6389,29,재송동,1200,26350,,,
더샵센텀파크2차,2005,89500,2020,6,17,127.489,9,재송동,1197,26350,,,
더샵센텀파크2차,2005,85500,2020,6,17,127.489,9,재송동,1197,26350,,,
동부올림픽타운,1999,74500,2020,6,17,114.92,12,우동,1008-5,26350,,,
동부올림픽타운,1999,48500,2020,6,17,59.8,8,우동,1008-5,26350,,,
두산1차아파트,1996,33600,2020,6,17,84.9,10,좌동,1394,26350,,,
두산1차아파트,1996,23900,2020,6,17,59.94,10,좌동,1394,26350,,,
두산2,1996,34000,2020,6,17,59.94,14,좌동,1319,26350,,,
두산2,1996,32800,2020,6,17,59.94,11,좌동,1319,26350,,,
롯데4,1999,27000,2020,6,17,59.6,13,좌동,1419,26350,,,
롯데캐슬마스터,2005,45000,2020,6,17,84.956,2,좌동,970,26350,,,
롯데캐슬마스터,2005,45000,2020,6,17,84.956,2,좌동,970,26350,,,
메가센텀한화꿈에그린,2008,63250,2020,6,17,135.1946,20,반여동,1662,26350,,,
메가센텀한화꿈에그린,2008,54900,2020,6,17,135.1946,9,반여동,1662,26350,,,
메가센텀한화꿈에그린,2008,60250,2020,6,17,135.1946,20,반여동,1662,26350,,,
벽산1,1996,62000,2020,6,17,164.74,19,좌동,1321,26350,,,
삼정코아,2003,30500,2020,6,17,59.9898,15,좌동,1315,26350,,,
상록,1998,25700,2020,6,17,59.85,16,좌동,1331,26350,,,
센텀대림,1996,20000,2020,6,17,59.99,25,반여동,1199-11,26350,,,
센텀동부센트레빌,2006,35000,2020,6,17,84.9749,1,재송동,380-1,26350,,,
센텀롯데캐슬2차,2005,24500,2020,6,17,59.9675,12,반여동,1660,26350,,,
센텀삼익아파트,1981,19000,2020,6,17,49.96,13,재송동,1023,26350,,,
센텀삼익아파트,1981,17500,2020,6,17,53.246,13,재송동,1023,26350,,,
센텀삼익아파트,1981,19000,2020,6,17,49.96,12,재송동,1023,26350,,,
센텀삼익아파트,1981,17800,2020,6,17,49.96,7,재송동,1023,26350,,,
센텀우신골든빌,2006,19000,2020,6,17,59.6054,15,재송동,1048-3,26350,,,
센텀이편한세상,2006,54000,2020,6,17,84.98,19,재송동,939-2,26350,,,
센텀이편한세상,2006,58000,2020,6,17,84.98,28,재송동,939-2,26350,,,
센텀천일스카이원,2020,40000,2020,6,17,69.8968,12,재송동,1360,26350,,,
센텀현대,1999,26000,2020,6,17,59.84,10,우동,1102-221,26350,,,
센텀협성,1987,12900,2020,6,17,50.61,5,재송동,1025-1,26350,,,
센텀협성,1987,9700,2020,6,17,44.7,5,재송동,1025-1,26350,,,
시영79년,1980,23700,2020,6,17,40.13,3,재송동,1030,26350,,,
시영79년,1980,22500,2020,6,17,40.13,1,재송동,1030,26350,,,
시영79년,1980,24000,2020,6,17,40.13,3,재송동,1030,26350,,,
시영79년,1980,23950,2020,6,17,40.13,1,재송동,1030,26350,,,
시영79년,1980,22000,2020,6,17,40.13,1,재송동,1030,26350,,,
아시아선수촌아파트,2002,26000,2020,6,17,59.92,1,반여동,1638,26350,,,
엘지,1996,52500,2020,6,17,134.94,17,좌동,1398,26350,,,
엘지,1996,25200,2020,6,17,59.94,2,좌동,1398,26350,,,
왕자,1979,58400,2020,6,17,65.16,5,반여동,1477-1,26350,,,
왕자,1979,67000,2020,6,17,79.01,3,반여동,1477-1,26350,,,
우방신세계타운,2002,17800,2020,6,17,59.97,11,반여동,1190-1,26350,,,
재송그린,1984,15000,2020,6,17,47.79,5,재송동,1146-1,26350,,,
재송그린,1984,14800,2020,6,17,47.79,3,재송동,1146-1,26350,,,
해강소라,1993,14000,2020,6,17,59.88,3,재송동,1147-3,26350,,,
해운대경동제이드,2012,151000,2020,6,17,163.3194,34,우동,763,26350,,,
해운대두산위브더제니스,2011,140000,2020,6,17,157.0176,55,우동,1407,26350,,,
해운대두산위브더제니스,2011,89000,2020,6,17,111.07,25,우동,1407,26350,,,
해운대두산위브더제니스,2011,93500,2020,6,17,118.3775,15,우동,1407,26350,,,
해운대두산위브더제니스,2011,118500,2020,6,17,145.8083,41,우동,1407,26350,,,
해운대자이1단지,2013,89900,2020,6,17,84.9493,9,우동,1527,26350,,,
해운대자이1단지,2013,63000,2020,6,17,59.526,9,우동,1527,26350,,,
해운대자이2차1단지,2018,86000,2020,6,17,84.7627,8,우동,1536,26350,,,
해운대자이2차1단지,2018,82500,2020,6,17,84.988,6,우동,1536,26350,,,
해운대자이2차1단지,2018,86500,2020,6,17,84.988,15,우동,1536,26350,,,
해운대힐스테이트위브,2015,62000,2020,6,17,106.3407,4,중동,1818,26350,,,
해운대힐스테이트위브,2015,62000,2020,6,17,106.3407,4,중동,1818,26350,,,
해운대힐스테이트위브,2015,55000,2020,6,17,105.8829,4,중동,1818,26350,,,
해운대힐스테이트위브,2015,57500,2020,6,17,105.8829,10,중동,1818,26350,,,
현대,1996,46000,2020,6,17,134.005,10,좌동,1337,26350,,,
현대,1996,29000,2020,6,17,59.445,9,좌동,1337,26350,,,
현대(1051-2),1988,15800,2020,6,17,50.805,13,재송동,1051-2,26350,,,
현대(1051-2),1988,16700,2020,6,17,50.805,9,재송동,1051-2,26350,,,
현대(1051-2),1988,16700,2020,6,17,50.805,9,재송동,1051-2,26350,,,
현대(1051-2),1988,15800,2020,6,17,50.805,13,재송동,1051-2,26350,,,
현대(1051-2),1988,16800,2020,6,17,50.805,4,재송동,1051-2,26350,,,
현대그린맨션,1986,41000,2020,6,17,76.35,14,반여동,1411-10,26350,,,
현대그린맨션,1986,50400,2020,6,17,101.53,8,반여동,1411-10,26350,,,
화목,1996,41500,2020,6,17,84.36,10,좌동,1310,26350,,,
(188-0),2015,23000,2020,6,18,70.18,5,재송동,188,26350,,,
경동,1995,51700,2020,6,18,84.95,9,우동,974,26350,,,
금호,1996,23000,2020,6,18,84.87,12,재송동,1041-3,26350,,,
대동타운,1996,39800,2020,6,18,84.88,10,좌동,1288,26350,,,
대림,1996,53500,2020,6,18,134.25,13,좌동,1396,26350,,,
대우2,1998,49500,2020,6,18,155.31,8,좌동,1438,26350,,,
대우2,1998,39300,2020,6,18,84.962,14,좌동,1438,26350,,,
대우월드마크센텀,2010,112900,2020,6,18,116.69,23,우동,1488,26350,,,
대우월드마크센텀,2010,112900,2020,6,18,116.69,23,우동,1488,26350,,,
대우트럼프월드마린,2007,162000,2020,6,18,187.88,40,우동,1410,26350,,,
대원,1998,31500,2020,6,18,59.79,6,좌동,1307,26350,,,
더샵센텀누리,2014,51000,2020,6,18,84.982,21,재송동,1223,26350,,,
더샵센텀누리,2014,51000,2020,6,18,84.982,21,재송동,1223,26350,,,
더샵센텀파크1차,2005,103000,2020,6,18,126.9004,21,재송동,1200,26350,,,
더샵센텀파크1차,2005,78000,2020,6,18,84.6389,40,재송동,1200,26350,,,
더샵센텀파크2차,2005,81000,2020,6,18,100.945,20,재송동,1197,26350,,,
더샵센텀파크2차,2005,62000,2020,6,18,127.489,18,재송동,1197,26350,,,
더샵센텀파크2차,2005,65000,2020,6,18,84.6528,3,재송동,1197,26350,,,
동부,1996,27000,2020,6,18,58.44,10,좌동,1412,26350,,,
동부올림픽타운,1999,61500,2020,6,18,84.96,8,우동,1008-5,26350,,,
동부올림픽타운,1999,56300,2020,6,18,84.96,3,우동,1008-5,26350,,,
롯데4,1999,40200,2020,6,18,84.935,21,좌동,1419,26350,,,
롯데4,1999,40700,2020,6,18,84.935,18,좌동,1419,26350,,,
메가센텀한화꿈에그린,2008,42400,2020,6,18,84.9782,11,반여동,1662,26350,,,
메가센텀한화꿈에그린,2008,40900,2020,6,18,84.9782,11,반여동,1662,26350,,,
반도보라빌,2006,59500,2020,6,18,84.9073,5,우동,945,26350,,,
백조,1976,15000,2020,6,18,43.64,3,중동,1150-7,26350,,,
벽산1,1996,60000,2020,6,18,134.95,7,좌동,1321,26350,,,
벽산1,1996,36500,2020,6,18,59.73,13,좌동,1321,26350,,,
벽산2,1996,23100,2020,6,18,59.73,6,좌동,1439,26350,,,
삼성콘도맨션,1985,50220,2020,6,18,79.71,1,중동,1154-5,26350,,,
삼한2,1997,12800,2020,6,18,59.98,16,반송동,872,26350,,,
삼호가든맨션,1985,87000,2020,6,18,84.99,4,우동,1104-1,26350,,,
삼호가든맨션,1985,85000,2020,6,18,84.99,2,우동,1104-1,26350,,,
센텀경동리인,2018,65000,2020,6,18,82.0093,14,우동,1543,26350,,,
센텀대림,1996,34500,2020,6,18,126.93,9,반여동,1199-11,26350,,,
센텀동부센트레빌,2006,34500,2020,6,18,84.9926,1,재송동,380-1,26350,,,
센텀리슈빌1단지,2019,65500,2020,6,18,84.4517,16,재송동,1350,26350,,,
센텀삼익아파트,1981,18500,2020,6,18,53.246,9,재송동,1023,26350,,,
센텀삼익아파트,1981,18100,2020,6,18,49.96,7,재송동,1023,26350,,,
센텀삼익아파트,1981,18100,2020,6,18,49.96,7,재송동,1023,26350,,,
센텀삼환Nauville,1996,37900,2020,6,18,59.86,10,우동,1100,26350,,,
센텀이편한세상,2006,64500,2020,6,18,123.86,17,재송동,939-2,26350,,,
센텀이편한세상,2006,44000,2020,6,18,73.405,22,재송동,939-2,26350,,,
센텀협성,1987,11800,2020,6,18,44.44,5,재송동,1025-1,26350,,,
센텀협성,1987,13000,2020,6,18,50.61,4,재송동,1025-1,26350,,,
센텀협성,1987,13300,2020,6,18,50.19,3,재송동,1025-1,26350,,,
센텀협성르네상스타운,2013,42900,2020,6,18,73.4795,5,재송동,1324,26350,,,
시영79년,1980,23000,2020,6,18,40.13,3,재송동,1030,26350,,,
시영79년,1980,23000,2020,6,18,40.13,3,재송동,1030,26350,,,
시영80년,1981,20800,2020,6,18,46.94,5,재송동,1026-1,26350,,,
시영80년,1981,20000,2020,6,18,43.9,5,재송동,1026-1,26350,,,
엘시티,2019,233300,2020,6,18,161.9826,43,중동,1829,26350,,,
엘지,1996,50250,2020,6,18,134.94,10,좌동,1398,26350,,,
해운대 I PARK,2011,172000,2020,6,18,180.199,47,우동,1408,26350,,,
해운대더샵센텀그린,2019,38000,2020,6,18,72.9699,18,반여동,1672,26350,,,
해운대더샵센텀그린,2019,41000,2020,6,18,72.9699,20,반여동,1672,26350,,,
해운대래미안,2014,84000,2020,6,18,101.5938,24,중동,1793,26350,,,
해운대래미안,2014,70700,2020,6,18,84.984,24,중동,1793,26350,,,
해운대래미안,2014,67400,2020,6,18,84.984,28,중동,1793,26350,,,
해운대자이1단지,2013,78000,2020,6,18,84.5368,5,우동,1527,26350,,,
해운대자이1단지,2013,83500,2020,6,18,84.5368,20,우동,1527,26350,,,
현대,1996,39000,2020,6,18,84.41,19,좌동,1337,26350,,,
현대(1051-2),1988,17000,2020,6,18,50.805,5,재송동,1051-2,26350,,,
협성프라임빌,2005,22000,2020,6,18,59.988,11,우동,333,26350,,,
화목,1996,48000,2020,6,18,101.76,21,좌동,1310,26350,,,
경남선경,1996,40000,2020,6,19,133.295,15,좌동,1448,26350,,,
경동,1995,54500,2020,6,19,84.95,8,우동,974,26350,,,
경동,1995,40000,2020,6,19,58.695,12,우동,974,26350,,,
경동,1995,40000,2020,6,19,58.695,12,우동,974,26350,,,
달맞이유림노르웨이숲,2017,53500,2020,6,19,84.9136,11,중동,1821,26350,,,
대동타운,1996,43200,2020,6,19,115.64,10,좌동,1288,26350,,,
대림,1996,52000,2020,6,19,134.25,22,좌동,1396,26350,,,
대우,1996,48000,2020,6,19,134.64,11,좌동,1333,26350,,,
대우2,1998,47250,2020,6,19,134.64,9,좌동,1438,26350,,,
대우마리나1,1991,130000,2020,6,19,134.6549,3,우동,1388-4,26350,,,
대우마리나3,1994,71700,2020,6,19,59.81,12,우동,977,26350,,,
대우마리나3,1994,68000,2020,6,19,59.81,12,우동,977,26350,,,
대우트럼프월드마린,2007,184500,2020,6,19,217.95,9,우동,1410,26350,,,
더샵센텀스타,2008,62000,2020,6,19,109.14,20,재송동,1196,26350,,,
더샵센텀파크1차,2005,78000,2020,6,19,84.6528,17,재송동,1200,26350,,,
더샵센텀파크1차,2005,83000,2020,6,19,84.6389,41,재송동,1200,26350,,,
더샵센텀파크1차,2005,120000,2020,6,19,151.9156,29,재송동,1200,26350,,,
더샵센텀파크1차,2005,70000,2020,6,19,84.6528,4,재송동,1200,26350,,,
더샵센텀파크1차,2005,75000,2020,6,19,84.6389,38,재송동,1200,26350,,,
더샵센텀파크2차,2005,65000,2020,6,19,84.6528,7,재송동,1197,26350,,,
더샵센텀파크2차,2005,65000,2020,6,19,84.6389,21,재송동,1197,26350,,,
동부올림픽타운,1999,64000,2020,6,19,84.96,6,우동,1008-5,26350,,,
롯데3차,1997,26000,2020,6,19,59.76,5,좌동,1300,26350,,,
롯데4,1999,27900,2020,6,19,59.76,6,좌동,1419,26350,,,
메가센텀한화꿈에그린,2008,46800,2020,6,19,100.9973,7,반여동,1662,26350,,,
메가센텀한화꿈에그린,2008,47000,2020,6,19,100.9973,7,반여동,1662,26350,,,
메가센텀한화꿈에그린,2008,46800,2020,6,19,100.9973,7,반여동,1662,26350,,,
삼익그린맨션,1985,33000,2020,6,19,61.83,11,반여동,1405-31,26350,,,
상록,1998,24500,2020,6,19,59.85,4,좌동,1331,26350,,,
센텀동부센트레빌,2006,42500,2020,6,19,84.9926,16,재송동,380-1,26350,,,
센텀두산위브,2014,62500,2020,6,19,84.999,7,우동,1105,26350,,,
센텀두산위브,2014,65800,2020,6,19,84.999,19,우동,1105,26350,,,
센텀롯데캐슬아파트,2004,41000,2020,6,19,101.7996,20,반여동,1619,26350,,,
센텀삼익아파트,1981,22000,2020,6,19,70.582,1,재송동,1023,26350,,,
센텀삼익아파트,1981,19000,2020,6,19,49.96,3,재송동,1023,26350,,,
센텀삼환Nauville,1996,51000,2020,6,19,84.84,5,우동,1100,26350,,,
센텀이편한세상,2006,46500,2020,6,19,84.842,20,재송동,939-2,26350,,,
센텀협성,1987,14000,2020,6,19,51.03,1,재송동,1025-1,26350,,,
센텀협성,1987,13000,2020,6,19,50.61,4,재송동,1025-1,26350,,,
센텀협성,1987,13000,2020,6,19,50.61,4,재송동,1025-1,26350,,,
센텀협성,1987,13800,2020,6,19,50.88,4,재송동,1025-1,26350,,,
송정비체하임,2014,19900,2020,6,19,73.49,2,송정동,194-2,26350,,,
시영79년,1980,23000,2020,6,19,40.13,1,재송동,1030,26350,,,
시영79년,1980,23800,2020,6,19,40.13,1,재송동,1030,26350,,,
시영79년,1980,23800,2020,6,19,40.13,3,재송동,1030,26350,,,
엘시티,2019,238700,2020,6,19,161.9826,34,중동,1829,26350,,,
엘시티,2019,238700,2020,6,19,161.9826,34,중동,1829,26350,,,
엘시티,2019,238700,2020,6,19,161.9826,34,중동,1829,26350,,,
우방신세계타운,2002,19050,2020,6,19,59.97,21,반여동,1190-1,26350,,,
일동미라주,2001,18800,2020,6,19,56.9704,3,반여동,1192-3,26350,,,
재송그린,1984,12000,2020,6,19,47.79,4,재송동,1146-1,26350,,,
재송그린,1984,14800,2020,6,19,50.31,4,재송동,1146-1,26350,,,
창신맨션,1986,16200,2020,6,19,33.3,3,반여동,668-1,26350,,,
코오롱,1997,28000,2020,6,19,59.985,18,좌동,1348,26350,,,
한일,1996,47000,2020,6,19,128.37,15,좌동,1274,26350,,,
해운대 I PARK,2011,165000,2020,6,19,158.98,65,우동,1408,26350,,,
해운대 센트럴파크,1998,25000,2020,6,19,59.99,17,좌동,1282,26350,,,
해운대경동제이드,2012,143000,2020,6,19,164.3474,28,우동,763,26350,,,
해운대동백두산위브더제니스,2019,59800,2020,6,19,84.64,31,우동,1544,26350,,,
해운대래미안,2014,82200,2020,6,19,101.5938,16,중동,1793,26350,,,
해운대자이1단지,2013,87700,2020,6,19,84.9493,7,우동,1527,26350,,,
해운대자이1단지,2013,64000,2020,6,19,59.0621,15,우동,1527,26350,,,
해운대자이1단지,2013,81800,2020,6,19,84.5368,10,우동,1527,26350,,,
해운대중동롯데캐슬마스터2,2007,56000,2020,6,19,84.9746,17,중동,181-1,26350,,,
해운대힐스테이트위브,2015,56500,2020,6,19,84.5871,3,중동,1818,26350,,,
해운대힐스테이트위브,2015,79500,2020,6,19,153.5704,8,중동,1818,26350,,,
해운대힐스테이트위브,2015,56500,2020,6,19,84.5871,3,중동,1818,26350,,,
현대(1051-2),1988,18300,2020,6,19,50.805,3,재송동,1051-2,26350,,,
SKVIEW,1998,23200,2020,6,20,59.99,24,좌동,1450,26350,,,
건영1,1998,37500,2020,6,20,84.93,16,좌동,1414,26350,,,
건영2,1997,41500,2020,6,20,84.84,9,좌동,1298,26350,,,
경남,1997,35600,2020,6,20,84.034,11,좌동,1375,26350,,,
경남마리나,1996,63000,2020,6,20,59.83,7,우동,1388-1,26350,,,
경동,1995,39500,2020,6,20,59.55,18,우동,974,26350,,,
경동,1995,47900,2020,6,20,84.77,7,우동,974,26350,,,
경동,1995,38900,2020,6,20,59.535,19,우동,974,26350,,,
경동,1995,37800,2020,6,20,58.695,5,우동,974,26350,,,
금호,1996,20000,2020,6,20,74.445,15,재송동,1041-3,26350,,,
금호,1996,14500,2020,6,20,59.955,13,재송동,1041-3,26350,,,
대동타운,1996,20000,2020,6,20,50.575,2,좌동,1288,26350,,,
대림,1996,25300,2020,6,20,59.816,6,좌동,1396,26350,,,
대림,1996,40500,2020,6,20,84.974,20,좌동,1396,26350,,,
대우2,1998,45250,2020,6,20,134.64,3,좌동,1438,26350,,,
대우2,1998,26500,2020,6,20,59.946,6,좌동,1438,26350,,,
대우트럼프월드마린,2007,159000,2020,6,20,187.88,28,우동,1410,26350,,,
더샵센텀누리,2014,50000,2020,6,20,84.982,14,재송동,1223,26350,,,
더샵센텀파크1차,2005,138000,2020,6,20,151.9156,19,재송동,1200,26350,,,
더샵센텀파크1차,2005,109000,2020,6,20,100.945,51,재송동,1200,26350,,,
더샵센텀파크1차,2005,89000,2020,6,20,126.9004,5,재송동,1200,26350,,,
더샵센텀파크1차,2005,75000,2020,6,20,84.6528,27,재송동,1200,26350,,,
더샵센텀파크1차,2005,105000,2020,6,20,126.9004,23,재송동,1200,26350,,,
더샵센텀파크2차,2005,82800,2020,6,20,100.945,49,재송동,1197,26350,,,
동부올림픽타운,1999,52400,2020,6,20,59.8,12,우동,1008-5,26350,,,
동신,1996,48250,2020,6,20,150.98,10,좌동,1302,26350,,,
두산1차아파트,1996,34800,2020,6,20,84.9,11,좌동,1394,26350,,,
두산1차아파트,1996,34800,2020,6,20,84.9,11,좌동,1394,26350,,,
두산2,1996,47000,2020,6,20,84.9,10,좌동,1319,26350,,,
두산위브포세이돈,2007,140000,2020,6,20,170.5,17,우동,1410-1,26350,,,
두산위브포세이돈,2007,68500,2020,6,20,108.19,44,우동,1410-1,26350,,,
롯데4,1999,26700,2020,6,20,59.6,16,좌동,1419,26350,,,
메가센텀한화꿈에그린,2008,57800,2020,6,20,129.749,20,반여동,1662,26350,,,
메가센텀한화꿈에그린,2008,49000,2020,6,20,100.9973,11,반여동,1662,26350,,,
메가센텀한화꿈에그린,2008,57000,2020,6,20,135.1946,9,반여동,1662,26350,,,
메가센텀한화꿈에그린,2008,57800,2020,6,20,129.749,20,반여동,1662,26350,,,
반도보라빌,2006,70000,2020,6,20,118.9889,7,우동,945,26350,,,
반도보라빌,2006,70000,2020,6,20,118.9889,19,우동,945,26350,,,
벽산1,1996,59500,2020,6,20,134.95,2,좌동,1321,26350,,,
벽산1,1996,35000,2020,6,20,59.73,15,좌동,1321,26350,,,
벽산1,1996,29900,2020,6,20,59.73,1,좌동,1321,26350,,,
삼성,1997,31500,2020,6,20,59.914,6,좌동,1413,26350,,,
삼성콘도맨션,1985,54700,2020,6,20,79.71,6,중동,1154-5,26350,,,
삼익그린맨션,1985,36000,2020,6,20,61.83,2,반여동,1405-31,26350,,,
세종스마트빌,2002,17200,2020,6,20,83.88,3,송정동,190-2,26350,,,
센텀SD,1993,16800,2020,6,20,82.094,5,반여동,692-6,26350,,,
센텀대림,1996,37500,2020,6,20,126.93,14,반여동,1199-11,26350,,,
센텀롯데캐슬2차,2005,24500,2020,6,20,59.9675,16,반여동,1660,26350,,,
센텀롯데캐슬2차,2005,24700,2020,6,20,59.9675,14,반여동,1660,26350,,,
센텀삼익아파트,1981,23000,2020,6,20,70.58,7,재송동,1023,26350,,,
센텀삼익아파트,1981,19000,2020,6,20,49.96,7,재송동,1023,26350,,,
센텀삼익아파트,1981,18500,2020,6,20,53.246,8,재송동,1023,26350,,,
센텀삼익아파트,1981,18400,2020,6,20,53.246,3,재송동,1023,26350,,,
센텀삼익아파트,1981,18500,2020,6,20,53.246,9,재송동,1023,26350,,,
센텀센시빌,2003,42000,2020,6,20,84.9402,16,우동,1228,26350,,,
센텀현대,1999,29000,2020,6,20,59.84,16,우동,1102-221,26350,,,
센텀현대,1999,34000,2020,6,20,84.92,10,우동,1102-221,26350,,,
센텀협성르네상스타운,2013,45800,2020,6,20,73.4795,12,재송동,1324,26350,,,
시영79년,1980,23500,2020,6,20,40.13,5,재송동,1030,26350,,,
시영80년,1981,19200,2020,6,20,46.94,5,재송동,1026-1,26350,,,
시영80년,1981,19200,2020,6,20,46.94,5,재송동,1026-1,26350,,,
시영80년,1981,23000,2020,6,20,43.9,2,재송동,1026-1,26350,,,
아시아선수촌아파트,2002,31000,2020,6,20,59.92,17,반여동,1638,26350,,,
아시아선수촌아파트,2002,35500,2020,6,20,84.8,7,반여동,1638,26350,,,
엘지,1996,47700,2020,6,20,101.79,24,좌동,1398,26350,,,
엘지,1996,40000,2020,6,20,84.973,6,좌동,1398,26350,,,
장산동국,1993,14000,2020,6,20,84.93,13,재송동,1182-1,26350,,,
재송그린,1984,11200,2020,6,20,36.33,4,재송동,1146-1,26350,,,
재송그린,1984,11200,2020,6,20,36.33,4,재송동,1146-1,26350,,,
해운대 I PARK,2011,83500,2020,6,20,87.303,40,우동,1408,26350,,,
해운대 I PARK,2011,69000,2020,6,20,111.023,4,우동,1408,26350,,,
해운대경남아너스빌,2012,76500,2020,6,20,111.4161,19,중동,1788,26350,,,
해운대동백두산위브더제니스,2019,69500,2020,6,20,84.54,40,우동,1544,26350,,,
해운대동백두산위브더제니스,2019,74500,2020,6,20,84.54,42,우동,1544,26350,,,
해운대두산위브더제니스,2011,93000,2020,6,20,127.6584,26,우동,1407,26350,,,
해운대두산위브더제니스,2011,138000,2020,6,20,168.8988,38,우동,1407,26350,,,
해운대래미안,2014,84500,2020,6,20,101.5938,26,중동,1793,26350,,,
해운대래미안,2014,67250,2020,6,20,84.984,3,중동,1793,26350,,,
해운대래미안,2014,68500,2020,6,20,84.984,26,중동,1793,26350,,,
해운대엑소디움,2009,75000,2020,6,20,141.807,12,우동,1398,26350,,,
해운대자이1단지,2013,63000,2020,6,20,59.0621,15,우동,1527,26350,,,
해운대자이1단지,2013,77800,2020,6,20,84.5368,8,우동,1527,26350,,,
해운대자이2차1단지,2018,85000,2020,6,20,84.9188,26,우동,1536,26350,,,
해운대중동금호어울림,2006,51000,2020,6,20,84.9963,18,중동,899,26350,,,
해운대중동롯데캐슬마스터2,2007,54000,2020,6,20,84.9746,16,중동,181-1,26350,,,
해운대힐스테이트위브,2015,73500,2020,6,20,134.3188,12,중동,1818,26350,,,
현대(1051-2),1988,18000,2020,6,20,50.805,4,재송동,1051-2,26350,,,
현대그린맨션,1986,46000,2020,6,20,84.81,2,반여동,1411-10,26350,,,
현대카멜리아,2001,107000,2020,6,20,147.69,31,우동,1433,26350,,,
현대카멜리아,2001,92000,2020,6,20,152.88,19,우동,1433,26350,,,
화목,1996,42000,2020,6,20,84.36,2,좌동,1310,26350,,,
경동,1995,46300,2020,6,21,84.88,13,우동,974,26350,,,
대우트럼프월드센텀,2006,94500,2020,6,21,84.97,13,우동,1498,26350,,,
더샵센텀파크1차,2005,158000,2020,6,21,175.1244,49,재송동,1200,26350,,,
더샵센텀파크1차,2005,76000,2020,6,21,84.6389,19,재송동,1200,26350,,,
동부올림픽타운,1999,62900,2020,6,21,84.96,3,우동,1008-5,26350,,,
동신,1996,45000,2020,6,21,134.88,20,좌동,1302,26350,,,
상록,1998,24500,2020,6,21,59.85,2,좌동,1331,26350,,,
센텀삼익아파트,1981,20000,2020,6,21,53.25,10,재송동,1023,26350,,,
센텀삼익아파트,1981,19000,2020,6,21,49.96,6,재송동,1023,26350,,,
센텀삼환Nauville,1996,36900,2020,6,21,59.86,8,우동,1100,26350,,,
센텀삼환Nauville,1996,36500,2020,6,21,59.86,19,우동,1100,26350,,,
센텀삼환Nauville,1996,37900,2020,6,21,59.86,8,우동,1100,26350,,,
센텀파미르,2009,28000,2020,6,21,84.1253,8,재송동,1029,26350,,,
센텀협성,1987,12500,2020,6,21,45.18,5,재송동,1025-1,26350,,,
센텀협성르네상스타운,2013,43500,2020,6,21,84.4011,22,재송동,1324,26350,,,
센텀협성르네상스타운,2013,47500,2020,6,21,84.9181,11,재송동,1324,26350,,,
시영79년,1980,23500,2020,6,21,40.13,3,재송동,1030,26350,,,
시영79년,1980,23500,2020,6,21,40.13,5,재송동,1030,26350,,,
시영79년,1980,23500,2020,6,21,40.13,1,재송동,1030,26350,,,
이진,1998,12500,2020,6,21,59.7,11,반송동,260-6,26350,,,
재송그린,1984,13000,2020,6,21,50.31,1,재송동,1146-1,26350,,,
해운대래미안,2014,70000,2020,6,21,84.987,9,중동,1793,26350,,,
해운대래미안,2014,87000,2020,6,21,114.4345,15,중동,1793,26350,,,
해운대자이2차1단지,2018,87500,2020,6,21,84.9188,21,우동,1536,26350,,,
해운대힐스테이트위브,2015,70000,2020,6,21,98.1948,22,중동,1818,26350,,,
화목,1996,44500,2020,6,21,84.36,17,좌동,1310,26350,,,
건영2,1997,37000,2020,6,22,84.84,3,좌동,1298,26350,,,
경남선경,1996,33400,2020,6,22,84.93,6,좌동,1448,26350,,,
경동,1995,57900,2020,6,22,84.95,7,우동,974,26350,,,
경동,1995,38500,2020,6,22,58.695,5,우동,974,26350,,,
경동,1995,51000,2020,6,22,84.77,12,우동,974,26350,,,
대림,1996,27000,2020,6,22,59.816,8,좌동,1396,26350,,,
대림,1996,27900,2020,6,22,59.816,4,좌동,1396,26350,,,
대림,1996,30000,2020,6,22,59.816,17,좌동,1396,26350,,,
대우월드마크센텀,2010,109500,2020,6,22,116.69,9,우동,1488,26350,,,
대우월드마크센텀,2010,115000,2020,6,22,116.69,30,우동,1488,26350,,,
대우월드마크센텀,2010,114000,2020,6,22,117.42,16,우동,1488,26350,,,
더샵센텀파크1차,2005,95800,2020,6,22,151.9156,5,재송동,1200,26350,,,
더샵센텀파크1차,2005,118000,2020,6,22,126.9004,47,재송동,1200,26350,,,
덕광,1991,19500,2020,6,22,55.84,5,반여동,763,26350,,,
동부,1996,44000,2020,6,22,99.78,7,좌동,1412,26350,,,
동부올림픽타운,1999,59000,2020,6,22,84.96,1,우동,1008-5,26350,,,
동부올림픽타운,1999,52000,2020,6,22,59.8,20,우동,1008-5,26350,,,
두산2,1996,33100,2020,6,22,59.94,10,좌동,1319,26350,,,
롯데,1993,55250,2020,6,22,84.84,5,우동,938,26350,,,
롯데3차,1997,31000,2020,6,22,59.6,12,좌동,1300,26350,,,
롯데3차,1997,26400,2020,6,22,59.6,3,좌동,1300,26350,,,
롯데3차,1997,30500,2020,6,22,59.6,18,좌동,1300,26350,,,
메가센텀한화꿈에그린,2008,46250,2020,6,22,84.9304,7,반여동,1662,26350,,,
메가센텀한화꿈에그린,2008,43000,2020,6,22,84.9793,10,반여동,1662,26350,,,
반도보라빌,2006,46000,2020,6,22,71.6967,6,우동,945,26350,,,
반도보라빌,2006,51900,2020,6,22,84.9073,6,우동,945,26350,,,
벽산1,1996,65000,2020,6,22,164.74,12,좌동,1321,26350,,,
벽산2,1996,45900,2020,6,22,101.78,20,좌동,1439,26350,,,
벽산삼협,1997,12150,2020,6,22,59.916,1,반송동,892,26350,,,
벽산한솔타운,1995,14000,2020,6,22,59.794,8,반여동,1063-2,26350,,,
삼성,1997,29100,2020,6,22,59.944,14,좌동,1413,26350,,,
삼한그린맨션,1990,8500,2020,6,22,59.93,3,반송동,401,26350,,,
상록,1998,22300,2020,6,22,59.85,4,좌동,1331,26350,,,
센텀SD,1993,22800,2020,6,22,114.84,17,반여동,692-6,26350,,,
센텀대림,1996,29000,2020,6,22,84.98,11,반여동,1199-11,26350,,,
센텀대림,1996,20900,2020,6,22,59.99,20,반여동,1199-11,26350,,,
센텀두산위브,2014,62560,2020,6,22,84.972,5,우동,1105,26350,,,
센텀리슈빌2단지,2019,60000,2020,6,22,84.9916,23,재송동,1355,26350,,,
센텀리슈빌2단지,2019,60000,2020,6,22,84.9916,23,재송동,1355,26350,,,
센텀센시빌,2003,41000,2020,6,22,84.9402,17,우동,1228,26350,,,
센텀이편한세상,2006,57000,2020,6,22,84.98,27,재송동,939-2,26350,,,
센텀이편한세상,2006,59800,2020,6,22,84.98,9,재송동,939-2,26350,,,
센텀이편한세상,2006,57000,2020,6,22,84.98,26,재송동,939-2,26350,,,
센텀파미르,2009,22000,2020,6,22,59.7826,8,재송동,1029,26350,,,
센텀현대,1999,34500,2020,6,22,84.92,6,우동,1102-221,26350,,,
시영80년,1981,22000,2020,6,22,46.94,3,재송동,1026-1,26350,,,
시영80년,1981,21500,2020,6,22,43.9,3,재송동,1026-1,26350,,,
우방신세계타운,2002,19000,2020,6,22,59.97,19,반여동,1190-1,26350,,,
우신골든메르시아,2010,64500,2020,6,22,148.51,20,우동,1410-2,26350,,,
재송그린,1984,14500,2020,6,22,47.79,2,재송동,1146-1,26350,,,
해운대 I PARK,2011,71500,2020,6,22,119.851,31,우동,1408,26350,,,
해운대두산위브더제니스,2011,89700,2020,6,22,111.07,29,우동,1407,26350,,,
해운대두산위브더제니스,2011,100000,2020,6,22,127.6584,10,우동,1407,26350,,,
해운대두산위브더제니스,2011,165000,2020,6,22,168.8988,68,우동,1407,26350,,,
해운대센텀트루엘1단지,2019,29700,2020,6,22,59.9663,5,반여동,1682,26350,,,
해운대자이1단지,2013,83000,2020,6,22,84.5368,8,우동,1527,26350,,,
해운대한신휴플러스,2014,54500,2020,6,22,84.7772,4,우동,777,26350,,,
해운대힐스테이트위브,2015,72000,2020,6,22,129.1554,3,중동,1818,26350,,,
해운대힐스테이트위브,2015,74000,2020,6,22,106.3407,18,중동,1818,26350,,,
해운대힐스테이트위브,2015,70000,2020,6,22,129.8796,15,중동,1818,26350,,,
현대그린맨션,1986,35000,2020,6,22,57.09,13,반여동,1411-10,26350,,,
현대그린맨션,1986,49000,2020,6,22,101.53,8,반여동,1411-10,26350,,,
화목,1996,34300,2020,6,22,56.345,18,좌동,1310,26350,,,
화목,1996,33700,2020,6,22,56.345,11,좌동,1310,26350,,,
LH뜨란채아파트,1997,23600,2020,6,23,59.98,5,좌동,1278,26350,,,
경남선경,1996,25000,2020,6,23,59.85,19,좌동,1448,26350,,,
경동,1995,70000,2020,6,23,123.98,7,우동,974,26350,,,
경동,1995,37000,2020,6,23,59.55,4,우동,974,26350,,,
대림,1996,41200,2020,6,23,84.974,12,좌동,1396,26350,,,
대우,1996,29000,2020,6,23,59.946,16,좌동,1333,26350,,,
대우,1996,39900,2020,6,23,84.962,11,좌동,1333,26350,,,
대우트럼프월드마린,2007,155000,2020,6,23,187.88,23,우동,1410,26350,,,
대우트럼프월드마린,2007,182000,2020,6,23,217.95,10,우동,1410,26350,,,
대우트럼프월드마린,2007,128000,2020,6,23,171.7,16,우동,1410,26350,,,
더샵센텀파크1차,2005,110000,2020,6,23,126.9004,21,재송동,1200,26350,,,
더샵센텀파크1차,2005,125000,2020,6,23,125.4155,19,재송동,1200,26350,,,
더샵센텀파크1차,2005,117000,2020,6,23,125.4155,9,재송동,1200,26350,,,
더샵센텀파크1차,2005,82500,2020,6,23,84.6389,28,재송동,1200,26350,,,
더샵센텀파크1차,2005,110000,2020,6,23,126.9004,21,재송동,1200,26350,,,
더샵센텀파크1차,2005,100000,2020,6,23,126.9004,30,재송동,1200,26350,,,
동부올림픽타운,1999,79000,2020,6,23,114.92,9,우동,1008-5,26350,,,
동부올림픽타운,1999,70000,2020,6,23,114.92,9,우동,1008-5,26350,,,
롯데,1993,51800,2020,6,23,84.84,1,우동,938,26350,,,
롯데3차,1997,30950,2020,6,23,59.76,11,좌동,1300,26350,,,
메가센텀한화꿈에그린,2008,55800,2020,6,23,129.749,12,반여동,1662,26350,,,
벽산1,1996,63000,2020,6,23,164.74,17,좌동,1321,26350,,,
삼정그린코아,1994,18500,2020,6,23,84.9,11,반송동,78,26350,,,
센텀SKVIEW아파트,2001,23900,2020,6,23,76.56,15,반여동,1174-1,26350,,,
센텀글로리아,1989,7000,2020,6,23,59.62,6,재송동,1160-12,26350,,,
센텀대림,1996,34000,2020,6,23,126.93,21,반여동,1199-11,26350,,,
센텀롯데캐슬2차,2005,29000,2020,6,23,84.97,13,반여동,1660,26350,,,
센텀롯데캐슬3차아파트,2005,30000,2020,6,23,59.9399,8,반여동,1641,26350,,,
센텀롯데캐슬3차아파트,2005,25500,2020,6,23,59.6231,23,반여동,1641,26350,,,
센텀리슈빌1단지,2019,68500,2020,6,23,84.8531,33,재송동,1350,26350,,,
센텀리슈빌2단지,2019,61500,2020,6,23,84.6823,11,재송동,1355,26350,,,
센텀리슈빌2단지,2019,65000,2020,6,23,84.6823,15,재송동,1355,26350,,,
센텀마리나,1993,22500,2020,6,23,69.95,9,우동,930-20,26350,,,
센텀삼익아파트,1981,18500,2020,6,23,53.25,2,재송동,1023,26350,,,
센텀삼환Nauville,1996,37500,2020,6,23,59.86,10,우동,1100,26350,,,
센텀우신골든빌,2006,25800,2020,6,23,76.0621,13,재송동,1048-3,26350,,,
센텀이진캐스빌,1993,15400,2020,6,23,84.51,9,재송동,111,26350,,,
센텀이편한세상,2006,45000,2020,6,23,73.405,24,재송동,939-2,26350,,,
센텀이편한세상,2006,43000,2020,6,23,73.405,8,재송동,939-2,26350,,,
신동아,1991,35800,2020,6,23,84.75,10,우동,496-1,26350,,,
아시아선수촌아파트,2002,30900,2020,6,23,59.92,15,반여동,1638,26350,,,
아시아선수촌아파트,2002,38000,2020,6,23,84.8,7,반여동,1638,26350,,,
아시아선수촌아파트,2002,30000,2020,6,23,59.92,7,반여동,1638,26350,,,
아시아선수촌아파트,2002,37700,2020,6,23,84.8,10,반여동,1638,26350,,,
아시아선수촌아파트,2002,35000,2020,6,23,75.57,22,반여동,1638,26350,,,
에이스,1992,13800,2020,6,23,76.78,7,재송동,1159-1,26350,,,
엘지,1996,25800,2020,6,23,59.94,6,좌동,1398,26350,,,
엘지,1996,40000,2020,6,23,84.973,2,좌동,1398,26350,,,
엘지,1996,54000,2020,6,23,134.94,7,좌동,1398,26350,,,
엘지,1996,24500,2020,6,23,59.94,1,좌동,1398,26350,,,
일동미라주,2001,18400,2020,6,23,56.9704,9,반여동,1192-3,26350,,,
장산동국,1993,13800,2020,6,23,84.93,2,재송동,1182-1,26350,,,
창신맨션,1986,29700,2020,6,23,52.2,3,반여동,668-1,26350,,,
해운대 I PARK,2011,57000,2020,6,23,83.012,58,우동,1408,26350,,,
해운대 I PARK,2011,75000,2020,6,23,99.794,12,우동,1408,26350,,,
해운대더샵센텀그린,2019,28900,2020,6,23,59.9607,5,반여동,1672,26350,,,
해운대더샵센텀그린,2019,28900,2020,6,23,59.9607,5,반여동,1672,26350,,,
해운대동일,1998,28800,2020,6,23,59.94,18,중동,1763,26350,,,
해운대동일,1998,30000,2020,6,23,59.94,16,중동,1763,26350,,,
해운대두산위브더제니스,2011,133500,2020,6,23,145.8083,66,우동,1407,26350,,,
해운대두산위브더제니스,2011,133500,2020,6,23,145.8083,66,우동,1407,26350,,,
해운대센텀트루엘1단지,2019,39000,2020,6,23,84.9593,15,반여동,1682,26350,,,
해운대자이2차1단지,2018,82500,2020,6,23,84.9188,4,우동,1536,26350,,,
해운대자이2차1단지,2018,73000,2020,6,23,59.8144,19,우동,1536,26350,,,
해운대자이2차1단지,2018,89000,2020,6,23,84.9651,6,우동,1536,26350,,,
해운대자이2차1단지,2018,89000,2020,6,23,84.9601,19,우동,1536,26350,,,
해운대자이2차1단지,2018,76500,2020,6,23,84.9188,12,우동,1536,26350,,,
해운대힐스테이트위브,2015,84500,2020,6,23,134.3188,37,중동,1818,26350,,,
해운대힐스테이트위브,2015,79000,2020,6,23,129.8796,32,중동,1818,26350,,,
현대,1996,37000,2020,6,23,84.41,12,좌동,1337,26350,,,
현대,1996,54000,2020,6,23,134.005,11,좌동,1337,26350,,,
현대그린맨션,1986,43500,2020,6,23,76.35,4,반여동,1411-10,26350,,,
현대아쿠아팰리스동백섬,2006,61700,2020,6,23,137.32,14,우동,785,26350,,,
현대하이페리온,2006,99000,2020,6,23,207.1134,14,우동,1434-2,26350,,,
화목,1996,34000,2020,6,23,56.345,13,좌동,1310,26350,,,
화목,1996,59900,2020,6,23,155.41,22,좌동,1310,26350,,,
경동,1995,54000,2020,6,24,84.95,5,우동,974,26350,,,
대산,1984,19500,2020,6,24,45.81,4,반여동,763-28,26350,,,
대우,1996,29500,2020,6,24,59.946,12,좌동,1333,26350,,,
대우2,1998,28200,2020,6,24,59.946,19,좌동,1438,26350,,,
대우트럼프월드마린,2007,104000,2020,6,24,158.74,23,우동,1410,26350,,,
대원,1998,20500,2020,6,24,59.79,1,좌동,1307,26350,,,
더샵센텀파크1차,2005,70000,2020,6,24,84.6389,4,재송동,1200,26350,,,
더샵센텀파크1차,2005,131000,2020,6,24,151.9156,23,재송동,1200,26350,,,
동부,1996,43500,2020,6,24,99.78,9,좌동,1412,26350,,,
두산2,1996,28800,2020,6,24,59.94,3,좌동,1319,26350,,,
롯데3차,1997,27800,2020,6,24,59.6,5,좌동,1300,26350,,,
롯데3차,1997,27500,2020,6,24,59.76,20,좌동,1300,26350,,,
롯데4,1999,39800,2020,6,24,84.935,8,좌동,1419,26350,,,
롯데4,1999,27000,2020,6,24,59.6,14,좌동,1419,26350,,,
롯데캐슬마린,2004,57000,2020,6,24,84.9702,11,중동,1360,26350,,,
메가센텀한화꿈에그린,2008,50000,2020,6,24,119.3506,17,반여동,1662,26350,,,
메가센텀한화꿈에그린,2008,49700,2020,6,24,100.9973,12,반여동,1662,26350,,,
메가센텀한화꿈에그린,2008,53000,2020,6,24,129.749,2,반여동,1662,26350,,,
메가센텀한화꿈에그린,2008,50000,2020,6,24,119.3506,17,반여동,1662,26350,,,
벽산1,1996,33500,2020,6,24,59.73,3,좌동,1321,26350,,,
벽산1,1996,59900,2020,6,24,134.95,24,좌동,1321,26350,,,
벽산1,1996,34600,2020,6,24,59.73,4,좌동,1321,26350,,,
벽산1,1996,48000,2020,6,24,84.99,3,좌동,1321,26350,,,
삼한2,1997,13500,2020,6,24,59.98,15,반송동,872,26350,,,
센텀SKVIEW아파트,2001,40000,2020,6,24,124.59,19,반여동,1174-1,26350,,,
센텀대림,1996,20000,2020,6,24,59.99,3,반여동,1199-11,26350,,,
센텀대림,1996,20700,2020,6,24,59.99,6,반여동,1199-11,26350,,,
센텀대림,1996,20500,2020,6,24,59.99,23,반여동,1199-11,26350,,,
센텀롯데캐슬아파트,2004,25500,2020,6,24,59.7601,21,반여동,1619,26350,,,
센텀리슈빌2단지,2019,59500,2020,6,24,84.9916,11,재송동,1355,26350,,,
센텀삼익아파트,1981,14500,2020,6,24,53.25,6,재송동,1023,26350,,,
센텀삼익아파트,1981,14500,2020,6,24,53.25,6,재송동,1023,26350,,,
센텀삼익아파트,1981,19500,2020,6,24,53.25,3,재송동,1023,26350,,,
센텀삼익아파트,1981,18600,2020,6,24,53.25,9,재송동,1023,26350,,,
센텀삼환Nauville,1996,37000,2020,6,24,59.86,2,우동,1100,26350,,,
센텀센시빌,2003,38000,2020,6,24,84.9402,3,우동,1228,26350,,,
센텀시티더블유,2013,30000,2020,6,24,84.76,13,재송동,1071-8,26350,,,
센텀이편한세상,2006,62000,2020,6,24,123.86,6,재송동,939-2,26350,,,
센텀재송빌,1991,11500,2020,6,24,59.13,4,재송동,273-3,26350,,,
시영79년,1980,23500,2020,6,24,40.13,2,재송동,1030,26350,,,
시영79년,1980,23300,2020,6,24,40.13,5,재송동,1030,26350,,,
시영79년,1980,23800,2020,6,24,40.13,1,재송동,1030,26350,,,
시영79년,1980,24000,2020,6,24,40.13,4,재송동,1030,26350,,,
시영80년,1981,23000,2020,6,24,46.94,3,재송동,1026-1,26350,,,
아남하이츠3차,1989,87000,2020,6,24,174.98,1,중동,1501-4,26350,,,
엘지,1996,41500,2020,6,24,84.973,11,좌동,1398,26350,,,
엘지,1996,41500,2020,6,24,84.973,4,좌동,1398,26350,,,
우방신세계타운,2002,20300,2020,6,24,59.96,22,반여동,1190-1,26350,,,
재송그린,1984,15400,2020,6,24,50.31,5,재송동,1146-1,26350,,,
해운대 I PARK,2011,151000,2020,6,24,184.628,6,우동,1408,26350,,,
해운대두산위브더제니스,2011,130000,2020,6,24,157.0176,64,우동,1407,26350,,,
해운대두산위브더제니스,2011,73500,2020,6,24,100.9628,26,우동,1407,26350,,,
해운대두산위브더제니스,2011,89000,2020,6,24,127.6584,17,우동,1407,26350,,,
해운대두산위브더제니스,2011,92000,2020,6,24,127.6584,6,우동,1407,26350,,,
해운대래미안,2014,98500,2020,6,24,140.7375,15,중동,1793,26350,,,
해운대자이1단지,2013,108000,2020,6,24,120.3642,2,우동,1527,26350,,,
해운대자이1단지,2013,80500,2020,6,24,84.5368,5,우동,1527,26350,,,
해운대자이1단지,2013,83500,2020,6,24,84.5368,22,우동,1527,26350,,,
해운대중동롯데캐슬마스터2,2007,54800,2020,6,24,84.9746,14,중동,181-1,26350,,,
해운대힐스테이트위브,2015,85000,2020,6,24,129.8796,30,중동,1818,26350,,,
해운대힐스테이트위브,2015,70000,2020,6,24,80.949,9,중동,1818,26350,,,
해운대힐스테이트위브,2015,85000,2020,6,24,98.1948,24,중동,1818,26350,,,
현대(1051-2),1988,16300,2020,6,24,41.235,6,재송동,1051-2,26350,,,
현대(1051-2),1988,18000,2020,6,24,50.805,13,재송동,1051-2,26350,,,
건영1,1998,24600,2020,6,25,59.88,20,좌동,1414,26350,,,
건영2,1997,28500,2020,6,25,59.526,12,좌동,1298,26350,,,
경동,1995,40000,2020,6,25,59.535,6,우동,974,26350,,,
광하주택2,1988,8300,2020,6,25,43.97,2,반송동,93,26350,,,
금호,1996,20500,2020,6,25,74.445,17,재송동,1041-3,26350,,,
대림비치,1977,29000,2020,6,25,45.95,5,중동,1396-1,26350,,,
대우2,1998,46500,2020,6,25,134.64,19,좌동,1438,26350,,,
대우동삼,1993,56000,2020,6,25,84.87,15,우동,1007-16,26350,,,
대우월드마크센텀,2010,150500,2020,6,25,161.12,10,우동,1488,26350,,,
대우월드마크센텀,2010,140000,2020,6,25,159.68,4,우동,1488,26350,,,
대우트럼프월드센텀,2006,126000,2020,6,25,109.57,8,우동,1498,26350,,,
더샵센텀스타,2008,65000,2020,6,25,109.14,22,재송동,1196,26350,,,
더샵센텀스타,2008,63500,2020,6,25,109.14,29,재송동,1196,26350,,,
더샵센텀파크1차,2005,105000,2020,6,25,100.945,44,재송동,1200,26350,,,
더샵센텀파크1차,2005,85000,2020,6,25,84.6389,29,재송동,1200,26350,,,
더샵센텀파크1차,2005,105000,2020,6,25,100.945,44,재송동,1200,26350,,,
롯데,1993,57900,2020,6,25,84.84,4,우동,938,26350,,,
롯데4,1999,28000,2020,6,25,59.6,7,좌동,1419,26350,,,
메가센텀한화꿈에그린,2008,52000,2020,6,25,119.3506,10,반여동,1662,26350,,,
메가센텀한화꿈에그린,2008,51500,2020,6,25,119.6109,5,반여동,1662,26350,,,
벽산한솔타운,1995,12000,2020,6,25,59.794,7,반여동,1063-2,26350,,,
삼호가든맨션,1985,90000,2020,6,25,84.99,1,우동,1104-1,26350,,,
센텀SD,1993,14900,2020,6,25,82.094,11,반여동,692-6,26350,,,
센텀SKVIEW아파트,2001,23500,2020,6,25,59.52,24,반여동,1174-1,26350,,,
센텀두산위브,2014,62000,2020,6,25,84.999,5,우동,1105,26350,,,
센텀두산위브,2014,57000,2020,6,25,84.999,1,우동,1105,26350,,,
센텀롯데캐슬아파트,2004,30500,2020,6,25,84.97,3,반여동,1619,26350,,,
센텀삼흥,1986,23000,2020,6,25,69.12,3,재송동,97-1,26350,,,
센텀센시빌,2003,36000,2020,6,25,84.9794,10,우동,1228,26350,,,
센텀이편한세상,2006,47000,2020,6,25,73.405,21,재송동,939-2,26350,,,
센텀이편한세상,2006,43900,2020,6,25,84.842,3,재송동,939-2,26350,,,
센텀피오레1차,2005,36000,2020,6,25,84.9446,9,재송동,1302,26350,,,
센텀피오레1차,2005,35500,2020,6,25,84.9446,19,재송동,1302,26350,,,
시영79년,1980,22000,2020,6,25,40.13,5,재송동,1030,26350,,,
시영79년,1980,23500,2020,6,25,40.13,5,재송동,1030,26350,,,
시영79년,1980,22600,2020,6,25,40.13,3,재송동,1030,26350,,,
시영80년,1981,21000,2020,6,25,43.9,4,재송동,1026-1,26350,,,
시영80년,1981,20300,2020,6,25,43.9,2,재송동,1026-1,26350,,,
신동비치,1991,19500,2020,6,25,84.86,1,우동,345-6,26350,,,
엘시티,2019,212000,2020,6,25,144.2584,60,중동,1829,26350,,,
중동삼정그린코아,2002,32000,2020,6,25,59.97,8,중동,262-1,26350,,,
해운대 I PARK,2011,98500,2020,6,25,126.607,10,우동,1408,26350,,,
해운대 I PARK,2011,78000,2020,6,25,108.108,45,우동,1408,26350,,,
해운대동백두산위브더제니스,2019,77000,2020,6,25,84.54,29,우동,1544,26350,,,
해운대두산위브더제니스,2011,139000,2020,6,25,145.8083,44,우동,1407,26350,,,
해운대래미안,2014,89600,2020,6,25,114.4345,32,중동,1793,26350,,,
해운대래미안,2014,92000,2020,6,25,140.7375,7,중동,1793,26350,,,
해운대한솔솔파크,2006,39700,2020,6,25,84.8627,24,우동,887-1,26350,,,
해운대힐스테이트위브,2015,95000,2020,6,25,134.3188,20,중동,1818,26350,,,
현대(1051-2),1988,16300,2020,6,25,41.235,2,재송동,1051-2,26350,,,
현대4,1989,70000,2020,6,25,84.69,3,반여동,1477-10,26350,,,
현대4,1989,70000,2020,6,25,84.69,3,반여동,1477-10,26350,,,
현대베네시티,2005,129000,2020,6,25,217.1614,9,우동,1432,26350,,,
협성그린파크,1992,22500,2020,6,25,84.87,12,우동,347-2,26350,,,
SKVIEW,1998,22800,2020,6,26,59.91,15,좌동,1450,26350,,,
SKVIEW,1998,24000,2020,6,26,59.99,10,좌동,1450,26350,,,
경동,1995,52500,2020,6,26,84.95,6,우동,974,26350,,,
경동,1995,55000,2020,6,26,84.95,19,우동,974,26350,,,
달맞이유림노르웨이숲,2017,53000,2020,6,26,84.9136,6,중동,1821,26350,,,
대동타운,1996,48700,2020,6,26,115.64,10,좌동,1288,26350,,,
대동타운,1996,23500,2020,6,26,50.575,15,좌동,1288,26350,,,
대림,1996,25700,2020,6,26,59.816,2,좌동,1396,26350,,,
대우월드마크센텀,2010,139000,2020,6,26,134.69,16,우동,1488,26350,,,
더샵센텀누리,2014,52000,2020,6,26,84.982,24,재송동,1223,26350,,,
더샵센텀누리,2014,50200,2020,6,26,84.982,13,재송동,1223,26350,,,
더샵센텀누리,2014,52000,2020,6,26,84.982,24,재송동,1223,26350,,,
더샵센텀파크1차,2005,119000,2020,6,26,151.9156,13,재송동,1200,26350,,,
더샵센텀파크1차,2005,80000,2020,6,26,84.6528,10,재송동,1200,26350,,,
더샵센텀파크2차,2005,89900,2020,6,26,127.489,11,재송동,1197,26350,,,
동부,1996,44800,2020,6,26,99.78,10,좌동,1412,26350,,,
동부올림픽타운,1999,79500,2020,6,26,114.92,3,우동,1008-5,26350,,,
동부올림픽타운,1999,79500,2020,6,26,114.92,3,우동,1008-5,26350,,,
동부올림픽타운,1999,68000,2020,6,26,114.92,2,우동,1008-5,26350,,,
동부올림픽타운,1999,61000,2020,6,26,84.96,3,우동,1008-5,26350,,,
동부올림픽타운,1999,79500,2020,6,26,114.92,3,우동,1008-5,26350,,,
롯데캐슬마린,2004,57000,2020,6,26,84.9702,30,중동,1360,26350,,,
메가센텀한화꿈에그린,2008,38900,2020,6,26,84.9793,3,반여동,1662,26350,,,
메가센텀한화꿈에그린,2008,57000,2020,6,26,135.1946,15,반여동,1662,26350,,,
반도보라빌,2006,52600,2020,6,26,84.9073,14,우동,945,26350,,,
반도보라빌,2006,52500,2020,6,26,84.9073,21,우동,945,26350,,,
센텀롯데캐슬3차아파트,2005,35700,2020,6,26,84.9798,15,반여동,1641,26350,,,
센텀롯데캐슬3차아파트,2005,35600,2020,6,26,84.9798,13,반여동,1641,26350,,,
센텀삼환Nauville,1996,52000,2020,6,26,84.84,18,우동,1100,26350,,,
센텀센시빌,2003,40800,2020,6,26,84.9794,15,우동,1228,26350,,,
센텀센시빌,2003,42000,2020,6,26,84.9402,8,우동,1228,26350,,,
센텀센시빌,2003,45000,2020,6,26,84.9402,24,우동,1228,26350,,,
센텀우신골든빌,2006,29500,2020,6,26,84.8404,18,재송동,1048-3,26350,,,
센텀이편한세상,2006,50000,2020,6,26,84.842,25,재송동,939-2,26350,,,
센텀이편한세상,2006,59000,2020,6,26,84.98,24,재송동,939-2,26350,,,
센텀피오레1차,2005,37500,2020,6,26,84.9446,20,재송동,1302,26350,,,
센텀피오레1차,2005,39900,2020,6,26,74.2233,18,재송동,1302,26350,,,
센텀협성,1987,13500,2020,6,26,50.76,3,재송동,1025-1,26350,,,
센텀협성르네상스타운,2013,46500,2020,6,26,84.4011,27,재송동,1324,26350,,,
시영79년,1980,24000,2020,6,26,40.13,1,재송동,1030,26350,,,
시영79년,1980,23750,2020,6,26,40.13,3,재송동,1030,26350,,,
시영79년,1980,23700,2020,6,26,40.13,5,재송동,1030,26350,,,
시영80년,1981,19000,2020,6,26,43.9,5,재송동,1026-1,26350,,,
아시아선수촌아파트,2002,43500,2020,6,26,101.55,17,반여동,1638,26350,,,
아시아선수촌아파트,2002,28500,2020,6,26,59.92,5,반여동,1638,26350,,,
아크로뷰,2004,5400,2020,6,26,21.87,8,중동,1554,26350,,,
엘시티,2019,240000,2020,6,26,161.9826,32,중동,1829,26350,,,
재송그린,1984,16500,2020,6,26,58.59,5,재송동,1146-1,26350,,,
재송그린,1984,16500,2020,6,26,58.59,5,재송동,1146-1,26350,,,
재송그린,1984,17000,2020,6,26,50.31,3,재송동,1146-1,26350,,,
재송그린,1984,16500,2020,6,26,58.59,5,재송동,1146-1,26350,,,
코오롱,1997,39000,2020,6,26,84.95,13,좌동,1348,26350,,,
해운대 I PARK,2011,56000,2020,6,26,83.012,39,우동,1408,26350,,,
해운대 센트럴파크,1998,16500,2020,6,26,39.95,7,좌동,1282,26350,,,
해운대 센트럴파크,1998,27400,2020,6,26,59.99,11,좌동,1282,26350,,,
해운대두산위브더제니스,2011,90000,2020,6,26,111.07,26,우동,1407,26350,,,
해운대두산위브더제니스,2011,74000,2020,6,26,104.4925,12,우동,1407,26350,,,
해운대두산위브더제니스,2011,126000,2020,6,26,157.0176,57,우동,1407,26350,,,
해운대엑소디움,2009,84500,2020,6,26,139.328,13,우동,1398,26350,,,
해운대자이2차1단지,2018,89000,2020,6,26,84.9601,3,우동,1536,26350,,,
해운대중동롯데캐슬마스터2,2007,50000,2020,6,26,84.9746,2,중동,181-1,26350,,,
해운대힐스테이트위브,2015,66500,2020,6,26,102.3162,24,중동,1818,26350,,,
해운대힐스테이트위브,2015,65500,2020,6,26,80.949,32,중동,1818,26350,,,
해운대힐스테이트위브,2015,63000,2020,6,26,102.3162,15,중동,1818,26350,,,
해운대힐스테이트위브,2015,63000,2020,6,26,102.3162,15,중동,1818,26350,,,
해운대힐스테이트위브,2015,75000,2020,6,26,116.5366,38,중동,1818,26350,,,
해운파크맨션,1985,25200,2020,6,26,52.56,4,우동,397-68,26350,,,
현대,1996,32000,2020,6,26,59.445,16,좌동,1337,26350,,,
화목,1996,31800,2020,6,26,56.345,11,좌동,1310,26350,,,
SKVIEW,1998,15900,2020,6,27,49.98,2,좌동,1450,26350,,,
건영2,1997,41300,2020,6,27,84.84,10,좌동,1298,26350,,,
경남선경,1996,25300,2020,6,27,59.85,19,좌동,1448,26350,,,
경동,1995,58500,2020,6,27,84.95,15,우동,974,26350,,,
경동,1995,75500,2020,6,27,187.38,2,우동,974,26350,,,
경동,1995,73300,2020,6,27,123.98,9,우동,974,26350,,,
경동,1995,83000,2020,6,27,175.41,6,우동,974,26350,,,
경동,1995,75000,2020,6,27,123.98,12,우동,974,26350,,,
경동,1995,42000,2020,6,27,59.535,9,우동,974,26350,,,
경동,1995,40500,2020,6,27,58.695,9,우동,974,26350,,,
남흥,1996,15800,2020,6,27,59.95,15,반송동,887,26350,,,
달맞이유림노르웨이숲,2017,82000,2020,6,27,118.5179,15,중동,1821,26350,,,
대동타운,1996,51400,2020,6,27,134.01,24,좌동,1288,26350,,,
대림,1996,27800,2020,6,27,59.816,4,좌동,1396,26350,,,
대림,1996,39500,2020,6,27,84.974,2,좌동,1396,26350,,,
대우,1996,28500,2020,6,27,59.946,5,좌동,1333,26350,,,
대우,1996,44000,2020,6,27,134.64,1,좌동,1333,26350,,,
대우동삼,1993,52000,2020,6,27,84.87,15,우동,1007-16,26350,,,
대원,1998,33600,2020,6,27,59.79,13,좌동,1307,26350,,,
대창,1996,46500,2020,6,27,134.64,10,좌동,1273,26350,,,
더샵센텀누리,2014,55000,2020,6,27,101.251,14,재송동,1223,26350,,,
더샵센텀누리,2014,51800,2020,6,27,84.982,26,재송동,1223,26350,,,
더샵센텀파크1차,2005,119500,2020,6,27,126.9004,42,재송동,1200,26350,,,
더샵센텀파크1차,2005,110000,2020,6,27,126.9004,19,재송동,1200,26350,,,
더샵센텀파크1차,2005,120000,2020,6,27,126.9004,18,재송동,1200,26350,,,
더샵센텀파크1차,2005,76000,2020,6,27,84.6389,8,재송동,1200,26350,,,
더샵센텀파크1차,2005,85000,2020,6,27,84.6528,26,재송동,1200,26350,,,
더샵센텀파크1차,2005,78000,2020,6,27,84.6389,27,재송동,1200,26350,,,
더샵센텀파크2차,2005,79000,2020,6,27,84.6389,39,재송동,1197,26350,,,
더샵센텀파크2차,2005,79000,2020,6,27,84.6389,39,재송동,1197,26350,,,
더샵센텀파크2차,2005,68500,2020,6,27,84.6389,38,재송동,1197,26350,,,
동부,1996,38000,2020,6,27,99.78,1,좌동,1412,26350,,,
동부올림픽타운,1999,48000,2020,6,27,59.8,6,우동,1008-5,26350,,,
마린시티자이,2019,118000,2020,6,27,80.5848,46,우동,1405-1,26350,,,
메가센텀한화꿈에그린,2008,53000,2020,6,27,119.6109,23,반여동,1662,26350,,,
메가센텀한화꿈에그린,2008,45800,2020,6,27,84.9793,25,반여동,1662,26350,,,
반여현대,1995,14800,2020,6,27,59.92,17,반여동,1088,26350,,,
벽산1,1996,58000,2020,6,27,101.78,17,좌동,1321,26350,,,
벽산1,1996,50000,2020,6,27,84.99,4,좌동,1321,26350,,,
벽산1,1996,64700,2020,6,27,134.95,20,좌동,1321,26350,,,
벽산금호,1991,22000,2020,6,27,82.62,12,우동,397-117,26350,,,
삼성콘도맨션,1985,57500,2020,6,27,79.71,11,중동,1154-5,26350,,,
상록,1998,26500,2020,6,27,59.85,15,좌동,1331,26350,,,
센텀SKVIEW아파트,2001,20000,2020,6,27,59.91,10,반여동,1174-1,26350,,,
센텀경동리인,2018,62000,2020,6,27,82.6744,8,우동,1543,26350,,,
센텀대림,1996,21300,2020,6,27,59.99,18,반여동,1199-11,26350,,,
센텀대림,1996,21300,2020,6,27,59.99,18,반여동,1199-11,26350,,,
센텀리슈빌1단지,2019,85000,2020,6,27,107.1617,15,재송동,1350,26350,,,
센텀삼익아파트,1981,19000,2020,6,27,49.96,10,재송동,1023,26350,,,
센텀삼환Nauville,1996,54000,2020,6,27,84.84,15,우동,1100,26350,,,
센텀삼환Nauville,1996,36700,2020,6,27,59.86,4,우동,1100,26350,,,
센텀우신골든빌,2006,27250,2020,6,27,84.8404,7,재송동,1048-3,26350,,,
센텀우신골든빌,2006,23700,2020,6,27,76.0621,4,재송동,1048-3,26350,,,
센텀이진캐스빌,1993,15500,2020,6,27,84.89,1,재송동,111,26350,,,
센텀이편한세상,2006,49500,2020,6,27,84.842,22,재송동,939-2,26350,,,
센텀이편한세상,2006,41000,2020,6,27,73.405,12,재송동,939-2,26350,,,
센텀이편한세상,2006,45000,2020,6,27,73.405,10,재송동,939-2,26350,,,
센텀이편한세상,2006,48000,2020,6,27,84.842,21,재송동,939-2,26350,,,
센텀이편한세상,2006,49500,2020,6,27,84.842,22,재송동,939-2,26350,,,
센텀이편한세상,2006,58500,2020,6,27,84.98,25,재송동,939-2,26350,,,
센텀피오레1차,2005,35000,2020,6,27,84.9446,3,재송동,1302,26350,,,
센텀현대,1999,26800,2020,6,27,59.84,13,우동,1102-221,26350,,,
센텀현대,1999,36000,2020,6,27,84.92,15,우동,1102-221,26350,,,
센텀협성,1987,13900,2020,6,27,52.86,5,재송동,1025-1,26350,,,
시영79년,1980,23600,2020,6,27,40.13,3,재송동,1030,26350,,,
시영79년,1980,24500,2020,6,27,40.13,5,재송동,1030,26350,,,
시영79년,1980,23700,2020,6,27,40.13,2,재송동,1030,26350,,,
시영79년,1980,23500,2020,6,27,40.13,2,재송동,1030,26350,,,
시영79년,1980,23700,2020,6,27,40.13,3,재송동,1030,26350,,,
시영79년,1980,23500,2020,6,27,40.13,3,재송동,1030,26350,,,
엘지,1996,21900,2020,6,27,49.83,13,좌동,1398,26350,,,
엘지,1996,27500,2020,6,27,59.94,6,좌동,1398,26350,,,
한라,1996,51500,2020,6,27,134.97,9,좌동,1323,26350,,,
한보장산,1995,9500,2020,6,27,59.8,8,재송동,1184-1,26350,,,
해운대 I PARK,2011,79000,2020,6,27,89.496,47,우동,1408,26350,,,
해운대 센트럴파크,1998,24000,2020,6,27,59.99,21,좌동,1282,26350,,,
해운대동백두산위브더제니스,2019,78800,2020,6,27,84.17,38,우동,1544,26350,,,
해운대두산위브더제니스,2011,96000,2020,6,27,118.3775,26,우동,1407,26350,,,
해운대두산위브더제니스,2011,115000,2020,6,27,145.8083,47,우동,1407,26350,,,
해운대래미안,2014,69800,2020,6,27,84.984,31,중동,1793,26350,,,
해운대래미안,2014,67800,2020,6,27,84.987,10,중동,1793,26350,,,
해운대래미안,2014,66500,2020,6,27,84.984,21,중동,1793,26350,,,
해운대래미안,2014,64000,2020,6,27,84.984,14,중동,1793,26350,,,
해운대자이1단지,2013,83000,2020,6,27,84.5368,16,우동,1527,26350,,,
해운대자이1단지,2013,124000,2020,6,27,120.3642,11,우동,1527,26350,,,
해운대자이1단지,2013,60800,2020,6,27,59.0621,4,우동,1527,26350,,,
해운대자이1단지,2013,82000,2020,6,27,84.5368,10,우동,1527,26350,,,
해운대힐스테이트위브,2015,71500,2020,6,27,105.8829,24,중동,1818,26350,,,
해운대힐스테이트위브,2015,69500,2020,6,27,129.1554,21,중동,1818,26350,,,
해운대힐스테이트위브,2015,124000,2020,6,27,158.6162,35,중동,1818,26350,,,
해운대힐스테이트위브,2015,71500,2020,6,27,105.8829,24,중동,1818,26350,,,
해운대힐스테이트위브,2015,70000,2020,6,27,102.3162,29,중동,1818,26350,,,
해운대힐스테이트위브,2015,67000,2020,6,27,98.1948,9,중동,1818,26350,,,
현대,1996,40500,2020,6,27,84.41,15,좌동,1337,26350,,,
현대그린맨션,1986,49000,2020,6,27,84.81,5,반여동,1411-10,26350,,,
화목,1996,48150,2020,6,27,101.76,6,좌동,1310,26350,,,
화목,1996,33500,2020,6,27,56.345,5,좌동,1310,26350,,,
화목,1996,46200,2020,6,27,101.76,3,좌동,1310,26350,,,
경동,1995,51700,2020,6,28,84.95,9,우동,974,26350,,,
대우,1996,28700,2020,6,28,59.946,20,좌동,1333,26350,,,
더샵센텀스타,2008,137000,2020,6,28,164.32,34,재송동,1196,26350,,,
동부,1996,26500,2020,6,28,58.44,13,좌동,1412,26350,,,
두산위브포세이돈,2007,126000,2020,6,28,168.43,43,우동,1410-1,26350,,,
반도보라빌,2006,52500,2020,6,28,84.9073,19,우동,945,26350,,,
삼환,1998,23300,2020,6,28,59.76,9,좌동,1445,26350,,,
센텀글로리아,1989,8500,2020,6,28,55.02,2,재송동,1160-12,26350,,,
센텀롯데캐슬아파트,2004,32000,2020,6,28,84.97,6,반여동,1619,26350,,,
센텀롯데캐슬아파트,2004,34500,2020,6,28,84.97,9,반여동,1619,26350,,,
센텀센시빌,2003,42200,2020,6,28,84.9402,18,우동,1228,26350,,,
센텀피오레1차,2005,38700,2020,6,28,84.9446,16,재송동,1302,26350,,,
엘지,1996,27250,2020,6,28,59.94,21,좌동,1398,26350,,,
해운대 I PARK,2011,110000,2020,6,28,157.513,18,우동,1408,26350,,,
해운대 센트럴파크,1998,19000,2020,6,28,49.73,18,좌동,1282,26350,,,
해운대두산위브더제니스,2011,94500,2020,6,28,118.3775,18,우동,1407,26350,,,
해운대자이1단지,2013,79500,2020,6,28,84.9493,2,우동,1527,26350,,,
해운대케이씨씨스위첸,2011,112000,2020,6,28,153.208,25,좌동,1492,26350,,,
협진태양,1995,37800,2020,6,28,118.105,5,중동,1516-5,26350,,,
SKVIEW,1998,21800,2020,6,29,59.99,9,좌동,1450,26350,,,
SKVIEW,1998,21800,2020,6,29,59.99,9,좌동,1450,26350,,,
SKVIEW,1998,21000,2020,6,29,59.91,16,좌동,1450,26350,,,
경동,1995,40000,2020,6,29,58.695,5,우동,974,26350,,,
경동,1995,40000,2020,6,29,58.695,5,우동,974,26350,,,
경동,1995,39000,2020,6,29,58.695,19,우동,974,26350,,,
달맞이경동메르빌,2002,36500,2020,6,29,69.16,9,중동,1515-2,26350,,,
대우2,1998,28700,2020,6,29,59.946,23,좌동,1438,26350,,,
대우2,1998,29500,2020,6,29,59.946,25,좌동,1438,26350,,,
대우동삼,1993,51800,2020,6,29,84.87,15,우동,1007-16,26350,,,
대우트럼프월드마린,2007,161800,2020,6,29,187.88,21,우동,1410,26350,,,
더샵센텀누리,2014,64500,2020,6,29,120.422,23,재송동,1223,26350,,,
더샵센텀스타,2008,66000,2020,6,29,109.14,34,재송동,1196,26350,,,
더샵센텀스타,2008,89000,2020,6,29,135.65,33,재송동,1196,26350,,,
더샵센텀파크1차,2005,125000,2020,6,29,125.4155,9,재송동,1200,26350,,,
동부,1996,43500,2020,6,29,83.6,12,좌동,1412,26350,,,
동부,1996,24900,2020,6,29,58.44,3,좌동,1412,26350,,,
두산1차아파트,1996,25000,2020,6,29,59.94,5,좌동,1394,26350,,,
두산1차아파트,1996,22400,2020,6,29,59.94,1,좌동,1394,26350,,,
롯데,1993,49300,2020,6,29,84.84,15,우동,938,26350,,,
롯데3차,1997,28700,2020,6,29,59.76,6,좌동,1300,26350,,,
롯데캐슬마린,2004,57250,2020,6,29,84.9702,23,중동,1360,26350,,,
메가센텀한화꿈에그린,2008,49000,2020,6,29,100.9973,10,반여동,1662,26350,,,
메가센텀한화꿈에그린,2008,46000,2020,6,29,84.9793,26,반여동,1662,26350,,,
벽산1,1996,62500,2020,6,29,134.95,13,좌동,1321,26350,,,
벽산2,1996,44000,2020,6,29,101.78,10,좌동,1439,26350,,,
벽산금호,1991,14500,2020,6,29,49.95,13,우동,397-117,26350,,,
벽산금호,1991,14500,2020,6,29,49.95,13,우동,397-117,26350,,,
벽산금호,1991,14500,2020,6,29,49.95,13,우동,397-117,26350,,,
삼강,1983,13200,2020,6,29,36.3,4,중동,1402-5,26350,,,
삼성,1997,30500,2020,6,29,59.914,4,좌동,1413,26350,,,
상록,1998,24100,2020,6,29,59.85,15,좌동,1331,26350,,,
상록,1998,26000,2020,6,29,59.85,13,좌동,1331,26350,,,
선프라자,1995,26800,2020,6,29,59.34,16,우동,1434,26350,,,
센텀SKVIEW아파트,2001,38400,2020,6,29,124.59,5,반여동,1174-1,26350,,,
센텀그린타워,1993,12300,2020,6,29,84.64,14,재송동,1187,26350,,,
센텀동부센트레빌,2006,39000,2020,6,29,84.9885,3,재송동,380-1,26350,,,
센텀두산위브,2014,42000,2020,6,29,53.107,17,우동,1105,26350,,,
센텀롯데캐슬아파트,2004,27200,2020,6,29,59.9675,14,반여동,1619,26350,,,
센텀롯데캐슬아파트,2004,36000,2020,6,29,101.7996,2,반여동,1619,26350,,,
센텀리슈빌1단지,2019,60000,2020,6,29,84.4517,10,재송동,1350,26350,,,
센텀삼익아파트,1981,18900,2020,6,29,49.96,5,재송동,1023,26350,,,
센텀삼익아파트,1981,21300,2020,6,29,70.582,11,재송동,1023,26350,,,
센텀센시빌,2003,42500,2020,6,29,84.9402,4,우동,1228,26350,,,
센텀이편한세상,2006,46000,2020,6,29,73.405,24,재송동,939-2,26350,,,
센텀피오레1차,2005,33800,2020,6,29,84.9446,9,재송동,1302,26350,,,
센텀피오레1차,2005,33800,2020,6,29,84.9446,9,재송동,1302,26350,,,
센텀협성,1987,11700,2020,6,29,35.01,3,재송동,1025-1,26350,,,
센텀협성르네상스타운,2013,49900,2020,6,29,84.9181,18,재송동,1324,26350,,,
시영79년,1980,22500,2020,6,29,40.13,3,재송동,1030,26350,,,
시영79년,1980,23500,2020,6,29,40.13,1,재송동,1030,26350,,,
시영79년,1980,23500,2020,6,29,40.13,4,재송동,1030,26350,,,
시영79년,1980,23700,2020,6,29,40.13,3,재송동,1030,26350,,,
시영80년,1981,21000,2020,6,29,43.9,1,재송동,1026-1,26350,,,
아시아선수촌아파트,2002,33000,2020,6,29,75.57,14,반여동,1638,26350,,,
아시아선수촌아파트,2002,36300,2020,6,29,84.8,9,반여동,1638,26350,,,
엘시티,2019,224000,2020,6,29,161.9826,54,중동,1829,26350,,,
엘시티,2019,224000,2020,6,29,161.9826,54,중동,1829,26350,,,
엘지,1996,27200,2020,6,29,59.94,24,좌동,1398,26350,,,
우방신세계타운,2002,32000,2020,6,29,126.84,7,반여동,1190-1,26350,,,
재송그린,1984,13200,2020,6,29,36.33,4,재송동,1146-1,26350,,,
한일,1996,24500,2020,6,29,58.2,3,좌동,1274,26350,,,
해운대 I PARK,2011,106000,2020,6,29,139.316,36,우동,1408,26350,,,
해운대 I PARK,2011,70700,2020,6,29,90.993,27,우동,1408,26350,,,
해운대 I PARK,2011,67000,2020,6,29,119.851,11,우동,1408,26350,,,
해운대 I PARK,2011,64800,2020,6,29,117.745,4,우동,1408,26350,,,
해운대 I PARK,2011,68000,2020,6,29,119.851,4,우동,1408,26350,,,
해운대동일,1998,29000,2020,6,29,59.91,23,중동,1763,26350,,,
해운대두산위브더제니스,2011,85000,2020,6,29,111.07,11,우동,1407,26350,,,
해운대두산위브더제니스,2011,138000,2020,6,29,157.0176,50,우동,1407,26350,,,
해운대두산위브더제니스,2011,140000,2020,6,29,168.8988,35,우동,1407,26350,,,
해운대두산위브더제니스,2011,94000,2020,6,29,127.6584,16,우동,1407,26350,,,
해운대두산위브더제니스,2011,115000,2020,6,29,157.0176,32,우동,1407,26350,,,
해운대래미안,2014,63000,2020,6,29,84.984,4,중동,1793,26350,,,
해운대센텀미진이지비아아파트,2020,57100,2020,6,29,74.9949,14,우동,1553,26350,,,
해운대센텀트루엘2단지,2019,37800,2020,6,29,75.2877,21,반여동,1676,26350,,,
해운대힐스테이트위브,2015,64000,2020,6,29,102.3162,14,중동,1818,26350,,,
해운대힐스테이트위브,2015,88000,2020,6,29,134.3188,10,중동,1818,26350,,,
해운대힐스테이트위브,2015,84500,2020,6,29,134.3188,24,중동,1818,26350,,,
해운대힐스테이트위브,2015,76500,2020,6,29,98.1948,29,중동,1818,26350,,,
해운대힐스테이트위브,2015,93000,2020,6,29,153.5704,28,중동,1818,26350,,,
해운대힐스테이트위브,2015,87000,2020,6,29,153.5704,30,중동,1818,26350,,,
현대,1996,47700,2020,6,29,102.08,18,좌동,1337,26350,,,
현대(1051-2),1988,15500,2020,6,29,41.235,6,재송동,1051-2,26350,,,
현대베네시티,2005,120000,2020,6,29,169.1829,21,우동,1432,26350,,,
현대카멜리아,2001,100000,2020,6,29,147.69,28,우동,1433,26350,,,
LH뜨란채아파트,1997,23200,2020,6,30,59.98,4,좌동,1278,26350,,,
LH뜨란채아파트,1997,23200,2020,6,30,59.98,4,좌동,1278,26350,,,
건영1,1998,27000,2020,6,30,59.88,19,좌동,1414,26350,,,
경동,1995,77000,2020,6,30,175.41,2,우동,974,26350,,,
경동,1995,40500,2020,6,30,58.695,16,우동,974,26350,,,
공작맨션,1984,67000,2020,6,30,69.39,4,우동,450,26350,,,
그린파크,1988,8500,2020,6,30,47.68,2,반여동,1600-1,26350,,,
대림비치,1977,41500,2020,6,30,60.1,8,중동,1396-1,26350,,,
대창,1996,43400,2020,6,30,101.94,8,좌동,1273,26350,,,
대창,1996,35500,2020,6,30,84.962,9,좌동,1273,26350,,,
더샵센텀파크1차,2005,88000,2020,6,30,84.6389,13,재송동,1200,26350,,,
더샵센텀파크2차,2005,77000,2020,6,30,127.489,18,재송동,1197,26350,,,
동부올림픽타운,1999,53000,2020,6,30,59.8,11,우동,1008-5,26350,,,
동부올림픽타운,1999,53000,2020,6,30,59.8,10,우동,1008-5,26350,,,
동신,1996,24350,2020,6,30,55.68,12,좌동,1302,26350,,,
두산위브포세이돈,2007,138500,2020,6,30,170.5,40,우동,1410-1,26350,,,
두산위브포세이돈,2007,138500,2020,6,30,170.5,40,우동,1410-1,26350,,,
롯데,1993,57900,2020,6,30,84.84,4,우동,938,26350,,,
롯데,1993,79800,2020,6,30,134.63,4,우동,938,26350,,,
롯데캐슬마린,2004,59000,2020,6,30,101.927,30,중동,1360,26350,,,
메가센텀한화꿈에그린,2008,54500,2020,6,30,129.749,4,반여동,1662,26350,,,
반도보라빌,2006,56700,2020,6,30,84.9073,8,우동,945,26350,,,
벽산1,1996,36500,2020,6,30,59.73,5,좌동,1321,26350,,,
벽산2,1996,24900,2020,6,30,59.73,13,좌동,1439,26350,,,
삼호가든맨션,1985,90000,2020,6,30,84.692,13,우동,1104-1,26350,,,
성우맨션,1981,36000,2020,6,30,57.45,4,중동,797-3,26350,,,
센텀SKVIEW아파트,2001,29400,2020,6,30,103.05,1,반여동,1174-1,26350,,,
센텀대림,1996,25000,2020,6,30,84.98,2,반여동,1199-11,26350,,,
센텀대림,1996,20500,2020,6,30,59.99,23,반여동,1199-11,26350,,,
센텀동부센트레빌,2006,42500,2020,6,30,84.9926,18,재송동,380-1,26350,,,
센텀동부센트레빌,2006,41000,2020,6,30,84.9926,10,재송동,380-1,26350,,,
센텀롯데캐슬2차,2005,25000,2020,6,30,59.9675,12,반여동,1660,26350,,,
센텀롯데캐슬3차아파트,2005,25800,2020,6,30,59.6231,24,반여동,1641,26350,,,
센텀삼익아파트,1981,19000,2020,6,30,49.96,8,재송동,1023,26350,,,
센텀삼익아파트,1981,19000,2020,6,30,49.96,13,재송동,1023,26350,,,
센텀삼환Nauville,1996,37800,2020,6,30,59.86,12,우동,1100,26350,,,
센텀삼환Nauville,1996,53500,2020,6,30,84.84,3,우동,1100,26350,,,
센텀삼환Nauville,1996,37000,2020,6,30,59.86,11,우동,1100,26350,,,
센텀센시빌,2003,39000,2020,6,30,84.9402,10,우동,1228,26350,,,
센텀스카이A,2013,19000,2020,6,30,81.61,8,재송동,1121-28,26350,,,
센텀이편한세상,2006,44700,2020,6,30,84.842,7,재송동,939-2,26350,,,
센텀캐슬,2013,10000,2020,6,30,35.53,6,재송동,1093-10,26350,,,
센텀협성르네상스타운,2013,46000,2020,6,30,73.4795,29,재송동,1324,26350,,,
시영79년,1980,23200,2020,6,30,40.13,1,재송동,1030,26350,,,
시영79년,1980,23200,2020,6,30,40.13,1,재송동,1030,26350,,,
시영79년,1980,23500,2020,6,30,40.13,1,재송동,1030,26350,,,
시영79년,1980,23500,2020,6,30,40.13,1,재송동,1030,26350,,,
시영79년,1980,23900,2020,6,30,40.13,2,재송동,1030,26350,,,
시영80년,1981,21000,2020,6,30,43.9,4,재송동,1026-1,26350,,,
아시아선수촌아파트,2002,35300,2020,6,30,75.57,18,반여동,1638,26350,,,
엘시티,2019,270000,2020,6,30,186.0063,68,중동,1829,26350,,,
엘시티,2019,163000,2020,6,30,144.2584,19,중동,1829,26350,,,
엘지,1996,28500,2020,6,30,59.94,15,좌동,1398,26350,,,
영광그린파크(나),1993,14000,2020,6,30,84.78,6,재송동,1121-2,26350,,,
이진,1998,14300,2020,6,30,59.7,8,반송동,260-6,26350,,,
코오롱,1997,40000,2020,6,30,84.95,23,좌동,1348,26350,,,
해운대 I PARK,2011,149000,2020,6,30,170.058,70,우동,1408,26350,,,
해운대 I PARK,2011,149000,2020,6,30,170.058,70,우동,1408,26350,,,
해운대 I PARK,2011,91300,2020,6,30,139.316,8,우동,1408,26350,,,
해운대 I PARK,2011,87000,2020,6,30,111.023,47,우동,1408,26350,,,
해운대 I PARK,2011,149000,2020,6,30,170.058,70,우동,1408,26350,,,
해운대경동제이드,2012,140000,2020,6,30,169.7302,17,우동,763,26350,,,
해운대두산위브더제니스,2011,100000,2020,6,30,127.6584,34,우동,1407,26350,,,
해운대두산위브더제니스,2011,154000,2020,6,30,156.5733,65,우동,1407,26350,,,
해운대두산위브더제니스,2011,84000,2020,6,30,111.07,17,우동,1407,26350,,,
해운대두산위브더제니스,2011,122500,2020,6,30,127.6584,51,우동,1407,26350,,,
해운대두산위브더제니스,2011,80000,2020,6,30,104.4925,25,우동,1407,26350,,,
해운대래미안,2014,67700,2020,6,30,84.984,5,중동,1793,26350,,,
해운대래미안,2014,73000,2020,6,30,84.987,22,중동,1793,26350,,,
해운대비치베르빌,2005,40000,2020,6,30,103.035,29,중동,1199-5,26350,,,
해운대센텀미진이지비아아파트,2020,62780,2020,6,30,74.9949,22,우동,1553,26350,,,
해운대힐스테이트위브,2015,73000,2020,6,30,105.8829,19,중동,1818,26350,,,
해운대힐스테이트위브,2015,94000,2020,6,30,153.5704,21,중동,1818,26350,,,
해운대힐스테이트위브,2015,93000,2020,6,30,153.5704,21,중동,1818,26350,,,
해운대힐스테이트위브,2015,74000,2020,6,30,105.8829,27,중동,1818,26350,,,
현대1차,1991,9000,2020,6,30,77.14,3,반여동,1581-6,26350,,,
