단지명,건축년도,거래금액(만원),계약년,계약월,계약일,전용면적(㎡),층,법정동,지번,시군구코드,거래유형,매수자구분,매도자구분
e편한세상송도,2018,50000,2020,2,1,84.4163,9,송도동,319-1,28185,,,
e편한세상송도,2018,40300,2020,2,1,70.3826,1,송도동,319-1,28185,,,
건영,1994,21500,2020,2,1,84.945,5,동춘동,938,28185,,,
건영,1994,25000,2020,2,1,84.945,1,동춘동,938,28185,,,
글로벌캠퍼스푸르지오,2013,54000,2020,2,1,101.99,4,송도동,190-2,28185,,,
글로벌캠퍼스푸르지오,2013,51500,2020,2,1,94.99,17,송도동,190-2,28185,,,
글로벌캠퍼스푸르지오,2013,66500,2020,2,1,115.98,37,송도동,190-2,28185,,,
글로벌캠퍼스푸르지오,2013,49500,2020,2,1,94.98,3,송도동,190-2,28185,,,
글로벌캠퍼스푸르지오,2013,59900,2020,2,1,101.98,22,송도동,190-2,28185,,,
뉴서울,1992,28800,2020,2,1,126.89,5,선학동,352,28185,,,
더샵그린워크1차,2014,43000,2020,2,1,59.9201,23,송도동,18-6,28185,,,
더샵그린워크1차,2014,55000,2020,2,1,84.3408,16,송도동,18-6,28185,,,
더샵그린워크2차,2014,72000,2020,2,1,117.8951,9,송도동,17-3,28185,,,
더샵그린워크2차,2014,53200,2020,2,1,84.3408,4,송도동,17-3,28185,,,
더샵센트럴파크1,2010,60000,2020,2,1,96.318,35,송도동,23-3,28185,,,
더샵센트럴파크1,2010,44000,2020,2,1,78.2961,27,송도동,23-3,28185,,,
더샵센트럴파크1,2010,44700,2020,2,1,78.2961,34,송도동,23-3,28185,,,
더샵센트럴파크1,2010,79500,2020,2,1,115.156,15,송도동,23-3,28185,,,
더샵센트럴파크2,2011,92000,2020,2,1,134.8097,26,송도동,23-4,28185,,,
더샵센트럴파크2,2011,59800,2020,2,1,101.9456,24,송도동,23-4,28185,,,
더샵엑스포9단지,2009,62800,2020,2,1,126.4763,10,송도동,16-6,28185,,,
동남,1994,17650,2020,2,1,52.14,14,동춘동,943,28185,,,
동춘마을,1994,16750,2020,2,1,59.36,5,동춘동,921,28185,,,
동춘마을,1994,16500,2020,2,1,59.36,5,동춘동,921,28185,,,
롯데캐슬캠퍼스타운,2016,67900,2020,2,1,101.3056,31,송도동,149,28185,,,
롯데캐슬캠퍼스타운,2016,44200,2020,2,1,59.9715,8,송도동,149,28185,,,
베르디움더퍼스트,2017,45000,2020,2,1,63.9487,16,송도동,192-8,28185,,,
삼성,1996,19300,2020,2,1,59.98,6,옥련동,634-1,28185,,,
삼성,1996,24200,2020,2,1,84.97,4,옥련동,634-1,28185,,,
성지리벨루스,2006,39700,2020,2,1,84.586,15,송도동,2-12,28185,,,
송도글로벌파크베르디움,2017,54000,2020,2,1,63.9721,15,송도동,191-2,28185,,,
송도글로벌파크베르디움,2017,50750,2020,2,1,63.9721,4,송도동,191-2,28185,,,
송도글로벌파크베르디움,2017,54700,2020,2,1,63.9721,23,송도동,191-2,28185,,,
송도더샵그린애비뉴8단지,2012,56700,2020,2,1,111.6523,4,송도동,16-7,28185,,,
송도더샵그린애비뉴8단지,2012,50000,2020,2,1,84.992,3,송도동,16-7,28185,,,
송도더샵마스터뷰21BL,2015,64900,2020,2,1,84.92,18,송도동,110,28185,,,
송도더샵마스터뷰23-1BL,2015,72400,2020,2,1,84.94,27,송도동,112,28185,,,
송도더샵센트럴시티,2018,47800,2020,2,1,59.99,30,송도동,190-4,28185,,,
송도더샵센트럴시티,2018,47000,2020,2,1,59.97,37,송도동,190-4,28185,,,
송도더샵퍼스트파크F13-1BL,2017,82900,2020,2,1,95.81,5,송도동,100,28185,,,
송도더샵퍼스트파크F13-1BL,2017,80000,2020,2,1,84.94,24,송도동,100,28185,,,
송도더샵퍼스트파크F13-1BL,2017,65000,2020,2,1,68.72,30,송도동,100,28185,,,
송도더샵퍼스트파크F14BL,2017,56900,2020,2,1,59.89,9,송도동,101,28185,,,
송도더샵퍼스트파크F14BL,2017,63800,2020,2,1,68.72,12,송도동,101,28185,,,
송도더샵퍼스트파크F14BL,2017,58000,2020,2,1,59.89,31,송도동,101,28185,,,
송도더샵퍼스트파크F15BL,2017,59500,2020,2,1,59.98,5,송도동,102,28185,,,
송도더샵퍼스트파크F15BL,2017,60000,2020,2,1,59.89,9,송도동,102,28185,,,
송도더샵하버뷰(D13),2011,50000,2020,2,1,84.928,4,송도동,17-5,28185,,,
송도아메리칸타운아이파크,2018,45000,2020,2,1,64.168,46,송도동,155,28185,,,
송도에듀포레푸르지오,2016,63800,2020,2,1,84.852,29,송도동,191-4,28185,,,
송도에듀포레푸르지오,2016,40000,2020,2,1,59.859,28,송도동,191-4,28185,,,
송도에듀포레푸르지오,2016,45000,2020,2,1,59.978,32,송도동,191-4,28185,,,
송도웰카운티1단지,2008,70000,2020,2,1,134.99,12,송도동,9-31,28185,,,
송도웰카운티2단지,2007,54800,2020,2,1,101.99,9,송도동,9-29,28185,,,
송도웰카운티4단지,2010,54500,2020,2,1,84.87,11,송도동,9-5,28185,,,
송도웰카운티4단지,2010,66500,2020,2,1,101.8,9,송도동,9-5,28185,,,
송도자이하버뷰1단지,2011,81500,2020,2,1,148.612,13,송도동,19-6,28185,,,
송도자이하버뷰1단지,2011,65000,2020,2,1,120.745,13,송도동,19-6,28185,,,
송도캐슬&해모로,2013,46000,2020,2,1,84.4815,9,송도동,161-3,28185,,,
송도코오롱더프라우1단지,2009,49000,2020,2,1,134.967,7,송도동,15-12,28185,,,
송도푸르지오하버뷰,2011,62000,2020,2,1,111.8079,11,송도동,19-5,28185,,,
송도풍림아이원2단지,2005,38300,2020,2,1,84.94,6,송도동,3-10,28185,,,
송도풍림아이원2단지,2005,38970,2020,2,1,84.94,5,송도동,3-10,28185,,,
송도풍림아이원3단지,2005,39900,2020,2,1,84.94,13,송도동,3-13,28185,,,
송학둥지,1983,14000,2020,2,1,56.16,2,옥련동,118-1,28185,,,
송학둥지,1983,13800,2020,2,1,56.46,2,옥련동,118-1,28185,,,
시대,1994,16300,2020,2,1,49.585,4,청학동,451,28185,,,
쌍용,1998,29250,2020,2,1,84.98,14,옥련동,644-1,28185,,,
쌍용,1998,25500,2020,2,1,84.98,8,옥련동,644-1,28185,,,
아이파크송도,2005,50000,2020,2,1,101.8545,1,송도동,3-46,28185,,,
연수대우.삼환,1994,28900,2020,2,1,90.18,18,동춘동,925-7,28185,,,
연수대우.삼환,1994,32800,2020,2,1,90.18,16,동춘동,925-7,28185,,,
연수서해그랑블1단지,2017,36000,2020,2,1,70.77,8,동춘동,1131-1,28185,,,
연수서해그랑블1단지,2017,42200,2020,2,1,84.98,23,동춘동,1131-1,28185,,,
연수주공2차,1992,14300,2020,2,1,49.94,3,연수동,533,28185,,,
용담마을,1994,15450,2020,2,1,49.995,3,청학동,454,28185,,,
유천,1993,22100,2020,2,1,84.87,4,연수동,534,28185,,,
태산,1993,24300,2020,2,1,84.56,9,연수동,576,28185,,,
풍림3,1993,24000,2020,2,1,84.3,2,동춘동,922,28185,,,
풍림3,1993,21500,2020,2,1,84.3,5,동춘동,922,28185,,,
한양2,1994,22300,2020,2,1,68.36,4,동춘동,932,28185,,,
한양2,1994,26700,2020,2,1,84.97,1,동춘동,932,28185,,,
한양2,1994,27500,2020,2,1,84.97,2,동춘동,932,28185,,,
한양2,1994,23900,2020,2,1,68.36,4,동춘동,932,28185,,,
해모로월드뷰,2012,69800,2020,2,1,113.9066,29,송도동,157,28185,,,
해모로월드뷰,2012,65000,2020,2,1,113.9066,31,송도동,157,28185,,,
해모로월드뷰,2012,72000,2020,2,1,113.9066,28,송도동,157,28185,,,
해모로월드뷰,2012,47700,2020,2,1,84.8507,6,송도동,157,28185,,,
현대,1993,29950,2020,2,1,96.23,2,동춘동,924,28185,,,
현대1,1993,31000,2020,2,1,84.97,6,동춘동,928,28185,,,
현대1,1993,30800,2020,2,1,84.97,2,동춘동,928,28185,,,
현대2차아파트,1995,21500,2020,2,1,59.985,4,옥련동,633,28185,,,
현대4,1997,21500,2020,2,1,59.985,10,옥련동,637-1,28185,,,
효정,1993,22700,2020,2,1,84.95,9,연수동,537,28185,,,
대림,1993,28000,2020,2,2,84.795,14,연수동,532,28185,,,
더샵그린워크1차,2014,56000,2020,2,2,84.8682,14,송도동,18-6,28185,,,
송도에듀포레푸르지오,2016,66000,2020,2,2,84.852,38,송도동,191-4,28185,,,
송도웰카운티1단지,2008,56000,2020,2,2,101.99,4,송도동,9-31,28185,,,
연수대우.삼환,1994,30800,2020,2,2,90.18,18,동춘동,925-7,28185,,,
영남송도,1984,15500,2020,2,2,56.16,2,옥련동,319-9,28185,,,
풍림1,1992,25900,2020,2,2,84.81,8,연수동,582,28185,,,
e편한세상송도,2018,59750,2020,2,3,84.4163,7,송도동,319-1,28185,,,
글로벌캠퍼스푸르지오,2013,59900,2020,2,3,115.98,5,송도동,190-2,28185,,,
대림3,1993,16650,2020,2,3,53.01,2,동춘동,940,28185,,,
더샵엑스포9단지,2009,62700,2020,2,3,116.3387,8,송도동,16-6,28185,,,
롯데캐슬,2012,63000,2020,2,3,110.7602,24,송도동,150,28185,,,
롯데캐슬캠퍼스타운,2016,50400,2020,2,3,59.7433,54,송도동,149,28185,,,
롯데캐슬캠퍼스타운,2016,48000,2020,2,3,59.7433,41,송도동,149,28185,,,
베르디움더퍼스트,2017,41000,2020,2,3,63.9029,2,송도동,192-8,28185,,,
베르디움더퍼스트,2017,46700,2020,2,3,63.9487,20,송도동,192-8,28185,,,
서해,1995,19000,2020,2,3,59.885,6,옥련동,632,28185,,,
세경,1997,16200,2020,2,3,51.75,3,연수동,578-1,28185,,,
송도더샵그린애비뉴8단지,2012,62000,2020,2,3,112.1643,22,송도동,16-7,28185,,,
송도더샵그린애비뉴8단지,2012,52500,2020,2,3,84.992,8,송도동,16-7,28185,,,
송도더샵마스터뷰21BL,2015,94500,2020,2,3,125.51,13,송도동,110,28185,,,
송도더샵마스터뷰23-1BL,2015,74000,2020,2,3,84.98,33,송도동,112,28185,,,
송도더샵마스터뷰23-1BL,2015,115000,2020,2,3,147.99,2,송도동,112,28185,,,
송도더샵하버뷰(D15),2012,50000,2020,2,3,84.8786,17,송도동,18-7,28185,,,
송도센트럴파크푸르지오,2015,89000,2020,2,3,84.9238,28,송도동,23-5,28185,,,
송도센트럴파크푸르지오,2015,88750,2020,2,3,96.934,9,송도동,23-5,28185,,,
송도캐슬&해모로,2013,50200,2020,2,3,84.4024,16,송도동,161-3,28185,,,
송도풍림아이원1단지,2005,40700,2020,2,3,84.7167,19,송도동,2-7,28185,,,
송도풍림아이원2단지,2005,39000,2020,2,3,84.94,8,송도동,3-10,28185,,,
송도한진해모로,2006,44200,2020,2,3,84.1224,9,송도동,3-44,28185,,,
"승기마을,연수1차시영",1992,15100,2020,2,3,50.67,8,연수동,582-2,28185,,,
연수서해그랑블1단지,2017,42300,2020,2,3,84.98,6,동춘동,1131-1,28185,,,
용담마을,1994,14000,2020,2,3,49.305,5,청학동,454,28185,,,
우성2,1994,14550,2020,2,3,40.5,1,연수동,634,28185,,,
원흥,1994,17500,2020,2,3,59.86,18,옥련동,631,28185,,,
태경,1992,20600,2020,2,3,84.945,2,연수동,535-2,28185,,,
태평,1997,21400,2020,2,3,59.93,16,옥련동,641-1,28185,,,
풍림2,1993,17000,2020,2,3,45.36,4,동춘동,929,28185,,,
현대4,1997,28300,2020,2,3,84.6,10,옥련동,637-1,28185,,,
e편한세상송도,2018,48000,2020,2,4,84.4163,25,송도동,319-1,28185,,,
글로벌캠퍼스푸르지오,2013,71500,2020,2,4,134.96,10,송도동,190-2,28185,,,
글로벌캠퍼스푸르지오,2013,50200,2020,2,4,84.98,32,송도동,190-2,28185,,,
글로벌캠퍼스푸르지오,2013,50700,2020,2,4,84.98,21,송도동,190-2,28185,,,
대림,1993,27500,2020,2,4,96.74,2,동춘동,924,28185,,,
대우1,1992,27700,2020,2,4,101.76,13,연수동,579,28185,,,
대진,1991,20500,2020,2,4,84.69,4,선학동,340,28185,,,
더샵그린스퀘어,2014,60700,2020,2,4,98.2428,7,송도동,192-1,28185,,,
더샵엑스포10단지,2009,51800,2020,2,4,84.9871,17,송도동,16-4,28185,,,
더샵엑스포6단지,2009,63000,2020,2,4,128.4673,3,송도동,15-2,28185,,,
동남,1994,17250,2020,2,4,52.14,5,동춘동,943,28185,,,
롯데캐슬캠퍼스타운,2016,61700,2020,2,4,84.578,12,송도동,149,28185,,,
백산,1994,21000,2020,2,4,84.99,8,옥련동,630,28185,,,
베르디움더퍼스트,2017,58000,2020,2,4,84.9572,10,송도동,192-8,28185,,,
송도글로벌파크베르디움,2017,63900,2020,2,4,74.9533,28,송도동,191-2,28185,,,
송도더샵그린애비뉴8단지,2012,59500,2020,2,4,112.1643,12,송도동,16-7,28185,,,
송도더샵마스터뷰21BL,2015,62000,2020,2,4,84.92,24,송도동,110,28185,,,
송도더샵퍼스트파크F13-1BL,2017,64800,2020,2,4,68.72,24,송도동,100,28185,,,
송도웰카운티1단지,2008,58000,2020,2,4,134.99,1,송도동,9-31,28185,,,
송도웰카운티1단지,2008,60000,2020,2,4,119.91,7,송도동,9-31,28185,,,
송도코오롱더프라우2단지,2009,53500,2020,2,4,148.308,13,송도동,15-11,28185,,,
송도푸르지오하버뷰,2011,84000,2020,2,4,150.2994,18,송도동,19-5,28185,,,
송도풍림아이원2단지,2005,38500,2020,2,4,84.94,17,송도동,3-10,28185,,,
송도풍림아이원2단지,2005,38500,2020,2,4,84.94,17,송도동,3-10,28185,,,
송도한진해모로,2006,55700,2020,2,4,123.1909,13,송도동,3-44,28185,,,
아이파크송도,2005,55000,2020,2,4,101.617,11,송도동,3-46,28185,,,
영남,1992,22600,2020,2,4,84.8,1,연수동,577,28185,,,
영남송도,1984,14000,2020,2,4,49.77,1,옥련동,319-9,28185,,,
영남송도,1984,13000,2020,2,4,58.32,2,옥련동,319-9,28185,,,
풍림2,1993,18700,2020,2,4,45.36,5,동춘동,929,28185,,,
현대2차아파트,1995,26000,2020,2,4,84.6,5,옥련동,633,28185,,,
현대2차아파트,1995,26500,2020,2,4,84.6,19,옥련동,633,28185,,,
현대2차아파트,1995,23700,2020,2,4,84.6,1,옥련동,633,28185,,,
효정,1993,20800,2020,2,4,84.95,15,연수동,537,28185,,,
건영,1994,25500,2020,2,5,84.945,3,동춘동,938,28185,,,
대우1,1992,26000,2020,2,5,101.76,2,연수동,579,28185,,,
더샵그린워크1차,2014,41000,2020,2,5,59.9201,3,송도동,18-6,28185,,,
더샵그린워크2차,2014,55900,2020,2,5,84.3408,8,송도동,17-3,28185,,,
더샵그린워크2차,2014,56500,2020,2,5,84.3408,10,송도동,17-3,28185,,,
더샵센트럴파크1,2010,75000,2020,2,5,115.156,6,송도동,23-3,28185,,,
더샵센트럴파크2,2011,89500,2020,2,5,134.8097,18,송도동,23-4,28185,,,
더샵퍼스트월드,2009,115000,2020,2,5,179.169,46,송도동,4-1,28185,,,
더샵퍼스트월드,2009,55000,2020,2,5,94.284,8,송도동,4-1,28185,,,
동남,1994,15900,2020,2,5,52.14,7,동춘동,943,28185,,,
동춘마을,1994,19000,2020,2,5,59.3,1,동춘동,921,28185,,,
럭키송도,1993,33000,2020,2,5,134.94,5,옥련동,626,28185,,,
롯데캐슬,2012,59500,2020,2,5,110.253,11,송도동,150,28185,,,
롯데캐슬캠퍼스타운,2016,65000,2020,2,5,101.3056,10,송도동,149,28185,,,
롯데캐슬캠퍼스타운,2016,58500,2020,2,5,84.578,29,송도동,149,28185,,,
베르디움더퍼스트,2017,43000,2020,2,5,63.9487,15,송도동,192-8,28185,,,
삼용,1994,23500,2020,2,5,84.96,12,청학동,448-1,28185,,,
세경,1997,15500,2020,2,5,51.75,9,연수동,578-1,28185,,,
솔밭마을아파트,1993,16800,2020,2,5,49.56,9,연수동,582-2,28185,,,
송도글로벌파크베르디움,2017,71300,2020,2,5,84.9359,26,송도동,191-2,28185,,,
송도글로벌파크베르디움,2017,59000,2020,2,5,74.9307,27,송도동,191-2,28185,,,
송도금호어울림,2005,41000,2020,2,5,84.89,10,송도동,3-38,28185,,,
송도더샵그린애비뉴7단지,2012,52500,2020,2,5,101.9444,27,송도동,16-8,28185,,,
송도더샵그린애비뉴8단지,2012,51500,2020,2,5,84.992,14,송도동,16-7,28185,,,
송도더샵그린워크3차(17-1블럭),2015,47400,2020,2,5,69.91,16,송도동,18-5,28185,,,
송도더샵그린워크3차(18-1블럭),2015,72000,2020,2,5,99.6,22,송도동,19-3,28185,,,
송도풍림아이원1단지,2005,39800,2020,2,5,84.7167,9,송도동,2-7,28185,,,
송도풍림아이원2단지,2005,39000,2020,2,5,84.94,7,송도동,3-10,28185,,,
송도풍림아이원2단지,2005,38950,2020,2,5,84.94,17,송도동,3-10,28185,,,
송학둥지,1983,15000,2020,2,5,56.16,4,옥련동,118-1,28185,,,
송학둥지,1983,13200,2020,2,5,56.16,2,옥련동,118-1,28185,,,
"승기마을,연수1차시영",1992,8700,2020,2,5,26.82,14,연수동,582-2,28185,,,
쌍용,1998,26500,2020,2,5,84.98,19,옥련동,644-1,28185,,,
아이파크송도,2005,52300,2020,2,5,101.617,5,송도동,3-46,28185,,,
연수주공2차,1992,14900,2020,2,5,49.94,9,연수동,533,28185,,,
"연수타운(금호,동아)",1993,33000,2020,2,5,101.97,3,동춘동,923,28185,,,
영남,1992,20000,2020,2,5,84.8,5,연수동,577,28185,,,
영남,1992,18200,2020,2,5,84.94,6,연수동,577,28185,,,
우성1,1994,42000,2020,2,5,160.03,14,연수동,635,28185,,,
유천,1993,19000,2020,2,5,60.07,5,연수동,534,28185,,,
유천,1993,24500,2020,2,5,84.87,7,연수동,534,28185,,,
자이(xi),1993,26600,2020,2,5,95.55,6,동춘동,924-3,28185,,,
태경,1992,20000,2020,2,5,84.945,3,연수동,535-2,28185,,,
한양1,1994,30000,2020,2,5,88.86,21,동춘동,925,28185,,,
한양2,1994,25000,2020,2,5,84.97,4,동춘동,932,28185,,,
글로벌캠퍼스푸르지오,2013,70000,2020,2,6,115.98,35,송도동,190-2,28185,,,
대림,1993,26000,2020,2,6,84.795,4,연수동,532,28185,,,
더샵그린워크2차,2014,62000,2020,2,6,84.3408,29,송도동,17-3,28185,,,
더샵센트럴파크1,2010,47900,2020,2,6,96.318,29,송도동,23-3,28185,,,
더샵퍼스트월드,2009,98000,2020,2,6,147.358,9,송도동,4-1,28185,,,
더샵퍼스트월드,2009,65000,2020,2,6,105.469,8,송도동,4-1,28185,,,
롯데캐슬,2012,58000,2020,2,6,110.253,3,송도동,150,28185,,,
베르디움더퍼스트,2017,54900,2020,2,6,74.9413,33,송도동,192-8,28185,,,
성지리벨루스,2006,38300,2020,2,6,84.66,9,송도동,2-12,28185,,,
송도글로벌파크베르디움,2017,53800,2020,2,6,63.9721,29,송도동,191-2,28185,,,
송도더샵그린워크3차(18-1블럭),2015,85000,2020,2,6,115.67,11,송도동,19-3,28185,,,
송도더샵마스터뷰21BL,2015,65000,2020,2,6,84.92,19,송도동,110,28185,,,
송도더샵마스터뷰22BL,2015,67000,2020,2,6,84.92,6,송도동,111,28185,,,
송도더샵하버뷰(D13),2011,50000,2020,2,6,84.928,13,송도동,17-5,28185,,,
송도더샵하버뷰(D14),2011,49900,2020,2,6,84.837,17,송도동,18-10,28185,,,
송도더샵하버뷰(D14),2011,52000,2020,2,6,84.837,6,송도동,18-10,28185,,,
송도아메리칸타운아이파크,2018,83000,2020,2,6,101.1204,39,송도동,155,28185,,,
송도아트윈푸르지오,2015,62500,2020,2,6,84.98,45,송도동,33-1,28185,,,
송도웰카운티3단지,2010,57700,2020,2,6,84.91,6,송도동,9-6,28185,,,
송도자이하버뷰1단지,2011,49800,2020,2,6,94.477,17,송도동,19-6,28185,,,
송도자이하버뷰2단지,2011,69500,2020,2,6,120.745,6,송도동,19-7,28185,,,
송도푸르지오하버뷰,2011,54000,2020,2,6,101.8096,3,송도동,19-5,28185,,,
송도풍림아이원1단지,2005,31700,2020,2,6,84.7167,1,송도동,2-7,28185,,,
송도풍림아이원2단지,2005,40000,2020,2,6,84.94,7,송도동,3-10,28185,,,
연수대우.삼환,1994,27000,2020,2,6,90.18,18,동춘동,925-7,28185,,,
연수대우.삼환,1994,30500,2020,2,6,90.18,9,동춘동,925-7,28185,,,
연수서해그랑블1단지,2017,34400,2020,2,6,70.75,7,동춘동,1131-1,28185,,,
우성2,1994,25500,2020,2,6,59.59,2,연수동,634,28185,,,
원흥,1994,17000,2020,2,6,59.86,8,옥련동,631,28185,,,
한양2,1994,22900,2020,2,6,68.36,3,동춘동,932,28185,,,
현대1,1993,29800,2020,2,6,84.97,8,동춘동,928,28185,,,
e편한세상송도,2018,40000,2020,2,7,70.2331,25,송도동,319-1,28185,,,
글로벌캠퍼스푸르지오,2013,55000,2020,2,7,94.98,23,송도동,190-2,28185,,,
뉴서울,1992,24900,2020,2,7,84.53,12,선학동,352,28185,,,
대동,1992,22900,2020,2,7,84.06,10,선학동,353,28185,,,
대동,1993,20250,2020,2,7,52.14,5,연수동,633,28185,,,
더샵그린스퀘어,2014,62800,2020,2,7,84.8669,27,송도동,192-1,28185,,,
더샵그린워크2차,2014,55700,2020,2,7,84.3408,4,송도동,17-3,28185,,,
더샵그린워크2차,2014,67000,2020,2,7,99.9837,29,송도동,17-3,28185,,,
더샵센트럴파크2,2011,93000,2020,2,7,134.8097,22,송도동,23-4,28185,,,
더샵퍼스트월드,2009,59500,2020,2,7,105.469,6,송도동,4-1,28185,,,
동남,1988,8500,2020,2,7,40.71,2,청학동,538-12,28185,,,
동남,1994,16000,2020,2,7,52.14,9,동춘동,943,28185,,,
동남,1994,16500,2020,2,7,52.14,6,동춘동,943,28185,,,
래미안,1993,28400,2020,2,7,95.76,6,동춘동,924-3,28185,,,
럭키송도,1993,20500,2020,2,7,68.61,9,옥련동,626,28185,,,
성일,1994,12500,2020,2,7,39.74,8,연수동,538,28185,,,
송도글로벌파크베르디움,2017,54500,2020,2,7,63.9721,18,송도동,191-2,28185,,,
송도더샵그린워크3차(17-1블럭),2015,48700,2020,2,7,69.91,23,송도동,18-5,28185,,,
송도더샵그린워크3차(18-1블럭),2015,58800,2020,2,7,84.89,14,송도동,19-3,28185,,,
송도더샵그린워크3차(18-1블럭),2015,60000,2020,2,7,84.73,26,송도동,19-3,28185,,,
송도더샵마스터뷰23-1BL,2015,90000,2020,2,7,125.51,12,송도동,112,28185,,,
송도더샵퍼스트파크F14BL,2017,58000,2020,2,7,59.89,17,송도동,101,28185,,,
송도더샵퍼스트파크F15BL,2017,62900,2020,2,7,59.98,19,송도동,102,28185,,,
송도더샵하버뷰(D14),2011,50000,2020,2,7,84.837,11,송도동,18-10,28185,,,
송도센트럴파크푸르지오,2015,69400,2020,2,7,84.9238,21,송도동,23-5,28185,,,
송도에듀포레푸르지오,2016,42000,2020,2,7,59.941,8,송도동,191-4,28185,,,
송도에듀포레푸르지오,2016,43000,2020,2,7,59.978,24,송도동,191-4,28185,,,
송도웰카운티1단지,2008,58900,2020,2,7,119.91,9,송도동,9-31,28185,,,
송도웰카운티2단지,2007,65000,2020,2,7,149.59,12,송도동,9-29,28185,,,
송도웰카운티2단지,2007,78000,2020,2,7,180.5,12,송도동,9-29,28185,,,
송도캐슬&해모로,2013,48000,2020,2,7,84.4815,11,송도동,161-3,28185,,,
송도캐슬&해모로,2013,55000,2020,2,7,111.3474,7,송도동,161-3,28185,,,
송도코오롱더프라우3단지,2012,52500,2020,2,7,129.394,18,송도동,15-10,28185,,,
송도푸르지오월드마크7단지,2010,59800,2020,2,7,156.854,10,송도동,22-21,28185,,,
송도풍림아이원3단지,2005,39900,2020,2,7,84.94,16,송도동,3-13,28185,,,
아이파크송도,2005,59800,2020,2,7,134.187,6,송도동,3-46,28185,,,
연수대우.삼환,1994,27450,2020,2,7,90.18,2,동춘동,925-7,28185,,,
용담마을,1994,12800,2020,2,7,49.305,1,청학동,454,28185,,,
우성2,1994,28750,2020,2,7,84.78,14,연수동,634,28185,,,
원흥,1994,21300,2020,2,7,84.63,3,옥련동,631,28185,,,
풍림2,1993,18500,2020,2,7,45.36,4,동춘동,929,28185,,,
현대,1993,31000,2020,2,7,101.88,6,동춘동,924,28185,,,
현대,1993,39500,2020,2,7,133.808,4,동춘동,924,28185,,,
현대1,1993,31300,2020,2,7,84.97,7,동춘동,928,28185,,,
현대3,1996,24500,2020,2,7,84.6,6,옥련동,635-1,28185,,,
대우1,1992,27200,2020,2,8,101.76,4,연수동,579,28185,,,
대진,1991,16600,2020,2,8,64.38,4,선학동,340,28185,,,
더샵그린스퀘어,2014,59500,2020,2,8,98.2428,3,송도동,192-1,28185,,,
더샵그린스퀘어,2014,60000,2020,2,8,84.8669,39,송도동,192-1,28185,,,
더샵그린워크1차,2014,44000,2020,2,8,59.9201,27,송도동,18-6,28185,,,
더샵그린워크1차,2014,44500,2020,2,8,59.9201,26,송도동,18-6,28185,,,
더샵그린워크1차,2014,45000,2020,2,8,59.9201,30,송도동,18-6,28185,,,
더샵그린워크1차,2014,58000,2020,2,8,84.8682,16,송도동,18-6,28185,,,
더샵그린워크2차,2014,49500,2020,2,8,74.8873,16,송도동,17-3,28185,,,
더샵그린워크2차,2014,46000,2020,2,8,74.8873,23,송도동,17-3,28185,,,
더샵센트럴파크1,2010,75000,2020,2,8,106.9262,45,송도동,23-3,28185,,,
더샵센트럴파크2,2011,140000,2020,2,8,146.5057,40,송도동,23-4,28185,,,
더샵센트럴파크2,2011,44400,2020,2,8,71.7602,33,송도동,23-4,28185,,,
더샵엑스포10단지,2009,57000,2020,2,8,115.0662,13,송도동,16-4,28185,,,
더샵퍼스트월드,2009,61500,2020,2,8,120.869,49,송도동,4-1,28185,,,
더샵퍼스트월드,2009,65000,2020,2,8,123.02,24,송도동,4-1,28185,,,
더샵퍼스트월드,2009,60000,2020,2,8,116.125,30,송도동,4-1,28185,,,
더샵퍼스트월드,2009,74500,2020,2,8,125.967,52,송도동,4-1,28185,,,
더샵퍼스트월드,2009,89000,2020,2,8,141.162,58,송도동,4-1,28185,,,
동남,1994,16800,2020,2,8,52.14,9,동춘동,943,28185,,,
롯데캐슬캠퍼스타운,2016,50000,2020,2,8,59.9715,55,송도동,149,28185,,,
베르디움더퍼스트,2017,62500,2020,2,8,84.993,27,송도동,192-8,28185,,,
베르디움더퍼스트,2017,43000,2020,2,8,63.9487,4,송도동,192-8,28185,,,
송도더샵그린애비뉴8단지,2012,55900,2020,2,8,101.8106,3,송도동,16-7,28185,,,
송도더샵그린애비뉴8단지,2012,57500,2020,2,8,101.9964,9,송도동,16-7,28185,,,
송도더샵그린워크3차(18-1블럭),2015,66000,2020,2,8,99.6,16,송도동,19-3,28185,,,
송도더샵그린워크3차(18-1블럭),2015,53700,2020,2,8,84.89,3,송도동,19-3,28185,,,
송도더샵그린워크3차(18-1블럭),2015,83000,2020,2,8,115.14,24,송도동,19-3,28185,,,
송도더샵마스터뷰21BL,2015,84800,2020,2,8,125.51,5,송도동,110,28185,,,
송도더샵마스터뷰21BL,2015,66500,2020,2,8,84.92,22,송도동,110,28185,,,
송도더샵센트럴시티,2018,59900,2020,2,8,72.99,31,송도동,190-4,28185,,,
송도더샵센트럴시티,2018,48000,2020,2,8,59.99,41,송도동,190-4,28185,,,
송도더샵퍼스트파크F13-1BL,2017,65900,2020,2,8,68.72,36,송도동,100,28185,,,
송도더샵퍼스트파크F13-1BL,2017,78500,2020,2,8,84.9,13,송도동,100,28185,,,
송도더샵퍼스트파크F13-1BL,2017,69000,2020,2,8,68.96,31,송도동,100,28185,,,
송도더샵퍼스트파크F14BL,2017,65500,2020,2,8,68.72,35,송도동,101,28185,,,
송도더샵퍼스트파크F14BL,2017,90000,2020,2,8,108.08,24,송도동,101,28185,,,
송도더샵퍼스트파크F14BL,2017,86000,2020,2,8,95.81,9,송도동,101,28185,,,
송도더샵퍼스트파크F15BL,2017,56900,2020,2,8,59.98,3,송도동,102,28185,,,
송도더샵퍼스트파크F15BL,2017,86500,2020,2,8,84.9,19,송도동,102,28185,,,
송도더샵퍼스트파크F15BL,2017,60000,2020,2,8,59.89,6,송도동,102,28185,,,
송도더샵퍼스트파크F15BL,2017,91500,2020,2,8,95.81,5,송도동,102,28185,,,
송도더샵퍼스트파크F15BL,2017,88500,2020,2,8,84.9,32,송도동,102,28185,,,
송도더샵퍼스트파크F15BL,2017,63000,2020,2,8,59.89,10,송도동,102,28185,,,
송도더샵퍼스트파크F15BL,2017,89000,2020,2,8,95.87,19,송도동,102,28185,,,
송도더샵하버뷰(D13),2011,58000,2020,2,8,101.319,18,송도동,17-5,28185,,,
송도더샵하버뷰(D13),2011,47500,2020,2,8,84.928,9,송도동,17-5,28185,,,
송도더샵하버뷰(D14),2011,53000,2020,2,8,101.965,3,송도동,18-10,28185,,,
송도더샵하버뷰(D15),2012,47900,2020,2,8,84.8786,8,송도동,18-7,28185,,,
송도아트윈푸르지오,2015,64000,2020,2,8,84.98,47,송도동,33-1,28185,,,
송도에듀포레푸르지오,2016,48500,2020,2,8,72.217,12,송도동,191-4,28185,,,
송도에듀포레푸르지오,2016,43800,2020,2,8,59.941,10,송도동,191-4,28185,,,
송도웰카운티1단지,2008,59000,2020,2,8,119.91,12,송도동,9-31,28185,,,
송도웰카운티1단지,2008,53000,2020,2,8,84.97,7,송도동,9-31,28185,,,
송도웰카운티3단지,2010,55000,2020,2,8,76.24,10,송도동,9-6,28185,,,
송도웰카운티3단지,2010,68000,2020,2,8,118.02,26,송도동,9-6,28185,,,
송도웰카운티3단지,2010,59700,2020,2,8,84.91,26,송도동,9-6,28185,,,
송도웰카운티4단지,2010,72000,2020,2,8,134.88,8,송도동,9-5,28185,,,
송도웰카운티4단지,2010,89800,2020,2,8,177.31,13,송도동,9-5,28185,,,
송도자이하버뷰2단지,2011,67000,2020,2,8,101.7,10,송도동,19-7,28185,,,
송도풍림아이원1단지,2005,40000,2020,2,8,84.7167,4,송도동,2-7,28185,,,
송도풍림아이원1단지,2005,42000,2020,2,8,84.7167,9,송도동,2-7,28185,,,
송도풍림아이원1단지,2005,36800,2020,2,8,84.7167,2,송도동,2-7,28185,,,
송도풍림아이원2단지,2005,39500,2020,2,8,84.94,8,송도동,3-10,28185,,,
송도풍림아이원2단지,2005,38500,2020,2,8,84.94,4,송도동,3-10,28185,,,
송도풍림아이원2단지,2005,40000,2020,2,8,84.94,13,송도동,3-10,28185,,,
송도풍림아이원2단지,2005,39500,2020,2,8,84.94,20,송도동,3-10,28185,,,
송도풍림아이원2단지,2005,41000,2020,2,8,84.94,23,송도동,3-10,28185,,,
송도풍림아이원2단지,2005,39000,2020,2,8,84.94,11,송도동,3-10,28185,,,
송도풍림아이원2단지,2005,40000,2020,2,8,84.94,14,송도동,3-10,28185,,,
송도풍림아이원2단지,2005,38700,2020,2,8,84.94,3,송도동,3-10,28185,,,
송도풍림아이원3단지,2005,36000,2020,2,8,84.94,1,송도동,3-13,28185,,,
송도풍림아이원4단지,2005,41000,2020,2,8,84.7159,8,송도동,2-9,28185,,,
연수대우.삼환,1994,29500,2020,2,8,90.18,15,동춘동,925-7,28185,,,
연수대우.삼환,1994,29000,2020,2,8,90.18,15,동춘동,925-7,28185,,,
연수서해그랑블1단지,2017,35800,2020,2,8,70.77,15,동춘동,1131-1,28185,,,
"연수타운(금호,동아)",1993,29700,2020,2,8,101.97,4,동춘동,923,28185,,,
우성2,1994,25000,2020,2,8,59.59,25,연수동,634,28185,,,
우성2,1994,27500,2020,2,8,59.59,7,연수동,634,28185,,,
우성2,1994,26300,2020,2,8,59.59,14,연수동,634,28185,,,
인천송도힐스테이트3단지,2011,53000,2020,2,8,135.925,5,송도동,21-59,28185,,,
인천송도힐스테이트4단지,2011,55000,2020,2,8,142.359,9,송도동,21-60,28185,,,
자이(xi),1993,33500,2020,2,8,119.4,10,동춘동,924-3,28185,,,
자이(xi),1993,26800,2020,2,8,95.55,1,동춘동,924-3,28185,,,
주공3,1993,12300,2020,2,8,44.66,15,연수동,578-2,28185,,,
한양2,1994,23500,2020,2,8,68.36,3,동춘동,932,28185,,,
한양2,1994,19700,2020,2,8,68.36,5,동춘동,932,28185,,,
한양2,1994,22600,2020,2,8,68.36,1,동춘동,932,28185,,,
한양2,1994,23400,2020,2,8,68.36,3,동춘동,932,28185,,,
해모로월드뷰,2012,51200,2020,2,8,84.8507,26,송도동,157,28185,,,
현대1,1993,32500,2020,2,8,84.97,5,동춘동,928,28185,,,
현대2차아파트,1995,26900,2020,2,8,84.6,12,옥련동,633,28185,,,
현대5,1997,25500,2020,2,8,84.6,11,옥련동,639-1,28185,,,
뉴서울,1992,23800,2020,2,9,84.53,3,선학동,352,28185,,,
대림,1993,25400,2020,2,9,84.795,14,연수동,532,28185,,,
더샵엑스포6단지,2009,57000,2020,2,9,113.7554,7,송도동,15-2,28185,,,
성지리벨루스,2006,40700,2020,2,9,84.586,9,송도동,2-12,28185,,,
송도금호어울림,2005,40000,2020,2,9,84.89,4,송도동,3-38,28185,,,
송도더샵그린애비뉴8단지,2012,63000,2020,2,9,112.1643,16,송도동,16-7,28185,,,
송도더샵그린워크3차(18-1블럭),2015,77000,2020,2,9,99.87,21,송도동,19-3,28185,,,
송도더샵하버뷰(D15),2012,53000,2020,2,9,84.919,14,송도동,18-7,28185,,,
송도웰카운티2단지,2007,50500,2020,2,9,84.97,7,송도동,9-29,28185,,,
쌍용,1998,33000,2020,2,9,124.53,19,옥련동,644-1,28185,,,
연수대우.삼환,1994,27400,2020,2,9,90.18,3,동춘동,925-7,28185,,,
"연수타운(금호,동아)",1993,37000,2020,2,9,134.63,10,동춘동,923,28185,,,
영남송도,1984,14200,2020,2,9,49.77,5,옥련동,319-9,28185,,,
용담마을,1994,14000,2020,2,9,49.995,3,청학동,454,28185,,,
현대1,1993,30600,2020,2,9,84.97,5,동춘동,928,28185,,,
현대4,1997,29600,2020,2,9,84.6,19,옥련동,637-1,28185,,,
글로벌캠퍼스푸르지오,2013,70000,2020,2,10,115.98,37,송도동,190-2,28185,,,
대우1,1992,32500,2020,2,10,127.89,4,연수동,579,28185,,,
더샵그린워크1차,2014,56000,2020,2,10,84.8682,6,송도동,18-6,28185,,,
더샵그린워크1차,2014,55000,2020,2,10,84.3408,14,송도동,18-6,28185,,,
더샵그린워크2차,2014,57000,2020,2,10,84.9859,18,송도동,17-3,28185,,,
더샵센트럴파크2,2011,89000,2020,2,10,134.8097,13,송도동,23-4,28185,,,
더샵엑스포6단지,2009,66500,2020,2,10,146.7045,3,송도동,15-2,28185,,,
더샵퍼스트월드,2009,56750,2020,2,10,84.99,18,송도동,4-1,28185,,,
더샵퍼스트월드,2009,65000,2020,2,10,105.469,20,송도동,4-1,28185,,,
롯데캐슬캠퍼스타운,2016,69500,2020,2,10,101.3056,31,송도동,149,28185,,,
롯데캐슬캠퍼스타운,2016,50900,2020,2,10,59.8604,33,송도동,149,28185,,,
솔밭마을아파트,1993,14800,2020,2,10,49.56,5,연수동,582-2,28185,,,
송도금호어울림,2005,41000,2020,2,10,84.89,6,송도동,3-38,28185,,,
송도더샵그린애비뉴7단지,2012,52000,2020,2,10,84.992,10,송도동,16-8,28185,,,
송도더샵그린워크3차(18-1블럭),2015,73800,2020,2,10,99.6,30,송도동,19-3,28185,,,
송도더샵마스터뷰22BL,2015,67900,2020,2,10,84.92,11,송도동,111,28185,,,
송도더샵마스터뷰23-1BL,2015,71000,2020,2,10,84.92,27,송도동,112,28185,,,
송도더샵센트럴시티,2018,50000,2020,2,10,59.97,14,송도동,190-4,28185,,,
송도더샵하버뷰(D15),2012,48000,2020,2,10,84.8786,15,송도동,18-7,28185,,,
송도아트윈푸르지오,2015,59000,2020,2,10,84.97,5,송도동,33-1,28185,,,
송도웰카운티2단지,2007,51800,2020,2,10,84.97,5,송도동,9-29,28185,,,
송도웰카운티3단지,2010,72500,2020,2,10,118.02,24,송도동,9-6,28185,,,
송도풍림아이원1단지,2005,39000,2020,2,10,84.7167,8,송도동,2-7,28185,,,
송학둥지,1983,16000,2020,2,10,56.16,5,옥련동,118-1,28185,,,
"승기마을,연수1차시영",1992,7400,2020,2,10,26.82,1,연수동,582-2,28185,,,
아이파크송도,2005,48000,2020,2,10,84.7817,5,송도동,3-46,28185,,,
아주,1992,22700,2020,2,10,84.06,4,선학동,353,28185,,,
연수주공2차,1992,14600,2020,2,10,49.94,5,연수동,533,28185,,,
영남송도,1984,13400,2020,2,10,49.77,1,옥련동,319-9,28185,,,
영남송도,1984,16000,2020,2,10,58.32,2,옥련동,319-9,28185,,,
우성2,1994,32000,2020,2,10,84.78,21,연수동,634,28185,,,
주공3,1993,12700,2020,2,10,44.66,3,연수동,578-2,28185,,,
주공3,1993,13000,2020,2,10,44.66,13,연수동,578-2,28185,,,
"태산,대진.정광아파트",1991,17000,2020,2,10,84.69,6,선학동,340,28185,,,
"태산,대진.정광아파트",1991,15500,2020,2,10,64.38,4,선학동,340,28185,,,
풍림1,1992,25300,2020,2,10,84.81,12,연수동,582,28185,,,
한국,1997,21000,2020,2,10,59.986,18,옥련동,642-1,28185,,,
한양1,1994,37500,2020,2,10,133.44,4,동춘동,925,28185,,,
현대,2000,29000,2020,2,10,138.65,11,청학동,545-1,28185,,,
현대1,1994,22800,2020,2,10,84.6,10,옥련동,628,28185,,,
e편한세상송도,2018,55000,2020,2,11,84.2538,4,송도동,319-1,28185,,,
e편한세상송도,2018,42000,2020,2,11,70.5618,25,송도동,319-1,28185,,,
e편한세상송도,2018,63000,2020,2,11,84.4163,9,송도동,319-1,28185,,,
e편한세상송도,2018,41900,2020,2,11,70.2331,4,송도동,319-1,28185,,,
대동,1992,22500,2020,2,11,84.06,13,선학동,353,28185,,,
대림,1993,27500,2020,2,11,84.795,7,연수동,532,28185,,,
더샵그린워크1차,2014,58000,2020,2,11,84.3408,18,송도동,18-6,28185,,,
더샵센트럴파크1,2010,79800,2020,2,11,115.156,16,송도동,23-3,28185,,,
더샵퍼스트월드,2009,49000,2020,2,11,84.99,4,송도동,4-1,28185,,,
무지개마을,1995,22500,2020,2,11,59.76,2,동춘동,931,28185,,,
베르디움더퍼스트,2017,50000,2020,2,11,74.9413,5,송도동,192-8,28185,,,
성지리벨루스,2006,52500,2020,2,11,134.507,13,송도동,2-12,28185,,,
솔밭마을아파트,1993,14800,2020,2,11,49.56,12,연수동,582-2,28185,,,
송도글로벌파크베르디움,2017,62000,2020,2,11,84.9359,2,송도동,191-2,28185,,,
송도글로벌파크베르디움,2017,57500,2020,2,11,74.9307,11,송도동,191-2,28185,,,
송도금호어울림,2005,39500,2020,2,11,84.89,5,송도동,3-38,28185,,,
송도더샵그린애비뉴7단지,2012,49000,2020,2,11,84.992,3,송도동,16-8,28185,,,
송도더샵그린워크3차(18-1블럭),2015,56500,2020,2,11,84.73,29,송도동,19-3,28185,,,
송도더샵퍼스트파크F15BL,2017,74000,2020,2,11,68.72,39,송도동,102,28185,,,
송도더샵하버뷰(D15),2012,48000,2020,2,11,84.919,4,송도동,18-7,28185,,,
송도센트럴파크푸르지오,2015,89000,2020,2,11,96.934,9,송도동,23-5,28185,,,
송도아트윈푸르지오,2015,65000,2020,2,11,84.98,36,송도동,33-1,28185,,,
송도캐슬&해모로,2013,53500,2020,2,11,84.4024,33,송도동,161-3,28185,,,
송도캐슬&해모로,2013,48000,2020,2,11,84.637,16,송도동,161-3,28185,,,
송도푸르지오월드마크1단지,2010,50800,2020,2,11,137.547,18,송도동,20-22,28185,,,
송도푸르지오하버뷰,2011,85500,2020,2,11,150.2994,8,송도동,19-5,28185,,,
송도풍림아이원4단지,2005,40000,2020,2,11,84.7159,10,송도동,2-9,28185,,,
송학둥지,1983,16000,2020,2,11,56.16,1,옥련동,118-1,28185,,,
쌍용,1998,20800,2020,2,11,59.78,10,옥련동,644-1,28185,,,
연수서해그랑블1단지,2017,36000,2020,2,11,70.77,16,동춘동,1131-1,28185,,,
우성2,1994,16950,2020,2,11,40.5,17,연수동,634,28185,,,
"태산,대진.정광아파트",1991,15800,2020,2,11,64.38,4,선학동,340,28185,,,
풍림3,1993,24000,2020,2,11,84.3,2,동춘동,922,28185,,,
하나타운1,1995,21000,2020,2,11,59.79,7,청학동,455,28185,,,
하나타운1,1995,25800,2020,2,11,84.905,11,청학동,455,28185,,,
한국,1997,21100,2020,2,11,59.986,7,옥련동,642-1,28185,,,
한국,1997,17900,2020,2,11,59.986,8,옥련동,642-1,28185,,,
한양1,1994,28800,2020,2,11,88.86,4,동춘동,925,28185,,,
한양2,1994,22750,2020,2,11,68.36,1,동춘동,932,28185,,,
현대1,1993,30000,2020,2,11,84.97,2,동춘동,928,28185,,,
현대4,1997,29000,2020,2,11,84.6,18,옥련동,637-1,28185,,,
e편한세상송도,2018,39000,2020,2,12,70.5618,34,송도동,319-1,28185,,,
뉴서울,1992,24000,2020,2,12,84.53,10,선학동,352,28185,,,
대동,1994,21900,2020,2,12,75.255,4,동춘동,941,28185,,,
더샵그린워크1차,2014,46000,2020,2,12,59.9201,28,송도동,18-6,28185,,,
더샵그린워크2차,2014,56000,2020,2,12,84.9859,12,송도동,17-3,28185,,,
더샵센트럴파크1,2010,89000,2020,2,12,129.0545,18,송도동,23-3,28185,,,
더샵센트럴파크1,2010,150000,2020,2,12,179.0018,24,송도동,23-3,28185,,,
더샵퍼스트월드,2009,61000,2020,2,12,116.125,41,송도동,4-1,28185,,,
더샵퍼스트월드,2009,59000,2020,2,12,101.748,27,송도동,4-1,28185,,,
더샵퍼스트월드,2009,48000,2020,2,12,101.748,3,송도동,4-1,28185,,,
동남,1994,16900,2020,2,12,52.14,6,동춘동,943,28185,,,
럭키송도,1993,22700,2020,2,12,84.765,11,옥련동,626,28185,,,
롯데캐슬캠퍼스타운,2016,60000,2020,2,12,84.578,37,송도동,149,28185,,,
백산,1994,16500,2020,2,12,59.76,21,옥련동,630,28185,,,
송도글로벌파크베르디움,2017,49500,2020,2,12,63.9721,3,송도동,191-2,28185,,,
송도더샵그린애비뉴8단지,2012,52000,2020,2,12,84.992,5,송도동,16-7,28185,,,
송도더샵그린애비뉴8단지,2012,52000,2020,2,12,84.992,5,송도동,16-7,28185,,,
송도더샵그린애비뉴8단지,2012,62000,2020,2,12,112.1643,22,송도동,16-7,28185,,,
송도더샵그린애비뉴8단지,2012,51000,2020,2,12,84.992,2,송도동,16-7,28185,,,
송도더샵그린워크3차(17-1블럭),2015,55300,2020,2,12,84.73,7,송도동,18-5,28185,,,
송도더샵그린워크3차(17-1블럭),2015,50000,2020,2,12,69.91,21,송도동,18-5,28185,,,
송도더샵그린워크3차(18-1블럭),2015,65000,2020,2,12,84.73,16,송도동,19-3,28185,,,
송도더샵센트럴시티,2018,48000,2020,2,12,59.99,43,송도동,190-4,28185,,,
송도더샵하버뷰(D14),2011,51000,2020,2,12,84.837,20,송도동,18-10,28185,,,
송도더샵하버뷰(D15),2012,53000,2020,2,12,84.919,11,송도동,18-7,28185,,,
송도에듀포레푸르지오,2016,52000,2020,2,12,72.253,7,송도동,191-4,28185,,,
송도에듀포레푸르지오,2016,50500,2020,2,12,72.217,4,송도동,191-4,28185,,,
송도에듀포레푸르지오,2016,42000,2020,2,12,59.941,4,송도동,191-4,28185,,,
송도에듀포레푸르지오,2016,45200,2020,2,12,59.941,30,송도동,191-4,28185,,,
송도웰카운티1단지,2008,50000,2020,2,12,84.96,6,송도동,9-31,28185,,,
송도웰카운티1단지,2008,68000,2020,2,12,134.99,10,송도동,9-31,28185,,,
송도웰카운티3단지,2010,48500,2020,2,12,76.24,1,송도동,9-6,28185,,,
송도웰카운티3단지,2010,53300,2020,2,12,76.24,10,송도동,9-6,28185,,,
송도자이하버뷰2단지,2011,52900,2020,2,12,95.393,9,송도동,19-7,28185,,,
송도풍림아이원2단지,2005,40000,2020,2,12,84.94,9,송도동,3-10,28185,,,
송도풍림아이원2단지,2005,39500,2020,2,12,84.94,15,송도동,3-10,28185,,,
송도풍림아이원2단지,2005,43000,2020,2,12,84.94,21,송도동,3-10,28185,,,
송도풍림아이원3단지,2005,39000,2020,2,12,84.94,7,송도동,3-13,28185,,,
송도풍림아이원6단지,2005,51000,2020,2,12,130.5791,3,송도동,3-40,28185,,,
송도한진해모로,2006,54150,2020,2,12,123.1909,5,송도동,3-44,28185,,,
송학둥지,1983,16000,2020,2,12,56.16,3,옥련동,118-1,28185,,,
연수대우.삼환,1994,31800,2020,2,12,90.18,9,동춘동,925-7,28185,,,
영남,1992,21900,2020,2,12,84.94,3,연수동,577,28185,,,
영남송도,1984,17800,2020,2,12,58.32,1,옥련동,319-9,28185,,,
인천송도힐스테이트6단지,2011,56000,2020,2,12,142.359,17,송도동,21-65,28185,,,
자이(xi),1993,27000,2020,2,12,95.55,5,동춘동,924-3,28185,,,
풍림2,1993,17900,2020,2,12,45.36,4,동춘동,929,28185,,,
한양2,1994,22300,2020,2,12,68.36,1,동춘동,932,28185,,,
현대1,1993,31000,2020,2,12,84.97,5,동춘동,928,28185,,,
현대4,1997,22700,2020,2,12,59.985,18,옥련동,637-1,28185,,,
글로벌캠퍼스푸르지오,2013,70000,2020,2,13,115.93,24,송도동,190-2,28185,,,
글로벌캠퍼스푸르지오,2013,65000,2020,2,13,115.98,8,송도동,190-2,28185,,,
더샵그린워크1차,2014,60000,2020,2,13,84.3408,3,송도동,18-6,28185,,,
더샵그린워크1차,2014,50000,2020,2,13,59.9201,18,송도동,18-6,28185,,,
더샵그린워크2차,2014,59500,2020,2,13,84.3408,6,송도동,17-3,28185,,,
더샵그린워크2차,2014,47000,2020,2,13,74.8873,16,송도동,17-3,28185,,,
더샵그린워크2차,2014,60000,2020,2,13,84.8682,27,송도동,17-3,28185,,,
더샵센트럴파크1,2010,157000,2020,2,13,170.6929,35,송도동,23-3,28185,,,
더샵엑스포9단지,2009,51000,2020,2,13,84.9871,17,송도동,16-6,28185,,,
래미안,1993,26600,2020,2,13,95.76,7,동춘동,924-3,28185,,,
롯데캐슬,2012,57500,2020,2,13,110.253,27,송도동,150,28185,,,
롯데캐슬,2012,63000,2020,2,13,110.7602,7,송도동,150,28185,,,
롯데캐슬캠퍼스타운,2016,50000,2020,2,13,59.7433,53,송도동,149,28185,,,
롯데캐슬캠퍼스타운,2016,60000,2020,2,13,84.578,19,송도동,149,28185,,,
무지개마을,1995,27000,2020,2,13,84.965,2,동춘동,931,28185,,,
베르디움더퍼스트,2017,44900,2020,2,13,63.9487,5,송도동,192-8,28185,,,
베르디움더퍼스트,2017,46000,2020,2,13,63.9487,17,송도동,192-8,28185,,,
베르디움더퍼스트,2017,52000,2020,2,13,74.9413,25,송도동,192-8,28185,,,
베르디움더퍼스트,2017,62800,2020,2,13,84.9572,28,송도동,192-8,28185,,,
삼성,1996,19300,2020,2,13,59.98,21,옥련동,634-1,28185,,,
삼용,1994,24200,2020,2,13,84.96,9,청학동,448-1,28185,,,
삼용,1994,25900,2020,2,13,84.96,9,청학동,448-1,28185,,,
솔밭마을아파트,1993,15000,2020,2,13,49.56,6,연수동,582-2,28185,,,
송도더샵그린애비뉴7단지,2012,61500,2020,2,13,112.1643,14,송도동,16-8,28185,,,
송도더샵그린애비뉴8단지,2012,53800,2020,2,13,84.992,10,송도동,16-7,28185,,,
송도더샵그린애비뉴8단지,2012,50700,2020,2,13,84.992,2,송도동,16-7,28185,,,
송도더샵그린워크3차(17-1블럭),2015,55800,2020,2,13,84.72,8,송도동,18-5,28185,,,
송도더샵마스터뷰21BL,2015,66900,2020,2,13,84.92,23,송도동,110,28185,,,
송도더샵퍼스트파크F13-1BL,2017,61900,2020,2,13,68.72,5,송도동,100,28185,,,
송도더샵하버뷰(D13),2011,47000,2020,2,13,84.928,4,송도동,17-5,28185,,,
송도에듀포레푸르지오,2016,47000,2020,2,13,59.941,31,송도동,191-4,28185,,,
송도자이하버뷰2단지,2011,53000,2020,2,13,94.477,14,송도동,19-7,28185,,,
송도푸르지오하버뷰,2011,56900,2020,2,13,101.8096,7,송도동,19-5,28185,,,
송도풍림아이원2단지,2005,42000,2020,2,13,84.94,14,송도동,3-10,28185,,,
송도풍림아이원3단지,2005,37000,2020,2,13,84.94,3,송도동,3-13,28185,,,
송학둥지,1983,15400,2020,2,13,56.16,1,옥련동,118-1,28185,,,
연수대우.삼환,1994,30100,2020,2,13,90.18,13,동춘동,925-7,28185,,,
연수대우.삼환,1994,28000,2020,2,13,102,19,동춘동,925-7,28185,,,
연수대우.삼환,1994,31300,2020,2,13,102,13,동춘동,925-7,28185,,,
영남송도,1984,17500,2020,2,13,58.32,2,옥련동,319-9,28185,,,
우성,1996,17500,2020,2,13,59.929,1,옥련동,636-1,28185,,,
우성1,1994,38000,2020,2,13,133.623,17,연수동,635,28185,,,
풍림2,1993,31000,2020,2,13,84.22,8,동춘동,929,28185,,,
풍림2,1993,19000,2020,2,13,45.36,7,동춘동,929,28185,,,
해모로월드뷰,2012,60000,2020,2,13,84.9207,10,송도동,157,28185,,,
현대2차아파트,1995,19500,2020,2,13,59.985,19,옥련동,633,28185,,,
e편한세상송도,2018,40000,2020,2,14,70.5618,20,송도동,319-1,28185,,,
건영,1994,23000,2020,2,14,84.945,5,동춘동,938,28185,,,
글로벌캠퍼스푸르지오,2013,64800,2020,2,14,115.93,17,송도동,190-2,28185,,,
글로벌캠퍼스푸르지오,2013,76700,2020,2,14,134.96,8,송도동,190-2,28185,,,
대동,1994,24800,2020,2,14,84.585,5,동춘동,941,28185,,,
대동,1994,22900,2020,2,14,75.255,2,동춘동,941,28185,,,
더샵그린스퀘어,2014,63500,2020,2,14,98.2428,32,송도동,192-1,28185,,,
더샵그린스퀘어,2014,59800,2020,2,14,84.8669,19,송도동,192-1,28185,,,
더샵그린워크1차,2014,59000,2020,2,14,84.8682,25,송도동,18-6,28185,,,
더샵그린워크1차,2014,65000,2020,2,14,101.9294,4,송도동,18-6,28185,,,
더샵센트럴파크1,2010,43000,2020,2,14,78.2961,14,송도동,23-3,28185,,,
더샵엑스포10단지,2009,61500,2020,2,14,115.0662,18,송도동,16-4,28185,,,
더샵엑스포6단지,2009,64500,2020,2,14,128.4673,5,송도동,15-2,28185,,,
동남,1994,16600,2020,2,14,52.14,13,동춘동,943,28185,,,
롯데캐슬캠퍼스타운,2016,50900,2020,2,14,59.7433,46,송도동,149,28185,,,
무지개마을,1995,23900,2020,2,14,59.76,1,동춘동,931,28185,,,
무지개마을,1995,23800,2020,2,14,59.76,4,동춘동,931,28185,,,
서해,1995,18800,2020,2,14,59.885,6,옥련동,632,28185,,,
성지리벨루스,2006,41000,2020,2,14,84.914,14,송도동,2-12,28185,,,
성지리벨루스,2006,41900,2020,2,14,84.586,17,송도동,2-12,28185,,,
성호,1993,24000,2020,2,14,84.02,3,청학동,449,28185,,,
성호,1993,21000,2020,2,14,84.02,2,청학동,449,28185,,,
송도글로벌파크베르디움,2017,50000,2020,2,14,63.9498,22,송도동,191-2,28185,,,
송도금호어울림,2005,42000,2020,2,14,84.89,4,송도동,3-38,28185,,,
송도금호어울림,2005,41700,2020,2,14,84.89,3,송도동,3-38,28185,,,
송도더샵그린애비뉴7단지,2012,62800,2020,2,14,101.9401,11,송도동,16-8,28185,,,
송도더샵그린애비뉴8단지,2012,61000,2020,2,14,112.1643,12,송도동,16-7,28185,,,
송도더샵마스터뷰21BL,2015,50000,2020,2,14,72.59,2,송도동,110,28185,,,
송도더샵센트럴시티,2018,44800,2020,2,14,59.99,17,송도동,190-4,28185,,,
송도더샵퍼스트파크F13-1BL,2017,73700,2020,2,14,84.9,4,송도동,100,28185,,,
송도더샵퍼스트파크F14BL,2017,84200,2020,2,14,84.94,24,송도동,101,28185,,,
송도더샵퍼스트파크F15BL,2017,65000,2020,2,14,59.89,6,송도동,102,28185,,,
송도더샵하버뷰(D13),2011,69500,2020,2,14,117.941,27,송도동,17-5,28185,,,
송도더샵하버뷰(D13),2011,58000,2020,2,14,101.319,7,송도동,17-5,28185,,,
송도더샵하버뷰(D13),2011,65000,2020,2,14,117.941,22,송도동,17-5,28185,,,
송도더샵하버뷰(D14),2011,60000,2020,2,14,101.965,8,송도동,18-10,28185,,,
송도더샵하버뷰(D14),2011,57000,2020,2,14,101.454,24,송도동,18-10,28185,,,
송도에듀포레푸르지오,2016,51800,2020,2,14,72.217,39,송도동,191-4,28185,,,
송도에듀포레푸르지오,2016,63800,2020,2,14,84.852,14,송도동,191-4,28185,,,
송도에듀포레푸르지오,2016,52000,2020,2,14,72.217,36,송도동,191-4,28185,,,
송도에듀포레푸르지오,2016,53000,2020,2,14,72.217,32,송도동,191-4,28185,,,
송도웰카운티1단지,2008,51000,2020,2,14,84.97,2,송도동,9-31,28185,,,
송도웰카운티2단지,2007,67000,2020,2,14,119.79,13,송도동,9-29,28185,,,
송도웰카운티4단지,2010,69000,2020,2,14,134.88,12,송도동,9-5,28185,,,
송도자이하버뷰2단지,2011,91500,2020,2,14,147.655,13,송도동,19-7,28185,,,
송도자이하버뷰2단지,2011,53000,2020,2,14,94.477,6,송도동,19-7,28185,,,
송도캐슬&해모로,2013,57000,2020,2,14,111.4615,21,송도동,161-3,28185,,,
송도푸르지오월드마크7단지,2010,54500,2020,2,14,138.274,11,송도동,22-21,28185,,,
송도푸르지오하버뷰,2011,60500,2020,2,14,111.8079,13,송도동,19-5,28185,,,
송도풍림아이원2단지,2005,42000,2020,2,14,84.94,14,송도동,3-10,28185,,,
송도풍림아이원2단지,2005,41000,2020,2,14,84.94,25,송도동,3-10,28185,,,
송도풍림아이원6단지,2005,53000,2020,2,14,130.5791,7,송도동,3-40,28185,,,
송도한진해모로,2006,75500,2020,2,14,188.8443,17,송도동,3-44,28185,,,
시대,1994,12230,2020,2,14,35.743,6,청학동,451,28185,,,
영남송도,1984,17500,2020,2,14,58.32,5,옥련동,319-9,28185,,,
우성2,1994,27500,2020,2,14,59.59,23,연수동,634,28185,,,
위드프리상뜨,2006,36900,2020,2,14,120.06,11,송도동,2-5,28185,,,
인천송도힐스테이트6단지,2011,57000,2020,2,14,131.365,19,송도동,21-65,28185,,,
태경,1992,20800,2020,2,14,84.945,3,연수동,535-2,28185,,,
풍림3,1993,22450,2020,2,14,84.3,5,동춘동,922,28185,,,
한양2,1994,26800,2020,2,14,84.97,4,동춘동,932,28185,,,
해모로월드뷰,2012,50000,2020,2,14,84.8507,3,송도동,157,28185,,,
현대,1993,39500,2020,2,14,133.808,2,동춘동,924,28185,,,
현대1,1993,28000,2020,2,14,84.97,1,동춘동,928,28185,,,
현대2차아파트,1995,20800,2020,2,14,59.985,23,옥련동,633,28185,,,
글로벌캠퍼스푸르지오,2013,59000,2020,2,15,115.98,2,송도동,190-2,28185,,,
글로벌캠퍼스푸르지오,2013,74700,2020,2,15,134.96,17,송도동,190-2,28185,,,
글로벌캠퍼스푸르지오,2013,54000,2020,2,15,94.99,32,송도동,190-2,28185,,,
글로벌캠퍼스푸르지오,2013,60000,2020,2,15,101.98,8,송도동,190-2,28185,,,
글로벌캠퍼스푸르지오,2013,69500,2020,2,15,115.98,25,송도동,190-2,28185,,,
글로벌캠퍼스푸르지오,2013,51500,2020,2,15,84.98,25,송도동,190-2,28185,,,
글로벌캠퍼스푸르지오,2013,55500,2020,2,15,101.99,3,송도동,190-2,28185,,,
글로벌캠퍼스푸르지오,2013,68000,2020,2,15,115.98,33,송도동,190-2,28185,,,
대동,1994,23450,2020,2,15,84.585,2,동춘동,941,28185,,,
대림,1993,21000,2020,2,15,62.482,15,연수동,532,28185,,,
대림,1993,28800,2020,2,15,84.795,10,연수동,532,28185,,,
대림,1993,38000,2020,2,15,134.07,9,동춘동,924,28185,,,
대림3,1993,13500,2020,2,15,53.01,6,동춘동,940,28185,,,
더샵그린스퀘어,2014,63000,2020,2,15,84.5317,6,송도동,192-1,28185,,,
더샵그린스퀘어,2014,75000,2020,2,15,115.7688,17,송도동,192-1,28185,,,
더샵그린워크1차,2014,47500,2020,2,15,72.5113,11,송도동,18-6,28185,,,
더샵그린워크1차,2014,54500,2020,2,15,84.3408,13,송도동,18-6,28185,,,
더샵그린워크1차,2014,56000,2020,2,15,84.3408,2,송도동,18-6,28185,,,
더샵그린워크2차,2014,65000,2020,2,15,99.9837,16,송도동,17-3,28185,,,
더샵그린워크2차,2014,60000,2020,2,15,84.8682,22,송도동,17-3,28185,,,
더샵센트럴파크1,2010,44000,2020,2,15,77.1413,33,송도동,23-3,28185,,,
더샵엑스포10단지,2009,58000,2020,2,15,115.0662,9,송도동,16-4,28185,,,
더샵엑스포10단지,2009,51000,2020,2,15,84.9871,12,송도동,16-4,28185,,,
더샵엑스포10단지,2009,63000,2020,2,15,128.4673,4,송도동,16-4,28185,,,
더샵엑스포10단지,2009,48000,2020,2,15,84.9871,5,송도동,16-4,28185,,,
더샵엑스포6단지,2009,62000,2020,2,15,116.4728,11,송도동,15-2,28185,,,
더샵엑스포9단지,2009,75000,2020,2,15,146.7045,21,송도동,16-6,28185,,,
더샵엑스포9단지,2009,61000,2020,2,15,126.4763,2,송도동,16-6,28185,,,
더샵퍼스트월드,2009,55000,2020,2,15,116.125,2,송도동,4-1,28185,,,
더샵퍼스트월드,2009,67500,2020,2,15,105.469,3,송도동,4-1,28185,,,
동춘마을,1994,17000,2020,2,15,59.3,3,동춘동,921,28185,,,
래미안,1993,26800,2020,2,15,95.76,4,동춘동,924-3,28185,,,
럭키송도,1993,28000,2020,2,15,101.49,10,옥련동,626,28185,,,
롯데캐슬캠퍼스타운,2016,61000,2020,2,15,84.578,15,송도동,149,28185,,,
무지개마을,1995,24000,2020,2,15,59.76,9,동춘동,931,28185,,,
무지개마을,1995,23750,2020,2,15,59.76,3,동춘동,931,28185,,,
베르디움더퍼스트,2017,45500,2020,2,15,63.9487,23,송도동,192-8,28185,,,
베르디움더퍼스트,2017,59500,2020,2,15,84.9572,9,송도동,192-8,28185,,,
베르디움더퍼스트,2017,45000,2020,2,15,63.9487,24,송도동,192-8,28185,,,
성지리벨루스,2006,42000,2020,2,15,84.66,17,송도동,2-12,28185,,,
솔밭마을아파트,1993,14800,2020,2,15,49.56,10,연수동,582-2,28185,,,
솔밭마을아파트,1993,15400,2020,2,15,49.56,14,연수동,582-2,28185,,,
솔밭마을아파트,1993,15900,2020,2,15,49.56,13,연수동,582-2,28185,,,
솔밭마을아파트,1993,15000,2020,2,15,49.56,7,연수동,582-2,28185,,,
솔밭마을아파트,1993,14800,2020,2,15,49.56,5,연수동,582-2,28185,,,
솔밭마을아파트,1993,14600,2020,2,15,49.56,11,연수동,582-2,28185,,,
송도글로벌파크베르디움,2017,49500,2020,2,15,63.9498,18,송도동,191-2,28185,,,
송도글로벌파크베르디움,2017,72000,2020,2,15,84.9359,17,송도동,191-2,28185,,,
송도글로벌파크베르디움,2017,49000,2020,2,15,63.9721,2,송도동,191-2,28185,,,
송도글로벌파크베르디움,2017,63500,2020,2,15,84.9359,2,송도동,191-2,28185,,,
송도글로벌파크베르디움,2017,68700,2020,2,15,84.9599,7,송도동,191-2,28185,,,
송도금호어울림,2005,41000,2020,2,15,84.89,10,송도동,3-38,28185,,,
송도금호어울림,2005,37800,2020,2,15,84.89,1,송도동,3-38,28185,,,
송도더샵그린애비뉴7단지,2012,52000,2020,2,15,84.992,8,송도동,16-8,28185,,,
송도더샵그린애비뉴7단지,2012,52500,2020,2,15,84.992,3,송도동,16-8,28185,,,
송도더샵그린애비뉴7단지,2012,56300,2020,2,15,84.992,9,송도동,16-8,28185,,,
송도더샵그린애비뉴7단지,2012,52000,2020,2,15,84.992,4,송도동,16-8,28185,,,
송도더샵그린애비뉴7단지,2012,53000,2020,2,15,101.9444,10,송도동,16-8,28185,,,
송도더샵그린워크3차(17-1블럭),2015,50000,2020,2,15,69.91,21,송도동,18-5,28185,,,
송도더샵그린워크3차(17-1블럭),2015,50000,2020,2,15,69.91,29,송도동,18-5,28185,,,
송도더샵그린워크3차(18-1블럭),2015,70000,2020,2,15,99.87,20,송도동,19-3,28185,,,
송도더샵마스터뷰21BL,2015,63000,2020,2,15,84.92,7,송도동,110,28185,,,
송도더샵마스터뷰21BL,2015,52900,2020,2,15,72.59,16,송도동,110,28185,,,
송도더샵마스터뷰21BL,2015,90000,2020,2,15,125.51,11,송도동,110,28185,,,
송도더샵센트럴시티,2018,59500,2020,2,15,72.99,25,송도동,190-4,28185,,,
송도더샵센트럴시티,2018,51000,2020,2,15,59.97,13,송도동,190-4,28185,,,
송도더샵퍼스트파크F13-1BL,2017,62000,2020,2,15,68.72,5,송도동,100,28185,,,
송도더샵퍼스트파크F14BL,2017,85000,2020,2,15,84.9,12,송도동,101,28185,,,
송도더샵하버뷰(D13),2011,65000,2020,2,15,117.941,25,송도동,17-5,28185,,,
송도더샵하버뷰(D13),2011,50000,2020,2,15,84.928,21,송도동,17-5,28185,,,
송도더샵하버뷰(D13),2011,49000,2020,2,15,84.928,11,송도동,17-5,28185,,,
송도더샵하버뷰(D13),2011,59500,2020,2,15,101.319,6,송도동,17-5,28185,,,
송도더샵하버뷰(D14),2011,55900,2020,2,15,101.965,6,송도동,18-10,28185,,,
송도더샵하버뷰(D15),2012,48400,2020,2,15,84.8786,3,송도동,18-7,28185,,,
송도더샵하버뷰(D15),2012,48500,2020,2,15,84.8786,25,송도동,18-7,28185,,,
송도더샵하버뷰(D15),2012,69500,2020,2,15,118.7895,22,송도동,18-7,28185,,,
송도더샵하버뷰(D15),2012,53000,2020,2,15,84.919,11,송도동,18-7,28185,,,
송도센트럴파크푸르지오,2015,90000,2020,2,15,96.934,12,송도동,23-5,28185,,,
송도아메리칸타운아이파크,2018,52000,2020,2,15,84.0784,5,송도동,155,28185,,,
송도아메리칸타운아이파크,2018,56500,2020,2,15,84.4661,12,송도동,155,28185,,,
송도에듀포레푸르지오,2016,62300,2020,2,15,84.517,26,송도동,191-4,28185,,,
송도에듀포레푸르지오,2016,63000,2020,2,15,84.852,17,송도동,191-4,28185,,,
송도에듀포레푸르지오,2016,55970,2020,2,15,72.253,38,송도동,191-4,28185,,,
송도에듀포레푸르지오,2016,42000,2020,2,15,59.978,4,송도동,191-4,28185,,,
송도에듀포레푸르지오,2016,47000,2020,2,15,59.941,16,송도동,191-4,28185,,,
송도웰카운티1단지,2008,68500,2020,2,15,149.59,3,송도동,9-31,28185,,,
송도웰카운티2단지,2007,62000,2020,2,15,134.99,11,송도동,9-29,28185,,,
송도웰카운티3단지,2010,50500,2020,2,15,76.24,2,송도동,9-6,28185,,,
송도이안,2006,42000,2020,2,15,131.76,17,송도동,2-3,28185,,,
송도자이하버뷰2단지,2011,52500,2020,2,15,84.747,3,송도동,19-7,28185,,,
송도자이하버뷰2단지,2011,70000,2020,2,15,120.745,6,송도동,19-7,28185,,,
송도자이하버뷰2단지,2011,62000,2020,2,15,101.7,7,송도동,19-7,28185,,,
송도자이하버뷰2단지,2011,51500,2020,2,15,94.477,7,송도동,19-7,28185,,,
송도코오롱더프라우3단지,2012,57000,2020,2,15,142.657,17,송도동,15-10,28185,,,
송도푸르지오월드마크2단지,2010,49000,2020,2,15,137.547,11,송도동,20-23,28185,,,
송도푸르지오월드마크7단지,2010,50000,2020,2,15,127.051,13,송도동,22-21,28185,,,
송도푸르지오하버뷰,2011,60000,2020,2,15,101.9753,9,송도동,19-5,28185,,,
송도푸르지오하버뷰,2011,62800,2020,2,15,111.8079,29,송도동,19-5,28185,,,
송도푸르지오하버뷰,2011,63000,2020,2,15,111.8079,24,송도동,19-5,28185,,,
송도풍림아이원1단지,2005,41500,2020,2,15,84.7167,20,송도동,2-7,28185,,,
송도풍림아이원1단지,2005,39900,2020,2,15,84.7167,23,송도동,2-7,28185,,,
송도풍림아이원1단지,2005,42000,2020,2,15,84.7167,16,송도동,2-7,28185,,,
송도풍림아이원1단지,2005,50000,2020,2,15,114.7008,20,송도동,2-7,28185,,,
송도풍림아이원1단지,2005,38000,2020,2,15,84.7167,4,송도동,2-7,28185,,,
송도풍림아이원2단지,2005,45000,2020,2,15,84.94,16,송도동,3-10,28185,,,
송도풍림아이원2단지,2005,47500,2020,2,15,84.94,11,송도동,3-10,28185,,,
송도풍림아이원2단지,2005,39900,2020,2,15,84.94,2,송도동,3-10,28185,,,
송도풍림아이원2단지,2005,41000,2020,2,15,84.94,3,송도동,3-10,28185,,,
송도풍림아이원2단지,2005,43400,2020,2,15,84.94,18,송도동,3-10,28185,,,
송도풍림아이원3단지,2005,40000,2020,2,15,84.94,16,송도동,3-13,28185,,,
송도풍림아이원3단지,2005,37400,2020,2,15,84.94,9,송도동,3-13,28185,,,
송도풍림아이원3단지,2005,43000,2020,2,15,84.94,8,송도동,3-13,28185,,,
송도풍림아이원4단지,2005,45800,2020,2,15,114.8862,5,송도동,2-9,28185,,,
송도풍림아이원4단지,2005,35400,2020,2,15,84.7159,1,송도동,2-9,28185,,,
송도풍림아이원6단지,2005,54000,2020,2,15,130.5791,8,송도동,3-40,28185,,,
송도풍림아이원6단지,2005,86000,2020,2,15,189.7385,7,송도동,3-40,28185,,,
스위트리아송도,2017,25300,2020,2,15,49.7863,6,송도동,22-18,28185,,,
아이파크송도,2005,53000,2020,2,15,101.617,7,송도동,3-46,28185,,,
아주,1994,19500,2020,2,15,84.78,5,동춘동,942,28185,,,
연수대우.삼환,1994,31300,2020,2,15,90.18,17,동춘동,925-7,28185,,,
연수대우.삼환,1994,31500,2020,2,15,102,15,동춘동,925-7,28185,,,
연수서해그랑블1단지,2017,35800,2020,2,15,70.75,8,동춘동,1131-1,28185,,,
연수서해그랑블1단지,2017,42000,2020,2,15,84.98,22,동춘동,1131-1,28185,,,
우성2,1994,30800,2020,2,15,84.78,16,연수동,634,28185,,,
우성2,1994,30000,2020,2,15,84.78,5,연수동,634,28185,,,
우성2,1994,26500,2020,2,15,59.59,13,연수동,634,28185,,,
우성2,1994,30900,2020,2,15,84.78,18,연수동,634,28185,,,
우성2,1994,27000,2020,2,15,59.59,17,연수동,634,28185,,,
인천송도힐스테이트5단지,2011,59000,2020,2,15,142.359,7,송도동,21-64,28185,,,
인향,1992,19500,2020,2,15,84.975,1,연수동,535-2,28185,,,
풍림,1998,27750,2020,2,15,77,20,옥련동,643-2,28185,,,
풍림2,1993,18500,2020,2,15,45.36,4,동춘동,929,28185,,,
풍림2,1993,29800,2020,2,15,84.22,9,동춘동,929,28185,,,
풍림2,1993,19700,2020,2,15,45.36,9,동춘동,929,28185,,,
한양1,1994,29000,2020,2,15,88.86,9,동춘동,925,28185,,,
한양2,1994,25900,2020,2,15,84.97,1,동춘동,932,28185,,,
한양2,1994,19600,2020,2,15,68.36,5,동춘동,932,28185,,,
한양2,1994,22200,2020,2,15,68.36,4,동춘동,932,28185,,,
현대,1993,30000,2020,2,15,101.88,9,동춘동,924,28185,,,
현대1,1993,31000,2020,2,15,84.97,6,동춘동,928,28185,,,
현대1,1993,30300,2020,2,15,84.97,4,동춘동,928,28185,,,
현대1,1993,31000,2020,2,15,84.97,5,동춘동,928,28185,,,
현대1,1993,29000,2020,2,15,84.97,2,동춘동,928,28185,,,
현대1,1993,28000,2020,2,15,84.97,1,동춘동,928,28185,,,
현대1,1993,31200,2020,2,15,84.97,5,동춘동,928,28185,,,
현대1,1993,31000,2020,2,15,84.97,3,동춘동,928,28185,,,
현대4,1997,21280,2020,2,15,59.985,18,옥련동,637-1,28185,,,
현대4,1997,28000,2020,2,15,84.6,19,옥련동,637-1,28185,,,
현대4,1997,27000,2020,2,15,84.6,3,옥련동,637-1,28185,,,
현대5,1997,27000,2020,2,15,84.6,5,옥련동,639-1,28185,,,
뉴서울,1992,28500,2020,2,16,126.89,10,선학동,352,28185,,,
대동,1993,20500,2020,2,16,52.14,14,연수동,633,28185,,,
더샵그린스퀘어,2014,61700,2020,2,16,84.5317,35,송도동,192-1,28185,,,
더샵그린워크1차,2014,48000,2020,2,16,72.5113,9,송도동,18-6,28185,,,
더샵그린워크2차,2014,73000,2020,2,16,117.8951,23,송도동,17-3,28185,,,
더샵엑스포10단지,2009,53000,2020,2,16,99.3121,2,송도동,16-4,28185,,,
롯데캐슬캠퍼스타운,2016,67500,2020,2,16,101.3056,36,송도동,149,28185,,,
롯데캐슬캠퍼스타운,2016,67000,2020,2,16,101.3056,37,송도동,149,28185,,,
무지개마을,1995,28400,2020,2,16,84.965,10,동춘동,931,28185,,,
무지개마을,1995,23000,2020,2,16,59.76,2,동춘동,931,28185,,,
베르디움더퍼스트,2017,48000,2020,2,16,74.9413,17,송도동,192-8,28185,,,
성지리벨루스,2006,40000,2020,2,16,84.586,12,송도동,2-12,28185,,,
송도금호어울림,2005,43000,2020,2,16,84.89,7,송도동,3-38,28185,,,
송도금호어울림,2005,43000,2020,2,16,84.89,12,송도동,3-38,28185,,,
송도금호어울림,2005,52000,2020,2,16,134.58,7,송도동,3-38,28185,,,
송도더샵퍼스트파크F13-1BL,2017,63700,2020,2,16,68.96,3,송도동,100,28185,,,
송도아메리칸타운아이파크,2018,63000,2020,2,16,84.4661,23,송도동,155,28185,,,
송도아트윈푸르지오,2015,63000,2020,2,16,84.98,36,송도동,33-1,28185,,,
송도웰카운티1단지,2008,62900,2020,2,16,134.99,10,송도동,9-31,28185,,,
송도웰카운티2단지,2007,62300,2020,2,16,149.59,15,송도동,9-29,28185,,,
송도풍림아이원4단지,2005,39500,2020,2,16,84.7159,14,송도동,2-9,28185,,,
송도한진해모로,2006,51000,2020,2,16,101.8519,3,송도동,3-44,28185,,,
우성2,1994,25700,2020,2,16,59.59,4,연수동,634,28185,,,
우성2,1994,26300,2020,2,16,59.59,18,연수동,634,28185,,,
우성2,1994,17000,2020,2,16,40.5,20,연수동,634,28185,,,
인천송도힐스테이트4단지,2011,54000,2020,2,16,142.359,10,송도동,21-60,28185,,,
풍림1,1992,21000,2020,2,16,69.74,4,연수동,582,28185,,,
풍림2,1993,28800,2020,2,16,84.22,10,동춘동,929,28185,,,
풍림2,1993,28000,2020,2,16,84.22,2,동춘동,929,28185,,,
한양2,1994,26500,2020,2,16,84.97,4,동춘동,932,28185,,,
현대1,1993,32000,2020,2,16,84.97,4,동춘동,928,28185,,,
현대1,1993,32000,2020,2,16,84.97,7,동춘동,928,28185,,,
현대1,1993,31500,2020,2,16,84.97,5,동춘동,928,28185,,,
현대4,1997,22400,2020,2,16,59.985,6,옥련동,637-1,28185,,,
금호타운,1992,29000,2020,2,17,84.9,16,선학동,350,28185,,,
대동,1992,22000,2020,2,17,84.4,5,선학동,353,28185,,,
대림,1993,29300,2020,2,17,101.7,15,동춘동,924,28185,,,
더샵그린스퀘어,2014,71800,2020,2,17,115.7688,4,송도동,192-1,28185,,,
더샵센트럴파크1,2010,48200,2020,2,17,96.318,6,송도동,23-3,28185,,,
더샵센트럴파크2,2011,77000,2020,2,17,105.6861,11,송도동,23-4,28185,,,
더샵엑스포9단지,2009,51500,2020,2,17,84.9871,8,송도동,16-6,28185,,,
더샵퍼스트월드,2009,88000,2020,2,17,146.7,41,송도동,4-1,28185,,,
동남,1994,14700,2020,2,17,52.14,1,동춘동,943,28185,,,
럭키송도,1993,20700,2020,2,17,84.765,1,옥련동,626,28185,,,
럭키송도,1993,27500,2020,2,17,101.49,12,옥련동,626,28185,,,
럭키송도,1993,22800,2020,2,17,84.765,1,옥련동,626,28185,,,
롯데캐슬,2012,61500,2020,2,17,110.7602,29,송도동,150,28185,,,
문남마을,1994,15000,2020,2,17,49.24,4,연수동,540,28185,,,
베르디움더퍼스트,2017,45000,2020,2,17,63.9487,8,송도동,192-8,28185,,,
베르디움더퍼스트,2017,60000,2020,2,17,84.8153,20,송도동,192-8,28185,,,
서해그랑블포레스트,2019,33000,2020,2,17,59.8632,3,동춘동,1149,28185,,,
성지리벨루스,2006,41200,2020,2,17,84.586,18,송도동,2-12,28185,,,
성호,1993,22400,2020,2,17,84.02,4,청학동,449,28185,,,
솔밭마을아파트,1993,14900,2020,2,17,49.56,10,연수동,582-2,28185,,,
솔밭마을아파트,1993,15500,2020,2,17,49.56,6,연수동,582-2,28185,,,
송도더샵그린애비뉴7단지,2012,53000,2020,2,17,101.9444,5,송도동,16-8,28185,,,
송도더샵그린애비뉴7단지,2012,57350,2020,2,17,101.9444,4,송도동,16-8,28185,,,
송도더샵마스터뷰21BL,2015,54000,2020,2,17,72.59,5,송도동,110,28185,,,
송도더샵마스터뷰21BL,2015,109000,2020,2,17,125.51,16,송도동,110,28185,,,
송도더샵마스터뷰22BL,2015,65800,2020,2,17,84.92,9,송도동,111,28185,,,
송도더샵하버뷰(D13),2011,70000,2020,2,17,117.941,30,송도동,17-5,28185,,,
송도더샵하버뷰(D14),2011,65000,2020,2,17,116.317,11,송도동,18-10,28185,,,
송도더샵하버뷰(D14),2011,48000,2020,2,17,84.721,2,송도동,18-10,28185,,,
송도더샵하버뷰(D14),2011,54000,2020,2,17,101.454,2,송도동,18-10,28185,,,
송도더샵하버뷰(D15),2012,55800,2020,2,17,84.919,7,송도동,18-7,28185,,,
송도에듀포레푸르지오,2016,52500,2020,2,17,72.253,12,송도동,191-4,28185,,,
송도에듀포레푸르지오,2016,50000,2020,2,17,72.217,33,송도동,191-4,28185,,,
송도에듀포레푸르지오,2016,46000,2020,2,17,59.941,30,송도동,191-4,28185,,,
송도웰카운티1단지,2008,53000,2020,2,17,84.96,8,송도동,9-31,28185,,,
송도웰카운티4단지,2010,83000,2020,2,17,177.31,3,송도동,9-5,28185,,,
송도자이하버뷰1단지,2011,98500,2020,2,17,147.655,19,송도동,19-6,28185,,,
송도자이하버뷰1단지,2011,59900,2020,2,17,115.133,2,송도동,19-6,28185,,,
송도자이하버뷰2단지,2011,84700,2020,2,17,135.661,17,송도동,19-7,28185,,,
송도자이하버뷰2단지,2011,104000,2020,2,17,179.247,31,송도동,19-7,28185,,,
송도캐슬&해모로,2013,50000,2020,2,17,84.4433,15,송도동,161-3,28185,,,
송도코오롱더프라우1단지,2009,49000,2020,2,17,134.967,12,송도동,15-12,28185,,,
송도코오롱더프라우3단지,2012,51000,2020,2,17,129.394,3,송도동,15-10,28185,,,
송도푸르지오월드마크8단지,2010,52000,2020,2,17,138.274,9,송도동,22-22,28185,,,
송도푸르지오하버뷰,2011,61000,2020,2,17,101.8096,11,송도동,19-5,28185,,,
송도풍림아이원1단지,2005,39300,2020,2,17,84.7167,2,송도동,2-7,28185,,,
송도풍림아이원1단지,2005,39800,2020,2,17,84.7167,6,송도동,2-7,28185,,,
송도풍림아이원1단지,2005,42000,2020,2,17,84.7167,10,송도동,2-7,28185,,,
아주1,1997,12000,2020,2,17,29.7,13,옥련동,640-1,28185,,,
우성1,1994,32300,2020,2,17,101.97,20,연수동,635,28185,,,
우성2,1994,27500,2020,2,17,59.59,13,연수동,634,28185,,,
우성2,1994,30900,2020,2,17,84.78,6,연수동,634,28185,,,
우성2,1994,16400,2020,2,17,40.5,10,연수동,634,28185,,,
우성2,1994,26800,2020,2,17,59.59,14,연수동,634,28185,,,
우성2,1994,16000,2020,2,17,40.5,22,연수동,634,28185,,,
유천,1993,18500,2020,2,17,60.07,8,연수동,534,28185,,,
유천,1993,24500,2020,2,17,84.87,7,연수동,534,28185,,,
유천,1993,18800,2020,2,17,60.07,3,연수동,534,28185,,,
주공3,1993,13300,2020,2,17,44.66,4,연수동,578-2,28185,,,
태경,1992,16900,2020,2,17,84.945,5,연수동,535-2,28185,,,
태산,1993,23500,2020,2,17,84.56,4,연수동,576,28185,,,
"태산,대진.정광아파트",1991,14900,2020,2,17,64.38,5,선학동,340,28185,,,
풍림,1998,21200,2020,2,17,59.96,11,옥련동,643-2,28185,,,
풍림2,1993,18800,2020,2,17,45.36,4,동춘동,929,28185,,,
한양2,1994,19500,2020,2,17,68.36,5,동춘동,932,28185,,,
현대4,1997,27000,2020,2,17,84.6,5,옥련동,637-1,28185,,,
글로벌캠퍼스푸르지오,2013,57500,2020,2,18,101.25,29,송도동,190-2,28185,,,
글로벌캠퍼스푸르지오,2013,64000,2020,2,18,101.98,24,송도동,190-2,28185,,,
대동,1992,21800,2020,2,18,84.06,3,선학동,353,28185,,,
대동,1993,20700,2020,2,18,52.14,15,연수동,633,28185,,,
대동,1994,23900,2020,2,18,84.585,1,동춘동,941,28185,,,
대동,1993,20000,2020,2,18,52.14,5,연수동,633,28185,,,
대우3,1993,24800,2020,2,18,99.9595,3,동춘동,920-1,28185,,,
더샵그린워크1차,2014,59000,2020,2,18,84.8682,13,송도동,18-6,28185,,,
더샵그린워크2차,2014,58000,2020,2,18,84.8682,30,송도동,17-3,28185,,,
더샵센트럴파크1,2010,60000,2020,2,18,106.9262,8,송도동,23-3,28185,,,
더샵엑스포10단지,2009,50000,2020,2,18,84.9871,11,송도동,16-4,28185,,,
더샵엑스포10단지,2009,53000,2020,2,18,84.9871,6,송도동,16-4,28185,,,
더샵엑스포9단지,2009,73000,2020,2,18,146.7045,8,송도동,16-6,28185,,,
더샵퍼스트월드,2009,65500,2020,2,18,125.967,4,송도동,4-1,28185,,,
더샵퍼스트월드,2009,59500,2020,2,18,120.869,36,송도동,4-1,28185,,,
동남,1994,17700,2020,2,18,52.14,8,동춘동,943,28185,,,
베르디움더퍼스트,2017,51000,2020,2,18,74.5812,9,송도동,192-8,28185,,,
베르디움더퍼스트,2017,46000,2020,2,18,63.9487,20,송도동,192-8,28185,,,
베르디움더퍼스트,2017,44800,2020,2,18,63.9487,28,송도동,192-8,28185,,,
성지리벨루스,2006,40000,2020,2,18,84.586,8,송도동,2-12,28185,,,
솔밭마을아파트,1993,15500,2020,2,18,49.56,11,연수동,582-2,28185,,,
솔밭마을아파트,1993,14700,2020,2,18,49.56,4,연수동,582-2,28185,,,
솔밭마을아파트,1993,15500,2020,2,18,49.56,8,연수동,582-2,28185,,,
솔밭마을아파트,1993,15000,2020,2,18,49.56,7,연수동,582-2,28185,,,
송도글로벌파크베르디움,2017,70000,2020,2,18,84.9359,20,송도동,191-2,28185,,,
송도금호어울림,2005,45000,2020,2,18,84.89,12,송도동,3-38,28185,,,
송도더샵그린애비뉴7단지,2012,54000,2020,2,18,101.9444,10,송도동,16-8,28185,,,
송도더샵그린애비뉴7단지,2012,67000,2020,2,18,111.6523,3,송도동,16-8,28185,,,
송도더샵그린애비뉴8단지,2012,52500,2020,2,18,101.9444,3,송도동,16-7,28185,,,
송도더샵그린애비뉴8단지,2012,61000,2020,2,18,111.6523,14,송도동,16-7,28185,,,
송도더샵그린워크3차(17-1블럭),2015,49000,2020,2,18,69.91,6,송도동,18-5,28185,,,
송도더샵그린워크3차(17-1블럭),2015,52500,2020,2,18,69.91,26,송도동,18-5,28185,,,
송도더샵마스터뷰22BL,2015,60000,2020,2,18,84.92,2,송도동,111,28185,,,
송도더샵센트럴시티,2018,48000,2020,2,18,59.99,20,송도동,190-4,28185,,,
송도더샵퍼스트파크F13-1BL,2017,70000,2020,2,18,68.96,23,송도동,100,28185,,,
송도더샵퍼스트파크F13-1BL,2017,80000,2020,2,18,84.9,22,송도동,100,28185,,,
송도더샵퍼스트파크F14BL,2017,94000,2020,2,18,95.81,26,송도동,101,28185,,,
송도더샵하버뷰(D13),2011,53000,2020,2,18,84.928,15,송도동,17-5,28185,,,
송도더샵하버뷰(D14),2011,61900,2020,2,18,116.317,3,송도동,18-10,28185,,,
송도더샵하버뷰(D14),2011,68000,2020,2,18,116.317,17,송도동,18-10,28185,,,
송도더샵하버뷰(D14),2011,53000,2020,2,18,84.837,24,송도동,18-10,28185,,,
송도더샵하버뷰(D14),2011,60000,2020,2,18,101.454,6,송도동,18-10,28185,,,
송도아메리칸타운아이파크,2018,57000,2020,2,18,72.517,42,송도동,155,28185,,,
송도웰카운티1단지,2008,59970,2020,2,18,119.91,11,송도동,9-31,28185,,,
송도웰카운티1단지,2008,60000,2020,2,18,134.99,2,송도동,9-31,28185,,,
송도웰카운티2단지,2007,52800,2020,2,18,84.97,5,송도동,9-29,28185,,,
송도자이하버뷰1단지,2011,55500,2020,2,18,94.477,9,송도동,19-6,28185,,,
송도캐슬&해모로,2013,46500,2020,2,18,84.4433,11,송도동,161-3,28185,,,
송도푸르지오하버뷰,2011,63500,2020,2,18,111.8079,18,송도동,19-5,28185,,,
송도풍림아이원1단지,2005,50000,2020,2,18,114.7008,13,송도동,2-7,28185,,,
송도풍림아이원1단지,2005,40800,2020,2,18,84.7167,10,송도동,2-7,28185,,,
송도풍림아이원1단지,2005,33212,2020,2,18,84.7167,1,송도동,2-7,28185,,,
송도풍림아이원2단지,2005,41000,2020,2,18,84.94,15,송도동,3-10,28185,,,
송도풍림아이원3단지,2005,36500,2020,2,18,84.94,1,송도동,3-13,28185,,,
송도풍림아이원4단지,2005,43000,2020,2,18,84.7159,5,송도동,2-9,28185,,,
송도풍림아이원4단지,2005,38000,2020,2,18,84.7159,2,송도동,2-9,28185,,,
송도한진해모로,2006,54000,2020,2,18,123.1909,6,송도동,3-44,28185,,,
스위트리아송도,2017,26000,2020,2,18,49.5896,6,송도동,22-18,28185,,,
아이파크송도,2005,64000,2020,2,18,134.187,7,송도동,3-46,28185,,,
연수대우.삼환,1994,30000,2020,2,18,90.18,7,동춘동,925-7,28185,,,
연수대우.삼환,1994,30900,2020,2,18,90.18,14,동춘동,925-7,28185,,,
연수대우.삼환,1994,31000,2020,2,18,90.18,12,동춘동,925-7,28185,,,
연수주공2차,1992,16000,2020,2,18,49.94,11,연수동,533,28185,,,
영남,1992,23000,2020,2,18,84.8,2,연수동,577,28185,,,
영남,1992,21300,2020,2,18,84.8,4,연수동,577,28185,,,
영남,1992,18000,2020,2,18,84.94,6,연수동,577,28185,,,
영남송도,1984,16200,2020,2,18,58.32,1,옥련동,319-9,28185,,,
옥련2우성,2002,25100,2020,2,18,78.834,22,옥련동,645-1,28185,,,
옥련2우성,2002,25651,2020,2,18,84.74,3,옥련동,645-1,28185,,,
우성,1996,33500,2020,2,18,124.902,6,옥련동,636-1,28185,,,
우성,1996,19200,2020,2,18,59.929,2,옥련동,636-1,28185,,,
우성1,1994,43800,2020,2,18,160.03,10,연수동,635,28185,,,
우성1,1994,31300,2020,2,18,101.97,16,연수동,635,28185,,,
우성2,1994,26000,2020,2,18,59.59,11,연수동,634,28185,,,
우성2,1994,27000,2020,2,18,59.59,22,연수동,634,28185,,,
우성2,1994,25700,2020,2,18,59.59,2,연수동,634,28185,,,
우성2,1994,23800,2020,2,18,59.59,1,연수동,634,28185,,,
유천,1993,18600,2020,2,18,60.07,7,연수동,534,28185,,,
유천,1993,18500,2020,2,18,60.07,6,연수동,534,28185,,,
주공3,1993,13200,2020,2,18,44.66,11,연수동,578-2,28185,,,
풍림1,1992,24000,2020,2,18,84.81,13,연수동,582,28185,,,
풍림2,1993,31500,2020,2,18,84.22,4,동춘동,929,28185,,,
풍림2,1993,19800,2020,2,18,45.36,8,동춘동,929,28185,,,
풍림2,1993,25720,2020,2,18,84.22,7,동춘동,929,28185,,,
하나타운1,1995,21250,2020,2,18,59.79,5,청학동,455,28185,,,
한양1,1994,39900,2020,2,18,133.44,6,동춘동,925,28185,,,
한양2,1994,22300,2020,2,18,84.97,5,동춘동,932,28185,,,
한양2,1994,23000,2020,2,18,84.97,5,동춘동,932,28185,,,
현대,1993,29300,2020,2,18,101.88,15,동춘동,924,28185,,,
e편한세상송도,2018,42800,2020,2,19,70.3826,6,송도동,319-1,28185,,,
경남,1993,25400,2020,2,19,84.935,7,연수동,532,28185,,,
경남,1993,22900,2020,2,19,70.28,13,연수동,532,28185,,,
글로벌캠퍼스푸르지오,2013,68500,2020,2,19,115.98,28,송도동,190-2,28185,,,
글로벌캠퍼스푸르지오,2013,70000,2020,2,19,115.98,36,송도동,190-2,28185,,,
글로벌캠퍼스푸르지오,2013,54500,2020,2,19,101.25,3,송도동,190-2,28185,,,
글로벌캠퍼스푸르지오,2013,75000,2020,2,19,134.96,21,송도동,190-2,28185,,,
대동,1993,26800,2020,2,19,75.12,11,연수동,633,28185,,,
대림,1993,31300,2020,2,19,101.7,6,동춘동,924,28185,,,
대림,1993,31000,2020,2,19,101.7,13,동춘동,924,28185,,,
대림,1993,30400,2020,2,19,101.7,4,동춘동,924,28185,,,
더샵그린스퀘어,2014,61500,2020,2,19,98.2428,19,송도동,192-1,28185,,,
더샵그린스퀘어,2014,46800,2020,2,19,64.6999,13,송도동,192-1,28185,,,
더샵그린워크1차,2014,66000,2020,2,19,101.9294,16,송도동,18-6,28185,,,
더샵그린워크1차,2014,49000,2020,2,19,72.5113,7,송도동,18-6,28185,,,
더샵센트럴파크1,2010,60000,2020,2,19,96.318,30,송도동,23-3,28185,,,
더샵센트럴파크1,2010,45000,2020,2,19,77.1413,21,송도동,23-3,28185,,,
더샵엑스포9단지,2009,60000,2020,2,19,113.7554,4,송도동,16-6,28185,,,
더샵엑스포9단지,2009,51000,2020,2,19,84.9871,3,송도동,16-6,28185,,,
더샵엑스포9단지,2009,54500,2020,2,19,99.3121,9,송도동,16-6,28185,,,
더샵퍼스트월드,2009,75000,2020,2,19,147.358,2,송도동,4-1,28185,,,
더샵퍼스트월드,2009,89500,2020,2,19,141.162,27,송도동,4-1,28185,,,
더샵퍼스트월드,2009,65000,2020,2,19,123.02,5,송도동,4-1,28185,,,
동남,1994,16200,2020,2,19,52.14,7,동춘동,943,28185,,,
래미안,1993,28800,2020,2,19,95.76,9,동춘동,924-3,28185,,,
래미안,1993,27700,2020,2,19,95.76,5,동춘동,924-3,28185,,,
롯데캐슬캠퍼스타운,2016,74000,2020,2,19,101.3056,39,송도동,149,28185,,,
롯데캐슬캠퍼스타운,2016,71500,2020,2,19,101.3056,27,송도동,149,28185,,,
무지개마을,1995,25000,2020,2,19,59.76,7,동춘동,931,28185,,,
베르디움더퍼스트,2017,43000,2020,2,19,63.9029,23,송도동,192-8,28185,,,
베르디움더퍼스트,2017,45000,2020,2,19,63.9487,7,송도동,192-8,28185,,,
베르디움더퍼스트,2017,45000,2020,2,19,63.9487,15,송도동,192-8,28185,,,
베르디움더퍼스트,2017,45800,2020,2,19,63.9487,29,송도동,192-8,28185,,,
삼성,1996,22000,2020,2,19,59.98,9,옥련동,634-1,28185,,,
서해,1995,19000,2020,2,19,59.885,8,옥련동,632,28185,,,
성지리벨루스,2006,54800,2020,2,19,134.507,12,송도동,2-12,28185,,,
송도SKVIEW,2019,50000,2020,2,19,84.9753,1,송도동,315-1,28185,,,
송도금호어울림,2005,40000,2020,2,19,84.89,10,송도동,3-38,28185,,,
송도금호어울림,2005,46200,2020,2,19,84.89,15,송도동,3-38,28185,,,
송도금호어울림,2005,45000,2020,2,19,84.89,8,송도동,3-38,28185,,,
송도금호어울림,2005,55000,2020,2,19,134.58,7,송도동,3-38,28185,,,
송도금호어울림,2005,47000,2020,2,19,84.89,6,송도동,3-38,28185,,,
송도더샵그린애비뉴7단지,2012,54400,2020,2,19,101.9444,9,송도동,16-8,28185,,,
송도더샵그린애비뉴7단지,2012,61800,2020,2,19,101.8106,4,송도동,16-8,28185,,,
송도더샵그린애비뉴7단지,2012,59500,2020,2,19,101.9964,9,송도동,16-8,28185,,,
송도더샵그린애비뉴8단지,2012,65000,2020,2,19,112.1643,3,송도동,16-7,28185,,,
송도더샵그린워크3차(17-1블럭),2015,49000,2020,2,19,69.91,6,송도동,18-5,28185,,,
송도더샵그린워크3차(18-1블럭),2015,61000,2020,2,19,84.89,22,송도동,19-3,28185,,,
송도더샵센트럴시티,2018,54000,2020,2,19,59.99,39,송도동,190-4,28185,,,
송도더샵센트럴시티,2018,46500,2020,2,19,59.99,33,송도동,190-4,28185,,,
송도더샵퍼스트파크F14BL,2017,62000,2020,2,19,59.89,8,송도동,101,28185,,,
송도더샵하버뷰(D13),2011,65000,2020,2,19,117.941,12,송도동,17-5,28185,,,
송도더샵하버뷰(D13),2011,65000,2020,2,19,117.941,12,송도동,17-5,28185,,,
송도더샵하버뷰(D13),2011,51000,2020,2,19,84.928,9,송도동,17-5,28185,,,
송도아트윈푸르지오,2015,70000,2020,2,19,84.98,52,송도동,33-1,28185,,,
송도웰카운티1단지,2008,58500,2020,2,19,101.69,11,송도동,9-31,28185,,,
송도웰카운티1단지,2008,69000,2020,2,19,134.99,6,송도동,9-31,28185,,,
송도웰카운티1단지,2008,71000,2020,2,19,149.59,12,송도동,9-31,28185,,,
송도웰카운티1단지,2008,55000,2020,2,19,119.91,1,송도동,9-31,28185,,,
송도웰카운티2단지,2007,62000,2020,2,19,149.59,2,송도동,9-29,28185,,,
송도웰카운티2단지,2007,59000,2020,2,19,101.99,4,송도동,9-29,28185,,,
송도자이하버뷰2단지,2011,52000,2020,2,19,95.393,5,송도동,19-7,28185,,,
송도캐슬&해모로,2013,60000,2020,2,19,123.422,5,송도동,161-3,28185,,,
송도풍림아이원1단지,2005,38800,2020,2,19,84.7167,14,송도동,2-7,28185,,,
송도풍림아이원1단지,2005,48750,2020,2,19,114.7008,12,송도동,2-7,28185,,,
송도풍림아이원2단지,2005,41700,2020,2,19,84.94,4,송도동,3-10,28185,,,
송도풍림아이원2단지,2005,38000,2020,2,19,84.94,2,송도동,3-10,28185,,,
송도풍림아이원3단지,2005,41500,2020,2,19,84.94,11,송도동,3-13,28185,,,
송도풍림아이원3단지,2005,42000,2020,2,19,84.94,16,송도동,3-13,28185,,,
송도한진해모로,2006,61000,2020,2,19,152.4625,17,송도동,3-44,28185,,,
"승기마을,연수1차시영",1992,8900,2020,2,19,26.82,3,연수동,582-2,28185,,,
시대,1994,16300,2020,2,19,49.585,13,청학동,451,28185,,,
시대,1994,12700,2020,2,19,35.743,10,청학동,451,28185,,,
연수대우.삼환,1994,31100,2020,2,19,90.18,9,동춘동,925-7,28185,,,
연수대우.삼환,1994,31500,2020,2,19,102,8,동춘동,925-7,28185,,,
연수대우.삼환,1994,30800,2020,2,19,90.18,11,동춘동,925-7,28185,,,
연수대우.삼환,1994,37900,2020,2,19,120.72,3,동춘동,925-7,28185,,,
연수대우.삼환,1994,32000,2020,2,19,102,7,동춘동,925-7,28185,,,
연수대우.삼환,1994,31800,2020,2,19,102,7,동춘동,925-7,28185,,,
영남,1992,21000,2020,2,19,84.8,4,연수동,577,28185,,,
용담마을,1994,14700,2020,2,19,49.995,4,청학동,454,28185,,,
용담마을,1994,13700,2020,2,19,49.305,4,청학동,454,28185,,,
우성2,1994,26500,2020,2,19,59.59,7,연수동,634,28185,,,
우성2,1994,29300,2020,2,19,84.78,3,연수동,634,28185,,,
유천,1993,23000,2020,2,19,84.87,12,연수동,534,28185,,,
"태산,대진.정광아파트",1991,15200,2020,2,19,64.38,4,선학동,340,28185,,,
풍림,1998,26000,2020,2,19,77,9,옥련동,643-2,28185,,,
풍림1,1992,23400,2020,2,19,69.74,7,연수동,582,28185,,,
한양1,1994,28300,2020,2,19,101.9,5,동춘동,925,28185,,,
현대1,1993,30000,2020,2,19,84.97,2,동춘동,928,28185,,,
현대1,1993,31500,2020,2,19,84.97,6,동춘동,928,28185,,,
현대1,1994,20400,2020,2,19,71.265,13,옥련동,628,28185,,,
현대2차아파트,1995,24700,2020,2,19,84.6,5,옥련동,633,28185,,,
현대2차아파트,1995,24300,2020,2,19,84.6,23,옥련동,633,28185,,,
현대2차아파트,1995,20000,2020,2,19,59.985,3,옥련동,633,28185,,,
e편한세상송도,2018,50000,2020,2,20,70.2331,22,송도동,319-1,28185,,,
e편한세상송도,2018,42000,2020,2,20,70.5618,31,송도동,319-1,28185,,,
건영,1994,24000,2020,2,20,84.945,1,동춘동,938,28185,,,
경남,1993,24500,2020,2,20,70.28,8,연수동,532,28185,,,
글로벌캠퍼스푸르지오,2013,63000,2020,2,20,101.98,17,송도동,190-2,28185,,,
글로벌캠퍼스푸르지오,2013,65000,2020,2,20,101.98,32,송도동,190-2,28185,,,
글로벌캠퍼스푸르지오,2013,60000,2020,2,20,101.98,22,송도동,190-2,28185,,,
글로벌캠퍼스푸르지오,2013,67000,2020,2,20,115.98,6,송도동,190-2,28185,,,
대동,1993,22000,2020,2,20,52.14,15,연수동,633,28185,,,
대동,1992,22200,2020,2,20,84.06,14,선학동,353,28185,,,
대동,1993,19000,2020,2,20,52.14,3,연수동,633,28185,,,
대림,1993,29700,2020,2,20,101.7,5,동춘동,924,28185,,,
대우3,1993,26200,2020,2,20,99.09,2,동춘동,920-1,28185,,,
더샵그린스퀘어,2014,63300,2020,2,20,84.8669,25,송도동,192-1,28185,,,
더샵그린스퀘어,2014,65000,2020,2,20,98.2428,24,송도동,192-1,28185,,,
더샵그린워크1차,2014,65000,2020,2,20,84.3408,19,송도동,18-6,28185,,,
더샵그린워크1차,2014,63000,2020,2,20,84.3408,11,송도동,18-6,28185,,,
더샵그린워크1차,2014,60000,2020,2,20,84.3408,10,송도동,18-6,28185,,,
더샵그린워크2차,2014,52000,2020,2,20,84.9859,18,송도동,17-3,28185,,,
더샵그린워크2차,2014,50000,2020,2,20,74.8873,9,송도동,17-3,28185,,,
더샵센트럴파크1,2010,82500,2020,2,20,115.156,27,송도동,23-3,28185,,,
더샵센트럴파크2,2011,100000,2020,2,20,133.5512,31,송도동,23-4,28185,,,
더샵퍼스트월드,2009,83000,2020,2,20,140.52,43,송도동,4-1,28185,,,
동남,1988,7750,2020,2,20,40.71,2,청학동,538-12,28185,,,
동춘마을,1994,19000,2020,2,20,59.36,1,동춘동,921,28185,,,
래미안,1993,27500,2020,2,20,95.76,2,동춘동,924-3,28185,,,
래미안,1993,28200,2020,2,20,95.76,13,동춘동,924-3,28185,,,
롯데,1993,32000,2020,2,20,134.74,2,동춘동,917,28185,,,
롯데캐슬캠퍼스타운,2016,65000,2020,2,20,101.3056,5,송도동,149,28185,,,
롯데캐슬캠퍼스타운,2016,52900,2020,2,20,59.9715,47,송도동,149,28185,,,
문남마을,1994,16000,2020,2,20,49.24,3,연수동,540,28185,,,
베르디움더퍼스트,2017,44000,2020,2,20,63.9487,13,송도동,192-8,28185,,,
베르디움더퍼스트,2017,46000,2020,2,20,63.9487,21,송도동,192-8,28185,,,
서해,1995,19300,2020,2,20,59.885,17,옥련동,632,28185,,,
서해,1995,18700,2020,2,20,59.885,4,옥련동,632,28185,,,
솔밭마을아파트,1993,16850,2020,2,20,49.56,9,연수동,582-2,28185,,,
솔밭마을아파트,1993,17000,2020,2,20,49.56,8,연수동,582-2,28185,,,
송도더샵그린애비뉴7단지,2012,73200,2020,2,20,129.1677,18,송도동,16-8,28185,,,
송도더샵마스터뷰21BL,2015,65000,2020,2,20,84.92,4,송도동,110,28185,,,
송도더샵마스터뷰21BL,2015,64000,2020,2,20,84.92,2,송도동,110,28185,,,
송도더샵센트럴시티,2018,53800,2020,2,20,72.99,34,송도동,190-4,28185,,,
송도더샵센트럴시티,2018,47900,2020,2,20,59.99,26,송도동,190-4,28185,,,
송도더샵센트럴시티,2018,50000,2020,2,20,59.99,38,송도동,190-4,28185,,,
송도더샵하버뷰(D13),2011,89500,2020,2,20,147.823,24,송도동,17-5,28185,,,
송도더샵하버뷰(D14),2011,57000,2020,2,20,101.454,5,송도동,18-10,28185,,,
송도더샵하버뷰(D14),2011,65000,2020,2,20,101.454,10,송도동,18-10,28185,,,
송도더샵하버뷰(D15),2012,63000,2020,2,20,116.472,5,송도동,18-7,28185,,,
송도더샵하버뷰(D15),2012,90000,2020,2,20,151.6007,24,송도동,18-7,28185,,,
송도아트윈푸르지오,2015,64300,2020,2,20,84.99,4,송도동,33-1,28185,,,
송도에듀포레푸르지오,2016,46500,2020,2,20,59.941,8,송도동,191-4,28185,,,
송도에듀포레푸르지오,2016,54000,2020,2,20,72.253,13,송도동,191-4,28185,,,
송도웰카운티1단지,2008,53000,2020,2,20,84.97,12,송도동,9-31,28185,,,
송도웰카운티1단지,2008,84000,2020,2,20,180.5,14,송도동,9-31,28185,,,
송도자이하버뷰1단지,2011,60000,2020,2,20,94.477,19,송도동,19-6,28185,,,
송도파크레인동일하이빌,2019,49500,2020,2,20,84.9948,9,동춘동,가-,28185,,,
송도푸르지오월드마크8단지,2010,55000,2020,2,20,156.854,5,송도동,22-22,28185,,,
송도풍림아이원1단지,2005,48000,2020,2,20,114.7008,21,송도동,2-7,28185,,,
송도풍림아이원2단지,2005,39500,2020,2,20,84.94,2,송도동,3-10,28185,,,
송도풍림아이원2단지,2005,45000,2020,2,20,84.94,12,송도동,3-10,28185,,,
송도풍림아이원2단지,2005,45000,2020,2,20,84.94,14,송도동,3-10,28185,,,
송도한진해모로,2006,43500,2020,2,20,84.1224,2,송도동,3-44,28185,,,
연수대우.삼환,1994,30000,2020,2,20,90.18,16,동춘동,925-7,28185,,,
연수대우.삼환,1994,29700,2020,2,20,90.18,8,동춘동,925-7,28185,,,
연수대우.삼환,1994,32500,2020,2,20,102,16,동춘동,925-7,28185,,,
영남,1992,21000,2020,2,20,84.8,1,연수동,577,28185,,,
영남,1992,21500,2020,2,20,84.8,4,연수동,577,28185,,,
영남,1992,20800,2020,2,20,84.8,4,연수동,577,28185,,,
영남,1992,21500,2020,2,20,84.8,5,연수동,577,28185,,,
영남,1992,20000,2020,2,20,84.94,5,연수동,577,28185,,,
우성1,1994,31900,2020,2,20,101.97,6,연수동,635,28185,,,
우성1,1994,32000,2020,2,20,101.97,11,연수동,635,28185,,,
우성1,1994,31000,2020,2,20,101.97,1,연수동,635,28185,,,
우성1,1994,29000,2020,2,20,101.97,2,연수동,635,28185,,,
우성2,1994,30750,2020,2,20,84.78,16,연수동,634,28185,,,
우성2,1994,32500,2020,2,20,84.78,10,연수동,634,28185,,,
우성2,1994,27500,2020,2,20,59.59,16,연수동,634,28185,,,
유천,1993,24400,2020,2,20,84.87,6,연수동,534,28185,,,
한양1,1994,38900,2020,2,20,133.44,18,동춘동,925,28185,,,
한양2,1994,20000,2020,2,20,68.36,5,동춘동,932,28185,,,
한양2,1994,27000,2020,2,20,84.97,2,동춘동,932,28185,,,
한양2,1994,23000,2020,2,20,84.97,5,동춘동,932,28185,,,
한양2,1994,27300,2020,2,20,84.97,1,동춘동,932,28185,,,
한양2,1994,22700,2020,2,20,84.97,4,동춘동,932,28185,,,
현대1,1993,31000,2020,2,20,84.97,3,동춘동,928,28185,,,
e편한세상송도,2018,49000,2020,2,21,70.5618,12,송도동,319-1,28185,,,
e편한세상송도,2018,50500,2020,2,21,70.5618,31,송도동,319-1,28185,,,
경남,1993,24900,2020,2,21,84.935,15,연수동,532,28185,,,
글로벌캠퍼스푸르지오,2013,62500,2020,2,21,101.98,20,송도동,190-2,28185,,,
글로벌캠퍼스푸르지오,2013,69800,2020,2,21,134.96,2,송도동,190-2,28185,,,
뉴서울,1992,23200,2020,2,21,84.53,7,선학동,352,28185,,,
대동,1993,26800,2020,2,21,75.12,3,연수동,633,28185,,,
대동,1993,21500,2020,2,21,52.14,9,연수동,633,28185,,,
대동,1993,20900,2020,2,21,52.14,11,연수동,633,28185,,,
대림,1993,26950,2020,2,21,96.74,4,동춘동,924,28185,,,
더샵그린워크2차,2014,69200,2020,2,21,99.9837,22,송도동,17-3,28185,,,
더샵그린워크2차,2014,76500,2020,2,21,117.8951,14,송도동,17-3,28185,,,
더샵센트럴파크1,2010,48000,2020,2,21,96.318,17,송도동,23-3,28185,,,
더샵센트럴파크2,2011,91000,2020,2,21,133.5512,9,송도동,23-4,28185,,,
더샵엑스포10단지,2009,56700,2020,2,21,99.3121,7,송도동,16-4,28185,,,
더샵퍼스트월드,2009,84000,2020,2,21,111.366,24,송도동,4-1,28185,,,
더샵퍼스트월드,2009,65000,2020,2,21,101.748,50,송도동,4-1,28185,,,
동남,1994,16100,2020,2,21,52.14,8,동춘동,943,28185,,,
동춘마을,1994,18500,2020,2,21,59.36,4,동춘동,921,28185,,,
럭키송도,1993,29100,2020,2,21,101.49,5,옥련동,626,28185,,,
롯데,1993,26800,2020,2,21,99.91,4,동춘동,917,28185,,,
무지개마을,1995,22600,2020,2,21,59.76,12,동춘동,931,28185,,,
무지개마을,1995,23500,2020,2,21,59.76,1,동춘동,931,28185,,,
백산2,1997,16300,2020,2,21,59.98,1,옥련동,638-1,28185,,,
베르디움더퍼스트,2017,65000,2020,2,21,84.9572,29,송도동,192-8,28185,,,
베르디움더퍼스트,2017,46000,2020,2,21,63.9487,13,송도동,192-8,28185,,,
베르디움더퍼스트,2017,46000,2020,2,21,74.9413,1,송도동,192-8,28185,,,
베르디움더퍼스트,2017,46000,2020,2,21,63.9487,8,송도동,192-8,28185,,,
베르디움더퍼스트,2017,52500,2020,2,21,74.9413,20,송도동,192-8,28185,,,
베르디움더퍼스트,2017,45000,2020,2,21,63.9487,9,송도동,192-8,28185,,,
베르디움더퍼스트,2017,53000,2020,2,21,74.9413,15,송도동,192-8,28185,,,
서해,1995,20000,2020,2,21,59.885,8,옥련동,632,28185,,,
서해,1995,19100,2020,2,21,59.885,15,옥련동,632,28185,,,
성지리벨루스,2006,53500,2020,2,21,134.507,9,송도동,2-12,28185,,,
세경,1997,13000,2020,2,21,36.27,10,연수동,578-1,28185,,,
솔밭마을아파트,1993,17000,2020,2,21,49.56,10,연수동,582-2,28185,,,
솔밭마을아파트,1993,15000,2020,2,21,49.56,14,연수동,582-2,28185,,,
솔밭마을아파트,1993,14900,2020,2,21,49.56,11,연수동,582-2,28185,,,
솔밭마을아파트,1993,16500,2020,2,21,49.56,12,연수동,582-2,28185,,,
송도글로벌파크베르디움,2017,75000,2020,2,21,84.9359,24,송도동,191-2,28185,,,
송도글로벌파크베르디움,2017,61500,2020,2,21,74.9307,15,송도동,191-2,28185,,,
송도글로벌파크베르디움,2017,70000,2020,2,21,84.9359,13,송도동,191-2,28185,,,
송도글로벌파크베르디움,2017,48700,2020,2,21,63.9721,2,송도동,191-2,28185,,,
송도금호어울림,2005,44000,2020,2,21,84.89,3,송도동,3-38,28185,,,
송도더샵그린애비뉴7단지,2012,60000,2020,2,21,111.6523,4,송도동,16-8,28185,,,
송도더샵그린애비뉴7단지,2012,71000,2020,2,21,129.1677,12,송도동,16-8,28185,,,
송도더샵그린애비뉴8단지,2012,61000,2020,2,21,101.9444,15,송도동,16-7,28185,,,
송도더샵그린워크3차(18-1블럭),2015,65000,2020,2,21,84.73,16,송도동,19-3,28185,,,
송도더샵그린워크3차(18-1블럭),2015,60700,2020,2,21,84.72,7,송도동,19-3,28185,,,
송도더샵마스터뷰23-1BL,2015,70000,2020,2,21,84.92,8,송도동,112,28185,,,
송도더샵퍼스트파크F13-1BL,2017,68200,2020,2,21,68.96,7,송도동,100,28185,,,
송도더샵퍼스트파크F15BL,2017,72000,2020,2,21,68.96,15,송도동,102,28185,,,
송도더샵하버뷰(D13),2011,56000,2020,2,21,101.132,3,송도동,17-5,28185,,,
송도더샵하버뷰(D13),2011,58000,2020,2,21,101.067,17,송도동,17-5,28185,,,
송도더샵하버뷰(D13),2011,59900,2020,2,21,116.316,2,송도동,17-5,28185,,,
송도더샵하버뷰(D13),2011,55500,2020,2,21,101.067,9,송도동,17-5,28185,,,
송도더샵하버뷰(D14),2011,57650,2020,2,21,101.454,15,송도동,18-10,28185,,,
송도아메리칸타운아이파크,2018,52000,2020,2,21,64.168,14,송도동,155,28185,,,
송도아메리칸타운아이파크,2018,113000,2020,2,21,133.3247,47,송도동,155,28185,,,
송도에듀포레푸르지오,2016,65000,2020,2,21,84.852,23,송도동,191-4,28185,,,
송도에듀포레푸르지오,2016,41800,2020,2,21,59.978,9,송도동,191-4,28185,,,
송도웰카운티1단지,2008,64000,2020,2,21,119.79,12,송도동,9-31,28185,,,
송도이안,2006,43000,2020,2,21,131.76,9,송도동,2-3,28185,,,
송도캐슬&해모로,2013,50000,2020,2,21,84.4433,5,송도동,161-3,28185,,,
송도캐슬&해모로,2013,49000,2020,2,21,84.4815,29,송도동,161-3,28185,,,
송도코오롱더프라우1단지,2009,53500,2020,2,21,148.308,6,송도동,15-12,28185,,,
송도코오롱더프라우3단지,2012,51000,2020,2,21,129.744,12,송도동,15-10,28185,,,
송도푸르지오월드마크1단지,2010,58500,2020,2,21,156.854,11,송도동,20-22,28185,,,
송도푸르지오월드마크8단지,2010,51000,2020,2,21,127.051,11,송도동,22-22,28185,,,
송도푸르지오하버뷰,2011,68000,2020,2,21,127.1238,2,송도동,19-5,28185,,,
송도푸르지오하버뷰,2011,83000,2020,2,21,127.1238,39,송도동,19-5,28185,,,
송도풍림아이원1단지,2005,50200,2020,2,21,114.7008,18,송도동,2-7,28185,,,
송도풍림아이원1단지,2005,42000,2020,2,21,84.7167,19,송도동,2-7,28185,,,
송도풍림아이원2단지,2005,45000,2020,2,21,84.94,8,송도동,3-10,28185,,,
송도풍림아이원2단지,2005,44000,2020,2,21,84.94,14,송도동,3-10,28185,,,
송도풍림아이원2단지,2005,39000,2020,2,21,84.94,14,송도동,3-10,28185,,,
송도풍림아이원3단지,2005,42000,2020,2,21,84.94,8,송도동,3-13,28185,,,
송도풍림아이원3단지,2005,40000,2020,2,21,84.94,10,송도동,3-13,28185,,,
송도풍림아이원3단지,2005,41000,2020,2,21,84.94,3,송도동,3-13,28185,,,
송도풍림아이원4단지,2005,39500,2020,2,21,84.7159,9,송도동,2-9,28185,,,
송도풍림아이원4단지,2005,46500,2020,2,21,114.8862,6,송도동,2-9,28185,,,
스위트리아송도,2017,27000,2020,2,21,49.5896,7,송도동,22-18,28185,,,
"승기마을,연수1차시영",1992,8200,2020,2,21,26.82,14,연수동,582-2,28185,,,
쌍용,1998,21900,2020,2,21,59.78,7,옥련동,644-1,28185,,,
쌍용,1998,28900,2020,2,21,84.98,15,옥련동,644-1,28185,,,
연수대우.삼환,1994,41500,2020,2,21,120.72,8,동춘동,925-7,28185,,,
연수서해그랑블1단지,2017,36500,2020,2,21,70.75,19,동춘동,1131-1,28185,,,
연수서해그랑블1단지,2017,42000,2020,2,21,84.98,6,동춘동,1131-1,28185,,,
연수서해그랑블1단지,2017,44000,2020,2,21,84.98,17,동춘동,1131-1,28185,,,
연수주공2차,1992,14900,2020,2,21,49.94,8,연수동,533,28185,,,
"연수타운(금호,동아)",1993,26500,2020,2,21,101.97,1,동춘동,923,28185,,,
연수푸르지오3단지,2011,31000,2020,2,21,84.85,20,연수동,596,28185,,,
영남,1992,21000,2020,2,21,84.94,1,연수동,577,28185,,,
용담마을,1994,15800,2020,2,21,49.995,5,청학동,454,28185,,,
우성1,1994,30500,2020,2,21,101.97,3,연수동,635,28185,,,
우성2,1994,27400,2020,2,21,59.59,5,연수동,634,28185,,,
우성2,1994,32000,2020,2,21,84.78,22,연수동,634,28185,,,
우성2,1994,30900,2020,2,21,84.78,22,연수동,634,28185,,,
우성2,1994,26700,2020,2,21,59.59,6,연수동,634,28185,,,
자이(xi),1993,34000,2020,2,21,119.4,7,동춘동,924-3,28185,,,
주공3,1993,13000,2020,2,21,44.66,2,연수동,578-2,28185,,,
풍림1,1992,25300,2020,2,21,84.81,12,연수동,582,28185,,,
풍림2,1993,18600,2020,2,21,45.36,9,동춘동,929,28185,,,
풍림3,1993,24300,2020,2,21,84.3,4,동춘동,922,28185,,,
풍림3,1993,24500,2020,2,21,84.3,3,동춘동,922,28185,,,
하나타운2,1994,33200,2020,2,21,99.42,5,동춘동,919,28185,,,
한양1,1994,41000,2020,2,21,133.44,1,동춘동,925,28185,,,
한양1,1994,30000,2020,2,21,101.9,12,동춘동,925,28185,,,
한양1,1994,28500,2020,2,21,88.86,6,동춘동,925,28185,,,
한양2,1994,21000,2020,2,21,68.36,5,동춘동,932,28185,,,
한양2,1994,22100,2020,2,21,68.36,1,동춘동,932,28185,,,
해모로월드뷰,2012,59000,2020,2,21,84.9207,11,송도동,157,28185,,,
현대1,1994,15900,2020,2,21,59.4,8,옥련동,628,28185,,,
현대1,1993,32000,2020,2,21,84.97,6,동춘동,928,28185,,,
현대2차아파트,1995,23000,2020,2,21,59.985,18,옥련동,633,28185,,,
현대4,1997,21500,2020,2,21,59.985,6,옥련동,637-1,28185,,,
현대4,1997,28500,2020,2,21,84.6,7,옥련동,637-1,28185,,,
현대4,1997,26900,2020,2,21,84.6,9,옥련동,637-1,28185,,,
e편한세상송도,2018,52900,2020,2,22,70.5618,16,송도동,319-1,28185,,,
경남,1993,28000,2020,2,22,84.935,12,연수동,532,28185,,,
경남,1993,23900,2020,2,22,70.28,4,연수동,532,28185,,,
경남,1993,27700,2020,2,22,84.935,13,연수동,532,28185,,,
글로벌캠퍼스푸르지오,2013,62000,2020,2,22,94.99,25,송도동,190-2,28185,,,
글로벌캠퍼스푸르지오,2013,50800,2020,2,22,84.98,19,송도동,190-2,28185,,,
글로벌캠퍼스푸르지오,2013,70000,2020,2,22,115.98,30,송도동,190-2,28185,,,
금호타운,1992,29000,2020,2,22,101.88,13,선학동,350,28185,,,
대동,1993,21000,2020,2,22,52.14,8,연수동,633,28185,,,
대동,1992,25200,2020,2,22,84.4,11,선학동,353,28185,,,
대동,1993,20300,2020,2,22,52.14,4,연수동,633,28185,,,
대동,1993,26800,2020,2,22,75.12,4,연수동,633,28185,,,
대동,1993,18600,2020,2,22,52.14,2,연수동,633,28185,,,
대동,1993,21000,2020,2,22,52.14,3,연수동,633,28185,,,
대동,1994,23900,2020,2,22,84.585,5,동춘동,941,28185,,,
대동,1994,24600,2020,2,22,75.255,4,동춘동,941,28185,,,
대림,1993,28700,2020,2,22,84.795,9,연수동,532,28185,,,
대림,1993,31000,2020,2,22,101.7,9,동춘동,924,28185,,,
대림,1993,31400,2020,2,22,101.7,6,동춘동,924,28185,,,
더샵그린스퀘어,2014,41000,2020,2,22,64.6999,1,송도동,192-1,28185,,,
더샵그린워크1차,2014,63000,2020,2,22,84.3408,22,송도동,18-6,28185,,,
더샵그린워크1차,2014,45000,2020,2,22,59.9201,2,송도동,18-6,28185,,,
더샵그린워크2차,2014,65000,2020,2,22,84.9859,29,송도동,17-3,28185,,,
더샵센트럴파크1,2010,69900,2020,2,22,106.9262,40,송도동,23-3,28185,,,
더샵센트럴파크2,2011,54500,2020,2,22,71.7602,25,송도동,23-4,28185,,,
더샵센트럴파크2,2011,94500,2020,2,22,134.8097,9,송도동,23-4,28185,,,
더샵센트럴파크2,2011,67000,2020,2,22,105.6861,5,송도동,23-4,28185,,,
더샵엑스포10단지,2009,62000,2020,2,22,115.0662,18,송도동,16-4,28185,,,
더샵엑스포10단지,2009,63000,2020,2,22,115.0662,20,송도동,16-4,28185,,,
더샵엑스포6단지,2009,63000,2020,2,22,118.2142,13,송도동,15-2,28185,,,
더샵엑스포6단지,2009,62800,2020,2,22,116.4728,13,송도동,15-2,28185,,,
더샵퍼스트월드,2009,89900,2020,2,22,140.52,55,송도동,4-1,28185,,,
더샵퍼스트월드,2009,85000,2020,2,22,141.162,10,송도동,4-1,28185,,,
동남,1994,26500,2020,2,22,104.88,14,연수동,536,28185,,,
동남,1994,16300,2020,2,22,52.14,14,동춘동,943,28185,,,
동남,1994,16500,2020,2,22,52.14,4,동춘동,943,28185,,,
동춘마을,1994,19200,2020,2,22,59.3,3,동춘동,921,28185,,,
래미안,1993,27200,2020,2,22,95.76,13,동춘동,924-3,28185,,,
래미안,1993,28000,2020,2,22,95.76,8,동춘동,924-3,28185,,,
래미안,1993,28000,2020,2,22,95.76,14,동춘동,924-3,28185,,,
럭키송도,1993,28800,2020,2,22,101.49,16,옥련동,626,28185,,,
럭키송도,1993,30350,2020,2,22,134.94,6,옥련동,626,28185,,,
롯데캐슬,2012,59000,2020,2,22,110.253,8,송도동,150,28185,,,
롯데캐슬,2012,54750,2020,2,22,84.9966,2,송도동,150,28185,,,
롯데캐슬,2012,67000,2020,2,22,110.253,21,송도동,150,28185,,,
롯데캐슬캠퍼스타운,2016,47000,2020,2,22,59.7433,4,송도동,149,28185,,,
롯데캐슬캠퍼스타운,2016,51000,2020,2,22,59.8604,29,송도동,149,28185,,,
롯데캐슬캠퍼스타운,2016,51000,2020,2,22,59.8604,38,송도동,149,28185,,,
무지개마을,1995,26000,2020,2,22,59.76,7,동춘동,931,28185,,,
무지개마을,1995,29700,2020,2,22,84.965,5,동춘동,931,28185,,,
무지개마을,1995,25900,2020,2,22,84.965,2,동춘동,931,28185,,,
무지개마을,1995,27500,2020,2,22,84.965,6,동춘동,931,28185,,,
백산,1994,18000,2020,2,22,59.76,9,옥련동,630,28185,,,
베르디움더퍼스트,2017,47000,2020,2,22,63.9029,19,송도동,192-8,28185,,,
베르디움더퍼스트,2017,48000,2020,2,22,63.9487,33,송도동,192-8,28185,,,
베르디움더퍼스트,2017,47000,2020,2,22,63.9487,25,송도동,192-8,28185,,,
베르디움더퍼스트,2017,54800,2020,2,22,74.9413,27,송도동,192-8,28185,,,
베르디움더퍼스트,2017,46000,2020,2,22,63.9487,8,송도동,192-8,28185,,,
서해,1995,23500,2020,2,22,84.855,16,옥련동,632,28185,,,
성지리벨루스,2006,54000,2020,2,22,134.507,8,송도동,2-12,28185,,,
성지리벨루스,2006,39900,2020,2,22,84.586,2,송도동,2-12,28185,,,
성호,1993,21375,2020,2,22,84.02,1,청학동,449,28185,,,
세경,1997,15000,2020,2,22,51.75,5,연수동,578-1,28185,,,
솔밭마을아파트,1993,14000,2020,2,22,49.56,2,연수동,582-2,28185,,,
솔밭마을아파트,1993,15000,2020,2,22,49.56,13,연수동,582-2,28185,,,
송도글로벌파크베르디움,2017,53000,2020,2,22,63.9498,21,송도동,191-2,28185,,,
송도글로벌파크베르디움,2017,54900,2020,2,22,63.9721,5,송도동,191-2,28185,,,
송도글로벌파크베르디움,2017,62000,2020,2,22,74.9307,10,송도동,191-2,28185,,,
송도금호어울림,2005,45000,2020,2,22,84.89,15,송도동,3-38,28185,,,
송도금호어울림,2005,43000,2020,2,22,84.89,3,송도동,3-38,28185,,,
송도금호어울림,2005,42000,2020,2,22,84.89,1,송도동,3-38,28185,,,
송도더샵그린애비뉴7단지,2012,54400,2020,2,22,101.9444,9,송도동,16-8,28185,,,
송도더샵그린애비뉴8단지,2012,54500,2020,2,22,84.992,7,송도동,16-7,28185,,,
송도더샵그린애비뉴8단지,2012,61500,2020,2,22,101.9444,10,송도동,16-7,28185,,,
송도더샵그린워크3차(17-1블럭),2015,50000,2020,2,22,69.91,23,송도동,18-5,28185,,,
송도더샵그린워크3차(18-1블럭),2015,65000,2020,2,22,84.89,14,송도동,19-3,28185,,,
송도더샵마스터뷰22BL,2015,55000,2020,2,22,72.59,10,송도동,111,28185,,,
송도더샵마스터뷰22BL,2015,67000,2020,2,22,84.92,7,송도동,111,28185,,,
송도더샵마스터뷰22BL,2015,52000,2020,2,22,72.59,3,송도동,111,28185,,,
송도더샵센트럴시티,2018,48500,2020,2,22,59.99,5,송도동,190-4,28185,,,
송도더샵퍼스트파크F13-1BL,2017,67000,2020,2,22,68.96,5,송도동,100,28185,,,
송도더샵하버뷰(D13),2011,67000,2020,2,22,117.941,15,송도동,17-5,28185,,,
송도더샵하버뷰(D13),2011,63900,2020,2,22,101.319,20,송도동,17-5,28185,,,
송도더샵하버뷰(D13),2011,65000,2020,2,22,120.312,7,송도동,17-5,28185,,,
송도더샵하버뷰(D13),2011,47500,2020,2,22,84.928,5,송도동,17-5,28185,,,
송도더샵하버뷰(D13),2011,66000,2020,2,22,118.459,18,송도동,17-5,28185,,,
송도더샵하버뷰(D13),2011,58000,2020,2,22,101.132,9,송도동,17-5,28185,,,
송도더샵하버뷰(D14),2011,63000,2020,2,22,116.317,6,송도동,18-10,28185,,,
송도더샵하버뷰(D14),2011,51800,2020,2,22,84.837,18,송도동,18-10,28185,,,
송도더샵하버뷰(D15),2012,54000,2020,2,22,92.8582,3,송도동,18-7,28185,,,
송도더샵하버뷰(D15),2012,67000,2020,2,22,119.4815,4,송도동,18-7,28185,,,
송도아메리칸타운아이파크,2018,45000,2020,2,22,64.168,9,송도동,155,28185,,,
송도아트윈푸르지오,2015,65000,2020,2,22,84.98,44,송도동,33-1,28185,,,
송도에듀포레푸르지오,2016,63000,2020,2,22,84.517,41,송도동,191-4,28185,,,
송도에듀포레푸르지오,2016,52500,2020,2,22,72.217,18,송도동,191-4,28185,,,
송도웰카운티1단지,2008,62000,2020,2,22,107.81,9,송도동,9-31,28185,,,
송도웰카운티1단지,2008,67700,2020,2,22,134.99,11,송도동,9-31,28185,,,
송도웰카운티2단지,2007,51500,2020,2,22,84.97,8,송도동,9-29,28185,,,
송도웰카운티2단지,2007,50000,2020,2,22,84.97,2,송도동,9-29,28185,,,
송도웰카운티3단지,2010,60000,2020,2,22,84.91,19,송도동,9-6,28185,,,
송도웰카운티3단지,2010,57400,2020,2,22,84.99,6,송도동,9-6,28185,,,
송도웰카운티3단지,2010,59900,2020,2,22,84.91,11,송도동,9-6,28185,,,
송도웰카운티4단지,2010,75000,2020,2,22,149.41,1,송도동,9-5,28185,,,
송도이안,2006,42000,2020,2,22,131.76,5,송도동,2-3,28185,,,
송도자이하버뷰1단지,2011,58000,2020,2,22,95.393,14,송도동,19-6,28185,,,
송도자이하버뷰1단지,2011,72500,2020,2,22,116.82,29,송도동,19-6,28185,,,
송도자이하버뷰1단지,2011,83000,2020,2,22,148.612,7,송도동,19-6,28185,,,
송도자이하버뷰1단지,2011,73000,2020,2,22,116.82,15,송도동,19-6,28185,,,
송도자이하버뷰1단지,2011,50000,2020,2,22,94.477,4,송도동,19-6,28185,,,
송도자이하버뷰2단지,2011,55000,2020,2,22,94.477,8,송도동,19-7,28185,,,
송도자이하버뷰2단지,2011,70000,2020,2,22,120.745,7,송도동,19-7,28185,,,
송도캐슬&해모로,2013,49000,2020,2,22,84.4433,4,송도동,161-3,28185,,,
송도캐슬&해모로,2013,50500,2020,2,22,84.4433,4,송도동,161-3,28185,,,
송도코오롱더프라우3단지,2012,52000,2020,2,22,129.394,10,송도동,15-10,28185,,,
송도코오롱더프라우3단지,2012,52800,2020,2,22,129.744,18,송도동,15-10,28185,,,
송도푸르지오월드마크1단지,2010,52000,2020,2,22,137.547,16,송도동,20-22,28185,,,
송도푸르지오하버뷰,2011,64000,2020,2,22,111.8079,25,송도동,19-5,28185,,,
송도풍림아이원1단지,2005,40000,2020,2,22,84.9146,8,송도동,2-7,28185,,,
송도풍림아이원1단지,2005,37700,2020,2,22,84.7167,15,송도동,2-7,28185,,,
송도풍림아이원1단지,2005,45000,2020,2,22,84.7167,10,송도동,2-7,28185,,,
송도풍림아이원1단지,2005,42000,2020,2,22,84.7167,13,송도동,2-7,28185,,,
송도풍림아이원2단지,2005,37000,2020,2,22,84.94,2,송도동,3-10,28185,,,
송도풍림아이원3단지,2005,42750,2020,2,22,84.94,6,송도동,3-13,28185,,,
송도풍림아이원4단지,2005,40000,2020,2,22,84.7159,5,송도동,2-9,28185,,,
송도풍림아이원4단지,2005,45000,2020,2,22,84.7159,5,송도동,2-9,28185,,,
송도한진해모로,2006,44500,2020,2,22,84.1224,2,송도동,3-44,28185,,,
송학둥지,1983,17800,2020,2,22,56.16,2,옥련동,118-1,28185,,,
송학둥지,1983,16800,2020,2,22,56.16,1,옥련동,118-1,28185,,,
"승기마을,연수1차시영",1992,14300,2020,2,22,44.22,5,연수동,582-2,28185,,,
"승기마을,연수1차시영",1992,15000,2020,2,22,50.67,12,연수동,582-2,28185,,,
"승기마을,연수1차시영",1992,8500,2020,2,22,26.82,12,연수동,582-2,28185,,,
아이파크송도,2005,49900,2020,2,22,101.8545,5,송도동,3-46,28185,,,
아이파크송도,2005,53000,2020,2,22,101.617,11,송도동,3-46,28185,,,
아이파크송도,2005,50800,2020,2,22,101.617,2,송도동,3-46,28185,,,
아이파크송도,2005,51800,2020,2,22,101.617,11,송도동,3-46,28185,,,
아주1,1997,23800,2020,2,22,84.81,4,옥련동,640-1,28185,,,
연수대우.삼환,1994,33000,2020,2,22,102,3,동춘동,925-7,28185,,,
연수대우.삼환,1994,33300,2020,2,22,102,9,동춘동,925-7,28185,,,
연수대우.삼환,1994,33000,2020,2,22,102,3,동춘동,925-7,28185,,,
연수대우.삼환,1994,31500,2020,2,22,102,8,동춘동,925-7,28185,,,
연수대우.삼환,1994,30000,2020,2,22,90.18,7,동춘동,925-7,28185,,,
연수대우.삼환,1994,33000,2020,2,22,102,11,동춘동,925-7,28185,,,
연수대우.삼환,1994,38500,2020,2,22,120.72,9,동춘동,925-7,28185,,,
연수서해그랑블1단지,2017,36300,2020,2,22,70.75,4,동춘동,1131-1,28185,,,
연수서해그랑블1단지,2017,35750,2020,2,22,70.75,18,동춘동,1131-1,28185,,,
연수서해그랑블1단지,2017,43500,2020,2,22,84.98,9,동춘동,1131-1,28185,,,
연수서해그랑블1단지,2017,40000,2020,2,22,84.98,6,동춘동,1131-1,28185,,,
연수서해그랑블1단지,2017,46000,2020,2,22,84.98,19,동춘동,1131-1,28185,,,
연수서해그랑블1단지,2017,35950,2020,2,22,70.75,3,동춘동,1131-1,28185,,,
연수서해그랑블1단지,2017,43000,2020,2,22,84.95,15,동춘동,1131-1,28185,,,
연수서해그랑블1단지,2017,35000,2020,2,22,70.75,12,동춘동,1131-1,28185,,,
연수서해그랑블1단지,2017,44000,2020,2,22,84.98,13,동춘동,1131-1,28185,,,
연수주공2차,1992,15500,2020,2,22,49.94,4,연수동,533,28185,,,
"연수타운(금호,동아)",1993,29000,2020,2,22,101.97,2,동춘동,923,28185,,,
"연수타운(금호,동아)",1993,33000,2020,2,22,134.63,4,동춘동,923,28185,,,
영남,1992,22700,2020,2,22,84.8,2,연수동,577,28185,,,
영남,1992,22000,2020,2,22,84.8,3,연수동,577,28185,,,
영남,1992,22700,2020,2,22,84.8,2,연수동,577,28185,,,
용담마을,1994,14500,2020,2,22,49.305,4,청학동,454,28185,,,
용담마을,1994,14500,2020,2,22,49.995,3,청학동,454,28185,,,
우성,1996,25500,2020,2,22,84.692,9,옥련동,636-1,28185,,,
우성1,1994,32000,2020,2,22,101.97,6,연수동,635,28185,,,
우성1,1994,41500,2020,2,22,133.623,21,연수동,635,28185,,,
우성1,1994,32800,2020,2,22,101.97,12,연수동,635,28185,,,
우성2,1994,29800,2020,2,22,84.78,6,연수동,634,28185,,,
우성2,1994,14500,2020,2,22,40.5,2,연수동,634,28185,,,
우성2,1994,26500,2020,2,22,59.59,8,연수동,634,28185,,,
우성2,1994,27500,2020,2,22,59.59,16,연수동,634,28185,,,
우성2,1994,27000,2020,2,22,59.59,13,연수동,634,28185,,,
우성2,1994,27000,2020,2,22,59.59,20,연수동,634,28185,,,
우성2,1994,33000,2020,2,22,84.78,17,연수동,634,28185,,,
인천송도힐스테이트3단지,2011,60000,2020,2,22,131.365,16,송도동,21-59,28185,,,
주공3,1993,13000,2020,2,22,44.66,6,연수동,578-2,28185,,,
풍림,1998,16900,2020,2,22,44.4,13,옥련동,643-2,28185,,,
풍림1,1992,22700,2020,2,22,69.74,14,연수동,582,28185,,,
풍림1,1992,25500,2020,2,22,84.96,9,연수동,582,28185,,,
풍림1,1992,25000,2020,2,22,84.96,10,연수동,582,28185,,,
풍림1,1992,26000,2020,2,22,84.96,11,연수동,582,28185,,,
풍림2,1993,28000,2020,2,22,84.22,10,동춘동,929,28185,,,
풍림2,1993,18600,2020,2,22,45.36,6,동춘동,929,28185,,,
풍림2,1993,29500,2020,2,22,84.22,3,동춘동,929,28185,,,
한양1,1994,26900,2020,2,22,101.9,1,동춘동,925,28185,,,
한양1,1994,28500,2020,2,22,88.86,6,동춘동,925,28185,,,
한양1,1994,29500,2020,2,22,88.86,14,동춘동,925,28185,,,
한양1,1994,29000,2020,2,22,101.9,13,동춘동,925,28185,,,
한양1,1994,26900,2020,2,22,85.285,1,동춘동,925,28185,,,
한양2,1994,26000,2020,2,22,84.97,4,동춘동,932,28185,,,
한양2,1994,27000,2020,2,22,84.97,4,동춘동,932,28185,,,
해모로월드뷰,2012,52000,2020,2,22,84.8507,18,송도동,157,28185,,,
현대1,1993,29700,2020,2,22,84.97,1,동춘동,928,28185,,,
현대1,1993,31000,2020,2,22,84.97,3,동춘동,928,28185,,,
현대1,1993,31400,2020,2,22,84.97,4,동춘동,928,28185,,,
현대1,1993,31700,2020,2,22,84.97,5,동춘동,928,28185,,,
현대2차아파트,1995,27300,2020,2,22,84.6,18,옥련동,633,28185,,,
현대4,1997,21500,2020,2,22,59.985,18,옥련동,637-1,28185,,,
현대4,1997,22000,2020,2,22,59.985,7,옥련동,637-1,28185,,,
글로벌캠퍼스푸르지오,2013,67000,2020,2,23,115.93,4,송도동,190-2,28185,,,
대동,1993,27800,2020,2,23,75.12,6,연수동,633,28185,,,
더샵그린워크2차,2014,62000,2020,2,23,84.9859,4,송도동,17-3,28185,,,
더샵엑스포9단지,2009,56000,2020,2,23,99.3121,6,송도동,16-6,28185,,,
럭키송도,1993,27300,2020,2,23,101.49,12,옥련동,626,28185,,,
럭키송도,1993,24000,2020,2,23,84.765,7,옥련동,626,28185,,,
럭키송도,1993,33000,2020,2,23,134.94,8,옥련동,626,28185,,,
베르디움더퍼스트,2017,46800,2020,2,23,63.9487,18,송도동,192-8,28185,,,
솔밭마을아파트,1993,17500,2020,2,23,49.56,15,연수동,582-2,28185,,,
송도금호어울림,2005,40000,2020,2,23,84.89,1,송도동,3-38,28185,,,
송도더샵그린애비뉴8단지,2012,68000,2020,2,23,129.1677,9,송도동,16-7,28185,,,
송도더샵그린워크3차(18-1블럭),2015,58000,2020,2,23,84.89,4,송도동,19-3,28185,,,
송도더샵하버뷰(D13),2011,88000,2020,2,23,147.823,19,송도동,17-5,28185,,,
송도아트윈푸르지오,2015,61000,2020,2,23,84.98,48,송도동,33-1,28185,,,
송도에듀포레푸르지오,2016,54000,2020,2,23,72.253,32,송도동,191-4,28185,,,
송도풍림아이원1단지,2005,42500,2020,2,23,114.7008,1,송도동,2-7,28185,,,
송도풍림아이원1단지,2005,42000,2020,2,23,84.7167,8,송도동,2-7,28185,,,
송도풍림아이원3단지,2005,43000,2020,2,23,84.94,12,송도동,3-13,28185,,,
송도풍림아이원3단지,2005,40000,2020,2,23,84.96,13,송도동,3-13,28185,,,
송학둥지,1983,17000,2020,2,23,56.46,4,옥련동,118-1,28185,,,
연수대우.삼환,1994,32000,2020,2,23,102,3,동춘동,925-7,28185,,,
연수대우.삼환,1994,27000,2020,2,23,90.18,1,동춘동,925-7,28185,,,
연수대우.삼환,1994,30000,2020,2,23,90.18,9,동춘동,925-7,28185,,,
연수대우.삼환,1994,28500,2020,2,23,90.18,19,동춘동,925-7,28185,,,
연수푸르지오2단지,2011,35700,2020,2,23,117.62,15,연수동,593,28185,,,
우성1,1994,31300,2020,2,23,101.97,22,연수동,635,28185,,,
우성1,1994,39700,2020,2,23,131.93,2,연수동,635,28185,,,
우성2,1994,25500,2020,2,23,59.59,2,연수동,634,28185,,,
풍림1,1992,27000,2020,2,23,84.96,8,연수동,582,28185,,,
풍림2,1993,19800,2020,2,23,45.36,9,동춘동,929,28185,,,
한양2,1994,25800,2020,2,23,68.36,2,동춘동,932,28185,,,
현대2차아파트,1995,21800,2020,2,23,59.985,15,옥련동,633,28185,,,
현대2차아파트,1995,28000,2020,2,23,84.6,12,옥련동,633,28185,,,
현대3,1996,20000,2020,2,23,59.985,12,옥련동,635-1,28185,,,
현대4,1997,28500,2020,2,23,84.6,9,옥련동,637-1,28185,,,
효정,1993,22450,2020,2,23,84.95,7,연수동,537,28185,,,
건영,1994,26000,2020,2,24,84.945,2,동춘동,938,28185,,,
글로벌캠퍼스푸르지오,2013,75000,2020,2,24,134.96,25,송도동,190-2,28185,,,
대동,1993,27500,2020,2,24,75.12,6,연수동,633,28185,,,
대동,1993,28000,2020,2,24,75.12,11,연수동,633,28185,,,
대동,1993,21500,2020,2,24,52.14,11,연수동,633,28185,,,
대동,1993,28500,2020,2,24,75.12,15,연수동,633,28185,,,
대동,1993,20100,2020,2,24,52.14,5,연수동,633,28185,,,
더샵그린스퀘어,2014,81800,2020,2,24,115.7688,23,송도동,192-1,28185,,,
더샵그린워크2차,2014,50000,2020,2,24,74.8873,13,송도동,17-3,28185,,,
더샵센트럴파크1,2010,60000,2020,2,24,96.318,14,송도동,23-3,28185,,,
더샵센트럴파크1,2010,48300,2020,2,24,78.2961,42,송도동,23-3,28185,,,
더샵엑스포9단지,2009,53750,2020,2,24,99.3121,14,송도동,16-6,28185,,,
더샵엑스포9단지,2009,55000,2020,2,24,99.3121,8,송도동,16-6,28185,,,
더샵퍼스트월드,2009,59800,2020,2,24,94.284,15,송도동,4-1,28185,,,
동남,1994,27000,2020,2,24,104.88,4,연수동,536,28185,,,
래미안,1993,32900,2020,2,24,119.4,12,동춘동,924-3,28185,,,
래미안,1993,27900,2020,2,24,95.76,7,동춘동,924-3,28185,,,
럭키송도,1993,24700,2020,2,24,84.765,15,옥련동,626,28185,,,
롯데캐슬캠퍼스타운,2016,49500,2020,2,24,59.9715,41,송도동,149,28185,,,
롯데캐슬캠퍼스타운,2016,50000,2020,2,24,59.9715,52,송도동,149,28185,,,
무지개마을,1995,25500,2020,2,24,59.76,6,동춘동,931,28185,,,
백산,1994,15500,2020,2,24,59.76,10,옥련동,630,28185,,,
베르디움더퍼스트,2017,43900,2020,2,24,63.9487,2,송도동,192-8,28185,,,
서해그랑블포레스트,2019,29000,2020,2,24,59.8632,6,동춘동,1149,28185,,,
성일,1994,12500,2020,2,24,39.74,11,연수동,538,28185,,,
송도금호어울림,2005,55000,2020,2,24,134.58,6,송도동,3-38,28185,,,
송도금호어울림,2005,58000,2020,2,24,148.97,2,송도동,3-38,28185,,,
송도금호어울림,2005,55000,2020,2,24,134.58,10,송도동,3-38,28185,,,
송도더샵그린애비뉴8단지,2012,72500,2020,2,24,129.1677,6,송도동,16-7,28185,,,
송도더샵마스터뷰21BL,2015,100000,2020,2,24,125.51,12,송도동,110,28185,,,
송도더샵센트럴시티,2018,88000,2020,2,24,101.99,43,송도동,190-4,28185,,,
송도더샵퍼스트파크F14BL,2017,83000,2020,2,24,84.94,21,송도동,101,28185,,,
송도더샵퍼스트파크F14BL,2017,96500,2020,2,24,95.81,31,송도동,101,28185,,,
송도더샵하버뷰(D13),2011,68000,2020,2,24,118.459,8,송도동,17-5,28185,,,
송도더샵하버뷰(D13),2011,60000,2020,2,24,101.067,8,송도동,17-5,28185,,,
송도더샵하버뷰(D13),2011,66000,2020,2,24,117.941,19,송도동,17-5,28185,,,
송도더샵하버뷰(D14),2011,58500,2020,2,24,84.721,10,송도동,18-10,28185,,,
송도더샵하버뷰(D15),2012,54000,2020,2,24,84.8786,31,송도동,18-7,28185,,,
송도아메리칸타운아이파크,2018,56200,2020,2,24,72.517,34,송도동,155,28185,,,
송도아트윈푸르지오,2015,81000,2020,2,24,114.95,9,송도동,33-1,28185,,,
송도에듀포레푸르지오,2016,64500,2020,2,24,84.852,34,송도동,191-4,28185,,,
송도웰카운티1단지,2008,70000,2020,2,24,149.59,4,송도동,9-31,28185,,,
송도이안,2006,43000,2020,2,24,131.76,18,송도동,2-3,28185,,,
송도이안,2006,41900,2020,2,24,131.76,15,송도동,2-3,28185,,,
송도자이하버뷰2단지,2011,49000,2020,2,24,84.747,1,송도동,19-7,28185,,,
송도푸르지오월드마크7단지,2010,55000,2020,2,24,138.274,7,송도동,22-21,28185,,,
송도풍림아이원1단지,2005,43000,2020,2,24,84.7167,6,송도동,2-7,28185,,,
송도풍림아이원1단지,2005,45000,2020,2,24,84.7167,13,송도동,2-7,28185,,,
송도풍림아이원2단지,2005,38500,2020,2,24,84.94,1,송도동,3-10,28185,,,
송도풍림아이원3단지,2005,43000,2020,2,24,84.94,14,송도동,3-13,28185,,,
송도풍림아이원4단지,2005,46800,2020,2,24,84.7159,10,송도동,2-9,28185,,,
송도풍림아이원4단지,2005,38800,2020,2,24,84.7159,11,송도동,2-9,28185,,,
송도풍림아이원4단지,2005,46800,2020,2,24,84.7159,10,송도동,2-9,28185,,,
송도풍림아이원6단지,2005,58000,2020,2,24,156.4122,12,송도동,3-40,28185,,,
송학둥지,1983,16500,2020,2,24,56.46,5,옥련동,118-1,28185,,,
연수대우.삼환,1994,31000,2020,2,24,90.18,6,동춘동,925-7,28185,,,
연수대우.삼환,1994,34900,2020,2,24,102,15,동춘동,925-7,28185,,,
연수대우.삼환,1994,29900,2020,2,24,90.18,5,동춘동,925-7,28185,,,
연수대우.삼환,1994,41000,2020,2,24,120.72,7,동춘동,925-7,28185,,,
연수대우.삼환,1994,30500,2020,2,24,102,2,동춘동,925-7,28185,,,
연수주공2차,1992,15000,2020,2,24,49.94,11,연수동,533,28185,,,
옥련2우성,2002,28300,2020,2,24,84.74,2,옥련동,645-1,28185,,,
우성1,1994,31000,2020,2,24,101.97,22,연수동,635,28185,,,
우성1,1994,28800,2020,2,24,101.97,1,연수동,635,28185,,,
우성1,1994,31000,2020,2,24,101.97,8,연수동,635,28185,,,
우성1,1994,35500,2020,2,24,133.623,19,연수동,635,28185,,,
우성2,1994,24400,2020,2,24,59.59,2,연수동,634,28185,,,
인천송도힐스테이트5단지,2011,57000,2020,2,24,142.359,19,송도동,21-64,28185,,,
인향,1992,20200,2020,2,24,84.975,2,연수동,535-2,28185,,,
주공3,1993,13000,2020,2,24,44.66,6,연수동,578-2,28185,,,
주공3,1993,13200,2020,2,24,44.66,11,연수동,578-2,28185,,,
풍림1,1992,23100,2020,2,24,69.74,5,연수동,582,28185,,,
풍림2,1993,16000,2020,2,24,45.36,1,동춘동,929,28185,,,
풍림3,1993,24400,2020,2,24,84.3,4,동춘동,922,28185,,,
하나타운1,1995,22000,2020,2,24,59.79,11,청학동,455,28185,,,
한양1,1994,29200,2020,2,24,101.9,7,동춘동,925,28185,,,
한양2,1994,26000,2020,2,24,68.36,4,동춘동,932,28185,,,
한양2,1994,19500,2020,2,24,68.36,5,동춘동,932,28185,,,
현대2차아파트,1995,28500,2020,2,24,84.6,14,옥련동,633,28185,,,
현대2차아파트,1995,21000,2020,2,24,59.985,20,옥련동,633,28185,,,
현대2차아파트,1995,26950,2020,2,24,84.6,18,옥련동,633,28185,,,
현대4,1997,28900,2020,2,24,84.6,20,옥련동,637-1,28185,,,
글로벌캠퍼스푸르지오,2013,78000,2020,2,25,134.96,25,송도동,190-2,28185,,,
글로벌캠퍼스푸르지오,2013,63800,2020,2,25,115.98,3,송도동,190-2,28185,,,
금호타운,1992,28900,2020,2,25,84.9,4,선학동,350,28185,,,
뉴서울,1992,31500,2020,2,25,126.89,6,선학동,352,28185,,,
대동,1993,20000,2020,2,25,52.14,16,연수동,633,28185,,,
대동,1993,28500,2020,2,25,75.12,10,연수동,633,28185,,,
대동,1993,21000,2020,2,25,52.14,14,연수동,633,28185,,,
대동,1993,28300,2020,2,25,75.12,10,연수동,633,28185,,,
더샵그린스퀘어,2014,82500,2020,2,25,115.7688,37,송도동,192-1,28185,,,
더샵그린워크1차,2014,43000,2020,2,25,59.9201,2,송도동,18-6,28185,,,
더샵그린워크2차,2014,65000,2020,2,25,84.3408,23,송도동,17-3,28185,,,
더샵센트럴파크1,2010,72000,2020,2,25,106.9262,35,송도동,23-3,28185,,,
더샵센트럴파크1,2010,100000,2020,2,25,129.0545,19,송도동,23-3,28185,,,
더샵센트럴파크1,2010,77800,2020,2,25,106.9262,20,송도동,23-3,28185,,,
더샵센트럴파크1,2010,80000,2020,2,25,125.6131,4,송도동,23-3,28185,,,
더샵센트럴파크1,2010,47000,2020,2,25,77.1413,45,송도동,23-3,28185,,,
더샵센트럴파크2,2011,50000,2020,2,25,71.7602,20,송도동,23-4,28185,,,
더샵퍼스트월드,2009,71000,2020,2,25,120.869,47,송도동,4-1,28185,,,
동남,1994,18500,2020,2,25,52.14,10,동춘동,943,28185,,,
동남,1994,17000,2020,2,25,52.14,13,동춘동,943,28185,,,
롯데캐슬,2012,67300,2020,2,25,110.7602,23,송도동,150,28185,,,
무지개마을,1995,28800,2020,2,25,84.965,10,동춘동,931,28185,,,
베르디움더퍼스트,2017,48000,2020,2,25,74.5812,13,송도동,192-8,28185,,,
베르디움더퍼스트,2017,52800,2020,2,25,74.5812,18,송도동,192-8,28185,,,
성지리벨루스,2006,43000,2020,2,25,84.586,8,송도동,2-12,28185,,,
솔밭마을아파트,1993,16800,2020,2,25,49.56,13,연수동,582-2,28185,,,
송도더샵그린애비뉴8단지,2012,61000,2020,2,25,84.992,9,송도동,16-7,28185,,,
송도더샵센트럴시티,2018,53000,2020,2,25,59.99,8,송도동,190-4,28185,,,
송도더샵퍼스트파크F14BL,2017,93000,2020,2,25,108.08,4,송도동,101,28185,,,
송도더샵하버뷰(D14),2011,57000,2020,2,25,84.837,12,송도동,18-10,28185,,,
송도더샵하버뷰(D15),2012,70000,2020,2,25,120.0626,23,송도동,18-7,28185,,,
송도센트럴파크푸르지오,2015,68000,2020,2,25,84.9238,5,송도동,23-5,28185,,,
송도아메리칸타운아이파크,2018,58000,2020,2,25,72.517,14,송도동,155,28185,,,
송도아트윈푸르지오,2015,80000,2020,2,25,106.78,9,송도동,33-1,28185,,,
송도에듀포레푸르지오,2016,54800,2020,2,25,72.253,26,송도동,191-4,28185,,,
송도에듀포레푸르지오,2016,73000,2020,2,25,84.852,26,송도동,191-4,28185,,,
송도웰카운티1단지,2008,72500,2020,2,25,149.59,11,송도동,9-31,28185,,,
송도웰카운티1단지,2008,65500,2020,2,25,134.99,3,송도동,9-31,28185,,,
송도웰카운티2단지,2007,63000,2020,2,25,134.99,5,송도동,9-29,28185,,,
송도웰카운티2단지,2007,61500,2020,2,25,101.99,6,송도동,9-29,28185,,,
송도웰카운티3단지,2010,59000,2020,2,25,84.91,6,송도동,9-6,28185,,,
송도자이하버뷰1단지,2011,99000,2020,2,25,147.655,16,송도동,19-6,28185,,,
송도캐슬&해모로,2013,48500,2020,2,25,84.4815,15,송도동,161-3,28185,,,
송도코오롱더프라우3단지,2012,52800,2020,2,25,129.744,6,송도동,15-10,28185,,,
송도푸르지오월드마크8단지,2010,52000,2020,2,25,137.547,5,송도동,22-22,28185,,,
송도푸르지오하버뷰,2011,76000,2020,2,25,150.2994,6,송도동,19-5,28185,,,
송도푸르지오하버뷰,2011,61000,2020,2,25,101.8096,13,송도동,19-5,28185,,,
송도풍림아이원1단지,2005,41300,2020,2,25,84.7167,2,송도동,2-7,28185,,,
송도풍림아이원1단지,2005,47000,2020,2,25,84.9146,16,송도동,2-7,28185,,,
송도풍림아이원2단지,2005,40800,2020,2,25,84.96,2,송도동,3-10,28185,,,
송도풍림아이원3단지,2005,40000,2020,2,25,84.94,11,송도동,3-13,28185,,,
송도풍림아이원6단지,2005,85000,2020,2,25,189.7385,2,송도동,3-40,28185,,,
송도한진해모로,2006,49800,2020,2,25,84.9574,18,송도동,3-44,28185,,,
"승기마을,연수1차시영",1992,15300,2020,2,25,44.22,13,연수동,582-2,28185,,,
아이파크송도,2005,51800,2020,2,25,101.617,7,송도동,3-46,28185,,,
아주,1994,20000,2020,2,25,84.78,1,동춘동,942,28185,,,
연수서해그랑블1단지,2017,42500,2020,2,25,84.98,16,동춘동,1131-1,28185,,,
영남송도,1984,18000,2020,2,25,56.16,2,옥련동,319-9,28185,,,
옥련2우성,2002,27500,2020,2,25,78.834,6,옥련동,645-1,28185,,,
우성1,1994,32000,2020,2,25,101.97,11,연수동,635,28185,,,
우성2,1994,25500,2020,2,25,59.59,2,연수동,634,28185,,,
자이(xi),1993,28300,2020,2,25,95.55,8,동춘동,924-3,28185,,,
태평1,1992,23200,2020,2,25,109.1,1,동춘동,939,28185,,,
태평1,1992,26000,2020,2,25,109.1,6,동춘동,939,28185,,,
태평1,1992,21500,2020,2,25,92.93,6,동춘동,939,28185,,,
풍림2,1993,30700,2020,2,25,84.22,2,동춘동,929,28185,,,
한양2,1994,22400,2020,2,25,68.36,5,동춘동,932,28185,,,
한양2,1994,25000,2020,2,25,84.97,5,동춘동,932,28185,,,
한양2,1994,22800,2020,2,25,84.97,5,동춘동,932,28185,,,
해모로월드뷰,2012,73000,2020,2,25,113.9066,16,송도동,157,28185,,,
현대,1993,39000,2020,2,25,133.808,10,동춘동,924,28185,,,
현대2차아파트,1995,28000,2020,2,25,84.6,15,옥련동,633,28185,,,
현대3,1996,20000,2020,2,25,59.985,6,옥련동,635-1,28185,,,
현대3,1996,19500,2020,2,25,59.985,17,옥련동,635-1,28185,,,
현대4,1997,23000,2020,2,25,59.985,14,옥련동,637-1,28185,,,
효정,1993,22600,2020,2,25,84.95,8,연수동,537,28185,,,
e편한세상송도,2018,57000,2020,2,26,84.4163,29,송도동,319-1,28185,,,
건영,1994,22500,2020,2,26,84.945,5,동춘동,938,28185,,,
건영,1994,24000,2020,2,26,84.945,3,동춘동,938,28185,,,
경남,1993,27500,2020,2,26,84.935,13,연수동,532,28185,,,
글로벌캠퍼스푸르지오,2013,76000,2020,2,26,134.96,18,송도동,190-2,28185,,,
금호타운,1992,27900,2020,2,26,84.9,13,선학동,350,28185,,,
대동,1993,19500,2020,2,26,52.14,16,연수동,633,28185,,,
대림,1993,24000,2020,2,26,62.482,7,연수동,532,28185,,,
대림,1993,30250,2020,2,26,101.7,6,동춘동,924,28185,,,
대림3,1993,14000,2020,2,26,53.01,5,동춘동,940,28185,,,
더샵그린스퀘어,2014,55500,2020,2,26,84.8516,1,송도동,192-1,28185,,,
더샵그린워크2차,2014,62000,2020,2,26,84.8682,13,송도동,17-3,28185,,,
더샵그린워크2차,2014,73000,2020,2,26,117.8951,21,송도동,17-3,28185,,,
더샵엑스포6단지,2009,61000,2020,2,26,116.4728,8,송도동,15-2,28185,,,
더샵엑스포9단지,2009,70000,2020,2,26,146.7045,4,송도동,16-6,28185,,,
더샵퍼스트월드,2009,75000,2020,2,26,94.284,21,송도동,4-1,28185,,,
럭키송도,1993,21000,2020,2,26,68.61,5,옥련동,626,28185,,,
무지개마을,1995,24400,2020,2,26,59.76,5,동춘동,931,28185,,,
무지개마을,1995,24900,2020,2,26,59.76,6,동춘동,931,28185,,,
무지개마을,1995,28800,2020,2,26,84.965,3,동춘동,931,28185,,,
무지개마을,1995,24900,2020,2,26,59.76,5,동춘동,931,28185,,,
베르디움더퍼스트,2017,45900,2020,2,26,63.9487,11,송도동,192-8,28185,,,
베르디움더퍼스트,2017,55000,2020,2,26,74.5812,4,송도동,192-8,28185,,,
베르디움더퍼스트,2017,59000,2020,2,26,84.9572,10,송도동,192-8,28185,,,
베르디움더퍼스트,2017,52000,2020,2,26,74.5812,12,송도동,192-8,28185,,,
서해,1995,19700,2020,2,26,59.885,13,옥련동,632,28185,,,
성지리벨루스,2006,55000,2020,2,26,134.507,14,송도동,2-12,28185,,,
성지리벨루스,2006,49500,2020,2,26,134.507,1,송도동,2-12,28185,,,
송도글로벌파크베르디움,2017,60000,2020,2,26,63.9721,17,송도동,191-2,28185,,,
송도더샵퍼스트파크F14BL,2017,84500,2020,2,26,84.94,15,송도동,101,28185,,,
송도더샵퍼스트파크F14BL,2017,85800,2020,2,26,84.9,26,송도동,101,28185,,,
송도아트윈푸르지오,2015,89700,2020,2,26,106.78,37,송도동,33-1,28185,,,
송도아트윈푸르지오,2015,72000,2020,2,26,84.97,43,송도동,33-1,28185,,,
송도에듀포레푸르지오,2016,50000,2020,2,26,59.941,19,송도동,191-4,28185,,,
송도에듀포레푸르지오,2016,56000,2020,2,26,72.217,21,송도동,191-4,28185,,,
송도에듀포레푸르지오,2016,44000,2020,2,26,59.859,4,송도동,191-4,28185,,,
송도웰카운티2단지,2007,60000,2020,2,26,134.99,2,송도동,9-29,28185,,,
송도웰카운티2단지,2007,52000,2020,2,26,84.97,5,송도동,9-29,28185,,,
송도캐슬&해모로,2013,49000,2020,2,26,84.637,2,송도동,161-3,28185,,,
송도코오롱더프라우1단지,2009,56000,2020,2,26,148.308,10,송도동,15-12,28185,,,
송도코오롱더프라우3단지,2012,58000,2020,2,26,142.657,6,송도동,15-10,28185,,,
송도풍림아이원1단지,2005,46000,2020,2,26,84.7167,6,송도동,2-7,28185,,,
송도풍림아이원4단지,2005,40000,2020,2,26,84.7159,12,송도동,2-9,28185,,,
"승기마을,연수1차시영",1992,8600,2020,2,26,26.82,11,연수동,582-2,28185,,,
"승기마을,연수1차시영",1992,8600,2020,2,26,26.82,11,연수동,582-2,28185,,,
연수대우.삼환,1994,31800,2020,2,26,90.18,6,동춘동,925-7,28185,,,
연수서해그랑블1단지,2017,44000,2020,2,26,84.98,15,동춘동,1131-1,28185,,,
연수서해그랑블1단지,2017,44000,2020,2,26,84.98,15,동춘동,1131-1,28185,,,
연수서해그랑블1단지,2017,35100,2020,2,26,70.75,4,동춘동,1131-1,28185,,,
"연수타운(금호,동아)",1993,36500,2020,2,26,134.63,8,동춘동,923,28185,,,
연수푸르지오1단지,2011,39500,2020,2,26,115.24,32,연수동,593-3,28185,,,
우성2,1994,31000,2020,2,26,84.78,16,연수동,634,28185,,,
우성2,1994,27750,2020,2,26,59.59,9,연수동,634,28185,,,
위드프리상뜨,2006,36000,2020,2,26,120.06,4,송도동,2-5,28185,,,
위드프리상뜨,2006,36000,2020,2,26,120.06,4,송도동,2-5,28185,,,
유천,1993,24000,2020,2,26,84.87,6,연수동,534,28185,,,
인천송도힐스테이트4단지,2011,75000,2020,2,26,170.055,19,송도동,21-60,28185,,,
자이(xi),1993,28800,2020,2,26,95.55,7,동춘동,924-3,28185,,,
주공3,1993,14000,2020,2,26,44.66,13,연수동,578-2,28185,,,
주공3,1993,13800,2020,2,26,44.66,4,연수동,578-2,28185,,,
태산,1993,22700,2020,2,26,84.56,2,연수동,576,28185,,,
태산,1993,22700,2020,2,26,84.56,2,연수동,576,28185,,,
풍림,1998,17000,2020,2,26,44.4,8,옥련동,643-2,28185,,,
풍림,1998,27800,2020,2,26,84.81,7,옥련동,643-2,28185,,,
풍림,1998,18950,2020,2,26,59.96,1,옥련동,643-2,28185,,,
풍림2,1993,21000,2020,2,26,45.36,8,동춘동,929,28185,,,
하나타운1,1995,26250,2020,2,26,84.905,12,청학동,455,28185,,,
한양1,1994,30000,2020,2,26,101.9,15,동춘동,925,28185,,,
한양2,1994,26000,2020,2,26,84.97,5,동춘동,932,28185,,,
한양2,1994,27800,2020,2,26,84.97,4,동춘동,932,28185,,,
현대1,1994,21300,2020,2,26,84.855,4,옥련동,628,28185,,,
현대1,1993,30000,2020,2,26,84.97,4,동춘동,928,28185,,,
현대2차아파트,1995,24300,2020,2,26,84.6,3,옥련동,633,28185,,,
현대3,1996,25500,2020,2,26,84.6,4,옥련동,635-1,28185,,,
현대4,1997,22000,2020,2,26,59.985,19,옥련동,637-1,28185,,,
희영무지개2,1995,20450,2020,2,26,84.98,15,선학동,389,28185,,,
e편한세상송도,2018,47000,2020,2,27,70.3826,28,송도동,319-1,28185,,,
건영,1994,24950,2020,2,27,84.945,3,동춘동,938,28185,,,
대동,1993,21000,2020,2,27,52.14,16,연수동,633,28185,,,
대림3,1993,14450,2020,2,27,53.01,4,동춘동,940,28185,,,
더샵그린스퀘어,2014,62800,2020,2,27,98.2428,4,송도동,192-1,28185,,,
더샵엑스포6단지,2009,57000,2020,2,27,99.3121,8,송도동,15-2,28185,,,
더샵퍼스트월드,2009,124000,2020,2,27,172.553,46,송도동,4-1,28185,,,
동춘마을,1994,20200,2020,2,27,59.36,4,동춘동,921,28185,,,
럭키송도,1993,30200,2020,2,27,101.49,12,옥련동,626,28185,,,
럭키송도,1993,30200,2020,2,27,101.49,12,옥련동,626,28185,,,
럭키송도,1993,22500,2020,2,27,84.765,3,옥련동,626,28185,,,
럭키송도,1993,30200,2020,2,27,101.49,12,옥련동,626,28185,,,
롯데캐슬캠퍼스타운,2016,68000,2020,2,27,84.578,49,송도동,149,28185,,,
무지개마을,1995,29000,2020,2,27,84.965,9,동춘동,931,28185,,,
무지개마을,1995,23800,2020,2,27,59.76,10,동춘동,931,28185,,,
무지개마을,1995,28000,2020,2,27,84.965,2,동춘동,931,28185,,,
베르디움더퍼스트,2017,62000,2020,2,27,84.9572,24,송도동,192-8,28185,,,
베르디움더퍼스트,2017,54800,2020,2,27,84.9572,5,송도동,192-8,28185,,,
삼성,1996,24200,2020,2,27,84.97,5,옥련동,634-1,28185,,,
서해그랑블포레스트,2019,31500,2020,2,27,59.8632,8,동춘동,1149,28185,,,
솔밭마을아파트,1993,13000,2020,2,27,49.56,1,연수동,582-2,28185,,,
솔밭마을아파트,1993,15500,2020,2,27,49.56,6,연수동,582-2,28185,,,
송도글로벌파크베르디움,2017,58000,2020,2,27,63.9498,26,송도동,191-2,28185,,,
송도글로벌파크베르디움,2017,59900,2020,2,27,63.9721,29,송도동,191-2,28185,,,
송도글로벌파크베르디움,2017,75000,2020,2,27,84.9359,18,송도동,191-2,28185,,,
송도더샵그린애비뉴8단지,2012,73000,2020,2,27,129.1677,17,송도동,16-7,28185,,,
송도더샵센트럴시티,2018,62900,2020,2,27,72.99,37,송도동,190-4,28185,,,
송도더샵퍼스트파크F14BL,2017,78000,2020,2,27,84.9,20,송도동,101,28185,,,
송도더샵하버뷰(D13),2011,59300,2020,2,27,101.067,22,송도동,17-5,28185,,,
송도아트윈푸르지오,2015,85500,2020,2,27,114.95,26,송도동,33-1,28185,,,
송도아트윈푸르지오,2015,75000,2020,2,27,84.97,45,송도동,33-1,28185,,,
송도아트윈푸르지오,2015,82000,2020,2,27,114.95,22,송도동,33-1,28185,,,
송도아트윈푸르지오,2015,80000,2020,2,27,114.95,17,송도동,33-1,28185,,,
송도에듀포레푸르지오,2016,62000,2020,2,27,84.852,27,송도동,191-4,28185,,,
송도에듀포레푸르지오,2016,46000,2020,2,27,59.859,20,송도동,191-4,28185,,,
송도웰카운티1단지,2008,64500,2020,2,27,134.99,7,송도동,9-31,28185,,,
송도웰카운티1단지,2008,63000,2020,2,27,119.79,13,송도동,9-31,28185,,,
송도자이하버뷰2단지,2011,84900,2020,2,27,135.661,18,송도동,19-7,28185,,,
송도캐슬&해모로,2013,53000,2020,2,27,84.4024,23,송도동,161-3,28185,,,
송도풍림아이원1단지,2005,40500,2020,2,27,84.7167,16,송도동,2-7,28185,,,
송도풍림아이원2단지,2005,46800,2020,2,27,84.94,14,송도동,3-10,28185,,,
송도풍림아이원2단지,2005,46800,2020,2,27,84.94,14,송도동,3-10,28185,,,
송도풍림아이원3단지,2005,36000,2020,2,27,84.94,15,송도동,3-13,28185,,,
시대,1994,16000,2020,2,27,49.585,7,청학동,451,28185,,,
아주1,1997,25000,2020,2,27,84.81,7,옥련동,640-1,28185,,,
연수대우.삼환,1994,30000,2020,2,27,90.18,4,동춘동,925-7,28185,,,
"연수타운(금호,동아)",1993,31000,2020,2,27,101.97,8,동춘동,923,28185,,,
연수푸르지오2단지,2011,36600,2020,2,27,117.62,14,연수동,593,28185,,,
우성1,1994,30000,2020,2,27,101.97,2,연수동,635,28185,,,
우성2,1994,27600,2020,2,27,59.59,13,연수동,634,28185,,,
우성2,1994,26000,2020,2,27,59.59,18,연수동,634,28185,,,
우성2,1994,17300,2020,2,27,40.5,13,연수동,634,28185,,,
주공3,1993,13400,2020,2,27,44.66,10,연수동,578-2,28185,,,
주공3,1993,13100,2020,2,27,44.66,8,연수동,578-2,28185,,,
태평,1997,27000,2020,2,27,84.74,12,옥련동,641-1,28185,,,
풍림,1998,27500,2020,2,27,77,10,옥련동,643-2,28185,,,
풍림1,1992,23700,2020,2,27,84.81,6,연수동,582,28185,,,
풍림2,1993,18000,2020,2,27,45.36,8,동춘동,929,28185,,,
한양1,1994,27000,2020,2,27,101.9,13,동춘동,925,28185,,,
해모로월드뷰,2012,52000,2020,2,27,84.8507,17,송도동,157,28185,,,
현대2차아파트,1995,28820,2020,2,27,84.6,4,옥련동,633,28185,,,
효정,1993,22500,2020,2,27,84.95,3,연수동,537,28185,,,
글로벌캠퍼스푸르지오,2013,71000,2020,2,28,115.98,15,송도동,190-2,28185,,,
글로벌캠퍼스푸르지오,2013,60000,2020,2,28,84.98,29,송도동,190-2,28185,,,
금호타운,1992,29500,2020,2,28,84.9,6,선학동,350,28185,,,
뉴서울,1992,20700,2020,2,28,84.53,1,선학동,352,28185,,,
대동,1992,22300,2020,2,28,84.06,13,선학동,353,28185,,,
대동,1993,26000,2020,2,28,75.12,1,연수동,633,28185,,,
대림,1993,24700,2020,2,28,62.482,15,연수동,532,28185,,,
더샵그린스퀘어,2014,63200,2020,2,28,84.5317,34,송도동,192-1,28185,,,
더샵그린스퀘어,2014,60000,2020,2,28,98.2428,6,송도동,192-1,28185,,,
더샵퍼스트월드,2009,95300,2020,2,28,147.358,42,송도동,4-1,28185,,,
동남,1994,28800,2020,2,28,104.88,14,연수동,536,28185,,,
동남,1994,17900,2020,2,28,52.14,3,동춘동,943,28185,,,
동남,1994,18400,2020,2,28,52.14,12,동춘동,943,28185,,,
롯데캐슬캠퍼스타운,2016,48500,2020,2,28,59.7433,15,송도동,149,28185,,,
무지개마을,1995,23000,2020,2,28,59.76,11,동춘동,931,28185,,,
베르디움더퍼스트,2017,60500,2020,2,28,84.9572,15,송도동,192-8,28185,,,
서해,1995,19300,2020,2,28,59.885,8,옥련동,632,28185,,,
솔밭마을아파트,1993,14500,2020,2,28,49.56,2,연수동,582-2,28185,,,
송도더샵그린애비뉴8단지,2012,59600,2020,2,28,101.9444,24,송도동,16-7,28185,,,
송도더샵그린워크3차(18-1블럭),2015,63400,2020,2,28,99.6,5,송도동,19-3,28185,,,
송도더샵마스터뷰22BL,2015,70000,2020,2,28,84.92,22,송도동,111,28185,,,
송도더샵마스터뷰23-1BL,2015,73000,2020,2,28,84.92,18,송도동,112,28185,,,
송도더샵퍼스트파크F14BL,2017,75000,2020,2,28,68.96,28,송도동,101,28185,,,
송도센트럴파크푸르지오,2015,163000,2020,2,28,143.6803,41,송도동,23-5,28185,,,
송도웰카운티2단지,2007,66500,2020,2,28,134.99,8,송도동,9-29,28185,,,
송도웰카운티2단지,2007,56000,2020,2,28,84.97,7,송도동,9-29,28185,,,
송도웰카운티4단지,2010,81000,2020,2,28,149.41,14,송도동,9-5,28185,,,
송도자이하버뷰2단지,2011,60000,2020,2,28,95.393,25,송도동,19-7,28185,,,
송도코오롱더프라우3단지,2012,58000,2020,2,28,129.394,6,송도동,15-10,28185,,,
송도푸르지오월드마크8단지,2010,52000,2020,2,28,127.051,14,송도동,22-22,28185,,,
송도풍림아이원2단지,2005,45000,2020,2,28,84.94,10,송도동,3-10,28185,,,
송도풍림아이원3단지,2005,45000,2020,2,28,84.94,13,송도동,3-13,28185,,,
송학둥지,1983,17300,2020,2,28,56.46,3,옥련동,118-1,28185,,,
"승기마을,연수1차시영",1992,8500,2020,2,28,26.82,4,연수동,582-2,28185,,,
아이파크송도,2005,59950,2020,2,28,101.8545,11,송도동,3-46,28185,,,
아주1,1997,22000,2020,2,28,84.81,1,옥련동,640-1,28185,,,
연수대우.삼환,1994,32700,2020,2,28,90.18,11,동춘동,925-7,28185,,,
연수서해그랑블1단지,2017,42000,2020,2,28,84.98,16,동춘동,1131-1,28185,,,
연수서해그랑블1단지,2017,35000,2020,2,28,70.75,8,동춘동,1131-1,28185,,,
영남송도,1984,20000,2020,2,28,58.32,3,옥련동,319-9,28185,,,
우성1,1994,31900,2020,2,28,101.97,3,연수동,635,28185,,,
우성1,1994,29000,2020,2,28,101.97,1,연수동,635,28185,,,
우성1,1994,32000,2020,2,28,101.97,11,연수동,635,28185,,,
우성2,1994,28000,2020,2,28,59.59,11,연수동,634,28185,,,
우성2,1994,18000,2020,2,28,40.5,15,연수동,634,28185,,,
위드프리상뜨,2006,40000,2020,2,28,120.06,5,송도동,2-5,28185,,,
위드프리상뜨,2006,41000,2020,2,28,120.06,7,송도동,2-5,28185,,,
자이(xi),1993,27500,2020,2,28,95.55,13,동춘동,924-3,28185,,,
주공3,1993,11000,2020,2,28,44.66,1,연수동,578-2,28185,,,
태산,1993,21500,2020,2,28,84.56,1,연수동,576,28185,,,
태평,1997,20500,2020,2,28,59.93,5,옥련동,641-1,28185,,,
풍림,1998,28000,2020,2,28,77,8,옥련동,643-2,28185,,,
풍림2,1993,19300,2020,2,28,45.36,8,동춘동,929,28185,,,
풍림2,1993,28000,2020,2,28,84.22,8,동춘동,929,28185,,,
한양2,1994,24300,2020,2,28,68.36,1,동춘동,932,28185,,,
현대1,1993,32000,2020,2,28,84.97,3,동춘동,928,28185,,,
현대1,1993,32700,2020,2,28,84.97,8,동춘동,928,28185,,,
현대5,1997,27900,2020,2,28,84.6,6,옥련동,639-1,28185,,,
e편한세상송도,2018,48000,2020,2,29,70.5618,35,송도동,319-1,28185,,,
e편한세상송도,2018,50000,2020,2,29,70.5618,32,송도동,319-1,28185,,,
경남,1993,28000,2020,2,29,84.935,4,연수동,532,28185,,,
글로벌캠퍼스푸르지오,2013,70000,2020,2,29,115.98,32,송도동,190-2,28185,,,
글로벌캠퍼스푸르지오,2013,54000,2020,2,29,94.99,6,송도동,190-2,28185,,,
글로벌캠퍼스푸르지오,2013,67000,2020,2,29,115.98,40,송도동,190-2,28185,,,
금호타운,1992,27900,2020,2,29,84.9,15,선학동,350,28185,,,
뉴서울,1992,22500,2020,2,29,84.53,1,선학동,352,28185,,,
뉴서울,1992,30050,2020,2,29,126.89,11,선학동,352,28185,,,
대동,1993,20500,2020,2,29,52.14,16,연수동,633,28185,,,
대동,1992,23150,2020,2,29,84.4,12,선학동,353,28185,,,
대동,1994,22800,2020,2,29,75.255,3,동춘동,941,28185,,,
대림,1993,31700,2020,2,29,101.7,8,동춘동,924,28185,,,
대림,1993,32000,2020,2,29,101.7,11,동춘동,924,28185,,,
대우1,1992,30700,2020,2,29,127.89,5,연수동,579,28185,,,
더샵그린워크1차,2014,65000,2020,2,29,84.8682,11,송도동,18-6,28185,,,
더샵그린워크2차,2014,64500,2020,2,29,84.3408,18,송도동,17-3,28185,,,
더샵센트럴파크1,2010,47000,2020,2,29,78.2961,39,송도동,23-3,28185,,,
더샵센트럴파크1,2010,50000,2020,2,29,96.318,22,송도동,23-3,28185,,,
더샵센트럴파크1,2010,57000,2020,2,29,96.318,41,송도동,23-3,28185,,,
더샵센트럴파크1,2010,54000,2020,2,29,96.318,41,송도동,23-3,28185,,,
더샵센트럴파크2,2011,80000,2020,2,29,104.7392,17,송도동,23-4,28185,,,
더샵센트럴파크2,2011,145000,2020,2,29,146.5057,33,송도동,23-4,28185,,,
더샵엑스포10단지,2009,59000,2020,2,29,115.0662,4,송도동,16-4,28185,,,
더샵엑스포6단지,2009,60800,2020,2,29,113.7554,3,송도동,15-2,28185,,,
더샵엑스포6단지,2009,65000,2020,2,29,116.4728,10,송도동,15-2,28185,,,
더샵엑스포9단지,2009,65000,2020,2,29,126.4763,3,송도동,16-6,28185,,,
더샵엑스포9단지,2009,62000,2020,2,29,116.4728,8,송도동,16-6,28185,,,
더샵엑스포9단지,2009,61000,2020,2,29,113.7554,8,송도동,16-6,28185,,,
동남,1994,17500,2020,2,29,52.14,5,동춘동,943,28185,,,
동남,1994,17000,2020,2,29,52.14,6,동춘동,943,28185,,,
동남,1994,16100,2020,2,29,52.14,2,동춘동,943,28185,,,
동춘마을,1994,20000,2020,2,29,59.36,4,동춘동,921,28185,,,
동춘마을,1994,18000,2020,2,29,59.3,4,동춘동,921,28185,,,
럭키송도,1993,21200,2020,2,29,68.61,16,옥련동,626,28185,,,
럭키송도,1993,21000,2020,2,29,68.61,4,옥련동,626,28185,,,
롯데캐슬,2012,66000,2020,2,29,110.253,19,송도동,150,28185,,,
롯데캐슬캠퍼스타운,2016,68000,2020,2,29,84.578,38,송도동,149,28185,,,
롯데캐슬캠퍼스타운,2016,62000,2020,2,29,84.578,43,송도동,149,28185,,,
롯데캐슬캠퍼스타운,2016,62800,2020,2,29,84.578,20,송도동,149,28185,,,
무지개마을,1995,25100,2020,2,29,59.76,8,동춘동,931,28185,,,
무지개마을,1995,25100,2020,2,29,59.76,8,동춘동,931,28185,,,
백산,1994,16200,2020,2,29,59.76,11,옥련동,630,28185,,,
베르디움더퍼스트,2017,59990,2020,2,29,84.9572,33,송도동,192-8,28185,,,
베르디움더퍼스트,2017,45000,2020,2,29,63.9487,11,송도동,192-8,28185,,,
베르디움더퍼스트,2017,53800,2020,2,29,84.9572,2,송도동,192-8,28185,,,
베르디움더퍼스트,2017,48000,2020,2,29,63.9029,20,송도동,192-8,28185,,,
삼성,1996,26700,2020,2,29,84.97,14,옥련동,634-1,28185,,,
서해그랑블포레스트,2019,34900,2020,2,29,59.8632,14,동춘동,1149,28185,,,
성지리벨루스,2006,43000,2020,2,29,84.586,5,송도동,2-12,28185,,,
성지리벨루스,2006,45800,2020,2,29,84.66,13,송도동,2-12,28185,,,
송도금호어울림,2005,43200,2020,2,29,84.89,3,송도동,3-38,28185,,,
송도금호어울림,2005,49000,2020,2,29,84.89,11,송도동,3-38,28185,,,
송도더샵그린애비뉴7단지,2012,70000,2020,2,29,117.2536,11,송도동,16-8,28185,,,
송도더샵그린애비뉴7단지,2012,52800,2020,2,29,101.9964,2,송도동,16-8,28185,,,
송도더샵그린워크3차(18-1블럭),2015,84700,2020,2,29,115.14,7,송도동,19-3,28185,,,
송도더샵마스터뷰22BL,2015,70000,2020,2,29,84.92,3,송도동,111,28185,,,
송도더샵마스터뷰23-1BL,2015,73000,2020,2,29,84.92,14,송도동,112,28185,,,
송도더샵마스터뷰23-1BL,2015,77000,2020,2,29,84.94,15,송도동,112,28185,,,
송도더샵센트럴시티,2018,48000,2020,2,29,59.99,3,송도동,190-4,28185,,,
송도더샵퍼스트파크F14BL,2017,61000,2020,2,29,59.89,3,송도동,101,28185,,,
송도더샵퍼스트파크F14BL,2017,85000,2020,2,29,84.9,28,송도동,101,28185,,,
송도더샵퍼스트파크F14BL,2017,71500,2020,2,29,68.96,23,송도동,101,28185,,,
송도더샵하버뷰(D13),2011,60000,2020,2,29,101.067,17,송도동,17-5,28185,,,
송도더샵하버뷰(D13),2011,63000,2020,2,29,116.316,3,송도동,17-5,28185,,,
송도더샵하버뷰(D15),2012,72000,2020,2,29,120.0626,27,송도동,18-7,28185,,,
송도더샵하버뷰(D15),2012,62000,2020,2,29,99.8516,24,송도동,18-7,28185,,,
송도아트윈푸르지오,2015,62500,2020,2,29,84.98,18,송도동,33-1,28185,,,
송도아트윈푸르지오,2015,84500,2020,2,29,106.78,28,송도동,33-1,28185,,,
송도에듀포레푸르지오,2016,61000,2020,2,29,84.517,12,송도동,191-4,28185,,,
송도에듀포레푸르지오,2016,54700,2020,2,29,72.253,16,송도동,191-4,28185,,,
송도에듀포레푸르지오,2016,67000,2020,2,29,84.852,13,송도동,191-4,28185,,,
송도에듀포레푸르지오,2016,48000,2020,2,29,59.978,17,송도동,191-4,28185,,,
송도웰카운티1단지,2008,53000,2020,2,29,84.96,15,송도동,9-31,28185,,,
송도웰카운티4단지,2010,81000,2020,2,29,149.41,21,송도동,9-5,28185,,,
송도자이하버뷰2단지,2011,55000,2020,2,29,95.393,22,송도동,19-7,28185,,,
송도자이하버뷰2단지,2011,49000,2020,2,29,95.393,2,송도동,19-7,28185,,,
송도캐슬&해모로,2013,49000,2020,2,29,84.4815,19,송도동,161-3,28185,,,
송도코오롱더프라우1단지,2009,51000,2020,2,29,134.818,5,송도동,15-12,28185,,,
송도코오롱더프라우2단지,2009,121000,2020,2,29,217.798,18,송도동,15-11,28185,,,
송도푸르지오월드마크1단지,2010,50000,2020,2,29,127.051,17,송도동,20-22,28185,,,
송도푸르지오하버뷰,2011,78500,2020,2,29,127.1238,37,송도동,19-5,28185,,,
송도푸르지오하버뷰,2011,59500,2020,2,29,101.9753,3,송도동,19-5,28185,,,
송도푸르지오하버뷰,2011,63000,2020,2,29,101.8096,16,송도동,19-5,28185,,,
송도풍림아이원1단지,2005,45000,2020,2,29,84.7167,5,송도동,2-7,28185,,,
송도풍림아이원1단지,2005,45000,2020,2,29,84.7167,11,송도동,2-7,28185,,,
송도풍림아이원1단지,2005,38000,2020,2,29,84.7167,1,송도동,2-7,28185,,,
송도풍림아이원1단지,2005,51750,2020,2,29,114.7008,14,송도동,2-7,28185,,,
송도풍림아이원4단지,2005,45000,2020,2,29,84.7159,6,송도동,2-9,28185,,,
송도풍림아이원6단지,2005,55000,2020,2,29,156.4122,1,송도동,3-40,28185,,,
"승기마을,연수1차시영",1992,8600,2020,2,29,26.82,14,연수동,582-2,28185,,,
쌍용,1998,26500,2020,2,29,84.98,7,옥련동,644-1,28185,,,
연수대우.삼환,1994,27200,2020,2,29,90.18,1,동춘동,925-7,28185,,,
연수서해그랑블1단지,2017,36500,2020,2,29,70.77,21,동춘동,1131-1,28185,,,
연수서해그랑블1단지,2017,35300,2020,2,29,70.77,2,동춘동,1131-1,28185,,,
연수서해그랑블1단지,2017,43500,2020,2,29,84.95,16,동춘동,1131-1,28185,,,
연수서해그랑블1단지,2017,41500,2020,2,29,84.98,14,동춘동,1131-1,28185,,,
연수주공2차,1992,13800,2020,2,29,41.3,7,연수동,533,28185,,,
연수주공2차,1992,13800,2020,2,29,41.3,7,연수동,533,28185,,,
연수푸르지오1단지,2011,37400,2020,2,29,115.24,16,연수동,593-3,28185,,,
영남,1992,23800,2020,2,29,84.8,1,연수동,577,28185,,,
영남청학,1990,10220,2020,2,29,58.87,5,청학동,62-1,28185,,,
영남청학,1990,10220,2020,2,29,58.87,5,청학동,62-1,28185,,,
옥련2우성,2002,29000,2020,2,29,84.74,5,옥련동,645-1,28185,,,
우성,1996,25000,2020,2,29,84.692,7,옥련동,636-1,28185,,,
우성1,1994,32700,2020,2,29,101.97,3,연수동,635,28185,,,
우성2,1994,25500,2020,2,29,59.59,2,연수동,634,28185,,,
우성2,1994,25500,2020,2,29,59.59,2,연수동,634,28185,,,
우성2,1994,28000,2020,2,29,59.59,7,연수동,634,28185,,,
우성2,1994,27500,2020,2,29,59.59,8,연수동,634,28185,,,
우성2,1994,27000,2020,2,29,59.59,4,연수동,634,28185,,,
우성2,1994,31000,2020,2,29,84.78,19,연수동,634,28185,,,
우성2,1994,27800,2020,2,29,59.59,15,연수동,634,28185,,,
우성2,1994,31800,2020,2,29,84.78,16,연수동,634,28185,,,
우성2,1994,30000,2020,2,29,84.78,2,연수동,634,28185,,,
우성2,1994,27000,2020,2,29,59.59,4,연수동,634,28185,,,
위드프리상뜨,2006,37000,2020,2,29,120.06,11,송도동,2-5,28185,,,
윤성,1995,19300,2020,2,29,84.93,2,선학동,387,28185,,,
인천송도힐스테이트3단지,2011,52000,2020,2,29,142.1275,3,송도동,21-59,28185,,,
인향,1992,18900,2020,2,29,84.975,4,연수동,535-2,28185,,,
자이(xi),1993,28400,2020,2,29,95.55,13,동춘동,924-3,28185,,,
조흥,1997,24500,2020,2,29,101.55,2,동춘동,918,28185,,,
주공3,1993,13500,2020,2,29,44.66,8,연수동,578-2,28185,,,
주공3,1993,13500,2020,2,29,44.66,9,연수동,578-2,28185,,,
주공3,1993,14500,2020,2,29,44.66,14,연수동,578-2,28185,,,
태산,1993,25700,2020,2,29,84.56,9,연수동,576,28185,,,
태산,1993,25500,2020,2,29,84.56,13,연수동,576,28185,,,
풍림,1998,17500,2020,2,29,44.4,7,옥련동,643-2,28185,,,
풍림,1998,25700,2020,2,29,84.81,6,옥련동,643-2,28185,,,
풍림,1998,17000,2020,2,29,44.4,4,옥련동,643-2,28185,,,
풍림,1998,27500,2020,2,29,77,16,옥련동,643-2,28185,,,
풍림,1998,17500,2020,2,29,44.4,7,옥련동,643-2,28185,,,
풍림2,1993,30900,2020,2,29,84.22,10,동춘동,929,28185,,,
풍림2,1993,17500,2020,2,29,45.36,6,동춘동,929,28185,,,
풍림3,1993,24500,2020,2,29,84.3,1,동춘동,922,28185,,,
풍림3,1993,25500,2020,2,29,84.3,4,동춘동,922,28185,,,
하나타운2,1994,29500,2020,2,29,99.42,2,동춘동,919,28185,,,
한양1,1994,29000,2020,2,29,88.86,16,동춘동,925,28185,,,
한양1,1994,38000,2020,2,29,133.44,7,동춘동,925,28185,,,
한양2,1994,27000,2020,2,29,84.97,2,동춘동,932,28185,,,
해모로월드뷰,2012,76000,2020,2,29,113.9066,32,송도동,157,28185,,,
현대,1993,28300,2020,2,29,96.23,5,동춘동,924,28185,,,
현대1,1993,30800,2020,2,29,84.97,2,동춘동,928,28185,,,
현대2차아파트,1995,25200,2020,2,29,84.6,4,옥련동,633,28185,,,
현대2차아파트,1995,29400,2020,2,29,84.6,17,옥련동,633,28185,,,
현대2차아파트,1995,26000,2020,2,29,84.6,3,옥련동,633,28185,,,
현대2차아파트,1995,26000,2020,2,29,84.6,16,옥련동,633,28185,,,
현대4,1997,23000,2020,2,29,59.985,8,옥련동,637-1,28185,,,
효정,1993,21000,2020,2,29,84.95,2,연수동,537,28185,,,
힐스테이트레이크송도1차,2019,68000,2020,2,29,84.93,25,송도동,397-11,28185,,,
