단지명,건축년도,거래금액(만원),계약년,계약월,계약일,전용면적(㎡),층,법정동,지번,시군구코드,거래유형,매수자구분,매도자구분
그린빌4차,2001,9500,2009,9,1,59.83,2,구암동,788,27230,,,
그린빌6단지,2002,8000,2009,9,1,51.95,5,국우동,1080,27230,,,
대현뜨란채,2006,22000,2009,9,1,108.95,7,대현동,527,27230,,,
동서변리벤빌,2005,9800,2009,9,1,59.7309,2,서변동,1769,27230,,,
동서변월드메르디앙,2005,27900,2009,9,1,129.79,8,서변동,1795,27230,,,
동서변월드메르디앙,2005,16800,2009,9,1,84.97,7,서변동,1795,27230,,,
동화골든빌,2002,11480,2009,9,1,57.6183,5,동천동,891,27230,,,
두산청구,1999,11000,2009,9,1,84.945,2,팔달동,52,27230,,,
두성파크2,1993,8500,2009,9,1,84.79,7,태전동,489,27230,,,
부영6차,2002,14800,2009,9,1,81.1563,14,구암동,789-1,27230,,,
삼성,1995,13650,2009,9,1,84.63,4,칠성동2가,378-4,27230,,,
서변청아람,2003,7824,2009,9,1,59.8902,15,서변동,1724,27230,,,
서변청아람,2003,10829,2009,9,1,84.8212,8,서변동,1724,27230,,,
서변청아람,2003,7724,2009,9,1,59.9476,8,서변동,1724,27230,,,
서변청아람,2003,10772,2009,9,1,84.8212,6,서변동,1724,27230,,,
서변청아람,2003,8100,2009,9,1,59.9476,14,서변동,1724,27230,,,
유니버시아드선수촌2단지,2003,10456,2009,9,1,83.4706,1,동변동,682,27230,,,
유니버시아드선수촌2단지,2003,10877,2009,9,1,83.9188,13,동변동,682,27230,,,
유니버시아드선수촌2단지,2003,7609,2009,9,1,59.9825,4,동변동,682,27230,,,
유니버시아드선수촌2단지,2003,10629,2009,9,1,83.4919,2,동변동,682,27230,,,
유니버시아드선수촌2단지,2003,11500,2009,9,1,73.2815,4,동변동,682,27230,,,
유니버시아드선수촌2단지,2003,9540,2009,9,1,73.2815,11,동변동,682,27230,,,
유니버시아드선수촌2단지,2003,10000,2009,9,1,73.2815,3,동변동,682,27230,,,
은마,1989,6000,2009,9,1,61.875,3,태전동,254-3,27230,,,
칠곡1차한라하우젠트,2007,17100,2009,9,1,78.5172,15,학정동,980,27230,,,
칠곡목련,1987,8000,2009,9,1,43.02,5,읍내동,1171,27230,,,
칠곡한라타운2,1995,6600,2009,9,1,59.94,8,구암동,695,27230,,,
칠곡한양2,1993,5200,2009,9,1,41.265,14,관음동,1370,27230,,,
칠곡한양2,1993,10800,2009,9,1,84.945,12,관음동,1370,27230,,,
침산1차푸르지오(2-2),2005,28400,2009,9,1,123.4,10,칠성동2가,2-2,27230,,,
침산동서,1997,13700,2009,9,1,84.98,3,침산동,368-1,27230,,,
태왕아너스복현,2006,12750,2009,9,1,59.996,6,복현동,190-1,27230,,,
한백101,2002,11850,2009,9,1,84.87,6,고성동1가,50-37,27230,,,
한백102,2002,12500,2009,9,1,84.93,10,고성동1가,50-38,27230,,,
한신중앙,1993,5450,2009,9,1,47.25,10,태전동,936-1,27230,,,
한일,1998,10500,2009,9,1,84.96,9,태전동,205-14,27230,,,
화성그랜드파크,2003,27000,2009,9,1,124.6702,10,구암동,785,27230,,,
화성센트럴파크,2003,13200,2009,9,1,59.9402,14,동천동,950,27230,,,
화성센트럴파크,2003,13900,2009,9,1,59.963,13,동천동,950,27230,,,
그린빌3차,2000,7850,2009,9,2,49.71,11,구암동,786,27230,,,
그린빌3차,2000,7000,2009,9,2,49.71,1,구암동,786,27230,,,
그린빌3차,2000,7500,2009,9,2,49.71,11,구암동,786,27230,,,
그린빌4차,2001,10300,2009,9,2,59.83,5,구암동,788,27230,,,
대백인터빌,2002,6600,2009,9,2,39.49,3,팔달동,145,27230,,,
동서변월드메르디앙,2005,12500,2009,9,2,59.96,12,서변동,1795,27230,,,
롯데캐슬오페라,2005,20650,2009,9,2,84.91,17,침산동,213-1,27230,,,
매천센트럴파크,2008,18700,2009,9,2,84.58,9,매천동,741,27230,,,
매천센트럴파크,2008,16960,2009,9,2,84.58,1,매천동,741,27230,,,
명성푸르지오,2006,22250,2009,9,2,84.84,18,침산동,269-10,27230,,,
민들레,1991,5625,2009,9,2,59.94,7,검단동,1128-3,27230,,,
복현청구타운,1996,8950,2009,9,2,59.97,1,복현동,539-113,27230,,,
영남네오빌블루,2003,11000,2009,9,2,59.7194,12,서변동,1766,27230,,,
우방타운,1992,6300,2009,9,2,59.985,13,태전동,169-2,27230,,,
유니버시아드선수촌2단지,2003,9600,2009,9,2,73.2815,3,동변동,682,27230,,,
칠곡동서영남,1995,7650,2009,9,2,59.84,3,구암동,695-1,27230,,,
칠곡에덴타운,1993,11300,2009,9,2,84.96,9,태전동,997-1,27230,,,
칠곡청구타운,1995,7900,2009,9,2,59.34,3,구암동,695-3,27230,,,
칠곡한라타운2,1995,7600,2009,9,2,59.94,13,구암동,695,27230,,,
침산2청구타운,1996,13800,2009,9,2,84.965,10,침산동,363-1,27230,,,
코스모스한양,1993,9900,2009,9,2,84.945,14,읍내동,1366-3,27230,,,
코오롱하늘채1단지,2006,29200,2009,9,2,106.382,6,침산동,105-73,27230,,,
한라스카이빌,2002,13800,2009,9,2,59.9034,20,침산동,227-1,27230,,,
한신중앙,1993,6150,2009,9,2,47.25,15,태전동,936-1,27230,,,
한일,1998,15500,2009,9,2,121.74,14,태전동,205-14,27230,,,
한일,1998,11100,2009,9,2,84.96,4,태전동,205-14,27230,,,
한일,1998,11950,2009,9,2,84.96,16,태전동,205-14,27230,,,
화성파크드림와이드,2008,23550,2009,9,2,84.9757,2,태전동,198,27230,,,
그린빌3차,2000,7550,2009,9,3,49.71,7,구암동,786,27230,,,
그린빌6단지,2002,8800,2009,9,3,51.95,14,국우동,1080,27230,,,
그린빌6단지,2002,8400,2009,9,3,51.95,3,국우동,1080,27230,,,
그린빌6단지,2002,8300,2009,9,3,51.95,3,국우동,1080,27230,,,
대현e-편한세상,2008,22700,2009,9,3,84.7511,3,대현동,521,27230,,,
대현뜨란채,2006,14400,2009,9,3,59.85,6,대현동,527,27230,,,
동서변월드메르디앙,2005,18800,2009,9,3,84.97,15,서변동,1795,27230,,,
동서변월드메르디앙,2005,12000,2009,9,3,59.96,6,서변동,1795,27230,,,
동아침산2무지개,1999,11950,2009,9,3,59.76,19,침산동,233-3,27230,,,
두산청구,1999,6400,2009,9,3,45,17,팔달동,52,27230,,,
두성타운,1992,5500,2009,9,3,67.92,1,태전동,256-1,27230,,,
매천센트럴파크,2008,18400,2009,9,3,84.58,5,매천동,741,27230,,,
명성푸르지오,2006,22500,2009,9,3,84.84,12,침산동,269-10,27230,,,
복현건영,1998,11175,2009,9,3,59.88,9,복현동,539-114,27230,,,
복현시영(3차),1983,8450,2009,9,3,59.33,5,복현동,201-3,27230,,,
산격대우,1999,12900,2009,9,3,59.87,6,산격동,500-1,27230,,,
서변청아람,2003,8800,2009,9,3,59.9476,13,서변동,1724,27230,,,
성광우방타운,1996,10700,2009,9,3,59.9,12,칠성동2가,127,27230,,,
신영,2000,6800,2009,9,3,71.22,1,노원동2가,330,27230,,,
은마,1989,5300,2009,9,3,52.14,4,태전동,254-3,27230,,,
칠곡2차한라하우젠트,2007,19250,2009,9,3,78.7504,5,학정동,982,27230,,,
칠곡3차보성,1997,7900,2009,9,3,59.98,16,읍내동,430,27230,,,
칠곡건영,2001,8000,2009,9,3,59.88,4,구암동,695-2,27230,,,
칠곡우방,1998,10500,2009,9,3,84.93,4,읍내동,533,27230,,,
침산화성타운,1998,10100,2009,9,3,59.91,17,침산동,117-3,27230,,,
한신중앙,1993,5870,2009,9,3,47.25,3,태전동,936-1,27230,,,
한일,1998,12200,2009,9,3,84.96,15,태전동,205-14,27230,,,
현대전원,1990,9400,2009,9,3,84.99,5,태전동,532-1,27230,,,
고성,1993,8000,2009,9,4,59.92,8,고성동2가,112-3,27230,,,
대현e-편한세상,2008,21500,2009,9,4,84.9744,14,대현동,521,27230,,,
대현e-편한세상,2008,22500,2009,9,4,84.9744,4,대현동,521,27230,,,
동화골든빌,2002,11650,2009,9,4,57.6183,9,동천동,891,27230,,,
복현서한2,1998,9325,2009,9,4,59.75,10,복현동,160-7,27230,,,
서변청아람,2003,8800,2009,9,4,59.9476,15,서변동,1724,27230,,,
제일,1993,8000,2009,9,4,59.88,5,침산동,369-2,27230,,,
주공그린빌8,2002,11850,2009,9,4,71.43,9,동변동,679,27230,,,
주공그린빌8,2002,12000,2009,9,4,71.43,7,동변동,679,27230,,,
칠곡2영남타운,1996,5100,2009,9,4,39.96,3,동천동,880-1,27230,,,
칠곡2영남타운,1996,7500,2009,9,4,56.93,6,동천동,880-1,27230,,,
칠곡관음타운,1995,7900,2009,9,4,59.78,11,태전동,1065-1,27230,,,
칠곡대백맨션,1993,9500,2009,9,4,84.92,11,태전동,1066,27230,,,
칠곡동서영남,1995,8070,2009,9,4,59.84,8,구암동,695-1,27230,,,
칠곡목련,1987,7150,2009,9,4,43.02,2,읍내동,1171,27230,,,
칠곡서한맨션,1992,8600,2009,9,4,65.69,1,관음동,1374,27230,,,
칠곡한양2,1993,11450,2009,9,4,84.945,8,관음동,1370,27230,,,
침산쌍용,1999,11250,2009,9,4,59.84,8,침산동,400-1,27230,,,
코오롱하늘채2단지,2006,34700,2009,9,4,134.1855,14,침산동,105-1,27230,,,
한라스카이빌,2002,17200,2009,9,4,84.7649,13,침산동,227-1,27230,,,
화성파크드림와이드,2008,23550,2009,9,4,84.9757,2,태전동,198,27230,,,
화성파크드림와이드,2008,35550,2009,9,4,133.2941,12,태전동,198,27230,,,
건영하이츠,2002,12700,2009,9,5,59.961,18,침산동,296-1,27230,,,
고성,1993,5300,2009,9,5,40.06,11,고성동2가,112-3,27230,,,
그린빌1차,1999,7850,2009,9,5,59.39,18,국우동,1110,27230,,,
그린빌6단지,2002,8000,2009,9,5,51.49,4,국우동,1080,27230,,,
금빛타운,1995,15300,2009,9,5,120.93,4,구암동,655,27230,,,
동서변월드메르디앙,2005,17000,2009,9,5,84.97,4,서변동,1795,27230,,,
롯데캐슬오페라,2005,20400,2009,9,5,84.91,16,침산동,213-1,27230,,,
명성푸르지오,2006,23950,2009,9,5,100.72,21,침산동,269-10,27230,,,
보성서한타운,1995,8800,2009,9,5,59.9,7,동천동,872,27230,,,
복현서한2,1998,13670,2009,9,5,84.86,2,복현동,160-7,27230,,,
복현시영(3차),1983,6050,2009,9,5,42.81,5,복현동,201-3,27230,,,
부영3차,2002,9750,2009,9,5,60.2153,12,구암동,787-3,27230,,,
부영6차,2002,10920,2009,9,5,81.1563,16,구암동,789-1,27230,,,
부영그린타운(2단지),2003,12300,2009,9,5,59.8488,12,동천동,914,27230,,,
부영그린타운(2단지),2003,11600,2009,9,5,59.8488,4,동천동,914,27230,,,
산격보성,1980,4900,2009,9,5,40.09,5,산격동,493,27230,,,
삼성,1995,11450,2009,9,5,59.586,9,칠성동2가,378-4,27230,,,
삼성,1994,10250,2009,9,5,84.93,7,태전동,608-5,27230,,,
삼영사랑마을,2003,10500,2009,9,5,83.31,13,노원동1가,145,27230,,,
삼정그린코아,2005,16700,2009,9,5,84.78,3,침산동,101-1,27230,,,
영남네오빌아트,2004,34000,2009,9,5,124.8396,14,동천동,913,27230,,,
은성강변타운,2003,10000,2009,9,5,84.68,4,침산동,653,27230,,,
주공그린빌8,2002,11950,2009,9,5,71.43,11,동변동,679,27230,,,
칠곡3화성타운,1999,13850,2009,9,5,84.8,8,동천동,915,27230,,,
칠곡동서영남,1995,8100,2009,9,5,59.84,9,구암동,695-1,27230,,,
칠곡에덴타운,1993,11000,2009,9,5,84.96,12,태전동,997-1,27230,,,
칠곡청구타운,1995,8020,2009,9,5,59.34,2,구암동,695-3,27230,,,
칠곡화성타운2차,1995,6280,2009,9,5,41.62,11,동천동,880-3,27230,,,
태전3우방타운,1999,8500,2009,9,5,59.99,14,태전동,442,27230,,,
화성센트럴파크,2003,16700,2009,9,5,84.9823,2,동천동,950,27230,,,
동아침산2무지개,1999,18500,2009,9,6,134.86,1,침산동,233-3,27230,,,
롯데캐슬오페라,2005,17800,2009,9,6,76.94,20,침산동,213-1,27230,,,
매천센트럴파크,2008,16650,2009,9,6,74.87,6,매천동,741,27230,,,
유니버시아드선수촌1단지,2003,12950,2009,9,6,84.5776,3,동변동,697,27230,,,
칠곡네스빌,2004,17600,2009,9,6,84.5826,17,동천동,890,27230,,,
칠곡동서영남,1995,8180,2009,9,6,59.84,3,구암동,695-1,27230,,,
칠곡청구타운,1995,8300,2009,9,6,59.34,12,구암동,695-3,27230,,,
침산1차푸르지오(2-5),2005,27000,2009,9,6,96.88,27,칠성동2가,2-5,27230,,,
강북화성파크드림,2007,20800,2009,9,7,84.9272,11,태전동,420-5,27230,,,
그린빌6단지,2002,8700,2009,9,7,51.95,14,국우동,1080,27230,,,
금오,1982,5150,2009,9,7,47.675,1,산격동,793-49,27230,,,
대현e-편한세상,2008,22500,2009,9,7,84.7511,3,대현동,521,27230,,,
대현e-편한세상,2008,20900,2009,9,7,84.9744,3,대현동,521,27230,,,
대현뜨란채,2006,17600,2009,9,7,84.77,15,대현동,527,27230,,,
동서변리벤빌,2005,14300,2009,9,7,84.9286,11,서변동,1769,27230,,,
동서변리벤빌,2005,9400,2009,9,7,59.7309,2,서변동,1769,27230,,,
매천센트럴파크,2008,16720,2009,9,7,84.59,1,매천동,741,27230,,,
민들레,1991,5650,2009,9,7,59.94,5,검단동,1128-3,27230,,,
보성서한타운,1995,5920,2009,9,7,42.68,6,동천동,872,27230,,,
보성서한타운,1995,5700,2009,9,7,42.68,8,동천동,872,27230,,,
복현대백맨션,1996,9550,2009,9,7,59.94,14,복현동,539-111,27230,,,
복현시영(1차),1982,6300,2009,9,7,49.135,5,복현동,320-1,27230,,,
복현시영(3차),1983,6000,2009,9,7,42.81,5,복현동,201-3,27230,,,
복현시영(3차),1983,8950,2009,9,7,59.33,3,복현동,201-3,27230,,,
부영3차,2002,14200,2009,9,7,81.1563,14,구암동,787-3,27230,,,
부영3차,2002,9500,2009,9,7,60.2153,8,구암동,787-3,27230,,,
부영5차,2003,10940,2009,9,7,81.1718,14,구암동,789,27230,,,
부영5차,2003,10940,2009,9,7,81.1718,11,구암동,789,27230,,,
부영5차,2003,10940,2009,9,7,81.1718,4,구암동,789,27230,,,
부영5차,2003,10831,2009,9,7,81.1718,2,구암동,789,27230,,,
부영5차,2003,10940,2009,9,7,81.1718,17,구암동,789,27230,,,
부영5차,2003,10940,2009,9,7,81.1718,17,구암동,789,27230,,,
부영5차,2003,10940,2009,9,7,81.1718,17,구암동,789,27230,,,
부영5차,2003,10940,2009,9,7,81.1718,15,구암동,789,27230,,,
부영5차,2003,10940,2009,9,7,81.1718,14,구암동,789,27230,,,
부영5차,2003,10940,2009,9,7,81.1718,14,구암동,789,27230,,,
부영5차,2003,10940,2009,9,7,81.1718,13,구암동,789,27230,,,
부영5차,2003,10940,2009,9,7,81.1718,12,구암동,789,27230,,,
부영5차,2003,10940,2009,9,7,81.1718,11,구암동,789,27230,,,
부영5차,2003,10940,2009,9,7,81.1718,11,구암동,789,27230,,,
부영5차,2003,10940,2009,9,7,81.1718,11,구암동,789,27230,,,
부영5차,2003,10940,2009,9,7,81.1718,7,구암동,789,27230,,,
부영5차,2003,10940,2009,9,7,81.1718,7,구암동,789,27230,,,
부영5차,2003,10940,2009,9,7,81.1718,6,구암동,789,27230,,,
부영5차,2003,10940,2009,9,7,81.1718,4,구암동,789,27230,,,
부영5차,2003,10940,2009,9,7,81.1718,4,구암동,789,27230,,,
부영5차,2003,10940,2009,9,7,81.1718,3,구암동,789,27230,,,
부영5차,2003,10831,2009,9,7,81.1718,2,구암동,789,27230,,,
부영5차,2003,10721,2009,9,7,81.1718,1,구암동,789,27230,,,
부영5차,2003,8240,2009,9,7,59.8488,3,구암동,789,27230,,,
부영5차,2003,10831,2009,9,7,81.1718,2,구암동,789,27230,,,
부영5차,2003,10831,2009,9,7,81.1718,2,구암동,789,27230,,,
부영5차,2003,10940,2009,9,7,81.1718,18,구암동,789,27230,,,
부영5차,2003,10940,2009,9,7,81.1718,18,구암동,789,27230,,,
부영5차,2003,10940,2009,9,7,81.1718,17,구암동,789,27230,,,
부영5차,2003,10940,2009,9,7,81.1718,17,구암동,789,27230,,,
부영5차,2003,10940,2009,9,7,81.1718,16,구암동,789,27230,,,
부영5차,2003,10940,2009,9,7,81.1718,16,구암동,789,27230,,,
부영5차,2003,10940,2009,9,7,81.1718,16,구암동,789,27230,,,
부영5차,2003,10940,2009,9,7,81.1718,15,구암동,789,27230,,,
부영5차,2003,10940,2009,9,7,81.1718,14,구암동,789,27230,,,
부영5차,2003,10940,2009,9,7,81.1718,14,구암동,789,27230,,,
부영5차,2003,10940,2009,9,7,81.1718,13,구암동,789,27230,,,
부영5차,2003,10940,2009,9,7,81.1718,12,구암동,789,27230,,,
부영5차,2003,10940,2009,9,7,81.1718,12,구암동,789,27230,,,
부영5차,2003,10940,2009,9,7,81.1718,12,구암동,789,27230,,,
부영5차,2003,10940,2009,9,7,81.1718,10,구암동,789,27230,,,
부영5차,2003,10940,2009,9,7,81.1718,10,구암동,789,27230,,,
부영5차,2003,10940,2009,9,7,81.1718,9,구암동,789,27230,,,
부영5차,2003,10940,2009,9,7,81.1718,8,구암동,789,27230,,,
부영5차,2003,10940,2009,9,7,81.1718,7,구암동,789,27230,,,
부영5차,2003,10940,2009,9,7,81.1718,7,구암동,789,27230,,,
부영5차,2003,10940,2009,9,7,81.1718,6,구암동,789,27230,,,
부영5차,2003,10940,2009,9,7,81.1718,6,구암동,789,27230,,,
부영5차,2003,10940,2009,9,7,81.1718,5,구암동,789,27230,,,
부영5차,2003,10940,2009,9,7,81.1718,4,구암동,789,27230,,,
부영5차,2003,10940,2009,9,7,81.1718,4,구암동,789,27230,,,
부영5차,2003,10940,2009,9,7,81.1718,3,구암동,789,27230,,,
부영5차,2003,10831,2009,9,7,81.1718,2,구암동,789,27230,,,
부영5차,2003,10721,2009,9,7,81.1718,1,구암동,789,27230,,,
부영5차,2003,10721,2009,9,7,81.1718,1,구암동,789,27230,,,
부영5차,2003,10721,2009,9,7,81.1718,1,구암동,789,27230,,,
부영5차,2003,8240,2009,9,7,59.8488,15,구암동,789,27230,,,
부영5차,2003,8240,2009,9,7,59.8488,14,구암동,789,27230,,,
부영5차,2003,8240,2009,9,7,59.8488,14,구암동,789,27230,,,
부영5차,2003,8240,2009,9,7,59.8488,14,구암동,789,27230,,,
부영5차,2003,8240,2009,9,7,59.8488,13,구암동,789,27230,,,
부영5차,2003,8240,2009,9,7,59.8488,12,구암동,789,27230,,,
부영5차,2003,8240,2009,9,7,59.8488,11,구암동,789,27230,,,
부영5차,2003,8240,2009,9,7,59.8488,11,구암동,789,27230,,,
부영5차,2003,8240,2009,9,7,59.8488,10,구암동,789,27230,,,
부영5차,2003,8240,2009,9,7,59.8488,10,구암동,789,27230,,,
부영5차,2003,8240,2009,9,7,59.8488,9,구암동,789,27230,,,
부영5차,2003,8240,2009,9,7,59.8488,7,구암동,789,27230,,,
부영5차,2003,8240,2009,9,7,59.8488,7,구암동,789,27230,,,
부영5차,2003,8240,2009,9,7,59.8488,6,구암동,789,27230,,,
부영5차,2003,8240,2009,9,7,59.8488,5,구암동,789,27230,,,
부영5차,2003,8240,2009,9,7,59.8488,5,구암동,789,27230,,,
부영5차,2003,8158,2009,9,7,59.8488,2,구암동,789,27230,,,
부영5차,2003,10940,2009,9,7,81.1718,18,구암동,789,27230,,,
부영5차,2003,8158,2009,9,7,59.8488,2,구암동,789,27230,,,
부영5차,2003,10940,2009,9,7,81.1718,17,구암동,789,27230,,,
부영5차,2003,10940,2009,9,7,81.1718,16,구암동,789,27230,,,
부영5차,2003,10940,2009,9,7,81.1718,16,구암동,789,27230,,,
부영5차,2003,10940,2009,9,7,81.1718,15,구암동,789,27230,,,
부영5차,2003,10940,2009,9,7,81.1718,13,구암동,789,27230,,,
부영5차,2003,10940,2009,9,7,81.1718,15,구암동,789,27230,,,
부영5차,2003,10940,2009,9,7,81.1718,15,구암동,789,27230,,,
부영5차,2003,10940,2009,9,7,81.1718,15,구암동,789,27230,,,
부영5차,2003,10940,2009,9,7,81.1718,15,구암동,789,27230,,,
부영5차,2003,10940,2009,9,7,81.1718,14,구암동,789,27230,,,
부영5차,2003,10940,2009,9,7,81.1718,13,구암동,789,27230,,,
부영5차,2003,10940,2009,9,7,81.1718,13,구암동,789,27230,,,
부영5차,2003,10940,2009,9,7,81.1718,11,구암동,789,27230,,,
부영5차,2003,10940,2009,9,7,81.1718,8,구암동,789,27230,,,
부영5차,2003,10940,2009,9,7,81.1718,6,구암동,789,27230,,,
부영5차,2003,10940,2009,9,7,81.1718,6,구암동,789,27230,,,
부영5차,2003,10940,2009,9,7,81.1718,6,구암동,789,27230,,,
부영5차,2003,10940,2009,9,7,81.1718,5,구암동,789,27230,,,
부영5차,2003,10940,2009,9,7,81.1718,5,구암동,789,27230,,,
부영5차,2003,10940,2009,9,7,81.1718,5,구암동,789,27230,,,
부영5차,2003,10940,2009,9,7,81.1718,4,구암동,789,27230,,,
부영5차,2003,10940,2009,9,7,81.1718,4,구암동,789,27230,,,
부영5차,2003,10940,2009,9,7,81.1718,4,구암동,789,27230,,,
부영5차,2003,10940,2009,9,7,81.1718,3,구암동,789,27230,,,
부영5차,2003,10831,2009,9,7,81.1718,2,구암동,789,27230,,,
부영5차,2003,10831,2009,9,7,81.1718,2,구암동,789,27230,,,
부영5차,2003,10721,2009,9,7,81.1718,1,구암동,789,27230,,,
부영5차,2003,10940,2009,9,7,81.1718,18,구암동,789,27230,,,
부영5차,2003,10940,2009,9,7,81.1718,19,구암동,789,27230,,,
부영5차,2003,10940,2009,9,7,81.1718,18,구암동,789,27230,,,
부영5차,2003,10940,2009,9,7,81.1718,17,구암동,789,27230,,,
부영5차,2003,10940,2009,9,7,81.1718,15,구암동,789,27230,,,
부영5차,2003,10940,2009,9,7,81.1718,13,구암동,789,27230,,,
부영5차,2003,10940,2009,9,7,81.1718,11,구암동,789,27230,,,
부영5차,2003,10940,2009,9,7,81.1718,8,구암동,789,27230,,,
부영5차,2003,10940,2009,9,7,81.1718,6,구암동,789,27230,,,
부영5차,2003,10940,2009,9,7,81.1718,6,구암동,789,27230,,,
부영5차,2003,10940,2009,9,7,81.1718,6,구암동,789,27230,,,
부영5차,2003,10940,2009,9,7,81.1718,4,구암동,789,27230,,,
부영5차,2003,10831,2009,9,7,81.1718,2,구암동,789,27230,,,
부영5차,2003,10721,2009,9,7,81.1718,1,구암동,789,27230,,,
부영5차,2003,8240,2009,9,7,59.8488,17,구암동,789,27230,,,
부영5차,2003,8240,2009,9,7,59.8488,17,구암동,789,27230,,,
부영5차,2003,8240,2009,9,7,59.8488,16,구암동,789,27230,,,
부영5차,2003,8240,2009,9,7,59.8488,16,구암동,789,27230,,,
부영5차,2003,8240,2009,9,7,59.8488,15,구암동,789,27230,,,
부영5차,2003,8240,2009,9,7,59.8488,15,구암동,789,27230,,,
부영5차,2003,8240,2009,9,7,59.8488,12,구암동,789,27230,,,
부영5차,2003,8240,2009,9,7,59.8488,11,구암동,789,27230,,,
부영5차,2003,10940,2009,9,7,81.1718,18,구암동,789,27230,,,
부영5차,2003,8240,2009,9,7,59.8488,9,구암동,789,27230,,,
부영5차,2003,8240,2009,9,7,59.8488,5,구암동,789,27230,,,
부영5차,2003,8240,2009,9,7,59.8488,3,구암동,789,27230,,,
부영5차,2003,10940,2009,9,7,81.1718,18,구암동,789,27230,,,
부영5차,2003,10940,2009,9,7,81.1718,17,구암동,789,27230,,,
부영5차,2003,10940,2009,9,7,81.1718,16,구암동,789,27230,,,
부영5차,2003,10940,2009,9,7,81.1718,13,구암동,789,27230,,,
부영5차,2003,10940,2009,9,7,81.1718,10,구암동,789,27230,,,
부영5차,2003,10940,2009,9,7,81.1718,10,구암동,789,27230,,,
부영5차,2003,10940,2009,9,7,81.1718,9,구암동,789,27230,,,
부영5차,2003,10940,2009,9,7,81.1718,9,구암동,789,27230,,,
부영5차,2003,10940,2009,9,7,81.1718,8,구암동,789,27230,,,
부영5차,2003,10940,2009,9,7,81.1718,4,구암동,789,27230,,,
부영5차,2003,10940,2009,9,7,81.1718,3,구암동,789,27230,,,
부영5차,2003,10831,2009,9,7,81.1718,2,구암동,789,27230,,,
부영5차,2003,10940,2009,9,7,81.1718,5,구암동,789,27230,,,
부영5차,2003,10721,2009,9,7,81.1718,1,구암동,789,27230,,,
부영5차,2003,8240,2009,9,7,59.8488,17,구암동,789,27230,,,
부영5차,2003,8240,2009,9,7,59.8488,15,구암동,789,27230,,,
부영5차,2003,8240,2009,9,7,59.8488,15,구암동,789,27230,,,
부영5차,2003,8240,2009,9,7,59.8488,14,구암동,789,27230,,,
부영5차,2003,8240,2009,9,7,59.8488,14,구암동,789,27230,,,
부영5차,2003,8240,2009,9,7,59.8488,12,구암동,789,27230,,,
부영5차,2003,8240,2009,9,7,59.8488,11,구암동,789,27230,,,
부영5차,2003,8240,2009,9,7,59.8488,12,구암동,789,27230,,,
부영5차,2003,8240,2009,9,7,59.8488,11,구암동,789,27230,,,
부영5차,2003,8240,2009,9,7,59.8488,10,구암동,789,27230,,,
부영5차,2003,8240,2009,9,7,59.8488,10,구암동,789,27230,,,
부영5차,2003,8240,2009,9,7,59.8488,8,구암동,789,27230,,,
부영5차,2003,8240,2009,9,7,59.8488,8,구암동,789,27230,,,
부영5차,2003,8240,2009,9,7,59.8488,8,구암동,789,27230,,,
부영5차,2003,8240,2009,9,7,59.8488,6,구암동,789,27230,,,
부영5차,2003,8240,2009,9,7,59.8488,6,구암동,789,27230,,,
부영5차,2003,8240,2009,9,7,59.8488,5,구암동,789,27230,,,
부영5차,2003,8240,2009,9,7,59.8488,5,구암동,789,27230,,,
부영5차,2003,8240,2009,9,7,59.8488,4,구암동,789,27230,,,
부영5차,2003,8158,2009,9,7,59.8488,2,구암동,789,27230,,,
부영6차,2002,8170,2009,9,7,60.2153,11,구암동,789-1,27230,,,
부영7차,2003,10960,2009,9,7,81.1718,3,구암동,789-2,27230,,,
부영7차,2003,8260,2009,9,7,59.8488,5,구암동,789-2,27230,,,
부영7차,2003,10741,2009,9,7,81.1718,1,구암동,789-2,27230,,,
부영7차,2003,10960,2009,9,7,81.1718,9,구암동,789-2,27230,,,
부영7차,2003,10960,2009,9,7,81.1718,4,구암동,789-2,27230,,,
부영7차,2003,10850,2009,9,7,81.1718,2,구암동,789-2,27230,,,
부영7차,2003,10960,2009,9,7,81.1718,16,구암동,789-2,27230,,,
부영7차,2003,10960,2009,9,7,81.1718,15,구암동,789-2,27230,,,
부영7차,2003,10960,2009,9,7,81.1718,12,구암동,789-2,27230,,,
부영7차,2003,10960,2009,9,7,81.1718,10,구암동,789-2,27230,,,
부영7차,2003,10960,2009,9,7,81.1718,9,구암동,789-2,27230,,,
부영7차,2003,10960,2009,9,7,81.1718,8,구암동,789-2,27230,,,
부영7차,2003,10960,2009,9,7,81.1718,7,구암동,789-2,27230,,,
부영7차,2003,10960,2009,9,7,81.1718,6,구암동,789-2,27230,,,
부영7차,2003,10960,2009,9,7,81.1718,4,구암동,789-2,27230,,,
부영7차,2003,10960,2009,9,7,81.1718,4,구암동,789-2,27230,,,
부영7차,2003,10850,2009,9,7,81.1718,2,구암동,789-2,27230,,,
부영7차,2003,10960,2009,9,7,81.1718,14,구암동,789-2,27230,,,
부영7차,2003,10960,2009,9,7,81.1718,9,구암동,789-2,27230,,,
부영7차,2003,10960,2009,9,7,81.1718,8,구암동,789-2,27230,,,
부영7차,2003,10960,2009,9,7,81.1718,8,구암동,789-2,27230,,,
부영7차,2003,10960,2009,9,7,81.1718,7,구암동,789-2,27230,,,
부영7차,2003,10960,2009,9,7,81.1718,7,구암동,789-2,27230,,,
부영7차,2003,10960,2009,9,7,81.1718,6,구암동,789-2,27230,,,
부영7차,2003,10960,2009,9,7,81.1718,5,구암동,789-2,27230,,,
부영7차,2003,10960,2009,9,7,81.1718,4,구암동,789-2,27230,,,
부영7차,2003,10960,2009,9,7,81.1718,4,구암동,789-2,27230,,,
부영7차,2003,10960,2009,9,7,81.1718,3,구암동,789-2,27230,,,
부영7차,2003,8260,2009,9,7,59.8488,18,구암동,789-2,27230,,,
부영7차,2003,8260,2009,9,7,59.8488,16,구암동,789-2,27230,,,
부영7차,2003,8260,2009,9,7,59.8488,11,구암동,789-2,27230,,,
부영7차,2003,8260,2009,9,7,59.8488,10,구암동,789-2,27230,,,
부영7차,2003,8260,2009,9,7,59.8488,9,구암동,789-2,27230,,,
부영7차,2003,8260,2009,9,7,59.8488,6,구암동,789-2,27230,,,
부영7차,2003,8260,2009,9,7,59.8488,6,구암동,789-2,27230,,,
부영7차,2003,8260,2009,9,7,59.8488,5,구암동,789-2,27230,,,
부영7차,2003,8260,2009,9,7,59.8488,3,구암동,789-2,27230,,,
부영7차,2003,10960,2009,9,7,81.1718,17,구암동,789-2,27230,,,
부영7차,2003,10960,2009,9,7,81.1718,15,구암동,789-2,27230,,,
부영7차,2003,10960,2009,9,7,81.1718,13,구암동,789-2,27230,,,
부영7차,2003,10960,2009,9,7,81.1718,12,구암동,789-2,27230,,,
부영7차,2003,10960,2009,9,7,81.1718,11,구암동,789-2,27230,,,
부영7차,2003,10960,2009,9,7,81.1718,10,구암동,789-2,27230,,,
부영7차,2003,10960,2009,9,7,81.1718,8,구암동,789-2,27230,,,
부영7차,2003,10960,2009,9,7,81.1718,6,구암동,789-2,27230,,,
부영7차,2003,10960,2009,9,7,81.1718,5,구암동,789-2,27230,,,
부영7차,2003,10960,2009,9,7,81.1718,3,구암동,789-2,27230,,,
부영7차,2003,10960,2009,9,7,81.1718,3,구암동,789-2,27230,,,
부영7차,2003,10850,2009,9,7,81.1718,2,구암동,789-2,27230,,,
부영7차,2003,10960,2009,9,7,81.1718,18,구암동,789-2,27230,,,
부영7차,2003,10960,2009,9,7,81.1718,16,구암동,789-2,27230,,,
부영7차,2003,10960,2009,9,7,81.1718,13,구암동,789-2,27230,,,
부영7차,2003,10960,2009,9,7,81.1718,13,구암동,789-2,27230,,,
부영7차,2003,10960,2009,9,7,81.1718,10,구암동,789-2,27230,,,
부영7차,2003,10960,2009,9,7,81.1718,4,구암동,789-2,27230,,,
부영7차,2003,10960,2009,9,7,81.1718,3,구암동,789-2,27230,,,
부영7차,2003,8260,2009,9,7,59.8488,18,구암동,789-2,27230,,,
부영7차,2003,8260,2009,9,7,59.8488,16,구암동,789-2,27230,,,
부영7차,2003,8260,2009,9,7,59.8488,15,구암동,789-2,27230,,,
부영7차,2003,8260,2009,9,7,59.8488,14,구암동,789-2,27230,,,
부영7차,2003,8260,2009,9,7,59.8488,12,구암동,789-2,27230,,,
부영7차,2003,8260,2009,9,7,59.8488,9,구암동,789-2,27230,,,
부영7차,2003,8260,2009,9,7,59.8488,9,구암동,789-2,27230,,,
부영7차,2003,8260,2009,9,7,59.8488,8,구암동,789-2,27230,,,
부영7차,2003,8260,2009,9,7,59.8488,8,구암동,789-2,27230,,,
부영7차,2003,8260,2009,9,7,59.8488,8,구암동,789-2,27230,,,
부영7차,2003,8260,2009,9,7,59.8488,7,구암동,789-2,27230,,,
부영7차,2003,8260,2009,9,7,59.8488,7,구암동,789-2,27230,,,
부영7차,2003,8260,2009,9,7,59.8488,5,구암동,789-2,27230,,,
부영7차,2003,8260,2009,9,7,59.8488,5,구암동,789-2,27230,,,
부영7차,2003,8260,2009,9,7,59.8488,5,구암동,789-2,27230,,,
부영7차,2003,8260,2009,9,7,59.8488,3,구암동,789-2,27230,,,
부영7차,2003,10960,2009,9,7,81.1718,17,구암동,789-2,27230,,,
부영7차,2003,10960,2009,9,7,81.1718,15,구암동,789-2,27230,,,
부영7차,2003,10960,2009,9,7,81.1718,15,구암동,789-2,27230,,,
부영7차,2003,10960,2009,9,7,81.1718,14,구암동,789-2,27230,,,
부영7차,2003,10960,2009,9,7,81.1718,13,구암동,789-2,27230,,,
부영7차,2003,10960,2009,9,7,81.1718,11,구암동,789-2,27230,,,
부영7차,2003,10960,2009,9,7,81.1718,11,구암동,789-2,27230,,,
부영7차,2003,10960,2009,9,7,81.1718,9,구암동,789-2,27230,,,
부영7차,2003,10960,2009,9,7,81.1718,7,구암동,789-2,27230,,,
부영7차,2003,10960,2009,9,7,81.1718,6,구암동,789-2,27230,,,
부영7차,2003,10960,2009,9,7,81.1718,5,구암동,789-2,27230,,,
부영7차,2003,10960,2009,9,7,81.1718,4,구암동,789-2,27230,,,
부영7차,2003,10960,2009,9,7,81.1718,3,구암동,789-2,27230,,,
부영7차,2003,10741,2009,9,7,81.1718,1,구암동,789-2,27230,,,
부영7차,2003,10960,2009,9,7,81.1718,18,구암동,789-2,27230,,,
부영7차,2003,10960,2009,9,7,81.1718,16,구암동,789-2,27230,,,
부영7차,2003,10960,2009,9,7,81.1718,16,구암동,789-2,27230,,,
부영7차,2003,10960,2009,9,7,81.1718,13,구암동,789-2,27230,,,
부영7차,2003,10960,2009,9,7,81.1718,12,구암동,789-2,27230,,,
부영7차,2003,10960,2009,9,7,81.1718,11,구암동,789-2,27230,,,
부영7차,2003,10960,2009,9,7,81.1718,8,구암동,789-2,27230,,,
부영7차,2003,10960,2009,9,7,81.1718,6,구암동,789-2,27230,,,
부영7차,2003,10850,2009,9,7,81.1718,2,구암동,789-2,27230,,,
부영7차,2003,10960,2009,9,7,81.1718,3,구암동,789-2,27230,,,
부영7차,2003,10741,2009,9,7,81.1718,1,구암동,789-2,27230,,,
산격거평,1998,12300,2009,9,7,84.979,12,산격동,615-22,27230,,,
산격대우,1999,12500,2009,9,7,59.87,3,산격동,500-1,27230,,,
산호한양,1993,4380,2009,9,7,36.18,2,읍내동,1351,27230,,,
우방타운2,1993,7100,2009,9,7,59.94,14,태전동,678,27230,,,
유니버시아드선수촌1단지,2003,15200,2009,9,7,84.5776,5,동변동,697,27230,,,
주공그린빌8,2002,9050,2009,9,7,59.83,5,동변동,679,27230,,,
칠곡2영남타운,1996,5700,2009,9,7,39.96,9,동천동,880-1,27230,,,
칠곡2영남타운,1996,8850,2009,9,7,60,8,동천동,880-1,27230,,,
칠곡네스빌,2004,16700,2009,9,7,84.5826,4,동천동,890,27230,,,
칠곡네스빌,2004,16600,2009,9,7,84.5826,6,동천동,890,27230,,,
칠곡동화타운,2000,9100,2009,9,7,59.9037,8,관음동,1383-1,27230,,,
칠곡보성,1992,10600,2009,9,7,84.98,10,읍내동,1366-2,27230,,,
칠곡에덴타운,1993,9500,2009,9,7,84.96,1,태전동,997-1,27230,,,
칠곡한라타운2,1995,11150,2009,9,7,84.84,8,구암동,695,27230,,,
칠곡한신1,1992,11000,2009,9,7,117.05,1,관음동,1370-1,27230,,,
침산1차푸르지오(2-2),2005,20000,2009,9,7,84.98,22,칠성동2가,2-2,27230,,,
침산태왕리더스,2005,18000,2009,9,7,84.99,15,침산동,443-2,27230,,,
코스모스한양,1993,7000,2009,9,7,59.82,14,읍내동,1366-3,27230,,,
태전한라,1997,10300,2009,9,7,84.97,10,태전동,166,27230,,,
한신중앙,1993,6400,2009,9,7,47.25,7,태전동,936-1,27230,,,
화성그랜드파크,2003,24300,2009,9,7,110.4038,12,구암동,785,27230,,,
화성리버파크1,2003,10530,2009,9,7,59.9654,12,서변동,1775,27230,,,
그린빌4차,2001,10700,2009,9,8,59.83,9,구암동,788,27230,,,
노원보성,1999,14800,2009,9,8,85,8,노원동2가,246,27230,,,
노원휴먼프라자,2002,11500,2009,9,8,84.82,12,노원동3가,1022,27230,,,
대신,1996,11000,2009,9,8,127.94,8,노원동2가,225,27230,,,
대현e-편한세상,2008,35700,2009,9,8,128.2637,9,대현동,521,27230,,,
동화골든빌,2002,11400,2009,9,8,58.234,12,동천동,891,27230,,,
두성타운,1992,6550,2009,9,8,67.92,2,태전동,256-1,27230,,,
매천센트럴파크,2008,17450,2009,9,8,84.67,13,매천동,741,27230,,,
매천센트럴파크,2008,16960,2009,9,8,84.58,1,매천동,741,27230,,,
복현건영,1998,15800,2009,9,8,84.91,19,복현동,539-114,27230,,,
복현서한이다음,1996,11900,2009,9,8,84.97,4,복현동,539-110,27230,,,
복현서한이다음,1996,12500,2009,9,8,84.97,10,복현동,539-110,27230,,,
복현시영(1차),1982,6800,2009,9,8,49.135,1,복현동,320-1,27230,,,
부영3차,2002,8600,2009,9,8,60.2153,16,구암동,787-3,27230,,,
부영3차,2002,14000,2009,9,8,81.1563,17,구암동,787-3,27230,,,
부영5차,2003,10940,2009,9,8,81.1718,5,구암동,789,27230,,,
부영5차,2003,8240,2009,9,8,59.8488,5,구암동,789,27230,,,
부영5차,2003,10940,2009,9,8,81.1718,3,구암동,789,27230,,,
부영5차,2003,10721,2009,9,8,81.1718,1,구암동,789,27230,,,
부영5차,2003,10940,2009,9,8,81.1718,14,구암동,789,27230,,,
부영5차,2003,10831,2009,9,8,81.1718,2,구암동,789,27230,,,
부영5차,2003,8240,2009,9,8,59.8488,7,구암동,789,27230,,,
부영5차,2003,10940,2009,9,8,81.1718,18,구암동,789,27230,,,
부영5차,2003,10940,2009,9,8,81.1718,18,구암동,789,27230,,,
부영5차,2003,10940,2009,9,8,81.1718,17,구암동,789,27230,,,
부영5차,2003,10940,2009,9,8,81.1718,17,구암동,789,27230,,,
부영5차,2003,10940,2009,9,8,81.1718,16,구암동,789,27230,,,
부영5차,2003,10940,2009,9,8,81.1718,15,구암동,789,27230,,,
부영5차,2003,10940,2009,9,8,81.1718,15,구암동,789,27230,,,
부영5차,2003,10940,2009,9,8,81.1718,13,구암동,789,27230,,,
부영5차,2003,10940,2009,9,8,81.1718,12,구암동,789,27230,,,
부영5차,2003,10940,2009,9,8,81.1718,10,구암동,789,27230,,,
부영5차,2003,10940,2009,9,8,81.1718,9,구암동,789,27230,,,
부영5차,2003,10940,2009,9,8,81.1718,8,구암동,789,27230,,,
부영5차,2003,10940,2009,9,8,81.1718,8,구암동,789,27230,,,
부영5차,2003,10940,2009,9,8,81.1718,7,구암동,789,27230,,,
부영5차,2003,10940,2009,9,8,81.1718,4,구암동,789,27230,,,
부영5차,2003,10940,2009,9,8,81.1718,4,구암동,789,27230,,,
부영5차,2003,10940,2009,9,8,81.1718,3,구암동,789,27230,,,
부영5차,2003,10721,2009,9,8,81.1718,1,구암동,789,27230,,,
부영5차,2003,10940,2009,9,8,81.1718,18,구암동,789,27230,,,
부영5차,2003,8240,2009,9,8,59.8488,13,구암동,789,27230,,,
부영5차,2003,10940,2009,9,8,81.1718,18,구암동,789,27230,,,
부영5차,2003,10940,2009,9,8,81.1718,17,구암동,789,27230,,,
부영5차,2003,10940,2009,9,8,81.1718,17,구암동,789,27230,,,
부영5차,2003,10940,2009,9,8,81.1718,16,구암동,789,27230,,,
부영5차,2003,10940,2009,9,8,81.1718,16,구암동,789,27230,,,
부영5차,2003,10940,2009,9,8,81.1718,15,구암동,789,27230,,,
부영5차,2003,10940,2009,9,8,81.1718,15,구암동,789,27230,,,
부영5차,2003,10940,2009,9,8,81.1718,14,구암동,789,27230,,,
부영5차,2003,10940,2009,9,8,81.1718,14,구암동,789,27230,,,
부영5차,2003,10940,2009,9,8,81.1718,13,구암동,789,27230,,,
부영5차,2003,10940,2009,9,8,81.1718,13,구암동,789,27230,,,
부영5차,2003,10940,2009,9,8,81.1718,12,구암동,789,27230,,,
부영5차,2003,10940,2009,9,8,81.1718,12,구암동,789,27230,,,
부영5차,2003,10940,2009,9,8,81.1718,10,구암동,789,27230,,,
부영5차,2003,10940,2009,9,8,81.1718,9,구암동,789,27230,,,
부영5차,2003,10940,2009,9,8,81.1718,8,구암동,789,27230,,,
부영5차,2003,10940,2009,9,8,81.1718,6,구암동,789,27230,,,
부영5차,2003,10940,2009,9,8,81.1718,6,구암동,789,27230,,,
부영5차,2003,10940,2009,9,8,81.1718,5,구암동,789,27230,,,
부영5차,2003,10940,2009,9,8,81.1718,5,구암동,789,27230,,,
부영5차,2003,10940,2009,9,8,81.1718,3,구암동,789,27230,,,
부영5차,2003,8240,2009,9,8,59.8488,16,구암동,789,27230,,,
부영5차,2003,8240,2009,9,8,59.8488,15,구암동,789,27230,,,
부영5차,2003,8240,2009,9,8,59.8488,8,구암동,789,27230,,,
부영5차,2003,8240,2009,9,8,59.8488,8,구암동,789,27230,,,
부영5차,2003,8240,2009,9,8,59.8488,8,구암동,789,27230,,,
부영5차,2003,8240,2009,9,8,59.8488,7,구암동,789,27230,,,
부영5차,2003,8240,2009,9,8,59.8488,6,구암동,789,27230,,,
부영5차,2003,8240,2009,9,8,59.8488,4,구암동,789,27230,,,
부영5차,2003,8240,2009,9,8,59.8488,4,구암동,789,27230,,,
부영5차,2003,8075,2009,9,8,59.8488,1,구암동,789,27230,,,
부영5차,2003,10940,2009,9,8,81.1718,17,구암동,789,27230,,,
부영5차,2003,10940,2009,9,8,81.1718,17,구암동,789,27230,,,
부영5차,2003,10940,2009,9,8,81.1718,16,구암동,789,27230,,,
부영5차,2003,10940,2009,9,8,81.1718,15,구암동,789,27230,,,
부영5차,2003,10940,2009,9,8,81.1718,14,구암동,789,27230,,,
부영5차,2003,10940,2009,9,8,81.1718,13,구암동,789,27230,,,
부영5차,2003,10940,2009,9,8,81.1718,12,구암동,789,27230,,,
부영5차,2003,10940,2009,9,8,81.1718,11,구암동,789,27230,,,
부영5차,2003,10940,2009,9,8,81.1718,10,구암동,789,27230,,,
부영5차,2003,10940,2009,9,8,81.1718,10,구암동,789,27230,,,
부영5차,2003,10940,2009,9,8,81.1718,10,구암동,789,27230,,,
부영5차,2003,10940,2009,9,8,81.1718,9,구암동,789,27230,,,
부영5차,2003,10940,2009,9,8,81.1718,9,구암동,789,27230,,,
부영5차,2003,10940,2009,9,8,81.1718,8,구암동,789,27230,,,
부영5차,2003,10940,2009,9,8,81.1718,8,구암동,789,27230,,,
부영5차,2003,10940,2009,9,8,81.1718,7,구암동,789,27230,,,
부영5차,2003,10940,2009,9,8,81.1718,3,구암동,789,27230,,,
부영5차,2003,10940,2009,9,8,81.1718,7,구암동,789,27230,,,
부영5차,2003,10940,2009,9,8,81.1718,4,구암동,789,27230,,,
부영5차,2003,10721,2009,9,8,81.1718,1,구암동,789,27230,,,
부영5차,2003,10940,2009,9,8,81.1718,18,구암동,789,27230,,,
부영5차,2003,10940,2009,9,8,81.1718,17,구암동,789,27230,,,
부영5차,2003,10940,2009,9,8,81.1718,16,구암동,789,27230,,,
부영5차,2003,10940,2009,9,8,81.1718,16,구암동,789,27230,,,
부영5차,2003,10940,2009,9,8,81.1718,15,구암동,789,27230,,,
부영5차,2003,10940,2009,9,8,81.1718,15,구암동,789,27230,,,
부영5차,2003,10940,2009,9,8,81.1718,14,구암동,789,27230,,,
부영5차,2003,10940,2009,9,8,81.1718,12,구암동,789,27230,,,
부영5차,2003,10940,2009,9,8,81.1718,10,구암동,789,27230,,,
부영5차,2003,10940,2009,9,8,81.1718,9,구암동,789,27230,,,
부영5차,2003,10940,2009,9,8,81.1718,9,구암동,789,27230,,,
부영5차,2003,10940,2009,9,8,81.1718,8,구암동,789,27230,,,
부영5차,2003,10940,2009,9,8,81.1718,8,구암동,789,27230,,,
부영5차,2003,10940,2009,9,8,81.1718,7,구암동,789,27230,,,
부영5차,2003,10940,2009,9,8,81.1718,5,구암동,789,27230,,,
부영5차,2003,10940,2009,9,8,81.1718,4,구암동,789,27230,,,
부영5차,2003,10721,2009,9,8,81.1718,1,구암동,789,27230,,,
부영5차,2003,8240,2009,9,8,59.8488,17,구암동,789,27230,,,
부영5차,2003,8240,2009,9,8,59.8488,15,구암동,789,27230,,,
부영5차,2003,8240,2009,9,8,59.8488,13,구암동,789,27230,,,
부영5차,2003,8240,2009,9,8,59.8488,12,구암동,789,27230,,,
부영5차,2003,8240,2009,9,8,59.8488,11,구암동,789,27230,,,
부영5차,2003,8240,2009,9,8,59.8488,11,구암동,789,27230,,,
부영5차,2003,8240,2009,9,8,59.8488,11,구암동,789,27230,,,
부영5차,2003,8240,2009,9,8,59.8488,7,구암동,789,27230,,,
부영5차,2003,8158,2009,9,8,59.8488,2,구암동,789,27230,,,
부영5차,2003,10940,2009,9,8,81.1718,15,구암동,789,27230,,,
부영5차,2003,10940,2009,9,8,81.1718,14,구암동,789,27230,,,
부영5차,2003,10940,2009,9,8,81.1718,14,구암동,789,27230,,,
부영5차,2003,10940,2009,9,8,81.1718,13,구암동,789,27230,,,
부영5차,2003,10940,2009,9,8,81.1718,11,구암동,789,27230,,,
부영5차,2003,10940,2009,9,8,81.1718,11,구암동,789,27230,,,
부영5차,2003,10940,2009,9,8,81.1718,10,구암동,789,27230,,,
부영5차,2003,10940,2009,9,8,81.1718,10,구암동,789,27230,,,
부영5차,2003,10940,2009,9,8,81.1718,7,구암동,789,27230,,,
부영5차,2003,10940,2009,9,8,81.1718,6,구암동,789,27230,,,
부영5차,2003,10940,2009,9,8,81.1718,6,구암동,789,27230,,,
부영5차,2003,10940,2009,9,8,81.1718,5,구암동,789,27230,,,
부영5차,2003,10940,2009,9,8,81.1718,5,구암동,789,27230,,,
부영5차,2003,10940,2009,9,8,81.1718,3,구암동,789,27230,,,
부영5차,2003,10831,2009,9,8,81.1718,2,구암동,789,27230,,,
부영5차,2003,8240,2009,9,8,59.8488,16,구암동,789,27230,,,
부영5차,2003,8240,2009,9,8,59.8488,13,구암동,789,27230,,,
부영5차,2003,8240,2009,9,8,59.8488,11,구암동,789,27230,,,
부영5차,2003,8240,2009,9,8,59.8488,9,구암동,789,27230,,,
부영5차,2003,8240,2009,9,8,59.8488,9,구암동,789,27230,,,
부영5차,2003,8240,2009,9,8,59.8488,9,구암동,789,27230,,,
부영5차,2003,8240,2009,9,8,59.8488,9,구암동,789,27230,,,
부영5차,2003,8240,2009,9,8,59.8488,7,구암동,789,27230,,,
부영5차,2003,8240,2009,9,8,59.8488,5,구암동,789,27230,,,
부영5차,2003,8240,2009,9,8,59.8488,5,구암동,789,27230,,,
부영5차,2003,8240,2009,9,8,59.8488,4,구암동,789,27230,,,
부영7차,2003,10960,2009,9,8,81.1718,11,구암동,789-2,27230,,,
부영7차,2003,8260,2009,9,8,59.8488,3,구암동,789-2,27230,,,
부영7차,2003,10960,2009,9,8,81.1718,16,구암동,789-2,27230,,,
부영7차,2003,10960,2009,9,8,81.1718,15,구암동,789-2,27230,,,
부영7차,2003,10960,2009,9,8,81.1718,14,구암동,789-2,27230,,,
부영7차,2003,10960,2009,9,8,81.1718,12,구암동,789-2,27230,,,
부영7차,2003,10960,2009,9,8,81.1718,12,구암동,789-2,27230,,,
부영7차,2003,10960,2009,9,8,81.1718,11,구암동,789-2,27230,,,
부영7차,2003,10960,2009,9,8,81.1718,11,구암동,789-2,27230,,,
부영7차,2003,10960,2009,9,8,81.1718,8,구암동,789-2,27230,,,
부영7차,2003,10960,2009,9,8,81.1718,7,구암동,789-2,27230,,,
부영7차,2003,10960,2009,9,8,81.1718,5,구암동,789-2,27230,,,
부영7차,2003,10960,2009,9,8,81.1718,3,구암동,789-2,27230,,,
부영7차,2003,10741,2009,9,8,81.1718,1,구암동,789-2,27230,,,
부영7차,2003,10960,2009,9,8,81.1718,16,구암동,789-2,27230,,,
부영7차,2003,10960,2009,9,8,81.1718,14,구암동,789-2,27230,,,
부영7차,2003,10960,2009,9,8,81.1718,11,구암동,789-2,27230,,,
부영7차,2003,10960,2009,9,8,81.1718,11,구암동,789-2,27230,,,
부영7차,2003,10960,2009,9,8,81.1718,9,구암동,789-2,27230,,,
부영7차,2003,10960,2009,9,8,81.1718,8,구암동,789-2,27230,,,
부영7차,2003,10960,2009,9,8,81.1718,6,구암동,789-2,27230,,,
부영7차,2003,10960,2009,9,8,81.1718,6,구암동,789-2,27230,,,
부영7차,2003,10960,2009,9,8,81.1718,5,구암동,789-2,27230,,,
부영7차,2003,8260,2009,9,8,59.8488,18,구암동,789-2,27230,,,
부영7차,2003,8260,2009,9,8,59.8488,17,구암동,789-2,27230,,,
부영7차,2003,8260,2009,9,8,59.8488,16,구암동,789-2,27230,,,
부영7차,2003,8260,2009,9,8,59.8488,15,구암동,789-2,27230,,,
부영7차,2003,8260,2009,9,8,59.8488,13,구암동,789-2,27230,,,
부영7차,2003,8260,2009,9,8,59.8488,11,구암동,789-2,27230,,,
부영7차,2003,8260,2009,9,8,59.8488,8,구암동,789-2,27230,,,
부영7차,2003,8260,2009,9,8,59.8488,7,구암동,789-2,27230,,,
부영7차,2003,8260,2009,9,8,59.8488,6,구암동,789-2,27230,,,
부영7차,2003,8260,2009,9,8,59.8488,5,구암동,789-2,27230,,,
부영7차,2003,8260,2009,9,8,59.8488,4,구암동,789-2,27230,,,
부영7차,2003,8177,2009,9,8,59.8488,2,구암동,789-2,27230,,,
부영7차,2003,8177,2009,9,8,59.8488,2,구암동,789-2,27230,,,
부영7차,2003,8177,2009,9,8,59.8488,2,구암동,789-2,27230,,,
부영7차,2003,8095,2009,9,8,59.8488,1,구암동,789-2,27230,,,
부영7차,2003,10960,2009,9,8,81.1718,16,구암동,789-2,27230,,,
부영7차,2003,10960,2009,9,8,81.1718,15,구암동,789-2,27230,,,
부영7차,2003,10960,2009,9,8,81.1718,15,구암동,789-2,27230,,,
부영7차,2003,10960,2009,9,8,81.1718,14,구암동,789-2,27230,,,
부영7차,2003,10960,2009,9,8,81.1718,11,구암동,789-2,27230,,,
부영7차,2003,10960,2009,9,8,81.1718,11,구암동,789-2,27230,,,
부영7차,2003,10960,2009,9,8,81.1718,10,구암동,789-2,27230,,,
부영7차,2003,10960,2009,9,8,81.1718,8,구암동,789-2,27230,,,
부영7차,2003,10960,2009,9,8,81.1718,7,구암동,789-2,27230,,,
부영7차,2003,10960,2009,9,8,81.1718,6,구암동,789-2,27230,,,
부영7차,2003,10741,2009,9,8,81.1718,1,구암동,789-2,27230,,,
부영7차,2003,10960,2009,9,8,81.1718,17,구암동,789-2,27230,,,
부영7차,2003,10960,2009,9,8,81.1718,16,구암동,789-2,27230,,,
부영7차,2003,10960,2009,9,8,81.1718,16,구암동,789-2,27230,,,
부영7차,2003,10960,2009,9,8,81.1718,15,구암동,789-2,27230,,,
부영7차,2003,10960,2009,9,8,81.1718,15,구암동,789-2,27230,,,
부영7차,2003,10960,2009,9,8,81.1718,14,구암동,789-2,27230,,,
부영7차,2003,10960,2009,9,8,81.1718,14,구암동,789-2,27230,,,
부영7차,2003,10960,2009,9,8,81.1718,13,구암동,789-2,27230,,,
부영7차,2003,10960,2009,9,8,81.1718,12,구암동,789-2,27230,,,
부영7차,2003,10960,2009,9,8,81.1718,11,구암동,789-2,27230,,,
부영7차,2003,10960,2009,9,8,81.1718,11,구암동,789-2,27230,,,
부영7차,2003,10960,2009,9,8,81.1718,10,구암동,789-2,27230,,,
부영7차,2003,10960,2009,9,8,81.1718,6,구암동,789-2,27230,,,
부영7차,2003,10960,2009,9,8,81.1718,4,구암동,789-2,27230,,,
부영7차,2003,10960,2009,9,8,81.1718,3,구암동,789-2,27230,,,
부영7차,2003,10960,2009,9,8,81.1718,3,구암동,789-2,27230,,,
부영7차,2003,8260,2009,9,8,59.8488,16,구암동,789-2,27230,,,
부영7차,2003,8260,2009,9,8,59.8488,14,구암동,789-2,27230,,,
부영7차,2003,8260,2009,9,8,59.8488,13,구암동,789-2,27230,,,
부영7차,2003,8260,2009,9,8,59.8488,10,구암동,789-2,27230,,,
부영7차,2003,8260,2009,9,8,59.8488,10,구암동,789-2,27230,,,
부영7차,2003,8260,2009,9,8,59.8488,10,구암동,789-2,27230,,,
부영7차,2003,8260,2009,9,8,59.8488,6,구암동,789-2,27230,,,
부영7차,2003,8260,2009,9,8,59.8488,6,구암동,789-2,27230,,,
부영7차,2003,8260,2009,9,8,59.8488,4,구암동,789-2,27230,,,
부영7차,2003,8260,2009,9,8,59.8488,4,구암동,789-2,27230,,,
부영7차,2003,8177,2009,9,8,59.8488,2,구암동,789-2,27230,,,
부영7차,2003,10960,2009,9,8,81.1718,18,구암동,789-2,27230,,,
부영7차,2003,10960,2009,9,8,81.1718,17,구암동,789-2,27230,,,
부영7차,2003,10960,2009,9,8,81.1718,16,구암동,789-2,27230,,,
부영7차,2003,10960,2009,9,8,81.1718,15,구암동,789-2,27230,,,
부영7차,2003,10960,2009,9,8,81.1718,11,구암동,789-2,27230,,,
부영7차,2003,10960,2009,9,8,81.1718,11,구암동,789-2,27230,,,
부영7차,2003,10960,2009,9,8,81.1718,9,구암동,789-2,27230,,,
부영7차,2003,10960,2009,9,8,81.1718,8,구암동,789-2,27230,,,
부영7차,2003,10960,2009,9,8,81.1718,8,구암동,789-2,27230,,,
부영7차,2003,10960,2009,9,8,81.1718,8,구암동,789-2,27230,,,
부영7차,2003,10960,2009,9,8,81.1718,7,구암동,789-2,27230,,,
부영7차,2003,10960,2009,9,8,81.1718,6,구암동,789-2,27230,,,
부영7차,2003,10960,2009,9,8,81.1718,5,구암동,789-2,27230,,,
부영7차,2003,10850,2009,9,8,81.1718,2,구암동,789-2,27230,,,
부영7차,2003,10850,2009,9,8,81.1718,2,구암동,789-2,27230,,,
부영7차,2003,10850,2009,9,8,81.1718,2,구암동,789-2,27230,,,
부영7차,2003,10960,2009,9,8,81.1718,18,구암동,789-2,27230,,,
부영7차,2003,10960,2009,9,8,81.1718,18,구암동,789-2,27230,,,
부영7차,2003,10960,2009,9,8,81.1718,14,구암동,789-2,27230,,,
부영7차,2003,10960,2009,9,8,81.1718,13,구암동,789-2,27230,,,
부영7차,2003,10960,2009,9,8,81.1718,12,구암동,789-2,27230,,,
부영7차,2003,10960,2009,9,8,81.1718,11,구암동,789-2,27230,,,
부영7차,2003,10960,2009,9,8,81.1718,10,구암동,789-2,27230,,,
부영7차,2003,10960,2009,9,8,81.1718,9,구암동,789-2,27230,,,
부영7차,2003,10960,2009,9,8,81.1718,8,구암동,789-2,27230,,,
부영7차,2003,10960,2009,9,8,81.1718,8,구암동,789-2,27230,,,
부영7차,2003,10960,2009,9,8,81.1718,7,구암동,789-2,27230,,,
부영7차,2003,10960,2009,9,8,81.1718,7,구암동,789-2,27230,,,
부영7차,2003,10960,2009,9,8,81.1718,6,구암동,789-2,27230,,,
부영7차,2003,10741,2009,9,8,81.1718,1,구암동,789-2,27230,,,
부영7차,2003,10960,2009,9,8,81.1718,3,구암동,789-2,27230,,,
산격거평,1998,12600,2009,9,8,84.979,11,산격동,615-22,27230,,,
산격대우,1999,12400,2009,9,8,59.87,8,산격동,500-1,27230,,,
산격대우,1999,8000,2009,9,8,43.225,15,산격동,500-1,27230,,,
산격보성,1980,4500,2009,9,8,40.09,5,산격동,493,27230,,,
서변청아람,2003,12700,2009,9,8,84.8212,15,서변동,1724,27230,,,
청구타운,1995,14300,2009,9,8,84.925,15,침산동,431-2,27230,,,
칠곡2영남타운,1996,8800,2009,9,8,60,4,동천동,880-1,27230,,,
칠곡2차한라하우젠트,2007,18200,2009,9,8,84.9803,4,학정동,982,27230,,,
칠곡동화타운,2000,8800,2009,9,8,59.9037,7,관음동,1383-1,27230,,,
칠곡보성,1992,9900,2009,9,8,84.98,12,읍내동,1366-2,27230,,,
칠곡한라타운2,1995,7730,2009,9,8,59.7,7,구암동,695,27230,,,
침산1차푸르지오(2-2),2005,22200,2009,9,8,84.98,7,칠성동2가,2-2,27230,,,
침산쌍용,1999,19000,2009,9,8,134.92,4,침산동,400-1,27230,,,
코오롱하늘채2단지,2006,41200,2009,9,8,178.6726,11,침산동,105-1,27230,,,
공작한양,1993,11670,2009,9,9,88.855,11,읍내동,1366-1,27230,,,
그린빌6단지,2002,8650,2009,9,9,51.95,5,국우동,1080,27230,,,
노원드림뷰,2003,12900,2009,9,9,84.7714,7,노원동2가,227,27230,,,
대백인터빌,2002,21100,2009,9,9,134.85,3,팔달동,145,27230,,,
대현e-편한세상,2008,30400,2009,9,9,112.4197,5,대현동,521,27230,,,
대현e-편한세상,2008,35700,2009,9,9,128.2637,9,대현동,521,27230,,,
동서변월드메르디앙,2005,18700,2009,9,9,105.09,3,서변동,1795,27230,,,
동화훼밀리타운,2003,17350,2009,9,9,84.7044,7,관음동,1386,27230,,,
보성서한타운,1995,5670,2009,9,9,42.68,13,동천동,872,27230,,,
복현대백맨션,1996,9400,2009,9,9,59.94,16,복현동,539-111,27230,,,
부영5차,2003,13900,2009,9,9,81.1718,6,구암동,789,27230,,,
부영5차,2003,10940,2009,9,9,81.1718,3,구암동,789,27230,,,
부영5차,2003,10940,2009,9,9,81.1718,11,구암동,789,27230,,,
부영5차,2003,10940,2009,9,9,81.1718,17,구암동,789,27230,,,
부영5차,2003,10940,2009,9,9,81.1718,12,구암동,789,27230,,,
부영5차,2003,10940,2009,9,9,81.1718,17,구암동,789,27230,,,
부영5차,2003,10940,2009,9,9,81.1718,16,구암동,789,27230,,,
부영5차,2003,10940,2009,9,9,81.1718,12,구암동,789,27230,,,
부영5차,2003,10940,2009,9,9,81.1718,11,구암동,789,27230,,,
부영5차,2003,10940,2009,9,9,81.1718,9,구암동,789,27230,,,
부영5차,2003,10940,2009,9,9,81.1718,8,구암동,789,27230,,,
부영5차,2003,10940,2009,9,9,81.1718,6,구암동,789,27230,,,
부영5차,2003,10940,2009,9,9,81.1718,6,구암동,789,27230,,,
부영5차,2003,10721,2009,9,9,81.1718,1,구암동,789,27230,,,
부영5차,2003,10940,2009,9,9,81.1718,18,구암동,789,27230,,,
부영5차,2003,10940,2009,9,9,81.1718,17,구암동,789,27230,,,
부영5차,2003,10940,2009,9,9,81.1718,14,구암동,789,27230,,,
부영5차,2003,10940,2009,9,9,81.1718,13,구암동,789,27230,,,
부영5차,2003,10940,2009,9,9,81.1718,13,구암동,789,27230,,,
부영5차,2003,10940,2009,9,9,81.1718,11,구암동,789,27230,,,
부영5차,2003,10940,2009,9,9,81.1718,9,구암동,789,27230,,,
부영5차,2003,10940,2009,9,9,81.1718,9,구암동,789,27230,,,
부영5차,2003,10940,2009,9,9,81.1718,8,구암동,789,27230,,,
부영5차,2003,10940,2009,9,9,81.1718,7,구암동,789,27230,,,
부영5차,2003,10940,2009,9,9,81.1718,5,구암동,789,27230,,,
부영5차,2003,10940,2009,9,9,81.1718,3,구암동,789,27230,,,
부영5차,2003,10831,2009,9,9,81.1718,2,구암동,789,27230,,,
부영5차,2003,8240,2009,9,9,59.8488,12,구암동,789,27230,,,
부영5차,2003,8240,2009,9,9,59.8488,11,구암동,789,27230,,,
부영5차,2003,8240,2009,9,9,59.8488,8,구암동,789,27230,,,
부영5차,2003,8240,2009,9,9,59.8488,3,구암동,789,27230,,,
부영5차,2003,10940,2009,9,9,81.1718,16,구암동,789,27230,,,
부영5차,2003,10940,2009,9,9,81.1718,16,구암동,789,27230,,,
부영5차,2003,10940,2009,9,9,81.1718,14,구암동,789,27230,,,
부영5차,2003,10940,2009,9,9,81.1718,12,구암동,789,27230,,,
부영5차,2003,10940,2009,9,9,81.1718,12,구암동,789,27230,,,
부영5차,2003,10940,2009,9,9,81.1718,12,구암동,789,27230,,,
부영5차,2003,10940,2009,9,9,81.1718,7,구암동,789,27230,,,
부영5차,2003,10940,2009,9,9,81.1718,6,구암동,789,27230,,,
부영5차,2003,10940,2009,9,9,81.1718,6,구암동,789,27230,,,
부영5차,2003,10940,2009,9,9,81.1718,5,구암동,789,27230,,,
부영5차,2003,10940,2009,9,9,81.1718,5,구암동,789,27230,,,
부영5차,2003,10940,2009,9,9,81.1718,5,구암동,789,27230,,,
부영5차,2003,10940,2009,9,9,81.1718,4,구암동,789,27230,,,
부영5차,2003,10940,2009,9,9,81.1718,3,구암동,789,27230,,,
부영5차,2003,10831,2009,9,9,81.1718,2,구암동,789,27230,,,
부영5차,2003,10831,2009,9,9,81.1718,2,구암동,789,27230,,,
부영5차,2003,10721,2009,9,9,81.1718,1,구암동,789,27230,,,
부영5차,2003,10940,2009,9,9,81.1718,19,구암동,789,27230,,,
부영5차,2003,10940,2009,9,9,81.1718,19,구암동,789,27230,,,
부영5차,2003,10940,2009,9,9,81.1718,16,구암동,789,27230,,,
부영5차,2003,10940,2009,9,9,81.1718,13,구암동,789,27230,,,
부영5차,2003,10940,2009,9,9,81.1718,12,구암동,789,27230,,,
부영5차,2003,10940,2009,9,9,81.1718,12,구암동,789,27230,,,
부영5차,2003,10940,2009,9,9,81.1718,11,구암동,789,27230,,,
부영5차,2003,10940,2009,9,9,81.1718,8,구암동,789,27230,,,
부영5차,2003,10940,2009,9,9,81.1718,5,구암동,789,27230,,,
부영5차,2003,8240,2009,9,9,59.8488,14,구암동,789,27230,,,
부영5차,2003,10940,2009,9,9,81.1718,7,구암동,789,27230,,,
부영5차,2003,10940,2009,9,9,81.1718,6,구암동,789,27230,,,
부영5차,2003,10940,2009,9,9,81.1718,5,구암동,789,27230,,,
부영5차,2003,10940,2009,9,9,81.1718,4,구암동,789,27230,,,
부영5차,2003,10940,2009,9,9,81.1718,3,구암동,789,27230,,,
부영5차,2003,10831,2009,9,9,81.1718,2,구암동,789,27230,,,
부영5차,2003,10831,2009,9,9,81.1718,2,구암동,789,27230,,,
부영5차,2003,8240,2009,9,9,59.8488,10,구암동,789,27230,,,
부영5차,2003,10721,2009,9,9,81.1718,1,구암동,789,27230,,,
부영5차,2003,8240,2009,9,9,59.8488,10,구암동,789,27230,,,
부영5차,2003,8240,2009,9,9,59.8488,6,구암동,789,27230,,,
부영5차,2003,10721,2009,9,9,81.1718,1,구암동,789,27230,,,
부영5차,2003,8240,2009,9,9,59.8488,15,구암동,789,27230,,,
부영5차,2003,8240,2009,9,9,59.8488,6,구암동,789,27230,,,
부영5차,2003,8240,2009,9,9,59.8488,18,구암동,789,27230,,,
부영5차,2003,8240,2009,9,9,59.8488,4,구암동,789,27230,,,
부영5차,2003,8240,2009,9,9,59.8488,18,구암동,789,27230,,,
부영5차,2003,8240,2009,9,9,59.8488,13,구암동,789,27230,,,
부영5차,2003,8240,2009,9,9,59.8488,3,구암동,789,27230,,,
부영5차,2003,8240,2009,9,9,59.8488,18,구암동,789,27230,,,
부영5차,2003,8240,2009,9,9,59.8488,12,구암동,789,27230,,,
부영5차,2003,8158,2009,9,9,59.8488,2,구암동,789,27230,,,
부영5차,2003,10940,2009,9,9,81.1718,17,구암동,789,27230,,,
부영5차,2003,8240,2009,9,9,59.8488,17,구암동,789,27230,,,
부영5차,2003,10940,2009,9,9,81.1718,16,구암동,789,27230,,,
부영5차,2003,8240,2009,9,9,59.8488,12,구암동,789,27230,,,
부영5차,2003,8240,2009,9,9,59.8488,17,구암동,789,27230,,,
부영5차,2003,10940,2009,9,9,81.1718,16,구암동,789,27230,,,
부영5차,2003,8240,2009,9,9,59.8488,17,구암동,789,27230,,,
부영5차,2003,10940,2009,9,9,81.1718,15,구암동,789,27230,,,
부영5차,2003,8240,2009,9,9,59.8488,12,구암동,789,27230,,,
부영5차,2003,10940,2009,9,9,81.1718,14,구암동,789,27230,,,
부영5차,2003,10940,2009,9,9,81.1718,13,구암동,789,27230,,,
부영5차,2003,8240,2009,9,9,59.8488,16,구암동,789,27230,,,
부영5차,2003,8240,2009,9,9,59.8488,7,구암동,789,27230,,,
부영5차,2003,10940,2009,9,9,81.1718,12,구암동,789,27230,,,
부영5차,2003,8240,2009,9,9,59.8488,16,구암동,789,27230,,,
부영5차,2003,10940,2009,9,9,81.1718,12,구암동,789,27230,,,
부영5차,2003,10940,2009,9,9,81.1718,12,구암동,789,27230,,,
부영5차,2003,10940,2009,9,9,81.1718,11,구암동,789,27230,,,
부영5차,2003,8240,2009,9,9,59.8488,7,구암동,789,27230,,,
부영5차,2003,10940,2009,9,9,81.1718,9,구암동,789,27230,,,
부영5차,2003,10940,2009,9,9,81.1718,8,구암동,789,27230,,,
부영5차,2003,10940,2009,9,9,81.1718,8,구암동,789,27230,,,
부영5차,2003,8240,2009,9,9,59.8488,7,구암동,789,27230,,,
부영5차,2003,8240,2009,9,9,59.8488,5,구암동,789,27230,,,
부영5차,2003,8075,2009,9,9,59.8488,1,구암동,789,27230,,,
부영5차,2003,8240,2009,9,9,59.8488,3,구암동,789,27230,,,
부영7차,2003,8260,2009,9,9,59.8488,9,구암동,789-2,27230,,,
부영7차,2003,10960,2009,9,9,81.1718,17,구암동,789-2,27230,,,
부영7차,2003,10960,2009,9,9,81.1718,11,구암동,789-2,27230,,,
부영7차,2003,8260,2009,9,9,59.8488,12,구암동,789-2,27230,,,
부영7차,2003,8260,2009,9,9,59.8488,10,구암동,789-2,27230,,,
부영7차,2003,10960,2009,9,9,81.1718,11,구암동,789-2,27230,,,
부영7차,2003,10960,2009,9,9,81.1718,16,구암동,789-2,27230,,,
부영7차,2003,10960,2009,9,9,81.1718,16,구암동,789-2,27230,,,
부영7차,2003,10960,2009,9,9,81.1718,15,구암동,789-2,27230,,,
부영7차,2003,10960,2009,9,9,81.1718,13,구암동,789-2,27230,,,
부영7차,2003,10960,2009,9,9,81.1718,12,구암동,789-2,27230,,,
부영7차,2003,10960,2009,9,9,81.1718,10,구암동,789-2,27230,,,
부영7차,2003,10960,2009,9,9,81.1718,8,구암동,789-2,27230,,,
부영7차,2003,10960,2009,9,9,81.1718,6,구암동,789-2,27230,,,
부영7차,2003,10960,2009,9,9,81.1718,5,구암동,789-2,27230,,,
부영7차,2003,10960,2009,9,9,81.1718,5,구암동,789-2,27230,,,
부영7차,2003,10960,2009,9,9,81.1718,4,구암동,789-2,27230,,,
부영7차,2003,10960,2009,9,9,81.1718,4,구암동,789-2,27230,,,
부영7차,2003,10960,2009,9,9,81.1718,3,구암동,789-2,27230,,,
부영7차,2003,10850,2009,9,9,81.1718,2,구암동,789-2,27230,,,
부영7차,2003,10960,2009,9,9,81.1718,15,구암동,789-2,27230,,,
부영7차,2003,10960,2009,9,9,81.1718,15,구암동,789-2,27230,,,
부영7차,2003,10960,2009,9,9,81.1718,14,구암동,789-2,27230,,,
부영7차,2003,10960,2009,9,9,81.1718,13,구암동,789-2,27230,,,
부영7차,2003,10960,2009,9,9,81.1718,12,구암동,789-2,27230,,,
부영7차,2003,10960,2009,9,9,81.1718,10,구암동,789-2,27230,,,
부영7차,2003,10960,2009,9,9,81.1718,4,구암동,789-2,27230,,,
부영7차,2003,10741,2009,9,9,81.1718,1,구암동,789-2,27230,,,
부영7차,2003,8260,2009,9,9,59.8488,18,구암동,789-2,27230,,,
부영7차,2003,8260,2009,9,9,59.8488,17,구암동,789-2,27230,,,
부영7차,2003,8260,2009,9,9,59.8488,15,구암동,789-2,27230,,,
부영7차,2003,8260,2009,9,9,59.8488,14,구암동,789-2,27230,,,
부영7차,2003,8260,2009,9,9,59.8488,12,구암동,789-2,27230,,,
부영7차,2003,8260,2009,9,9,59.8488,12,구암동,789-2,27230,,,
부영7차,2003,8260,2009,9,9,59.8488,11,구암동,789-2,27230,,,
부영7차,2003,8260,2009,9,9,59.8488,8,구암동,789-2,27230,,,
부영7차,2003,8260,2009,9,9,59.8488,7,구암동,789-2,27230,,,
부영7차,2003,8260,2009,9,9,59.8488,4,구암동,789-2,27230,,,
부영7차,2003,10960,2009,9,9,81.1718,16,구암동,789-2,27230,,,
부영7차,2003,10960,2009,9,9,81.1718,13,구암동,789-2,27230,,,
부영7차,2003,10960,2009,9,9,81.1718,11,구암동,789-2,27230,,,
부영7차,2003,10960,2009,9,9,81.1718,10,구암동,789-2,27230,,,
부영7차,2003,10960,2009,9,9,81.1718,9,구암동,789-2,27230,,,
부영7차,2003,10960,2009,9,9,81.1718,9,구암동,789-2,27230,,,
부영7차,2003,10960,2009,9,9,81.1718,8,구암동,789-2,27230,,,
부영7차,2003,10960,2009,9,9,81.1718,14,구암동,789-2,27230,,,
부영7차,2003,10960,2009,9,9,81.1718,12,구암동,789-2,27230,,,
부영7차,2003,10850,2009,9,9,81.1718,2,구암동,789-2,27230,,,
부영7차,2003,10960,2009,9,9,81.1718,10,구암동,789-2,27230,,,
부영7차,2003,10960,2009,9,9,81.1718,9,구암동,789-2,27230,,,
부영7차,2003,10960,2009,9,9,81.1718,7,구암동,789-2,27230,,,
부영7차,2003,10960,2009,9,9,81.1718,6,구암동,789-2,27230,,,
부영7차,2003,10960,2009,9,9,81.1718,5,구암동,789-2,27230,,,
부영7차,2003,10960,2009,9,9,81.1718,5,구암동,789-2,27230,,,
부영7차,2003,10850,2009,9,9,81.1718,2,구암동,789-2,27230,,,
부영7차,2003,8260,2009,9,9,59.8488,16,구암동,789-2,27230,,,
부영7차,2003,8260,2009,9,9,59.8488,15,구암동,789-2,27230,,,
부영7차,2003,8260,2009,9,9,59.8488,15,구암동,789-2,27230,,,
부영7차,2003,8260,2009,9,9,59.8488,11,구암동,789-2,27230,,,
부영7차,2003,8260,2009,9,9,59.8488,11,구암동,789-2,27230,,,
부영7차,2003,8260,2009,9,9,59.8488,11,구암동,789-2,27230,,,
부영7차,2003,8260,2009,9,9,59.8488,10,구암동,789-2,27230,,,
부영7차,2003,8260,2009,9,9,59.8488,10,구암동,789-2,27230,,,
부영7차,2003,8260,2009,9,9,59.8488,8,구암동,789-2,27230,,,
부영7차,2003,8260,2009,9,9,59.8488,6,구암동,789-2,27230,,,
부영7차,2003,8260,2009,9,9,59.8488,5,구암동,789-2,27230,,,
부영7차,2003,8260,2009,9,9,59.8488,4,구암동,789-2,27230,,,
부영7차,2003,8177,2009,9,9,59.8488,2,구암동,789-2,27230,,,
부영7차,2003,8095,2009,9,9,59.8488,1,구암동,789-2,27230,,,
부영7차,2003,10960,2009,9,9,81.1718,16,구암동,789-2,27230,,,
부영7차,2003,10960,2009,9,9,81.1718,13,구암동,789-2,27230,,,
부영7차,2003,10960,2009,9,9,81.1718,13,구암동,789-2,27230,,,
부영7차,2003,10960,2009,9,9,81.1718,10,구암동,789-2,27230,,,
부영7차,2003,10960,2009,9,9,81.1718,5,구암동,789-2,27230,,,
부영7차,2003,10960,2009,9,9,81.1718,3,구암동,789-2,27230,,,
부영7차,2003,10741,2009,9,9,81.1718,1,구암동,789-2,27230,,,
부영7차,2003,10960,2009,9,9,81.1718,17,구암동,789-2,27230,,,
부영7차,2003,10960,2009,9,9,81.1718,14,구암동,789-2,27230,,,
부영7차,2003,10960,2009,9,9,81.1718,14,구암동,789-2,27230,,,
부영7차,2003,10960,2009,9,9,81.1718,12,구암동,789-2,27230,,,
부영7차,2003,10960,2009,9,9,81.1718,9,구암동,789-2,27230,,,
부영7차,2003,10960,2009,9,9,81.1718,5,구암동,789-2,27230,,,
부영7차,2003,10960,2009,9,9,81.1718,5,구암동,789-2,27230,,,
삼익맨션,1978,9200,2009,9,9,76.66,10,침산동,7-3,27230,,,
삼정그린코아,2005,18000,2009,9,9,84.78,24,침산동,101-1,27230,,,
성창,1987,4500,2009,9,9,42.95,5,관음동,603,27230,,,
영남네오빌블루,2003,12000,2009,9,9,84.7804,1,서변동,1766,27230,,,
영남네오빌아트,2004,18000,2009,9,9,84.8526,2,동천동,913,27230,,,
유니버시아드선수촌2단지,2003,8000,2009,9,9,59.9825,8,동변동,682,27230,,,
유성청구,1992,5500,2009,9,9,47.49,14,검단동,887-8,27230,,,
주공그린빌8,2002,7300,2009,9,9,46.2,7,동변동,679,27230,,,
칠곡동서영남,1995,8450,2009,9,9,59.84,14,구암동,695-1,27230,,,
칠곡보성,1992,9800,2009,9,9,84.98,12,읍내동,1366-2,27230,,,
칠곡한라타운2,1995,7970,2009,9,9,59.7,4,구암동,695,27230,,,
칠곡한서타운,1995,9550,2009,9,9,84.97,3,읍내동,1234-7,27230,,,
침산1차푸르지오(2-5),2005,26500,2009,9,9,96.88,13,칠성동2가,2-5,27230,,,
코스모스한양,1993,7580,2009,9,9,59.82,7,읍내동,1366-3,27230,,,
한신중앙,1993,6200,2009,9,9,47.25,9,태전동,936-1,27230,,,
한신중앙,1993,5900,2009,9,9,47.25,2,태전동,936-1,27230,,,
현대,1996,9300,2009,9,9,59.5575,7,침산동,341-1,27230,,,
화성그랜드파크,2003,18900,2009,9,9,84.9823,7,구암동,785,27230,,,
화성센트럴파크,2003,12600,2009,9,9,59.9402,2,동천동,950,27230,,,
화성파크드림와이드,2008,22450,2009,9,9,84.9898,12,태전동,198,27230,,,
광명,1980,5500,2009,9,10,46.625,3,복현동,368-1,27230,,,
그린빌2차,2001,14500,2009,9,10,84.34,4,구암동,772,27230,,,
그린빌3차,2000,7950,2009,9,10,49.71,14,구암동,786,27230,,,
그린빌6단지,2002,8580,2009,9,10,51.95,4,국우동,1080,27230,,,
동아침산2무지개,1999,10000,2009,9,10,59.76,1,침산동,233-3,27230,,,
동화훼밀리타운,2003,11600,2009,9,10,59.6845,11,관음동,1386,27230,,,
동화훼밀리타운,2003,10800,2009,9,10,59.6845,5,관음동,1386,27230,,,
롯데,1993,9150,2009,9,10,84.99,6,태전동,936,27230,,,
롯데캐슬오페라,2005,19800,2009,9,10,84.91,7,침산동,213-1,27230,,,
부영5차,2003,10940,2009,9,10,81.1718,4,구암동,789,27230,,,
부영5차,2003,10940,2009,9,10,81.1718,16,구암동,789,27230,,,
부영5차,2003,10940,2009,9,10,81.1718,14,구암동,789,27230,,,
부영5차,2003,10940,2009,9,10,81.1718,3,구암동,789,27230,,,
부영5차,2003,8240,2009,9,10,59.8488,15,구암동,789,27230,,,
부영5차,2003,8240,2009,9,10,59.8488,13,구암동,789,27230,,,
부영5차,2003,10940,2009,9,10,81.1718,18,구암동,789,27230,,,
부영5차,2003,10940,2009,9,10,81.1718,16,구암동,789,27230,,,
부영5차,2003,10940,2009,9,10,81.1718,16,구암동,789,27230,,,
부영5차,2003,10940,2009,9,10,81.1718,16,구암동,789,27230,,,
부영5차,2003,10940,2009,9,10,81.1718,12,구암동,789,27230,,,
부영5차,2003,10940,2009,9,10,81.1718,10,구암동,789,27230,,,
부영5차,2003,10940,2009,9,10,81.1718,10,구암동,789,27230,,,
부영5차,2003,10940,2009,9,10,81.1718,8,구암동,789,27230,,,
부영5차,2003,10940,2009,9,10,81.1718,8,구암동,789,27230,,,
부영5차,2003,10940,2009,9,10,81.1718,7,구암동,789,27230,,,
부영5차,2003,10940,2009,9,10,81.1718,7,구암동,789,27230,,,
부영5차,2003,10940,2009,9,10,81.1718,7,구암동,789,27230,,,
부영5차,2003,10940,2009,9,10,81.1718,6,구암동,789,27230,,,
부영5차,2003,10940,2009,9,10,81.1718,6,구암동,789,27230,,,
부영5차,2003,10940,2009,9,10,81.1718,5,구암동,789,27230,,,
부영5차,2003,10831,2009,9,10,81.1718,2,구암동,789,27230,,,
부영5차,2003,10721,2009,9,10,81.1718,1,구암동,789,27230,,,
부영5차,2003,10940,2009,9,10,81.1718,15,구암동,789,27230,,,
부영5차,2003,10940,2009,9,10,81.1718,11,구암동,789,27230,,,
부영5차,2003,10940,2009,9,10,81.1718,13,구암동,789,27230,,,
부영5차,2003,10940,2009,9,10,81.1718,9,구암동,789,27230,,,
부영5차,2003,10940,2009,9,10,81.1718,7,구암동,789,27230,,,
부영5차,2003,10940,2009,9,10,81.1718,5,구암동,789,27230,,,
부영5차,2003,10940,2009,9,10,81.1718,4,구암동,789,27230,,,
부영5차,2003,10940,2009,9,10,81.1718,3,구암동,789,27230,,,
부영5차,2003,10940,2009,9,10,81.1718,3,구암동,789,27230,,,
부영5차,2003,10831,2009,9,10,81.1718,2,구암동,789,27230,,,
부영5차,2003,10721,2009,9,10,81.1718,1,구암동,789,27230,,,
부영5차,2003,10721,2009,9,10,81.1718,1,구암동,789,27230,,,
부영5차,2003,8240,2009,9,10,59.8488,17,구암동,789,27230,,,
부영5차,2003,8240,2009,9,10,59.8488,13,구암동,789,27230,,,
부영5차,2003,8240,2009,9,10,59.8488,13,구암동,789,27230,,,
부영5차,2003,8240,2009,9,10,59.8488,4,구암동,789,27230,,,
부영5차,2003,8240,2009,9,10,59.8488,12,구암동,789,27230,,,
부영5차,2003,8240,2009,9,10,59.8488,10,구암동,789,27230,,,
부영5차,2003,10940,2009,9,10,81.1718,18,구암동,789,27230,,,
부영5차,2003,10940,2009,9,10,81.1718,14,구암동,789,27230,,,
부영5차,2003,10940,2009,9,10,81.1718,14,구암동,789,27230,,,
부영5차,2003,10940,2009,9,10,81.1718,13,구암동,789,27230,,,
부영5차,2003,10940,2009,9,10,81.1718,11,구암동,789,27230,,,
부영5차,2003,10940,2009,9,10,81.1718,10,구암동,789,27230,,,
부영5차,2003,10940,2009,9,10,81.1718,10,구암동,789,27230,,,
부영5차,2003,10940,2009,9,10,81.1718,9,구암동,789,27230,,,
부영5차,2003,10940,2009,9,10,81.1718,9,구암동,789,27230,,,
부영5차,2003,10940,2009,9,10,81.1718,8,구암동,789,27230,,,
부영5차,2003,10940,2009,9,10,81.1718,7,구암동,789,27230,,,
부영5차,2003,10940,2009,9,10,81.1718,6,구암동,789,27230,,,
부영5차,2003,10940,2009,9,10,81.1718,3,구암동,789,27230,,,
부영5차,2003,10940,2009,9,10,81.1718,18,구암동,789,27230,,,
부영5차,2003,10940,2009,9,10,81.1718,17,구암동,789,27230,,,
부영5차,2003,10940,2009,9,10,81.1718,11,구암동,789,27230,,,
부영5차,2003,10940,2009,9,10,81.1718,10,구암동,789,27230,,,
부영5차,2003,10940,2009,9,10,81.1718,9,구암동,789,27230,,,
부영5차,2003,10940,2009,9,10,81.1718,9,구암동,789,27230,,,
부영5차,2003,10940,2009,9,10,81.1718,7,구암동,789,27230,,,
부영5차,2003,10940,2009,9,10,81.1718,3,구암동,789,27230,,,
부영5차,2003,10940,2009,9,10,81.1718,3,구암동,789,27230,,,
부영5차,2003,10721,2009,9,10,81.1718,1,구암동,789,27230,,,
부영5차,2003,8240,2009,9,10,59.8488,16,구암동,789,27230,,,
부영5차,2003,8240,2009,9,10,59.8488,14,구암동,789,27230,,,
부영5차,2003,8240,2009,9,10,59.8488,12,구암동,789,27230,,,
부영5차,2003,8240,2009,9,10,59.8488,12,구암동,789,27230,,,
부영5차,2003,8240,2009,9,10,59.8488,10,구암동,789,27230,,,
부영5차,2003,8240,2009,9,10,59.8488,9,구암동,789,27230,,,
부영5차,2003,8240,2009,9,10,59.8488,8,구암동,789,27230,,,
부영5차,2003,8240,2009,9,10,59.8488,8,구암동,789,27230,,,
부영5차,2003,8240,2009,9,10,59.8488,6,구암동,789,27230,,,
부영5차,2003,8240,2009,9,10,59.8488,5,구암동,789,27230,,,
부영5차,2003,8240,2009,9,10,59.8488,5,구암동,789,27230,,,
부영5차,2003,10940,2009,9,10,81.1718,18,구암동,789,27230,,,
부영5차,2003,10940,2009,9,10,81.1718,18,구암동,789,27230,,,
부영5차,2003,10940,2009,9,10,81.1718,17,구암동,789,27230,,,
부영5차,2003,10940,2009,9,10,81.1718,16,구암동,789,27230,,,
부영5차,2003,10940,2009,9,10,81.1718,16,구암동,789,27230,,,
부영5차,2003,10940,2009,9,10,81.1718,15,구암동,789,27230,,,
부영5차,2003,10940,2009,9,10,81.1718,15,구암동,789,27230,,,
부영5차,2003,10940,2009,9,10,81.1718,11,구암동,789,27230,,,
부영5차,2003,10940,2009,9,10,81.1718,7,구암동,789,27230,,,
부영5차,2003,10940,2009,9,10,81.1718,6,구암동,789,27230,,,
부영5차,2003,10940,2009,9,10,81.1718,3,구암동,789,27230,,,
부영5차,2003,10721,2009,9,10,81.1718,1,구암동,789,27230,,,
부영5차,2003,8240,2009,9,10,59.8488,16,구암동,789,27230,,,
부영5차,2003,8240,2009,9,10,59.8488,15,구암동,789,27230,,,
부영5차,2003,8240,2009,9,10,59.8488,15,구암동,789,27230,,,
부영5차,2003,8240,2009,9,10,59.8488,13,구암동,789,27230,,,
부영5차,2003,8240,2009,9,10,59.8488,12,구암동,789,27230,,,
부영5차,2003,8240,2009,9,10,59.8488,11,구암동,789,27230,,,
부영5차,2003,8240,2009,9,10,59.8488,10,구암동,789,27230,,,
부영5차,2003,8240,2009,9,10,59.8488,9,구암동,789,27230,,,
부영5차,2003,8240,2009,9,10,59.8488,6,구암동,789,27230,,,
부영5차,2003,8240,2009,9,10,59.8488,6,구암동,789,27230,,,
부영5차,2003,8240,2009,9,10,59.8488,4,구암동,789,27230,,,
부영5차,2003,8240,2009,9,10,59.8488,3,구암동,789,27230,,,
부영5차,2003,8158,2009,9,10,59.8488,2,구암동,789,27230,,,
부영5차,2003,8075,2009,9,10,59.8488,1,구암동,789,27230,,,
부영6차,2002,13930,2009,9,10,81.1563,18,구암동,789-1,27230,,,
부영6차,2002,10811,2009,9,10,81.1563,2,구암동,789-1,27230,,,
부영7차,2003,13000,2009,9,10,81.1718,5,구암동,789-2,27230,,,
부영7차,2003,10850,2009,9,10,81.1718,2,구암동,789-2,27230,,,
부영7차,2003,10960,2009,9,10,81.1718,18,구암동,789-2,27230,,,
부영7차,2003,10960,2009,9,10,81.1718,3,구암동,789-2,27230,,,
부영7차,2003,10960,2009,9,10,81.1718,15,구암동,789-2,27230,,,
부영7차,2003,10960,2009,9,10,81.1718,14,구암동,789-2,27230,,,
부영7차,2003,10960,2009,9,10,81.1718,9,구암동,789-2,27230,,,
부영7차,2003,10960,2009,9,10,81.1718,6,구암동,789-2,27230,,,
부영7차,2003,10960,2009,9,10,81.1718,3,구암동,789-2,27230,,,
부영7차,2003,10741,2009,9,10,81.1718,1,구암동,789-2,27230,,,
부영7차,2003,10960,2009,9,10,81.1718,15,구암동,789-2,27230,,,
부영7차,2003,10960,2009,9,10,81.1718,13,구암동,789-2,27230,,,
부영7차,2003,10960,2009,9,10,81.1718,12,구암동,789-2,27230,,,
부영7차,2003,10960,2009,9,10,81.1718,9,구암동,789-2,27230,,,
부영7차,2003,10960,2009,9,10,81.1718,9,구암동,789-2,27230,,,
부영7차,2003,10960,2009,9,10,81.1718,6,구암동,789-2,27230,,,
부영7차,2003,10960,2009,9,10,81.1718,4,구암동,789-2,27230,,,
부영7차,2003,10850,2009,9,10,81.1718,2,구암동,789-2,27230,,,
부영7차,2003,10741,2009,9,10,81.1718,1,구암동,789-2,27230,,,
부영7차,2003,10741,2009,9,10,81.1718,1,구암동,789-2,27230,,,
부영7차,2003,10741,2009,9,10,81.1718,1,구암동,789-2,27230,,,
부영7차,2003,8260,2009,9,10,59.8488,17,구암동,789-2,27230,,,
부영7차,2003,8260,2009,9,10,59.8488,11,구암동,789-2,27230,,,
부영7차,2003,8260,2009,9,10,59.8488,9,구암동,789-2,27230,,,
부영7차,2003,8260,2009,9,10,59.8488,9,구암동,789-2,27230,,,
부영7차,2003,8260,2009,9,10,59.8488,7,구암동,789-2,27230,,,
부영7차,2003,8260,2009,9,10,59.8488,6,구암동,789-2,27230,,,
부영7차,2003,8177,2009,9,10,59.8488,2,구암동,789-2,27230,,,
부영7차,2003,10960,2009,9,10,81.1718,16,구암동,789-2,27230,,,
부영7차,2003,10960,2009,9,10,81.1718,14,구암동,789-2,27230,,,
부영7차,2003,10960,2009,9,10,81.1718,13,구암동,789-2,27230,,,
부영7차,2003,10960,2009,9,10,81.1718,12,구암동,789-2,27230,,,
부영7차,2003,10960,2009,9,10,81.1718,8,구암동,789-2,27230,,,
부영7차,2003,10960,2009,9,10,81.1718,7,구암동,789-2,27230,,,
부영7차,2003,10960,2009,9,10,81.1718,6,구암동,789-2,27230,,,
부영7차,2003,10850,2009,9,10,81.1718,2,구암동,789-2,27230,,,
부영7차,2003,10960,2009,9,10,81.1718,17,구암동,789-2,27230,,,
부영7차,2003,10960,2009,9,10,81.1718,16,구암동,789-2,27230,,,
부영7차,2003,10960,2009,9,10,81.1718,14,구암동,789-2,27230,,,
부영7차,2003,10960,2009,9,10,81.1718,9,구암동,789-2,27230,,,
부영7차,2003,10960,2009,9,10,81.1718,7,구암동,789-2,27230,,,
부영7차,2003,10960,2009,9,10,81.1718,6,구암동,789-2,27230,,,
부영7차,2003,10960,2009,9,10,81.1718,3,구암동,789-2,27230,,,
부영7차,2003,10741,2009,9,10,81.1718,1,구암동,789-2,27230,,,
부영7차,2003,8260,2009,9,10,59.8488,18,구암동,789-2,27230,,,
부영7차,2003,8260,2009,9,10,59.8488,18,구암동,789-2,27230,,,
부영7차,2003,8260,2009,9,10,59.8488,15,구암동,789-2,27230,,,
부영7차,2003,8260,2009,9,10,59.8488,12,구암동,789-2,27230,,,
부영7차,2003,8260,2009,9,10,59.8488,5,구암동,789-2,27230,,,
부영7차,2003,8260,2009,9,10,59.8488,4,구암동,789-2,27230,,,
부영7차,2003,8260,2009,9,10,59.8488,3,구암동,789-2,27230,,,
부영7차,2003,8177,2009,9,10,59.8488,2,구암동,789-2,27230,,,
부영7차,2003,10960,2009,9,10,81.1718,18,구암동,789-2,27230,,,
부영7차,2003,10960,2009,9,10,81.1718,18,구암동,789-2,27230,,,
부영7차,2003,10960,2009,9,10,81.1718,16,구암동,789-2,27230,,,
부영7차,2003,10960,2009,9,10,81.1718,16,구암동,789-2,27230,,,
부영7차,2003,10960,2009,9,10,81.1718,14,구암동,789-2,27230,,,
부영7차,2003,10960,2009,9,10,81.1718,12,구암동,789-2,27230,,,
부영7차,2003,10960,2009,9,10,81.1718,6,구암동,789-2,27230,,,
부영7차,2003,10960,2009,9,10,81.1718,4,구암동,789-2,27230,,,
부영7차,2003,10741,2009,9,10,81.1718,1,구암동,789-2,27230,,,
부영7차,2003,10960,2009,9,10,81.1718,18,구암동,789-2,27230,,,
부영7차,2003,10960,2009,9,10,81.1718,16,구암동,789-2,27230,,,
부영7차,2003,10960,2009,9,10,81.1718,15,구암동,789-2,27230,,,
부영7차,2003,10960,2009,9,10,81.1718,14,구암동,789-2,27230,,,
부영7차,2003,10960,2009,9,10,81.1718,11,구암동,789-2,27230,,,
부영7차,2003,10960,2009,9,10,81.1718,7,구암동,789-2,27230,,,
부영7차,2003,10960,2009,9,10,81.1718,5,구암동,789-2,27230,,,
부영7차,2003,10960,2009,9,10,81.1718,5,구암동,789-2,27230,,,
부영7차,2003,10741,2009,9,10,81.1718,1,구암동,789-2,27230,,,
서변청아람,2003,11940,2009,9,10,84.8212,12,서변동,1724,27230,,,
영남네오빌아트,2004,21750,2009,9,10,84.8526,19,동천동,913,27230,,,
유니버시아드선수촌2단지,2003,9900,2009,9,10,59.9825,5,동변동,682,27230,,,
중석타운,1995,7750,2009,9,10,59.88,8,태전동,695,27230,,,
칠곡3차보성,1997,11100,2009,9,10,84.99,4,읍내동,430,27230,,,
칠곡건영,2001,8300,2009,9,10,59.88,8,구암동,695-2,27230,,,
칠곡동화타운,2000,9000,2009,9,10,59.9037,8,관음동,1383-1,27230,,,
칠곡한양2,1993,11300,2009,9,10,84.945,13,관음동,1370,27230,,,
침산2지구,1991,7200,2009,9,10,59.84,10,침산동,456-7,27230,,,
침산동서,1997,9000,2009,9,10,57.69,16,침산동,368-1,27230,,,
침산태왕리더스,2005,18000,2009,9,10,84.99,11,침산동,443-2,27230,,,
한일,1998,6800,2009,9,10,59.835,1,태전동,205-14,27230,,,
현대,1993,12500,2009,9,10,96.63,6,태전동,997,27230,,,
현대2,1993,8800,2009,9,10,84.95,3,읍내동,1351-1,27230,,,
화성리버파크1,2003,14200,2009,9,10,84.9318,12,서변동,1775,27230,,,
광명,1980,6300,2009,9,11,46.625,2,복현동,368-1,27230,,,
그린빌1차,1999,6100,2009,9,11,49.57,8,국우동,1110,27230,,,
그린빌4차,2001,9900,2009,9,11,59.83,4,구암동,788,27230,,,
그린빌6단지,2002,8850,2009,9,11,51.95,13,국우동,1080,27230,,,
그린빌6단지,2002,7900,2009,9,11,51.49,12,국우동,1080,27230,,,
노원드림뷰,2003,12500,2009,9,11,84.7714,9,노원동2가,227,27230,,,
럭키칠곡,1993,12000,2009,9,11,101.72,15,읍내동,1351-2,27230,,,
복현건영,1998,11200,2009,9,11,59.88,5,복현동,539-114,27230,,,
복현보성타운,1996,11500,2009,9,11,84.99,1,복현동,539-106,27230,,,
복현서한이다음,1996,12500,2009,9,11,84.97,5,복현동,539-110,27230,,,
부영5차,2003,10940,2009,9,11,81.1718,15,구암동,789,27230,,,
부영5차,2003,10940,2009,9,11,81.1718,11,구암동,789,27230,,,
부영5차,2003,10940,2009,9,11,81.1718,10,구암동,789,27230,,,
부영5차,2003,10940,2009,9,11,81.1718,5,구암동,789,27230,,,
부영5차,2003,10940,2009,9,11,81.1718,11,구암동,789,27230,,,
부영5차,2003,10940,2009,9,11,81.1718,10,구암동,789,27230,,,
부영5차,2003,10940,2009,9,11,81.1718,5,구암동,789,27230,,,
부영5차,2003,10721,2009,9,11,81.1718,1,구암동,789,27230,,,
부영5차,2003,8240,2009,9,11,59.8488,17,구암동,789,27230,,,
부영5차,2003,8240,2009,9,11,59.8488,13,구암동,789,27230,,,
부영5차,2003,8240,2009,9,11,59.8488,6,구암동,789,27230,,,
부영5차,2003,10940,2009,9,11,81.1718,13,구암동,789,27230,,,
부영5차,2003,10940,2009,9,11,81.1718,12,구암동,789,27230,,,
부영5차,2003,10940,2009,9,11,81.1718,10,구암동,789,27230,,,
부영5차,2003,8240,2009,9,11,59.8488,6,구암동,789,27230,,,
부영5차,2003,10940,2009,9,11,81.1718,7,구암동,789,27230,,,
부영5차,2003,8240,2009,9,11,59.8488,7,구암동,789,27230,,,
부영5차,2003,10940,2009,9,11,81.1718,18,구암동,789,27230,,,
부영5차,2003,10940,2009,9,11,81.1718,16,구암동,789,27230,,,
부영5차,2003,8240,2009,9,11,59.8488,14,구암동,789,27230,,,
부영5차,2003,10940,2009,9,11,81.1718,15,구암동,789,27230,,,
부영5차,2003,10940,2009,9,11,81.1718,14,구암동,789,27230,,,
부영5차,2003,10940,2009,9,11,81.1718,13,구암동,789,27230,,,
부영5차,2003,10940,2009,9,11,81.1718,11,구암동,789,27230,,,
부영5차,2003,10940,2009,9,11,81.1718,10,구암동,789,27230,,,
부영5차,2003,10940,2009,9,11,81.1718,9,구암동,789,27230,,,
부영5차,2003,10940,2009,9,11,81.1718,9,구암동,789,27230,,,
부영5차,2003,10940,2009,9,11,81.1718,8,구암동,789,27230,,,
부영5차,2003,10940,2009,9,11,81.1718,6,구암동,789,27230,,,
부영5차,2003,10940,2009,9,11,81.1718,4,구암동,789,27230,,,
부영5차,2003,10940,2009,9,11,81.1718,8,구암동,789,27230,,,
부영5차,2003,10940,2009,9,11,81.1718,3,구암동,789,27230,,,
부영5차,2003,8240,2009,9,11,59.8488,16,구암동,789,27230,,,
부영5차,2003,10940,2009,9,11,81.1718,3,구암동,789,27230,,,
부영5차,2003,8240,2009,9,11,59.8488,15,구암동,789,27230,,,
부영5차,2003,10831,2009,9,11,81.1718,2,구암동,789,27230,,,
부영5차,2003,8240,2009,9,11,59.8488,11,구암동,789,27230,,,
부영5차,2003,10940,2009,9,11,81.1718,19,구암동,789,27230,,,
부영5차,2003,8240,2009,9,11,59.8488,9,구암동,789,27230,,,
부영5차,2003,10940,2009,9,11,81.1718,12,구암동,789,27230,,,
부영5차,2003,10940,2009,9,11,81.1718,17,구암동,789,27230,,,
부영5차,2003,10940,2009,9,11,81.1718,11,구암동,789,27230,,,
부영5차,2003,10940,2009,9,11,81.1718,17,구암동,789,27230,,,
부영5차,2003,10940,2009,9,11,81.1718,11,구암동,789,27230,,,
부영5차,2003,10940,2009,9,11,81.1718,12,구암동,789,27230,,,
부영5차,2003,10940,2009,9,11,81.1718,10,구암동,789,27230,,,
부영5차,2003,10940,2009,9,11,81.1718,11,구암동,789,27230,,,
부영5차,2003,10940,2009,9,11,81.1718,10,구암동,789,27230,,,
부영5차,2003,10940,2009,9,11,81.1718,11,구암동,789,27230,,,
부영5차,2003,10940,2009,9,11,81.1718,9,구암동,789,27230,,,
부영5차,2003,10940,2009,9,11,81.1718,11,구암동,789,27230,,,
부영5차,2003,10940,2009,9,11,81.1718,9,구암동,789,27230,,,
부영5차,2003,10940,2009,9,11,81.1718,8,구암동,789,27230,,,
부영5차,2003,10940,2009,9,11,81.1718,7,구암동,789,27230,,,
부영5차,2003,10940,2009,9,11,81.1718,7,구암동,789,27230,,,
부영5차,2003,10831,2009,9,11,81.1718,2,구암동,789,27230,,,
부영5차,2003,10940,2009,9,11,81.1718,8,구암동,789,27230,,,
부영5차,2003,10940,2009,9,11,81.1718,17,구암동,789,27230,,,
부영5차,2003,10940,2009,9,11,81.1718,14,구암동,789,27230,,,
부영5차,2003,10940,2009,9,11,81.1718,13,구암동,789,27230,,,
부영5차,2003,10940,2009,9,11,81.1718,7,구암동,789,27230,,,
부영5차,2003,10940,2009,9,11,81.1718,7,구암동,789,27230,,,
부영5차,2003,10940,2009,9,11,81.1718,5,구암동,789,27230,,,
부영5차,2003,10940,2009,9,11,81.1718,4,구암동,789,27230,,,
부영5차,2003,10940,2009,9,11,81.1718,3,구암동,789,27230,,,
부영5차,2003,10831,2009,9,11,81.1718,2,구암동,789,27230,,,
부영5차,2003,8240,2009,9,11,59.8488,4,구암동,789,27230,,,
부영5차,2003,8240,2009,9,11,59.8488,9,구암동,789,27230,,,
부영5차,2003,8075,2009,9,11,59.8488,1,구암동,789,27230,,,
부영5차,2003,10940,2009,9,11,81.1718,17,구암동,789,27230,,,
부영5차,2003,10940,2009,9,11,81.1718,16,구암동,789,27230,,,
부영5차,2003,10940,2009,9,11,81.1718,15,구암동,789,27230,,,
부영5차,2003,10940,2009,9,11,81.1718,15,구암동,789,27230,,,
부영5차,2003,10940,2009,9,11,81.1718,11,구암동,789,27230,,,
부영5차,2003,10940,2009,9,11,81.1718,10,구암동,789,27230,,,
부영5차,2003,10940,2009,9,11,81.1718,10,구암동,789,27230,,,
부영5차,2003,10940,2009,9,11,81.1718,9,구암동,789,27230,,,
부영5차,2003,10940,2009,9,11,81.1718,9,구암동,789,27230,,,
부영5차,2003,10940,2009,9,11,81.1718,8,구암동,789,27230,,,
부영5차,2003,10940,2009,9,11,81.1718,7,구암동,789,27230,,,
부영5차,2003,10940,2009,9,11,81.1718,6,구암동,789,27230,,,
부영5차,2003,10940,2009,9,11,81.1718,6,구암동,789,27230,,,
부영5차,2003,10940,2009,9,11,81.1718,4,구암동,789,27230,,,
부영5차,2003,10940,2009,9,11,81.1718,4,구암동,789,27230,,,
부영5차,2003,10831,2009,9,11,81.1718,2,구암동,789,27230,,,
부영5차,2003,8240,2009,9,11,59.8488,16,구암동,789,27230,,,
부영5차,2003,8240,2009,9,11,59.8488,16,구암동,789,27230,,,
부영5차,2003,8240,2009,9,11,59.8488,13,구암동,789,27230,,,
부영5차,2003,8240,2009,9,11,59.8488,13,구암동,789,27230,,,
부영5차,2003,8240,2009,9,11,59.8488,10,구암동,789,27230,,,
부영5차,2003,8240,2009,9,11,59.8488,9,구암동,789,27230,,,
부영5차,2003,8240,2009,9,11,59.8488,8,구암동,789,27230,,,
부영5차,2003,8240,2009,9,11,59.8488,5,구암동,789,27230,,,
부영5차,2003,8240,2009,9,11,59.8488,4,구암동,789,27230,,,
부영5차,2003,8240,2009,9,11,59.8488,3,구암동,789,27230,,,
부영5차,2003,8240,2009,9,11,59.8488,3,구암동,789,27230,,,
부영5차,2003,8240,2009,9,11,59.8488,3,구암동,789,27230,,,
부영7차,2003,13500,2009,9,11,81.1718,9,구암동,789-2,27230,,,
부영7차,2003,8260,2009,9,11,59.8488,14,구암동,789-2,27230,,,
부영7차,2003,8260,2009,9,11,59.8488,7,구암동,789-2,27230,,,
부영7차,2003,8095,2009,9,11,59.8488,1,구암동,789-2,27230,,,
부영7차,2003,10960,2009,9,11,81.1718,15,구암동,789-2,27230,,,
부영7차,2003,10960,2009,9,11,81.1718,12,구암동,789-2,27230,,,
부영7차,2003,10960,2009,9,11,81.1718,9,구암동,789-2,27230,,,
부영7차,2003,10960,2009,9,11,81.1718,7,구암동,789-2,27230,,,
부영7차,2003,10960,2009,9,11,81.1718,3,구암동,789-2,27230,,,
부영7차,2003,10741,2009,9,11,81.1718,1,구암동,789-2,27230,,,
부영7차,2003,10960,2009,9,11,81.1718,16,구암동,789-2,27230,,,
부영7차,2003,10960,2009,9,11,81.1718,13,구암동,789-2,27230,,,
부영7차,2003,8260,2009,9,11,59.8488,18,구암동,789-2,27230,,,
부영7차,2003,8260,2009,9,11,59.8488,17,구암동,789-2,27230,,,
부영7차,2003,10960,2009,9,11,81.1718,14,구암동,789-2,27230,,,
부영7차,2003,10960,2009,9,11,81.1718,14,구암동,789-2,27230,,,
부영7차,2003,10960,2009,9,11,81.1718,13,구암동,789-2,27230,,,
부영7차,2003,10960,2009,9,11,81.1718,11,구암동,789-2,27230,,,
부영7차,2003,10960,2009,9,11,81.1718,10,구암동,789-2,27230,,,
부영7차,2003,10960,2009,9,11,81.1718,10,구암동,789-2,27230,,,
부영7차,2003,10960,2009,9,11,81.1718,9,구암동,789-2,27230,,,
부영7차,2003,10960,2009,9,11,81.1718,7,구암동,789-2,27230,,,
부영7차,2003,10960,2009,9,11,81.1718,14,구암동,789-2,27230,,,
부영7차,2003,10960,2009,9,11,81.1718,13,구암동,789-2,27230,,,
부영7차,2003,10960,2009,9,11,81.1718,12,구암동,789-2,27230,,,
부영7차,2003,10960,2009,9,11,81.1718,11,구암동,789-2,27230,,,
부영7차,2003,10960,2009,9,11,81.1718,10,구암동,789-2,27230,,,
부영7차,2003,10960,2009,9,11,81.1718,8,구암동,789-2,27230,,,
부영7차,2003,10960,2009,9,11,81.1718,7,구암동,789-2,27230,,,
부영7차,2003,10960,2009,9,11,81.1718,3,구암동,789-2,27230,,,
부영7차,2003,10850,2009,9,11,81.1718,2,구암동,789-2,27230,,,
부영7차,2003,8260,2009,9,11,59.8488,16,구암동,789-2,27230,,,
부영7차,2003,8260,2009,9,11,59.8488,14,구암동,789-2,27230,,,
부영7차,2003,8260,2009,9,11,59.8488,13,구암동,789-2,27230,,,
부영7차,2003,8260,2009,9,11,59.8488,8,구암동,789-2,27230,,,
부영7차,2003,8260,2009,9,11,59.8488,4,구암동,789-2,27230,,,
부영7차,2003,8260,2009,9,11,59.8488,4,구암동,789-2,27230,,,
부영7차,2003,10960,2009,9,11,81.1718,17,구암동,789-2,27230,,,
부영7차,2003,10960,2009,9,11,81.1718,17,구암동,789-2,27230,,,
부영7차,2003,10960,2009,9,11,81.1718,16,구암동,789-2,27230,,,
부영7차,2003,10960,2009,9,11,81.1718,15,구암동,789-2,27230,,,
부영7차,2003,10960,2009,9,11,81.1718,14,구암동,789-2,27230,,,
부영7차,2003,10960,2009,9,11,81.1718,12,구암동,789-2,27230,,,
부영7차,2003,10960,2009,9,11,81.1718,5,구암동,789-2,27230,,,
부영7차,2003,10960,2009,9,11,81.1718,4,구암동,789-2,27230,,,
부영7차,2003,10960,2009,9,11,81.1718,3,구암동,789-2,27230,,,
부영7차,2003,10741,2009,9,11,81.1718,1,구암동,789-2,27230,,,
부영7차,2003,10960,2009,9,11,81.1718,18,구암동,789-2,27230,,,
부영7차,2003,10960,2009,9,11,81.1718,18,구암동,789-2,27230,,,
부영7차,2003,10960,2009,9,11,81.1718,15,구암동,789-2,27230,,,
부영7차,2003,10960,2009,9,11,81.1718,8,구암동,789-2,27230,,,
부영7차,2003,10960,2009,9,11,81.1718,4,구암동,789-2,27230,,,
부영7차,2003,10741,2009,9,11,81.1718,1,구암동,789-2,27230,,,
부영7차,2003,10741,2009,9,11,81.1718,1,구암동,789-2,27230,,,
부영7차,2003,8260,2009,9,11,59.8488,17,구암동,789-2,27230,,,
부영7차,2003,8260,2009,9,11,59.8488,17,구암동,789-2,27230,,,
부영7차,2003,8260,2009,9,11,59.8488,16,구암동,789-2,27230,,,
부영7차,2003,8260,2009,9,11,59.8488,16,구암동,789-2,27230,,,
부영7차,2003,8260,2009,9,11,59.8488,15,구암동,789-2,27230,,,
부영7차,2003,8260,2009,9,11,59.8488,14,구암동,789-2,27230,,,
부영7차,2003,8260,2009,9,11,59.8488,14,구암동,789-2,27230,,,
부영7차,2003,8260,2009,9,11,59.8488,13,구암동,789-2,27230,,,
부영7차,2003,8260,2009,9,11,59.8488,12,구암동,789-2,27230,,,
부영7차,2003,8260,2009,9,11,59.8488,11,구암동,789-2,27230,,,
부영7차,2003,8260,2009,9,11,59.8488,6,구암동,789-2,27230,,,
부영7차,2003,8260,2009,9,11,59.8488,5,구암동,789-2,27230,,,
부영7차,2003,8095,2009,9,11,59.8488,1,구암동,789-2,27230,,,
부영7차,2003,10960,2009,9,11,81.1718,18,구암동,789-2,27230,,,
부영7차,2003,10960,2009,9,11,81.1718,17,구암동,789-2,27230,,,
부영7차,2003,10960,2009,9,11,81.1718,12,구암동,789-2,27230,,,
부영7차,2003,10960,2009,9,11,81.1718,12,구암동,789-2,27230,,,
부영7차,2003,10960,2009,9,11,81.1718,10,구암동,789-2,27230,,,
부영7차,2003,10960,2009,9,11,81.1718,8,구암동,789-2,27230,,,
부영7차,2003,10960,2009,9,11,81.1718,7,구암동,789-2,27230,,,
부영7차,2003,10960,2009,9,11,81.1718,5,구암동,789-2,27230,,,
부영7차,2003,10960,2009,9,11,81.1718,4,구암동,789-2,27230,,,
부영7차,2003,10960,2009,9,11,81.1718,15,구암동,789-2,27230,,,
부영7차,2003,10960,2009,9,11,81.1718,15,구암동,789-2,27230,,,
부영7차,2003,10960,2009,9,11,81.1718,15,구암동,789-2,27230,,,
부영7차,2003,10960,2009,9,11,81.1718,10,구암동,789-2,27230,,,
부영7차,2003,10960,2009,9,11,81.1718,10,구암동,789-2,27230,,,
부영7차,2003,10960,2009,9,11,81.1718,9,구암동,789-2,27230,,,
부영7차,2003,10960,2009,9,11,81.1718,8,구암동,789-2,27230,,,
부영7차,2003,10960,2009,9,11,81.1718,7,구암동,789-2,27230,,,
부영7차,2003,10960,2009,9,11,81.1718,4,구암동,789-2,27230,,,
부영7차,2003,10960,2009,9,11,81.1718,4,구암동,789-2,27230,,,
부영7차,2003,10960,2009,9,11,81.1718,3,구암동,789-2,27230,,,
부영7차,2003,10850,2009,9,11,81.1718,2,구암동,789-2,27230,,,
부영7차,2003,10741,2009,9,11,81.1718,1,구암동,789-2,27230,,,
산격대우,1999,16400,2009,9,11,84.945,10,산격동,500-1,27230,,,
선학맨션,1992,10450,2009,9,11,84.82,9,침산동,341-3,27230,,,
영남네오빌아트,2004,19700,2009,9,11,84.8526,6,동천동,913,27230,,,
유니버시아드선수촌2단지,2003,12000,2009,9,11,73.2815,15,동변동,682,27230,,,
유니버시아드선수촌2단지,2003,14200,2009,9,11,83.4706,12,동변동,682,27230,,,
주공그린빌8,2002,6800,2009,9,11,46.2,4,동변동,679,27230,,,
주공그린빌8,2002,9200,2009,9,11,59.83,15,동변동,679,27230,,,
주공그린빌8,2002,11000,2009,9,11,84.99,15,동변동,679,27230,,,
칠곡관음타운,1995,12750,2009,9,11,84.96,6,태전동,1065-1,27230,,,
칠곡동서영남,1995,8100,2009,9,11,59.84,3,구암동,695-1,27230,,,
칠곡미래타운,1995,17500,2009,9,11,134.99,3,구암동,655-4,27230,,,
칠곡청구타운,1995,8000,2009,9,11,59.34,3,구암동,695-3,27230,,,
침산1차푸르지오(2-2),2005,29200,2009,9,11,123.4,4,칠성동2가,2-2,27230,,,
침산동서,1997,6600,2009,9,11,39.87,4,침산동,368-1,27230,,,
한신중앙,1993,6250,2009,9,11,47.25,13,태전동,936-1,27230,,,
현대,1993,12500,2009,9,11,96.63,13,태전동,997,27230,,,
현대,1993,11800,2009,9,11,84.95,12,태전동,997,27230,,,
현대2,1993,7980,2009,9,11,75.57,13,읍내동,1351-1,27230,,,
화성파크드림와이드,2008,17200,2009,9,11,84.7628,12,태전동,198,27230,,,
그린빌1차,1999,6200,2009,9,12,49.57,6,국우동,1110,27230,,,
동화훼밀리타운,2003,11500,2009,9,12,59.6845,8,관음동,1386,27230,,,
롯데캐슬오페라,2005,18250,2009,9,12,76.94,17,침산동,213-1,27230,,,
매천센트럴파크,2008,18300,2009,9,12,84.58,3,매천동,741,27230,,,
복현보성타운,1996,9850,2009,9,12,59.98,18,복현동,539-106,27230,,,
복현시영(3차),1983,6350,2009,9,12,42.81,1,복현동,201-3,27230,,,
부영3차,2002,9950,2009,9,12,60.2153,11,구암동,787-3,27230,,,
부영5차,2003,8600,2009,9,12,59.8488,9,구암동,789,27230,,,
부영5차,2003,10940,2009,9,12,81.1718,4,구암동,789,27230,,,
부영5차,2003,10940,2009,9,12,81.1718,11,구암동,789,27230,,,
부영5차,2003,10612,2009,9,12,81.1718,13,구암동,789,27230,,,
부영5차,2003,10940,2009,9,12,81.1718,14,구암동,789,27230,,,
부영5차,2003,10721,2009,9,12,81.1718,14,구암동,789,27230,,,
부영5차,2003,10940,2009,9,12,81.1718,13,구암동,789,27230,,,
부영5차,2003,10940,2009,9,12,81.1718,10,구암동,789,27230,,,
부영5차,2003,10940,2009,9,12,81.1718,9,구암동,789,27230,,,
부영5차,2003,10940,2009,9,12,81.1718,5,구암동,789,27230,,,
부영5차,2003,10721,2009,9,12,81.1718,1,구암동,789,27230,,,
부영5차,2003,10940,2009,9,12,81.1718,18,구암동,789,27230,,,
부영5차,2003,10940,2009,9,12,81.1718,15,구암동,789,27230,,,
부영5차,2003,10940,2009,9,12,81.1718,13,구암동,789,27230,,,
부영5차,2003,10940,2009,9,12,81.1718,6,구암동,789,27230,,,
부영5차,2003,10940,2009,9,12,81.1718,4,구암동,789,27230,,,
부영5차,2003,10831,2009,9,12,81.1718,2,구암동,789,27230,,,
부영5차,2003,8240,2009,9,12,59.8488,12,구암동,789,27230,,,
부영5차,2003,10940,2009,9,12,81.1718,16,구암동,789,27230,,,
부영5차,2003,10940,2009,9,12,81.1718,8,구암동,789,27230,,,
부영5차,2003,10940,2009,9,12,81.1718,19,구암동,789,27230,,,
부영5차,2003,10940,2009,9,12,81.1718,16,구암동,789,27230,,,
부영5차,2003,10940,2009,9,12,81.1718,15,구암동,789,27230,,,
부영5차,2003,10940,2009,9,12,81.1718,13,구암동,789,27230,,,
부영5차,2003,10940,2009,9,12,81.1718,10,구암동,789,27230,,,
부영5차,2003,10940,2009,9,12,81.1718,5,구암동,789,27230,,,
부영5차,2003,10940,2009,9,12,81.1718,3,구암동,789,27230,,,
부영5차,2003,8240,2009,9,12,59.8488,9,구암동,789,27230,,,
부영5차,2003,8240,2009,9,12,59.8488,8,구암동,789,27230,,,
부영5차,2003,8240,2009,9,12,59.8488,7,구암동,789,27230,,,
부영5차,2003,8240,2009,9,12,59.8488,3,구암동,789,27230,,,
부영5차,2003,8075,2009,9,12,59.8488,1,구암동,789,27230,,,
부영5차,2003,10940,2009,9,12,81.1718,18,구암동,789,27230,,,
부영5차,2003,10940,2009,9,12,81.1718,14,구암동,789,27230,,,
부영5차,2003,10940,2009,9,12,81.1718,12,구암동,789,27230,,,
부영5차,2003,10940,2009,9,12,81.1718,9,구암동,789,27230,,,
부영5차,2003,10940,2009,9,12,81.1718,8,구암동,789,27230,,,
부영5차,2003,10940,2009,9,12,81.1718,7,구암동,789,27230,,,
부영5차,2003,10940,2009,9,12,81.1718,5,구암동,789,27230,,,
부영5차,2003,10612,2009,9,12,81.1718,5,구암동,789,27230,,,
부영5차,2003,8240,2009,9,12,59.8488,14,구암동,789,27230,,,
부영5차,2003,8240,2009,9,12,59.8488,14,구암동,789,27230,,,
부영5차,2003,8240,2009,9,12,59.8488,14,구암동,789,27230,,,
부영5차,2003,8240,2009,9,12,59.8488,8,구암동,789,27230,,,
부영5차,2003,8240,2009,9,12,59.8488,6,구암동,789,27230,,,
부영7차,2003,8260,2009,9,12,59.8488,15,구암동,789-2,27230,,,
부영7차,2003,8260,2009,9,12,59.8488,9,구암동,789-2,27230,,,
부영7차,2003,10960,2009,9,12,81.1718,13,구암동,789-2,27230,,,
부영7차,2003,10960,2009,9,12,81.1718,9,구암동,789-2,27230,,,
부영7차,2003,10960,2009,9,12,81.1718,8,구암동,789-2,27230,,,
부영7차,2003,10960,2009,9,12,81.1718,6,구암동,789-2,27230,,,
부영7차,2003,10741,2009,9,12,81.1718,1,구암동,789-2,27230,,,
부영7차,2003,10960,2009,9,12,81.1718,13,구암동,789-2,27230,,,
부영7차,2003,10960,2009,9,12,81.1718,11,구암동,789-2,27230,,,
부영7차,2003,10960,2009,9,12,81.1718,10,구암동,789-2,27230,,,
부영7차,2003,10960,2009,9,12,81.1718,10,구암동,789-2,27230,,,
부영7차,2003,10960,2009,9,12,81.1718,5,구암동,789-2,27230,,,
부영7차,2003,8260,2009,9,12,59.8488,15,구암동,789-2,27230,,,
부영7차,2003,8260,2009,9,12,59.8488,10,구암동,789-2,27230,,,
부영7차,2003,10960,2009,9,12,81.1718,17,구암동,789-2,27230,,,
부영7차,2003,10960,2009,9,12,81.1718,10,구암동,789-2,27230,,,
부영7차,2003,10960,2009,9,12,81.1718,7,구암동,789-2,27230,,,
부영7차,2003,10960,2009,9,12,81.1718,6,구암동,789-2,27230,,,
부영7차,2003,10960,2009,9,12,81.1718,5,구암동,789-2,27230,,,
부영7차,2003,10960,2009,9,12,81.1718,5,구암동,789-2,27230,,,
부영7차,2003,10960,2009,9,12,81.1718,4,구암동,789-2,27230,,,
부영7차,2003,10960,2009,9,12,81.1718,4,구암동,789-2,27230,,,
부영7차,2003,10960,2009,9,12,81.1718,15,구암동,789-2,27230,,,
부영7차,2003,10960,2009,9,12,81.1718,10,구암동,789-2,27230,,,
부영7차,2003,10960,2009,9,12,81.1718,9,구암동,789-2,27230,,,
부영7차,2003,10960,2009,9,12,81.1718,8,구암동,789-2,27230,,,
부영7차,2003,10960,2009,9,12,81.1718,7,구암동,789-2,27230,,,
부영7차,2003,10960,2009,9,12,81.1718,6,구암동,789-2,27230,,,
부영7차,2003,10960,2009,9,12,81.1718,5,구암동,789-2,27230,,,
부영7차,2003,10850,2009,9,12,81.1718,2,구암동,789-2,27230,,,
부영7차,2003,8260,2009,9,12,59.8488,17,구암동,789-2,27230,,,
부영7차,2003,8260,2009,9,12,59.8488,16,구암동,789-2,27230,,,
부영7차,2003,8260,2009,9,12,59.8488,14,구암동,789-2,27230,,,
부영7차,2003,8260,2009,9,12,59.8488,13,구암동,789-2,27230,,,
부영7차,2003,8260,2009,9,12,59.8488,12,구암동,789-2,27230,,,
부영7차,2003,8260,2009,9,12,59.8488,12,구암동,789-2,27230,,,
부영7차,2003,8260,2009,9,12,59.8488,11,구암동,789-2,27230,,,
부영7차,2003,8260,2009,9,12,59.8488,9,구암동,789-2,27230,,,
부영7차,2003,8260,2009,9,12,59.8488,7,구암동,789-2,27230,,,
부영7차,2003,8260,2009,9,12,59.8488,7,구암동,789-2,27230,,,
부영7차,2003,8260,2009,9,12,59.8488,7,구암동,789-2,27230,,,
부영7차,2003,8095,2009,9,12,59.8488,1,구암동,789-2,27230,,,
부영7차,2003,10960,2009,9,12,81.1718,14,구암동,789-2,27230,,,
부영7차,2003,10960,2009,9,12,81.1718,10,구암동,789-2,27230,,,
부영7차,2003,10960,2009,9,12,81.1718,9,구암동,789-2,27230,,,
부영7차,2003,10960,2009,9,12,81.1718,6,구암동,789-2,27230,,,
부영7차,2003,10850,2009,9,12,81.1718,2,구암동,789-2,27230,,,
부영7차,2003,10960,2009,9,12,81.1718,17,구암동,789-2,27230,,,
부영7차,2003,10960,2009,9,12,81.1718,17,구암동,789-2,27230,,,
부영7차,2003,10960,2009,9,12,81.1718,10,구암동,789-2,27230,,,
부영7차,2003,10960,2009,9,12,81.1718,9,구암동,789-2,27230,,,
부영7차,2003,10960,2009,9,12,81.1718,6,구암동,789-2,27230,,,
부영7차,2003,10960,2009,9,12,81.1718,4,구암동,789-2,27230,,,
산격대우,1999,18750,2009,9,12,84.96,12,산격동,500-1,27230,,,
산격대우,1999,12750,2009,9,12,59.87,8,산격동,500-1,27230,,,
서변청아람,2003,9500,2009,9,12,59.9476,6,서변동,1724,27230,,,
영남네오빌아트,2004,18000,2009,9,12,84.8526,1,동천동,913,27230,,,
영남네오빌아트,2004,18000,2009,9,12,84.8526,2,동천동,913,27230,,,
칠곡2영남타운,1996,9050,2009,9,12,60,10,동천동,880-1,27230,,,
칠곡3차보성,1997,8350,2009,9,12,59.98,16,읍내동,430,27230,,,
칠곡3화성타운,1999,11200,2009,9,12,59.91,13,동천동,915,27230,,,
칠곡우방하이츠,1999,10400,2009,9,12,59.96,10,동천동,889,27230,,,
침산2청구타운,1996,13600,2009,9,12,84.965,6,침산동,363-1,27230,,,
코오롱하늘채2단지,2006,35400,2009,9,12,134.1855,17,침산동,105-1,27230,,,
태왕아너스복현,2006,17950,2009,9,12,84.996,12,복현동,190-1,27230,,,
현대맨션,1992,10500,2009,9,12,84.975,6,복현동,76-1,27230,,,
그린빌2차,2001,10500,2009,9,13,59.42,8,구암동,772,27230,,,
노원동화타운,1998,7300,2009,9,13,59.82,15,노원동2가,44,27230,,,
동서변월드메르디앙,2005,18850,2009,9,13,105.09,4,서변동,1795,27230,,,
민들레,1991,5600,2009,9,13,59.94,10,검단동,1128-3,27230,,,
복현시영(3차),1983,8800,2009,9,13,59.33,2,복현동,201-3,27230,,,
부영5차,2003,8240,2009,9,13,59.8488,18,구암동,789,27230,,,
부영5차,2003,10940,2009,9,13,81.1718,7,구암동,789,27230,,,
부영5차,2003,10940,2009,9,13,81.1718,6,구암동,789,27230,,,
부영5차,2003,10831,2009,9,13,81.1718,2,구암동,789,27230,,,
부영5차,2003,10940,2009,9,13,81.1718,13,구암동,789,27230,,,
부영5차,2003,8240,2009,9,13,59.8488,15,구암동,789,27230,,,
부영5차,2003,8240,2009,9,13,59.8488,11,구암동,789,27230,,,
부영7차,2003,8260,2009,9,13,59.8488,14,구암동,789-2,27230,,,
부영7차,2003,10960,2009,9,13,81.1718,9,구암동,789-2,27230,,,
부영7차,2003,10960,2009,9,13,81.1718,13,구암동,789-2,27230,,,
부영7차,2003,10960,2009,9,13,81.1718,13,구암동,789-2,27230,,,
부영7차,2003,10960,2009,9,13,81.1718,7,구암동,789-2,27230,,,
부영7차,2003,10960,2009,9,13,81.1718,16,구암동,789-2,27230,,,
부영7차,2003,10960,2009,9,13,81.1718,15,구암동,789-2,27230,,,
부영7차,2003,8260,2009,9,13,59.8488,12,구암동,789-2,27230,,,
부영7차,2003,8260,2009,9,13,59.8488,8,구암동,789-2,27230,,,
부영7차,2003,10960,2009,9,13,81.1718,13,구암동,789-2,27230,,,
부영7차,2003,10960,2009,9,13,81.1718,8,구암동,789-2,27230,,,
부영7차,2003,8260,2009,9,13,59.8488,18,구암동,789-2,27230,,,
부영7차,2003,8260,2009,9,13,59.8488,4,구암동,789-2,27230,,,
부영7차,2003,8095,2009,9,13,59.8488,1,구암동,789-2,27230,,,
부영7차,2003,10960,2009,9,13,81.1718,13,구암동,789-2,27230,,,
부영7차,2003,10960,2009,9,13,81.1718,17,구암동,789-2,27230,,,
부영7차,2003,10960,2009,9,13,81.1718,6,구암동,789-2,27230,,,
부영그린타운(2단지),2003,16900,2009,9,13,81.1718,18,동천동,914,27230,,,
산격대우,1999,13950,2009,9,13,59.87,14,산격동,500-1,27230,,,
주공그린빌8,2002,9080,2009,9,13,59.83,3,동변동,679,27230,,,
주공그린빌8,2002,13400,2009,9,13,84.99,2,동변동,679,27230,,,
주공그린빌8,2002,9750,2009,9,13,59.83,5,동변동,679,27230,,,
그린빌2차,2001,15800,2009,9,14,84.34,12,구암동,772,27230,,,
그린빌3차,2000,7900,2009,9,14,49.71,12,구암동,786,27230,,,
남영,1998,8650,2009,9,14,84.825,2,태전동,542-1,27230,,,
대현e-편한세상,2008,23200,2009,9,14,84.7511,12,대현동,521,27230,,,
롯데캐슬오페라,2005,19500,2009,9,14,84.91,8,침산동,213-1,27230,,,
매천센트럴파크,2008,18500,2009,9,14,84.58,2,매천동,741,27230,,,
미진타운,1993,6285,2009,9,14,59.98,7,태전동,1075-10,27230,,,
보성서한타운,1995,5880,2009,9,14,42.68,6,동천동,872,27230,,,
부영5차,2003,10940,2009,9,14,81.1718,4,구암동,789,27230,,,
부영5차,2003,8240,2009,9,14,59.8488,16,구암동,789,27230,,,
부영5차,2003,8240,2009,9,14,59.8488,3,구암동,789,27230,,,
부영5차,2003,10940,2009,9,14,81.1718,9,구암동,789,27230,,,
부영5차,2003,10831,2009,9,14,81.1718,2,구암동,789,27230,,,
부영5차,2003,8075,2009,9,14,59.8488,1,구암동,789,27230,,,
부영5차,2003,10940,2009,9,14,81.1718,14,구암동,789,27230,,,
부영5차,2003,10940,2009,9,14,81.1718,12,구암동,789,27230,,,
부영5차,2003,10940,2009,9,14,81.1718,9,구암동,789,27230,,,
부영5차,2003,10940,2009,9,14,81.1718,5,구암동,789,27230,,,
부영5차,2003,10831,2009,9,14,81.1718,2,구암동,789,27230,,,
부영5차,2003,10940,2009,9,14,81.1718,19,구암동,789,27230,,,
부영5차,2003,10940,2009,9,14,81.1718,15,구암동,789,27230,,,
부영5차,2003,10940,2009,9,14,81.1718,7,구암동,789,27230,,,
부영5차,2003,10940,2009,9,14,81.1718,4,구암동,789,27230,,,
부영5차,2003,10940,2009,9,14,81.1718,3,구암동,789,27230,,,
부영5차,2003,8240,2009,9,14,59.8488,17,구암동,789,27230,,,
부영5차,2003,8240,2009,9,14,59.8488,15,구암동,789,27230,,,
부영5차,2003,8240,2009,9,14,59.8488,9,구암동,789,27230,,,
부영5차,2003,8240,2009,9,14,59.8488,9,구암동,789,27230,,,
부영5차,2003,8240,2009,9,14,59.8488,5,구암동,789,27230,,,
부영5차,2003,10940,2009,9,14,81.1718,4,구암동,789,27230,,,
부영5차,2003,10940,2009,9,14,81.1718,10,구암동,789,27230,,,
부영5차,2003,8240,2009,9,14,59.8488,13,구암동,789,27230,,,
부영5차,2003,8240,2009,9,14,59.8488,13,구암동,789,27230,,,
부영5차,2003,8240,2009,9,14,59.8488,10,구암동,789,27230,,,
부영5차,2003,8240,2009,9,14,59.8488,8,구암동,789,27230,,,
부영5차,2003,8240,2009,9,14,59.8488,7,구암동,789,27230,,,
부영5차,2003,8240,2009,9,14,59.8488,3,구암동,789,27230,,,
부영5차,2003,10940,2009,9,14,81.1718,17,구암동,789,27230,,,
부영5차,2003,10940,2009,9,14,81.1718,17,구암동,789,27230,,,
부영5차,2003,10940,2009,9,14,81.1718,14,구암동,789,27230,,,
부영5차,2003,10940,2009,9,14,81.1718,14,구암동,789,27230,,,
부영5차,2003,10940,2009,9,14,81.1718,13,구암동,789,27230,,,
부영5차,2003,10940,2009,9,14,81.1718,12,구암동,789,27230,,,
부영5차,2003,10940,2009,9,14,81.1718,3,구암동,789,27230,,,
부영5차,2003,10721,2009,9,14,81.1718,1,구암동,789,27230,,,
부영5차,2003,8240,2009,9,14,59.8488,8,구암동,789,27230,,,
부영5차,2003,8240,2009,9,14,59.8488,4,구암동,789,27230,,,
부영7차,2003,10741,2009,9,14,81.1718,1,구암동,789-2,27230,,,
부영7차,2003,10960,2009,9,14,81.1718,12,구암동,789-2,27230,,,
부영7차,2003,10960,2009,9,14,81.1718,3,구암동,789-2,27230,,,
부영7차,2003,10960,2009,9,14,81.1718,12,구암동,789-2,27230,,,
부영7차,2003,8260,2009,9,14,59.8488,17,구암동,789-2,27230,,,
부영7차,2003,10960,2009,9,14,81.1718,5,구암동,789-2,27230,,,
부영7차,2003,8260,2009,9,14,59.8488,18,구암동,789-2,27230,,,
부영7차,2003,8260,2009,9,14,59.8488,3,구암동,789-2,27230,,,
부영7차,2003,8260,2009,9,14,59.8488,12,구암동,789-2,27230,,,
부영7차,2003,8260,2009,9,14,59.8488,8,구암동,789-2,27230,,,
부영7차,2003,10960,2009,9,14,81.1718,4,구암동,789-2,27230,,,
부영7차,2003,10960,2009,9,14,81.1718,13,구암동,789-2,27230,,,
부영7차,2003,10960,2009,9,14,81.1718,12,구암동,789-2,27230,,,
부영7차,2003,10960,2009,9,14,81.1718,5,구암동,789-2,27230,,,
부영7차,2003,10850,2009,9,14,81.1718,2,구암동,789-2,27230,,,
부영7차,2003,10850,2009,9,14,81.1718,2,구암동,789-2,27230,,,
부영7차,2003,10960,2009,9,14,81.1718,16,구암동,789-2,27230,,,
부영7차,2003,10960,2009,9,14,81.1718,7,구암동,789-2,27230,,,
부영7차,2003,10960,2009,9,14,81.1718,5,구암동,789-2,27230,,,
부영7차,2003,10960,2009,9,14,81.1718,3,구암동,789-2,27230,,,
부영7차,2003,10850,2009,9,14,81.1718,2,구암동,789-2,27230,,,
부영7차,2003,8260,2009,9,14,59.8488,18,구암동,789-2,27230,,,
부영7차,2003,8260,2009,9,14,59.8488,15,구암동,789-2,27230,,,
부영7차,2003,8260,2009,9,14,59.8488,13,구암동,789-2,27230,,,
부영7차,2003,8260,2009,9,14,59.8488,3,구암동,789-2,27230,,,
부영7차,2003,10960,2009,9,14,81.1718,12,구암동,789-2,27230,,,
부영7차,2003,10960,2009,9,14,81.1718,9,구암동,789-2,27230,,,
부영7차,2003,10960,2009,9,14,81.1718,7,구암동,789-2,27230,,,
부영7차,2003,10960,2009,9,14,81.1718,4,구암동,789-2,27230,,,
부영7차,2003,10960,2009,9,14,81.1718,3,구암동,789-2,27230,,,
부영7차,2003,10960,2009,9,14,81.1718,11,구암동,789-2,27230,,,
부영7차,2003,10850,2009,9,14,81.1718,2,구암동,789-2,27230,,,
부영7차,2003,8260,2009,9,14,59.8488,13,구암동,789-2,27230,,,
부영7차,2003,8260,2009,9,14,59.8488,11,구암동,789-2,27230,,,
부영7차,2003,8260,2009,9,14,59.8488,9,구암동,789-2,27230,,,
부영7차,2003,8177,2009,9,14,59.8488,2,구암동,789-2,27230,,,
부영7차,2003,10960,2009,9,14,81.1718,14,구암동,789-2,27230,,,
부영7차,2003,10960,2009,9,14,81.1718,16,구암동,789-2,27230,,,
부영7차,2003,10960,2009,9,14,81.1718,4,구암동,789-2,27230,,,
부영그린타운(2단지),2003,10200,2009,9,14,59.8488,5,동천동,914,27230,,,
삼정그린코아,2005,17500,2009,9,14,84.78,12,침산동,101-1,27230,,,
삼진목화,1991,5200,2009,9,14,58.44,8,읍내동,1060,27230,,,
서변청아람,2003,9500,2009,9,14,59.8902,6,서변동,1724,27230,,,
성광우방타운,1996,10300,2009,9,14,59.9,6,칠성동2가,127,27230,,,
영남네오빌아트,2004,18500,2009,9,14,84.8526,5,동천동,913,27230,,,
유니버시아드선수촌2단지,2003,14370,2009,9,14,83.4706,6,동변동,682,27230,,,
칠곡목련,1987,8470,2009,9,14,50.22,2,읍내동,1171,27230,,,
칠곡한서타운,1995,10200,2009,9,14,84.97,7,읍내동,1234-7,27230,,,
칠곡한양2,1993,9350,2009,9,14,84.945,3,관음동,1370,27230,,,
칠곡화성타운2차,1995,7400,2009,9,14,59.99,1,동천동,880-3,27230,,,
침산1차푸르지오(2-5),2005,23800,2009,9,14,84.98,8,칠성동2가,2-5,27230,,,
침산쌍용,1999,23000,2009,9,14,134.92,7,침산동,400-1,27230,,,
코스모스한양,1993,7700,2009,9,14,59.82,9,읍내동,1366-3,27230,,,
코오롱하늘채2단지,2006,25500,2009,9,14,84.799,17,침산동,105-1,27230,,,
화성센트럴파크,2003,11650,2009,9,14,59.963,1,동천동,950,27230,,,
강북화성파크드림,2007,20300,2009,9,15,84.9272,1,태전동,420-5,27230,,,
건영하이츠,2002,14350,2009,9,15,76.056,19,침산동,296-1,27230,,,
그린빌2차,2001,10870,2009,9,15,59.42,10,구암동,772,27230,,,
노원휴먼프라자,2002,11000,2009,9,15,84.82,11,노원동3가,1022,27230,,,
대한동아무지개,1999,19500,2009,9,15,134.86,9,침산동,372-3,27230,,,
대현e-편한세상,2008,22000,2009,9,15,84.7511,2,대현동,521,27230,,,
대현e-편한세상,2008,22000,2009,9,15,84.7511,2,대현동,521,27230,,,
대현e-편한세상,2008,22500,2009,9,15,84.9744,4,대현동,521,27230,,,
부영3차,2002,8150,2009,9,15,60.2153,14,구암동,787-3,27230,,,
부영3차,2002,10682,2009,9,15,81.1563,1,구암동,787-3,27230,,,
부영5차,2003,11500,2009,9,15,81.1718,14,구암동,789,27230,,,
부영6차,2002,8170,2009,9,15,60.2153,10,구암동,789-1,27230,,,
부영6차,2002,8170,2009,9,15,60.2153,4,구암동,789-1,27230,,,
부영6차,2002,8170,2009,9,15,60.2153,15,구암동,789-1,27230,,,
부영그린타운(2단지),2003,17000,2009,9,15,81.1718,17,동천동,914,27230,,,
산격대우,1999,16100,2009,9,15,84.96,2,산격동,500-1,27230,,,
삼성,1995,18000,2009,9,15,132.99,16,칠성동2가,378-4,27230,,,
서변청아람,2003,10658,2009,9,15,84.8212,4,서변동,1724,27230,,,
서변청아람,2003,7556,2009,9,15,59.938,1,서변동,1724,27230,,,
서변청아람,2003,7528,2009,9,15,59.9476,2,서변동,1724,27230,,,
서변청아람,2003,6990,2009,9,15,49.6832,14,서변동,1724,27230,,,
서변청아람,2003,7724,2009,9,15,59.9476,5,서변동,1724,27230,,,
서변청아람,2003,10658,2009,9,15,84.8212,4,서변동,1724,27230,,,
서변청아람,2003,10430,2009,9,15,84.8212,1,서변동,1724,27230,,,
서변청아람,2003,10430,2009,9,15,84.8212,1,서변동,1724,27230,,,
서변청아람,2003,7412,2009,9,15,59.9476,1,서변동,1724,27230,,,
서변청아람,2003,10532,2009,9,15,84.8212,1,서변동,1724,27230,,,
서변청아람,2003,7350,2009,9,15,49.6832,13,서변동,1724,27230,,,
선학맨션,1992,11500,2009,9,15,84.82,5,침산동,341-3,27230,,,
영남네오빌아트,2004,30000,2009,9,15,124.8396,5,동천동,913,27230,,,
옥석타운,1996,8050,2009,9,15,51.87,15,침산동,286-1,27230,,,
유니버시아드선수촌2단지,2003,12000,2009,9,15,73.2815,1,동변동,682,27230,,,
주공그린빌8,2002,7300,2009,9,15,46.2,12,동변동,679,27230,,,
칠곡1차한라하우젠트,2007,27700,2009,9,15,112.1791,17,학정동,980,27230,,,
칠곡동화타운,2000,8400,2009,9,15,59.9037,2,관음동,1383-1,27230,,,
칠곡우방,1998,10350,2009,9,15,84.93,14,읍내동,533,27230,,,
칠곡한양2,1993,6780,2009,9,15,59.82,5,관음동,1370,27230,,,
침산1차푸르지오(2-2),2005,36900,2009,9,15,112.11,26,칠성동2가,2-2,27230,,,
침산3차푸르지오,2004,19000,2009,9,15,78.7433,11,침산동,252-2,27230,,,
침산동서,1997,13800,2009,9,15,84.985,4,침산동,368-1,27230,,,
화성리버파크1,2003,15900,2009,9,15,84.9318,12,서변동,1775,27230,,,
화성파크드림와이드,2008,21350,2009,9,15,84.9898,2,태전동,198,27230,,,
그린빌3차,2000,7780,2009,9,16,49.71,6,구암동,786,27230,,,
그린빌6단지,2002,8050,2009,9,16,51.49,4,국우동,1080,27230,,,
노원보성,1999,9200,2009,9,16,59.985,15,노원동2가,246,27230,,,
노원보성,1999,13400,2009,9,16,85,2,노원동2가,246,27230,,,
동서리치모아,2003,11800,2009,9,16,84.9655,1,서변동,1772,27230,,,
두산청구,1999,8400,2009,9,16,60,19,팔달동,52,27230,,,
롯데,1993,13500,2009,9,16,112.56,11,태전동,936,27230,,,
보성서한타운,1995,5800,2009,9,16,42.68,6,동천동,872,27230,,,
복현대백맨션,1996,12300,2009,9,16,84.99,2,복현동,539-111,27230,,,
부영3차,2002,10900,2009,9,16,81.1563,13,구암동,787-3,27230,,,
부영5차,2003,8600,2009,9,16,59.8488,8,구암동,789,27230,,,
우방타운,1992,9500,2009,9,16,84.995,6,태전동,169-2,27230,,,
유니버시아드선수촌2단지,2003,10669,2009,9,16,83.4919,8,동변동,682,27230,,,
유니버시아드선수촌2단지,2003,10609,2009,9,16,83.4919,5,동변동,682,27230,,,
청구타운,1995,9850,2009,9,16,59.99,10,침산동,431-2,27230,,,
칠곡3차보성,1997,7600,2009,9,16,59.98,13,읍내동,430,27230,,,
칠곡3차보성,1997,18400,2009,9,16,134.98,10,읍내동,430,27230,,,
칠곡3화성타운,1999,16400,2009,9,16,84.96,8,동천동,915,27230,,,
칠곡네스빌,2004,17250,2009,9,16,84.5826,4,동천동,890,27230,,,
칠곡에덴타운,1993,11950,2009,9,16,84.96,13,태전동,997-1,27230,,,
칠곡우방,1998,10100,2009,9,16,84.93,4,읍내동,533,27230,,,
칠곡한라타운2,1995,7900,2009,9,16,59.7,11,구암동,695,27230,,,
칠곡한서타운,1995,7230,2009,9,16,59.85,13,읍내동,1234-7,27230,,,
칠곡한양2,1993,8950,2009,9,16,84.945,1,관음동,1370,27230,,,
한일,1998,9600,2009,9,16,84.96,20,태전동,205-14,27230,,,
한일,1998,8100,2009,9,16,59.835,15,태전동,205-14,27230,,,
화성리버파크2,2003,17400,2009,9,16,125.0274,3,서변동,1793,27230,,,
화성센트럴파크,2003,19400,2009,9,16,84.9823,8,동천동,950,27230,,,
화성센트럴파크,2003,19700,2009,9,16,84.9823,13,동천동,950,27230,,,
화성센트럴파크,2003,18500,2009,9,16,84.987,1,동천동,950,27230,,,
강북화성파크드림,2007,30900,2009,9,17,128.2446,8,태전동,420-5,27230,,,
공작한양,1993,11700,2009,9,17,101.9,4,읍내동,1366-1,27230,,,
그린빌1차,1999,8550,2009,9,17,59.39,13,국우동,1110,27230,,,
그린빌3차,2000,7900,2009,9,17,49.71,8,구암동,786,27230,,,
그린빌3차,2000,7500,2009,9,17,49.71,14,구암동,786,27230,,,
그린빌4차,2001,10900,2009,9,17,59.83,8,구암동,788,27230,,,
그린빌6단지,2002,8500,2009,9,17,51.49,5,국우동,1080,27230,,,
금성,1981,7250,2009,9,17,42.5,2,칠성동2가,403-15,27230,,,
대현e-편한세상,2008,22500,2009,9,17,84.9744,3,대현동,521,27230,,,
대현e-편한세상,2008,22500,2009,9,17,84.9744,4,대현동,521,27230,,,
동아침산2무지개,1999,22500,2009,9,17,134.86,5,침산동,233-3,27230,,,
두산청구,1999,8500,2009,9,17,60,13,팔달동,52,27230,,,
명성푸르지오,2006,36000,2009,9,17,140.71,15,침산동,269-10,27230,,,
명성푸르지오,2006,25000,2009,9,17,100.72,23,침산동,269-10,27230,,,
명성푸르지오,2006,26700,2009,9,17,113.2,41,침산동,269-10,27230,,,
부영7차,2003,8650,2009,9,17,59.8488,12,구암동,789-2,27230,,,
선진(464-11),2003,12400,2009,9,17,83.256,5,복현동,464-11,27230,,,
유니버시아드선수촌1단지,2003,18880,2009,9,17,109.9002,6,동변동,697,27230,,,
유성청구,1992,3800,2009,9,17,35.1,3,검단동,887-8,27230,,,
칠곡3화성타운,1999,10700,2009,9,17,59.91,7,동천동,915,27230,,,
칠곡한양2,1993,6850,2009,9,17,59.82,13,관음동,1370,27230,,,
화성센트럴파크,2003,12450,2009,9,17,59.9402,2,동천동,950,27230,,,
화성센트럴파크,2003,11300,2009,9,17,59.963,1,동천동,950,27230,,,
그린빌4차,2001,10450,2009,9,18,59.83,6,구암동,788,27230,,,
노원동화타운,1998,7500,2009,9,18,59.82,11,노원동2가,44,27230,,,
동아침산2무지개,1999,12700,2009,9,18,59.76,12,침산동,233-3,27230,,,
명성푸르지오,2006,32900,2009,9,18,126.72,20,침산동,269-10,27230,,,
복현서한이다음,1996,12600,2009,9,18,84.97,13,복현동,539-110,27230,,,
부영3차,2002,8150,2009,9,18,60.2153,17,구암동,787-3,27230,,,
부영5차,2003,12700,2009,9,18,81.1718,2,구암동,789,27230,,,
부영5차,2003,14250,2009,9,18,81.1718,14,구암동,789,27230,,,
부영6차,2002,8400,2009,9,18,60.2153,1,구암동,789-1,27230,,,
부영6차,2002,11700,2009,9,18,81.1563,12,구암동,789-1,27230,,,
삼성,1994,13500,2009,9,18,133.35,1,태전동,608-5,27230,,,
삼우그린,1996,6500,2009,9,18,59.96,1,매천동,595-2,27230,,,
선학맨션,1992,12800,2009,9,18,84.82,13,침산동,341-3,27230,,,
유니버시아드선수촌2단지,2003,9450,2009,9,18,59.969,11,동변동,682,27230,,,
유니버시아드선수촌2단지,2003,11300,2009,9,18,83.4706,7,동변동,682,27230,,,
칠곡한신1,1992,12300,2009,9,18,95.34,6,관음동,1370-1,27230,,,
침산동서,1997,6500,2009,9,18,39.87,7,침산동,368-1,27230,,,
코오롱하늘채2단지,2006,38620,2009,9,18,178.6726,11,침산동,105-1,27230,,,
화성리버파크2,2003,10860,2009,9,18,59.9654,10,서변동,1793,27230,,,
그린빌2차,2001,15000,2009,9,19,84.34,5,구암동,772,27230,,,
그린빌4차,2001,9980,2009,9,19,59.83,3,구암동,788,27230,,,
동서리치모아,2003,13500,2009,9,19,84.9655,1,서변동,1772,27230,,,
동서변월드메르디앙,2005,19100,2009,9,19,84.97,12,서변동,1795,27230,,,
동화훼밀리타운,2003,14900,2009,9,19,84.7044,3,관음동,1386,27230,,,
두성타운,1992,6270,2009,9,19,67.92,1,태전동,256-1,27230,,,
롯데캐슬오페라,2005,16500,2009,9,19,76.94,1,침산동,213-1,27230,,,
부영3차,2002,12000,2009,9,19,81.1563,1,구암동,787-3,27230,,,
은하,1980,6000,2009,9,19,70.09,4,복현동,472-2,27230,,,
주공그린빌8,2002,12000,2009,9,19,71.43,7,동변동,679,27230,,,
중석타운,1995,7250,2009,9,19,59.88,5,태전동,695,27230,,,
칠곡2차한라하우젠트,2007,18900,2009,9,19,84.9803,3,학정동,982,27230,,,
칠곡3차보성,1997,7800,2009,9,19,59.98,3,읍내동,430,27230,,,
칠곡3화성타운,1999,15500,2009,9,19,84.8,16,동천동,915,27230,,,
칠곡동서영남,1995,8150,2009,9,19,59.84,7,구암동,695-1,27230,,,
칠곡동화타운,2000,9800,2009,9,19,59.9644,11,관음동,1383-1,27230,,,
칠곡미래타운,1995,12800,2009,9,19,84.99,10,구암동,655-4,27230,,,
칠곡우방하이츠,1999,10000,2009,9,19,59.96,13,동천동,889,27230,,,
칠곡한양2,1993,5100,2009,9,19,41.265,11,관음동,1370,27230,,,
침산1차푸르지오(2-5),2005,23900,2009,9,19,96.88,3,칠성동2가,2-5,27230,,,
침산동서,1997,14400,2009,9,19,84.98,9,침산동,368-1,27230,,,
한일,1998,8400,2009,9,19,59.76,4,태전동,205-14,27230,,,
화성그랜드파크,2003,19700,2009,9,19,84.9823,9,구암동,785,27230,,,
화성센트럴파크,2003,13000,2009,9,19,59.963,11,동천동,950,27230,,,
동서변월드메르디앙,2005,11500,2009,9,20,59.96,2,서변동,1795,27230,,,
산호한양,1993,6850,2009,9,20,59.82,10,읍내동,1351,27230,,,
삼성,1995,11300,2009,9,20,59.586,8,칠성동2가,378-4,27230,,,
은성강변타운,2003,10350,2009,9,20,84.68,8,침산동,653,27230,,,
칠곡1차한라하우젠트,2007,18000,2009,9,20,84.9692,2,학정동,980,27230,,,
칠곡동서영남,1995,7280,2009,9,20,59.84,1,구암동,695-1,27230,,,
칠곡미래타운,1995,8300,2009,9,20,84.99,1,구암동,655-4,27230,,,
화성그랜드파크,2003,18500,2009,9,20,84.987,5,구암동,785,27230,,,
강북화성파크드림,2007,21500,2009,9,21,84.9272,5,태전동,420-5,27230,,,
대현e-편한세상,2008,21800,2009,9,21,84.7511,2,대현동,521,27230,,,
대현뜨란채,2006,17350,2009,9,21,84.95,3,대현동,527,27230,,,
대현뜨란채,2006,17000,2009,9,21,84.95,1,대현동,527,27230,,,
대현뜨란채,2006,15200,2009,9,21,75.78,1,대현동,527,27230,,,
동서리치모아,2003,14600,2009,9,21,116.2842,2,서변동,1772,27230,,,
동서리치모아,2003,13750,2009,9,21,84.9655,12,서변동,1772,27230,,,
동서변리벤빌,2005,14000,2009,9,21,84.9286,12,서변동,1769,27230,,,
동아침산2무지개,1999,15100,2009,9,21,84.74,4,침산동,233-3,27230,,,
명성푸르지오,2006,26950,2009,9,21,113.2,12,침산동,269-10,27230,,,
복현대백맨션,1996,9500,2009,9,21,59.94,16,복현동,539-111,27230,,,
부영7차,2003,14300,2009,9,21,81.1718,15,구암동,789-2,27230,,,
성광우방타운,1996,10400,2009,9,21,59.9,5,칠성동2가,127,27230,,,
유니버시아드선수촌2단지,2003,11500,2009,9,21,73.2815,2,동변동,682,27230,,,
칠곡동서영남,1995,8100,2009,9,21,59.84,9,구암동,695-1,27230,,,
칠곡보성,1992,11200,2009,9,21,84.98,2,읍내동,1366-2,27230,,,
칠곡우방,1998,10750,2009,9,21,84.93,12,읍내동,533,27230,,,
칠곡한양2,1993,6300,2009,9,21,59.82,1,관음동,1370,27230,,,
침산화성2,1999,10450,2009,9,21,59.91,3,침산동,123-1,27230,,,
침산화성타운,1998,18000,2009,9,21,134.89,11,침산동,117-3,27230,,,
화성그랜드파크,2003,19000,2009,9,21,84.987,7,구암동,785,27230,,,
화성그랜드파크,2003,18200,2009,9,21,84.987,8,구암동,785,27230,,,
그린빌2차,2001,15950,2009,9,22,84.34,11,구암동,772,27230,,,
그린빌6단지,2002,8300,2009,9,22,51.49,7,국우동,1080,27230,,,
금빛타운,1995,12000,2009,9,22,84.99,2,구암동,655,27230,,,
대현e-편한세상,2008,22500,2009,9,22,84.9744,3,대현동,521,27230,,,
동서변월드메르디앙,2005,21100,2009,9,22,105.09,14,서변동,1795,27230,,,
동아침산2무지개,1999,16400,2009,9,22,84.74,9,침산동,233-3,27230,,,
두산청구,1999,18200,2009,9,22,134.645,8,팔달동,52,27230,,,
롯데캐슬오페라,2005,20000,2009,9,22,84.91,14,침산동,213-1,27230,,,
명성푸르지오,2006,31700,2009,9,22,126.72,5,침산동,269-10,27230,,,
미진타운,1993,9300,2009,9,22,84.94,8,태전동,1075-10,27230,,,
부영6차,2002,8700,2009,9,22,60.2153,11,구암동,789-1,27230,,,
산격보성,1980,5350,2009,9,22,40.09,3,산격동,493,27230,,,
삼주,1979,8500,2009,9,22,61.98,11,침산동,101-3,27230,,,
월성로얄하이츠,2002,12750,2009,9,22,84.7432,7,칠성동2가,302-136,27230,,,
칠곡에덴타운,1993,10350,2009,9,22,84.96,9,태전동,997-1,27230,,,
협화맨션,1992,9250,2009,9,22,84.97,7,태전동,881-3,27230,,,
화성센트럴파크,2003,18800,2009,9,22,84.9823,6,동천동,950,27230,,,
화성센트럴파크,2003,12800,2009,9,22,59.9402,2,동천동,950,27230,,,
금빛타운,1995,12500,2009,9,23,84.99,3,구암동,655,27230,,,
대현e-편한세상,2008,22500,2009,9,23,84.9744,3,대현동,521,27230,,,
동서리치모아,2003,12950,2009,9,23,84.9655,10,서변동,1772,27230,,,
동아침산2무지개,1999,11900,2009,9,23,59.76,4,침산동,233-3,27230,,,
두성타운,1992,6300,2009,9,23,67.92,2,태전동,256-1,27230,,,
명성푸르지오,2006,26500,2009,9,23,113.2,31,침산동,269-10,27230,,,
영남네오빌아트,2004,20800,2009,9,23,84.8526,5,동천동,913,27230,,,
유니버시아드선수촌1단지,2003,19700,2009,9,23,109.8776,3,동변동,697,27230,,,
중석타운,1995,11800,2009,9,23,84.84,8,태전동,695,27230,,,
칠곡3차보성,1997,11400,2009,9,23,84.99,7,읍내동,430,27230,,,
칠곡3화성타운,1999,13800,2009,9,23,84.8,6,동천동,915,27230,,,
칠곡동화타운,2000,8500,2009,9,23,59.9037,12,관음동,1383-1,27230,,,
칠곡동화타운,2000,9000,2009,9,23,59.9037,6,관음동,1383-1,27230,,,
칠곡미래타운,1995,11325,2009,9,23,84.99,1,구암동,655-4,27230,,,
칠곡에덴타운,1993,8080,2009,9,23,60,8,태전동,997-1,27230,,,
칠곡한라타운2,1995,8000,2009,9,23,59.7,11,구암동,695,27230,,,
코오롱하늘채1단지,2006,22800,2009,9,23,84.9749,11,침산동,105-73,27230,,,
화성센트럴파크,2003,13300,2009,9,23,59.963,9,동천동,950,27230,,,
고성동광명,1982,7000,2009,9,24,57.71,5,고성동3가,5-139,27230,,,
금빛타운,1995,10900,2009,9,24,84.99,2,구암동,655,27230,,,
대백인터빌,2002,20300,2009,9,24,134.85,9,팔달동,145,27230,,,
동서변리벤빌,2005,15750,2009,9,24,84.9286,7,서변동,1769,27230,,,
부영3차,2002,8600,2009,9,24,60.2153,5,구암동,787-3,27230,,,
산호한양,1993,3950,2009,9,24,36.18,1,읍내동,1351,27230,,,
칠곡3화성타운,1999,11800,2009,9,24,59.91,13,동천동,915,27230,,,
칠곡동서영남,1995,10200,2009,9,24,70.33,14,구암동,695-1,27230,,,
칠곡한서타운,1995,9300,2009,9,24,84.97,10,읍내동,1234-7,27230,,,
칠곡현대아파트,1999,11500,2009,9,24,77.047,8,국우동,1110-3,27230,,,
침산태왕리더스,2005,18500,2009,9,24,84.99,11,침산동,443-2,27230,,,
침산태왕리더스,2005,17100,2009,9,24,84.99,6,침산동,443-2,27230,,,
코스모스한양,1993,7480,2009,9,24,59.82,13,읍내동,1366-3,27230,,,
한라,1980,6900,2009,9,24,70.4,5,복현동,79,27230,,,
화성센트럴파크,2003,12300,2009,9,24,59.963,15,동천동,950,27230,,,
강북화성파크드림,2007,20850,2009,9,25,84.985,13,태전동,420-5,27230,,,
그린빌1차,1999,7450,2009,9,25,59.39,3,국우동,1110,27230,,,
그린빌4차,2001,10800,2009,9,25,59.83,15,구암동,788,27230,,,
그린빌4차,2001,9800,2009,9,25,59.83,4,구암동,788,27230,,,
그린빌4차,2001,10450,2009,9,25,59.83,11,구암동,788,27230,,,
대한동아무지개,1999,13000,2009,9,25,84.74,6,침산동,372-3,27230,,,
대한동아무지개,1999,11750,2009,9,25,59.76,14,침산동,372-3,27230,,,
롯데캐슬오페라,2005,20500,2009,9,25,84.91,12,침산동,213-1,27230,,,
매천센트럴파크,2008,18800,2009,9,25,84.58,12,매천동,741,27230,,,
부영3차,2002,8150,2009,9,25,60.2153,8,구암동,787-3,27230,,,
부영3차,2002,8150,2009,9,25,60.2153,7,구암동,787-3,27230,,,
부영6차,2002,8170,2009,9,25,60.2153,4,구암동,789-1,27230,,,
부영6차,2002,8170,2009,9,25,60.2153,10,구암동,789-1,27230,,,
삼성,1995,14450,2009,9,25,84.63,6,칠성동2가,378-4,27230,,,
서변청아람,2003,7300,2009,9,25,49.6832,14,서변동,1724,27230,,,
서변청아람,2003,7250,2009,9,25,49.6832,9,서변동,1724,27230,,,
칠곡건영,2001,8900,2009,9,25,59.715,7,구암동,695-2,27230,,,
칠곡관음타운,1995,7000,2009,9,25,59.78,14,태전동,1065-1,27230,,,
칠곡동화타운,2000,9050,2009,9,25,59.9037,11,관음동,1383-1,27230,,,
칠곡한양2,1993,9800,2009,9,25,84.945,7,관음동,1370,27230,,,
현대2,1993,8600,2009,9,25,84.78,4,읍내동,1351-1,27230,,,
그린빌2차,2001,11170,2009,9,26,59.42,10,구암동,772,27230,,,
대한동아무지개,1999,10400,2009,9,26,59.76,8,침산동,372-3,27230,,,
롯데,1993,9400,2009,9,26,84.99,6,태전동,936,27230,,,
삼성,1995,11500,2009,9,26,59.586,3,칠성동2가,378-4,27230,,,
영남네오빌블루,2003,14600,2009,9,26,84.7804,6,서변동,1766,27230,,,
유니버시아드선수촌2단지,2003,12500,2009,9,26,83.4706,15,동변동,682,27230,,,
칠곡1차한라하우젠트,2007,18900,2009,9,26,78.5172,12,학정동,980,27230,,,
칠곡2영남타운,1996,7570,2009,9,26,56.93,3,동천동,880-1,27230,,,
칠곡대백맨션,1993,10200,2009,9,26,84.92,9,태전동,1066,27230,,,
칠곡한라타운2,1995,7300,2009,9,26,59.94,2,구암동,695,27230,,,
칠곡한양2,1993,12500,2009,9,26,84.945,7,관음동,1370,27230,,,
침산쌍용,1999,12100,2009,9,26,59.84,9,침산동,400-1,27230,,,
침산태왕리더스,2005,16900,2009,9,26,84.99,4,침산동,443-2,27230,,,
태왕아너스복현,2006,18500,2009,9,26,84.996,11,복현동,190-1,27230,,,
현대,1993,12000,2009,9,26,96.63,4,태전동,997,27230,,,
고성동광명,1982,8900,2009,9,27,66.935,2,고성동3가,5-139,27230,,,
그린빌2차,2001,15850,2009,9,27,84.34,14,구암동,772,27230,,,
그린빌3차,2000,7650,2009,9,27,49.71,3,구암동,786,27230,,,
그린빌4차,2001,10900,2009,9,27,59.83,11,구암동,788,27230,,,
그린빌6단지,2002,9000,2009,9,27,51.95,11,국우동,1080,27230,,,
롯데,1993,9670,2009,9,27,84.99,11,태전동,936,27230,,,
롯데캐슬오페라,2005,17500,2009,9,27,76.94,15,침산동,213-1,27230,,,
영남네오빌아트,2004,18800,2009,9,27,84.8526,4,동천동,913,27230,,,
유성청구,1992,5800,2009,9,27,47.85,13,검단동,887-8,27230,,,
칠곡네스빌,2004,26700,2009,9,27,120.7318,18,동천동,890,27230,,,
칠곡대백맨션,1993,9600,2009,9,27,84.92,20,태전동,1066,27230,,,
한일,1998,8800,2009,9,27,59.76,18,태전동,205-14,27230,,,
그린빌1차,1999,6750,2009,9,28,49.57,19,국우동,1110,27230,,,
동아침산2무지개,1999,12900,2009,9,28,59.76,12,침산동,233-3,27230,,,
두산청구,1999,6150,2009,9,28,45,7,팔달동,52,27230,,,
두성타운,1992,7000,2009,9,28,67.92,13,태전동,256-1,27230,,,
롯데,1993,7300,2009,9,28,84.99,6,태전동,936,27230,,,
복현화성,1999,13800,2009,9,28,85,8,복현동,539-1,27230,,,
부영3차,2002,8150,2009,9,28,60.2153,9,구암동,787-3,27230,,,
부영3차,2002,8700,2009,9,28,60.2153,14,구암동,787-3,27230,,,
부영5차,2003,11500,2009,9,28,81.1718,8,구암동,789,27230,,,
부영5차,2003,11500,2009,9,28,81.1718,16,구암동,789,27230,,,
부영6차,2002,8700,2009,9,28,60.2153,15,구암동,789-1,27230,,,
부영6차,2002,8700,2009,9,28,60.2153,4,구암동,789-1,27230,,,
서변청아람,2003,11300,2009,9,28,84.8212,8,서변동,1724,27230,,,
주공그린빌8,2002,11100,2009,9,28,71.43,10,동변동,679,27230,,,
칠곡동서영남,1995,8220,2009,9,28,59.84,13,구암동,695-1,27230,,,
칠곡목련,1987,8550,2009,9,28,50.22,2,읍내동,1171,27230,,,
침산태왕리더스,2005,19000,2009,9,28,84.99,15,침산동,443-2,27230,,,
코오롱하늘채2단지,2006,24900,2009,9,28,84.9749,11,침산동,105-1,27230,,,
코오롱하늘채2단지,2006,36000,2009,9,28,134.1855,10,침산동,105-1,27230,,,
코오롱하늘채2단지,2006,31000,2009,9,28,106.382,18,침산동,105-1,27230,,,
태전3우방타운,1999,12500,2009,9,28,84.97,11,태전동,442,27230,,,
화성그랜드파크,2003,23900,2009,9,28,110.4038,15,구암동,785,27230,,,
화성그랜드파크,2003,18200,2009,9,28,84.9823,11,구암동,785,27230,,,
건영하이츠,2002,11780,2009,9,29,59.961,7,침산동,296-1,27230,,,
공작한양,1993,11400,2009,9,29,101.9,3,읍내동,1366-1,27230,,,
그린빌1차,1999,8000,2009,9,29,59.39,10,국우동,1110,27230,,,
그린빌2차,2001,15500,2009,9,29,84.34,18,구암동,772,27230,,,
그린빌3차,2000,6680,2009,9,29,39.77,14,구암동,786,27230,,,
그린빌3차,2000,7800,2009,9,29,49.71,12,구암동,786,27230,,,
그린빌4차,2001,9900,2009,9,29,59.83,4,구암동,788,27230,,,
대현e-편한세상,2008,38500,2009,9,29,151.5922,20,대현동,521,27230,,,
대현e-편한세상,2008,22500,2009,9,29,84.7511,3,대현동,521,27230,,,
대현e-편한세상,2008,35700,2009,9,29,128.2637,15,대현동,521,27230,,,
동아침산2무지개,1999,11800,2009,9,29,59.76,9,침산동,233-3,27230,,,
매천센트럴파크,2008,16960,2009,9,29,84.58,1,매천동,741,27230,,,
복현우방타운,1997,5900,2009,9,29,35.7,5,복현동,260,27230,,,
부영5차,2003,12000,2009,9,29,81.1718,13,구암동,789,27230,,,
부영6차,2002,9600,2009,9,29,60.2153,9,구암동,789-1,27230,,,
서변청아람,2003,11200,2009,9,29,84.8212,6,서변동,1724,27230,,,
주공그린빌8,2002,9700,2009,9,29,59.83,10,동변동,679,27230,,,
칠곡2영남타운,1996,5100,2009,9,29,39.96,3,동천동,880-1,27230,,,
침산메트로,2003,14000,2009,9,29,84.9914,12,침산동,430-2,27230,,,
현대,1996,13250,2009,9,29,84.9425,10,침산동,341-1,27230,,,
현대맨션,1992,10800,2009,9,29,84.975,7,복현동,76-1,27230,,,
광영,1980,2800,2009,9,30,43.98,1,노원동2가,203,27230,,,
대백2,1995,16000,2009,9,30,117.365,17,태전동,1066-23,27230,,,
복현청구타운,1996,20950,2009,9,30,134.99,17,복현동,539-113,27230,,,
성창,1987,3250,2009,9,30,42.95,1,관음동,603,27230,,,
제일,1993,8300,2009,9,30,59.88,11,침산동,369-2,27230,,,
중석타운,1995,7400,2009,9,30,59.88,14,태전동,695,27230,,,
칠곡네스빌,2004,18250,2009,9,30,84.5826,14,동천동,890,27230,,,
칠곡한서타운,1995,7500,2009,9,30,59.85,11,읍내동,1234-7,27230,,,
평안맨션,1995,6600,2009,9,30,59.88,7,태전동,205-1,27230,,,
화성그랜드파크,2003,18400,2009,9,30,84.987,5,구암동,785,27230,,,
화성파크드림와이드,2008,20000,2009,9,30,84.9757,8,태전동,198,27230,,,
화성파크드림와이드,2008,21350,2009,9,30,84.9898,2,태전동,198,27230,,,
